timestamp,open,high,low,close,volume
2019-11-14 16:00:00,8643.58,8670.0,8630.67,8649.02,3241.954758
2019-11-14 20:00:00,8649.0,8684.98,8644.74,8646.68,2711.080224
2019-11-15 00:00:00,8646.38,8659.41,8517.0,8558.15,8022.080241
2019-11-15 04:00:00,8558.13,8610.97,8531.61,8574.77,4807.021967
2019-11-15 08:00:00,8574.76,8790.0,8569.98,8630.54,11512.064104
2019-11-15 12:00:00,8630.5,8689.0,8400.0,8479.88,13749.071661
2019-11-15 16:00:00,8479.45,8498.53,8430.83,8485.57,4862.386536
2019-11-15 20:00:00,8486.08,8532.74,8451.94,8471.73,3134.793242
2019-11-16 00:00:00,8471.62,8490.0,8400.0,8451.13,3989.43896
2019-11-16 04:00:00,8452.26,8508.53,8449.55,8474.82,2984.870027
2019-11-16 08:00:00,8475.34,8543.0,8452.23,8479.03,5391.725184
2019-11-16 12:00:00,8478.79,8526.24,8455.86,8489.4,4740.877815
2019-11-16 16:00:00,8489.47,8502.95,8466.61,8472.29,1986.811608
2019-11-16 20:00:00,8472.3,8492.49,8453.6,8491.02,1808.576158
2019-11-17 00:00:00,8490.74,8519.53,8472.61,8482.02,2745.428938
2019-11-17 04:00:00,8482.01,8491.51,8407.0,8425.81,2550.161207
2019-11-17 08:00:00,8427.3,8591.83,8350.68,8521.26,9178.622522
2019-11-17 12:00:00,8521.26,8574.37,8511.26,8529.99,4195.954814
2019-11-17 16:00:00,8529.52,8567.55,8525.16,8553.19,3285.56964
2019-11-17 20:00:00,8552.96,8635.0,8455.55,8502.4,5053.299961
2019-11-18 00:00:00,8502.87,8503.52,8415.0,8475.78,3934.101512
2019-11-18 04:00:00,8474.69,8492.0,8423.44,8452.03,3342.050582
2019-11-18 08:00:00,8451.23,8499.0,8425.0,8443.77,4889.967337
2019-11-18 12:00:00,8443.9,8465.48,8370.45,8408.99,7832.486142
2019-11-18 16:00:00,8408.99,8437.22,8060.0,8213.95,18244.207568
2019-11-18 20:00:00,8213.42,8246.0,8169.03,8187.17,4774.877799
2019-11-19 00:00:00,8186.5,8218.63,8132.51,8153.23,4233.673014
2019-11-19 04:00:00,8153.23,8171.19,8092.5,8128.06,7945.045623
2019-11-19 08:00:00,8128.06,8179.72,8003.0,8073.88,11607.850983
2019-11-19 12:00:00,8074.42,8123.34,8010.1,8101.43,10327.835144
2019-11-19 16:00:00,8100.63,8156.47,8049.03,8109.63,5827.210142
2019-11-19 20:00:00,8109.69,8165.02,8077.61,8133.64,3614.446119
2019-11-20 00:00:00,8133.83,8158.36,8095.0,8130.37,3956.714623
2019-11-20 04:00:00,8129.72,8148.16,8078.9,8121.47,4111.626602
2019-11-20 08:00:00,8121.47,8134.0,8038.4,8088.41,7001.85608
2019-11-20 12:00:00,8089.06,8160.0,8063.02,8127.68,6237.985325
2019-11-20 16:00:00,8127.32,8264.29,8072.56,8088.62,8090.906234
2019-11-20 20:00:00,8088.61,8116.0,8066.0,8098.01,3067.142116
2019-11-21 00:00:00,8098.56,8134.73,8080.35,8125.98,3108.390183
2019-11-21 04:00:00,8125.2,8129.26,8075.23,8088.58,3579.178553
2019-11-21 08:00:00,8088.29,8095.0,7855.0,7870.66,15756.749306
2019-11-21 12:00:00,7869.66,7920.0,7500.0,7631.44,21931.44529
2019-11-21 16:00:00,7631.43,7669.47,7526.45,7629.81,9436.572384
2019-11-21 20:00:00,7629.8,7660.0,7566.0,7627.74,4606.444545
2019-11-22 00:00:00,7627.79,7692.18,7588.0,7599.85,6375.517725
2019-11-22 04:00:00,7599.77,7632.03,7401.0,7556.41,15206.416534
2019-11-22 08:00:00,7556.4,7750.0,6940.0,7106.71,39080.982991
2019-11-22 12:00:00,7102.88,7159.56,6790.0,7124.35,32203.867129
2019-11-22 16:00:00,7125.22,7350.0,7098.9,7297.91,22880.904558
2019-11-22 20:00:00,7297.91,7378.25,7156.36,7268.23,10855.451322
2019-11-23 00:00:00,7268.23,7292.51,7143.0,7271.94,6274.470552
2019-11-23 04:00:00,7271.94,7300.69,7158.31,7171.3,6814.761646
2019-11-23 08:00:00,7171.3,7215.0,7080.01,7171.92,10769.555343
2019-11-23 12:00:00,7171.92,7333.5,7139.75,7291.2,12248.345665
2019-11-23 16:00:00,7288.96,7344.48,7230.65,7285.68,8789.3909
2019-11-23 20:00:00,7285.56,7326.0,7237.78,7311.57,5553.370649
2019-11-24 00:00:00,7311.1,7330.39,7185.0,7202.05,6155.811574
2019-11-24 04:00:00,7202.04,7231.56,7150.0,7180.14,6396.295382
2019-11-24 08:00:00,7178.99,7271.73,7100.0,7203.04,12244.975055
2019-11-24 12:00:00,7203.39,7205.86,6959.57,6981.27,14570.897411
2019-11-24 16:00:00,6983.23,7113.0,6912.0,7028.78,17389.636223
2019-11-24 20:00:00,7028.78,7087.0,6861.0,6903.28,11132.590838
2019-11-25 00:00:00,6900.23,6941.68,6615.0,6713.49,15635.45411
2019-11-25 04:00:00,6717.21,6730.0,6515.0,6672.01,23746.995646
2019-11-25 08:00:00,6671.7,6988.0,6632.98,6879.02,21370.869439
2019-11-25 12:00:00,6879.02,7285.22,6870.66,7252.95,35324.532652
2019-11-25 16:00:00,7253.25,7377.69,7147.34,7192.7,15259.531553
2019-11-25 20:00:00,7192.87,7241.44,7090.17,7109.57,8308.351797
2019-11-26 00:00:00,7109.99,7245.88,7051.0,7245.85,9114.020501
2019-11-26 04:00:00,7245.83,7340.0,7126.0,7176.35,14093.258483
2019-11-26 08:00:00,7176.32,7270.0,7021.64,7170.52,13992.266553
2019-11-26 12:00:00,7170.41,7220.0,7017.48,7095.34,12427.662823
2019-11-26 16:00:00,7097.48,7149.25,7030.94,7076.69,9467.766836
2019-11-26 20:00:00,7076.96,7178.71,7064.0,7156.14,6627.422494
2019-11-27 00:00:00,7154.75,7177.76,7044.0,7071.27,5949.80268
2019-11-27 04:00:00,7071.66,7120.6,7034.0,7069.4,6983.36576
2019-11-27 08:00:00,7069.4,7168.76,6840.0,7147.74,22439.053561
2019-11-27 12:00:00,7147.85,7366.0,7118.0,7305.58,19760.268074
2019-11-27 16:00:00,7304.22,7654.33,7210.09,7563.81,27234.654703
2019-11-27 20:00:00,7563.85,7655.0,7475.0,7508.52,10085.728712
2019-11-28 00:00:00,7507.9,7569.19,7462.05,7489.17,6345.597259
2019-11-28 04:00:00,7489.07,7544.65,7414.02,7494.57,8731.179285
2019-11-28 08:00:00,7495.99,7541.27,7439.41,7479.54,9718.651098
2019-11-28 12:00:00,7479.08,7640.49,7418.0,7609.28,12754.988511
2019-11-28 16:00:00,7613.67,7643.0,7526.02,7608.44,10182.654031
2019-11-28 20:00:00,7608.01,7622.67,7360.0,7419.49,9200.910925
2019-11-29 00:00:00,7418.52,7517.54,7362.3,7488.05,6757.360131
2019-11-29 04:00:00,7485.11,7533.48,7440.0,7509.14,5061.074333
2019-11-29 08:00:00,7509.14,7600.0,7491.66,7514.24,10905.481497
2019-11-29 12:00:00,7514.23,7830.0,7413.0,7807.99,24302.434601
2019-11-29 16:00:00,7808.06,7850.0,7675.0,7711.93,9282.391198
2019-11-29 20:00:00,7711.9,7767.95,7664.0,7739.68,4436.559113
2019-11-30 00:00:00,7740.99,7770.0,7715.72,7740.22,4492.02906
2019-11-30 04:00:00,7740.24,7763.82,7714.74,7748.92,5203.038105
2019-11-30 08:00:00,7748.92,7810.0,7623.38,7656.21,12521.16931
2019-11-30 12:00:00,7656.23,7717.15,7510.0,7539.4,11142.757725
2019-11-30 16:00:00,7539.33,7613.2,7441.0,7506.4,8760.185421
2019-11-30 20:00:00,7506.4,7561.95,7472.74,7541.89,4870.253998
2019-12-01 00:00:00,7540.63,7541.85,7228.99,7289.06,18185.813109
2019-12-01 04:00:00,7287.0,7347.0,7245.0,7277.44,7514.13701
2019-12-01 08:00:00,7277.45,7390.0,7210.0,7313.8,9742.453845
2019-12-01 12:00:00,7314.98,7477.29,7267.52,7306.22,11621.62032
2019-12-01 16:00:00,7306.21,7362.48,7275.24,7358.39,6278.476207
2019-12-01 20:00:00,7355.83,7436.81,7306.18,7390.89,7426.841822
2019-12-02 00:00:00,7391.5,7420.56,7347.21,7358.84,5248.529579
2019-12-02 04:00:00,7359.36,7375.25,7151.1,7252.96,11147.442105
2019-12-02 08:00:00,7252.96,7369.0,7181.01,7297.91,10249.592649
2019-12-02 12:00:00,7297.91,7358.0,7236.56,7308.76,10086.911126
2019-12-02 16:00:00,7309.32,7330.03,7257.22,7273.98,5030.486828
2019-12-02 20:00:00,7273.29,7350.0,7273.29,7294.28,4567.293753
2019-12-03 00:00:00,7294.42,7400.0,7292.0,7349.18,6266.626153
2019-12-03 04:00:00,7349.5,7357.75,7262.02,7293.83,5351.627715
2019-12-03 08:00:00,7293.15,7323.98,7241.35,7266.7,6679.63338
2019-12-03 12:00:00,7263.97,7356.13,7262.81,7335.43,6871.182536
2019-12-03 16:00:00,7335.36,7356.87,7301.64,7320.98,4685.071864
2019-12-03 20:00:00,7320.99,7341.0,7283.02,7292.71,3295.335839
2019-12-04 00:00:00,7292.71,7294.03,7102.0,7150.49,14895.50575
2019-12-04 04:00:00,7150.91,7166.21,7111.11,7130.6,5339.193372
2019-12-04 08:00:00,7130.64,7233.77,7067.0,7200.34,9995.349534
2019-12-04 12:00:00,7200.62,7750.0,7197.71,7466.66,30013.73337
2019-12-04 16:00:00,7466.78,7499.63,7438.0,7479.55,6882.360571
2019-12-04 20:00:00,7479.52,7480.22,7100.0,7194.32,16027.558989
2019-12-05 00:00:00,7194.59,7243.57,7162.0,7223.6,6742.723975
2019-12-05 04:00:00,7223.58,7376.72,7150.0,7306.73,13892.846746
2019-12-05 08:00:00,7306.96,7433.0,7287.96,7370.45,10789.16937
2019-12-05 12:00:00,7369.36,7485.0,7315.0,7336.99,13494.789961
2019-12-05 16:00:00,7335.91,7405.0,7265.0,7374.81,8217.12384
2019-12-05 20:00:00,7374.38,7447.4,7334.4,7389.0,6170.024963
2019-12-06 00:00:00,7389.0,7433.99,7313.91,7371.9,6509.565333
2019-12-06 04:00:00,7371.9,7410.0,7332.0,7367.54,6698.248653
2019-12-06 08:00:00,7367.0,7443.15,7305.0,7338.66,9285.423277
2019-12-06 12:00:00,7338.68,7429.4,7337.56,7375.1,7346.144471
2019-12-06 16:00:00,7375.11,7590.03,7372.92,7433.09,12603.042101
2019-12-06 20:00:00,7433.09,7550.0,7421.08,7527.47,5746.664109
2019-12-07 00:00:00,7527.8,7566.32,7500.0,7529.74,6087.982815
2019-12-07 04:00:00,7528.62,7619.62,7508.88,7521.48,7373.328492
2019-12-07 08:00:00,7521.36,7549.71,7470.16,7524.98,6597.528237
2019-12-07 12:00:00,7523.68,7551.8,7498.03,7510.07,5278.151181
2019-12-07 16:00:00,7510.0,7530.0,7476.0,7520.0,3519.686599
2019-12-07 20:00:00,7520.0,7522.99,7472.01,7488.21,2642.006849
2019-12-08 00:00:00,7487.31,7499.75,7374.86,7403.91,7540.316509
2019-12-08 04:00:00,7404.99,7453.99,7382.33,7434.63,3521.93126
2019-12-08 08:00:00,7434.63,7542.16,7411.91,7520.03,5889.801798
2019-12-08 12:00:00,7520.03,7564.0,7488.2,7546.0,5350.61061
2019-12-08 16:00:00,7546.0,7552.77,7502.6,7515.99,4713.744211
2019-12-08 20:00:00,7516.31,7552.0,7505.0,7510.11,2840.493243
2019-12-09 00:00:00,7510.11,7541.9,7451.0,7510.32,5874.888609
2019-12-09 04:00:00,7510.93,7531.87,7458.0,7470.67,5177.412513
2019-12-09 08:00:00,7468.36,7496.0,7440.04,7471.25,5008.580664
2019-12-09 12:00:00,7471.24,7650.0,7390.0,7424.0,14159.9702
2019-12-09 16:00:00,7423.91,7450.54,7350.0,7374.3,8135.41922
2019-12-09 20:00:00,7374.25,7382.49,7273.0,7338.64,8265.616287
2019-12-10 00:00:00,7338.64,7407.6,7310.01,7382.63,9706.341263
2019-12-10 04:00:00,7383.74,7399.08,7333.98,7351.61,7159.196756
2019-12-10 08:00:00,7351.17,7368.44,7288.0,7342.0,8747.15111
2019-12-10 12:00:00,7341.75,7355.0,7213.0,7234.13,11253.199424
2019-12-10 16:00:00,7236.4,7261.52,7157.1,7231.23,8721.441395
2019-12-10 20:00:00,7230.95,7257.34,7185.16,7224.13,4136.432192
2019-12-11 00:00:00,7224.15,7275.5,7190.17,7211.97,4704.140444
2019-12-11 04:00:00,7213.44,7230.21,7180.0,7220.12,3711.044185
2019-12-11 08:00:00,7220.12,7249.72,7202.01,7227.36,5016.767861
2019-12-11 12:00:00,7227.36,7267.01,7125.66,7174.0,8791.746996
2019-12-11 16:00:00,7174.03,7217.5,7153.03,7200.23,5441.414913
2019-12-11 20:00:00,7200.69,7210.0,7170.0,7210.0,2427.977545
2019-12-12 00:00:00,7210.0,7295.0,7080.3,7156.03,12148.135451
2019-12-12 04:00:00,7156.05,7177.46,7140.0,7151.05,3112.787743
2019-12-12 08:00:00,7150.36,7217.99,7115.0,7192.93,7863.483296
2019-12-12 12:00:00,7192.93,7222.15,7140.0,7191.56,8917.825176
2019-12-12 16:00:00,7190.98,7226.79,7175.96,7204.73,5823.075178
2019-12-12 20:00:00,7204.75,7261.95,7186.12,7198.08,4423.294088
2019-12-13 00:00:00,7197.76,7236.5,7190.76,7229.1,3312.850586
2019-12-13 04:00:00,7229.1,7249.81,7208.01,7236.3,4267.114562
2019-12-13 08:00:00,7235.21,7255.0,7205.67,7221.9,5255.410656
2019-12-13 12:00:00,7221.29,7268.01,7208.2,7253.03,5774.526952
2019-12-13 16:00:00,7253.03,7309.05,7224.0,7253.87,6975.83251
2019-12-13 20:00:00,7253.87,7266.87,7230.64,7258.48,2024.138529
2019-12-14 00:00:00,7257.37,7271.77,7232.09,7254.63,1980.257266
2019-12-14 04:00:00,7255.21,7270.0,7242.02,7252.08,2206.434735
2019-12-14 08:00:00,7252.05,7252.8,7150.0,7185.94,6324.498965
2019-12-14 12:00:00,7185.49,7189.48,7026.0,7060.03,9040.824863
2019-12-14 16:00:00,7061.61,7104.25,7012.0,7072.66,7557.9865
2019-12-14 20:00:00,7072.66,7093.99,7062.56,7064.05,2451.983638
2019-12-15 00:00:00,7064.14,7072.85,7008.35,7056.97,4083.515031
2019-12-15 04:00:00,7057.49,7200.3,7035.37,7142.0,6682.205917
2019-12-15 08:00:00,7142.0,7177.15,7084.51,7110.61,4694.501302
2019-12-15 12:00:00,7111.11,7149.0,7061.05,7119.1,5022.24234
2019-12-15 16:00:00,7119.11,7131.92,7082.0,7114.49,3226.588908
2019-12-15 20:00:00,7114.68,7141.67,7097.41,7118.59,2686.724639
2019-12-16 00:00:00,7119.6,7132.52,7062.55,7079.98,3731.293058
2019-12-16 04:00:00,7078.83,7100.0,7042.49,7067.74,5033.78929
2019-12-16 08:00:00,7066.97,7125.6,7051.0,7091.85,4999.546508
2019-12-16 12:00:00,7091.92,7150.0,7074.0,7089.45,7522.887707
2019-12-16 16:00:00,7090.73,7117.0,6850.0,6902.16,15592.947643
2019-12-16 20:00:00,6902.68,6919.98,6836.0,6891.72,6983.528853
2019-12-17 00:00:00,6891.44,6910.78,6856.0,6886.76,3814.889254
2019-12-17 04:00:00,6886.76,6904.91,6859.48,6877.47,4154.479319
2019-12-17 08:00:00,6877.46,6942.21,6856.0,6935.09,6982.739309
2019-12-17 12:00:00,6935.13,6940.84,6685.0,6696.2,16537.002323
2019-12-17 16:00:00,6696.32,6743.6,6590.21,6619.71,12209.337598
2019-12-17 20:00:00,6619.69,6702.0,6560.0,6623.82,10166.622126
2019-12-18 00:00:00,6623.84,6725.69,6600.52,6686.91,6643.923799
2019-12-18 04:00:00,6686.89,6717.56,6590.01,6619.51,7032.529585
2019-12-18 08:00:00,6619.06,6668.84,6608.44,6615.24,6685.015862
2019-12-18 12:00:00,6615.24,6863.08,6435.0,6823.49,31357.410249
2019-12-18 16:00:00,6824.55,6966.05,6770.0,6956.86,15428.113085
2019-12-18 20:00:00,6956.09,7440.0,6941.0,7277.83,28489.658671
2019-12-19 00:00:00,7277.83,7380.0,7122.5,7158.94,14176.955662
2019-12-19 04:00:00,7158.94,7167.85,7076.65,7092.54,7212.753978
2019-12-19 08:00:00,7091.31,7200.0,7038.31,7150.0,11409.125439
2019-12-19 12:00:00,7150.56,7234.0,7060.01,7145.84,12792.214099
2019-12-19 16:00:00,7145.99,7185.0,7111.0,7177.05,5634.277409
2019-12-19 20:00:00,7177.89,7181.99,7128.02,7150.3,4283.722488
2019-12-20 00:00:00,7151.31,7160.0,7079.5,7134.14,5256.989617
2019-12-20 04:00:00,7134.14,7160.0,7082.38,7145.07,4983.24011
2019-12-20 08:00:00,7145.09,7175.67,7091.76,7149.5,4875.497684
2019-12-20 12:00:00,7149.87,7220.0,7136.75,7155.19,7513.559372
2019-12-20 16:00:00,7155.4,7205.0,7133.0,7184.15,5952.065196
2019-12-20 20:00:00,7183.99,7214.26,7166.23,7187.83,3550.717226
2019-12-21 00:00:00,7188.01,7190.58,7142.3,7156.01,3091.001125
2019-12-21 04:00:00,7156.03,7175.43,7124.45,7132.95,3793.165236
2019-12-21 08:00:00,7132.95,7157.0,7105.0,7145.99,3784.188979
2019-12-21 12:00:00,7145.97,7152.12,7118.05,7139.32,2981.495319
2019-12-21 16:00:00,7139.32,7154.23,7126.0,7145.82,2573.443322
2019-12-21 20:00:00,7145.04,7180.0,7122.0,7132.75,3243.880047
2019-12-22 00:00:00,7131.59,7148.82,7122.47,7137.26,1899.983537
2019-12-22 04:00:00,7136.94,7192.99,7125.0,7181.85,3133.269235
2019-12-22 08:00:00,7180.32,7200.3,7145.84,7165.36,4300.635368
2019-12-22 12:00:00,7164.4,7197.0,7155.62,7186.82,3098.613582
2019-12-22 16:00:00,7186.78,7456.67,7165.0,7398.35,18282.519985
2019-12-22 20:00:00,7399.46,7518.54,7374.16,7501.44,8422.433443
2019-12-23 00:00:00,7500.71,7634.55,7500.36,7590.02,14736.639008
2019-12-23 04:00:00,7589.55,7593.5,7441.6,7494.21,8524.122492
2019-12-23 08:00:00,7494.91,7564.93,7485.83,7553.11,6005.218281
2019-12-23 12:00:00,7553.03,7612.0,7475.65,7585.87,10303.800871
2019-12-23 16:00:00,7585.87,7695.38,7355.0,7432.07,19113.814782
2019-12-23 20:00:00,7432.38,7433.9,7265.84,7317.09,9368.401769
2019-12-24 00:00:00,7317.3,7339.5,7285.0,7313.8,3919.788464
2019-12-24 04:00:00,7313.88,7342.27,7227.35,7264.92,5363.396873
2019-12-24 08:00:00,7264.91,7416.53,7226.13,7373.54,10509.986873
2019-12-24 12:00:00,7373.55,7436.68,7241.58,7277.52,9491.372333
2019-12-24 16:00:00,7277.47,7311.31,7157.04,7253.77,10145.551311
2019-12-24 20:00:00,7253.92,7280.0,7198.52,7255.77,4199.398334
2019-12-25 00:00:00,7255.77,7267.39,7213.12,7229.58,2643.930881
2019-12-25 04:00:00,7229.99,7271.77,7201.0,7252.19,3439.127457
2019-12-25 08:00:00,7252.16,7267.85,7210.45,7217.03,4077.759303
2019-12-25 12:00:00,7216.92,7256.0,7170.73,7189.56,6435.853597
2019-12-25 16:00:00,7189.58,7247.0,7128.86,7239.02,6291.129102
2019-12-25 20:00:00,7238.02,7269.99,7168.42,7204.63,4604.243983
2019-12-26 00:00:00,7205.01,7219.99,7177.14,7183.01,2172.334553
2019-12-26 04:00:00,7182.84,7223.15,7176.8,7209.2,2903.965459
2019-12-26 08:00:00,7209.2,7240.76,7185.8,7188.02,4394.287316
2019-12-26 12:00:00,7189.06,7244.0,7183.27,7231.45,4382.503453
2019-12-26 16:00:00,7231.83,7435.0,7197.02,7301.38,14217.211678
2019-12-26 20:00:00,7296.1,7331.42,7157.12,7202.0,8189.458617
2019-12-27 00:00:00,7202.0,7249.0,7190.0,7232.02,3344.601365
2019-12-27 04:00:00,7232.04,7243.79,7175.0,7188.63,4904.323436
2019-12-27 08:00:00,7188.42,7216.26,7076.42,7137.72,7148.566164
2019-12-27 12:00:00,7136.38,7271.89,7092.99,7238.42,10186.903469
2019-12-27 16:00:00,7237.75,7275.86,7177.14,7216.1,5306.751408
2019-12-27 20:00:00,7215.05,7261.0,7212.78,7254.74,2751.556019
2019-12-28 00:00:00,7254.77,7340.0,7238.67,7288.0,5542.244838
2019-12-28 04:00:00,7288.0,7360.0,7276.72,7302.99,5591.958805
2019-12-28 08:00:00,7302.53,7329.47,7261.57,7308.28,3758.554285
2019-12-28 12:00:00,7308.32,7359.9,7285.0,7304.27,4124.309921
2019-12-28 16:00:00,7304.24,7365.01,7275.07,7344.77,5076.554318
2019-12-28 20:00:00,7344.7,7355.0,7296.52,7316.14,2755.360032
2019-12-29 00:00:00,7315.36,7316.14,7288.0,7307.27,2401.806632
2019-12-29 04:00:00,7307.06,7323.99,7292.84,7315.0,1907.027906
2019-12-29 08:00:00,7315.5,7360.67,7308.92,7345.83,4380.306346
2019-12-29 12:00:00,7346.08,7419.02,7322.9,7394.13,8220.352818
2019-12-29 16:00:00,7395.03,7480.0,7380.47,7473.05,5648.577939
2019-12-29 20:00:00,7472.13,7528.45,7345.8,7388.24,8829.034444
2019-12-30 00:00:00,7388.43,7389.83,7312.0,7349.51,3473.380714
2019-12-30 04:00:00,7349.54,7408.24,7345.22,7385.29,3786.007406
2019-12-30 08:00:00,7385.27,7385.29,7293.12,7315.11,6759.784113
2019-12-30 12:00:00,7314.74,7343.99,7251.0,7262.08,7289.497086
2019-12-30 16:00:00,7261.1,7270.0,7220.0,7240.99,5118.967882
2019-12-30 20:00:00,7241.15,7288.88,7235.1,7246.0,3178.274581
2019-12-31 00:00:00,7246.0,7269.0,7200.0,7236.39,4057.299249
2019-12-31 04:00:00,7236.6,7268.48,7228.4,7250.37,2664.670591
2019-12-31 08:00:00,7250.3,7256.94,7217.5,7243.39,4498.864156
2019-12-31 12:00:00,7243.64,7320.0,7188.88,7195.96,7983.926818
2019-12-31 16:00:00,7195.0,7225.62,7145.01,7173.32,4657.972543
2019-12-31 20:00:00,7173.75,7208.41,7165.1,7195.23,2091.720176
2020-01-01 00:00:00,7195.24,7245.0,7175.46,7225.01,2833.74918
2020-01-01 04:00:00,7225.0,7236.27,7199.11,7209.83,2061.295051
2020-01-01 08:00:00,7209.83,7237.73,7180.0,7197.2,3166.654361
2020-01-01 12:00:00,7197.2,7255.0,7196.15,7234.19,3492.537459
2020-01-01 16:00:00,7234.2,7249.99,7214.0,7229.48,2980.583291
2020-01-01 20:00:00,7229.48,7242.98,7175.15,7200.85,2257.568823
2020-01-02 00:00:00,7200.77,7212.5,7120.37,7129.61,3739.354832
2020-01-02 04:00:00,7129.25,7161.0,7105.0,7110.57,4057.961355
2020-01-02 08:00:00,7110.98,7180.0,7109.11,7139.79,4162.20301
2020-01-02 12:00:00,7139.73,7163.4,7107.43,7130.98,4179.041833
2020-01-02 16:00:00,7130.37,7146.85,6924.74,6983.27,12699.028233
2020-01-02 20:00:00,6982.63,6985.0,6941.27,6965.71,3113.894669
2020-01-03 00:00:00,6965.49,6966.8,6871.04,6952.04,7625.896788
2020-01-03 04:00:00,6952.04,7264.71,6948.64,7203.21,17397.304706
2020-01-03 08:00:00,7202.28,7371.92,7202.28,7340.46,15196.885021
2020-01-03 12:00:00,7340.46,7380.0,7229.3,7320.18,10578.985529
2020-01-03 16:00:00,7320.17,7405.0,7280.0,7343.08,11735.084477
2020-01-03 20:00:00,7343.62,7361.0,7260.01,7344.96,5894.34393
2020-01-04 00:00:00,7345.0,7350.0,7280.85,7333.11,3693.784835
2020-01-04 04:00:00,7333.14,7369.28,7312.65,7348.11,4519.549891
2020-01-04 08:00:00,7348.04,7369.63,7302.1,7336.45,5684.860065
2020-01-04 12:00:00,7336.75,7339.58,7291.0,7318.99,4424.833286
2020-01-04 16:00:00,7318.98,7404.0,7272.21,7334.83,8358.356108
2020-01-04 20:00:00,7334.89,7367.31,7310.67,7354.11,3306.590792
2020-01-05 00:00:00,7354.19,7482.87,7354.11,7475.99,11311.449846
2020-01-05 04:00:00,7476.0,7495.0,7437.4,7463.63,4866.905928
2020-01-05 08:00:00,7463.64,7472.0,7400.0,7422.33,5665.077258
2020-01-05 12:00:00,7422.27,7476.31,7415.0,7468.42,5088.908425
2020-01-05 16:00:00,7467.91,7484.0,7421.77,7444.14,4847.774609
2020-01-05 20:00:00,7444.71,7445.0,7318.0,7358.75,6550.969538
2020-01-06 00:00:00,7357.64,7580.0,7346.76,7540.9,13578.258656
2020-01-06 04:00:00,7540.9,7554.61,7496.0,7507.91,4822.718155
2020-01-06 08:00:00,7508.18,7582.27,7507.39,7544.72,7827.327593
2020-01-06 12:00:00,7544.72,7622.0,7465.44,7519.99,9210.893924
2020-01-06 16:00:00,7519.05,7561.0,7509.43,7539.9,4503.573879
2020-01-06 20:00:00,7539.74,7795.34,7534.9,7758.0,14692.923109
2020-01-07 00:00:00,7758.9,8000.0,7758.29,7894.9,20969.436578
2020-01-07 04:00:00,7894.71,7905.5,7821.0,7883.37,7779.689163
2020-01-07 08:00:00,7883.11,7965.0,7855.0,7895.14,8698.801496
2020-01-07 12:00:00,7895.13,7915.77,7740.29,7764.59,13815.63926
2020-01-07 16:00:00,7764.04,8137.0,7723.71,8073.69,23314.904383
2020-01-07 20:00:00,8073.69,8207.68,7945.72,8145.28,16593.213781
2020-01-08 00:00:00,8145.92,8455.0,8142.0,8300.34,29882.767578
2020-01-08 04:00:00,8300.34,8377.0,8277.21,8297.26,9759.58652
2020-01-08 08:00:00,8297.27,8370.0,8264.86,8332.47,9015.766024
2020-01-08 12:00:00,8332.2,8418.61,8184.0,8305.97,20431.673213
2020-01-08 16:00:00,8306.09,8335.79,7963.05,7963.35,26733.722173
2020-01-08 20:00:00,7963.56,8125.57,7870.0,8055.98,16799.127132
2020-01-09 00:00:00,8054.72,8055.96,7928.0,7954.72,9990.260359
2020-01-09 04:00:00,7954.96,7978.31,7896.0,7949.84,7975.920845
2020-01-09 08:00:00,7949.57,7955.83,7852.01,7878.56,9886.091731
2020-01-09 12:00:00,7878.02,7945.0,7871.0,7907.05,8465.58572
2020-01-09 16:00:00,7907.05,7957.48,7778.0,7917.54,13370.93087
2020-01-09 20:00:00,7917.55,8000.0,7750.0,7817.76,14550.730305
2020-01-10 00:00:00,7817.74,7854.06,7770.0,7818.02,4946.412757
2020-01-10 04:00:00,7818.06,7819.84,7711.76,7752.98,8595.700022
2020-01-10 08:00:00,7753.05,7854.44,7672.0,7841.69,16190.710852
2020-01-10 12:00:00,7841.03,8086.85,7811.0,8066.6,19947.250537
2020-01-10 16:00:00,8067.5,8140.11,7909.98,8059.49,22918.937725
2020-01-10 20:00:00,8058.05,8199.0,7981.59,8197.02,9807.765555
2020-01-11 00:00:00,8198.86,8253.26,8119.75,8158.49,10029.604397
2020-01-11 04:00:00,8158.83,8179.94,8044.65,8074.18,7452.941654
2020-01-11 08:00:00,8074.17,8129.97,8010.0,8045.95,7736.817925
2020-01-11 12:00:00,8045.89,8135.0,8018.41,8099.73,7221.148975
2020-01-11 16:00:00,8099.16,8221.55,8070.0,8151.78,10064.724948
2020-01-11 20:00:00,8151.77,8286.34,8003.16,8020.01,12304.794768
2020-01-12 00:00:00,8020.01,8110.92,7960.0,8091.33,7289.354497
2020-01-12 04:00:00,8090.7,8153.84,8070.98,8097.51,5085.381471
2020-01-12 08:00:00,8097.51,8164.08,8080.01,8114.08,5601.978901
2020-01-12 12:00:00,8114.08,8185.0,8113.11,8152.7,6596.312454
2020-01-12 16:00:00,8152.63,8197.0,8072.0,8132.01,9412.796727
2020-01-12 20:00:00,8131.4,8185.0,8091.22,8184.98,4145.670286
2020-01-13 00:00:00,8184.97,8196.0,8086.39,8105.77,5013.854925
2020-01-13 04:00:00,8105.73,8126.31,8057.59,8075.26,5383.796046
2020-01-13 08:00:00,8075.26,8134.6,8065.0,8075.01,6585.461433
2020-01-13 12:00:00,8076.86,8114.48,8055.89,8084.89,5021.384801
2020-01-13 16:00:00,8085.07,8129.45,8071.12,8111.83,4153.284936
2020-01-13 20:00:00,8111.83,8160.0,8101.0,8110.34,5001.973542
2020-01-14 00:00:00,8110.34,8488.11,8105.54,8461.84,24831.754997
2020-01-14 04:00:00,8461.83,8573.0,8453.35,8509.99,15416.454563
2020-01-14 08:00:00,8509.85,8561.0,8470.0,8526.87,10140.489854
2020-01-14 12:00:00,8526.87,8760.0,8480.0,8675.48,27970.1386
2020-01-14 16:00:00,8673.18,8850.0,8520.0,8767.56,31177.50731
2020-01-14 20:00:00,8765.51,8880.0,8666.22,8810.01,10862.781418
2020-01-15 00:00:00,8814.64,8900.0,8701.0,8727.61,17630.43469
2020-01-15 04:00:00,8727.0,8741.75,8564.0,8627.13,12394.599597
2020-01-15 08:00:00,8626.8,8810.0,8605.03,8730.0,11514.936626
2020-01-15 12:00:00,8730.0,8916.48,8720.38,8762.74,18787.519248
2020-01-15 16:00:00,8762.73,8820.0,8676.08,8761.57,11713.456385
2020-01-15 20:00:00,8761.57,8876.4,8738.37,8821.41,12775.35106
2020-01-16 00:00:00,8820.01,8859.81,8586.0,8640.01,12783.458675
2020-01-16 04:00:00,8640.01,8730.0,8615.0,8680.0,7142.495575
2020-01-16 08:00:00,8679.99,8725.0,8600.4,8724.91,9781.353479
2020-01-16 12:00:00,8724.82,8789.0,8640.35,8710.02,8891.035744
2020-01-16 16:00:00,8710.01,8720.82,8626.0,8705.0,7069.068758
2020-01-16 20:00:00,8705.01,8757.0,8672.0,8720.01,6323.662053
2020-01-17 00:00:00,8720.15,8840.4,8672.44,8786.43,8331.743248
2020-01-17 04:00:00,8786.43,8997.0,8760.0,8933.95,17583.957614
2020-01-17 08:00:00,8935.54,9041.65,8880.5,8903.45,15958.174142
2020-01-17 12:00:00,8903.53,8919.41,8765.0,8850.83,11602.984403
2020-01-17 16:00:00,8851.39,8955.55,8813.0,8879.71,10924.966
2020-01-17 20:00:00,8879.63,8961.6,8861.66,8913.28,6495.91197
2020-01-18 00:00:00,8913.27,8988.88,8855.55,8925.99,6811.015303
2020-01-18 04:00:00,8926.07,8926.95,8806.38,8843.63,7327.352572
2020-01-18 08:00:00,8843.63,8919.0,8818.0,8879.79,5142.099838
2020-01-18 12:00:00,8879.29,8964.0,8869.98,8903.26,8996.261409
2020-01-18 16:00:00,8903.27,8935.17,8848.8,8907.93,5689.851343
2020-01-18 20:00:00,8907.79,8960.0,8889.0,8915.96,4328.16608
2020-01-19 00:00:00,8915.09,9198.98,8888.02,9157.61,15190.422988
2020-01-19 04:00:00,9157.74,9165.0,9041.0,9084.36,7138.45343
2020-01-19 08:00:00,9083.8,9127.36,8524.2,8681.44,20326.672295
2020-01-19 12:00:00,8681.16,8684.76,8559.02,8631.95,10631.577418
2020-01-19 16:00:00,8630.98,8676.05,8610.0,8645.57,4773.14966
2020-01-19 20:00:00,8646.67,8758.84,8466.0,8701.7,12616.613468
2020-01-20 00:00:00,8701.72,8735.84,8627.94,8667.56,5725.633724
2020-01-20 04:00:00,8667.64,8694.0,8632.76,8665.14,4331.129235
2020-01-20 08:00:00,8665.24,8682.92,8595.0,8615.25,6628.208001
2020-01-20 12:00:00,8615.71,8678.55,8521.28,8675.38,11184.196045
2020-01-20 16:00:00,8675.45,8709.31,8640.15,8673.67,5034.32793
2020-01-20 20:00:00,8673.51,8746.99,8616.0,8642.35,5993.144811
2020-01-21 00:00:00,8642.35,8683.0,8618.0,8674.1,3485.224869
2020-01-21 04:00:00,8674.09,8699.84,8623.64,8634.7,3723.751898
2020-01-21 08:00:00,8634.16,8677.12,8602.8,8656.76,5719.121375
2020-01-21 12:00:00,8656.76,8676.95,8634.62,8645.06,4495.172765
2020-01-21 16:00:00,8645.1,8663.47,8488.0,8531.86,7182.07013
2020-01-21 20:00:00,8530.75,8789.0,8529.11,8736.03,11889.346622
2020-01-22 00:00:00,8736.04,8758.08,8701.0,8715.77,3142.109794
2020-01-22 04:00:00,8715.0,8818.0,8706.07,8740.27,4893.525928
2020-01-22 08:00:00,8740.49,8746.34,8622.0,8659.87,8024.691591
2020-01-22 12:00:00,8659.0,8681.08,8636.31,8655.37,4586.765278
2020-01-22 16:00:00,8655.32,8710.45,8590.0,8670.39,6263.959245
2020-01-22 20:00:00,8670.0,8686.22,8645.8,8682.36,2169.505302
2020-01-23 00:00:00,8682.77,8691.81,8568.26,8597.23,5642.142096
2020-01-23 04:00:00,8598.0,8613.38,8502.0,8581.75,7387.615387
2020-01-23 08:00:00,8581.71,8624.51,8400.0,8423.0,12779.658438
2020-01-23 12:00:00,8422.98,8488.0,8326.0,8359.42,10362.748282
2020-01-23 16:00:00,8357.81,8380.0,8306.39,8370.98,6489.038277
2020-01-23 20:00:00,8369.9,8445.0,8345.79,8404.52,5504.742117
2020-01-24 00:00:00,8404.52,8419.86,8275.5,8320.57,6228.834621
2020-01-24 04:00:00,8320.59,8353.91,8295.92,8340.0,4078.670257
2020-01-24 08:00:00,8338.53,8418.0,8238.0,8412.77,11287.416099
2020-01-24 12:00:00,8413.42,8515.0,8369.72,8506.44,9972.419201
2020-01-24 16:00:00,8507.8,8528.02,8445.14,8498.76,5464.763644
2020-01-24 20:00:00,8498.5,8519.75,8413.36,8439.0,4655.425707
2020-01-25 00:00:00,8438.99,8451.26,8254.9,8297.62,7158.449455
2020-01-25 04:00:00,8298.08,8357.89,8282.25,8316.2,3417.043326
2020-01-25 08:00:00,8316.72,8382.97,8306.65,8316.44,4284.606747
2020-01-25 12:00:00,8316.44,8358.94,8286.87,8335.14,4009.824672
2020-01-25 16:00:00,8334.6,8375.0,8325.0,8362.91,2643.207546
2020-01-25 20:00:00,8362.25,8420.0,8340.0,8340.58,4008.026186
2020-01-26 00:00:00,8340.01,8386.8,8293.66,8368.82,3317.022853
2020-01-26 04:00:00,8368.21,8395.0,8343.2,8385.17,3035.975781
2020-01-26 08:00:00,8384.85,8482.8,8382.48,8479.15,6955.340479
2020-01-26 12:00:00,8479.15,8488.0,8436.0,8459.67,3979.685067
2020-01-26 16:00:00,8459.66,8618.0,8454.01,8569.1,9470.809918
2020-01-26 20:00:00,8566.99,8618.13,8550.55,8615.0,4371.651066
2020-01-27 00:00:00,8614.39,8704.0,8614.39,8670.1,8102.017137
2020-01-27 04:00:00,8670.11,8686.86,8630.84,8658.01,3950.40408
2020-01-27 08:00:00,8658.01,8750.0,8535.0,8735.67,9832.96418
2020-01-27 12:00:00,8735.67,8796.95,8700.41,8779.67,10276.352628
2020-01-27 16:00:00,8779.68,8988.0,8749.2,8932.12,13722.616993
2020-01-27 20:00:00,8932.11,9000.0,8890.1,8907.57,8089.187978
2020-01-28 00:00:00,8907.57,9166.0,8907.56,9111.95,12321.276109
2020-01-28 04:00:00,9111.59,9136.76,8930.67,9039.92,9860.558209
2020-01-28 08:00:00,9039.68,9117.47,8942.0,9082.13,10560.83012
2020-01-28 12:00:00,9081.34,9188.0,8958.0,9024.58,17407.176692
2020-01-28 16:00:00,9025.47,9045.88,8862.4,9010.86,11007.666968
2020-01-28 20:00:00,9010.23,9400.0,9007.74,9374.21,13427.345667
2020-01-29 00:00:00,9375.34,9420.82,9261.32,9343.5,10287.37454
2020-01-29 04:00:00,9343.75,9393.04,9314.0,9365.0,7381.459267
2020-01-29 08:00:00,9365.0,9434.94,9216.0,9303.15,13506.450982
2020-01-29 12:00:00,9303.16,9351.5,9250.05,9285.01,7377.279661
2020-01-29 16:00:00,9285.0,9415.0,9265.0,9393.98,7931.699361
2020-01-29 20:00:00,9393.73,9449.24,9288.75,9301.53,7379.801311
2020-01-30 00:00:00,9301.57,9333.97,9204.44,9280.3,6978.931346
2020-01-30 04:00:00,9281.63,9399.0,9277.23,9391.02,6395.241373
2020-01-30 08:00:00,9391.55,9408.36,9315.0,9338.21,7170.676789
2020-01-30 12:00:00,9338.21,9412.35,9306.0,9386.88,9528.279238
2020-01-30 16:00:00,9385.41,9530.0,9220.0,9506.82,22796.44492
2020-01-30 20:00:00,9506.32,9578.0,9466.66,9513.21,7757.170593
2020-01-31 00:00:00,9511.52,9530.22,9390.07,9444.0,5777.151208
2020-01-31 04:00:00,9444.69,9448.68,9320.0,9374.56,8076.1142
2020-01-31 08:00:00,9375.5,9414.94,9270.4,9328.41,9614.722688
2020-01-31 12:00:00,9328.39,9345.82,9210.01,9339.19,11193.06797
2020-01-31 16:00:00,9339.19,9367.5,9256.24,9302.67,5930.415015
2020-01-31 20:00:00,9303.72,9430.0,9300.59,9352.89,4960.551271
2020-02-01 00:00:00,9351.71,9464.53,9341.17,9432.33,4624.992378
2020-02-01 04:00:00,9431.75,9454.77,9377.77,9423.01,4130.350697
2020-02-01 08:00:00,9423.02,9425.76,9321.41,9354.66,5303.160733
2020-02-01 12:00:00,9354.65,9375.0,9281.0,9333.91,5925.08254
2020-02-01 16:00:00,9333.73,9420.98,9327.0,9367.09,5197.110624
2020-02-01 20:00:00,9367.76,9409.99,9350.0,9384.61,3397.370382
2020-02-02 00:00:00,9384.41,9387.03,9245.75,9266.83,6703.284365
2020-02-02 04:00:00,9266.79,9385.0,9120.0,9370.53,11191.364659
2020-02-02 08:00:00,9370.53,9450.0,9346.0,9435.54,7705.771743
2020-02-02 12:00:00,9435.79,9477.03,9363.89,9446.77,8442.815283
2020-02-02 16:00:00,9446.8,9460.0,9395.46,9438.08,5404.74364
2020-02-02 20:00:00,9437.9,9454.87,9322.0,9331.51,6242.93285
2020-02-03 00:00:00,9331.59,9618.79,9288.0,9385.59,16529.972617
2020-02-03 04:00:00,9386.24,9426.6,9346.09,9368.16,4456.422902
2020-02-03 08:00:00,9368.16,9399.42,9303.2,9351.48,7654.583102
2020-02-03 12:00:00,9352.0,9373.97,9265.0,9270.0,10467.098595
2020-02-03 16:00:00,9270.0,9331.5,9234.0,9316.7,7847.377982
2020-02-03 20:00:00,9316.04,9344.02,9251.01,9292.24,3936.678253
2020-02-04 00:00:00,9291.35,9350.0,9262.14,9282.95,4657.428347
2020-02-04 04:00:00,9282.96,9318.89,9227.58,9278.63,8513.731842
2020-02-04 08:00:00,9278.63,9327.0,9108.0,9182.81,14557.392199
2020-02-04 12:00:00,9182.81,9236.72,9093.01,9206.47,13655.345175
2020-02-04 16:00:00,9207.02,9240.0,9173.9,9186.37,7057.829797
2020-02-04 20:00:00,9186.72,9220.19,9151.0,9197.02,4866.447906
2020-02-05 00:00:00,9197.02,9245.87,9177.22,9239.19,6074.630149
2020-02-05 04:00:00,9239.19,9300.0,9216.75,9274.53,7265.185535
2020-02-05 08:00:00,9274.39,9421.75,9232.75,9418.48,13140.827741
2020-02-05 12:00:00,9419.17,9494.2,9410.0,9485.08,11113.475211
2020-02-05 16:00:00,9484.22,9744.45,9472.3,9655.99,18076.854213
2020-02-05 20:00:00,9655.93,9725.0,9565.14,9612.04,9199.442766
2020-02-06 00:00:00,9612.03,9650.0,9526.35,9635.7,6566.140148
2020-02-06 04:00:00,9635.2,9697.78,9607.52,9628.8,8638.378171
2020-02-06 08:00:00,9629.85,9707.21,9605.55,9698.89,8920.61025
2020-02-06 12:00:00,9698.66,9862.57,9638.0,9786.88,23642.157597
2020-02-06 16:00:00,9786.87,9839.63,9717.85,9747.29,8199.813979
2020-02-06 20:00:00,9747.29,9801.98,9660.0,9772.0,8982.606443
2020-02-07 00:00:00,9772.0,9855.0,9752.65,9779.78,7332.892453
2020-02-07 04:00:00,9779.73,9819.99,9741.17,9801.83,6149.948161
2020-02-07 08:00:00,9801.83,9885.0,9766.31,9809.33,10564.885853
2020-02-07 12:00:00,9810.01,9845.0,9730.54,9802.02,8600.000574
2020-02-07 16:00:00,9802.01,9836.27,9764.0,9775.59,5520.521848
2020-02-07 20:00:00,9775.08,9831.0,9730.0,9813.73,5797.865743
2020-02-08 00:00:00,9813.87,9830.06,9667.11,9714.11,8199.497444
2020-02-08 04:00:00,9714.14,9796.88,9700.02,9771.39,5897.219473
2020-02-08 08:00:00,9771.39,9845.0,9769.51,9810.02,6599.651545
2020-02-08 12:00:00,9810.02,9866.0,9750.0,9829.47,9850.867772
2020-02-08 16:00:00,9829.5,9888.0,9810.1,9862.69,7042.981727
2020-02-08 20:00:00,9862.15,9940.0,9840.0,9895.05,6010.625705
2020-02-09 00:00:00,9895.04,10052.67,9880.75,10052.63,7282.507043
2020-02-09 04:00:00,10052.66,10166.0,10040.0,10127.87,10016.754369
2020-02-09 08:00:00,10127.87,10151.04,10050.0,10109.52,8249.639612
2020-02-09 12:00:00,10108.61,10145.64,10000.1,10097.1,7797.234406
2020-02-09 16:00:00,10097.1,10125.79,10053.69,10074.85,5266.198817
2020-02-09 20:00:00,10074.85,10160.0,10053.0,10151.75,4796.141369
2020-02-10 00:00:00,10151.72,10188.0,10060.0,10090.47,6907.466037
2020-02-10 04:00:00,10090.44,10105.54,9756.0,9968.99,15406.776669
2020-02-10 08:00:00,9967.94,9971.48,9765.0,9821.43,15569.793326
2020-02-10 12:00:00,9821.41,9925.63,9777.6,9865.05,10705.767611
2020-02-10 16:00:00,9865.06,9893.17,9800.02,9829.56,6414.458578
2020-02-10 20:00:00,9831.67,9894.56,9813.0,9851.83,4568.822398
2020-02-11 00:00:00,9851.74,9862.18,9700.0,9733.39,8045.576742
2020-02-11 04:00:00,9733.43,9787.07,9715.0,9739.94,4799.311961
2020-02-11 08:00:00,9739.87,9815.0,9730.89,9801.04,6342.933473
2020-02-11 12:00:00,9801.02,10194.0,9787.88,10164.99,18616.387116
2020-02-11 16:00:00,10165.0,10323.59,10160.15,10247.73,19392.135502
2020-02-11 20:00:00,10246.59,10260.0,10168.75,10223.08,5226.05043
2020-02-12 00:00:00,10223.08,10320.0,10223.08,10263.0,7875.841459
2020-02-12 04:00:00,10263.08,10450.0,10256.65,10366.0,11867.38684
2020-02-12 08:00:00,10366.62,10371.72,10226.44,10343.4,13071.965455
2020-02-12 12:00:00,10343.4,10415.0,10250.0,10314.56,11933.970042
2020-02-12 16:00:00,10314.56,10374.94,10294.0,10313.47,7886.338088
2020-02-12 20:00:00,10313.49,10410.0,10303.0,10326.46,8372.562046
2020-02-13 00:00:00,10325.33,10440.67,10310.51,10379.74,8239.4243
2020-02-13 04:00:00,10379.61,10491.0,10326.49,10338.96,10526.985185
2020-02-13 08:00:00,10338.94,10366.53,10080.0,10151.11,21430.274876
2020-02-13 12:00:00,10151.66,10500.0,10100.2,10254.93,25222.485708
2020-02-13 16:00:00,10254.23,10292.99,10145.5,10250.31,9110.148553
2020-02-13 20:00:00,10251.15,10265.0,10181.88,10229.63,4815.040137
2020-02-14 00:00:00,10227.78,10290.0,10178.27,10258.7,6684.355884
2020-02-14 04:00:00,10258.66,10280.0,10111.37,10124.98,7259.547406
2020-02-14 08:00:00,10124.98,10298.0,10111.57,10269.24,10656.732106
2020-02-14 12:00:00,10269.52,10360.2,10224.0,10249.94,9149.544783
2020-02-14 16:00:00,10249.94,10375.45,10243.72,10341.64,8060.309228
2020-02-14 20:00:00,10340.15,10381.56,10280.11,10344.36,5227.990766
2020-02-15 00:00:00,10344.36,10375.0,10203.52,10272.39,7238.184517
2020-02-15 04:00:00,10273.09,10279.0,10190.9,10221.76,5604.364131
2020-02-15 08:00:00,10221.03,10274.18,10211.82,10229.36,5455.519617
2020-02-15 12:00:00,10229.36,10259.97,9801.0,9983.18,13170.300915
2020-02-15 16:00:00,9983.24,10095.0,9811.84,9893.99,21223.522971
2020-02-15 20:00:00,9893.52,9949.0,9870.33,9904.72,4965.310796
2020-02-16 00:00:00,9904.46,10050.0,9853.02,10000.58,8246.523282
2020-02-16 04:00:00,10000.62,10033.33,9937.0,9959.51,4540.269673
2020-02-16 08:00:00,9959.58,10017.0,9901.28,9922.63,6279.535788
2020-02-16 12:00:00,9922.63,9974.98,9825.16,9858.54,11671.045671
2020-02-16 16:00:00,9858.54,9909.0,9638.12,9745.57,19207.80931
2020-02-16 20:00:00,9745.91,9996.58,9729.96,9917.27,10078.815813
2020-02-17 00:00:00,9910.7,9964.16,9758.59,9808.4,7746.851544
2020-02-17 04:00:00,9807.74,9842.34,9710.0,9753.26,9407.085988
2020-02-17 08:00:00,9753.01,9832.92,9568.0,9609.94,16254.879435
2020-02-17 12:00:00,9609.94,9669.99,9452.67,9633.45,21544.481821
2020-02-17 16:00:00,9635.27,9725.79,9576.03,9666.15,9447.988181
2020-02-17 20:00:00,9667.34,9727.41,9607.05,9706.0,5859.724932
2020-02-18 00:00:00,9706.0,9759.0,9624.7,9724.82,6732.253294
2020-02-18 04:00:00,9724.86,9815.0,9720.0,9790.58,7629.86798
2020-02-18 08:00:00,9790.9,9794.99,9631.0,9702.27,10365.961891
2020-02-18 12:00:00,9703.85,9875.51,9576.01,9830.68,13637.434053
2020-02-18 16:00:00,9830.69,10048.0,9815.9,10043.49,16800.091626
2020-02-18 20:00:00,10043.08,10250.0,10036.72,10164.71,15438.515175
2020-02-19 00:00:00,10164.78,10186.35,10079.25,10149.63,6142.178538
2020-02-19 04:00:00,10150.48,10164.93,10027.0,10059.3,7099.227392
2020-02-19 08:00:00,10059.08,10161.99,10011.06,10148.93,7160.087236
2020-02-19 16:00:00,10149.99,10250.0,10131.25,10139.22,7962.236715
2020-02-19 20:00:00,10138.59,10156.48,9350.0,9593.79,26798.857014
2020-02-20 00:00:00,9594.65,9668.0,9500.0,9571.5,11853.135738
2020-02-20 04:00:00,9571.5,9630.33,9538.0,9607.23,6612.463055
2020-02-20 08:00:00,9606.78,9650.0,9540.17,9565.39,9380.462432
2020-02-20 12:00:00,9565.49,9619.83,9518.08,9574.26,10705.160087
2020-02-20 16:00:00,9574.43,9699.0,9400.0,9551.96,16524.57286
2020-02-20 20:00:00,9553.69,9663.14,9537.0,9596.42,5076.548742
2020-02-21 00:00:00,9597.21,9714.06,9569.42,9708.17,6894.086367
2020-02-21 04:00:00,9707.39,9733.0,9650.0,9673.43,6291.024884
2020-02-21 08:00:00,9673.43,9719.0,9613.0,9694.56,7488.743784
2020-02-21 12:00:00,9694.56,9755.51,9660.0,9722.56,8968.238602
2020-02-21 16:00:00,9722.62,9742.33,9660.0,9681.84,5443.853114
2020-02-21 20:00:00,9681.84,9720.0,9550.21,9677.05,7095.607773
2020-02-22 00:00:00,9677.05,9709.17,9637.0,9665.9,3546.999352
2020-02-22 04:00:00,9665.44,9668.81,9560.02,9590.9,4697.110565
2020-02-22 08:00:00,9590.26,9658.09,9578.9,9634.61,3958.059108
2020-02-22 12:00:00,9633.1,9670.0,9607.42,9630.19,5257.867798
2020-02-22 16:00:00,9631.05,9680.0,9600.01,9666.93,4521.58248
2020-02-22 20:00:00,9667.91,9697.0,9644.47,9650.86,2655.13832
2020-02-23 00:00:00,9650.85,9797.97,9645.0,9787.08,4025.659855
2020-02-23 04:00:00,9786.5,9920.0,9786.46,9880.7,10780.07765
2020-02-23 08:00:00,9880.71,9990.0,9810.07,9825.57,8389.850451
2020-02-23 12:00:00,9825.39,9907.65,9800.0,9861.9,5895.239376
2020-02-23 16:00:00,9861.9,9896.0,9846.1,9871.76,3320.287224
2020-02-23 20:00:00,9871.75,9971.17,9835.51,9936.4,5290.975287
2020-02-24 00:00:00,9936.4,9990.0,9600.0,9753.71,13205.694054
2020-02-24 04:00:00,9753.64,9762.91,9667.71,9752.83,6087.277664
2020-02-24 08:00:00,9752.81,9820.0,9694.74,9811.38,6242.514813
2020-02-24 12:00:00,9811.98,9843.5,9668.0,9703.28,9668.905788
2020-02-24 16:00:00,9703.0,9731.6,9473.56,9601.09,14309.627639
2020-02-24 20:00:00,9601.14,9671.98,9563.32,9656.13,6282.576162
2020-02-25 00:00:00,9655.52,9671.12,9567.22,9579.44,4992.295731
2020-02-25 04:00:00,9579.94,9604.99,9486.18,9520.16,7470.742682
2020-02-25 08:00:00,9520.06,9645.0,9488.0,9627.22,8261.299977
2020-02-25 12:00:00,9626.43,9675.0,9360.0,9397.47,13610.710851
2020-02-25 16:00:00,9395.19,9460.56,9281.0,9359.95,12297.631351
2020-02-25 20:00:00,9359.95,9426.02,9250.0,9315.84,7746.66396
2020-02-26 00:00:00,9316.48,9377.44,9111.0,9170.13,15211.78851
2020-02-26 04:00:00,9170.13,9220.0,9120.0,9148.08,8808.674449
2020-02-26 08:00:00,9148.08,9225.0,9102.0,9158.37,10057.742631
2020-02-26 12:00:00,9158.36,9303.36,8979.03,8995.29,22580.466193
2020-02-26 16:00:00,8995.75,9030.0,8633.63,8831.14,27886.932404
2020-02-26 20:00:00,8831.14,8864.0,8713.03,8785.25,7584.741295
2020-02-27 00:00:00,8786.0,8792.52,8531.0,8739.68,16551.284715
2020-02-27 04:00:00,8739.68,8838.28,8667.58,8814.05,9961.738256
2020-02-27 08:00:00,8814.21,8859.42,8730.0,8804.36,9960.097984
2020-02-27 12:00:00,8804.27,8941.91,8747.03,8847.16,14411.713142
2020-02-27 16:00:00,8847.0,8971.77,8846.71,8915.34,10768.270745
2020-02-27 20:00:00,8915.34,8917.66,8650.0,8823.21,10830.47392
2020-02-28 00:00:00,8823.25,8900.0,8784.01,8837.51,5701.193812
2020-02-28 04:00:00,8837.0,8860.0,8695.1,8728.74,7061.154764
2020-02-28 08:00:00,8728.39,8779.55,8541.1,8585.96,15188.772251
2020-02-28 12:00:00,8586.43,8724.64,8445.0,8715.94,19466.397577
2020-02-28 16:00:00,8715.0,8738.0,8485.0,8577.21,14660.758383
2020-02-28 20:00:00,8577.21,8799.0,8567.97,8692.91,9076.93219
2020-02-29 00:00:00,8690.8,8773.17,8656.0,8714.73,4954.843997
2020-02-29 04:00:00,8714.53,8790.0,8696.42,8745.81,6355.794503
2020-02-29 08:00:00,8745.82,8763.71,8600.0,8696.98,6704.771949
2020-02-29 12:00:00,8696.95,8698.87,8572.22,8650.0,8278.041523
2020-02-29 16:00:00,8650.0,8676.0,8591.47,8671.41,5601.168229
2020-02-29 20:00:00,8670.64,8671.61,8523.55,8523.61,4853.562834
2020-03-01 00:00:00,8523.61,8675.0,8511.11,8620.36,6058.887982
2020-03-01 04:00:00,8620.17,8634.73,8520.58,8541.16,5437.032897
2020-03-01 08:00:00,8541.15,8650.0,8518.0,8648.37,5567.314081
2020-03-01 12:00:00,8647.42,8750.0,8535.24,8557.8,9813.477149
2020-03-01 16:00:00,8557.8,8582.73,8411.0,8542.2,11521.279904
2020-03-01 20:00:00,8541.22,8591.82,8470.0,8531.88,5494.209766
2020-03-02 00:00:00,8530.3,8651.9,8498.0,8601.99,7393.790736
2020-03-02 04:00:00,8601.99,8699.5,8596.36,8625.39,9398.441547
2020-03-02 08:00:00,8625.39,8776.98,8619.63,8758.35,12157.311032
2020-03-02 12:00:00,8758.39,8885.0,8718.95,8829.21,13814.839939
2020-03-02 16:00:00,8829.21,8917.99,8818.66,8883.12,10246.922763
2020-03-02 20:00:00,8882.88,8965.75,8850.0,8915.24,7390.011713
2020-03-03 00:00:00,8911.18,8919.65,8804.16,8866.6,6699.374227
2020-03-03 04:00:00,8865.9,8867.89,8746.42,8756.08,6973.338243
2020-03-03 08:00:00,8755.64,8866.96,8735.37,8858.22,8854.431305
2020-03-03 12:00:00,8858.45,8898.74,8675.45,8753.01,17254.878369
2020-03-03 16:00:00,8753.01,8781.25,8651.0,8713.97,9965.958002
2020-03-03 20:00:00,8714.11,8790.0,8683.24,8760.07,5407.017136
2020-03-04 00:00:00,8760.07,8835.01,8728.0,8790.18,6918.610173
2020-03-04 04:00:00,8788.99,8848.29,8774.58,8816.27,6790.051035
2020-03-04 08:00:00,8816.32,8829.4,8694.07,8717.12,3599.424504
2020-03-04 12:00:00,8717.21,8782.31,8660.0,8700.0,10902.634059
2020-03-04 16:00:00,8700.0,8746.0,8665.0,8739.58,6321.81886
2020-03-04 20:00:00,8738.94,8761.52,8688.03,8750.87,4163.943947
2020-03-05 00:00:00,8750.99,8941.53,8746.54,8869.82,12564.976867
2020-03-05 04:00:00,8869.68,8942.0,8862.0,8895.05,6703.418025
2020-03-05 08:00:00,8895.24,9122.62,8891.36,9100.89,13448.482766
2020-03-05 12:00:00,9100.59,9136.63,9011.98,9085.48,10081.97691
2020-03-05 16:00:00,9085.52,9150.9,9062.76,9150.9,7642.388903
2020-03-05 20:00:00,9150.8,9159.42,9015.0,9054.68,7760.622884
2020-03-06 00:00:00,9054.64,9081.94,8985.5,9033.59,7149.842125
2020-03-06 04:00:00,9032.87,9138.31,9013.05,9100.91,7072.032565
2020-03-06 08:00:00,9101.62,9170.0,9070.0,9127.92,8923.020728
2020-03-06 12:00:00,9129.12,9130.29,9000.0,9001.4,9602.008458
2020-03-06 16:00:00,9001.7,9101.35,9000.0,9085.12,6268.547625
2020-03-06 20:00:00,9084.62,9137.5,9058.3,9131.88,4767.496543
2020-03-07 00:00:00,9130.89,9143.55,9073.03,9089.95,4012.304431
2020-03-07 04:00:00,9089.57,9107.25,9050.0,9085.23,5475.819706
2020-03-07 08:00:00,9085.23,9116.97,9072.65,9089.0,6621.912098
2020-03-07 12:00:00,9089.0,9135.94,9069.3,9113.61,6636.609212
2020-03-07 16:00:00,9113.46,9188.0,8835.0,8884.79,18405.762532
2020-03-07 20:00:00,8884.91,8919.0,8853.93,8886.66,4269.796546
2020-03-08 00:00:00,8885.25,8886.76,8695.73,8747.58,9592.690178
2020-03-08 04:00:00,8746.92,8754.99,8701.0,8740.29,6005.149776
2020-03-08 08:00:00,8740.59,8752.36,8670.0,8741.53,7865.626827
2020-03-08 12:00:00,8741.3,8747.43,8321.0,8400.83,20292.37099
2020-03-08 16:00:00,8400.85,8403.0,8149.27,8280.11,20627.555475
2020-03-08 20:00:00,8281.51,8300.0,8000.0,8033.31,13153.92192
2020-03-09 00:00:00,8034.76,8179.31,7970.0,8063.52,14552.012021
2020-03-09 04:00:00,8063.52,8066.39,7675.28,7899.71,28909.946908
2020-03-09 08:00:00,7899.72,7991.08,7760.0,7804.92,18281.110253
2020-03-09 12:00:00,7803.64,7946.0,7632.01,7765.32,30622.385691
2020-03-09 16:00:00,7765.32,7903.52,7689.0,7842.03,16554.147771
2020-03-09 20:00:00,7842.04,7947.57,7791.4,7929.87,8049.260624
2020-03-10 00:00:00,7929.87,7969.87,7850.0,7907.16,8204.380648
2020-03-10 04:00:00,7908.29,7952.65,7866.04,7900.14,11137.319874
2020-03-10 08:00:00,7900.89,8114.1,7875.0,8065.02,17119.535277
2020-03-10 12:00:00,8064.83,8149.0,7739.97,7767.28,22915.520456
2020-03-10 16:00:00,7766.29,7985.0,7728.01,7978.8,16312.36408
2020-03-10 20:00:00,7978.94,8038.11,7869.79,7894.56,11094.32354
2020-03-11 00:00:00,7894.57,7965.49,7865.01,7924.78,7007.155628
2020-03-11 04:00:00,7923.8,7943.42,7813.0,7860.93,8788.880276
2020-03-11 08:00:00,7861.62,7921.12,7750.0,7821.86,16034.117503
2020-03-11 12:00:00,7821.68,7895.87,7736.0,7778.76,12886.054588
2020-03-11 16:00:00,7778.76,7843.0,7590.0,7828.23,25310.584104
2020-03-11 20:00:00,7828.23,7980.0,7798.13,7934.52,9915.619073
2020-03-12 00:00:00,7934.58,7966.17,7558.0,7662.73,18039.354478
2020-03-12 04:00:00,7662.11,7662.8,7342.43,7392.13,23553.309775
2020-03-12 08:00:00,7392.12,7466.0,5550.0,6067.01,65426.252839
2020-03-12 12:00:00,6064.27,6307.59,5734.69,6132.13,54565.202965
2020-03-12 16:00:00,6132.13,6229.97,5947.72,6037.45,27055.620544
2020-03-12 20:00:00,6036.28,6059.99,4410.0,4800.0,72865.868052
2020-03-13 00:00:00,4800.01,5523.23,3782.13,5167.26,118131.08094
2020-03-13 04:00:00,5159.09,5444.0,4674.0,5385.87,51985.85189
2020-03-13 08:00:00,5386.11,5700.0,5126.0,5403.56,55656.389838
2020-03-13 12:00:00,5403.56,5955.0,4920.0,5212.37,76357.692697
2020-03-13 16:00:00,5207.63,5525.0,4807.0,5391.08,63664.636441
2020-03-13 20:00:00,5397.16,5699.0,5187.39,5578.6,36406.021958
2020-03-14 00:00:00,5576.05,5640.52,5322.02,5573.97,26373.601018
2020-03-14 04:00:00,5573.67,5573.71,5371.76,5500.4,21111.157977
2020-03-14 08:00:00,5500.61,5530.0,5173.0,5448.38,28784.428203
2020-03-14 12:00:00,5448.23,5450.0,5268.82,5311.38,19401.444186
2020-03-14 16:00:00,5310.96,5498.0,5256.0,5386.85,17966.758708
2020-03-14 20:00:00,5386.84,5423.5,5055.13,5172.06,23272.745882
2020-03-15 00:00:00,5172.48,5273.37,5093.1,5178.64,15586.905349
2020-03-15 04:00:00,5178.64,5332.04,5178.64,5272.23,10155.771411
2020-03-15 08:00:00,5272.35,5487.0,5213.16,5429.99,19423.434062
2020-03-15 12:00:00,5430.0,5594.0,5221.0,5324.48,23188.998378
2020-03-15 16:00:00,5324.92,5397.0,5260.0,5312.35,12598.979491
2020-03-15 20:00:00,5312.33,5940.0,5160.0,5361.3,58962.057843
2020-03-16 00:00:00,5360.33,5365.42,5188.0,5273.34,20777.399781
2020-03-16 04:00:00,5272.23,5297.8,4778.0,4785.67,41129.402526
2020-03-16 08:00:00,4789.99,4950.0,4442.12,4565.59,50298.298074
2020-03-16 12:00:00,4565.63,5175.0,4500.0,5151.39,68602.654366
2020-03-16 16:00:00,5144.53,5200.0,4828.0,4939.25,26334.87645
2020-03-16 20:00:00,4942.5,5060.0,4820.0,5028.97,20134.291563
2020-03-17 00:00:00,5028.86,5400.0,4921.45,5311.16,34127.844812
2020-03-17 04:00:00,5314.84,5415.87,5205.0,5343.72,19031.35734
2020-03-17 08:00:00,5345.19,5440.0,5160.0,5267.61,23086.337231
2020-03-17 12:00:00,5266.9,5376.83,5051.0,5362.99,31812.540045
2020-03-17 16:00:00,5363.84,5479.0,5290.0,5375.11,24003.084411
2020-03-17 20:00:00,5375.25,5525.0,5305.59,5312.64,18028.762479
2020-03-18 00:00:00,5312.64,5419.03,5268.8,5394.15,11867.610382
2020-03-18 04:00:00,5394.02,5436.17,5104.92,5148.73,20183.824141
2020-03-18 08:00:00,5148.73,5248.0,5010.98,5140.39,22171.968475
2020-03-18 12:00:00,5141.48,5390.0,5009.37,5328.89,38992.712554
2020-03-18 16:00:00,5328.59,5349.0,5140.54,5328.51,27727.484616
2020-03-18 20:00:00,5329.23,5412.0,5257.52,5393.04,16184.034726
2020-03-19 00:00:00,5393.26,5450.0,5252.53,5286.84,16752.623635
2020-03-19 04:00:00,5286.84,5435.44,5277.45,5414.19,14051.273476
2020-03-19 08:00:00,5414.19,5661.0,5376.1,5621.86,32691.862211
2020-03-19 12:00:00,5622.15,5920.0,5608.21,5895.1,48241.099854
2020-03-19 16:00:00,5895.71,6359.45,5798.26,6215.57,65259.494989
2020-03-19 20:00:00,6216.08,6400.0,6125.76,6162.37,22024.519274
2020-03-20 00:00:00,6162.05,6269.24,6055.55,6156.35,15502.802143
2020-03-20 04:00:00,6156.42,6350.0,6115.99,6318.39,14874.675501
2020-03-20 08:00:00,6318.41,6900.0,6310.58,6659.99,62769.276025
2020-03-20 12:00:00,6659.99,6714.53,6420.0,6614.66,39436.71254
2020-03-20 16:00:00,6614.32,6664.99,6153.74,6187.59,35934.707837
2020-03-20 20:00:00,6184.53,6374.99,5670.0,6208.36,50780.155468
2020-03-21 00:00:00,6204.57,6380.0,6062.03,6267.45,22817.959495
2020-03-21 04:00:00,6269.34,6330.18,6026.0,6151.16,16120.186101
2020-03-21 08:00:00,6151.17,6170.0,5860.02,6118.72,24150.307633
2020-03-21 12:00:00,6116.58,6275.0,6089.94,6212.08,22846.135511
2020-03-21 16:00:00,6213.48,6264.52,6043.0,6216.27,18726.784751
2020-03-21 20:00:00,6216.11,6456.98,6080.0,6186.98,24252.294872
2020-03-22 00:00:00,6187.04,6363.76,6104.0,6351.93,13236.271573
2020-03-22 04:00:00,6351.77,6407.87,6264.24,6289.34,10441.138372
2020-03-22 08:00:00,6289.34,6317.74,6126.15,6153.57,14377.952107
2020-03-22 12:00:00,6153.77,6156.53,5915.0,6076.14,28376.648555
2020-03-22 16:00:00,6076.14,6139.0,5863.0,5911.03,22141.421998
2020-03-22 20:00:00,5911.11,6145.0,5734.01,5816.19,30542.557922
2020-03-23 00:00:00,5816.05,5990.0,5688.0,5955.36,22061.614236
2020-03-23 04:00:00,5955.21,5993.24,5845.0,5855.59,11148.77496
2020-03-23 08:00:00,5855.0,5930.0,5728.99,5843.29,17727.126244
2020-03-23 12:00:00,5842.14,6600.0,5841.73,6231.74,68283.644415
2020-03-23 16:00:00,6230.41,6379.0,6225.36,6266.28,22129.715658
2020-03-23 20:00:00,6266.27,6509.03,6260.5,6467.31,23323.340272
2020-03-24 00:00:00,6465.25,6666.0,6464.0,6522.52,27822.680913
2020-03-24 04:00:00,6522.51,6618.0,6371.33,6566.06,19080.024572
2020-03-24 08:00:00,6563.82,6833.0,6563.58,6731.0,34710.875695
2020-03-24 12:00:00,6733.16,6765.0,6461.01,6587.52,33379.464183
2020-03-24 16:00:00,6587.63,6739.17,6510.01,6697.39,20874.552199
2020-03-24 20:00:00,6697.39,6792.15,6610.69,6744.72,15270.412316
2020-03-25 00:00:00,6744.69,6746.7,6524.16,6557.75,17042.837312
2020-03-25 04:00:00,6557.76,6720.0,6530.98,6675.21,12406.070557
2020-03-25 08:00:00,6676.93,6957.96,6450.0,6521.36,45370.620679
2020-03-25 12:00:00,6522.0,6799.0,6500.0,6617.27,30706.29524
2020-03-25 16:00:00,6617.19,6705.96,6575.0,6622.38,14683.351661
2020-03-25 20:00:00,6622.1,6705.0,6552.0,6677.43,11946.55954
2020-03-26 00:00:00,6677.42,6780.0,6652.76,6725.65,13745.547925
2020-03-26 04:00:00,6726.05,6761.79,6554.21,6589.92,13295.738971
2020-03-26 08:00:00,6591.91,6669.42,6570.05,6603.31,11805.774545
2020-03-26 12:00:00,6603.41,6688.0,6510.0,6617.04,18918.024164
2020-03-26 16:00:00,6617.91,6680.0,6592.23,6657.93,10915.522397
2020-03-26 20:00:00,6658.01,6765.0,6650.0,6737.36,14345.947209
2020-03-27 00:00:00,6737.27,6842.59,6735.36,6793.0,13552.08898
2020-03-27 04:00:00,6793.0,6826.84,6620.0,6699.92,14739.632032
2020-03-27 08:00:00,6699.91,6703.81,6599.61,6620.58,13209.920014
2020-03-27 12:00:00,6620.59,6666.04,6573.41,6622.86,14321.31513
2020-03-27 16:00:00,6622.87,6687.3,6591.06,6657.02,10980.499109
2020-03-27 20:00:00,6656.63,6700.0,6261.0,6359.11,16111.513089
2020-03-28 00:00:00,6359.11,6360.0,6068.88,6116.92,27351.533963
2020-03-28 04:00:00,6116.88,6203.47,6095.0,6184.31,12987.927333
2020-03-28 08:00:00,6184.31,6319.86,6165.0,6236.78,13401.527973
2020-03-28 12:00:00,6237.01,6274.12,6155.39,6215.0,9464.123306
2020-03-28 16:00:00,6215.0,6249.71,6024.0,6210.77,20569.310169
2020-03-28 20:00:00,6210.5,6295.0,6167.7,6236.65,9385.270685
2020-03-29 00:00:00,6236.65,6266.0,6177.78,6202.95,4799.9467
2020-03-29 04:00:00,6203.93,6213.5,6116.0,6153.9,5333.492581
2020-03-29 08:00:00,6153.6,6210.0,6082.6,6138.35,11677.77546
2020-03-29 12:00:00,6138.36,6155.0,6067.6,6129.79,8929.53402
2020-03-29 16:00:00,6129.91,6164.94,5885.47,5905.29,19754.136313
2020-03-29 20:00:00,5906.39,5963.93,5866.56,5881.42,12816.74264
2020-03-30 00:00:00,5880.5,6028.83,5857.76,6009.09,13290.621147
2020-03-30 04:00:00,6009.28,6330.01,5991.04,6242.69,26651.877311
2020-03-30 08:00:00,6242.69,6395.0,6230.24,6355.56,19430.92161
2020-03-30 12:00:00,6355.55,6444.0,6260.62,6343.58,22138.802613
2020-03-30 16:00:00,6343.9,6402.41,6303.34,6366.74,12005.911969
2020-03-30 20:00:00,6366.5,6599.0,6363.78,6394.38,25371.415342
2020-03-31 00:00:00,6394.45,6523.23,6380.0,6439.47,12181.865022
2020-03-31 04:00:00,6439.47,6473.68,6378.0,6445.09,11164.176233
2020-03-31 08:00:00,6445.11,6505.5,6330.01,6387.19,14864.829286
2020-03-31 12:00:00,6387.73,6500.0,6321.4,6454.12,16045.919461
2020-03-31 16:00:00,6454.12,6486.6,6401.0,6463.47,9987.719867
2020-03-31 20:00:00,6465.32,6494.9,6386.89,6410.44,8093.08539
2020-04-01 00:00:00,6412.14,6426.52,6239.34,6368.68,16090.230568
2020-04-01 04:00:00,6368.74,6376.28,6271.14,6331.96,9598.487352
2020-04-01 08:00:00,6330.87,6330.87,6257.32,6296.87,9145.241354
2020-04-01 12:00:00,6297.0,6340.81,6170.0,6230.09,16839.380748
2020-04-01 16:00:00,6230.01,6230.01,6150.11,6200.81,11242.568016
2020-04-01 20:00:00,6200.11,6679.94,6193.1,6642.92,34584.844362
2020-04-02 00:00:00,6643.36,6744.0,6551.0,6606.05,18913.088558
2020-04-02 04:00:00,6606.05,6679.79,6565.0,6644.0,10475.344768
2020-04-02 08:00:00,6643.99,6720.0,6602.58,6690.6,13134.740808
2020-04-02 12:00:00,6690.6,6831.59,6620.34,6805.0,25457.406152
2020-04-02 16:00:00,6805.0,7198.0,6723.0,6803.25,62146.162565
2020-04-02 20:00:00,6801.41,6867.97,6651.0,6794.09,19173.16402
2020-04-03 00:00:00,6793.86,6829.61,6723.12,6782.44,9243.126382
2020-04-03 04:00:00,6782.44,6955.0,6746.16,6931.46,13494.493014
2020-04-03 08:00:00,6931.74,7048.0,6867.0,7004.42,21811.036275
2020-04-03 12:00:00,7004.94,7013.87,6672.1,6711.9,30758.803895
2020-04-03 16:00:00,6713.34,6810.24,6602.1,6768.15,19427.978343
2020-04-03 20:00:00,6768.14,6813.0,6667.33,6734.1,9344.83903
2020-04-04 00:00:00,6732.97,6802.94,6666.44,6696.19,7490.873438
2020-04-04 04:00:00,6696.51,6766.83,6685.2,6729.54,5309.418898
2020-04-04 08:00:00,6729.54,6900.0,6650.01,6697.01,20030.107383
2020-04-04 12:00:00,6696.68,6764.94,6665.0,6730.01,10427.422067
2020-04-04 16:00:00,6730.01,6807.0,6711.76,6747.35,9802.458923
2020-04-04 20:00:00,6747.35,6990.41,6730.0,6856.99,19930.58043
2020-04-05 00:00:00,6857.41,6895.54,6788.1,6797.03,7206.080643
2020-04-05 04:00:00,6797.37,6840.0,6744.0,6773.22,7226.934153
2020-04-05 08:00:00,6773.56,6843.59,6745.87,6776.6,8132.182599
2020-04-05 12:00:00,6777.11,6822.52,6758.0,6784.74,6323.325869
2020-04-05 16:00:00,6783.64,6840.0,6677.52,6792.99,12974.958057
2020-04-05 20:00:00,6792.39,6810.0,6721.58,6772.78,7821.875662
2020-04-06 00:00:00,6772.78,6888.0,6765.0,6843.82,11597.399851
2020-04-06 04:00:00,6843.83,7100.39,6843.83,7031.54,27475.340595
2020-04-06 08:00:00,7030.48,7148.0,7010.0,7099.0,18295.082232
2020-04-06 12:00:00,7099.01,7163.0,7030.02,7143.0,18590.303722
2020-04-06 16:00:00,7142.99,7309.0,7080.0,7265.86,26525.907376
2020-04-06 20:00:00,7265.86,7355.14,7183.66,7329.9,15567.967056
2020-04-07 00:00:00,7329.9,7454.0,7254.79,7322.07,21904.653067
2020-04-07 04:00:00,7322.08,7388.0,7226.07,7378.08,14375.843655
2020-04-07 08:00:00,7377.26,7440.0,7318.12,7381.01,14932.804013
2020-04-07 12:00:00,7381.03,7459.69,7260.0,7318.04,20538.895583
2020-04-07 16:00:00,7318.3,7388.04,7280.12,7287.55,11100.656438
2020-04-07 20:00:00,7287.62,7293.29,7077.0,7197.32,20732.316162
2020-04-08 00:00:00,7197.32,7388.0,7150.0,7353.41,14803.945711
2020-04-08 04:00:00,7352.7,7420.0,7282.0,7321.85,13083.962305
2020-04-08 08:00:00,7320.76,7342.91,7216.23,7292.92,13288.806786
2020-04-08 12:00:00,7292.26,7342.45,7200.0,7276.83,13564.741126
2020-04-08 16:00:00,7277.42,7349.99,7251.64,7306.09,11606.305448
2020-04-08 20:00:00,7307.6,7390.0,7290.0,7361.28,9711.384462
2020-04-09 00:00:00,7360.26,7371.92,7260.0,7286.34,7753.158232
2020-04-09 04:00:00,7286.35,7339.09,7234.96,7330.0,7534.627487
2020-04-09 08:00:00,7329.99,7349.0,7150.0,7183.98,12544.660256
2020-04-09 12:00:00,7184.0,7350.0,7108.08,7282.68,20032.493984
2020-04-09 16:00:00,7283.13,7314.12,7232.0,7262.85,8328.621532
2020-04-09 20:00:00,7262.85,7315.0,7241.0,7283.54,4901.310926
2020-04-10 00:00:00,7283.54,7295.75,7157.45,7175.78,10099.958994
2020-04-10 04:00:00,7175.77,7175.78,6870.0,6922.98,33951.547816
2020-04-10 08:00:00,6922.89,6958.22,6853.7,6898.24,14066.598436
2020-04-10 12:00:00,6898.24,6930.0,6739.98,6766.43,21929.885
2020-04-10 16:00:00,6766.76,6948.0,6740.09,6900.31,16649.614694
2020-04-10 20:00:00,6900.13,6931.93,6818.88,6858.92,7977.018435
2020-04-11 00:00:00,6858.92,6920.0,6836.41,6907.82,6027.438325
2020-04-11 04:00:00,6907.08,6944.3,6860.0,6876.7,8148.95288
2020-04-11 08:00:00,6876.43,6896.78,6830.0,6878.21,7649.51617
2020-04-11 12:00:00,6878.38,6888.92,6802.8,6831.28,6736.288935
2020-04-11 16:00:00,6831.32,6859.0,6771.44,6803.22,8373.558724
2020-04-11 20:00:00,6803.22,6887.05,6760.0,6876.83,8534.538172
2020-04-12 00:00:00,6876.84,6906.26,6789.0,6806.49,6409.669745
2020-04-12 04:00:00,6806.5,6845.67,6780.0,6828.64,4488.842468
2020-04-12 08:00:00,6828.64,6878.0,6820.0,6847.18,5497.020547
2020-04-12 12:00:00,6846.83,7034.75,6846.66,7018.99,16702.169586
2020-04-12 16:00:00,7018.99,7177.0,7012.0,7112.13,23559.022538
2020-04-12 20:00:00,7112.13,7159.86,6885.0,6903.79,17211.941617
2020-04-13 00:00:00,6903.79,6903.79,6575.0,6675.52,27595.620191
2020-04-13 04:00:00,6675.53,6738.34,6638.0,6699.34,9936.004264
2020-04-13 08:00:00,6699.39,6833.0,6655.33,6771.01,14358.497214
2020-04-13 12:00:00,6771.01,6809.97,6603.0,6765.65,22650.545418
2020-04-13 16:00:00,6765.66,6803.0,6725.0,6772.74,9824.397491
2020-04-13 20:00:00,6772.72,6891.1,6772.67,6837.91,12050.411995
2020-04-14 00:00:00,6838.04,6918.41,6802.1,6885.07,9064.817039
2020-04-14 04:00:00,6885.29,6921.35,6815.77,6817.77,10607.585571
2020-04-14 08:00:00,6817.77,6878.01,6754.28,6827.82,12285.230246
2020-04-14 12:00:00,6827.78,6949.0,6797.41,6906.38,17100.788162
2020-04-14 16:00:00,6906.4,6978.0,6859.59,6918.18,12904.295084
2020-04-14 20:00:00,6918.18,6932.65,6825.15,6868.7,7105.907183
2020-04-15 00:00:00,6868.57,6918.52,6810.06,6906.56,6767.497743
2020-04-15 04:00:00,6906.56,6933.0,6858.63,6862.05,6687.879683
2020-04-15 08:00:00,6862.06,6880.0,6750.0,6783.0,13205.804737
2020-04-15 12:00:00,6782.86,6783.47,6680.1,6701.9,18153.095576
2020-04-15 16:00:00,6701.9,6773.89,6690.0,6730.01,7244.398103
2020-04-15 20:00:00,6730.01,6761.99,6605.0,6621.24,9512.709152
2020-04-16 00:00:00,6621.25,6667.94,6468.27,6651.87,18685.919657
2020-04-16 04:00:00,6651.69,6980.0,6621.35,6892.4,26267.96592
2020-04-16 08:00:00,6893.24,7147.28,6871.13,7023.99,30760.137761
2020-04-16 12:00:00,7023.98,7093.0,6930.0,7045.51,18710.315469
2020-04-16 16:00:00,7046.29,7095.0,6952.2,7070.79,13183.365822
2020-04-16 20:00:00,7071.01,7190.0,6970.03,7101.94,17402.15291
2020-04-17 00:00:00,7101.99,7138.26,7015.01,7086.18,9884.651611
2020-04-17 04:00:00,7086.18,7087.76,7015.0,7043.38,7998.544195
2020-04-17 08:00:00,7043.17,7126.33,7026.09,7074.61,9779.42734
2020-04-17 12:00:00,7075.23,7100.0,6972.98,7037.94,11784.18966
2020-04-17 16:00:00,7037.95,7090.39,7022.5,7072.71,6419.157008
2020-04-17 20:00:00,7071.48,7148.12,7015.0,7027.55,8260.539949
2020-04-18 00:00:00,7026.78,7109.99,7014.4,7086.8,5659.383656
2020-04-18 04:00:00,7085.86,7120.0,7077.44,7089.72,3556.769213
2020-04-18 08:00:00,7089.78,7120.93,7054.11,7104.52,4562.15589
2020-04-18 12:00:00,7104.52,7268.9,7078.74,7243.37,19266.296563
2020-04-18 16:00:00,7243.65,7255.0,7155.01,7211.2,8898.467002
2020-04-18 20:00:00,7211.2,7293.08,7199.0,7248.6,7545.470495
2020-04-19 00:00:00,7248.6,7266.15,7180.0,7229.96,6153.51506
2020-04-19 04:00:00,7229.27,7243.79,7100.0,7146.77,9449.906081
2020-04-19 08:00:00,7145.49,7186.0,7123.18,7163.19,5442.135139
2020-04-19 12:00:00,7162.66,7170.0,7055.6,7097.33,10911.212817
2020-04-19 16:00:00,7097.34,7170.58,7086.0,7134.28,6586.68198
2020-04-19 20:00:00,7134.25,7210.0,7104.28,7120.74,7121.412853
2020-04-20 00:00:00,7121.4,7187.0,7082.0,7161.03,6858.489361
2020-04-20 04:00:00,7161.55,7220.0,7154.01,7184.94,6908.252335
2020-04-20 08:00:00,7185.18,7188.32,6955.37,6966.55,16368.260727
2020-04-20 12:00:00,6965.42,7094.26,6912.34,7071.4,17542.635411
2020-04-20 16:00:00,7071.4,7087.85,6766.43,6768.88,30142.508191
2020-04-20 20:00:00,6768.94,6894.32,6751.0,6826.83,12329.345345
2020-04-21 00:00:00,6828.98,6917.0,6811.05,6857.92,7810.889293
2020-04-21 04:00:00,6857.92,6902.0,6830.29,6878.68,7000.640349
2020-04-21 08:00:00,6878.62,6892.9,6762.0,6793.29,12823.743414
2020-04-21 12:00:00,6792.79,6875.0,6782.0,6830.8,13356.221748
2020-04-21 16:00:00,6830.79,6940.0,6811.11,6864.92,13522.333664
2020-04-21 20:00:00,6863.95,6915.4,6830.0,6841.37,5595.88234
2020-04-22 00:00:00,6841.36,6888.0,6818.0,6862.24,5404.472763
2020-04-22 04:00:00,6862.24,6964.84,6842.53,6942.11,10374.349214
2020-04-22 08:00:00,6941.78,6974.57,6918.07,6955.8,7500.477971
2020-04-22 12:00:00,6955.81,7132.0,6928.43,7112.2,20387.753278
2020-04-22 16:00:00,7112.15,7156.38,7062.6,7085.57,12138.565249
2020-04-22 20:00:00,7085.56,7131.67,7079.41,7125.14,5680.758859
2020-04-23 00:00:00,7125.12,7183.0,7100.0,7113.27,8483.468836
2020-04-23 04:00:00,7113.27,7138.0,7020.0,7061.54,11068.025632
2020-04-23 08:00:00,7061.35,7144.0,7046.21,7133.39,9010.849915
2020-04-23 12:00:00,7133.89,7738.0,7108.23,7530.1,47597.905346
2020-04-23 16:00:00,7528.78,7600.0,7485.0,7522.01,14458.890777
2020-04-23 20:00:00,7522.0,7616.16,7420.0,7482.39,12154.429055
2020-04-24 00:00:00,7483.96,7550.0,7457.95,7523.0,8198.911911
2020-04-24 04:00:00,7522.95,7586.92,7491.59,7568.68,8285.198585
2020-04-24 08:00:00,7568.68,7615.96,7480.0,7494.03,15430.614631
2020-04-24 12:00:00,7494.03,7529.0,7388.0,7503.12,16703.617734
2020-04-24 16:00:00,7503.13,7544.17,7478.07,7521.58,6369.482247
2020-04-24 20:00:00,7521.65,7550.0,7467.09,7505.0,5194.294831
2020-04-25 00:00:00,7505.0,7512.0,7431.07,7480.78,2938.777916
2020-04-25 04:00:00,7480.68,7594.0,7480.68,7561.48,7670.530051
2020-04-25 08:00:00,7561.68,7601.5,7512.0,7532.97,9758.578375
2020-04-25 12:00:00,7532.35,7705.0,7513.0,7528.84,12359.221093
2020-04-25 16:00:00,7528.85,7566.59,7476.54,7542.81,7181.802299
2020-04-25 20:00:00,7542.82,7560.0,7500.0,7538.67,3965.517992
2020-04-26 00:00:00,7539.03,7583.0,7522.17,7565.71,4443.462761
2020-04-26 04:00:00,7565.71,7566.53,7525.0,7546.66,3917.348167
2020-04-26 08:00:00,7546.67,7678.0,7530.0,7660.4,10305.871559
2020-04-26 12:00:00,7660.39,7700.0,7480.0,7545.01,16819.818859
2020-04-26 16:00:00,7545.01,7658.0,7534.07,7646.63,7365.083841
2020-04-26 20:00:00,7647.46,7695.0,7577.27,7693.1,7671.031022
2020-04-27 00:00:00,7693.1,7792.02,7643.75,7733.0,16575.12772
2020-04-27 04:00:00,7733.01,7748.22,7630.0,7697.91,10439.283096
2020-04-27 08:00:00,7697.77,7738.0,7664.66,7717.89,9507.32763
2020-04-27 12:00:00,7717.89,7725.0,7606.0,7675.58,12708.458473
2020-04-27 16:00:00,7675.59,7720.0,7633.99,7698.32,9024.969531
2020-04-27 20:00:00,7698.74,7779.0,7680.32,7774.62,7186.173126
2020-04-28 00:00:00,7773.51,7780.0,7665.0,7701.29,8554.60885
2020-04-28 04:00:00,7701.6,7725.0,7659.12,7705.99,7224.450383
2020-04-28 08:00:00,7705.99,7753.0,7680.0,7728.62,8189.551784
2020-04-28 12:00:00,7728.62,7764.1,7665.21,7716.91,10912.384037
2020-04-28 16:00:00,7717.12,7746.0,7706.26,7717.04,5995.292399
2020-04-28 20:00:00,7716.84,7770.0,7703.91,7738.98,5426.465185
2020-04-29 00:00:00,7738.58,7850.0,7710.05,7815.3,13577.877709
2020-04-29 04:00:00,7815.38,7966.0,7800.56,7945.0,17211.863845
2020-04-29 08:00:00,7945.0,8174.85,7928.0,8126.98,26668.363399
2020-04-29 12:00:00,8126.97,8387.97,8119.6,8357.06,38910.534948
2020-04-29 16:00:00,8358.6,8952.89,8325.23,8721.22,63818.498566
2020-04-29 20:00:00,8721.22,8932.0,8681.0,8778.57,23359.749047
2020-04-30 00:00:00,8778.58,9300.87,8707.11,9288.98,29111.914256
2020-04-30 04:00:00,9289.97,9460.0,9011.54,9177.01,48103.143167
2020-04-30 08:00:00,9177.95,9222.91,8542.57,8839.63,50919.68044
2020-04-30 12:00:00,8837.98,8915.0,8696.55,8776.95,22166.125938
2020-04-30 16:00:00,8776.94,8859.11,8401.0,8836.01,39316.741075
2020-04-30 20:00:00,8836.01,8882.78,8573.98,8620.0,16659.609248
2020-05-01 00:00:00,8620.0,8762.04,8613.56,8675.35,9597.958604
2020-05-01 04:00:00,8675.1,8835.7,8674.01,8767.18,11156.716314
2020-05-01 08:00:00,8767.18,9059.18,8745.01,8995.66,19446.526185
2020-05-01 12:00:00,8995.73,9022.0,8716.28,8726.84,27077.088241
2020-05-01 16:00:00,8726.88,8780.0,8655.31,8727.82,13872.017722
2020-05-01 20:00:00,8727.97,8893.43,8663.28,8826.96,10318.507993
2020-05-02 00:00:00,8825.67,8856.4,8753.0,8834.08,6874.594622
2020-05-02 04:00:00,8834.29,8856.76,8782.62,8799.01,6496.653519
2020-05-02 08:00:00,8799.0,8887.0,8768.0,8834.0,9660.463249
2020-05-02 12:00:00,8834.84,8967.62,8834.84,8936.41,13856.889446
2020-05-02 16:00:00,8936.41,9010.0,8811.0,8878.11,14803.390461
2020-05-02 20:00:00,8878.0,8985.0,8860.0,8972.05,7310.096253
2020-05-03 00:00:00,8972.58,9200.0,8937.0,9132.95,19551.911708
2020-05-03 04:00:00,9133.25,9150.23,8911.35,8990.75,14553.276383
2020-05-03 08:00:00,8990.75,9140.0,8966.22,9045.5,10191.332176
2020-05-03 12:00:00,9045.62,9094.0,8712.0,8813.0,27163.188849
2020-05-03 16:00:00,8812.78,8906.0,8781.2,8872.34,9156.813714
2020-05-03 20:00:00,8871.31,8955.0,8790.0,8894.16,9509.542813
2020-05-04 00:00:00,8894.15,8936.1,8630.55,8730.84,16450.048696
2020-05-04 04:00:00,8730.85,8741.99,8522.0,8648.41,17585.59479
2020-05-04 08:00:00,8648.42,8716.8,8594.26,8672.36,11684.325911
2020-05-04 12:00:00,8672.57,8860.0,8646.52,8848.0,16084.146963
2020-05-04 16:00:00,8848.0,8887.0,8743.58,8830.14,12092.485873
2020-05-04 20:00:00,8828.94,8950.0,8825.0,8871.96,10521.910098
2020-05-05 00:00:00,8871.92,8928.35,8815.0,8850.0,7921.597589
2020-05-05 04:00:00,8850.0,9118.58,8849.97,9013.55,20115.28552
2020-05-05 08:00:00,9013.66,9085.0,8760.0,8844.73,18399.871441
2020-05-05 12:00:00,8845.64,8950.0,8806.12,8842.34,11998.729124
2020-05-05 16:00:00,8842.72,8938.0,8818.41,8905.0,7972.880335
2020-05-05 20:00:00,8905.01,9044.0,8887.0,9021.83,10072.401333
2020-05-06 00:00:00,9021.36,9069.0,8906.21,8979.73,9534.197648
2020-05-06 04:00:00,8979.74,9050.0,8960.69,9018.18,8917.586825
2020-05-06 08:00:00,9018.05,9349.0,8995.93,9313.0,34619.84394
2020-05-06 12:00:00,9313.96,9380.0,9125.0,9273.39,24324.445721
2020-05-06 16:00:00,9273.4,9315.23,9190.51,9237.73,11431.840741
2020-05-06 20:00:00,9237.74,9395.0,9079.0,9142.92,17097.387545
2020-05-07 00:00:00,9143.4,9374.93,9021.0,9290.39,18535.490633
2020-05-07 04:00:00,9290.21,9323.51,9230.9,9309.92,8795.548276
2020-05-07 08:00:00,9308.56,9340.0,9247.1,9280.01,9644.091223
2020-05-07 12:00:00,9280.05,9590.0,9262.0,9515.51,38460.702427
2020-05-07 16:00:00,9516.43,9950.0,9503.34,9863.93,45283.10099
2020-05-07 20:00:00,9863.93,10067.0,9721.01,9986.4,26435.677829
2020-05-08 00:00:00,9986.3,10035.96,9822.5,9930.69,19577.144561
2020-05-08 04:00:00,9930.69,9933.94,9705.0,9810.14,18140.877549
2020-05-08 08:00:00,9810.34,9964.99,9807.98,9899.75,14658.635683
2020-05-08 12:00:00,9899.35,10006.98,9780.0,9941.21,20164.044512
2020-05-08 16:00:00,9942.07,9995.0,9860.52,9945.99,13339.160424
2020-05-08 20:00:00,9946.0,10000.52,9780.0,9800.01,14803.933671
2020-05-09 00:00:00,9800.02,9914.25,9728.46,9863.02,11004.482505
2020-05-09 04:00:00,9863.02,9878.99,9561.0,9592.77,20570.769046
2020-05-09 08:00:00,9594.7,9718.97,9520.0,9638.85,16910.545105
2020-05-09 12:00:00,9638.85,9719.22,9600.6,9688.62,10501.547927
2020-05-09 16:00:00,9688.55,9795.0,9672.0,9744.77,8939.172886
2020-05-09 20:00:00,9745.11,9773.09,9525.0,9539.4,14024.162098
2020-05-10 00:00:00,9539.1,9574.83,8117.0,8622.78,75541.205769
2020-05-10 04:00:00,8622.73,8835.0,8470.3,8812.28,21634.949026
2020-05-10 08:00:00,8812.27,8900.0,8645.0,8737.35,20506.13818
2020-05-10 12:00:00,8736.57,8817.0,8560.0,8650.96,15458.974751
2020-05-10 16:00:00,8652.27,8686.87,8255.0,8502.94,29673.127733
2020-05-10 20:00:00,8500.66,8837.28,8500.66,8722.77,21050.786569
2020-05-11 00:00:00,8722.77,8805.14,8658.56,8696.64,10641.658486
2020-05-11 04:00:00,8696.24,8732.23,8613.01,8664.32,10326.88852
2020-05-11 08:00:00,8664.32,8990.0,8478.0,8927.43,29054.895005
2020-05-11 12:00:00,8926.17,9168.0,8725.35,8882.96,41752.920981
2020-05-11 16:00:00,8882.97,8924.48,8200.0,8746.86,59255.177358
2020-05-11 20:00:00,8745.25,8807.0,8459.28,8561.52,17775.711482
2020-05-12 00:00:00,8562.04,8742.43,8528.78,8716.07,11224.925222
2020-05-12 04:00:00,8716.75,8785.0,8614.98,8656.05,10948.791761
2020-05-12 08:00:00,8655.76,8828.72,8632.93,8800.92,14846.694767
2020-05-12 12:00:00,8800.91,8944.72,8659.0,8867.72,22551.31251
2020-05-12 16:00:00,8867.72,8978.26,8775.0,8792.19,17005.945766
2020-05-12 20:00:00,8792.19,8851.92,8730.06,8810.79,9945.11004
2020-05-13 00:00:00,8810.99,8972.46,8792.99,8912.19,11516.466052
2020-05-13 04:00:00,8911.99,8940.58,8859.25,8867.2,7984.998435
2020-05-13 08:00:00,8867.2,9048.62,8826.72,9035.98,13966.220494
2020-05-13 12:00:00,9036.38,9188.0,8982.75,9136.85,23154.468836
2020-05-13 16:00:00,9136.85,9165.73,9036.2,9151.24,12965.747781
2020-05-13 20:00:00,9151.25,9398.0,9136.75,9309.37,22878.37242
2020-05-14 00:00:00,9309.35,9386.62,9256.76,9352.38,9913.870297
2020-05-14 04:00:00,9352.38,9547.0,9267.0,9508.56,17871.107046
2020-05-14 08:00:00,9508.56,9939.0,9467.5,9686.71,47362.084534
2020-05-14 12:00:00,9686.71,9759.99,9541.01,9748.98,20879.71354
2020-05-14 16:00:00,9748.99,9783.01,9569.47,9660.0,13741.138092
2020-05-14 20:00:00,9658.59,9874.3,9599.84,9791.98,19797.463961
2020-05-15 00:00:00,9791.97,9845.62,9256.12,9472.97,26499.317879
2020-05-15 04:00:00,9472.97,9729.81,9370.38,9674.33,17034.515442
2020-05-15 08:00:00,9673.45,9710.0,9480.0,9592.38,15476.69622
2020-05-15 12:00:00,9593.53,9616.65,9413.93,9475.53,17716.085047
2020-05-15 16:00:00,9476.33,9534.78,9331.66,9337.83,15061.410964
2020-05-15 20:00:00,9337.86,9487.58,9150.0,9316.42,24102.735964
2020-05-16 00:00:00,9315.96,9458.16,9220.0,9405.68,10717.526473
2020-05-16 04:00:00,9405.68,9588.0,9367.13,9390.02,11538.805516
2020-05-16 08:00:00,9390.03,9458.0,9315.0,9414.53,8614.97252
2020-05-16 12:00:00,9414.54,9534.85,9330.0,9380.75,12148.027773
2020-05-16 16:00:00,9380.42,9419.0,9262.0,9329.78,10620.56041
2020-05-16 20:00:00,9329.78,9442.98,9294.17,9381.27,5947.73517
2020-05-17 00:00:00,9380.81,9579.16,9322.1,9545.58,10792.591305
2020-05-17 04:00:00,9544.49,9573.63,9475.0,9540.99,6050.514505
2020-05-17 08:00:00,9540.98,9554.73,9436.0,9522.08,6299.630422
2020-05-17 12:00:00,9522.5,9888.0,9521.45,9822.32,25749.183077
2020-05-17 16:00:00,9822.64,9840.0,9685.0,9771.0,9398.158462
2020-05-17 20:00:00,9771.29,9798.49,9595.2,9680.04,10357.686552
2020-05-18 00:00:00,9681.11,9950.0,9680.13,9860.51,19480.083096
2020-05-18 04:00:00,9860.51,9910.0,9730.0,9785.71,12139.632887
2020-05-18 08:00:00,9785.7,9796.91,9464.23,9634.89,20868.054053
2020-05-18 12:00:00,9634.89,9735.0,9565.1,9670.96,11901.255498
2020-05-18 16:00:00,9670.97,9720.0,9550.01,9701.7,11244.90316
2020-05-18 20:00:00,9701.7,9755.0,9650.0,9733.93,6372.674889
2020-05-19 00:00:00,9733.93,9742.95,9493.03,9530.0,12755.322709
2020-05-19 04:00:00,9530.51,9625.0,9474.0,9573.99,8911.42957
2020-05-19 08:00:00,9573.99,9897.21,9570.11,9751.98,24340.415569
2020-05-19 12:00:00,9752.24,9762.0,9561.0,9687.06,18274.071123
2020-05-19 16:00:00,9687.06,9729.35,9622.33,9644.13,7172.729815
2020-05-19 20:00:00,9644.92,9794.0,9620.49,9775.53,7085.791668
2020-05-20 00:00:00,9775.13,9800.0,9707.0,9724.4,6946.361182
2020-05-20 04:00:00,9724.09,9842.0,9651.0,9764.51,10869.903658
2020-05-20 08:00:00,9764.51,9810.0,9715.0,9731.21,8760.072881
2020-05-20 12:00:00,9731.22,9799.0,9326.0,9414.5,24135.96602
2020-05-20 16:00:00,9414.51,9547.32,9352.27,9531.99,16028.606384
2020-05-20 20:00:00,9531.99,9598.0,9435.87,9511.43,8182.827965
2020-05-21 00:00:00,9511.43,9578.47,9447.26,9483.37,7009.676043
2020-05-21 04:00:00,9483.37,9532.39,9400.0,9457.83,8732.433715
2020-05-21 08:00:00,9457.88,9505.57,9228.0,9389.97,20789.066523
2020-05-21 12:00:00,9389.97,9395.43,8949.74,9084.38,35226.100321
2020-05-21 16:00:00,9082.5,9135.09,8815.0,9065.53,25961.980448
2020-05-21 20:00:00,9065.81,9164.99,9011.21,9068.65,11209.523919
2020-05-22 00:00:00,9067.51,9133.62,8953.91,8995.55,10341.351871
2020-05-22 04:00:00,8995.0,9120.0,8933.52,9081.81,10441.204393
2020-05-22 08:00:00,9081.81,9206.92,9044.94,9166.0,11961.578258
2020-05-22 12:00:00,9166.0,9222.95,9079.78,9222.69,10550.981816
2020-05-22 16:00:00,9222.95,9271.0,9141.51,9173.72,10322.332863
2020-05-22 20:00:00,9173.72,9215.0,9130.6,9170.0,5325.681823
2020-05-23 00:00:00,9170.0,9307.85,9169.99,9286.61,8113.80576
2020-05-23 04:00:00,9286.11,9300.0,9207.38,9255.28,6651.790843
2020-05-23 08:00:00,9255.7,9255.7,9096.07,9172.25,10192.381347
2020-05-23 12:00:00,9172.26,9220.0,9070.0,9198.78,7682.839908
2020-05-23 16:00:00,9198.78,9209.06,9125.0,9180.98,5354.895548
2020-05-23 20:00:00,9180.97,9247.63,9152.44,9179.15,5530.58356
2020-05-24 00:00:00,9179.01,9231.0,9120.77,9192.76,5399.169907
2020-05-24 04:00:00,9192.77,9297.0,9184.0,9255.53,6404.562295
2020-05-24 08:00:00,9255.54,9298.0,9100.0,9119.0,9622.957197
2020-05-24 12:00:00,9119.0,9179.31,9000.0,9055.74,13826.314148
2020-05-24 16:00:00,9055.6,9055.61,8853.21,9018.45,19804.697577
2020-05-24 20:00:00,9017.37,9080.99,8700.0,8720.34,15322.165326
2020-05-25 00:00:00,8718.14,8822.9,8642.72,8786.57,12353.726308
2020-05-25 04:00:00,8786.57,8874.41,8761.07,8867.31,8399.144663
2020-05-25 08:00:00,8867.31,8881.24,8668.29,8752.41,13302.399249
2020-05-25 12:00:00,8753.2,8857.0,8728.41,8782.44,11308.072822
2020-05-25 16:00:00,8781.22,8979.66,8762.27,8928.06,11724.296795
2020-05-25 20:00:00,8928.06,8950.0,8860.98,8900.35,5746.271112
2020-05-26 00:00:00,8900.35,8930.0,8822.74,8903.76,7216.472004
2020-05-26 04:00:00,8903.75,8965.0,8860.05,8957.49,9398.123508
2020-05-26 08:00:00,8956.83,9017.67,8832.38,8869.15,12352.95813
2020-05-26 12:00:00,8869.32,8914.56,8705.0,8726.6,13580.857265
2020-05-26 16:00:00,8726.6,8820.0,8700.0,8800.0,9278.362772
2020-05-26 20:00:00,8800.0,8880.0,8799.99,8841.18,6472.996459
2020-05-27 00:00:00,8841.0,8897.8,8811.73,8828.9,6254.935664
2020-05-27 04:00:00,8829.12,8887.75,8825.0,8844.28,5870.784572
2020-05-27 08:00:00,8844.89,9170.0,8844.0,9150.74,21387.093352
2020-05-27 12:00:00,9148.87,9225.0,9120.0,9148.0,18265.53004
2020-05-27 16:00:00,9148.01,9218.92,9135.88,9159.99,8372.472911
2020-05-27 20:00:00,9159.99,9205.42,9052.32,9204.07,8759.538975
2020-05-28 00:00:00,9204.07,9280.78,9155.67,9172.91,9044.396557
2020-05-28 04:00:00,9171.6,9201.72,9120.01,9150.44,6523.735399
2020-05-28 08:00:00,9150.06,9280.0,9110.0,9266.89,9406.576915
2020-05-28 12:00:00,9267.22,9518.0,9251.65,9499.81,25077.207283
2020-05-28 16:00:00,9499.81,9537.8,9391.38,9452.25,11162.730817
2020-05-28 20:00:00,9452.24,9625.47,9410.01,9575.89,12896.140691
2020-05-29 00:00:00,9575.87,9605.26,9461.07,9521.26,11422.34257
2020-05-29 04:00:00,9521.26,9553.47,9471.99,9523.5,7641.966378
2020-05-29 08:00:00,9523.63,9593.69,9335.0,9403.87,17037.068232
2020-05-29 12:00:00,9403.98,9478.0,9330.0,9412.0,8497.160813
2020-05-29 16:00:00,9412.55,9457.69,9393.29,9404.98,8576.698033
2020-05-29 20:00:00,9404.99,9452.36,9372.0,9427.07,4199.126935
2020-05-30 00:00:00,9426.6,9433.48,9331.23,9396.18,5501.038444
2020-05-30 04:00:00,9396.63,9600.0,9391.63,9528.69,12737.470077
2020-05-30 08:00:00,9528.73,9583.0,9459.93,9554.17,8161.321668
2020-05-30 12:00:00,9554.51,9570.0,9495.0,9540.6,8152.488598
2020-05-30 16:00:00,9540.6,9554.98,9512.04,9535.14,5114.567288
2020-05-30 20:00:00,9535.13,9740.0,9400.0,9697.72,15998.386465
2020-05-31 00:00:00,9697.72,9700.0,9552.92,9576.79,8438.643724
2020-05-31 04:00:00,9576.78,9613.65,9516.38,9565.13,7131.371604
2020-05-31 08:00:00,9565.13,9605.69,9500.0,9588.96,7079.333338
2020-05-31 12:00:00,9588.95,9638.0,9436.96,9480.0,11057.008959
2020-05-31 16:00:00,9480.41,9536.69,9460.0,9514.74,6343.102483
2020-05-31 20:00:00,9514.73,9525.22,9381.41,9448.27,8284.326295
2020-06-01 00:00:00,9448.27,9571.66,9421.67,9555.79,7412.099833
2020-06-01 04:00:00,9556.14,9619.0,9526.2,9571.47,7539.341545
2020-06-01 08:00:00,9571.18,9581.99,9511.0,9513.22,6040.946319
2020-06-01 12:00:00,9512.8,9590.26,9491.45,9546.98,8149.94075
2020-06-01 16:00:00,9548.18,9612.76,9536.99,9572.48,6948.560426
2020-06-01 20:00:00,9572.5,10380.0,9558.57,10200.77,40558.238087
2020-06-02 00:00:00,10202.71,10228.99,10041.59,10096.86,23845.928617
2020-06-02 04:00:00,10096.87,10134.27,10070.03,10118.86,10478.054425
2020-06-02 08:00:00,10119.12,10156.78,10090.0,10115.56,11207.523625
2020-06-02 12:00:00,10116.68,10190.0,9266.0,9468.81,42576.309027
2020-06-02 16:00:00,9468.08,9540.0,9424.17,9508.83,12631.743061
2020-06-02 20:00:00,9507.69,9552.91,9400.0,9518.04,8231.214396
2020-06-03 00:00:00,9518.02,9540.0,9469.63,9491.99,5552.567253
2020-06-03 04:00:00,9491.58,9539.0,9365.21,9506.32,8051.554754
2020-06-03 08:00:00,9506.94,9622.01,9492.06,9618.57,9265.18026
2020-06-03 12:00:00,9617.92,9646.43,9486.05,9559.29,10121.094917
2020-06-03 16:00:00,9560.17,9622.44,9529.0,9577.18,7378.453985
2020-06-03 20:00:00,9577.18,9690.0,9558.24,9666.24,5883.79377
2020-06-04 00:00:00,9666.32,9687.93,9600.01,9665.37,5837.764949
2020-06-04 04:00:00,9665.36,9677.46,9617.27,9649.6,5945.226178
2020-06-04 08:00:00,9649.59,9653.27,9450.0,9622.08,12879.299713
2020-06-04 12:00:00,9622.18,9840.79,9605.0,9829.39,15351.040161
2020-06-04 16:00:00,9829.4,9881.63,9725.0,9817.64,10938.111682
2020-06-04 20:00:00,9817.65,9860.0,9728.1,9789.06,6504.658286
2020-06-05 00:00:00,9788.14,9846.16,9750.0,9796.59,5254.740553
2020-06-05 04:00:00,9797.04,9826.33,9725.0,9774.64,6001.818354
2020-06-05 08:00:00,9774.27,9854.75,9581.0,9696.6,16050.770613
2020-06-05 12:00:00,9697.79,9727.97,9624.24,9711.75,9342.565347
2020-06-05 16:00:00,9711.76,9755.82,9693.13,9725.0,6048.564475
2020-06-05 20:00:00,9724.99,9735.43,9619.47,9621.16,5089.590708
2020-06-06 00:00:00,9621.17,9644.34,9531.05,9636.18,7790.238073
2020-06-06 04:00:00,9636.17,9640.0,9580.0,9609.84,3919.906113
2020-06-06 08:00:00,9609.85,9699.0,9580.0,9693.85,6059.55938
2020-06-06 12:00:00,9693.85,9735.0,9625.33,9651.67,5850.792718
2020-06-06 16:00:00,9651.59,9677.0,9583.93,9657.39,4401.020517
2020-06-06 20:00:00,9658.15,9729.74,9633.7,9666.3,4731.434092
2020-06-07 00:00:00,9666.85,9701.61,9624.0,9685.69,3083.450793
2020-06-07 04:00:00,9685.79,9717.0,9597.0,9658.99,4715.242688
2020-06-07 08:00:00,9658.99,9679.89,9555.0,9575.59,7357.707135
2020-06-07 12:00:00,9576.57,9602.9,9372.46,9500.03,17548.793475
2020-06-07 16:00:00,9500.04,9800.0,9454.98,9773.81,11920.766738
2020-06-07 20:00:00,9775.51,9802.0,9675.55,9746.99,13326.887556
2020-06-08 00:00:00,9746.99,9779.99,9698.06,9725.83,6758.148186
2020-06-08 04:00:00,9725.48,9760.0,9714.78,9727.51,4451.136494
2020-06-08 08:00:00,9727.51,9800.0,9633.0,9742.69,10753.122411
2020-06-08 12:00:00,9742.68,9751.78,9651.0,9705.51,7298.988367
2020-06-08 16:00:00,9706.3,9746.0,9661.0,9694.65,5613.810179
2020-06-08 20:00:00,9694.64,9800.0,9676.58,9782.01,5789.458488
2020-06-09 00:00:00,9782.0,9877.0,9570.0,9679.22,13031.061006
2020-06-09 04:00:00,9678.95,9706.87,9653.75,9681.75,4585.06894
2020-06-09 08:00:00,9681.81,9728.0,9624.53,9721.24,6679.194386
2020-06-09 12:00:00,9721.23,9748.95,9672.0,9719.89,7643.431066
2020-06-09 16:00:00,9719.89,9744.51,9681.94,9731.15,5529.2186
2020-06-09 20:00:00,9731.15,9829.0,9694.0,9772.43,8556.027291
2020-06-10 00:00:00,9772.44,9810.0,9735.59,9754.5,5602.799525
2020-06-10 04:00:00,9754.5,9790.0,9720.0,9747.89,4989.534207
2020-06-10 08:00:00,9747.88,9765.79,9706.04,9729.6,5097.089197
2020-06-10 12:00:00,9728.41,9779.0,9720.0,9758.33,5197.775712
2020-06-10 16:00:00,9758.32,9992.72,9704.18,9852.18,19123.511661
2020-06-10 20:00:00,9852.17,9913.0,9821.95,9885.0,7120.05268
2020-06-11 00:00:00,9885.22,9964.0,9860.0,9889.17,9631.749345
2020-06-11 04:00:00,9889.16,9906.0,9758.0,9796.47,9229.712327
2020-06-11 08:00:00,9796.29,9821.91,9755.52,9788.57,7810.451745
2020-06-11 12:00:00,9787.58,9796.29,9502.0,9521.11,23414.67645
2020-06-11 16:00:00,9521.54,9569.97,9113.0,9280.93,34158.409611
2020-06-11 20:00:00,9280.93,9375.01,9230.0,9280.4,10173.985252
2020-06-12 00:00:00,9278.88,9396.0,9232.51,9363.44,8410.952083
2020-06-12 04:00:00,9364.15,9463.0,9345.4,9439.0,8492.426608
2020-06-12 08:00:00,9439.48,9516.95,9433.73,9495.6,9002.2442
2020-06-12 12:00:00,9495.6,9557.12,9360.81,9417.81,11978.929288
2020-06-12 16:00:00,9417.98,9457.99,9301.0,9431.21,8467.59444
2020-06-12 20:00:00,9431.11,9488.15,9409.85,9465.13,3766.920313
2020-06-13 00:00:00,9464.96,9477.18,9398.49,9408.54,3836.910898
2020-06-13 04:00:00,9408.54,9448.99,9362.08,9437.9,4722.275569
2020-06-13 08:00:00,9437.69,9470.0,9380.0,9405.1,5119.325175
2020-06-13 12:00:00,9405.13,9468.0,9390.05,9437.42,5437.309417
2020-06-13 16:00:00,9437.42,9494.73,9386.21,9404.08,4154.509274
2020-06-13 20:00:00,9404.13,9480.46,9351.0,9473.34,4489.454518
2020-06-14 00:00:00,9473.34,9480.99,9425.15,9434.81,2559.77734
2020-06-14 04:00:00,9434.81,9444.46,9380.0,9414.63,3977.020803
2020-06-14 08:00:00,9414.55,9443.46,9388.0,9426.34,3120.372727
2020-06-14 12:00:00,9426.61,9438.71,9311.02,9419.36,8924.124247
2020-06-14 16:00:00,9419.36,9431.74,9366.66,9394.04,3253.118128
2020-06-14 20:00:00,9394.05,9409.88,9245.0,9342.1,8221.093363
2020-06-15 00:00:00,9342.1,9370.81,9122.0,9163.99,11307.94824
2020-06-15 04:00:00,9164.09,9225.85,8910.45,9123.3,25068.644043
2020-06-15 08:00:00,9123.3,9165.0,9068.0,9117.69,10273.023731
2020-06-15 12:00:00,9117.69,9310.96,9043.19,9298.0,15418.234436
2020-06-15 16:00:00,9298.01,9450.0,9281.81,9418.57,14424.863771
2020-06-15 20:00:00,9418.57,9495.0,9392.18,9426.02,9615.210486
2020-06-16 00:00:00,9426.05,9582.05,9373.09,9562.51,11045.974056
2020-06-16 04:00:00,9562.52,9577.33,9455.0,9504.09,8654.045946
2020-06-16 08:00:00,9504.1,9543.47,9464.01,9509.94,7238.628806
2020-06-16 12:00:00,9509.17,9589.0,9400.0,9452.62,14679.988492
2020-06-16 16:00:00,9452.18,9512.31,9430.0,9507.52,6287.151736
2020-06-16 20:00:00,9507.87,9537.5,9478.61,9525.59,4146.657891
2020-06-17 00:00:00,9526.97,9535.43,9420.0,9460.37,5688.129012
2020-06-17 04:00:00,9460.36,9534.0,9435.0,9513.0,5745.47558
2020-06-17 08:00:00,9513.0,9525.0,9466.0,9478.61,5214.392289
2020-06-17 12:00:00,9478.61,9565.0,9366.09,9399.24,12401.465741
2020-06-17 16:00:00,9399.2,9430.04,9298.4,9300.83,9997.843916
2020-06-17 20:00:00,9302.13,9473.33,9236.61,9465.14,8999.104614
2020-06-18 00:00:00,9465.13,9471.39,9401.41,9431.28,4100.744564
2020-06-18 04:00:00,9431.48,9455.0,9407.12,9440.34,4211.343143
2020-06-18 08:00:00,9440.82,9489.0,9380.0,9432.67,6599.564475
2020-06-18 12:00:00,9432.67,9445.0,9381.0,9385.99,7578.085949
2020-06-18 16:00:00,9385.99,9419.64,9335.5,9397.99,7027.659689
2020-06-18 20:00:00,9397.99,9416.65,9280.0,9386.32,7864.555945
2020-06-19 00:00:00,9386.32,9388.71,9215.79,9274.26,9716.713019
2020-06-19 04:00:00,9274.27,9335.02,9257.3,9299.52,6459.099662
2020-06-19 08:00:00,9299.53,9438.3,9274.2,9385.84,9048.222374
2020-06-19 12:00:00,9385.84,9423.0,9346.27,9383.32,6807.972099
2020-06-19 16:00:00,9383.35,9386.83,9267.81,9307.37,7697.820014
2020-06-19 20:00:00,9307.36,9354.4,9260.0,9310.23,5601.156505
2020-06-20 00:00:00,9310.23,9350.0,9286.97,9330.65,3754.556203
2020-06-20 04:00:00,9330.64,9333.42,9293.4,9302.88,3569.754208
2020-06-20 08:00:00,9303.41,9380.0,9170.95,9325.87,9173.44677
2020-06-20 12:00:00,9325.87,9335.07,9232.33,9259.78,4732.915484
2020-06-20 16:00:00,9258.82,9319.45,9241.0,9286.54,4445.720808
2020-06-20 20:00:00,9286.46,9395.0,9286.46,9358.95,4652.671911
2020-06-21 00:00:00,9358.95,9400.0,9344.13,9371.78,3895.987897
2020-06-21 04:00:00,9371.82,9422.0,9356.05,9368.98,4286.299654
2020-06-21 08:00:00,9369.46,9385.26,9331.0,9358.5,3704.680535
2020-06-21 12:00:00,9358.5,9393.0,9321.71,9373.33,3984.586841
2020-06-21 16:00:00,9373.33,9379.58,9302.0,9351.13,4555.853392
2020-06-21 20:00:00,9351.14,9354.29,9281.54,9294.69,3889.517915
2020-06-22 00:00:00,9294.69,9399.99,9277.09,9385.69,5442.675272
2020-06-22 04:00:00,9385.69,9450.0,9376.14,9419.0,7917.240693
2020-06-22 08:00:00,9419.01,9473.03,9399.8,9459.4,7329.108176
2020-06-22 12:00:00,9459.84,9509.73,9442.51,9492.26,10281.908672
2020-06-22 16:00:00,9492.25,9629.34,9474.13,9563.47,13846.615059
2020-06-22 20:00:00,9563.51,9780.0,9563.47,9685.69,13077.920471
2020-06-23 00:00:00,9685.69,9720.0,9604.04,9658.22,8558.850015
2020-06-23 04:00:00,9657.87,9667.86,9620.07,9663.63,4674.366246
2020-06-23 08:00:00,9663.63,9664.96,9577.03,9633.16,8634.845571
2020-06-23 12:00:00,9634.09,9692.42,9613.56,9691.99,8127.357481
2020-06-23 16:00:00,9691.99,9695.0,9638.89,9640.48,6339.154691
2020-06-23 20:00:00,9640.02,9660.98,9590.0,9624.89,4696.455376
2020-06-24 00:00:00,9624.33,9665.0,9612.88,9651.16,3755.780641
2020-06-24 04:00:00,9651.23,9670.0,9500.0,9512.82,9670.038902
2020-06-24 08:00:00,9512.82,9550.0,9313.0,9331.32,15689.498231
2020-06-24 12:00:00,9331.32,9430.0,9208.0,9249.93,17677.512173
2020-06-24 16:00:00,9249.97,9343.02,9238.96,9299.0,8401.733976
2020-06-24 20:00:00,9299.0,9328.46,9233.35,9296.49,6376.997541
2020-06-25 00:00:00,9298.33,9306.82,9009.69,9100.36,14993.943992
2020-06-25 04:00:00,9100.13,9198.0,9090.17,9173.48,10000.395055
2020-06-25 08:00:00,9173.7,9332.94,9173.55,9255.49,9561.183007
2020-06-25 12:00:00,9255.79,9269.7,9160.03,9236.77,8718.074998
2020-06-25 16:00:00,9236.88,9296.69,9212.0,9287.06,5919.188136
2020-06-25 20:00:00,9286.39,9340.0,9215.0,9249.49,6638.833968
2020-06-26 00:00:00,9249.49,9298.0,9182.5,9246.83,5760.63731
2020-06-26 04:00:00,9246.03,9272.12,9100.18,9146.09,9590.560327
2020-06-26 08:00:00,9147.2,9256.75,9091.55,9189.38,10310.613076
2020-06-26 12:00:00,9189.38,9232.5,9045.45,9152.01,13453.916864
2020-06-26 16:00:00,9152.16,9181.61,9091.0,9166.8,6441.168234
2020-06-26 20:00:00,9166.81,9218.0,9147.85,9162.21,4735.402466
2020-06-27 00:00:00,9162.21,9187.15,9105.0,9160.25,4509.734912
2020-06-27 04:00:00,9160.25,9196.24,9134.48,9174.25,3489.70872
2020-06-27 08:00:00,9174.37,9196.0,9120.0,9159.97,5179.023186
2020-06-27 12:00:00,9159.97,9178.16,9113.0,9130.76,4803.077885
2020-06-27 16:00:00,9130.82,9149.49,8833.0,8938.04,16503.029395
2020-06-27 20:00:00,8937.45,9099.0,8900.22,9012.0,11806.356015
2020-06-28 00:00:00,9012.0,9015.0,8948.06,8971.8,2746.153419
2020-06-28 04:00:00,8971.86,9034.65,8961.21,9023.09,3229.34381
2020-06-28 08:00:00,9023.42,9083.57,9003.09,9052.81,6184.579903
2020-06-28 12:00:00,9052.8,9179.05,9020.44,9159.42,8470.483979
2020-06-28 16:00:00,9159.27,9191.0,9102.5,9112.64,5339.325278
2020-06-28 20:00:00,9112.12,9146.0,9075.94,9116.35,4718.290032
2020-06-29 00:00:00,9116.16,9148.61,9083.52,9097.01,4312.868264
2020-06-29 04:00:00,9097.01,9134.24,9062.39,9096.95,6120.855679
2020-06-29 08:00:00,9096.91,9142.0,9061.26,9097.38,7696.305531
2020-06-29 12:00:00,9097.37,9135.36,9024.67,9124.75,9234.29761
2020-06-29 16:00:00,9124.43,9180.0,9102.03,9158.1,7104.851444
2020-06-29 20:00:00,9158.1,9238.0,9146.91,9192.56,7651.114733
2020-06-30 00:00:00,9192.93,9205.0,9155.06,9161.65,4008.794118
2020-06-30 04:00:00,9161.67,9178.87,9111.94,9144.88,5503.832364
2020-06-30 08:00:00,9144.34,9174.0,9113.55,9148.9,4894.292709
2020-06-30 12:00:00,9148.89,9189.0,9064.89,9169.57,9169.768124
2020-06-30 16:00:00,9169.99,9179.29,9095.12,9134.73,4702.335061
2020-06-30 20:00:00,9134.29,9172.44,9125.0,9138.55,3184.140425
2020-07-01 00:00:00,9138.08,9146.67,9080.1,9138.59,4278.113762
2020-07-01 04:00:00,9138.55,9162.85,9125.31,9135.37,4286.206292
2020-07-01 08:00:00,9135.37,9200.0,9133.1,9158.98,6935.664897
2020-07-01 12:00:00,9159.06,9268.38,9135.07,9263.94,10514.159629
2020-07-01 16:00:00,9263.83,9292.0,9232.7,9240.01,8361.798724
2020-07-01 20:00:00,9240.01,9259.97,9210.16,9232.0,4112.585395
2020-07-02 00:00:00,9231.99,9261.96,9215.12,9237.88,3378.864687
2020-07-02 04:00:00,9237.88,9260.84,9166.6,9208.0,6203.788132
2020-07-02 08:00:00,9208.33,9220.0,9170.01,9197.01,6246.194805
2020-07-02 12:00:00,9196.79,9257.72,9025.0,9048.92,12861.961489
2020-07-02 16:00:00,9048.92,9082.24,8940.0,9055.15,11356.838575
2020-07-02 20:00:00,9055.14,9150.0,9035.0,9086.54,5677.520388
2020-07-03 00:00:00,9086.54,9123.07,9064.67,9092.84,3633.257289
2020-07-03 04:00:00,9093.77,9118.36,9076.03,9105.05,3962.588119
2020-07-03 08:00:00,9105.25,9125.0,9038.7,9097.0,7492.815584
2020-07-03 12:00:00,9097.0,9122.0,9075.0,9100.39,5347.1716
2020-07-03 16:00:00,9100.38,9114.0,9067.67,9085.72,4656.318236
2020-07-03 20:00:00,9085.7,9104.0,9037.47,9058.26,3851.269349
2020-07-04 00:00:00,9057.79,9099.0,9045.34,9085.02,3375.5194
2020-07-04 04:00:00,9084.96,9095.0,9067.19,9073.54,2913.400071
2020-07-04 08:00:00,9073.6,9085.0,9051.43,9057.69,4320.626922
2020-07-04 12:00:00,9058.42,9085.0,9040.04,9066.01,4706.893414
2020-07-04 16:00:00,9066.0,9190.0,9061.55,9129.31,8099.355205
2020-07-04 20:00:00,9129.31,9146.86,9108.33,9135.46,3026.173472
2020-07-05 00:00:00,9135.0,9145.24,9112.38,9129.8,3540.376098
2020-07-05 04:00:00,9128.98,9132.44,9040.0,9061.99,7177.481418
2020-07-05 08:00:00,9062.17,9074.85,8980.0,9034.48,6377.680744
2020-07-05 12:00:00,9034.54,9068.0,8997.93,9028.0,5244.22248
2020-07-05 16:00:00,9028.25,9053.64,9018.05,9029.23,3146.87731
2020-07-05 20:00:00,9029.23,9108.46,8893.03,9069.41,8587.015577
2020-07-06 00:00:00,9069.41,9119.12,9055.92,9087.91,4649.332183
2020-07-06 04:00:00,9087.91,9240.0,9078.68,9200.08,13199.233457
2020-07-06 08:00:00,9200.08,9229.96,9172.0,9222.96,7768.820833
2020-07-06 12:00:00,9223.0,9320.0,9195.71,9305.02,13366.264432
2020-07-06 16:00:00,9305.02,9349.0,9262.44,9289.65,8676.779797
2020-07-06 20:00:00,9289.62,9375.0,9255.92,9344.2,6802.701575
2020-07-07 00:00:00,9342.47,9379.42,9256.4,9295.58,6496.980185
2020-07-07 04:00:00,9295.58,9307.53,9238.0,9262.01,5907.48869
2020-07-07 08:00:00,9262.02,9275.33,9220.04,9270.52,5489.665101
2020-07-07 12:00:00,9270.52,9290.28,9236.0,9275.66,6267.620994
2020-07-07 16:00:00,9275.64,9284.07,9230.0,9238.5,5381.155375
2020-07-07 20:00:00,9238.5,9270.0,9203.0,9257.39,5044.426333
2020-07-08 00:00:00,9257.4,9322.59,9231.0,9311.23,7669.833153
2020-07-08 04:00:00,9311.23,9320.0,9253.51,9284.15,6540.99805
2020-07-08 08:00:00,9284.14,9310.0,9238.0,9309.83,7707.260454
2020-07-08 12:00:00,9309.83,9470.0,9284.0,9411.72,17993.346078
2020-07-08 16:00:00,9411.38,9445.0,9381.6,9430.0,7673.670494
2020-07-08 20:00:00,9430.0,9468.0,9406.48,9436.06,8555.409552
2020-07-09 00:00:00,9436.06,9440.79,9360.0,9385.02,7103.578844
2020-07-09 04:00:00,9385.02,9419.61,9375.95,9402.32,5802.742547
2020-07-09 08:00:00,9402.58,9405.0,9326.0,9401.71,7021.16784
2020-07-09 12:00:00,9401.7,9432.92,9160.0,9208.58,16571.964382
2020-07-09 16:00:00,9208.58,9239.53,9185.33,9218.14,7212.483295
2020-07-09 20:00:00,9218.21,9253.9,9206.62,9232.43,4332.513737
2020-07-10 00:00:00,9232.42,9237.55,9193.11,9222.7,4705.697937
2020-07-10 04:00:00,9222.62,9227.46,9125.0,9154.99,9510.601731
2020-07-10 08:00:00,9154.99,9205.26,9153.38,9161.49,7000.69585
2020-07-10 12:00:00,9161.49,9249.0,9160.59,9245.92,6781.327627
2020-07-10 16:00:00,9245.91,9252.41,9206.0,9235.57,5162.769351
2020-07-10 20:00:00,9235.58,9317.48,9210.0,9288.34,5134.40151
2020-07-11 00:00:00,9288.34,9299.28,9257.54,9268.2,4083.334349
2020-07-11 04:00:00,9268.19,9279.56,9253.13,9268.8,3431.108988
2020-07-11 08:00:00,9268.22,9269.98,9178.25,9200.37,5590.861034
2020-07-11 12:00:00,9200.37,9235.63,9195.0,9226.65,3468.278228
2020-07-11 16:00:00,9226.65,9253.79,9201.94,9205.11,3361.927473
2020-07-11 20:00:00,9205.1,9253.0,9201.55,9234.03,2625.855928
2020-07-12 00:00:00,9234.02,9294.0,9230.61,9272.47,4474.032782
2020-07-12 04:00:00,9272.47,9286.69,9242.9,9255.92,3050.267707
2020-07-12 08:00:00,9255.95,9273.2,9241.51,9245.28,3551.756183
2020-07-12 12:00:00,9245.28,9345.0,9182.0,9215.69,9737.948544
2020-07-12 16:00:00,9215.75,9235.0,9157.5,9220.28,4106.811393
2020-07-12 20:00:00,9220.28,9327.0,9212.83,9302.75,5951.885677
2020-07-13 00:00:00,9303.31,9321.34,9265.53,9271.99,5443.124674
2020-07-13 04:00:00,9271.99,9291.0,9244.55,9270.01,5780.317088
2020-07-13 08:00:00,9270.01,9318.0,9264.17,9309.04,7864.365649
2020-07-13 12:00:00,9309.03,9343.82,9278.0,9290.38,8614.98005
2020-07-13 16:00:00,9290.38,9323.0,9200.89,9235.07,9815.378429
2020-07-13 20:00:00,9234.56,9271.85,9217.76,9242.62,5221.903225
2020-07-14 00:00:00,9242.61,9246.72,9211.25,9217.11,5195.204977
2020-07-14 04:00:00,9217.16,9218.59,9151.0,9181.01,7571.382404
2020-07-14 08:00:00,9181.2,9238.59,9113.0,9232.95,11344.157982
2020-07-14 12:00:00,9232.81,9242.0,9182.02,9219.21,8844.893406
2020-07-14 16:00:00,9219.27,9275.0,9209.37,9268.92,8724.64372
2020-07-14 20:00:00,9268.89,9279.54,9235.79,9255.85,4092.27002
2020-07-15 00:00:00,9255.85,9276.49,9227.71,9234.85,3767.295671
2020-07-15 04:00:00,9234.86,9249.47,9218.67,9231.21,4752.079959
2020-07-15 08:00:00,9231.2,9249.98,9188.0,9219.27,9029.639426
2020-07-15 12:00:00,9219.22,9248.0,9197.0,9204.98,9052.522807
2020-07-15 16:00:00,9204.98,9225.06,9160.57,9185.46,7123.654836
2020-07-15 20:00:00,9185.46,9237.27,9179.06,9197.6,5328.386966
2020-07-16 00:00:00,9197.6,9226.15,9177.77,9203.59,4108.30789
2020-07-16 04:00:00,9203.58,9216.82,9084.0,9123.69,9646.724918
2020-07-16 08:00:00,9123.69,9140.0,9047.25,9081.61,11823.025061
2020-07-16 12:00:00,9081.62,9130.1,9069.31,9125.26,7300.772845
2020-07-16 16:00:00,9125.25,9153.0,9112.09,9126.13,6225.686099
2020-07-16 20:00:00,9126.13,9147.9,9091.1,9133.72,4271.054378
2020-07-17 00:00:00,9133.72,9142.06,9105.11,9119.81,3517.682251
2020-07-17 04:00:00,9119.81,9133.93,9089.81,9109.94,5161.64198
2020-07-17 08:00:00,9109.94,9142.07,9095.23,9138.92,5476.481995
2020-07-17 12:00:00,9138.92,9186.83,9138.92,9148.37,6731.785786
2020-07-17 16:00:00,9148.16,9170.0,9128.0,9164.75,4468.480706
2020-07-17 20:00:00,9164.74,9180.0,9144.05,9154.32,2698.286023
2020-07-18 00:00:00,9154.31,9168.88,9121.1,9135.02,4231.561353
2020-07-18 04:00:00,9135.01,9146.34,9127.73,9132.37,2582.82007
2020-07-18 08:00:00,9132.36,9219.3,9123.92,9159.9,5318.359661
2020-07-18 12:00:00,9159.91,9175.0,9153.42,9169.57,3268.619406
2020-07-18 16:00:00,9169.57,9200.0,9147.92,9163.84,4760.006958
2020-07-18 20:00:00,9163.85,9179.29,9156.49,9170.28,2393.174009
2020-07-19 00:00:00,9170.3,9180.79,9140.38,9153.41,2966.98009
2020-07-19 04:00:00,9153.41,9160.0,9139.27,9154.78,2742.187178
2020-07-19 08:00:00,9154.79,9156.2,9101.35,9124.41,4991.296558
2020-07-19 12:00:00,9124.41,9136.81,9110.0,9119.89,3928.930713
2020-07-19 16:00:00,9120.59,9171.11,9116.31,9165.44,3969.421529
2020-07-19 20:00:00,9165.45,9232.27,9153.27,9208.99,7453.203349
2020-07-20 00:00:00,9208.99,9221.52,9174.35,9191.99,4441.370205
2020-07-20 04:00:00,9191.98,9194.31,9171.22,9180.72,4427.904562
2020-07-20 08:00:00,9180.72,9190.0,9131.0,9147.75,7354.710025
2020-07-20 12:00:00,9147.72,9179.75,9140.82,9173.75,6599.64232
2020-07-20 16:00:00,9173.82,9203.6,9146.43,9158.65,8088.931381
2020-07-20 20:00:00,9158.64,9185.0,9141.19,9160.78,4546.205589
2020-07-21 00:00:00,9160.78,9195.41,9152.8,9180.83,4410.680009
2020-07-21 04:00:00,9180.71,9353.0,9173.34,9315.29,13292.930702
2020-07-21 08:00:00,9315.28,9350.0,9302.55,9344.63,11777.76718
2020-07-21 12:00:00,9344.64,9437.73,9325.0,9338.0,18542.83176
2020-07-21 16:00:00,9337.99,9391.83,9318.35,9354.35,7781.992515
2020-07-21 20:00:00,9354.35,9391.25,9352.27,9390.0,4607.38032
2020-07-22 00:00:00,9390.0,9392.82,9349.46,9359.06,5548.745573
2020-07-22 04:00:00,9359.05,9367.5,9261.0,9302.0,6870.42762
2020-07-22 08:00:00,9302.0,9354.58,9291.22,9344.68,7361.354899
2020-07-22 12:00:00,9344.69,9354.0,9311.11,9338.14,7165.505649
2020-07-22 16:00:00,9338.14,9385.0,9325.27,9373.88,7731.462794
2020-07-22 20:00:00,9373.88,9544.0,9360.0,9518.16,14137.507572
2020-07-23 00:00:00,9518.16,9533.7,9461.0,9491.99,7655.653146
2020-07-23 04:00:00,9492.0,9509.97,9462.0,9491.67,6316.382521
2020-07-23 08:00:00,9491.66,9527.0,9480.0,9507.01,7086.977053
2020-07-23 12:00:00,9507.01,9585.0,9440.33,9524.99,12012.346785
2020-07-23 16:00:00,9525.0,9664.0,9510.67,9595.8,14813.173743
2020-07-23 20:00:00,9595.67,9610.0,9567.24,9603.27,3971.700252
2020-07-24 00:00:00,9603.27,9606.83,9535.75,9561.55,4632.635877
2020-07-24 04:00:00,9561.59,9571.04,9463.44,9508.02,8199.905273
2020-07-24 08:00:00,9508.02,9560.0,9477.35,9532.09,7690.760522
2020-07-24 12:00:00,9532.09,9566.38,9497.44,9551.68,8578.334531
2020-07-24 16:00:00,9551.69,9589.0,9520.0,9581.76,7020.383795
2020-07-24 20:00:00,9581.76,9637.0,9513.0,9537.8,7809.116207
2020-07-25 00:00:00,9538.1,9623.51,9513.0,9581.58,6268.253285
2020-07-25 04:00:00,9581.59,9624.13,9564.82,9568.5,5303.683717
2020-07-25 08:00:00,9568.5,9606.9,9559.84,9574.29,5146.449305
2020-07-25 12:00:00,9574.29,9610.92,9552.29,9593.19,5699.830413
2020-07-25 16:00:00,9593.2,9708.81,9573.61,9674.14,10615.837843
2020-07-25 20:00:00,9674.14,9732.9,9668.88,9700.42,7645.490853
2020-07-26 00:00:00,9700.42,9704.08,9650.0,9677.69,5273.080214
2020-07-26 04:00:00,9677.69,9736.0,9660.35,9716.54,5768.993921
2020-07-26 08:00:00,9716.53,10111.0,9702.97,9970.87,28294.514831
2020-07-26 12:00:00,9970.86,9990.0,9810.5,9961.83,12662.024079
2020-07-26 16:00:00,9961.83,9988.0,9845.2,9866.0,7740.403471
2020-07-26 20:00:00,9866.0,9940.0,9840.9,9931.54,5540.252803
2020-07-27 00:00:00,9931.54,10315.0,9917.21,10248.84,21816.247013
2020-07-27 04:00:00,10248.85,10319.89,10138.86,10157.95,17685.895935
2020-07-27 08:00:00,10157.95,10328.0,10120.0,10255.92,16274.216627
2020-07-27 12:00:00,10255.93,10440.0,10223.2,10299.9,25371.641376
2020-07-27 16:00:00,10299.99,10950.0,10294.42,10792.0,38163.552495
2020-07-27 20:00:00,10792.0,11394.86,10680.0,11029.96,30877.379698
2020-07-28 00:00:00,11029.96,11242.23,10828.0,10971.42,15963.969133
2020-07-28 04:00:00,10970.88,11045.31,10835.0,10881.62,14531.8174
2020-07-28 08:00:00,10881.62,11023.0,10565.0,10983.9,24850.974219
2020-07-28 12:00:00,10983.89,11180.0,10907.0,11150.26,18944.351192
2020-07-28 16:00:00,11150.25,11176.61,10840.0,10993.97,15746.845271
2020-07-28 20:00:00,10993.98,11050.0,10856.17,10906.27,7229.776972
2020-07-29 00:00:00,10906.27,11000.0,10831.55,10978.27,8288.755464
2020-07-29 04:00:00,10978.02,11079.97,10812.0,11015.11,10264.98436
2020-07-29 08:00:00,11015.29,11149.66,10916.0,11101.0,15235.415323
2020-07-29 12:00:00,11101.0,11296.74,10970.2,11162.01,17416.226827
2020-07-29 16:00:00,11161.86,11282.82,11105.0,11204.59,13164.447076
2020-07-29 20:00:00,11204.95,11342.82,11042.82,11100.53,12468.265183
2020-07-30 00:00:00,11100.52,11121.5,10937.0,10983.56,9892.251418
2020-07-30 04:00:00,10983.56,11045.0,10893.3,10941.64,10465.864998
2020-07-30 08:00:00,10941.64,11010.31,10887.28,10926.03,8618.101825
2020-07-30 12:00:00,10925.82,11040.01,10831.0,11010.73,11877.80984
2020-07-30 16:00:00,11010.73,11136.0,10971.48,11116.82,11979.319681
2020-07-30 20:00:00,11116.82,11170.0,11057.81,11099.61,7961.478694
2020-07-31 00:00:00,11099.79,11135.2,10960.0,10977.08,6419.180114
2020-07-31 04:00:00,10976.26,11153.3,10974.0,11131.11,7944.936025
2020-07-31 08:00:00,11131.11,11226.0,11087.12,11218.86,11312.512442
2020-07-31 12:00:00,11218.86,11370.0,11111.0,11346.9,17539.702153
2020-07-31 16:00:00,11346.89,11444.0,11211.37,11317.26,16453.740277
2020-07-31 20:00:00,11316.77,11425.0,11279.44,11335.46,10393.589963
2020-08-01 00:00:00,11335.46,11405.93,11220.0,11366.16,9660.734829
2020-08-01 04:00:00,11366.16,11745.0,11335.0,11657.35,21278.775182
2020-08-01 08:00:00,11657.34,11730.92,11552.5,11657.0,13447.439462
2020-08-01 12:00:00,11657.0,11698.88,11490.0,11632.89,12184.371329
2020-08-01 16:00:00,11632.89,11850.0,11561.0,11769.59,17477.948351
2020-08-01 20:00:00,11769.09,11861.0,11653.06,11801.17,11038.215973
2020-08-02 00:00:00,11801.17,12000.0,11740.0,12000.0,14111.613287
2020-08-02 04:00:00,11999.96,12123.46,10518.5,11323.78,38024.178094
2020-08-02 08:00:00,11325.95,11342.83,10931.0,11109.86,16405.174192
2020-08-02 12:00:00,11105.54,11179.1,10960.0,11083.63,11677.341292
2020-08-02 16:00:00,11083.62,11283.41,11064.01,11202.8,10021.364003
2020-08-02 20:00:00,11202.8,11219.48,11000.0,11071.35,7313.406736
2020-08-03 00:00:00,11071.36,11207.88,10936.0,11136.47,7987.885651
2020-08-03 04:00:00,11136.27,11244.99,11126.44,11197.11,6151.997228
2020-08-03 08:00:00,11196.93,11243.0,11120.69,11231.14,8822.915101
2020-08-03 12:00:00,11231.15,11385.0,11191.31,11382.37,12616.826493
2020-08-03 16:00:00,11382.37,11473.0,11324.92,11399.46,11597.140437
2020-08-03 20:00:00,11399.46,11416.0,11133.75,11219.81,9755.076565
2020-08-04 00:00:00,11219.68,11414.98,11215.66,11261.43,9456.481371
2020-08-04 04:00:00,11261.61,11327.13,11185.0,11291.84,7468.950947
2020-08-04 08:00:00,11291.85,11319.37,11000.0,11117.51,12775.544671
2020-08-04 12:00:00,11117.91,11233.64,11012.23,11210.91,12738.133393
2020-08-04 16:00:00,11210.91,11267.0,11130.0,11221.37,9224.572487
2020-08-04 20:00:00,11221.38,11269.45,11151.8,11191.97,6965.43084
2020-08-05 00:00:00,11191.99,11240.7,11093.0,11240.56,7319.993313
2020-08-05 04:00:00,11240.56,11325.71,11227.9,11278.18,9238.244208
2020-08-05 08:00:00,11278.18,11450.0,11274.84,11438.06,14166.659716
2020-08-05 12:00:00,11438.07,11693.94,11391.59,11661.3,21266.856963
2020-08-05 16:00:00,11662.01,11715.0,11611.53,11645.0,10705.884346
2020-08-05 20:00:00,11645.0,11780.93,11505.0,11744.91,12272.618306
2020-08-06 00:00:00,11744.91,11799.0,11600.36,11646.04,9696.097839
2020-08-06 04:00:00,11645.78,11680.0,11562.5,11628.51,8023.548891
2020-08-06 08:00:00,11628.51,11754.68,11626.49,11692.49,10203.663798
2020-08-06 12:00:00,11692.49,11878.26,11690.32,11837.56,15312.024366
2020-08-06 16:00:00,11837.56,11900.0,11777.03,11863.72,10532.410271
2020-08-06 20:00:00,11863.84,11886.16,11620.0,11762.46,9761.339855
2020-08-07 00:00:00,11762.47,11909.94,11735.0,11825.0,7941.488596
2020-08-07 04:00:00,11824.99,11844.08,11725.01,11779.98,7162.248234
2020-08-07 08:00:00,11779.87,11847.0,11680.0,11755.31,10047.765274
2020-08-07 12:00:00,11755.31,11770.65,11458.0,11641.7,14908.955309
2020-08-07 16:00:00,11641.69,11663.0,11322.0,11489.0,18438.976314
2020-08-07 20:00:00,11488.9,11640.0,11469.27,11594.23,7256.492295
2020-08-08 00:00:00,11594.36,11659.18,11526.68,11544.34,5346.037773
2020-08-08 04:00:00,11544.35,11623.23,11512.0,11586.07,5295.976423
2020-08-08 08:00:00,11586.08,11801.72,11562.17,11775.52,9066.55659
2020-08-08 12:00:00,11775.52,11808.27,11706.39,11738.1,6628.246867
2020-08-08 16:00:00,11738.39,11759.16,11585.0,11713.42,8909.627573
2020-08-08 20:00:00,11713.38,11783.69,11665.2,11761.41,6611.715814
2020-08-09 00:00:00,11761.02,11797.11,11672.0,11730.52,6153.141247
2020-08-09 04:00:00,11730.52,11741.29,11633.0,11704.07,6005.867912
2020-08-09 08:00:00,11704.07,11718.21,11605.0,11686.08,7106.83255
2020-08-09 12:00:00,11686.08,11687.85,11536.02,11567.43,8839.45899
2020-08-09 16:00:00,11567.42,11674.56,11521.97,11628.98,7596.414372
2020-08-09 20:00:00,11629.01,11695.0,11623.46,11681.68,5791.352271
2020-08-10 00:00:00,11681.69,12067.35,11681.68,12009.4,22241.693081
2020-08-10 04:00:00,12009.4,12049.5,11922.91,11968.89,11665.82156
2020-08-10 08:00:00,11968.89,12006.29,11450.0,11733.03,18185.750499
2020-08-10 12:00:00,11733.13,11968.0,11705.51,11920.67,15030.459969
2020-08-10 16:00:00,11920.66,11950.0,11811.0,11863.03,9999.463497
2020-08-10 20:00:00,11863.0,11892.92,11766.0,11892.92,7829.149281
2020-08-11 00:00:00,11892.9,11935.0,11811.48,11833.81,8734.806723
2020-08-11 04:00:00,11833.81,11861.67,11705.0,11748.05,11188.886331
2020-08-11 08:00:00,11748.05,11768.81,11642.45,11741.48,12708.733057
2020-08-11 12:00:00,11741.47,11741.47,11372.0,11480.79,22743.598989
2020-08-11 16:00:00,11480.78,11559.97,11285.0,11387.05,17068.503541
2020-08-11 20:00:00,11387.05,11423.02,11125.0,11392.08,18303.755993
2020-08-12 00:00:00,11392.09,11420.0,11219.16,11380.89,10559.984458
2020-08-12 04:00:00,11380.89,11476.41,11150.0,11446.91,12623.025048
2020-08-12 08:00:00,11446.91,11536.0,11419.99,11460.44,12160.826259
2020-08-12 12:00:00,11460.44,11617.52,11421.55,11581.45,12780.139618
2020-08-12 16:00:00,11581.54,11615.0,11470.0,11568.98,10123.818659
2020-08-12 20:00:00,11568.98,11595.0,11482.57,11564.33,6661.819602
2020-08-13 00:00:00,11564.34,11656.99,11522.47,11567.21,9396.428572
2020-08-13 04:00:00,11567.21,11589.0,11490.52,11513.43,8130.691194
2020-08-13 08:00:00,11513.43,11622.1,11270.36,11552.11,17279.617567
2020-08-13 12:00:00,11552.12,11585.01,11382.56,11499.78,11739.628451
2020-08-13 16:00:00,11499.79,11541.8,11442.34,11506.17,7203.115405
2020-08-13 20:00:00,11506.18,11792.96,11506.17,11780.0,16383.010313
2020-08-14 00:00:00,11779.77,11828.0,11653.0,11723.23,10400.119694
2020-08-14 04:00:00,11723.24,11759.0,11634.03,11696.98,9322.138826
2020-08-14 08:00:00,11697.36,11774.99,11662.0,11760.81,9904.122597
2020-08-14 12:00:00,11760.81,11762.32,11635.02,11740.35,10947.3086
2020-08-14 16:00:00,11740.35,11850.0,11706.43,11801.94,12716.968084
2020-08-14 20:00:00,11801.94,11825.36,11701.0,11760.54,6528.194896
2020-08-15 00:00:00,11760.55,11980.0,11759.69,11888.67,10935.430796
2020-08-15 04:00:00,11888.67,11922.0,11811.0,11891.32,8142.245591
2020-08-15 08:00:00,11891.32,11934.55,11815.82,11843.02,8814.683351
2020-08-15 12:00:00,11843.03,11895.97,11680.0,11851.99,11460.443019
2020-08-15 16:00:00,11851.98,11901.42,11810.5,11837.11,6152.342769
2020-08-15 20:00:00,11837.1,11977.0,11745.0,11852.4,10732.759524
2020-08-16 00:00:00,11852.4,11930.0,11768.78,11928.99,6278.109711
2020-08-16 04:00:00,11928.99,11931.72,11853.09,11858.89,5732.757826
2020-08-16 08:00:00,11858.89,11885.44,11723.19,11750.65,8635.106229
2020-08-16 12:00:00,11750.65,11877.05,11686.0,11859.91,9062.395165
2020-08-16 16:00:00,11859.91,11898.88,11801.31,11818.3,5675.924761
2020-08-16 20:00:00,11818.11,11916.16,11790.03,11911.0,5983.943214
2020-08-17 00:00:00,11910.99,11933.15,11769.78,11844.71,6631.287335
2020-08-17 04:00:00,11844.72,11858.91,11785.23,11807.21,6698.912467
2020-08-17 08:00:00,11806.94,11920.0,11806.91,11908.65,9259.498087
2020-08-17 12:00:00,11908.67,12455.0,11780.0,12421.55,34942.996476
2020-08-17 16:00:00,12421.84,12468.0,12262.78,12328.53,16439.546626
2020-08-17 20:00:00,12328.53,12406.86,12210.0,12281.13,10761.970549
2020-08-18 00:00:00,12281.15,12387.77,12269.73,12299.43,9342.308211
2020-08-18 04:00:00,12299.43,12310.0,12192.0,12260.77,10365.888827
2020-08-18 08:00:00,12260.91,12296.69,12157.24,12170.43,10645.978337
2020-08-18 12:00:00,12165.76,12259.99,11817.93,11934.41,25848.497217
2020-08-18 16:00:00,11934.41,12040.0,11850.02,11982.0,10879.246339
2020-08-18 20:00:00,11981.99,12087.0,11942.8,11945.01,8841.916596
2020-08-19 00:00:00,11945.1,12020.08,11822.0,11837.11,9002.134639
2020-08-19 04:00:00,11837.11,11874.24,11612.71,11823.34,19167.493853
2020-08-19 08:00:00,11823.34,11865.0,11733.01,11842.48,12031.051372
2020-08-19 12:00:00,11842.15,11914.67,11700.0,11726.5,11694.193832
2020-08-19 16:00:00,11726.38,11800.0,11639.81,11649.84,12199.443878
2020-08-19 20:00:00,11649.79,11773.57,11561.0,11754.59,9845.852032
2020-08-20 00:00:00,11754.38,11825.78,11690.75,11699.79,7043.676082
2020-08-20 04:00:00,11699.79,11792.62,11668.0,11703.88,6443.509143
2020-08-20 08:00:00,11703.88,11817.13,11685.0,11817.13,7932.712412
2020-08-20 12:00:00,11817.14,11888.0,11738.81,11854.35,9935.038177
2020-08-20 16:00:00,11854.34,11880.01,11814.34,11843.09,8686.980306
2020-08-20 20:00:00,11843.09,11880.0,11804.67,11853.55,6043.338231
2020-08-21 00:00:00,11853.54,11878.0,11778.44,11866.58,9417.483394
2020-08-21 04:00:00,11866.58,11870.0,11805.55,11838.07,7522.839791
2020-08-21 08:00:00,11838.08,11838.19,11688.04,11715.61,10687.052019
2020-08-21 12:00:00,11715.6,11774.92,11626.0,11720.0,11776.1458
2020-08-21 16:00:00,11720.01,11767.5,11605.42,11670.83,12747.546319
2020-08-21 20:00:00,11670.89,11710.79,11485.81,11531.34,12297.238819
2020-08-22 00:00:00,11531.23,11543.15,11376.81,11474.02,10776.68415
2020-08-22 04:00:00,11474.02,11589.56,11411.87,11579.61,7291.581327
2020-08-22 08:00:00,11579.6,11640.0,11544.0,11560.99,7384.698176
2020-08-22 12:00:00,11561.0,11642.81,11560.59,11583.1,6663.576369
2020-08-22 16:00:00,11583.1,11618.4,11553.77,11590.26,5770.393819
2020-08-22 20:00:00,11590.26,11686.0,11570.27,11662.96,5791.767805
2020-08-23 00:00:00,11663.51,11688.81,11584.6,11599.18,6265.011745
2020-08-23 04:00:00,11599.18,11623.5,11555.26,11616.46,4536.502166
2020-08-23 08:00:00,11616.46,11619.88,11514.13,11526.53,6247.663912
2020-08-23 12:00:00,11526.54,11669.89,11521.43,11653.25,7249.660682
2020-08-23 16:00:00,11653.26,11693.72,11619.61,11684.97,7944.752814
2020-08-23 20:00:00,11684.98,11718.07,11638.58,11648.13,5656.413371
2020-08-24 00:00:00,11648.12,11689.0,11585.09,11684.4,7981.569281
2020-08-24 04:00:00,11684.4,11775.0,11641.1,11758.58,8156.234253
2020-08-24 08:00:00,11758.57,11824.9,11758.57,11793.05,9331.969937
2020-08-24 12:00:00,11793.04,11820.0,11726.42,11764.03,8648.137789
2020-08-24 16:00:00,11764.04,11786.51,11699.04,11748.39,6893.563554
2020-08-24 20:00:00,11748.38,11790.0,11705.45,11748.2,5200.917053
2020-08-25 00:00:00,11748.19,11767.85,11656.54,11669.58,6745.851098
2020-08-25 04:00:00,11669.57,11699.98,11550.0,11586.41,8361.548072
2020-08-25 08:00:00,11586.41,11659.15,11510.57,11614.44,8463.582041
2020-08-25 12:00:00,11614.44,11614.44,11328.03,11419.41,19019.612251
2020-08-25 16:00:00,11419.42,11443.14,11117.64,11294.0,18855.746714
2020-08-25 20:00:00,11294.0,11388.0,11221.03,11318.42,8144.583096
2020-08-26 00:00:00,11318.42,11400.0,11250.0,11365.23,7380.357199
2020-08-26 04:00:00,11365.24,11395.0,11296.14,11348.06,7338.421079
2020-08-26 08:00:00,11348.05,11445.02,11327.09,11378.58,9756.743593
2020-08-26 12:00:00,11378.59,11500.0,11244.0,11475.92,14650.086235
2020-08-26 16:00:00,11475.92,11539.32,11428.93,11460.05,9030.224472
2020-08-26 20:00:00,11460.04,11507.16,11432.33,11461.43,5842.398653
2020-08-27 00:00:00,11461.42,11480.59,11359.14,11384.6,6942.994608
2020-08-27 04:00:00,11384.6,11414.7,11332.48,11406.17,6789.49539
2020-08-27 08:00:00,11406.17,11444.96,11301.0,11310.01,9705.170985
2020-08-27 12:00:00,11310.01,11592.2,11256.06,11323.22,20129.649788
2020-08-27 16:00:00,11323.21,11366.49,11125.0,11244.09,13940.233739
2020-08-27 20:00:00,11244.09,11341.71,11223.94,11330.38,5738.491873
2020-08-28 00:00:00,11330.38,11398.93,11276.89,11380.08,6409.799446
2020-08-28 04:00:00,11380.09,11444.96,11360.92,11379.63,7211.157415
2020-08-28 08:00:00,11379.63,11474.4,11354.63,11471.99,9393.399597
2020-08-28 12:00:00,11471.99,11534.06,11396.71,11529.63,11011.915896
2020-08-28 16:00:00,11529.3,11542.65,11462.45,11498.13,7354.035494
2020-08-28 20:00:00,11498.0,11535.72,11457.23,11526.91,4573.600517
2020-08-29 00:00:00,11526.9,11540.07,11462.51,11501.61,4257.774179
2020-08-29 04:00:00,11501.61,11580.02,11479.41,11558.28,5571.332767
2020-08-29 08:00:00,11558.28,11569.72,11417.04,11447.38,6311.202029
2020-08-29 12:00:00,11447.38,11516.0,11433.69,11500.99,6167.428095
2020-08-29 16:00:00,11500.98,11549.0,11475.81,11522.11,6626.590657
2020-08-29 20:00:00,11522.12,11534.98,11458.09,11465.84,4039.471473
2020-08-30 00:00:00,11465.84,11650.0,11458.0,11612.72,8383.347728
2020-08-30 04:00:00,11612.61,11626.53,11565.01,11592.91,5757.664978
2020-08-30 08:00:00,11592.9,11613.05,11548.78,11603.09,5764.25177
2020-08-30 12:00:00,11603.09,11665.11,11557.69,11616.2,9147.386676
2020-08-30 16:00:00,11616.21,11685.0,11580.0,11642.59,7004.687348
2020-08-30 20:00:00,11642.59,11719.0,11588.55,11711.16,7120.540554
2020-08-31 00:00:00,11711.17,11726.89,11667.85,11679.09,5931.029072
2020-08-31 04:00:00,11679.08,11705.99,11594.06,11618.65,7383.595721
2020-08-31 08:00:00,11618.64,11710.0,11570.0,11680.58,10972.58196
2020-08-31 12:00:00,11680.72,11800.77,11661.11,11742.16,15217.431874
2020-08-31 16:00:00,11742.15,11751.36,11690.0,11725.0,8288.688232
2020-08-31 20:00:00,11725.0,11731.49,11614.9,11649.51,7560.290885
2020-09-01 00:00:00,11649.51,11703.0,11515.0,11691.49,9489.107295
2020-09-01 04:00:00,11691.43,11940.0,11672.17,11923.74,15155.723105
2020-09-01 08:00:00,11923.74,11950.0,11834.01,11868.99,14340.237181
2020-09-01 12:00:00,11868.98,12044.67,11797.26,12039.33,16262.584085
2020-09-01 16:00:00,12039.33,12050.85,11947.19,11957.41,11870.852056
2020-09-01 20:00:00,11957.41,12050.0,11851.0,11921.97,11029.689946
2020-09-02 00:00:00,11921.97,11954.57,11825.0,11835.01,10308.76245
2020-09-02 04:00:00,11835.02,11900.0,11718.16,11722.84,12093.280827
2020-09-02 08:00:00,11723.59,11747.99,11160.1,11406.02,26260.484395
2020-09-02 12:00:00,11406.01,11470.65,11193.79,11329.67,19386.777298
2020-09-02 16:00:00,11329.66,11400.0,11234.65,11389.21,11903.731704
2020-09-02 20:00:00,11389.21,11439.0,11302.0,11388.54,7268.808928
2020-09-03 00:00:00,11388.54,11446.13,11331.49,11350.56,8497.638063
2020-09-03 04:00:00,11350.57,11422.0,11237.0,11400.84,12777.823233
2020-09-03 08:00:00,11400.44,11462.6,11180.97,11208.02,13621.692098
2020-09-03 12:00:00,11208.01,11249.97,10460.0,10670.28,44598.379395
2020-09-03 16:00:00,10670.28,10769.52,10550.0,10682.69,19223.142948
2020-09-03 20:00:00,10682.69,10794.62,9960.8,10140.85,23231.430278
2020-09-04 00:00:00,10138.29,10351.06,10068.0,10265.42,15830.747615
2020-09-04 04:00:00,10265.41,10338.98,10093.1,10295.59,12036.686932
2020-09-04 08:00:00,10295.59,10528.97,10292.48,10422.17,16783.923861
2020-09-04 12:00:00,10422.52,10497.84,9875.5,10424.67,24493.8821
2020-09-04 16:00:00,10424.67,10598.0,10303.56,10570.13,15613.199578
2020-09-04 20:00:00,10570.13,10627.05,10430.2,10446.25,7975.159027
2020-09-05 00:00:00,10446.25,10565.68,10383.96,10408.46,7815.254389
2020-09-05 04:00:00,10408.46,10500.44,10362.2,10406.77,8432.942436
2020-09-05 08:00:00,10406.77,10406.77,10123.0,10225.66,15068.014871
2020-09-05 12:00:00,10225.65,10347.87,9975.0,10273.89,20193.422993
2020-09-05 16:00:00,10274.13,10298.99,9825.0,9956.66,26904.883238
2020-09-05 20:00:00,9956.66,10200.0,9878.58,10166.69,11587.087641
2020-09-06 00:00:00,10166.69,10245.75,10052.92,10163.72,8575.147064
2020-09-06 04:00:00,10163.71,10250.0,9994.86,10230.37,11083.905812
2020-09-06 08:00:00,10230.36,10285.0,10165.29,10266.32,10837.319384
2020-09-06 12:00:00,10266.32,10300.0,10120.19,10173.37,10696.45027
2020-09-06 16:00:00,10173.44,10280.0,10141.28,10258.3,6530.064548
2020-09-06 20:00:00,10258.3,10347.14,10180.17,10256.2,8645.901737
2020-09-07 00:00:00,10255.89,10312.0,10180.0,10204.1,5587.392185
2020-09-07 04:00:00,10203.89,10240.82,10052.38,10113.56,9315.794226
2020-09-07 08:00:00,10113.81,10184.53,9995.08,10026.46,11592.647986
2020-09-07 12:00:00,10026.47,10166.66,9875.0,10144.01,18787.872843
2020-09-07 16:00:00,10144.0,10232.0,10124.0,10148.47,8456.594345
2020-09-07 20:00:00,10148.48,10410.75,10086.28,10373.44,8879.929091
2020-09-08 00:00:00,10373.45,10438.0,10295.57,10302.81,7281.236852
2020-09-08 04:00:00,10302.82,10318.97,10220.0,10264.5,8481.166459
2020-09-08 08:00:00,10264.29,10333.4,9930.0,9982.99,16847.818438
2020-09-08 12:00:00,9981.74,10153.96,9920.32,10098.58,17072.140296
2020-09-08 16:00:00,10098.58,10168.81,9935.0,9991.21,10393.490531
2020-09-08 20:00:00,9991.21,10218.0,9850.0,10126.65,13416.025842
2020-09-09 00:00:00,10126.66,10149.25,9981.01,10026.68,6655.306375
2020-09-09 04:00:00,10026.69,10197.57,10002.66,10190.0,7030.107648
2020-09-09 08:00:00,10190.0,10274.59,10140.22,10221.37,8985.10967
2020-09-09 12:00:00,10221.47,10280.62,10165.99,10246.11,10179.588031
2020-09-09 16:00:00,10246.11,10343.0,10200.0,10276.77,10210.602762
2020-09-09 20:00:00,10276.46,10298.1,10169.91,10219.2,6286.39929
2020-09-10 00:00:00,10219.29,10414.08,10070.83,10371.23,10106.157273
2020-09-10 04:00:00,10371.23,10418.0,10251.0,10275.29,8685.976702
2020-09-10 08:00:00,10275.22,10321.2,10230.31,10292.62,7807.789855
2020-09-10 12:00:00,10292.61,10483.35,10283.16,10414.16,15245.671612
2020-09-10 16:00:00,10414.15,10442.0,10250.02,10270.01,10399.118322
2020-09-10 20:00:00,10270.09,10355.37,10262.43,10336.87,6009.039986
2020-09-11 00:00:00,10336.86,10380.34,10209.75,10220.76,7667.499589
2020-09-11 04:00:00,10220.77,10291.94,10200.0,10260.75,6951.771571
2020-09-11 08:00:00,10260.76,10333.91,10250.0,10252.6,8891.263122
2020-09-11 12:00:00,10252.6,10331.79,10250.55,10318.76,8358.6651
2020-09-11 16:00:00,10318.77,10345.31,10267.67,10323.2,6160.608282
2020-09-11 20:00:00,10323.2,10397.6,10305.39,10387.89,5800.446803
2020-09-12 00:00:00,10387.89,10397.86,10322.03,10342.33,4642.697199
2020-09-12 04:00:00,10342.33,10370.0,10306.34,10343.98,4576.097143
2020-09-12 08:00:00,10343.97,10359.48,10320.18,10341.59,5513.16958
2020-09-12 12:00:00,10341.58,10380.0,10269.25,10359.99,7607.533871
2020-09-12 16:00:00,10360.0,10477.97,10348.89,10461.39,8117.251809
2020-09-12 20:00:00,10461.24,10473.33,10408.0,10440.92,4922.403494
2020-09-13 00:00:00,10440.67,10559.12,10400.04,10556.26,6546.993296
2020-09-13 04:00:00,10556.4,10580.11,10520.0,10542.27,5503.788376
2020-09-13 08:00:00,10542.27,10560.0,10303.28,10324.89,10465.586113
2020-09-13 12:00:00,10324.88,10352.21,10258.0,10280.14,8650.354188
2020-09-13 16:00:00,10280.15,10323.67,10200.0,10309.05,8489.098921
2020-09-13 20:00:00,10309.05,10332.84,10284.74,10332.83,4181.788971
2020-09-14 00:00:00,10332.84,10371.03,10240.34,10348.14,6172.104393
2020-09-14 04:00:00,10348.14,10404.0,10316.18,10399.32,7110.434622
2020-09-14 08:00:00,10399.31,10479.0,10212.34,10469.82,13522.167137
2020-09-14 12:00:00,10469.92,10706.91,10450.31,10698.03,22482.780538
2020-09-14 16:00:00,10698.03,10750.0,10640.0,10665.0,10863.22929
2020-09-14 20:00:00,10665.0,10747.36,10618.82,10671.77,6908.575381
2020-09-15 00:00:00,10671.77,10839.0,10650.0,10755.13,9508.012817
2020-09-15 04:00:00,10755.12,10784.23,10688.94,10741.37,6840.793185
2020-09-15 08:00:00,10741.37,10882.0,10606.48,10821.15,13021.686816
2020-09-15 12:00:00,10821.15,10930.04,10736.63,10784.46,15792.393866
2020-09-15 16:00:00,10785.23,10827.61,10700.0,10783.36,8235.09588
2020-09-15 20:00:00,10783.35,10886.39,10716.95,10785.31,8424.470222
2020-09-16 00:00:00,10785.23,10791.72,10661.22,10779.41,9304.557234
2020-09-16 04:00:00,10779.61,10939.6,10758.59,10915.49,9786.975508
2020-09-16 08:00:00,10916.09,10930.0,10827.0,10898.99,9922.89537
2020-09-16 12:00:00,10899.0,11016.69,10860.0,11004.99,14857.268173
2020-09-16 16:00:00,11004.99,11093.0,10960.03,10982.2,14737.587872
2020-09-16 20:00:00,10982.2,11047.84,10941.35,10954.01,6382.228283
2020-09-17 00:00:00,10954.01,11045.46,10869.0,10872.09,10583.937585
2020-09-17 04:00:00,10872.3,10929.99,10842.77,10882.39,8292.700972
2020-09-17 08:00:00,10882.38,10905.0,10781.0,10877.65,10363.633697
2020-09-17 12:00:00,10877.65,10885.47,10745.83,10838.31,11754.166854
2020-09-17 16:00:00,10838.3,10926.82,10794.23,10916.63,8403.446558
2020-09-17 20:00:00,10916.63,10968.95,10903.51,10939.99,6203.728863
2020-09-18 00:00:00,10940.0,10960.0,10883.2,10924.36,5369.497854
2020-09-18 04:00:00,10924.22,10985.0,10870.01,10954.14,7589.027762
2020-09-18 08:00:00,10954.14,11038.03,10925.62,10977.26,8970.959342
2020-09-18 12:00:00,10977.4,11003.09,10870.37,10899.37,8964.703782
2020-09-18 16:00:00,10899.42,10900.0,10812.84,10866.55,10970.238958
2020-09-18 20:00:00,10866.55,10944.79,10850.0,10933.39,5402.300577
2020-09-19 00:00:00,10933.4,10977.75,10929.88,10976.0,5360.114633
2020-09-19 04:00:00,10975.99,10980.0,10898.11,10900.29,4860.998923
2020-09-19 08:00:00,10900.28,11150.0,10887.37,11140.0,9033.827467
2020-09-19 12:00:00,11139.69,11179.79,11043.0,11090.56,9228.576498
2020-09-19 16:00:00,11090.57,11119.93,11011.31,11054.2,5861.880689
2020-09-19 20:00:00,11054.21,11087.99,11026.4,11080.65,4094.638648
2020-09-20 00:00:00,11080.64,11080.64,10899.33,10948.81,6383.454544
2020-09-20 04:00:00,10948.8,10995.31,10933.0,10962.61,4171.369626
2020-09-20 08:00:00,10962.6,10984.0,10925.27,10951.17,5002.634214
2020-09-20 12:00:00,10951.17,10958.18,10775.0,10834.58,9520.058264
2020-09-20 16:00:00,10834.62,10903.77,10723.0,10871.03,7652.686928
2020-09-20 20:00:00,10871.03,10938.02,10813.51,10920.28,6427.718989
2020-09-21 00:00:00,10920.28,10978.0,10894.42,10962.76,5688.003688
2020-09-21 04:00:00,10962.76,10988.86,10889.0,10902.58,5798.877366
2020-09-21 08:00:00,10902.58,10912.62,10580.0,10636.47,20719.540456
2020-09-21 12:00:00,10636.46,10638.1,10296.35,10418.76,21567.920077
2020-09-21 16:00:00,10418.77,10499.0,10356.54,10498.55,10179.294915
2020-09-21 20:00:00,10498.55,10533.46,10410.0,10417.22,6729.794677
2020-09-22 00:00:00,10417.22,10491.32,10353.0,10449.95,5972.797892
2020-09-22 04:00:00,10449.94,10502.79,10360.0,10372.9,7823.399186
2020-09-22 08:00:00,10372.91,10503.0,10372.9,10452.26,8386.425935
2020-09-22 12:00:00,10452.11,10520.0,10416.0,10451.07,9044.594223
2020-09-22 16:00:00,10451.06,10506.22,10447.53,10491.97,6701.006892
2020-09-22 20:00:00,10491.98,10572.71,10453.0,10529.61,6063.011348
2020-09-23 00:00:00,10529.61,10533.94,10471.72,10476.01,4307.90786
2020-09-23 04:00:00,10476.0,10490.84,10380.47,10428.64,8260.550246
2020-09-23 08:00:00,10428.63,10496.2,10403.95,10474.45,7420.466438
2020-09-23 12:00:00,10474.46,10537.15,10444.41,10453.2,7867.672039
2020-09-23 16:00:00,10453.02,10494.72,10255.53,10293.0,12191.68762
2020-09-23 20:00:00,10293.0,10324.3,10136.82,10241.46,11828.283876
2020-09-24 00:00:00,10241.46,10344.64,10190.93,10301.75,6410.483842
2020-09-24 04:00:00,10301.75,10356.47,10271.0,10341.68,6400.577254
2020-09-24 08:00:00,10341.69,10440.0,10283.89,10410.01,9095.030299
2020-09-24 12:00:00,10410.0,10557.19,10331.93,10545.36,12484.291873
2020-09-24 16:00:00,10545.07,10743.59,10540.02,10653.82,15289.476567
2020-09-24 20:00:00,10653.87,10795.24,10605.0,10736.32,7996.759592
2020-09-25 00:00:00,10736.33,10760.53,10663.14,10667.47,5979.901248
2020-09-25 04:00:00,10667.47,10703.12,10614.58,10686.94,6301.274598
2020-09-25 08:00:00,10686.93,10686.94,10556.66,10630.0,12586.244617
2020-09-25 12:00:00,10630.0,10684.09,10556.24,10647.61,10319.498627
2020-09-25 16:00:00,10647.62,10744.18,10625.16,10718.31,7721.899754
2020-09-25 20:00:00,10718.43,10754.21,10650.0,10686.67,5192.298164
2020-09-26 00:00:00,10686.57,10746.66,10644.68,10704.86,4122.530458
2020-09-26 04:00:00,10704.85,10820.94,10687.38,10705.84,6508.34338
2020-09-26 08:00:00,10705.84,10728.77,10661.7,10709.94,4877.533402
2020-09-26 12:00:00,10709.93,10742.02,10664.97,10721.0,4926.310447
2020-09-26 16:00:00,10721.0,10774.45,10682.78,10718.55,4611.126539
2020-09-26 20:00:00,10718.54,10751.12,10701.18,10728.6,3374.992433
2020-09-27 00:00:00,10728.59,10799.0,10720.02,10781.2,4979.980079
2020-09-27 04:00:00,10781.2,10794.99,10620.0,10671.28,5712.467772
2020-09-27 08:00:00,10671.28,10678.0,10608.67,10623.5,4665.599237
2020-09-27 12:00:00,10623.62,10766.41,10594.82,10754.82,6597.615153
2020-09-27 16:00:00,10754.82,10777.0,10700.73,10732.0,5215.076824
2020-09-27 20:00:00,10732.01,10784.61,10704.45,10774.25,3378.744188
2020-09-28 00:00:00,10774.26,10950.0,10774.26,10885.14,10049.128794
2020-09-28 04:00:00,10885.21,10916.6,10836.0,10854.0,7636.933029
2020-09-28 08:00:00,10854.0,10902.49,10830.0,10877.91,8228.495292
2020-09-28 12:00:00,10877.91,10941.99,10837.12,10901.9,10187.576433
2020-09-28 16:00:00,10901.89,10918.57,10836.08,10869.0,6321.840841
2020-09-28 20:00:00,10868.63,10888.59,10626.0,10696.12,7671.277345
2020-09-29 00:00:00,10696.11,10732.02,10656.82,10689.94,6292.954638
2020-09-29 04:00:00,10689.94,10747.88,10668.26,10726.99,5554.578757
2020-09-29 08:00:00,10727.0,10797.0,10707.0,10758.92,7225.324125
2020-09-29 12:00:00,10758.91,10790.98,10711.48,10725.94,7693.281215
2020-09-29 16:00:00,10725.94,10766.0,10635.87,10737.49,9144.454199
2020-09-29 20:00:00,10738.98,10867.54,10738.97,10840.48,5964.305465
2020-09-30 00:00:00,10840.58,10849.34,10737.01,10742.08,5872.219196
2020-09-30 04:00:00,10742.23,10765.78,10675.29,10706.68,6914.378608
2020-09-30 08:00:00,10706.56,10730.0,10665.13,10681.0,6663.844725
2020-09-30 12:00:00,10680.53,10793.8,10670.0,10777.39,7552.44559
2020-09-30 16:00:00,10777.39,10799.0,10681.73,10706.48,8115.895146
2020-09-30 20:00:00,10706.48,10785.0,10685.62,10776.59,4477.244057
2020-10-01 00:00:00,10776.59,10857.47,10776.59,10798.18,5940.779882
2020-10-01 04:00:00,10798.38,10844.71,10790.85,10824.75,5262.187625
2020-10-01 08:00:00,10824.75,10920.0,10811.52,10903.16,10727.180463
2020-10-01 12:00:00,10903.16,10908.23,10712.0,10716.23,10200.052142
2020-10-01 16:00:00,10716.23,10716.23,10437.0,10617.74,23365.475566
2020-10-01 20:00:00,10617.74,10634.98,10567.37,10619.13,5370.657215
2020-10-02 00:00:00,10619.13,10654.83,10584.0,10649.06,4913.318473
2020-10-02 04:00:00,10649.06,10664.64,10385.02,10490.88,13012.910762
2020-10-02 08:00:00,10490.88,10495.0,10374.0,10436.63,10230.652468
2020-10-02 12:00:00,10436.63,10600.0,10431.28,10512.74,10529.67978
2020-10-02 16:00:00,10512.74,10563.0,10492.0,10515.04,6492.972179
2020-10-02 20:00:00,10515.04,10580.0,10463.02,10570.4,4950.860043
2020-10-03 00:00:00,10570.4,10576.87,10521.88,10552.24,3205.06008
2020-10-03 04:00:00,10552.24,10563.24,10496.46,10527.75,3599.403637
2020-10-03 08:00:00,10527.75,10564.0,10498.97,10536.65,4140.597199
2020-10-03 12:00:00,10536.65,10553.83,10517.87,10541.98,3483.354261
2020-10-03 16:00:00,10541.97,10603.56,10535.04,10582.62,4948.828902
2020-10-03 20:00:00,10582.57,10588.43,10530.0,10542.06,2920.977262
2020-10-04 00:00:00,10542.07,10559.73,10517.87,10545.49,3215.395149
2020-10-04 04:00:00,10545.48,10637.35,10544.4,10612.83,3828.615857
2020-10-04 08:00:00,10612.83,10625.0,10570.47,10600.75,3780.156541
2020-10-04 12:00:00,10600.75,10622.45,10575.0,10591.45,3236.364547
2020-10-04 16:00:00,10591.45,10696.87,10581.26,10673.26,5561.535274
2020-10-04 20:00:00,10673.26,10690.75,10637.33,10666.63,3589.934227
2020-10-05 00:00:00,10666.62,10741.63,10655.64,10665.88,4671.264139
2020-10-05 04:00:00,10665.88,10695.81,10615.64,10686.31,5748.600977
2020-10-05 08:00:00,10686.31,10696.67,10658.95,10666.53,5552.684777
2020-10-05 12:00:00,10666.53,10777.37,10654.96,10726.02,7794.048937
2020-10-05 16:00:00,10726.01,10745.3,10680.0,10730.78,5584.960355
2020-10-05 20:00:00,10730.78,10798.0,10727.8,10792.21,4674.202468
2020-10-06 00:00:00,10792.2,10800.0,10738.08,10765.29,5199.392061
2020-10-06 04:00:00,10765.3,10784.02,10705.27,10711.15,7514.980726
2020-10-06 08:00:00,10711.15,10754.71,10650.46,10697.33,7678.425026
2020-10-06 12:00:00,10697.19,10760.0,10621.0,10735.01,10236.973284
2020-10-06 16:00:00,10735.01,10751.23,10537.99,10571.36,11457.158343
2020-10-06 20:00:00,10571.35,10615.24,10525.0,10599.66,6587.811031
2020-10-07 00:00:00,10599.65,10606.45,10546.17,10575.51,5320.946593
2020-10-07 04:00:00,10575.51,10630.0,10570.6,10618.69,5606.158173
2020-10-07 08:00:00,10618.69,10627.88,10569.99,10600.41,5723.865918
2020-10-07 12:00:00,10600.41,10649.37,10592.0,10629.6,7530.662345
2020-10-07 16:00:00,10629.7,10681.87,10601.0,10650.34,5642.760486
2020-10-07 20:00:00,10650.9,10673.59,10641.0,10666.39,2987.596764
2020-10-08 00:00:00,10666.4,10670.89,10616.0,10639.8,3499.776665
2020-10-08 04:00:00,10639.8,10645.09,10563.01,10592.21,6005.750889
2020-10-08 08:00:00,10592.22,10630.18,10530.41,10606.17,6919.375667
2020-10-08 12:00:00,10606.17,10935.0,10593.51,10896.96,21365.835229
2020-10-08 16:00:00,10896.96,10945.0,10842.65,10878.83,9036.035488
2020-10-08 20:00:00,10878.82,10950.0,10860.0,10925.57,5132.917634
2020-10-09 00:00:00,10925.44,10940.85,10861.0,10887.19,4472.387737
2020-10-09 04:00:00,10887.18,10902.74,10829.0,10894.0,5055.182777
2020-10-09 08:00:00,10893.99,11100.0,10864.05,11050.43,12543.273101
2020-10-09 12:00:00,11050.44,11104.64,11035.86,11086.58,14404.303938
2020-10-09 16:00:00,11086.15,11100.0,11012.19,11034.28,6913.566896
2020-10-09 20:00:00,11034.28,11092.76,11015.0,11050.64,4851.358788
2020-10-10 00:00:00,11050.64,11491.0,11050.51,11412.96,13610.005755
2020-10-10 04:00:00,11412.96,11424.32,11266.0,11381.3,6632.412992
2020-10-10 08:00:00,11381.35,11394.33,11215.0,11317.46,7284.551577
2020-10-10 12:00:00,11317.47,11413.66,11284.63,11349.2,7446.863844
2020-10-10 16:00:00,11349.2,11374.39,11308.05,11351.09,4274.560256
2020-10-10 20:00:00,11351.09,11376.47,11262.25,11293.22,4399.642519
2020-10-11 00:00:00,11293.22,11395.8,11270.7,11332.0,4198.955407
2020-10-11 04:00:00,11332.01,11373.97,11301.0,11350.01,3295.769221
2020-10-11 08:00:00,11350.01,11410.0,11327.05,11372.5,5300.708362
2020-10-11 12:00:00,11372.51,11445.0,11336.17,11405.47,5761.177129
2020-10-11 16:00:00,11405.46,11430.0,11315.01,11334.02,5360.320944
2020-10-11 20:00:00,11334.03,11395.32,11221.0,11369.02,5126.920276
2020-10-12 00:00:00,11369.02,11410.3,11345.56,11385.0,4644.880146
2020-10-12 04:00:00,11385.01,11413.9,11330.4,11379.34,5974.733932
2020-10-12 08:00:00,11379.34,11393.83,11172.0,11244.41,9724.883289
2020-10-12 12:00:00,11244.41,11590.0,11236.13,11549.38,15210.910737
2020-10-12 16:00:00,11549.39,11579.64,11526.89,11546.93,7574.082042
2020-10-12 20:00:00,11546.93,11720.01,11477.0,11528.25,9695.793564
2020-10-13 00:00:00,11528.24,11544.87,11413.0,11458.24,7140.689706
2020-10-13 04:00:00,11458.24,11520.0,11426.49,11452.0,4939.211998
2020-10-13 08:00:00,11452.21,11557.0,11370.55,11486.36,8053.006725
2020-10-13 12:00:00,11486.37,11507.2,11300.0,11385.15,11194.583603
2020-10-13 16:00:00,11385.15,11435.26,11340.78,11387.83,6981.542563
2020-10-13 20:00:00,11387.83,11460.16,11386.26,11420.56,3896.249114
2020-10-14 00:00:00,11420.57,11486.96,11390.0,11390.0,4126.523119
2020-10-14 04:00:00,11390.0,11427.62,11361.0,11415.04,5492.673109
2020-10-14 08:00:00,11415.03,11448.0,11357.0,11362.92,6276.573118
2020-10-14 12:00:00,11362.93,11547.98,11280.0,11320.76,13351.284942
2020-10-14 16:00:00,11320.76,11369.79,11287.01,11342.25,7837.200428
2020-10-14 20:00:00,11342.25,11434.47,11336.93,11417.89,4330.851299
2020-10-15 00:00:00,11417.89,11427.98,11354.46,11378.96,4328.081977
2020-10-15 04:00:00,11378.96,11422.93,11366.3,11396.83,5226.184926
2020-10-15 08:00:00,11396.82,11403.83,11250.83,11315.37,9705.983662
2020-10-15 12:00:00,11315.38,11416.15,11275.01,11398.22,9317.518702
2020-10-15 16:00:00,11398.6,11535.0,11363.37,11520.93,11112.811228
2020-10-15 20:00:00,11520.93,11617.34,11400.86,11505.12,9070.137184
2020-10-16 00:00:00,11505.13,11541.15,11470.0,11507.97,4320.834251
2020-10-16 04:00:00,11507.97,11507.97,11200.0,11305.87,17084.872694
2020-10-16 08:00:00,11305.87,11397.18,11212.0,11369.34,10724.889126
2020-10-16 12:00:00,11369.27,11394.69,11281.65,11331.19,7118.295911
2020-10-16 16:00:00,11331.19,11367.91,11299.87,11308.11,5292.071516
2020-10-16 20:00:00,11308.23,11349.0,11273.75,11319.32,4256.786004
2020-10-17 00:00:00,11319.24,11363.26,11272.48,11363.01,3863.795573
2020-10-17 04:00:00,11363.0,11379.92,11334.61,11344.98,2647.551495
2020-10-17 08:00:00,11344.99,11358.88,11308.63,11343.13,3658.009377
2020-10-17 12:00:00,11343.29,11402.42,11255.0,11337.54,6456.072787
2020-10-17 16:00:00,11337.54,11360.0,11300.0,11342.21,3215.975787
2020-10-17 20:00:00,11342.21,11373.18,11325.0,11360.2,2527.510222
2020-10-18 00:00:00,11360.31,11398.0,11346.22,11368.02,3109.800004
2020-10-18 04:00:00,11368.02,11464.99,11366.87,11455.4,4133.080675
2020-10-18 08:00:00,11455.4,11477.96,11398.41,11420.62,3767.885698
2020-10-18 12:00:00,11420.62,11482.24,11407.61,11446.68,5024.660598
2020-10-18 16:00:00,11447.05,11478.47,11429.88,11432.24,3461.610905
2020-10-18 20:00:00,11432.23,11505.0,11413.96,11503.14,3787.003311
2020-10-19 00:00:00,11503.14,11535.0,11407.96,11416.71,5106.702706
2020-10-19 04:00:00,11416.25,11467.1,11407.96,11462.39,4137.00863
2020-10-19 08:00:00,11462.39,11532.01,11447.23,11477.0,5876.872361
2020-10-19 12:00:00,11477.0,11820.0,11472.46,11800.0,17333.670061
2020-10-19 16:00:00,11800.0,11823.99,11661.61,11689.99,9561.962102
2020-10-19 20:00:00,11689.98,11775.0,11660.47,11751.47,5398.318832
2020-10-20 00:00:00,11751.46,11765.96,11677.59,11741.0,4245.865351
2020-10-20 04:00:00,11741.0,11849.0,11707.01,11735.46,7719.014242
2020-10-20 08:00:00,11735.45,11934.0,11702.13,11778.86,12994.050577
2020-10-20 12:00:00,11778.85,11985.98,11765.0,11926.4,16155.661676
2020-10-20 16:00:00,11926.02,12038.38,11881.0,11912.35,14264.70053
2020-10-20 20:00:00,11912.42,11961.16,11855.0,11909.99,6755.458287
2020-10-21 00:00:00,11910.0,12240.0,11886.95,12182.31,15908.98884
2020-10-21 04:00:00,12182.3,12295.0,12122.63,12198.15,13283.940885
2020-10-21 08:00:00,12198.14,12379.0,12129.72,12335.0,11600.228463
2020-10-21 12:00:00,12334.36,12840.0,12275.58,12735.0,27679.567356
2020-10-21 16:00:00,12735.0,12899.99,12617.48,12680.75,19698.407536
2020-10-21 20:00:00,12680.74,13217.68,12640.27,12780.96,26413.323687
2020-10-22 00:00:00,12780.75,12940.0,12684.3,12718.26,9908.133552
2020-10-22 04:00:00,12718.26,12823.67,12678.08,12751.55,7924.826588
2020-10-22 08:00:00,12751.54,13024.52,12700.0,12967.01,13488.049988
2020-10-22 12:00:00,12967.01,12975.58,12801.0,12930.0,11954.267932
2020-10-22 16:00:00,12930.0,13150.0,12915.22,13072.48,14717.151008
2020-10-22 20:00:00,13072.47,13185.0,12915.0,12968.52,12046.395076
2020-10-23 00:00:00,12968.84,13002.33,12831.13,12960.01,8306.58046
2020-10-23 04:00:00,12960.02,12990.0,12862.82,12883.62,7215.944834
2020-10-23 08:00:00,12883.61,13027.69,12851.11,12968.96,9699.789093
2020-10-23 12:00:00,12968.96,13012.06,12890.85,12921.09,7974.160209
2020-10-23 16:00:00,12921.1,12950.72,12720.08,12918.99,11293.390121
2020-10-23 20:00:00,12919.02,12974.0,12868.01,12923.07,5897.135124
2020-10-24 00:00:00,12923.06,13011.16,12870.0,12967.74,5087.076342
2020-10-24 04:00:00,12967.74,13000.0,12914.17,12924.79,4415.409459
2020-10-24 08:00:00,12924.79,12999.0,12906.42,12990.9,5175.791693
2020-10-24 12:00:00,12990.9,13166.73,12930.0,13100.0,10976.011205
2020-10-24 16:00:00,13100.0,13144.51,13025.42,13118.24,6289.486998
2020-10-24 20:00:00,13118.24,13129.0,13031.46,13111.73,4008.433373
2020-10-25 00:00:00,13111.73,13350.0,13067.39,13295.5,7520.682205
2020-10-25 04:00:00,13295.5,13343.2,12888.0,13027.24,11890.14274
2020-10-25 08:00:00,13027.24,13027.93,12895.09,12951.73,6617.551653
2020-10-25 12:00:00,12951.73,13016.18,12932.0,12940.74,4331.598275
2020-10-25 16:00:00,12940.51,13046.51,12910.54,13042.16,4585.452229
2020-10-25 20:00:00,13042.17,13047.8,12981.2,13028.83,3536.152402
2020-10-26 00:00:00,13029.64,13131.96,12971.0,13094.53,5501.717337
2020-10-26 04:00:00,13094.33,13151.51,13010.0,13037.08,6304.802353
2020-10-26 08:00:00,13037.08,13180.0,12930.0,13145.0,8862.331716
2020-10-26 12:00:00,13145.01,13238.81,12900.0,12978.41,16523.003835
2020-10-26 16:00:00,12978.4,13043.01,12765.0,13004.5,18274.167114
2020-10-26 20:00:00,13004.49,13086.42,12983.26,13052.19,5485.650631
2020-10-27 00:00:00,13052.15,13129.19,13019.87,13083.24,5543.515353
2020-10-27 04:00:00,13083.24,13160.0,13061.01,13144.58,6720.778304
2020-10-27 08:00:00,13144.59,13497.0,13084.72,13449.8,18873.729544
2020-10-27 12:00:00,13449.8,13631.0,13320.27,13609.24,18478.601569
2020-10-27 16:00:00,13609.24,13745.0,13500.0,13656.89,19134.456814
2020-10-27 20:00:00,13656.9,13789.29,13569.28,13636.17,12059.937866
2020-10-28 00:00:00,13636.16,13859.48,13601.0,13779.99,12010.285242
2020-10-28 04:00:00,13780.0,13825.0,13506.0,13664.37,12194.345874
2020-10-28 08:00:00,13664.36,13705.59,13306.01,13318.33,17652.188986
2020-10-28 12:00:00,13318.33,13374.87,12888.0,13221.26,30316.032369
2020-10-28 16:00:00,13221.26,13255.0,13000.01,13165.31,15038.467099
2020-10-28 20:00:00,13165.32,13307.35,13100.0,13266.4,7229.241656
2020-10-29 00:00:00,13266.4,13308.54,13167.0,13280.99,7957.900459
2020-10-29 04:00:00,13280.98,13326.39,13120.88,13138.87,9893.917842
2020-10-29 08:00:00,13138.87,13208.77,13041.18,13052.06,10808.995244
2020-10-29 12:00:00,13051.68,13481.56,12920.77,13436.95,20908.412705
2020-10-29 16:00:00,13436.94,13642.91,13395.99,13492.51,16523.484874
2020-10-29 20:00:00,13492.5,13549.91,13380.5,13455.7,8779.891008
2020-10-30 00:00:00,13455.69,13669.98,13285.0,13432.34,12677.857263
2020-10-30 04:00:00,13432.34,13497.74,13115.0,13218.96,15179.620701
2020-10-30 08:00:00,13218.96,13369.47,13147.66,13347.79,12134.207154
2020-10-30 12:00:00,13347.8,13550.0,13221.35,13549.98,13340.404006
2020-10-30 16:00:00,13549.6,13582.0,13462.41,13536.44,9207.04492
2020-10-30 20:00:00,13536.44,13666.66,13466.0,13560.1,8118.644837
2020-10-31 00:00:00,13560.1,13740.0,13411.5,13491.54,9254.029042
2020-10-31 04:00:00,13491.55,13613.87,13452.5,13576.14,4565.057535
2020-10-31 08:00:00,13576.14,14100.0,13572.4,13940.0,30443.315456
2020-10-31 12:00:00,13940.0,13941.21,13730.0,13852.02,10328.805562
2020-10-31 16:00:00,13852.01,13883.55,13675.13,13781.87,7321.05302
2020-10-31 20:00:00,13781.87,13890.0,13745.39,13791.0,5426.9779
2020-11-01 00:00:00,13791.0,13895.0,13641.0,13690.01,6550.687344
2020-11-01 04:00:00,13690.01,13809.16,13603.0,13792.51,5060.055328
2020-11-01 08:00:00,13792.51,13812.0,13655.01,13696.58,5899.800475
2020-11-01 12:00:00,13696.58,13860.0,13668.09,13800.01,7876.105746
2020-11-01 16:00:00,13800.0,13833.26,13761.87,13789.88,4124.994448
2020-11-01 20:00:00,13789.79,13864.0,13639.55,13761.5,6774.005185
2020-11-02 00:00:00,13761.49,13830.0,13648.09,13697.54,7524.205951
2020-11-02 04:00:00,13697.54,13759.26,13640.0,13740.99,5400.968961
2020-11-02 08:00:00,13740.99,13741.0,13357.42,13402.18,18852.427879
2020-11-02 12:00:00,13402.18,13541.85,13195.05,13499.0,18114.795032
2020-11-02 16:00:00,13498.6,13555.41,13447.81,13553.65,7347.237478
2020-11-02 20:00:00,13553.65,13700.0,13534.15,13549.37,7326.786607
2020-11-03 00:00:00,13549.63,13642.0,13310.0,13391.96,11269.789555
2020-11-03 04:00:00,13391.95,13454.01,13284.99,13444.3,12737.840198
2020-11-03 08:00:00,13443.3,13604.0,13404.45,13532.14,12169.545286
2020-11-03 12:00:00,13532.15,13798.0,13471.0,13710.38,15299.086022
2020-11-03 16:00:00,13710.39,13780.0,13680.34,13721.27,7363.54459
2020-11-03 20:00:00,13721.27,14066.11,13650.0,14023.53,15275.825136
2020-11-04 00:00:00,14023.53,14044.55,13700.0,13897.51,17775.888701
2020-11-04 04:00:00,13897.51,13928.26,13525.0,13600.46,13799.937388
2020-11-04 08:00:00,13600.46,13756.97,13569.51,13720.99,11396.923111
2020-11-04 12:00:00,13721.0,13925.0,13701.0,13911.47,12790.362655
2020-11-04 16:00:00,13911.47,14259.0,13881.05,14102.26,24742.200864
2020-11-04 20:00:00,14102.26,14250.0,13931.64,14144.01,12511.675543
2020-11-05 00:00:00,14144.01,14372.73,14093.56,14311.29,13521.089056
2020-11-05 04:00:00,14311.09,14508.25,14250.0,14475.87,16486.482203
2020-11-05 08:00:00,14476.18,14740.0,14337.45,14717.6,22927.794704
2020-11-05 12:00:00,14717.61,15148.0,14600.0,15080.26,35489.516787
2020-11-05 16:00:00,15080.25,15300.0,14550.0,15120.88,30549.030647
2020-11-05 20:00:00,15120.89,15750.0,14992.12,15590.02,24767.609276
2020-11-06 00:00:00,15590.02,15960.0,15388.0,15430.48,32056.27204
2020-11-06 04:00:00,15431.23,15783.62,15419.32,15733.3,17260.460762
2020-11-06 08:00:00,15731.56,15739.0,15274.05,15572.36,23417.544483
2020-11-06 12:00:00,15572.35,15710.0,15350.0,15411.27,23800.267188
2020-11-06 16:00:00,15410.42,15560.0,15398.01,15435.99,11001.570929
2020-11-06 20:00:00,15436.0,15675.0,15166.0,15579.92,15082.082293
2020-11-07 00:00:00,15579.93,15753.52,15489.97,15545.2,13076.752177
2020-11-07 04:00:00,15545.2,15617.49,15415.0,15444.41,6651.45658
2020-11-07 08:00:00,15444.33,15583.15,15388.03,15515.95,7889.090214
2020-11-07 12:00:00,15515.95,15550.0,15170.0,15337.91,16870.147135
2020-11-07 16:00:00,15338.47,15410.0,14560.0,14643.52,33823.674026
2020-11-07 20:00:00,14643.52,14949.0,14344.22,14818.3,23120.086421
2020-11-08 00:00:00,14818.3,15120.0,14703.88,14957.41,11483.238051
2020-11-08 04:00:00,14957.42,15092.18,14906.16,14931.53,6046.786238
2020-11-08 08:00:00,14931.71,15192.5,14848.0,15171.0,9576.13481
2020-11-08 12:00:00,15171.11,15443.0,15106.01,15353.48,13590.119907
2020-11-08 16:00:00,15353.49,15650.0,15239.08,15339.47,16411.928961
2020-11-08 20:00:00,15339.48,15534.88,15250.0,15475.1,8438.970607
2020-11-09 00:00:00,15475.1,15595.0,15374.26,15434.08,8408.024619
2020-11-09 04:00:00,15434.08,15491.37,15282.35,15303.26,9963.356432
2020-11-09 08:00:00,15303.27,15840.0,15140.0,15802.39,19135.644475
2020-11-09 12:00:00,15802.4,15808.4,14940.54,15000.96,38441.724769
2020-11-09 16:00:00,15000.96,15449.84,14805.54,15360.0,22208.646142
2020-11-09 20:00:00,15360.0,15492.67,15211.22,15328.41,10818.937697
2020-11-10 00:00:00,15328.41,15429.0,15182.06,15334.91,9449.809378
2020-11-10 04:00:00,15334.91,15441.18,15247.21,15274.74,8837.253435
2020-11-10 08:00:00,15274.75,15460.0,15155.0,15279.24,12428.709191
2020-11-10 12:00:00,15279.24,15393.65,15072.46,15167.49,14867.088261
2020-11-10 16:00:00,15167.12,15342.0,15111.2,15297.94,9298.821467
2020-11-10 20:00:00,15297.94,15394.0,15260.17,15297.21,6800.237874
2020-11-11 00:00:00,15297.21,15499.58,15272.68,15401.9,11252.097142
2020-11-11 04:00:00,15401.9,15441.37,15322.02,15400.51,5830.865996
2020-11-11 08:00:00,15400.5,15680.0,15363.37,15574.48,13706.745887
2020-11-11 12:00:00,15574.48,15718.91,15477.0,15667.27,13545.826971
2020-11-11 16:00:00,15667.5,15965.0,15639.21,15807.58,22805.0493
2020-11-11 20:00:00,15807.58,15886.0,15576.04,15684.24,11329.161162
2020-11-12 00:00:00,15684.25,15711.77,15440.64,15628.14,11628.021693
2020-11-12 04:00:00,15628.14,15945.0,15591.54,15862.75,10308.733321
2020-11-12 08:00:00,15862.75,16160.89,15600.0,15762.55,27118.660196
2020-11-12 12:00:00,15762.55,16144.5,15747.14,16125.01,20899.418386
2020-11-12 16:00:00,16125.0,16199.0,15882.0,16063.81,17553.510779
2020-11-12 20:00:00,16063.81,16340.7,16030.65,16291.86,14688.012217
2020-11-13 00:00:00,16291.85,16473.39,16263.06,16432.99,14133.518774
2020-11-13 04:00:00,16432.99,16480.0,16172.41,16253.3,11913.355059
2020-11-13 08:00:00,16253.31,16357.86,16070.17,16225.0,15331.239847
2020-11-13 12:00:00,16225.0,16310.0,16066.09,16100.17,13175.260396
2020-11-13 16:00:00,16100.16,16297.04,15952.35,16282.0,14176.448087
2020-11-13 20:00:00,16282.0,16355.0,16178.0,16320.7,6962.058851
2020-11-14 00:00:00,16320.04,16326.99,16141.0,16178.62,7099.409488
2020-11-14 04:00:00,16178.63,16204.77,16023.0,16089.0,8159.888488
2020-11-14 08:00:00,16088.99,16132.37,15750.0,15925.44,16312.200245
2020-11-14 12:00:00,15925.43,16055.0,15832.13,15951.92,8996.6521
2020-11-14 16:00:00,15951.92,16026.29,15670.0,15881.33,12340.755525
2020-11-14 20:00:00,15881.32,16140.99,15853.85,16070.45,6207.441333
2020-11-15 00:00:00,16069.56,16105.66,15868.31,15929.47,6745.450133
2020-11-15 04:00:00,15929.48,16099.0,15883.01,16030.9,5193.254045
2020-11-15 08:00:00,16030.9,16180.0,15939.24,15953.72,8770.164665
2020-11-15 12:00:00,15953.73,16110.02,15923.0,16027.19,7140.250891
2020-11-15 16:00:00,16027.19,16064.59,15850.0,15855.29,8833.113602
2020-11-15 20:00:00,15855.29,16010.0,15774.72,15957.0,6914.608177
2020-11-16 00:00:00,15957.0,16048.55,15864.0,16006.5,7197.430624
2020-11-16 04:00:00,16006.5,16291.99,15980.88,16235.71,11891.244132
2020-11-16 08:00:00,16235.71,16390.0,16164.55,16235.68,13252.015626
2020-11-16 12:00:00,16235.67,16469.0,16235.2,16450.0,13144.10422
2020-11-16 16:00:00,16450.0,16847.8,16434.89,16779.01,23460.908489
2020-11-16 20:00:00,16778.93,16880.0,16578.0,16713.57,12354.972833
2020-11-17 00:00:00,16713.08,16830.0,16570.0,16573.58,9790.109221
2020-11-17 04:00:00,16573.57,16774.99,16538.0,16750.0,9436.180698
2020-11-17 08:00:00,16750.0,17000.0,16633.37,16995.06,17356.231892
2020-11-17 12:00:00,16994.11,17373.0,16920.0,17322.19,27566.282899
2020-11-17 16:00:00,17321.55,17858.82,17231.53,17685.22,39141.607541
2020-11-17 20:00:00,17685.23,17723.28,17456.52,17659.38,11930.990851
2020-11-18 00:00:00,17659.38,18067.21,17601.0,18030.71,17234.585705
2020-11-18 04:00:00,18030.7,18476.93,17214.45,18063.7,42050.872956
2020-11-18 08:00:00,18063.69,18260.0,17853.01,18249.99,24995.68297
2020-11-18 12:00:00,18249.99,18250.0,17271.02,17873.88,31837.027606
2020-11-18 16:00:00,17873.89,18000.0,17553.8,17659.9,20092.479737
2020-11-18 20:00:00,17659.9,17855.0,17490.0,17776.12,12809.13916
2020-11-19 00:00:00,17777.75,18058.58,17573.31,17915.46,14025.210346
2020-11-19 04:00:00,17915.81,17921.97,17590.7,17649.94,11362.102415
2020-11-19 08:00:00,17650.03,17778.04,17335.65,17765.33,21465.662783
2020-11-19 12:00:00,17765.32,18179.8,17653.24,18045.0,21341.621778
2020-11-19 16:00:00,18045.01,18119.98,17869.76,17955.8,12898.428557
2020-11-19 20:00:00,17955.79,18100.0,17681.36,17802.82,11916.535129
2020-11-20 00:00:00,17802.81,18037.5,17740.04,17955.06,10311.087143
2020-11-20 04:00:00,17955.06,18404.68,17941.66,18212.0,16527.448419
2020-11-20 08:00:00,18210.0,18360.68,18101.05,18263.5,13832.537427
2020-11-20 12:00:00,18263.69,18739.9,18150.22,18668.56,22545.743038
2020-11-20 16:00:00,18668.56,18815.22,18401.0,18627.38,16184.45907
2020-11-20 20:00:00,18627.57,18740.0,18473.94,18655.67,9021.743392
2020-11-21 00:00:00,18655.66,18965.9,18620.46,18659.48,15549.63594
2020-11-21 04:00:00,18659.47,18739.76,18444.74,18669.99,10000.792612
2020-11-21 08:00:00,18670.0,18783.76,18486.56,18531.06,10899.263116
2020-11-21 12:00:00,18531.06,18824.68,18308.58,18790.01,16582.332775
2020-11-21 16:00:00,18790.0,18907.38,18580.0,18679.97,13760.923508
2020-11-21 20:00:00,18679.97,18745.47,18525.0,18703.8,8784.510443
2020-11-22 00:00:00,18703.8,18750.0,18350.0,18559.91,14417.054294
2020-11-22 04:00:00,18559.91,18611.0,18255.93,18498.31,8985.373591
2020-11-22 08:00:00,18498.31,18503.14,17610.86,17887.82,21073.641341
2020-11-22 12:00:00,17891.76,18333.52,17820.0,18295.4,14662.817683
2020-11-22 16:00:00,18295.41,18630.03,18258.11,18573.58,12197.096374
2020-11-22 20:00:00,18573.59,18683.77,18367.82,18414.43,10309.754495
2020-11-23 00:00:00,18413.88,18523.09,18000.0,18369.0,14543.555706
2020-11-23 04:00:00,18367.49,18556.83,18308.0,18458.13,10401.991319
2020-11-23 08:00:00,18458.12,18766.0,18453.55,18567.7,14276.076507
2020-11-23 12:00:00,18567.7,18700.0,18222.22,18261.86,21556.983698
2020-11-23 16:00:00,18261.86,18461.91,18134.11,18444.44,12485.76088
2020-11-23 20:00:00,18444.45,18485.01,18262.0,18368.0,9697.137983
2020-11-24 00:00:00,18368.01,18530.0,18207.98,18338.52,12310.296588
2020-11-24 04:00:00,18338.23,18450.0,18018.0,18369.36,16023.789773
2020-11-24 08:00:00,18369.35,19100.0,18369.35,19064.99,30420.729262
2020-11-24 12:00:00,19064.99,19418.97,18979.99,19358.57,26110.474164
2020-11-24 16:00:00,19358.56,19410.0,19074.4,19160.01,15311.606318
2020-11-24 20:00:00,19160.01,19248.28,18842.31,19160.01,13404.613136
2020-11-25 00:00:00,19160.0,19218.12,18734.22,18808.03,12233.832597
2020-11-25 04:00:00,18808.04,19050.73,18625.0,18975.13,13211.358586
2020-11-25 08:00:00,18975.12,19345.99,18970.01,19281.55,14317.818871
2020-11-25 12:00:00,19281.55,19484.21,19100.0,19126.84,18906.369181
2020-11-25 16:00:00,19126.84,19196.33,18811.0,18981.29,16213.407
2020-11-25 20:00:00,18981.29,19096.63,18500.27,18719.11,18383.790652
2020-11-26 00:00:00,18718.83,18915.03,17200.0,17927.98,31928.553871
2020-11-26 04:00:00,17927.98,18100.0,17435.0,17619.9,25698.930447
2020-11-26 08:00:00,17610.92,17620.19,16334.0,17100.0,47045.515478
2020-11-26 12:00:00,17100.0,17395.47,16720.0,16905.18,27445.374849
2020-11-26 16:00:00,16906.23,17036.65,16188.0,16516.87,31083.962007
2020-11-26 20:00:00,16516.86,17294.88,16513.35,17149.47,17802.910041
2020-11-27 00:00:00,17149.47,17457.62,17012.56,17078.11,14869.226777
2020-11-27 04:00:00,17078.11,17340.49,17037.57,17094.18,10343.899688
2020-11-27 08:00:00,17095.47,17200.0,16620.0,16789.37,19276.716775
2020-11-27 12:00:00,16789.46,17083.35,16438.08,16498.85,16961.590001
2020-11-27 16:00:00,16501.1,16866.66,16465.48,16803.14,11210.294211
2020-11-27 20:00:00,16803.14,17235.7,16634.34,17139.52,12635.297335
2020-11-28 00:00:00,17139.53,17190.0,16923.5,16990.27,8340.874873
2020-11-28 04:00:00,16990.27,17067.14,16872.0,17014.72,5878.732779
2020-11-28 08:00:00,17014.72,17257.97,16865.56,17160.29,9358.497756
2020-11-28 12:00:00,17160.29,17530.46,17070.0,17517.04,14537.534291
2020-11-28 16:00:00,17517.04,17840.0,17516.52,17814.5,17397.540091
2020-11-28 20:00:00,17814.5,17880.49,17612.33,17719.85,9397.52018
2020-11-29 00:00:00,17719.84,17886.21,17517.0,17867.48,7595.22314
2020-11-29 04:00:00,17867.48,17867.49,17666.0,17817.34,5449.037556
2020-11-29 08:00:00,17817.34,18250.0,17803.78,18090.44,15429.95137
2020-11-29 12:00:00,18089.75,18194.13,17882.82,18119.97,9853.317451
2020-11-29 16:00:00,18119.97,18147.0,17926.0,18042.86,7368.469263
2020-11-29 20:00:00,18042.85,18360.05,18027.82,18184.99,9633.017523
2020-11-30 00:00:00,18185.0,18593.81,18184.99,18579.5,12777.103524
2020-11-30 04:00:00,18579.67,18677.0,18450.0,18623.0,7454.809079
2020-11-30 08:00:00,18623.05,18655.0,18326.03,18600.95,12929.09558
2020-11-30 12:00:00,18600.94,19863.16,18600.94,19291.88,45982.572965
2020-11-30 16:00:00,19291.88,19579.0,19011.1,19259.98,22175.793122
2020-11-30 20:00:00,19259.98,19747.05,19170.78,19695.87,14144.092618
2020-12-01 00:00:00,19695.87,19720.0,19340.0,19419.74,12570.899335
2020-12-01 04:00:00,19419.73,19546.81,19281.38,19515.63,12160.743244
2020-12-01 08:00:00,19515.62,19888.0,18886.0,19425.0,28164.359574
2020-12-01 12:00:00,19425.4,19489.3,18001.12,19263.37,46986.234611
2020-12-01 16:00:00,19263.36,19325.83,18611.88,19069.79,18487.203308
2020-12-01 20:00:00,19069.79,19211.0,18725.0,18764.96,9329.32258
2020-12-02 00:00:00,18764.96,18972.12,18433.0,18618.25,11809.352937
2020-12-02 04:00:00,18618.0,19135.0,18330.0,19124.48,15385.762449
2020-12-02 08:00:00,19124.49,19342.0,18977.03,19127.31,14708.534803
2020-12-02 12:00:00,19127.31,19250.7,18728.38,18891.57,16270.333734
2020-12-02 16:00:00,18891.57,19139.06,18770.0,19101.1,10317.117145
2020-12-02 20:00:00,19101.1,19260.0,19044.85,19204.09,7419.91241
2020-12-03 00:00:00,19204.08,19299.0,18940.0,19087.0,8465.598244
2020-12-03 04:00:00,19087.01,19250.0,18867.2,19208.11,8707.843165
2020-12-03 08:00:00,19208.11,19450.0,19097.6,19396.5,18179.656626
2020-12-03 12:00:00,19396.49,19536.2,19219.78,19535.0,11910.345111
2020-12-03 16:00:00,19535.0,19598.0,19194.06,19414.29,12384.823946
2020-12-03 20:00:00,19414.29,19540.0,19306.27,19421.9,7041.124187
2020-12-04 00:00:00,19422.34,19527.0,19122.74,19162.62,8683.588417
2020-12-04 04:00:00,19162.62,19367.05,19122.48,19283.94,7923.616816
2020-12-04 08:00:00,19283.94,19447.14,18700.0,18833.25,19749.018374
2020-12-04 12:00:00,18834.48,19146.22,18686.38,18943.35,14717.586675
2020-12-04 16:00:00,18944.06,19078.68,18817.0,19038.73,8799.851665
2020-12-04 20:00:00,19038.73,19045.34,18565.31,18650.52,11410.006253
2020-12-05 00:00:00,18650.51,18880.0,18500.0,18818.85,11358.734808
2020-12-05 04:00:00,18818.05,18990.08,18800.0,18911.31,6304.628334
2020-12-05 08:00:00,18911.3,19177.0,18911.3,19013.43,8498.229726
2020-12-05 12:00:00,19013.43,19150.0,18941.74,19110.78,7078.647576
2020-12-05 16:00:00,19111.13,19172.37,19026.0,19119.19,5229.461483
2020-12-05 20:00:00,19119.19,19157.52,18977.16,19147.66,4453.046646
2020-12-06 00:00:00,19147.66,19342.0,19131.02,19183.39,7779.793685
2020-12-06 04:00:00,19183.39,19260.0,19105.0,19230.99,3703.931471
2020-12-06 08:00:00,19230.99,19251.0,18950.87,19089.16,6329.883093
2020-12-06 12:00:00,19089.15,19152.38,18857.0,19125.83,6371.69321
2020-12-06 16:00:00,19125.84,19213.09,19018.0,19132.62,4588.56928
2020-12-06 20:00:00,19132.62,19420.0,19045.0,19359.4,8269.221122
2020-12-07 00:00:00,19358.67,19420.91,19157.55,19282.68,6399.491646
2020-12-07 04:00:00,19282.68,19399.0,19233.36,19371.3,5175.893343
2020-12-07 08:00:00,19371.24,19386.15,19090.0,19103.58,7240.29958
2020-12-07 12:00:00,19103.79,19257.03,19095.72,19213.9,7561.866771
2020-12-07 16:00:00,19213.9,19241.39,18902.88,18967.01,9508.451897
2020-12-07 20:00:00,18967.01,19217.64,18935.06,19166.9,5486.293056
2020-12-08 00:00:00,19166.9,19235.6,19132.67,19154.73,5152.935628
2020-12-08 04:00:00,19154.73,19294.84,19091.0,19143.1,6595.288304
2020-12-08 08:00:00,19143.1,19168.88,18700.0,18762.96,14520.460169
2020-12-08 12:00:00,18762.95,18974.83,18610.0,18809.91,12208.641638
2020-12-08 16:00:00,18809.91,18937.81,18745.31,18795.74,6929.01603
2020-12-08 20:00:00,18795.74,18848.0,18200.0,18324.11,16220.605845
2020-12-09 00:00:00,18324.11,18380.0,18032.0,18300.01,13063.485385
2020-12-09 04:00:00,18300.0,18308.39,17830.0,17924.07,12471.727027
2020-12-09 08:00:00,17924.06,18379.87,17650.0,18244.95,20885.14567
2020-12-09 12:00:00,18244.94,18523.99,18169.1,18349.5,13825.353411
2020-12-09 16:00:00,18349.5,18435.0,18165.0,18260.03,9137.369079
2020-12-09 20:00:00,18260.02,18639.57,18211.78,18541.28,10202.473229
2020-12-10 00:00:00,18541.29,18557.32,18303.28,18409.77,6986.234514
2020-12-10 04:00:00,18409.78,18493.28,18278.44,18335.91,6354.360051
2020-12-10 08:00:00,18335.91,18480.0,18070.0,18192.49,10543.474209
2020-12-10 12:00:00,18192.5,18290.63,17911.12,18134.08,13306.105002
2020-12-10 16:00:00,18132.11,18403.28,18076.07,18403.1,9423.810631
2020-12-10 20:00:00,18403.11,18435.74,18220.0,18254.63,6276.690687
2020-12-11 00:00:00,18254.81,18292.73,17715.6,17990.88,16572.478298
2020-12-11 04:00:00,17990.69,18048.6,17700.51,17811.95,9833.418184
2020-12-11 08:00:00,17811.96,18001.15,17572.33,17647.71,14981.138583
2020-12-11 12:00:00,17647.71,18132.0,17617.0,18104.74,13778.225856
2020-12-11 16:00:00,18104.74,18111.55,17852.0,17977.0,9267.630218
2020-12-11 20:00:00,17975.08,18184.0,17925.37,18036.53,8177.83312
2020-12-12 00:00:00,18036.53,18375.0,18020.7,18282.02,9055.432426
2020-12-12 04:00:00,18282.01,18400.0,18261.32,18380.85,5978.229713
2020-12-12 08:00:00,18380.85,18513.66,18318.98,18506.1,7485.979478
2020-12-12 12:00:00,18506.1,18525.33,18308.82,18399.01,7599.348122
2020-12-12 16:00:00,18399.01,18850.0,18362.42,18805.29,11570.148575
2020-12-12 20:00:00,18805.29,18948.66,18729.09,18808.69,7830.840118
2020-12-13 00:00:00,18808.69,18875.0,18711.12,18784.42,5683.540339
2020-12-13 04:00:00,18784.56,19306.27,18768.19,19247.68,12442.836528
2020-12-13 08:00:00,19249.21,19370.0,19179.5,19316.81,11471.956282
2020-12-13 12:00:00,19316.8,19411.0,19080.0,19211.34,11876.195729
2020-12-13 16:00:00,19211.34,19385.0,19155.0,19193.78,8180.778021
2020-12-13 20:00:00,19193.28,19225.63,18971.0,19174.99,6905.514845
2020-12-14 00:00:00,19174.99,19347.0,19000.0,19260.68,8314.062366
2020-12-14 04:00:00,19260.68,19282.11,19033.84,19155.8,7300.44682
2020-12-14 08:00:00,19155.8,19258.96,19051.11,19106.44,8017.3737
2020-12-14 12:00:00,19106.43,19300.0,19028.97,19200.07,10367.673215
2020-12-14 16:00:00,19200.0,19237.79,19113.08,19175.88,6312.418187
2020-12-14 20:00:00,19175.88,19349.0,19130.85,19273.14,6945.227006
2020-12-15 00:00:00,19273.69,19570.0,19243.64,19479.7,12930.098315
2020-12-15 04:00:00,19479.69,19497.36,19050.0,19197.6,11151.741215
2020-12-15 08:00:00,19197.59,19350.0,19074.0,19293.54,9786.411133
2020-12-15 12:00:00,19293.54,19433.0,19256.27,19403.31,9776.902161
2020-12-15 16:00:00,19403.31,19545.0,19328.06,19530.38,10233.577159
2020-12-15 20:00:00,19530.38,19547.0,19276.0,19426.43,7955.636028
2020-12-16 00:00:00,19426.43,19488.02,19278.6,19346.52,8085.721291
2020-12-16 04:00:00,19346.51,19454.93,19300.3,19423.96,5665.315493
2020-12-16 08:00:00,19423.95,19860.0,19370.62,19739.78,18064.957483
2020-12-16 12:00:00,19739.78,20799.0,19680.0,20661.37,39556.897812
2020-12-16 16:00:00,20661.37,20865.43,20550.0,20736.87,18816.503275
2020-12-16 20:00:00,20736.87,21560.0,20711.0,21335.52,24116.940216
2020-12-17 00:00:00,21335.52,22166.0,21230.0,21753.26,24525.961069
2020-12-17 04:00:00,21752.65,22488.0,21735.09,22478.76,20499.172775
2020-12-17 08:00:00,22478.75,23800.0,21801.0,22752.16,52752.440504
2020-12-17 12:00:00,22752.15,23369.0,22600.0,23333.8,28836.294063
2020-12-17 16:00:00,23333.81,23699.7,22500.0,22899.08,36022.637649
2020-12-17 20:00:00,22898.47,23106.34,22311.1,22797.16,22245.970688
2020-12-18 00:00:00,22797.15,23248.99,22470.35,22811.59,15104.202216
2020-12-18 04:00:00,22811.58,23168.59,22772.05,23055.98,10945.410347
2020-12-18 08:00:00,23055.98,23285.18,22691.61,22886.17,15356.774298
2020-12-18 12:00:00,22886.18,23073.25,22350.0,22549.0,17933.813686
2020-12-18 16:00:00,22549.0,22829.04,22463.59,22762.28,10012.675218
2020-12-18 20:00:00,22762.28,23143.56,22650.29,23107.39,10293.25855
2020-12-19 00:00:00,23107.39,23225.0,22902.1,23098.04,9439.469599
2020-12-19 04:00:00,23098.05,23138.0,22821.0,22853.75,7486.655643
2020-12-19 08:00:00,22853.75,23080.45,22750.0,22888.54,9552.792785
2020-12-19 12:00:00,22888.53,23650.0,22886.79,23552.01,22898.655987
2020-12-19 16:00:00,23552.0,24171.47,23456.55,23791.91,27247.490582
2020-12-19 20:00:00,23791.82,24065.41,23719.25,23821.61,9420.000081
2020-12-20 00:00:00,23821.6,23836.48,23180.88,23346.48,12685.741383
2020-12-20 04:00:00,23346.25,23646.31,23060.0,23628.88,8503.958468
2020-12-20 08:00:00,23628.89,23791.0,23358.78,23553.02,11064.885182
2020-12-20 12:00:00,23553.02,23910.0,23296.0,23868.09,12061.976868
2020-12-20 16:00:00,23868.08,23995.97,23625.41,23930.0,10704.000933
2020-12-20 20:00:00,23928.8,24295.0,23090.0,23455.52,21669.582851
2020-12-21 00:00:00,23455.54,24016.93,23287.94,23945.29,10950.363168
2020-12-21 04:00:00,23945.3,24102.77,23700.0,23980.0,11557.190816
2020-12-21 08:00:00,23979.99,24075.94,22350.0,22645.85,32200.664386
2020-12-21 12:00:00,22646.7,22774.0,21815.0,22681.32,14924.656327
2020-12-21 16:00:00,22693.65,22988.6,22621.44,22816.62,7670.884782
2020-12-21 20:00:00,22816.63,23254.33,22699.99,22719.71,10726.537764
2020-12-22 00:00:00,22719.88,22970.0,22428.86,22851.2,13248.263484
2020-12-22 04:00:00,22851.19,23076.77,22500.0,22655.83,12882.047605
2020-12-22 08:00:00,22655.82,23155.0,22353.4,23119.48,16046.227807
2020-12-22 12:00:00,23119.47,23628.89,23062.01,23342.58,20212.886362
2020-12-22 16:00:00,23342.68,23520.0,23224.4,23404.27,11980.987778
2020-12-22 20:00:00,23404.27,23837.1,23277.72,23810.79,12662.713124
2020-12-23 00:00:00,23810.79,24050.0,23551.86,23706.72,14097.866027
2020-12-23 04:00:00,23706.72,23711.17,23319.11,23555.73,15504.342575
2020-12-23 08:00:00,23555.54,23735.51,22810.0,23064.01,21669.771448
2020-12-23 12:00:00,23064.01,24100.0,22931.0,23449.66,31181.376049
2020-12-23 16:00:00,23449.66,23678.49,23350.0,23556.91,15497.977787
2020-12-23 20:00:00,23556.91,23625.0,22600.0,23232.76,21095.925847
2020-12-24 00:00:00,23232.39,23242.04,22703.42,22894.28,16690.359544
2020-12-24 04:00:00,22894.28,23219.38,22786.67,23173.38,10166.113051
2020-12-24 08:00:00,23173.38,23479.26,23049.95,23218.68,11463.404154
2020-12-24 12:00:00,23218.67,23425.95,23012.29,23232.12,10255.8395
2020-12-24 16:00:00,23232.12,23460.97,23108.01,23287.15,7434.051187
2020-12-24 20:00:00,23287.16,23794.43,23258.35,23729.2,13004.066816
2020-12-25 00:00:00,23728.99,23827.54,23433.6,23481.21,6226.909108
2020-12-25 04:00:00,23481.2,23681.19,23451.79,23649.82,6285.399808
2020-12-25 08:00:00,23650.99,24681.0,23600.0,24574.4,24856.054297
2020-12-25 12:00:00,24574.4,24642.34,23785.5,24025.13,18222.744958
2020-12-25 16:00:00,24025.13,24520.0,23987.16,24449.66,13169.85304
2020-12-25 20:00:00,24449.66,24789.86,24198.6,24712.47,10758.982358
2020-12-26 00:00:00,24712.47,25039.96,24500.0,24909.79,13713.430258
2020-12-26 04:00:00,24909.8,24933.0,24652.54,24784.48,8494.941315
2020-12-26 08:00:00,24784.48,25000.0,24562.5,24834.36,9885.744312
2020-12-26 12:00:00,24834.36,25673.52,24734.94,25629.99,19202.442887
2020-12-26 16:00:00,25629.99,26000.0,25575.0,25931.02,19672.71957
2020-12-26 20:00:00,25931.02,26867.03,25810.56,26493.39,26837.235044
2020-12-27 00:00:00,26493.4,26963.46,26427.16,26568.08,19331.11947
2020-12-27 04:00:00,26568.24,27777.82,26567.81,27639.38,20073.504922
2020-12-27 08:00:00,27639.39,28422.0,26566.0,27646.48,33687.707899
2020-12-27 12:00:00,27647.55,27777.0,26600.0,27359.62,31523.179707
2020-12-27 16:00:00,27360.09,27490.0,26600.0,27081.67,22383.239801
2020-12-27 20:00:00,27081.98,27095.18,25700.0,26281.66,21456.834415
2020-12-28 00:00:00,26281.54,27356.3,26101.0,27275.65,15707.76815
2020-12-28 04:00:00,27275.66,27332.0,26798.94,27001.31,10965.341779
2020-12-28 08:00:00,27001.32,27080.0,26557.73,26859.07,12403.921116
2020-12-28 12:00:00,26859.07,27500.0,26711.57,26916.32,17181.094631
2020-12-28 16:00:00,26916.32,27236.71,26743.0,26996.74,11296.624218
2020-12-28 20:00:00,26996.73,27163.77,26415.09,27079.41,12166.992602
2020-12-29 00:00:00,27079.42,27116.78,26433.78,26444.6,9737.949498
2020-12-29 04:00:00,26445.5,26583.65,25880.0,26435.63,13632.487282
2020-12-29 08:00:00,26436.53,26900.0,26434.49,26876.4,10124.14159
2020-12-29 12:00:00,26874.55,27100.0,26433.0,26614.97,10994.76927
2020-12-29 16:00:00,26615.28,26943.89,26204.99,26931.62,13313.688088
2020-12-29 20:00:00,26931.51,27410.0,26743.42,27385.0,11608.556878
2020-12-30 00:00:00,27385.0,28239.0,27374.87,28065.54,18411.986888
2020-12-30 04:00:00,28066.57,28598.74,27722.22,28386.62,17195.961998
2020-12-30 08:00:00,28389.02,28579.92,27320.0,27838.82,19041.539696
2020-12-30 12:00:00,27836.95,28291.82,27577.0,28153.76,11625.820706
2020-12-30 16:00:00,28153.75,28900.05,27887.0,28776.46,17159.483105
2020-12-30 20:00:00,28776.45,28996.0,28534.7,28875.54,11921.265433
2020-12-31 00:00:00,28875.55,29300.0,28120.67,29024.0,17005.770282
2020-12-31 04:00:00,29024.01,29285.0,28738.1,29155.25,10242.046375
2020-12-31 08:00:00,29155.24,29210.83,28580.0,28910.3,10508.48293
2020-12-31 12:00:00,28910.29,28989.03,27850.0,28770.0,19597.147389
2020-12-31 16:00:00,28782.01,29000.0,28311.0,28897.83,10279.179141
2020-12-31 20:00:00,28897.84,29169.55,28780.0,28923.63,7875.879035
2021-01-01 00:00:00,28923.63,29470.0,28690.17,29278.4,11560.456553
2021-01-01 04:00:00,29278.41,29395.0,28806.54,29092.83,7308.910274
2021-01-01 08:00:00,29092.84,29402.57,28872.24,29313.49,8283.705319
2021-01-01 12:00:00,29313.49,29600.0,29030.14,29188.67,11794.949515
2021-01-01 16:00:00,29188.67,29360.0,28624.57,29029.04,9850.965345
2021-01-01 20:00:00,29029.04,29338.89,28880.37,29331.69,5383.938005
2021-01-02 00:00:00,29331.7,29469.0,28946.53,29351.95,7393.028526
2021-01-02 04:00:00,29351.95,29820.5,29220.0,29750.0,9865.642845
2021-01-02 08:00:00,29751.47,29899.0,29473.91,29755.0,9226.804608
2021-01-02 12:00:00,29754.99,31800.0,29741.39,31691.29,34028.973399
2021-01-02 16:00:00,31691.09,33300.0,31616.42,33027.2,34849.617798
2021-01-02 20:00:00,33027.2,33061.37,30300.0,32178.33,34629.806186
2021-01-03 00:00:00,32176.45,32884.09,31962.99,32573.87,10890.302907
2021-01-03 04:00:00,32576.11,34778.11,32450.0,34452.34,26286.126296
2021-01-03 08:00:00,34451.78,34670.41,33403.0,34413.53,22651.532867
2021-01-03 12:00:00,34413.53,34600.0,32727.0,33506.62,23240.077177
2021-01-03 16:00:00,33505.15,33822.69,32267.0,32772.21,22427.187643
2021-01-03 20:00:00,32775.1,33861.92,32600.0,33000.05,15462.33986
2021-01-04 00:00:00,33000.05,33588.0,32400.25,33505.16,14536.79062
2021-01-04 04:00:00,33505.15,33600.0,31505.0,32068.84,21398.871909
2021-01-04 08:00:00,32068.84,32567.88,28130.0,30743.06,46591.471025
2021-01-04 12:00:00,30742.99,32185.67,30454.25,31745.72,26592.539453
2021-01-04 16:00:00,31745.71,31920.0,30626.36,31665.51,19886.660603
2021-01-04 20:00:00,31665.52,32031.01,30856.08,31988.71,11893.55208
2021-01-05 00:00:00,31989.75,32853.38,31130.86,31200.0,20813.0786
2021-01-05 04:00:00,31190.04,31538.45,29900.0,30817.77,23019.057178
2021-01-05 08:00:00,30817.78,31821.94,30817.78,31776.66,13255.6011
2021-01-05 12:00:00,31776.66,32375.07,31111.78,32099.98,16243.276369
2021-01-05 16:00:00,32099.97,34187.09,31763.23,33697.75,23832.165758
2021-01-05 20:00:00,33693.8,34360.0,33318.0,33949.53,18886.818033
2021-01-06 00:00:00,33949.53,34170.0,33288.0,34117.59,15779.353879
2021-01-06 04:00:00,34116.76,35766.58,34109.83,34676.4,26152.96499
2021-01-06 08:00:00,34666.8,35200.0,33357.9,34918.53,21063.050567
2021-01-06 12:00:00,34918.54,35088.0,34052.42,34566.19,18644.311939
2021-01-06 16:00:00,34566.18,35695.0,34372.92,34816.72,18876.49598
2021-01-06 20:00:00,34818.95,36939.21,34280.0,36769.36,26623.023955
2021-01-07 00:00:00,36769.36,37699.0,36422.71,37454.48,19662.246626
2021-01-07 04:00:00,37452.62,37700.8,36710.0,36859.85,16315.182158
2021-01-07 08:00:00,36863.04,37913.72,36300.0,37822.09,17213.968918
2021-01-07 12:00:00,37825.64,38970.42,37518.0,38970.42,22645.701477
2021-01-07 16:00:00,38970.41,40365.0,36500.0,39062.0,39368.560182
2021-01-07 20:00:00,39061.99,39969.0,38352.88,39432.28,17620.041076
2021-01-08 00:00:00,39432.48,39699.87,36500.0,38347.1,23563.558207
2021-01-08 04:00:00,38347.11,39143.8,37563.92,38930.55,17678.05242
2021-01-08 08:00:00,38929.56,41500.45,38222.0,41286.67,26858.313228
2021-01-08 12:00:00,41286.67,41950.0,39777.0,40829.08,29703.863861
2021-01-08 16:00:00,40829.07,41600.0,39800.0,40365.09,20523.08366
2021-01-08 20:00:00,40365.09,40937.77,38652.0,40582.81,21463.086123
2021-01-09 00:00:00,40586.96,40976.13,39500.0,40211.59,13875.82436
2021-01-09 04:00:00,40209.91,40490.0,38720.0,39638.61,12464.021144
2021-01-09 08:00:00,39639.21,41237.44,39290.86,40565.77,14548.756541
2021-01-09 12:00:00,40565.77,41380.0,40200.0,40525.15,13783.07301
2021-01-09 16:00:00,40525.16,40880.0,39869.0,40665.91,10121.055377
2021-01-09 20:00:00,40665.91,40781.69,39928.91,40088.22,10993.249243
2021-01-10 00:00:00,40088.22,41350.0,40087.15,40316.64,11827.445704
2021-01-10 04:00:00,40320.67,41073.26,40050.0,40978.57,9169.85114
2021-01-10 08:00:00,40978.57,41060.0,38888.0,39181.76,18823.288303
2021-01-10 12:00:00,39175.09,40126.0,38450.0,39671.81,17148.669684
2021-01-10 16:00:00,39671.82,39757.55,37111.0,37456.77,26106.908154
2021-01-10 20:00:00,37472.4,39000.0,35111.11,38150.02,35133.381518
2021-01-11 00:00:00,38150.02,38264.74,33600.0,35438.23,37334.824103
2021-01-11 04:00:00,35438.23,35999.95,32538.0,34375.34,45091.05878
2021-01-11 08:00:00,34372.25,36360.0,34020.0,34198.56,27495.319644
2021-01-11 12:00:00,34198.55,35110.0,31115.0,31580.0,57121.745353
2021-01-11 16:00:00,31582.82,33585.17,30420.0,32254.62,51176.262042
2021-01-11 20:00:00,32254.63,35638.55,31408.07,35404.47,32936.928365
2021-01-12 00:00:00,35410.37,35547.19,33677.03,34984.96,20156.062178
2021-01-12 04:00:00,34984.95,36628.0,34520.69,36413.6,21820.925278
2021-01-12 08:00:00,36413.6,36499.98,34757.0,35410.99,20129.584186
2021-01-12 12:00:00,35410.99,35688.82,32531.0,33829.4,32930.544669
2021-01-12 16:00:00,33829.4,35550.0,33819.11,34685.11,19491.04941
2021-01-12 20:00:00,34686.1,35051.02,33260.74,34051.24,19419.986275
2021-01-13 00:00:00,34049.15,34375.51,32380.0,33818.5,27424.984325
2021-01-13 04:00:00,33818.5,35180.67,32800.0,34986.9,18746.308974
2021-01-13 08:00:00,34986.9,35250.0,34200.0,34385.48,21211.79171
2021-01-13 12:00:00,34385.48,35100.0,34017.0,34673.9,16102.347966
2021-01-13 16:00:00,34673.9,36188.0,34388.53,36002.25,17747.20155
2021-01-13 20:00:00,36002.24,37850.0,35704.21,37371.38,23245.280413
2021-01-14 00:00:00,37371.38,38172.22,37000.0,37045.13,16138.473791
2021-01-14 04:00:00,37045.13,38596.92,36701.23,38198.34,15764.35508
2021-01-14 08:00:00,38199.52,38786.1,37862.04,38365.86,13654.697529
2021-01-14 12:00:00,38365.86,40100.0,37707.0,39546.01,25980.308922
2021-01-14 16:00:00,39546.01,40000.0,39212.15,39876.98,14738.643826
2021-01-14 20:00:00,39876.97,39935.1,38259.25,39144.5,16673.910273
2021-01-15 00:00:00,39145.21,39747.76,38450.0,38700.0,12973.737042
2021-01-15 04:00:00,38700.0,38853.09,37554.94,38473.08,14317.810678
2021-01-15 08:00:00,38473.07,38780.0,37923.0,38108.88,11723.414644
2021-01-15 12:00:00,38108.87,38194.04,35258.0,35610.72,28829.424903
2021-01-15 16:00:00,35610.79,36433.51,34408.0,35217.26,35005.439351
2021-01-15 20:00:00,35218.94,36888.0,34801.15,36742.22,15451.094298
2021-01-16 00:00:00,36737.43,37669.0,35852.93,36532.92,15996.272919
2021-01-16 04:00:00,36532.92,36959.61,35520.0,36574.86,12788.977347
2021-01-16 08:00:00,36565.74,37950.0,36375.88,37680.0,14546.1365
2021-01-16 12:00:00,37680.0,37886.0,36671.2,37461.99,14905.098979
2021-01-16 16:00:00,37463.46,37713.94,36200.0,36376.39,12777.18605
2021-01-16 20:00:00,36376.39,36800.0,35357.8,35994.98,15334.759713
2021-01-17 00:00:00,35994.98,36744.05,35520.0,36177.0,10523.420907
2021-01-17 04:00:00,36177.0,36382.38,34518.04,34760.9,14085.48497
2021-01-17 08:00:00,34760.91,35400.0,33850.0,35267.17,20790.970257
2021-01-17 12:00:00,35270.0,35973.89,34666.0,35728.47,14071.341158
2021-01-17 16:00:00,35728.47,36166.47,35514.99,35633.91,9298.406284
2021-01-17 20:00:00,35633.9,36852.5,35506.0,35828.61,11388.103808
2021-01-18 00:00:00,35824.99,36208.0,34842.99,35106.25,12865.201223
2021-01-18 04:00:00,35108.27,36278.68,34800.0,36104.61,9931.587621
2021-01-18 08:00:00,36100.55,36650.0,35771.6,36442.08,11719.16756
2021-01-18 12:00:00,36443.91,37469.83,36047.89,36405.98,18106.506954
2021-01-18 16:00:00,36405.99,36565.0,35400.0,35956.14,10602.829967
2021-01-18 20:00:00,35951.83,36777.77,35755.01,36631.27,7472.825425
2021-01-19 00:00:00,36622.46,37280.0,36364.43,36465.3,15332.388515
2021-01-19 04:00:00,36468.31,37233.87,36002.01,37168.82,11299.226279
2021-01-19 08:00:00,37167.92,37535.27,36750.0,37266.49,15170.795477
2021-01-19 12:00:00,37263.73,37449.0,36610.0,37329.4,11966.646727
2021-01-19 16:00:00,37329.4,37850.0,36052.04,36279.82,15604.759741
2021-01-19 20:00:00,36281.66,36777.88,35844.06,35891.49,10237.49103
2021-01-20 00:00:00,35901.94,36415.31,35000.0,35062.49,13775.591884
2021-01-20 04:00:00,35062.49,35909.95,34737.0,35677.14,14008.503787
2021-01-20 08:00:00,35672.86,35939.12,34000.0,34426.17,19109.325555
2021-01-20 12:00:00,34426.17,35142.18,34020.0,34192.17,16110.185363
2021-01-20 16:00:00,34193.11,35311.0,33400.0,35197.12,17678.214489
2021-01-20 20:00:00,35197.12,35670.0,34482.75,35468.23,8686.60184
2021-01-21 00:00:00,35468.23,35600.0,34230.76,34571.09,10995.708084
2021-01-21 04:00:00,34572.42,35019.01,33971.41,34624.27,11645.035984
2021-01-21 08:00:00,34624.27,34681.73,32009.68,32208.62,32172.086072
2021-01-21 12:00:00,32206.89,32784.31,31037.0,31384.09,34496.344978
2021-01-21 16:00:00,31384.19,32751.24,31038.51,32468.66,22066.375705
2021-01-21 20:00:00,32468.66,32550.0,30071.0,30850.13,23628.525835
2021-01-22 00:00:00,30851.99,31029.79,28850.0,30943.4,46814.392887
2021-01-22 04:00:00,30943.4,32152.9,30615.22,30842.45,22771.825982
2021-01-22 08:00:00,30846.59,31997.0,30500.0,31710.88,21911.246263
2021-01-22 12:00:00,31712.09,32767.44,31286.0,32458.42,21741.698419
2021-01-22 16:00:00,32462.79,33655.79,31955.67,33589.52,17631.165195
2021-01-22 20:00:00,33589.52,33826.53,32580.0,32945.17,12101.355303
2021-01-23 00:00:00,32950.0,32974.89,32053.33,32365.01,12211.52203
2021-01-23 04:00:00,32365.0,33456.0,32267.07,32931.18,11464.516691
2021-01-23 08:00:00,32931.17,33104.94,31511.24,31645.49,13454.305895
2021-01-23 12:00:00,31643.9,32289.25,31390.16,31877.1,10854.235249
2021-01-23 16:00:00,31877.1,32500.0,31759.65,32348.79,9253.459243
2021-01-23 20:00:00,32348.78,32538.61,31812.5,32078.0,7357.248567
2021-01-24 00:00:00,32078.0,32480.06,31630.0,32480.05,7766.19687
2021-01-24 04:00:00,32480.06,33071.0,32346.44,32801.15,11135.544522
2021-01-24 08:00:00,32797.21,33030.0,32465.0,32833.37,7600.854471
2021-01-24 12:00:00,32833.37,32931.59,31858.68,31957.05,9939.326135
2021-01-24 16:00:00,31956.9,32139.6,30900.0,31306.29,12601.921095
2021-01-24 20:00:00,31306.29,32369.59,31250.26,32259.9,8934.194873
2021-01-25 00:00:00,32259.45,33674.48,32175.61,33568.18,14446.517628
2021-01-25 04:00:00,33568.17,33797.96,33045.0,33346.95,11224.751779
2021-01-25 08:00:00,33347.19,33548.0,32750.09,33185.26,11388.310393
2021-01-25 12:00:00,33185.25,34875.0,33050.0,34458.31,21109.742365
2021-01-25 16:00:00,34458.31,34600.0,33373.92,33411.54,14607.087725
2021-01-25 20:00:00,33411.54,33473.92,31910.0,32254.2,15722.817031
2021-01-26 00:00:00,32254.19,32827.33,31458.0,31518.66,13175.066372
2021-01-26 04:00:00,31520.25,32312.46,31100.0,31643.61,16200.732868
2021-01-26 08:00:00,31643.61,32450.0,31373.0,31796.95,13170.891552
2021-01-26 12:00:00,31798.65,31972.73,30837.37,31750.23,17666.57223
2021-01-26 16:00:00,31750.24,32403.88,31300.69,32208.33,14712.052128
2021-01-26 20:00:00,32208.33,32921.88,31855.71,32467.77,10046.89176
2021-01-27 00:00:00,32464.01,32557.29,31568.28,31800.86,10374.370726
2021-01-27 04:00:00,31801.27,32030.28,31350.0,31743.33,8094.668192
2021-01-27 08:00:00,31743.33,31749.28,30578.94,30639.05,16124.251288
2021-01-27 12:00:00,30635.74,31057.0,29241.72,30322.61,26358.946289
2021-01-27 16:00:00,30322.59,30948.0,29500.0,30740.33,19597.19007
2021-01-27 20:00:00,30731.57,31649.99,30084.24,30366.15,15362.535146
2021-01-28 00:00:00,30362.19,31526.78,29842.1,31404.25,14152.379268
2021-01-28 04:00:00,31406.9,31876.63,31045.7,31170.53,12487.834284
2021-01-28 08:00:00,31170.2,31600.0,30812.26,31437.37,11864.190133
2021-01-28 12:00:00,31437.37,32203.38,31161.96,31926.49,18406.774804
2021-01-28 16:00:00,31926.49,32747.78,31650.0,32564.71,16889.869122
2021-01-28 20:00:00,32564.71,33783.98,32392.34,33364.86,18820.098006
2021-01-29 00:00:00,33368.18,34310.0,33330.93,33733.58,26746.707141
2021-01-29 04:00:00,33728.99,33934.48,31915.4,32266.35,28364.158989
2021-01-29 08:00:00,32266.36,37990.0,32006.91,37025.32,74717.370406
2021-01-29 12:00:00,37023.83,38531.9,36456.78,37129.4,39582.779151
2021-01-29 16:00:00,37129.4,37569.0,33500.0,34318.57,41001.26865
2021-01-29 20:00:00,34322.5,35354.94,33700.0,34252.2,21414.721289
2021-01-30 00:00:00,34246.28,34933.0,32825.0,33273.36,19111.756794
2021-01-30 04:00:00,33273.36,34200.0,33001.52,34046.8,15377.313948
2021-01-30 08:00:00,34046.82,34424.7,33510.0,33660.4,15905.5068
2021-01-30 12:00:00,33660.4,34500.0,33410.63,34210.2,11980.511464
2021-01-30 16:00:00,34210.18,34400.02,33520.0,34286.5,13229.455441
2021-01-30 20:00:00,34286.5,34800.0,33966.4,34262.88,9285.136893
2021-01-31 00:00:00,34262.89,34342.69,33655.0,33930.21,9135.958182
2021-01-31 04:00:00,33930.22,34127.65,33450.0,33607.98,7736.688684
2021-01-31 08:00:00,33607.68,33832.94,33205.0,33563.23,9660.993404
2021-01-31 12:00:00,33563.24,34220.0,32554.0,32862.66,15985.658616
2021-01-31 16:00:00,32862.65,33077.9,32171.67,32808.8,15824.566268
2021-01-31 20:00:00,32807.29,33255.49,32461.23,33092.98,10398.41523
2021-02-01 00:00:00,33092.97,33830.0,32296.16,33573.97,14674.649038
2021-02-01 04:00:00,33573.25,34427.0,33284.24,33803.97,15350.212491
2021-02-01 08:00:00,33802.6,34717.27,33589.23,34183.33,19521.507872
2021-02-01 12:00:00,34183.33,34460.0,33160.0,33160.17,17478.706597
2021-02-01 16:00:00,33160.0,34100.0,33133.26,33838.13,9133.519374
2021-02-01 20:00:00,33838.13,34039.0,33430.76,33526.37,6559.68151
2021-02-02 00:00:00,33517.09,34161.39,33418.0,33550.32,9103.943225
2021-02-02 04:00:00,33554.08,34400.0,33500.0,34223.38,10429.385997
2021-02-02 08:00:00,34223.38,35668.1,34080.0,34720.15,22068.658748
2021-02-02 12:00:00,34722.97,35200.0,34333.0,34708.47,12709.434507
2021-02-02 16:00:00,34708.47,35800.0,34556.85,35762.03,13461.671642
2021-02-02 20:00:00,35762.05,35984.33,35466.0,35466.24,10283.565761
2021-02-03 00:00:00,35472.71,36500.0,35362.38,36403.47,13559.347093
2021-02-03 04:00:00,36403.47,36845.0,36231.66,36297.57,11921.875849
2021-02-03 08:00:00,36297.58,36299.98,35511.0,35969.41,13023.209147
2021-02-03 12:00:00,35969.41,36917.27,35810.9,36850.0,15213.605426
2021-02-03 16:00:00,36850.0,37221.42,36643.07,36788.89,15217.459646
2021-02-03 20:00:00,36788.89,37662.63,36644.44,37618.87,11848.836502
2021-02-04 00:00:00,37620.26,38288.0,37363.17,37498.78,16048.730808
2021-02-04 04:00:00,37498.78,38195.0,37326.83,37843.4,11666.89534
2021-02-04 08:00:00,37843.4,38708.27,36662.45,37321.75,23737.165773
2021-02-04 12:00:00,37319.43,37763.57,36161.95,36564.23,16990.989793
2021-02-04 16:00:00,36564.23,37499.99,36399.79,37467.18,12863.24217
2021-02-04 20:00:00,37467.18,37783.83,36841.77,36936.66,10773.712014
2021-02-05 00:00:00,36936.65,37400.0,36570.0,37366.02,10632.929534
2021-02-05 04:00:00,37366.01,37727.22,36995.27,37653.98,9321.439073
2021-02-05 08:00:00,37659.64,37800.0,37200.0,37691.32,10411.097182
2021-02-05 12:00:00,37691.32,38310.12,37527.14,37960.76,16107.660237
2021-02-05 16:00:00,37960.76,38163.34,37230.0,37608.92,12503.52316
2021-02-05 20:00:00,37608.91,38309.0,37485.94,38290.24,7704.685089
2021-02-06 00:00:00,38289.32,39666.0,38215.94,39384.74,25430.066812
2021-02-06 04:00:00,39386.92,39488.62,38600.0,39359.12,10697.931602
2021-02-06 08:00:00,39362.27,40479.86,39297.75,40199.99,18448.756087
2021-02-06 12:00:00,40199.52,40866.66,39836.72,40864.73,15572.225462
2021-02-06 16:00:00,40865.12,40955.51,39940.44,40179.42,14276.247857
2021-02-06 20:00:00,40179.42,40469.19,39035.33,39186.94,14332.083363
2021-02-07 00:00:00,39181.01,39611.04,38344.0,38841.46,16160.624673
2021-02-07 04:00:00,38839.52,39094.36,37923.0,39030.0,12893.364988
2021-02-07 08:00:00,39030.0,39700.0,38762.16,39046.6,12809.523639
2021-02-07 12:00:00,39044.37,39272.69,37580.0,37921.11,17482.438925
2021-02-07 16:00:00,37921.12,38444.0,37351.0,38050.0,14665.039982
2021-02-07 20:00:00,38050.0,39080.0,37660.97,38795.69,10352.687556
2021-02-08 00:00:00,38795.69,39130.0,37988.89,38076.06,10542.216863
2021-02-08 04:00:00,38073.02,39391.78,37992.39,39269.95,10267.219945
2021-02-08 08:00:00,39269.78,39498.99,38844.75,39423.08,10896.465183
2021-02-08 12:00:00,39423.08,44918.0,39094.01,43716.32,56908.030532
2021-02-08 16:00:00,43703.23,44280.0,42521.62,43051.95,19943.671285
2021-02-08 20:00:00,43049.98,46794.45,42905.29,46374.87,30039.933106
2021-02-09 00:00:00,46374.86,47498.0,45500.0,46599.51,26874.248106
2021-02-09 04:00:00,46599.51,48142.19,46198.76,47505.4,20161.332905
2021-02-09 08:00:00,47505.39,47928.23,45560.97,46380.92,20244.462092
2021-02-09 12:00:00,46390.95,47083.84,44961.09,46773.63,21012.571914
2021-02-09 16:00:00,46773.63,47433.78,46011.0,47060.18,15682.987946
2021-02-09 20:00:00,47060.38,47499.43,46201.37,46420.42,11524.258749
2021-02-10 00:00:00,46420.42,46900.0,45979.58,46221.07,13015.141042
2021-02-10 04:00:00,46225.71,46944.07,45589.98,46563.69,13550.960621
2021-02-10 08:00:00,46565.11,47310.0,46262.22,46586.56,14054.918889
2021-02-10 12:00:00,46586.55,46593.34,43727.0,44353.04,30243.508107
2021-02-10 16:00:00,44354.5,45239.98,43800.0,45190.05,16317.486168
2021-02-10 20:00:00,45190.05,45322.09,44355.0,44807.58,9972.167373
2021-02-11 00:00:00,44807.58,45051.27,43994.02,44582.07,7762.676796
2021-02-11 04:00:00,44583.71,45129.59,44397.62,44700.01,7366.424929
2021-02-11 08:00:00,44700.0,46546.47,44500.0,46061.49,15019.00178
2021-02-11 12:00:00,46061.48,48399.0,46060.03,47960.85,27224.396328
2021-02-11 16:00:00,47960.86,48298.0,46900.0,47754.03,15046.197477
2021-02-11 20:00:00,47754.02,48678.9,46542.29,47969.51,17142.384144
2021-02-12 00:00:00,47968.66,48985.8,47338.35,47587.31,15421.007452
2021-02-12 04:00:00,47587.31,47587.31,46789.0,47318.81,14527.297699
2021-02-12 08:00:00,47318.02,47999.0,47027.03,47562.42,11750.767892
2021-02-12 12:00:00,47560.06,48140.0,46125.0,47021.05,19696.603778
2021-02-12 16:00:00,47021.05,47980.0,46915.32,47272.95,14218.669404
2021-02-12 20:00:00,47272.96,48150.0,47140.26,47287.6,10255.689472
2021-02-13 00:00:00,47298.15,48150.0,47200.0,47829.22,9645.00287
2021-02-13 04:00:00,47829.21,47934.14,46990.0,46995.72,9730.900404
2021-02-13 08:00:00,46995.01,47569.03,46251.0,46589.2,16199.897833
2021-02-13 12:00:00,46586.23,47300.0,46202.53,47076.01,12688.606263
2021-02-13 16:00:00,47076.02,47400.14,46708.94,46870.15,8667.447457
2021-02-13 20:00:00,46871.95,47397.36,46653.58,47153.69,6836.242572
2021-02-14 00:00:00,47156.78,47730.0,47014.17,47267.21,10236.610927
2021-02-14 04:00:00,47267.2,49404.94,47220.42,48725.18,18793.643854
2021-02-14 08:00:00,48725.18,49349.76,48389.55,49055.16,11298.429907
2021-02-14 12:00:00,49055.17,49707.43,48101.38,48541.18,16238.033734
2021-02-14 16:00:00,48537.96,49100.0,48400.31,48693.39,9057.269026
2021-02-14 20:00:00,48693.38,49300.0,48505.79,48577.79,8111.488085
2021-02-15 00:00:00,48580.47,49010.92,45570.79,47120.3,22312.047185
2021-02-15 04:00:00,47120.31,47441.02,46174.78,47267.06,13387.263936
2021-02-15 08:00:00,47270.5,47999.0,47112.38,47802.66,10811.104511
2021-02-15 12:00:00,47802.67,48219.23,47423.99,47938.83,11553.361698
2021-02-15 16:00:00,47938.84,48800.0,47938.83,48657.31,10563.589591
2021-02-15 20:00:00,48657.31,48801.0,47643.0,47911.1,10770.789863
2021-02-16 00:00:00,47911.1,49670.0,47003.62,49624.03,15120.889818
2021-02-16 04:00:00,49624.02,49998.0,48550.0,49163.46,14337.84062
2021-02-16 08:00:00,49161.75,49318.47,48700.0,48915.48,9119.55574
2021-02-16 12:00:00,48915.49,50689.18,48403.21,48956.91,27491.092576
2021-02-16 16:00:00,48956.91,49291.0,47750.0,48537.39,14216.137005
2021-02-16 20:00:00,48536.35,49290.0,48173.81,49133.45,8527.750539
2021-02-17 00:00:00,49133.45,50274.88,48947.0,49657.38,12106.492996
2021-02-17 04:00:00,49657.84,51266.09,49106.75,51112.39,18385.2057
2021-02-17 08:00:00,51116.77,51678.36,50628.58,51273.46,16605.902546
2021-02-17 12:00:00,51270.86,51633.17,50542.3,51169.97,16137.047894
2021-02-17 16:00:00,51169.97,52395.0,50780.0,52142.35,12940.181466
2021-02-17 20:00:00,52142.36,52618.74,51893.34,52119.71,9568.807216
2021-02-18 00:00:00,52117.67,52530.0,51933.24,52032.64,9620.973009
2021-02-18 04:00:00,52032.64,52298.0,51295.0,51901.96,10614.619776
2021-02-18 08:00:00,51901.95,52168.75,51133.0,51374.07,10579.246624
2021-02-18 12:00:00,51375.12,52285.0,50901.9,51585.29,13094.147726
2021-02-18 16:00:00,51585.29,52177.75,51450.0,51760.01,8310.034471
2021-02-18 20:00:00,51760.01,52195.12,51510.0,51552.6,8539.025348
2021-02-19 00:00:00,51552.61,51943.99,50710.2,51245.0,10969.351931
2021-02-19 04:00:00,51247.86,51894.77,50918.0,51727.08,8967.826833
2021-02-19 08:00:00,51727.09,52984.99,51649.82,52710.0,13691.896947
2021-02-19 12:00:00,52709.99,53886.07,52315.37,53863.19,14169.274367
2021-02-19 16:00:00,53863.82,55843.78,53605.58,54990.01,17346.458487
2021-02-19 20:00:00,54994.85,56368.0,54800.0,55906.0,14514.969455
2021-02-20 00:00:00,55906.0,56609.14,55322.0,55706.07,15272.233075
2021-02-20 04:00:00,55711.9,56144.87,55185.98,55207.92,8688.915528
2021-02-20 08:00:00,55207.93,56388.37,55030.0,56355.91,9919.378322
2021-02-20 12:00:00,56355.94,57700.46,55722.11,56145.97,19530.014064
2021-02-20 16:00:00,56136.55,57425.0,56136.55,56975.12,11639.209496
2021-02-20 20:00:00,56975.12,57050.0,53863.93,55841.19,15898.454829
2021-02-21 00:00:00,55841.19,56900.0,55477.59,56505.22,9303.292695
2021-02-21 04:00:00,56505.22,56959.71,55863.54,56091.76,8307.586532
2021-02-21 08:00:00,56092.02,57827.0,55821.03,57284.79,11011.845285
2021-02-21 12:00:00,57284.78,57555.0,56589.0,57313.99,10293.68314
2021-02-21 16:00:00,57313.99,58352.8,57006.16,58072.62,10032.907353
2021-02-21 20:00:00,58072.62,58247.84,56935.03,57408.57,9217.393506
2021-02-22 00:00:00,57412.35,57508.47,55351.15,55860.12,15325.861984
2021-02-22 04:00:00,55858.99,56550.0,55102.77,56422.92,11448.854449
2021-02-22 08:00:00,56422.23,56623.69,53505.7,54524.94,21669.790666
2021-02-22 12:00:00,54515.0,54695.66,47622.0,53236.69,54636.652185
2021-02-22 16:00:00,53236.69,53847.56,51570.0,53581.69,18340.983593
2021-02-22 20:00:00,53587.41,54989.46,53279.02,54087.67,12597.292067
2021-02-23 00:00:00,54087.67,54183.59,50901.0,51906.36,17682.466426
2021-02-23 04:00:00,51900.73,52311.71,48615.0,49640.33,28651.316408
2021-02-23 08:00:00,49642.92,50027.01,44892.56,46369.29,53950.470212
2021-02-23 12:00:00,46359.14,49600.0,45788.1,48602.03,36489.654503
2021-02-23 16:00:00,48602.02,49247.69,45500.0,45523.0,17945.358124
2021-02-23 20:00:00,45523.02,48938.85,45251.0,48891.0,14655.759378
2021-02-24 00:00:00,48891.0,50993.57,46988.69,50874.99,17323.319093
2021-02-24 04:00:00,50869.77,51357.0,49456.0,50090.57,15680.057783
2021-02-24 08:00:00,50090.61,51374.99,49799.29,50360.02,14763.843981
2021-02-24 12:00:00,50360.02,51294.0,48450.0,49819.5,21328.54895
2021-02-24 16:00:00,49819.49,50150.0,48811.26,48959.93,11351.749479
2021-02-24 20:00:00,48959.93,49747.49,48028.18,49676.2,11433.689966
2021-02-25 00:00:00,49676.21,50884.88,49517.01,50206.97,9569.795965
2021-02-25 04:00:00,50206.97,50568.97,49533.44,50395.99,8843.947185
2021-02-25 08:00:00,50395.58,50513.35,48581.71,50294.8,13127.823046
2021-02-25 12:00:00,50299.0,52041.73,50077.0,50849.99,18358.406279
2021-02-25 16:00:00,50850.0,51370.18,49226.09,49443.86,13908.644749
2021-02-25 20:00:00,49442.2,49550.01,46674.34,47073.73,19502.055897
2021-02-26 00:00:00,47073.73,47800.0,46000.0,47330.24,23059.555339
2021-02-26 04:00:00,47331.34,47786.5,44106.78,44973.68,22805.685431
2021-02-26 08:00:00,44986.99,46880.4,44939.19,46427.65,18853.108665
2021-02-26 12:00:00,46427.65,47853.13,45800.0,47594.65,16757.95283
2021-02-26 16:00:00,47590.66,48424.11,46602.62,46959.17,13628.069273
2021-02-26 20:00:00,46959.18,47115.38,45000.0,46276.87,14318.829125
2021-02-27 00:00:00,46276.88,48085.47,46156.24,47423.08,13497.210871
2021-02-27 04:00:00,47423.07,48394.0,46712.18,47158.53,9851.748867
2021-02-27 08:00:00,47153.01,47640.03,46224.84,47299.99,10802.247562
2021-02-27 12:00:00,47299.99,47800.0,46337.53,46528.64,11493.374735
2021-02-27 16:00:00,46528.82,47450.26,46271.0,47405.39,7068.379626
2021-02-27 20:00:00,47405.38,47557.14,45000.0,46106.43,13347.872631
2021-02-28 00:00:00,46103.67,46638.46,44444.0,44629.17,13330.732703
2021-02-28 04:00:00,44632.7,45600.0,43738.65,44400.83,16868.953737
2021-02-28 08:00:00,44400.83,45530.62,44375.02,45284.86,10535.610663
2021-02-28 12:00:00,45287.25,45500.17,43168.0,43391.14,16969.373891
2021-02-28 16:00:00,43391.14,44521.66,43000.0,44405.32,13480.337496
2021-02-28 20:00:00,44402.88,45919.61,44088.0,45135.66,11870.360552
2021-03-01 00:00:00,45134.11,46796.94,44950.53,46336.37,12482.260849
2021-03-01 04:00:00,46336.38,46688.13,45641.02,46288.18,9524.423431
2021-03-01 08:00:00,46291.87,48050.0,46272.1,47722.78,18329.468329
2021-03-01 12:00:00,47722.42,49298.0,47450.32,49188.0,18745.242269
2021-03-01 16:00:00,49187.99,49469.99,48019.06,48262.83,14706.654687
2021-03-01 20:00:00,48262.66,49790.0,47876.0,49587.03,11298.062083
2021-03-02 00:00:00,49595.76,50200.0,48710.0,48974.75,12041.508215
2021-03-02 04:00:00,48974.74,49402.07,48301.36,48331.61,9169.722845
2021-03-02 08:00:00,48331.6,49265.54,48270.69,48844.13,9344.921392
2021-03-02 12:00:00,48844.14,49699.99,48380.83,48676.08,11369.167696
2021-03-02 16:00:00,48676.09,48718.18,47144.22,47467.43,13795.319946
2021-03-02 20:00:00,47467.43,48489.24,47047.6,48440.65,8500.422046
2021-03-03 00:00:00,48436.61,49000.51,48100.71,48704.75,6913.508963
2021-03-03 04:00:00,48704.75,49960.0,48653.09,49752.97,10706.276896
2021-03-03 08:00:00,49752.97,51777.0,49752.97,51666.33,19506.952832
2021-03-03 12:00:00,51665.83,52640.0,50481.0,50767.36,23068.242056
2021-03-03 16:00:00,50767.35,51600.0,50260.0,50857.17,13237.073303
2021-03-03 20:00:00,50857.17,51356.86,50301.5,50349.37,7603.859655
2021-03-04 00:00:00,50349.37,51773.88,49401.3,49574.89,14366.740391
2021-03-04 04:00:00,49574.89,49870.0,49010.1,49696.49,11710.700601
2021-03-04 08:00:00,49701.37,50756.23,48524.86,49323.32,15584.7146
2021-03-04 12:00:00,49323.31,50569.41,48721.43,49412.6,14987.490348
2021-03-04 16:00:00,49412.6,50033.92,47588.52,48000.36,17322.286115
2021-03-04 20:00:00,48000.37,48710.94,47500.0,48374.09,8677.784774
2021-03-05 00:00:00,48374.09,48376.2,46300.0,47289.81,17004.010427
2021-03-05 04:00:00,47289.81,47547.0,46500.0,47380.0,8645.284996
2021-03-05 08:00:00,47380.0,47523.59,46418.12,47478.87,10400.439914
2021-03-05 12:00:00,47478.86,48728.21,46974.32,47867.45,17557.959315
2021-03-05 16:00:00,47867.45,49400.0,46885.0,49295.47,15825.104819
2021-03-05 20:00:00,49285.76,49448.93,48579.59,48751.71,8759.696901
2021-03-06 00:00:00,48746.81,49156.0,48350.0,48657.72,3957.47899
2021-03-06 04:00:00,48657.72,49117.32,48115.83,48820.12,6781.756591
2021-03-06 08:00:00,48820.13,49100.0,48000.0,48171.01,7673.972275
2021-03-06 12:00:00,48171.02,48212.85,47070.0,47267.88,9700.066412
2021-03-06 16:00:00,47267.88,48690.6,47104.85,48341.01,8749.545083
2021-03-06 20:00:00,48341.0,49200.0,48223.36,48882.2,7536.414891
2021-03-07 00:00:00,48882.2,49900.99,48882.2,49551.44,8798.264665
2021-03-07 04:00:00,49551.43,50179.17,49111.11,50052.68,6576.763435
2021-03-07 08:00:00,50041.84,51148.22,50041.84,50705.52,13410.578059
2021-03-07 12:00:00,50705.52,51250.0,50130.65,50585.23,8576.936188
2021-03-07 16:00:00,50585.23,51352.1,50250.0,50381.68,9310.420991
2021-03-07 20:00:00,50381.69,51450.03,49758.01,50971.75,8562.064694
2021-03-08 00:00:00,50959.11,51847.38,50234.98,50598.49,11347.012986
2021-03-08 04:00:00,50598.49,50944.0,49521.2,49755.24,11177.462576
2021-03-08 08:00:00,49755.24,50560.0,49274.67,50496.82,11504.639727
2021-03-08 12:00:00,50490.39,51233.0,50100.01,51054.99,12848.837492
2021-03-08 16:00:00,51055.0,51485.35,50550.01,51310.82,8508.660515
2021-03-08 20:00:00,51310.82,52402.78,51236.2,52375.17,11600.746368
2021-03-09 00:00:00,52375.18,54100.0,51789.41,53840.62,18755.992184
2021-03-09 04:00:00,53840.63,54448.0,53409.57,53546.9,12048.39221
2021-03-09 08:00:00,53546.89,54355.0,53274.96,54233.32,11100.984222
2021-03-09 12:00:00,54235.88,54815.84,53538.77,54097.02,13815.606768
2021-03-09 16:00:00,54097.03,54338.0,53626.97,54108.79,7759.159092
2021-03-09 20:00:00,54108.79,54895.0,53882.52,54884.5,8176.6026
2021-03-10 00:00:00,54874.67,55813.09,53134.8,53467.8,18038.736022
2021-03-10 04:00:00,53468.33,54407.74,53005.0,54173.38,9732.758797
2021-03-10 08:00:00,54177.47,55444.0,54032.38,54858.47,10729.768059
2021-03-10 12:00:00,54858.47,56489.66,54834.0,56328.81,16008.102539
2021-03-10 16:00:00,56328.81,57387.69,56100.0,56739.4,15792.829262
2021-03-10 20:00:00,56739.4,57225.73,55530.01,55851.59,14447.044264
2021-03-11 00:00:00,55851.59,56499.98,55170.22,55992.6,11273.764538
2021-03-11 04:00:00,55992.6,56179.87,55005.0,55034.2,9940.794384
2021-03-11 08:00:00,55034.21,56270.75,54272.82,56227.34,15160.924651
2021-03-11 12:00:00,56233.42,57238.5,55702.09,56347.19,17577.732112
2021-03-11 16:00:00,56347.19,57682.0,56269.76,56827.84,14676.783778
2021-03-11 20:00:00,56823.78,58150.0,56560.0,57773.16,13284.813396
2021-03-12 00:00:00,57773.15,58081.51,56624.0,57104.17,9850.116033
2021-03-12 04:00:00,57107.14,57430.0,56350.0,56670.9,9582.068545
2021-03-12 08:00:00,56670.9,57095.76,55826.05,56500.0,12494.076162
2021-03-12 12:00:00,56499.99,57095.41,54962.84,56956.95,19122.785556
2021-03-12 16:00:00,56956.96,57768.0,56712.51,56942.41,12155.414179
2021-03-12 20:00:00,56942.41,57500.0,56262.14,57221.72,10200.945572
2021-03-13 00:00:00,57221.72,57307.2,56078.23,56694.32,9358.059297
2021-03-13 04:00:00,56694.32,57389.58,56257.47,57343.7,6737.545344
2021-03-13 08:00:00,57343.7,60200.0,57126.2,59849.74,26582.600673
2021-03-13 12:00:00,59853.58,60500.0,59232.53,59692.99,14160.436535
2021-03-13 16:00:00,59693.0,60864.97,59458.67,60773.56,11563.139783
2021-03-13 20:00:00,60773.56,61844.0,60605.5,61188.39,14843.309714
2021-03-14 00:00:00,61188.38,61724.79,60724.26,61356.31,8305.661484
2021-03-14 04:00:00,61356.3,61595.09,60455.28,60494.8,7065.368915
2021-03-14 08:00:00,60494.8,61110.53,59354.62,60308.31,11590.662658
2021-03-14 12:00:00,60308.3,60550.0,59470.0,59681.26,9286.232301
2021-03-14 16:00:00,59681.21,60369.99,59300.0,59931.7,7635.76908
2021-03-14 20:00:00,59928.71,60750.0,58966.78,58968.31,8717.358312
2021-03-15 00:00:00,58976.08,60491.47,58705.47,60379.99,10566.950192
2021-03-15 04:00:00,60379.99,60633.43,57253.0,57789.76,19601.952645
2021-03-15 08:00:00,57789.75,58350.0,54600.0,56150.79,30900.505437
2021-03-15 12:00:00,56150.8,57312.47,55050.0,56224.13,20113.866815
2021-03-15 16:00:00,56224.14,56700.0,55478.01,56570.36,12218.45085
2021-03-15 20:00:00,56570.37,56940.0,55537.0,55605.2,9369.701359
2021-03-16 00:00:00,55605.2,56140.55,53271.34,54272.86,20518.31647
2021-03-16 04:00:00,54272.66,55491.0,53607.93,55239.81,13685.69302
2021-03-16 08:00:00,55239.81,56400.0,55079.63,55471.21,12531.176016
2021-03-16 12:00:00,55464.11,55913.57,54596.89,55844.92,12049.016768
2021-03-16 16:00:00,55844.92,56087.02,54950.16,55731.36,9989.949077
2021-03-16 20:00:00,55731.36,56938.29,55673.23,56900.75,9212.543004
2021-03-17 00:00:00,56900.74,57189.43,55401.02,55506.23,8532.897711
2021-03-17 04:00:00,55506.23,56326.53,55185.42,55821.01,7614.85155
2021-03-17 08:00:00,55819.23,56052.63,54326.27,54840.0,11559.239532
2021-03-17 12:00:00,54840.01,55413.63,54123.69,54930.0,13305.603496
2021-03-17 16:00:00,54930.0,58201.58,54740.0,57867.42,17088.798112
2021-03-17 20:00:00,57867.42,58974.73,57601.92,58912.97,12320.23044
2021-03-18 00:00:00,58912.97,59561.54,58606.1,58712.33,10297.588324
2021-03-18 04:00:00,58712.34,59200.0,58119.0,58355.15,8855.447128
2021-03-18 08:00:00,58355.14,58660.0,57870.38,58170.37,8520.875667
2021-03-18 12:00:00,58168.69,59637.39,57500.0,59533.68,13245.508907
2021-03-18 16:00:00,59533.67,60129.97,57200.0,57293.79,17711.636937
2021-03-18 20:00:00,57294.12,58146.6,57023.0,57648.16,7949.349712
2021-03-19 00:00:00,57641.0,57898.48,56270.74,57779.84,9425.032841
2021-03-19 04:00:00,57779.84,58492.85,57603.92,57834.04,6908.655573
2021-03-19 08:00:00,57834.04,58888.0,57499.63,58831.33,9700.052271
2021-03-19 12:00:00,58831.34,59249.5,57950.59,58971.5,11376.032248
2021-03-19 16:00:00,58977.04,59180.0,58345.14,58826.56,7315.781858
2021-03-19 20:00:00,58826.56,59468.0,58000.0,58030.01,7667.09817
2021-03-20 00:00:00,58030.01,58913.98,57820.17,58367.74,6481.212614
2021-03-20 04:00:00,58367.75,58606.63,57980.0,58402.41,4672.108042
2021-03-20 08:00:00,58402.41,59299.0,58402.4,59242.47,7801.519147
2021-03-20 12:00:00,59242.91,59880.0,58610.62,59244.52,11543.91116
2021-03-20 16:00:00,59244.51,59474.89,58901.66,59272.82,6058.435999
2021-03-20 20:00:00,59272.83,59381.7,57966.85,58102.28,7919.754814
2021-03-21 00:00:00,58100.02,58589.1,57363.07,57790.0,7341.722024
2021-03-21 04:00:00,57790.0,57797.45,56668.0,56972.68,7789.449365
2021-03-21 08:00:00,56972.68,57325.45,55450.11,56267.65,11052.710576
2021-03-21 12:00:00,56270.13,57539.0,55870.23,57159.04,9130.913499
2021-03-21 16:00:00,57159.04,57676.0,56750.0,57513.18,6649.476078
2021-03-21 20:00:00,57517.0,58113.0,57128.89,57351.56,6600.198732
2021-03-22 00:00:00,57351.56,57647.89,56289.0,57563.63,7646.413375
2021-03-22 04:00:00,57564.17,57895.78,57315.22,57576.5,5515.521708
2021-03-22 08:00:00,57576.51,58430.73,57024.13,57713.79,8567.094721
2021-03-22 12:00:00,57713.79,57761.0,56521.01,57083.0,10958.171176
2021-03-22 16:00:00,57082.99,57195.0,55508.0,55524.99,11230.027768
2021-03-22 20:00:00,55524.99,56000.0,53650.0,54083.25,18664.397421
2021-03-23 00:00:00,54083.25,55344.26,53777.68,54684.83,10523.357656
2021-03-23 04:00:00,54683.6,54780.02,53000.0,54161.34,13345.4296
2021-03-23 08:00:00,54166.12,54865.37,53821.79,54249.81,8304.198869
2021-03-23 12:00:00,54249.8,55450.0,54234.96,55165.19,9845.228387
2021-03-23 16:00:00,55165.2,55830.9,54825.42,55008.46,9501.19711
2021-03-23 20:00:00,55008.45,55080.16,54190.1,54340.89,8269.953805
2021-03-24 00:00:00,54342.8,54769.44,53511.39,54350.54,8371.999229
2021-03-24 04:00:00,54350.54,55612.92,53700.0,55464.2,12126.348721
2021-03-24 08:00:00,55464.46,56662.08,55452.14,56541.03,13246.796385
2021-03-24 12:00:00,56536.08,57200.0,56000.0,56298.12,12218.745011
2021-03-24 16:00:00,56298.12,56422.02,54666.66,54736.53,12040.844638
2021-03-24 20:00:00,54736.52,54743.38,51700.0,52303.65,25532.731037
2021-03-25 00:00:00,52303.66,52900.0,51500.0,52122.86,14806.595798
2021-03-25 04:00:00,52131.51,53287.0,51905.58,52270.71,10221.083743
2021-03-25 08:00:00,52270.72,53160.85,52101.0,52163.19,10479.969662
2021-03-25 12:00:00,52163.2,52408.64,50427.56,50996.15,27329.305494
2021-03-25 16:00:00,50996.15,52532.0,50550.0,52195.19,14297.646312
2021-03-25 20:00:00,52195.19,52720.24,51220.72,51293.78,10265.933529
2021-03-26 00:00:00,51293.78,52723.68,51214.6,52407.19,9651.70632
2021-03-26 04:00:00,52407.19,53600.9,52172.34,53569.85,10548.80431
2021-03-26 08:00:00,53569.24,53826.48,52570.0,52710.96,13085.113465
2021-03-26 12:00:00,52710.95,53542.0,52508.19,53308.27,9528.988699
2021-03-26 16:00:00,53315.54,54060.24,52888.81,53778.55,10494.364565
2021-03-26 20:00:00,53773.38,55073.46,53773.38,55025.59,10504.797333
2021-03-27 00:00:00,55025.59,55555.0,54495.12,54760.97,8623.814866
2021-03-27 04:00:00,54759.96,55378.7,54660.11,54950.28,6848.977817
2021-03-27 08:00:00,54950.27,55146.23,54311.6,54442.89,7416.604288
2021-03-27 12:00:00,54442.89,55041.79,53950.0,54961.85,8230.331438
2021-03-27 16:00:00,54961.85,56271.0,54949.27,55765.01,10746.640262
2021-03-27 20:00:00,55765.01,56700.36,55675.0,55817.14,8239.106384
2021-03-28 00:00:00,55817.14,56200.0,55572.0,56052.05,6162.209791
2021-03-28 04:00:00,56052.52,56496.0,55831.43,56200.66,5040.427134
2021-03-28 08:00:00,56200.66,56559.75,55683.56,55787.03,6006.465729
2021-03-28 12:00:00,55787.02,56375.19,55291.13,56354.35,7131.117369
2021-03-28 16:00:00,56356.98,56490.0,54691.84,55208.69,9323.750714
2021-03-28 20:00:00,55208.7,55884.4,54743.18,55777.63,5386.416774
2021-03-29 00:00:00,55777.65,56013.76,54977.8,55371.6,6624.573908
2021-03-29 04:00:00,55371.61,56167.37,54800.01,55911.99,9399.022284
2021-03-29 08:00:00,55911.99,58350.0,55911.99,57854.32,18699.79886
2021-03-29 12:00:00,57854.14,58405.82,57267.98,57719.74,15011.328622
2021-03-29 16:00:00,57719.74,58290.0,57170.0,57676.42,10846.657096
2021-03-29 20:00:00,57676.41,57900.0,57103.43,57635.47,7276.556628
2021-03-30 00:00:00,57635.46,57769.01,57117.36,57181.33,7100.362335
2021-03-30 04:00:00,57181.33,58277.0,57071.35,58116.17,8609.505328
2021-03-30 08:00:00,58116.16,59335.0,57726.72,59240.34,15656.099775
2021-03-30 12:00:00,59240.33,59368.0,58500.0,58526.42,11010.576245
2021-03-30 16:00:00,58526.43,59107.84,58470.0,59060.0,6815.806664
2021-03-30 20:00:00,59060.0,59086.65,58380.02,58746.57,5930.092775
2021-03-31 00:00:00,58746.57,59050.0,58369.0,58608.63,7115.162323
2021-03-31 04:00:00,58608.62,59800.0,57500.18,58173.83,11735.383875
2021-03-31 08:00:00,58173.82,58275.45,56769.0,58015.02,12654.036794
2021-03-31 12:00:00,58015.02,59430.54,57641.06,59304.75,10601.908546
2021-03-31 16:00:00,59304.76,59648.52,58453.3,58553.12,11099.559151
2021-03-31 20:00:00,58553.12,59289.45,58328.55,58740.55,7769.491977
2021-04-01 00:00:00,58739.46,59314.53,58720.82,59119.02,5881.092914
2021-04-01 04:00:00,59119.02,59232.59,58500.2,58817.77,6720.335373
2021-04-01 08:00:00,58817.78,59490.0,58115.0,58584.32,11959.596773
2021-04-01 12:00:00,58584.32,59263.3,58375.0,58974.65,8407.634608
2021-04-01 16:00:00,58974.66,59146.77,57935.45,58918.99,9159.968157
2021-04-01 20:00:00,58918.99,59069.74,58524.7,58720.44,5286.989395
2021-04-02 00:00:00,58720.45,60200.0,58455.1,59869.79,13962.716252
2021-04-02 04:00:00,59869.79,59997.0,59307.35,59417.63,6817.226589
2021-04-02 08:00:00,59421.21,59685.0,59218.0,59542.78,5599.281222
2021-04-02 12:00:00,59542.78,59624.86,58827.66,59480.06,8208.230475
2021-04-02 16:00:00,59480.06,59600.0,58525.01,58850.0,7392.765688
2021-04-02 20:00:00,58850.0,59219.0,58428.57,58950.01,5402.198555
2021-04-03 00:00:00,58950.01,59450.08,58931.3,59221.53,5179.423859
2021-04-03 04:00:00,59221.52,59531.74,59180.0,59298.85,5138.97203
2021-04-03 08:00:00,59301.8,59791.72,58750.96,59255.02,7896.693743
2021-04-03 12:00:00,59256.07,59454.83,58800.0,58829.99,6781.051672
2021-04-03 16:00:00,58829.99,59143.71,57707.7,58597.04,11601.275779
2021-04-03 20:00:00,58597.04,58597.04,56880.0,57051.94,10812.43503
2021-04-04 00:00:00,57051.95,57583.32,56388.0,57492.42,10461.903604
2021-04-04 04:00:00,57492.42,57723.48,57139.02,57614.52,5223.622991
2021-04-04 08:00:00,57614.52,57787.79,57033.85,57275.55,5903.715811
2021-04-04 12:00:00,57278.23,58492.85,57000.0,57918.11,8804.504297
2021-04-04 16:00:00,57918.11,58280.0,57684.29,57953.86,6322.722292
2021-04-04 20:00:00,57953.86,58300.0,57826.16,58202.01,4597.612978
2021-04-05 00:00:00,58202.01,58387.35,57320.0,57467.12,7281.081454
2021-04-05 04:00:00,57467.12,57618.0,56790.57,57250.0,8955.153452
2021-04-05 08:00:00,57250.0,57766.84,56777.77,57756.36,7507.162594
2021-04-05 12:00:00,57756.36,59272.0,57746.74,59018.29,13510.602382
2021-04-05 16:00:00,59020.0,59240.0,58610.0,59005.2,9601.70311
2021-04-05 20:00:00,59005.21,59130.0,58479.59,59129.99,7402.312798
2021-04-06 00:00:00,59129.99,59495.24,58600.0,58608.7,8399.235136
2021-04-06 04:00:00,58610.19,59031.66,58349.0,58576.59,7077.615207
2021-04-06 08:00:00,58576.59,59000.0,58300.0,58541.34,9964.362868
2021-04-06 12:00:00,58541.34,58998.0,57413.02,57818.53,14803.050227
2021-04-06 16:00:00,57818.54,58282.12,57722.23,58225.0,7405.807618
2021-04-06 20:00:00,58225.01,58311.91,57483.71,57991.15,6550.929671
2021-04-07 00:00:00,57990.03,58200.01,57161.86,57922.75,8169.498381
2021-04-07 04:00:00,57922.74,58655.0,57268.0,57850.57,12269.317476
2021-04-07 08:00:00,57850.57,57938.77,55700.0,56320.47,18724.988932
2021-04-07 12:00:00,56320.47,56937.15,55612.0,56451.45,14027.920076
2021-04-07 16:00:00,56451.46,56850.0,55473.0,56153.83,12331.758176
2021-04-07 20:00:00,56153.84,56570.24,55717.15,55953.45,5704.922618
2021-04-08 00:00:00,55953.44,56700.0,55700.0,56540.62,6505.06615
2021-04-08 04:00:00,56540.62,57333.85,56529.78,57025.71,7699.109333
2021-04-08 08:00:00,57023.63,57267.49,56330.77,56421.18,7567.58103
2021-04-08 12:00:00,56421.17,57912.02,56311.77,57768.13,10949.664726
2021-04-08 16:00:00,57769.0,58153.31,57538.52,57734.94,6729.021841
2021-04-08 20:00:00,57732.53,58100.0,57449.04,58077.52,4832.703939
2021-04-09 00:00:00,58077.52,58419.45,57806.03,57985.71,5235.243334
2021-04-09 04:00:00,57985.71,58314.0,57654.0,58051.42,5646.760536
2021-04-09 08:00:00,58048.7,58894.9,57669.58,58527.19,9447.290473
2021-04-09 12:00:00,58527.2,58783.47,58024.0,58240.0,9093.856963
2021-04-09 16:00:00,58239.99,58528.0,57870.57,58370.59,6360.45098
2021-04-09 20:00:00,58370.59,58600.0,57873.31,58142.54,5048.282625
2021-04-10 00:00:00,58142.55,59238.27,57900.01,59229.5,9223.429817
2021-04-10 04:00:00,59229.5,61500.0,59229.5,60480.4,24587.78409
2021-04-10 08:00:00,60480.4,60997.18,60338.54,60575.94,7829.186927
2021-04-10 12:00:00,60575.94,60800.0,59811.74,60247.26,9993.590247
2021-04-10 16:00:00,60247.26,60550.0,59550.0,59567.38,8707.685139
2021-04-10 20:00:00,59567.38,59842.63,58374.61,59769.13,9564.747897
2021-04-11 00:00:00,59769.13,60699.0,59544.94,60268.58,7833.533469
2021-04-11 04:00:00,60268.58,60328.0,59339.83,59655.49,7509.804918
2021-04-11 08:00:00,59655.5,60144.7,59450.0,59721.84,6455.016917
2021-04-11 12:00:00,59721.85,59844.0,59232.52,59645.46,6682.289471
2021-04-11 16:00:00,59645.45,60190.0,59405.18,59705.53,7050.787283
2021-04-11 20:00:00,59705.53,60130.57,59433.29,60002.43,5625.283333
2021-04-12 00:00:00,59998.8,60456.29,59586.01,60368.96,6713.022809
2021-04-12 04:00:00,60368.95,61300.0,60020.0,60711.01,11533.081244
2021-04-12 08:00:00,60711.0,60878.25,59350.59,60241.5,13766.95154
2021-04-12 12:00:00,60241.5,60584.28,59610.96,59986.83,11036.988971
2021-04-12 16:00:00,59986.82,60223.0,59680.9,60090.41,7061.201309
2021-04-12 20:00:00,60090.42,60241.32,59759.05,59860.0,6263.791244
2021-04-13 00:00:00,59860.01,61100.0,59805.15,60493.43,11980.169413
2021-04-13 04:00:00,60493.43,61415.5,60330.74,61050.99,12164.502692
2021-04-13 08:00:00,61050.99,63287.88,61046.45,62942.21,25344.270701
2021-04-13 12:00:00,62942.21,63657.86,62500.0,63331.83,14989.358954
2021-04-13 16:00:00,63331.83,63777.77,62530.0,62997.02,11918.959594
2021-04-13 20:00:00,62997.02,63666.0,62842.99,63575.0,6451.427392
2021-04-14 00:00:00,63575.01,63869.99,63063.32,63749.19,9361.667022
2021-04-14 04:00:00,63749.19,64854.0,63605.85,64288.8,14251.696362
2021-04-14 08:00:00,64288.8,64787.98,63012.84,64511.21,15881.755071
2021-04-14 12:00:00,64509.48,64640.58,62345.67,63045.02,17788.978116
2021-04-14 16:00:00,63045.03,63764.62,61301.0,62150.04,17414.371114
2021-04-14 20:00:00,62150.03,63062.38,61873.51,62959.53,7917.876308
2021-04-15 00:00:00,62959.53,63491.45,62333.55,63056.61,8402.314314
2021-04-15 04:00:00,63056.62,63460.22,62706.4,62842.56,7327.518793
2021-04-15 08:00:00,62842.56,63137.92,62020.0,62361.12,8516.094074
2021-04-15 12:00:00,62359.11,63074.05,62347.36,62715.18,8512.839126
2021-04-15 16:00:00,62715.17,63573.02,62308.0,63363.29,10091.157891
2021-04-15 20:00:00,63363.29,63800.0,62963.78,63159.98,8799.776142
2021-04-16 00:00:00,63158.74,63520.61,62684.01,62937.91,13183.808033
2021-04-16 04:00:00,62942.41,62961.81,61025.0,61414.83,18777.956363
2021-04-16 08:00:00,61414.88,61607.83,60000.0,60853.81,18201.041988
2021-04-16 12:00:00,60853.8,61627.0,60250.0,61551.62,20484.587991
2021-04-16 16:00:00,61551.62,61877.0,61105.0,61713.43,12729.63676
2021-04-16 20:00:00,61713.42,62087.98,61333.0,61334.8,8387.108749
2021-04-17 00:00:00,61334.81,62506.05,61114.14,62372.27,10253.686831
2021-04-17 04:00:00,62372.27,62464.38,61857.55,62114.99,7769.151346
2021-04-17 08:00:00,62114.99,62458.28,60700.55,60886.91,11323.908231
2021-04-17 12:00:00,60886.93,61222.0,60094.0,60264.66,13371.078768
2021-04-17 16:00:00,60264.65,60785.0,59580.91,60705.02,10217.080882
2021-04-17 20:00:00,60705.02,60955.0,59969.98,60006.66,5977.35007
2021-04-18 00:00:00,60006.67,60499.0,50931.3,55014.46,28130.890376
2021-04-18 04:00:00,55000.01,56527.04,53924.76,56180.34,30550.025362
2021-04-18 08:00:00,56184.51,56498.0,53064.66,53308.92,25490.496917
2021-04-18 12:00:00,53299.32,55774.23,53200.0,55452.45,18764.392154
2021-04-18 16:00:00,55452.45,55967.66,54859.75,55720.66,11851.771742
2021-04-18 20:00:00,55720.66,56688.28,55537.48,56150.01,10094.555273
2021-04-19 00:00:00,56150.01,57291.0,55690.62,57030.9,10659.382877
2021-04-19 04:00:00,57030.9,57485.46,56410.68,57323.35,10568.119421
2021-04-19 08:00:00,57323.34,57526.81,56120.03,57107.4,16466.710209
2021-04-19 12:00:00,57107.41,57142.2,54221.58,54585.22,20940.525462
2021-04-19 16:00:00,54581.82,56100.0,54351.67,55930.94,12023.52046
2021-04-19 20:00:00,55930.94,56600.0,55517.45,55633.14,7570.783838
2021-04-20 00:00:00,55633.14,55792.15,54237.04,54764.12,9222.585057
2021-04-20 04:00:00,54764.13,55486.31,53329.96,54410.57,12643.07666
2021-04-20 08:00:00,54410.57,56419.13,54230.38,56266.83,13231.942552
2021-04-20 12:00:00,56266.83,56455.93,54649.58,55323.19,13586.019099
2021-04-20 16:00:00,55323.18,56782.0,55099.63,56572.44,13480.196249
2021-04-20 20:00:00,56572.44,57076.24,56090.0,56425.0,10580.662534
2021-04-21 00:00:00,56425.0,56757.91,55170.61,55204.6,10701.908135
2021-04-21 04:00:00,55204.6,55822.77,54968.69,55304.04,8687.949585
2021-04-21 08:00:00,55304.04,55750.0,54276.85,54563.37,11444.900521
2021-04-21 12:00:00,54563.36,56346.7,54300.0,56153.75,13237.465642
2021-04-21 16:00:00,56149.93,56339.98,55129.0,55478.7,8554.672772
2021-04-21 20:00:00,55478.7,55481.16,53536.02,53787.63,14357.860254
2021-04-22 00:00:00,53787.62,54638.0,52561.0,53497.09,20660.958027
2021-04-22 04:00:00,53494.63,54850.0,53450.0,54144.99,11139.015906
2021-04-22 08:00:00,54146.01,55223.0,53080.0,54866.62,15193.810899
2021-04-22 12:00:00,54866.63,55521.48,54310.04,54651.64,12713.728908
2021-04-22 16:00:00,54651.63,55166.19,52222.17,52923.54,20501.112106
2021-04-22 20:00:00,52923.54,52932.39,50500.0,51690.96,24448.005491
2021-04-23 00:00:00,51690.95,52131.85,48555.0,50298.76,39495.750509
2021-04-23 04:00:00,50298.76,50572.08,47700.0,47942.44,30271.241013
2021-04-23 08:00:00,47936.0,50269.17,47500.0,50070.36,24132.001047
2021-04-23 12:00:00,50070.36,50300.0,48541.0,49836.62,15811.39073
2021-04-23 16:00:00,49836.63,50920.0,49470.26,50876.72,11761.532293
2021-04-23 20:00:00,50876.71,51301.34,50140.0,51125.14,10758.865127
2021-04-24 00:00:00,51110.56,51166.22,49304.06,50109.93,10590.627596
2021-04-24 04:00:00,50109.92,50631.16,49649.7,49805.2,7461.859934
2021-04-24 08:00:00,49798.96,50217.89,48657.14,49073.71,11991.55327
2021-04-24 12:00:00,49072.12,50360.63,48900.0,50212.03,12218.301576
2021-04-24 16:00:00,50210.01,50888.0,49650.0,50667.75,6999.069782
2021-04-24 20:00:00,50667.79,51000.0,49900.0,50047.84,6100.100415
2021-04-25 00:00:00,50047.84,50452.85,49600.0,49615.54,6421.008713
2021-04-25 04:00:00,49626.76,49705.04,49600.24,49683.94,5.887034
2021-04-25 08:00:00,49683.95,50280.0,49161.94,49550.73,10523.726906
2021-04-25 12:00:00,49550.74,50567.91,49450.0,50257.97,10588.501255
2021-04-25 16:00:00,50257.97,50434.0,49295.09,49333.01,8232.075006
2021-04-25 20:00:00,49333.01,49593.18,46930.0,49066.77,22484.44609
2021-04-26 00:00:00,49066.76,52500.0,48753.44,52398.99,21323.436996
2021-04-26 04:00:00,52398.99,53080.0,52000.0,52801.37,12982.595229
2021-04-26 08:00:00,52801.37,53685.0,52275.0,53598.39,13057.445464
2021-04-26 12:00:00,53598.39,53950.0,53200.0,53571.12,12487.794224
2021-04-26 16:00:00,53571.13,54356.62,52868.07,54036.19,13564.515841
2021-04-26 20:00:00,54038.21,54250.0,52600.36,54001.39,12895.01437
2021-04-27 00:00:00,54001.38,54160.61,53267.71,53460.3,7766.386738
2021-04-27 04:00:00,53460.3,54933.74,53222.0,54545.01,10521.366388
2021-04-27 08:00:00,54545.0,55242.32,54248.92,55152.43,9661.994348
2021-04-27 12:00:00,55152.43,55300.0,54258.32,54981.87,12350.414879
2021-04-27 16:00:00,54981.86,55081.61,54258.4,54761.7,7488.529758
2021-04-27 20:00:00,54761.7,55460.0,54738.43,55011.97,6275.342564
2021-04-28 00:00:00,55011.97,55738.0,54769.42,54774.05,9735.221767
2021-04-28 04:00:00,54774.05,54995.07,53813.16,54255.98,10449.153628
2021-04-28 08:00:00,54255.98,55087.85,53917.64,54853.26,8471.396246
2021-04-28 12:00:00,54853.26,55327.0,54111.11,54338.14,8387.128843
2021-04-28 16:00:00,54338.14,55432.0,54245.33,55411.97,6539.816426
2021-04-28 20:00:00,55407.03,56428.0,54002.0,54846.22,11547.742105
2021-04-29 00:00:00,54846.23,55195.84,54046.33,54265.1,7127.891941
2021-04-29 04:00:00,54265.1,54493.87,53482.22,54465.14,8732.810154
2021-04-29 08:00:00,54465.27,54739.43,53759.98,54300.16,8709.305142
2021-04-29 12:00:00,54300.16,54531.89,53303.68,53703.11,10338.510248
2021-04-29 16:00:00,53703.11,53816.19,52476.69,52860.02,11220.072802
2021-04-29 20:00:00,52860.02,53650.63,52330.94,53555.0,6357.429168
2021-04-30 00:00:00,53555.0,53816.36,53013.01,53679.03,8135.865818
2021-04-30 04:00:00,53679.04,54558.8,53673.05,54343.11,9665.962742
2021-04-30 08:00:00,54343.11,54792.33,54051.11,54230.63,7863.061573
2021-04-30 12:00:00,54230.64,57258.15,54170.89,57180.06,21815.522266
2021-04-30 16:00:00,57180.05,57385.0,56277.39,57007.38,11856.686738
2021-04-30 20:00:00,57007.38,57963.0,56374.21,57694.27,9241.810908
2021-05-01 00:00:00,57697.25,58458.07,57421.05,58178.67,10096.9404
2021-05-01 04:00:00,58177.59,58422.31,57585.55,57725.14,6729.896248
2021-05-01 08:00:00,57725.14,57930.0,57116.16,57816.9,7190.046728
2021-05-01 12:00:00,57816.91,58043.01,56956.14,57356.58,7376.619727
2021-05-01 16:00:00,57356.59,57998.97,57218.0,57770.31,6358.756896
2021-05-01 20:00:00,57770.32,57939.0,57243.65,57800.37,4848.091837
2021-05-02 00:00:00,57797.35,57911.02,56323.66,56450.19,7209.986588
2021-05-02 04:00:00,56450.19,57129.0,56171.31,56633.02,6137.573368
2021-05-02 08:00:00,56633.03,57090.0,56035.25,57090.0,7180.359993
2021-05-02 12:00:00,57090.0,57286.96,56231.55,56595.2,5974.877612
2021-05-02 16:00:00,56595.2,56968.56,56317.59,56836.4,5016.931961
2021-05-02 20:00:00,56836.39,57141.05,56212.0,56578.21,5293.149341
2021-05-03 00:00:00,56578.21,58289.99,56525.0,57925.8,9396.291029
2021-05-03 04:00:00,57925.79,58848.0,57696.7,58787.87,9346.972255
2021-05-03 08:00:00,58787.88,58981.44,58277.12,58657.63,9368.154323
2021-05-03 12:00:00,58657.64,58770.0,57260.0,57601.83,11235.733692
2021-05-03 16:00:00,57603.33,58170.0,57169.0,57564.87,8767.243395
2021-05-03 20:00:00,57564.86,57575.05,56435.0,57169.39,9535.536592
2021-05-04 00:00:00,57169.39,57200.0,54580.0,55452.17,16977.898231
2021-05-04 04:00:00,55452.16,56361.82,55122.0,55917.97,8518.871254
2021-05-04 08:00:00,55917.98,56637.89,55555.0,56143.42,10623.433906
2021-05-04 12:00:00,56143.43,56321.18,53526.0,53799.33,25558.309394
2021-05-04 16:00:00,53802.54,54745.81,53201.01,54541.13,15002.0973
2021-05-04 20:00:00,54539.73,54824.0,53046.69,53200.01,8644.015818
2021-05-05 00:00:00,53205.05,55415.83,52900.0,54795.19,13128.377866
2021-05-05 04:00:00,54798.87,55285.71,53922.84,54858.35,10080.014011
2021-05-05 08:00:00,54858.35,55809.24,54679.13,55108.95,9957.733141
2021-05-05 12:00:00,55108.95,57712.06,55032.65,57636.74,19336.62196
2021-05-05 16:00:00,57635.89,58069.82,57043.0,57136.04,14748.367549
2021-05-05 20:00:00,57136.04,57619.86,56576.04,57436.11,10012.808912
2021-05-06 00:00:00,57436.11,57570.0,56570.66,56797.09,9957.851377
2021-05-06 04:00:00,56797.09,57568.42,56331.66,56814.79,9411.582305
2021-05-06 08:00:00,56814.79,58360.0,56772.75,57988.0,12460.66657
2021-05-06 12:00:00,57988.0,58099.0,56763.0,57088.49,12092.188503
2021-05-06 16:00:00,57088.48,57475.0,55200.0,56128.42,17181.908263
2021-05-06 20:00:00,56128.42,56794.4,55674.13,56393.68,9077.47489
2021-05-07 00:00:00,56393.68,57122.17,55476.74,55705.67,13216.079461
2021-05-07 04:00:00,55705.67,56280.88,55241.63,55766.34,9694.867861
2021-05-07 08:00:00,55766.33,56784.0,55570.35,56464.74,10430.293682
2021-05-07 12:00:00,56464.74,57680.0,56228.24,57519.24,14789.919732
2021-05-07 16:00:00,57519.25,58650.0,57132.65,57584.01,15968.628033
2021-05-07 20:00:00,57584.01,58074.31,56749.75,57314.75,10442.95906
2021-05-08 00:00:00,57315.49,58400.0,56900.0,58099.98,9205.851909
2021-05-08 04:00:00,58099.86,58599.99,57500.0,58463.06,9129.56824
2021-05-08 08:00:00,58463.06,59379.26,58305.0,58556.09,13405.425347
2021-05-08 12:00:00,58556.09,59438.64,57472.95,57599.87,16338.473914
2021-05-08 16:00:00,57599.86,59300.0,57560.63,59030.56,13538.222106
2021-05-08 20:00:00,59030.56,59500.0,58466.0,58862.05,8092.364512
2021-05-09 00:00:00,58866.53,59300.0,58325.09,58632.78,11973.236961
2021-05-09 04:00:00,58635.72,58974.91,57575.0,57965.59,16054.303408
2021-05-09 08:00:00,57965.59,58400.0,57535.61,57907.49,9774.47663
2021-05-09 12:00:00,57907.49,58000.0,56235.66,57379.58,15021.126402
2021-05-09 16:00:00,57379.58,57883.11,57048.96,57266.97,8143.732782
2021-05-09 20:00:00,57266.97,58439.7,57179.18,58240.84,8839.243727
2021-05-10 00:00:00,58240.83,59444.9,58009.96,59356.76,10905.208524
2021-05-10 04:00:00,59356.77,59500.0,58355.79,58370.17,9885.999879
2021-05-10 08:00:00,58370.17,58593.79,57301.81,58070.63,12483.083175
2021-05-10 12:00:00,58070.63,58320.0,56700.0,58296.36,16492.411996
2021-05-10 16:00:00,58296.35,58593.7,55516.85,55733.76,18984.7367
2021-05-10 20:00:00,55733.76,56269.89,53400.0,55816.14,20834.908976
2021-05-11 00:00:00,55816.14,56435.48,54370.0,55142.46,14287.879015
2021-05-11 04:00:00,55142.44,55846.9,54589.0,55740.09,9500.419613
2021-05-11 08:00:00,55737.89,56190.0,55125.71,55210.47,11000.371098
2021-05-11 12:00:00,55210.47,56176.0,54766.44,56052.82,13895.315089
2021-05-11 16:00:00,56052.83,56850.0,55750.0,56608.94,9622.533917
2021-05-11 20:00:00,56608.93,56862.43,56168.98,56670.02,6023.021818
2021-05-12 00:00:00,56670.02,57872.18,56555.12,57756.94,10732.229562
2021-05-12 04:00:00,57756.95,58000.01,56882.0,57101.07,9083.459784
2021-05-12 08:00:00,57101.08,57195.5,55950.45,56421.46,12121.894047
2021-05-12 12:00:00,56421.45,56900.0,55232.56,55479.13,16223.015851
2021-05-12 16:00:00,55479.13,55677.31,53500.0,54432.39,20363.459058
2021-05-12 20:00:00,54437.0,54751.92,48600.0,49631.32,31318.731534
2021-05-13 00:00:00,49537.15,50829.98,46000.0,50461.99,42786.026884
2021-05-13 04:00:00,50461.99,51367.19,50282.0,50879.72,16124.773991
2021-05-13 08:00:00,50879.73,50950.0,48457.12,49777.01,28154.674056
2021-05-13 12:00:00,49777.01,50884.34,49458.68,49627.64,17291.357104
2021-05-13 16:00:00,49627.63,50429.99,47000.0,48568.85,28937.196702
2021-05-13 20:00:00,48569.97,49879.77,48350.0,49670.97,14037.973384
2021-05-14 00:00:00,49671.92,50390.7,49021.01,49157.93,13663.102417
2021-05-14 04:00:00,49157.94,50286.26,48799.75,49987.2,14234.109728
2021-05-14 08:00:00,49987.19,50958.32,49880.0,50538.14,14914.497144
2021-05-14 12:00:00,50538.13,51483.0,50037.0,51211.98,13868.253264
2021-05-14 16:00:00,51211.98,51322.41,50083.8,50138.09,12471.01461
2021-05-14 20:00:00,50141.33,50294.6,49030.0,49841.45,10931.227143
2021-05-15 00:00:00,49844.16,50700.0,49269.78,49627.01,10530.443458
2021-05-15 04:00:00,49627.02,49861.2,48400.0,48469.28,14762.202922
2021-05-15 08:00:00,48469.71,49298.59,47721.84,48929.74,16135.570945
2021-05-15 12:00:00,48929.73,49697.63,48527.07,48982.99,14914.284986
2021-05-15 16:00:00,48983.0,48994.27,46900.0,48108.4,20279.083932
2021-05-15 20:00:00,48108.4,48738.75,46555.0,46762.99,12815.863116
2021-05-16 00:00:00,46762.99,48406.44,46467.0,48383.46,12801.101382
2021-05-16 04:00:00,48386.62,49500.0,48034.82,49375.28,10802.033375
2021-05-16 08:00:00,49375.28,49795.89,48656.0,49014.99,10956.006583
2021-05-16 12:00:00,49014.99,49249.06,47566.01,47727.26,14166.961995
2021-05-16 16:00:00,47727.26,48097.59,44444.44,45549.26,36819.653456
2021-05-16 20:00:00,45553.24,46480.0,43825.39,46431.5,28724.055984
2021-05-17 00:00:00,46426.83,46686.0,42777.0,42915.46,28171.858447
2021-05-17 04:00:00,42915.46,45400.0,42196.97,45149.18,40557.45817
2021-05-17 08:00:00,45143.28,45800.0,44291.84,45731.39,23851.50751
2021-05-17 12:00:00,45733.55,45791.04,43156.0,43362.75,23137.989315
2021-05-17 16:00:00,43357.0,44400.0,42001.0,44197.73,30883.162039
2021-05-17 20:00:00,44197.73,44939.2,42500.0,43538.04,20055.197255
2021-05-18 00:00:00,43538.02,45281.34,43150.79,44779.83,19252.919453
2021-05-18 04:00:00,44774.78,45799.29,44738.26,45172.7,17218.430549
2021-05-18 08:00:00,45172.69,45662.14,44607.08,45321.02,13102.729608
2021-05-18 12:00:00,45318.76,45341.84,42507.0,42969.47,29573.283582
2021-05-18 16:00:00,42969.46,43825.65,42371.96,43262.71,23258.654334
2021-05-18 20:00:00,43262.7,43522.64,42250.02,42849.78,14573.843258
2021-05-19 00:00:00,42849.78,43584.9,40125.0,40591.15,36126.910476
2021-05-19 04:00:00,40591.99,40846.97,38550.0,40371.44,49067.767549
2021-05-19 08:00:00,40354.98,40888.0,36333.0,38700.0,47653.497869
2021-05-19 12:00:00,38700.0,39295.51,30000.0,37318.52,121040.676466
2021-05-19 16:00:00,37310.14,40442.0,36111.0,39342.93,63230.661933
2021-05-19 20:00:00,39337.45,40200.0,36600.01,36690.09,37227.728868
2021-05-20 00:00:00,36671.23,38599.0,34850.0,38341.04,48547.699017
2021-05-20 04:00:00,38340.01,40780.87,38202.11,39959.68,32200.027784
2021-05-20 08:00:00,39959.67,40690.56,38700.0,40475.17,29967.717243
2021-05-20 12:00:00,40476.68,42451.67,40086.09,41432.88,38027.21318
2021-05-20 16:00:00,41432.88,41450.0,38110.0,40116.04,36207.219624
2021-05-20 20:00:00,40116.04,41900.0,39383.52,40526.64,18067.720075
2021-05-21 00:00:00,40525.39,42200.0,40408.84,40666.91,16888.741956
2021-05-21 04:00:00,40662.0,40800.0,39222.0,39842.57,19169.072594
2021-05-21 08:00:00,39842.58,41230.67,39277.0,41124.29,21578.030744
2021-05-21 12:00:00,41124.3,41789.4,36444.44,36794.57,60933.591059
2021-05-21 16:00:00,36803.28,37825.75,35501.01,36062.12,41178.470595
2021-05-21 20:00:00,36062.13,37447.0,33488.0,37252.01,42352.98131
2021-05-22 00:00:00,37263.35,38100.0,36517.03,36951.85,23246.891063
2021-05-22 04:00:00,36947.31,37219.45,35200.62,36269.28,25655.682555
2021-05-22 08:00:00,36266.36,38827.52,36258.96,38157.76,24609.50253
2021-05-22 12:00:00,38157.75,38829.0,37000.0,38162.4,23049.098027
2021-05-22 16:00:00,38161.92,38600.0,37158.14,37286.65,16910.015371
2021-05-22 20:00:00,37286.65,38400.0,37268.76,37449.73,13071.054143
2021-05-23 00:00:00,37458.51,38270.64,36668.99,37421.59,14854.362753
2021-05-23 04:00:00,37421.59,37421.59,35530.0,35927.69,19893.347229
2021-05-23 08:00:00,35927.7,35930.89,33800.59,35389.1,48344.189587
2021-05-23 12:00:00,35386.8,35800.0,32600.0,33318.09,53820.338819
2021-05-23 16:00:00,33316.42,33900.0,31111.01,33051.73,58933.664862
2021-05-23 20:00:00,33047.33,35000.0,33045.31,34655.25,21290.143343
2021-05-24 00:00:00,34681.44,35889.0,34664.77,35251.37,22428.733223
2021-05-24 04:00:00,35250.56,36887.0,34031.0,36645.79,25590.361997
2021-05-24 08:00:00,36645.79,37922.18,35877.52,37600.01,32135.123669
2021-05-24 12:00:00,37600.01,38637.7,37266.58,37539.63,32643.663214
2021-05-24 16:00:00,37539.64,39787.96,36818.55,39606.1,28459.495047
2021-05-24 20:00:00,39606.11,39920.0,37955.42,38796.29,20373.516821
2021-05-25 00:00:00,38810.99,39791.77,37800.5,38304.51,21694.802875
2021-05-25 04:00:00,38306.43,39200.0,37608.0,38985.06,16331.600076
2021-05-25 08:00:00,38993.91,39110.0,36486.0,36537.16,23406.301781
2021-05-25 12:00:00,36537.17,38481.18,36419.62,38277.57,27140.252574
2021-05-25 16:00:00,38277.55,38299.88,37011.0,37292.69,12652.656689
2021-05-25 20:00:00,37292.69,38753.98,37250.01,38324.72,10770.614409
2021-05-26 00:00:00,38324.72,39693.66,37800.44,39503.98,16881.43529
2021-05-26 04:00:00,39503.98,40755.0,39000.0,40445.79,18277.29211
2021-05-26 08:00:00,40445.79,40841.0,39379.79,39850.65,17436.648665
2021-05-26 12:00:00,39850.66,40289.75,38440.0,38758.61,23079.234828
2021-05-26 16:00:00,38758.62,39350.0,37900.03,38485.1,17828.269774
2021-05-26 20:00:00,38476.74,39450.69,38280.19,39241.91,11277.892729
2021-05-27 00:00:00,39241.92,39243.1,37134.27,37621.56,15983.293792
2021-05-27 04:00:00,37623.64,38407.42,37204.76,38275.47,11318.161018
2021-05-27 08:00:00,38275.47,39888.02,37826.08,39690.01,16212.379776
2021-05-27 12:00:00,39690.0,40411.14,39256.59,39667.0,18400.644951
2021-05-27 16:00:00,39666.99,39721.28,38500.0,38768.35,14102.539844
2021-05-27 20:00:00,38768.36,39187.35,38195.19,38529.98,10530.139413
2021-05-28 00:00:00,38529.99,38877.83,37687.77,38237.18,11987.458897
2021-05-28 04:00:00,38237.1,38237.1,36442.0,36975.93,25493.584904
2021-05-28 08:00:00,36975.65,37250.0,35100.0,35351.65,30447.395107
2021-05-28 12:00:00,35351.65,37279.98,35168.24,36749.31,22680.510338
2021-05-28 16:00:00,36751.59,36845.93,35551.06,35789.3,22911.388747
2021-05-28 20:00:00,35789.31,36240.0,34684.0,35663.49,21857.291727
2021-05-29 00:00:00,35661.79,36774.44,35617.87,36458.77,13503.571694
2021-05-29 04:00:00,36458.77,37338.58,35604.3,36145.02,14936.627681
2021-05-29 08:00:00,36145.0,36350.0,34567.89,35375.0,19419.647304
2021-05-29 12:00:00,35375.0,35402.34,33800.0,34416.27,28768.898073
2021-05-29 16:00:00,34416.26,35049.0,33632.76,34025.43,21833.742633
2021-05-29 20:00:00,34025.44,35100.0,33752.3,34605.15,14200.605304
2021-05-30 00:00:00,34605.15,34974.99,33379.0,34770.12,14272.272876
2021-05-30 04:00:00,34770.13,36232.09,34631.73,35998.33,16499.135362
2021-05-30 08:00:00,35996.12,36420.0,35546.42,36359.44,12233.871551
2021-05-30 12:00:00,36359.44,36488.0,35100.0,35477.0,13055.150157
2021-05-30 16:00:00,35477.0,36284.44,35300.0,36077.59,9731.034317
2021-05-30 20:00:00,36077.59,36350.0,35500.0,35641.27,7743.922704
2021-05-31 00:00:00,35641.26,36000.0,34250.55,34489.57,14130.865345
2021-05-31 04:00:00,34489.58,35975.0,34153.84,35850.17,16153.468639
2021-05-31 08:00:00,35850.17,37195.0,35588.08,36836.46,22947.486232
2021-05-31 12:00:00,36836.46,37278.03,36333.44,36961.16,18576.759768
2021-05-31 16:00:00,36961.16,37457.07,36510.01,36863.67,14199.653047
2021-05-31 20:00:00,36865.75,37499.0,36557.3,37253.81,8152.502258
2021-06-01 00:00:00,37253.82,37894.81,36478.0,36704.99,14647.058408
2021-06-01 04:00:00,36706.8,37443.72,36561.89,36831.58,10095.347833
2021-06-01 08:00:00,36831.58,36939.81,35902.43,36596.62,13819.887762
2021-06-01 12:00:00,36596.63,37440.0,35666.0,36235.29,22029.825614
2021-06-01 16:00:00,36235.28,36492.89,35716.66,35973.87,12918.452958
2021-06-01 20:00:00,35973.86,36800.0,35873.08,36693.09,7724.091195
2021-06-02 00:00:00,36694.85,36900.0,35920.0,36472.39,8003.519356
2021-06-02 04:00:00,36472.38,37400.0,36472.38,37220.0,12459.234719
2021-06-02 08:00:00,37219.99,37538.07,36851.45,37203.08,12842.303598
2021-06-02 12:00:00,37203.08,38225.0,37058.61,38040.7,17546.732977
2021-06-02 16:00:00,38040.69,38200.0,37727.37,37884.57,9291.591592
2021-06-02 20:00:00,37884.58,37929.97,37320.0,37568.68,7443.990253
2021-06-03 00:00:00,37568.68,37903.14,37170.0,37634.57,8381.714112
2021-06-03 04:00:00,37635.24,39039.19,37600.0,38634.09,16294.658537
2021-06-03 08:00:00,38634.77,39476.0,38518.96,38781.75,16219.774886
2021-06-03 12:00:00,38781.75,39265.25,38288.0,38535.61,17461.331716
2021-06-03 16:00:00,38535.6,38997.0,38431.03,38596.64,9064.796188
2021-06-03 20:00:00,38596.65,39450.0,38532.31,39246.79,8466.830572
2021-06-04 00:00:00,39246.78,39289.07,37320.26,37933.72,17147.964165
2021-06-04 04:00:00,37933.73,37939.25,36218.21,36610.29,23389.574372
2021-06-04 08:00:00,36606.8,37028.65,36072.82,36585.66,13162.875433
2021-06-04 12:00:00,36585.67,37139.0,35555.15,36948.85,21006.882079
2021-06-04 16:00:00,36948.86,37248.94,36708.0,36800.99,9025.764882
2021-06-04 20:00:00,36801.0,37246.99,36462.42,36829.0,7584.738314
2021-06-05 00:00:00,36829.15,37846.6,36613.22,37410.0,9026.45342
2021-06-05 04:00:00,37410.04,37925.0,37410.04,37582.14,6937.427113
2021-06-05 08:00:00,37582.13,37850.0,35667.0,35869.42,17020.94441
2021-06-05 12:00:00,35869.42,36435.0,35250.0,36321.42,16230.48953
2021-06-05 16:00:00,36321.42,36324.2,35692.04,35778.94,7580.997566
2021-06-05 20:00:00,35777.61,36016.1,34800.0,35513.2,13663.309451
2021-06-06 00:00:00,35516.07,36257.34,35405.61,35989.67,8393.518369
2021-06-06 04:00:00,35988.56,36480.0,35701.04,36132.57,7058.620765
2021-06-06 08:00:00,36132.52,36414.55,35800.93,35868.13,7201.662815
2021-06-06 12:00:00,35868.12,36429.28,35450.0,36157.47,9473.724725
2021-06-06 16:00:00,36157.47,36317.81,35705.0,35747.15,6657.597267
2021-06-06 20:00:00,35747.14,35995.28,35222.0,35796.31,8865.082696
2021-06-07 00:00:00,35796.31,36900.0,35498.62,36392.93,11686.918078
2021-06-07 04:00:00,36392.94,36545.01,35850.66,36139.99,7855.827571
2021-06-07 08:00:00,36139.99,36591.72,35900.52,36376.47,10325.1777
2021-06-07 12:00:00,36376.47,36777.47,35860.5,36035.51,10919.494304
2021-06-07 16:00:00,36035.35,36079.63,35328.02,35634.46,10952.38654
2021-06-07 20:00:00,35634.45,35744.52,33300.0,33552.79,25835.14838
2021-06-08 00:00:00,33556.96,34068.01,32351.0,32817.09,27138.252213
2021-06-08 04:00:00,32817.09,33246.09,32123.0,32966.7,18150.28085
2021-06-08 08:00:00,32966.7,33373.01,32651.52,33089.99,16467.157709
2021-06-08 12:00:00,33084.43,33179.23,31000.0,31705.24,28569.800821
2021-06-08 16:00:00,31705.25,32999.35,31563.52,32864.18,18675.740216
2021-06-08 20:00:00,32864.19,33841.98,32661.95,33380.81,14249.957228
2021-06-09 00:00:00,33380.8,33540.47,32396.82,32863.07,13371.488633
2021-06-09 04:00:00,32862.25,34512.95,32536.49,34169.05,22620.333199
2021-06-09 08:00:00,34168.11,35045.55,33808.0,34972.42,20888.74579
2021-06-09 12:00:00,34972.42,36736.0,34512.94,36357.11,38906.503054
2021-06-09 16:00:00,36356.42,37000.0,35650.16,36260.45,25218.74536
2021-06-09 20:00:00,36260.45,37534.79,36112.0,37388.05,15601.781481
2021-06-10 00:00:00,37388.05,37666.11,36751.07,36959.69,15106.209348
2021-06-10 04:00:00,36959.7,37220.99,36500.0,36962.14,12050.349459
2021-06-10 08:00:00,36962.12,38491.0,36242.57,37818.54,29837.785669
2021-06-10 12:00:00,37819.27,38198.23,36612.0,36896.75,23315.077678
2021-06-10 16:00:00,36896.65,37150.0,36100.0,36675.09,15795.991631
2021-06-10 20:00:00,36675.1,37088.0,35782.0,36675.72,13421.871158
2021-06-11 00:00:00,36677.83,37300.0,35936.77,36754.4,13593.745514
2021-06-11 04:00:00,36754.41,37435.0,36390.32,37147.55,13931.72954
2021-06-11 08:00:00,37147.56,37680.4,36921.0,37378.82,14475.662914
2021-06-11 12:00:00,37378.82,37589.0,36747.62,36818.41,12282.870874
2021-06-11 16:00:00,36818.42,37419.01,36511.52,37246.77,12329.343582
2021-06-11 20:00:00,37246.76,37498.58,36745.0,37331.98,11852.652876
2021-06-12 00:00:00,37331.98,37463.63,35277.0,35571.19,24477.86472
2021-06-12 04:00:00,35572.84,35726.68,35000.0,35289.06,15392.992603
2021-06-12 08:00:00,35289.06,35900.0,34600.36,35596.7,18010.310808
2021-06-12 12:00:00,35597.5,36238.0,35315.0,35384.96,14248.780199
2021-06-12 16:00:00,35384.96,35997.67,35300.0,35730.0,8363.097874
2021-06-12 20:00:00,35730.01,36143.93,35420.32,35546.11,7224.503786
2021-06-13 00:00:00,35546.12,35926.96,34816.02,34867.8,9711.333532
2021-06-13 04:00:00,34867.81,35499.86,34757.0,35280.02,8911.507916
2021-06-13 08:00:00,35282.02,36099.0,35171.55,35904.03,10701.328348
2021-06-13 12:00:00,35904.02,36150.0,35670.0,36034.97,9405.698575
2021-06-13 16:00:00,36034.96,37750.14,35970.0,37650.0,22064.60781
2021-06-13 20:00:00,37650.0,39380.0,37636.18,39020.57,26126.549374
2021-06-14 00:00:00,39020.56,39800.0,38730.0,38975.14,19015.540586
2021-06-14 04:00:00,38975.14,39700.0,38782.34,39555.24,12639.858186
2021-06-14 08:00:00,39555.25,39629.01,38820.0,39166.33,13481.896236
2021-06-14 12:00:00,39166.33,41064.05,39040.0,40685.37,32269.375259
2021-06-14 16:00:00,40685.37,40740.03,39323.1,39716.06,19945.827005
2021-06-14 20:00:00,39716.06,40605.87,39602.0,40516.29,11169.894677
2021-06-15 00:00:00,40516.28,40900.0,39856.6,40404.86,12104.794455
2021-06-15 04:00:00,40403.13,40580.0,40100.0,40365.74,8921.675209
2021-06-15 08:00:00,40367.41,40400.0,39531.0,39839.9,13863.182145
2021-06-15 12:00:00,39839.9,40450.0,39720.0,40065.01,12670.080894
2021-06-15 16:00:00,40065.01,41330.0,39768.0,39958.01,22512.745925
2021-06-15 20:00:00,39957.76,40365.27,39506.4,40144.04,10607.14421
2021-06-16 00:00:00,40143.8,40181.95,39610.0,40013.63,7196.474633
2021-06-16 04:00:00,40013.64,40527.14,39840.0,40126.87,14664.544184
2021-06-16 08:00:00,40126.87,40260.14,38877.46,39080.01,16161.836477
2021-06-16 12:00:00,39080.01,39504.99,38565.0,38775.66,16463.578039
2021-06-16 16:00:00,38775.66,39735.52,38301.68,38680.11,23114.725115
2021-06-16 20:00:00,38680.1,38925.0,38116.01,38349.01,10170.818489
2021-06-17 00:00:00,38349.0,38978.75,38213.23,38865.05,8985.156279
2021-06-17 04:00:00,38865.05,39400.0,38644.4,39207.36,11394.731
2021-06-17 08:00:00,39208.67,39559.88,39057.27,39146.36,10847.197426
2021-06-17 12:00:00,39148.26,39195.9,38411.39,39007.91,15961.09659
2021-06-17 16:00:00,39008.01,39111.56,37505.0,37702.53,21600.732073
2021-06-17 20:00:00,37702.53,38258.0,37365.0,38092.97,10752.393751
2021-06-18 00:00:00,38092.97,38202.84,37213.0,37926.79,11186.101125
2021-06-18 04:00:00,37926.78,38148.11,37377.0,37715.03,10812.076487
2021-06-18 08:00:00,37715.04,38029.99,37063.8,37821.95,15124.118034
2021-06-18 12:00:00,37818.57,37948.55,36278.5,36355.1,24222.201625
2021-06-18 16:00:00,36355.97,36818.44,35129.29,35327.24,22970.087923
2021-06-18 20:00:00,35323.65,35928.39,35232.26,35819.84,10913.457741
2021-06-19 00:00:00,35820.48,36297.3,34803.52,35103.44,14164.148336
2021-06-19 04:00:00,35103.44,35873.9,34961.39,35785.96,12578.956536
2021-06-19 08:00:00,35785.95,35995.0,35561.81,35940.22,8978.991943
2021-06-19 12:00:00,35940.22,36457.0,35550.0,36114.85,15007.230988
2021-06-19 16:00:00,36114.85,36210.0,35360.08,35943.65,10375.918859
2021-06-19 20:00:00,35943.65,36200.0,35394.75,35483.72,7607.202799
2021-06-20 00:00:00,35483.72,35800.0,35119.21,35527.24,8060.733689
2021-06-20 04:00:00,35527.25,35922.0,35363.02,35637.71,7298.442626
2021-06-20 08:00:00,35637.72,35693.88,33724.48,33872.9,24304.190491
2021-06-20 12:00:00,33870.56,34666.0,33336.0,34422.71,23737.239666
2021-06-20 16:00:00,34422.11,35700.92,34289.0,35502.82,13435.427801
2021-06-20 20:00:00,35502.83,36137.72,35380.0,35600.16,13042.136577
2021-06-21 00:00:00,35600.17,35750.0,34566.82,34649.63,12048.18009
2021-06-21 04:00:00,34651.86,34725.82,32266.0,33025.5,38363.452108
2021-06-21 08:00:00,33025.5,33577.12,31710.0,32520.56,46870.924317
2021-06-21 12:00:00,32530.68,33222.22,31927.91,32687.99,26966.552455
2021-06-21 16:00:00,32685.84,33000.0,32034.52,32563.89,18931.962243
2021-06-21 20:00:00,32563.89,32800.0,31251.23,31608.93,25597.801946
2021-06-22 00:00:00,31614.12,33260.0,31168.0,33018.22,23909.814239
2021-06-22 04:00:00,33018.21,33109.81,32479.0,32648.98,10838.814384
2021-06-22 08:00:00,32647.96,32658.63,31112.0,31243.41,31110.25148
2021-06-22 12:00:00,31236.53,31980.0,28805.0,31708.08,86060.1624
2021-06-22 16:00:00,31707.56,33298.78,31620.0,32404.06,37371.545784
2021-06-22 20:00:00,32404.06,32987.0,32150.0,32509.56,14917.591475
2021-06-23 00:00:00,32509.56,34444.0,31683.0,33966.43,32702.644564
2021-06-23 04:00:00,33969.69,34392.1,33574.11,33982.26,18440.425426
2021-06-23 08:00:00,33982.26,34500.0,33650.21,33911.39,18341.765169
2021-06-23 12:00:00,33911.4,34881.0,33400.3,33490.14,28265.873145
2021-06-23 16:00:00,33490.14,33947.17,32870.99,32879.97,16689.643728
2021-06-23 20:00:00,32882.5,33785.26,32749.01,33678.07,12525.748531
2021-06-24 00:00:00,33675.07,33879.99,32339.82,32589.2,14734.386878
2021-06-24 04:00:00,32589.2,33280.55,32286.57,32853.74,13051.055908
2021-06-24 08:00:00,32853.74,33930.23,32820.61,33850.77,13506.337429
2021-06-24 12:00:00,33850.78,34583.58,33756.04,33886.52,18730.794267
2021-06-24 16:00:00,33888.81,35298.0,33751.0,34857.73,18670.724202
2021-06-24 20:00:00,34854.63,34999.09,34512.0,34663.09,7932.505576
2021-06-25 00:00:00,34663.08,35500.0,34251.0,35052.07,14634.093456
2021-06-25 04:00:00,35057.7,35100.0,33961.48,34283.82,12494.567347
2021-06-25 08:00:00,34281.37,34480.0,33234.37,33311.96,19245.555409
2021-06-25 12:00:00,33311.96,33600.77,32351.0,32607.07,26868.158019
2021-06-25 16:00:00,32607.07,32910.64,31500.0,32220.74,28395.534991
2021-06-25 20:00:00,32222.91,32369.0,31275.0,31584.45,14423.221134
2021-06-26 00:00:00,31576.09,32268.91,31300.0,31977.59,12066.947988
2021-06-26 04:00:00,31979.71,32730.0,30573.77,30720.37,21059.902932
2021-06-26 08:00:00,30713.54,31883.6,30151.0,31777.73,28487.352901
2021-06-26 12:00:00,31777.9,31985.0,30505.0,31523.5,22191.327582
2021-06-26 16:00:00,31526.88,31910.0,30776.63,31573.98,13194.038514
2021-06-26 20:00:00,31573.97,32300.24,30905.78,32283.65,10820.80537
2021-06-27 00:00:00,32283.65,33200.0,31973.45,33146.91,20041.662898
2021-06-27 04:00:00,33146.91,33499.0,32811.9,33283.17,13758.16228
2021-06-27 08:00:00,33291.81,33451.0,32268.0,33246.55,18424.577044
2021-06-27 12:00:00,33246.56,33574.32,32717.52,33200.02,13308.279721
2021-06-27 16:00:00,33200.06,33400.0,32574.28,32815.19,10413.354192
2021-06-27 20:00:00,32815.18,34749.0,32357.13,34700.34,20667.208076
2021-06-28 00:00:00,34702.49,34972.28,34254.75,34398.36,12050.249687
2021-06-28 04:00:00,34395.03,35297.71,34275.87,35028.69,14393.107742
2021-06-28 08:00:00,35028.69,35172.21,33960.0,34107.2,18422.228464
2021-06-28 12:00:00,34107.2,35000.0,33862.72,34969.99,16668.806283
2021-06-28 16:00:00,34969.98,35030.92,33931.0,34441.77,13191.362473
2021-06-28 20:00:00,34441.77,34819.0,34112.03,34494.89,7496.51317
2021-06-29 00:00:00,34494.89,35169.56,34225.43,34577.16,10660.335829
2021-06-29 04:00:00,34577.09,35448.0,34534.0,34849.27,13902.376269
2021-06-29 08:00:00,34849.2,35768.9,34730.0,35555.62,18117.627803
2021-06-29 12:00:00,35555.64,36428.0,35343.12,36248.99,24761.573402
2021-06-29 16:00:00,36248.99,36600.0,36050.0,36382.39,12608.467034
2021-06-29 20:00:00,36382.39,36488.7,35700.01,35911.73,10738.415883
2021-06-30 00:00:00,35911.72,36100.0,34936.0,35119.99,10635.087983
2021-06-30 04:00:00,35119.99,35290.97,34666.0,35250.54,14395.668737
2021-06-30 08:00:00,35250.54,35333.33,34401.01,34849.99,13891.529654
2021-06-30 12:00:00,34849.99,35010.85,34083.92,34193.44,13930.308331
2021-06-30 16:00:00,34193.44,34899.0,34017.55,34743.56,12128.061552
2021-06-30 20:00:00,34743.56,35194.04,34391.43,35045.0,12171.541377
2021-07-01 00:00:00,35045.0,35057.57,34120.0,34120.01,9448.171889
2021-07-01 04:00:00,34120.01,34467.09,33312.52,33348.3,15251.683128
2021-07-01 08:00:00,33350.0,33749.0,33001.0,33717.52,13370.6246
2021-07-01 12:00:00,33717.52,33917.93,33055.0,33432.54,13280.172682
2021-07-01 16:00:00,33432.54,33654.49,32711.0,33091.48,12799.477033
2021-07-01 20:00:00,33091.48,33649.0,33091.48,33504.69,7558.13678
2021-07-02 00:00:00,33502.33,33977.04,32767.74,32907.22,9793.724818
2021-07-02 04:00:00,32907.22,33500.36,32699.0,33358.26,9171.458185
2021-07-02 08:00:00,33358.32,33620.0,32770.0,33023.01,10637.558495
2021-07-02 12:00:00,33023.35,33724.34,32872.0,33704.91,12912.418697
2021-07-02 16:00:00,33704.9,33795.16,33109.76,33327.71,7029.745196
2021-07-02 20:00:00,33327.71,33898.95,33041.65,33786.55,6627.275987
2021-07-03 00:00:00,33786.54,33914.6,33316.73,33524.47,5473.353929
2021-07-03 04:00:00,33524.48,34663.48,33444.25,34499.54,9114.376111
2021-07-03 08:00:00,34499.53,34780.0,34406.0,34608.04,9722.860693
2021-07-03 12:00:00,34608.04,34816.5,34470.0,34608.48,5945.660251
2021-07-03 16:00:00,34608.48,34945.61,34485.49,34745.98,5599.189081
2021-07-03 20:00:00,34745.99,34914.76,34250.48,34669.13,7189.138576
2021-07-04 00:00:00,34669.12,34771.64,34357.15,34641.61,4554.150361
2021-07-04 04:00:00,34641.62,35727.0,34621.41,35600.63,12944.367341
2021-07-04 08:00:00,35603.02,35687.18,35364.21,35512.34,6624.028321
2021-07-04 12:00:00,35512.34,35572.72,35230.76,35513.29,5663.23474
2021-07-04 16:00:00,35513.28,35687.54,35385.0,35575.01,5385.775364
2021-07-04 20:00:00,35575.01,35967.85,35135.0,35286.51,8531.919662
2021-07-05 00:00:00,35288.13,35293.78,34180.18,34350.89,11996.622044
2021-07-05 04:00:00,34351.25,34415.64,34000.0,34256.17,10134.850819
2021-07-05 08:00:00,34257.37,34558.99,33300.0,33379.96,13547.302676
2021-07-05 12:00:00,33379.96,33777.0,33301.22,33585.91,10002.89574
2021-07-05 16:00:00,33585.89,34274.33,33125.55,34117.97,11504.591068
2021-07-05 20:00:00,34117.98,34210.0,33670.01,33690.14,6937.611898
2021-07-06 00:00:00,33690.15,34169.1,33634.76,33920.69,5629.9542
2021-07-06 04:00:00,33920.69,34959.73,33908.09,34874.85,11865.175875
2021-07-06 08:00:00,34874.85,35118.88,33730.0,34067.31,15276.332867
2021-07-06 12:00:00,34067.31,34516.38,33800.01,34042.43,11702.401088
2021-07-06 16:00:00,34042.44,34190.0,33532.0,34019.99,8290.837757
2021-07-06 20:00:00,34019.99,34323.77,33628.81,34220.01,5445.894562
2021-07-07 00:00:00,34220.02,34530.0,33941.0,34446.5,11101.282212
2021-07-07 04:00:00,34445.55,34919.28,34373.02,34710.38,11129.03116
2021-07-07 08:00:00,34710.4,34989.0,34457.11,34827.96,8225.437881
2021-07-07 12:00:00,34827.97,35059.09,34477.13,34528.6,9621.907506
2021-07-07 16:00:00,34528.6,34784.0,34412.43,34628.72,5806.111868
2021-07-07 20:00:00,34628.71,34628.71,33777.77,33862.12,7923.751048
2021-07-08 00:00:00,33862.11,33929.64,33066.0,33305.65,14140.832172
2021-07-08 04:00:00,33305.66,33512.53,32242.07,32487.57,16322.335812
2021-07-08 08:00:00,32487.56,32748.88,32077.0,32696.44,15022.67098
2021-07-08 12:00:00,32696.43,32988.87,32350.0,32900.01,10513.954428
2021-07-08 16:00:00,32900.05,33177.06,32641.36,33003.52,7693.819976
2021-07-08 20:00:00,33002.45,33067.09,32508.0,32875.71,6442.866952
2021-07-09 00:00:00,32875.71,33100.0,32261.07,32941.81,10152.733529
2021-07-09 04:00:00,32941.81,33310.0,32742.0,32910.21,7671.504572
2021-07-09 08:00:00,32902.13,33065.0,32598.0,32774.99,6198.980944
2021-07-09 12:00:00,32774.99,33682.43,32635.08,33558.67,11898.295081
2021-07-09 16:00:00,33558.81,33696.4,33287.0,33445.31,4967.912524
2021-07-09 20:00:00,33445.31,34100.0,33374.83,33815.81,6264.513249
2021-07-10 00:00:00,33815.81,34262.0,33631.0,33800.03,6746.829971
2021-07-10 04:00:00,33800.04,33909.67,33458.84,33766.01,5186.819368
2021-07-10 08:00:00,33766.01,33950.0,33565.0,33793.94,5564.214357
2021-07-10 12:00:00,33793.95,33943.4,33634.16,33862.54,4351.619988
2021-07-10 16:00:00,33862.55,34192.0,33223.31,33409.92,8230.265317
2021-07-10 20:00:00,33411.41,33698.99,33004.78,33502.87,4681.426467
2021-07-11 00:00:00,33502.87,33817.83,33387.72,33448.97,4140.622407
2021-07-11 04:00:00,33448.97,33642.74,33306.47,33508.83,3654.108052
2021-07-11 08:00:00,33508.82,33870.0,33424.84,33814.84,5115.488801
2021-07-11 12:00:00,33814.82,33994.69,33654.36,33948.68,4991.5349
2021-07-11 16:00:00,33948.68,34123.08,33779.68,33894.57,4947.451721
2021-07-11 20:00:00,33894.57,34666.0,33710.94,34258.99,8723.441567
2021-07-12 00:00:00,34259.0,34537.39,34006.92,34447.92,6394.399189
2021-07-12 04:00:00,34447.92,34678.43,34160.39,34281.74,6643.000244
2021-07-12 08:00:00,34281.74,34488.27,33525.66,33530.0,9513.203221
2021-07-12 12:00:00,33530.0,33636.92,33316.2,33337.49,7924.809627
2021-07-12 16:00:00,33337.49,33441.0,32750.0,32822.85,10522.022448
2021-07-12 20:00:00,32822.85,33284.99,32658.34,33086.63,7183.969033
2021-07-13 00:00:00,33086.94,33229.0,32830.98,33071.14,4947.521628
2021-07-13 04:00:00,33071.13,33333.33,32742.01,33180.08,6496.097882
2021-07-13 08:00:00,33180.11,33340.0,32912.29,33042.61,5782.926725
2021-07-13 12:00:00,33042.61,33049.0,32280.0,32790.08,12381.565099
2021-07-13 16:00:00,32791.71,32956.26,32231.42,32309.69,6807.501542
2021-07-13 20:00:00,32309.69,32750.0,32202.25,32729.77,4710.748132
2021-07-14 00:00:00,32729.12,32807.41,31650.61,31830.01,9403.244579
2021-07-14 04:00:00,31830.01,32015.98,31655.83,31920.01,7033.8272
2021-07-14 08:00:00,31920.01,32707.27,31550.0,32451.99,10994.019873
2021-07-14 12:00:00,32450.95,32959.21,32280.0,32786.0,9288.74929
2021-07-14 16:00:00,32786.01,33114.03,32564.44,32729.76,5992.573388
2021-07-14 20:00:00,32729.77,33063.82,32681.0,32820.02,4065.409154
2021-07-15 00:00:00,32820.03,33185.25,32580.12,32641.65,6148.803274
2021-07-15 04:00:00,32641.66,32691.42,32359.65,32469.5,5710.036845
2021-07-15 08:00:00,32468.3,32620.31,31800.0,31880.5,10566.210975
2021-07-15 12:00:00,31880.5,32152.97,31455.0,31677.01,11900.642354
2021-07-15 16:00:00,31678.5,31800.0,31133.0,31533.62,11274.224241
2021-07-15 20:00:00,31538.92,31898.0,31503.35,31880.0,6039.658664
2021-07-16 00:00:00,31874.49,32049.45,31556.95,31914.89,7547.70563
2021-07-16 04:00:00,31914.9,32020.0,31548.15,31774.49,5955.45935
2021-07-16 08:00:00,31779.98,31779.99,31020.0,31086.53,9817.259645
2021-07-16 12:00:00,31086.52,32212.52,31067.43,32127.39,12455.17198
2021-07-16 16:00:00,32127.4,32249.18,31810.0,31911.34,7164.495237
2021-07-16 20:00:00,31911.34,31987.0,31336.98,31383.87,5559.772312
2021-07-17 00:00:00,31383.86,31642.64,31164.31,31306.56,6640.361161
2021-07-17 04:00:00,31306.57,31590.94,31190.0,31513.64,4254.42071
2021-07-17 08:00:00,31513.64,31955.92,31250.0,31391.33,7911.891448
2021-07-17 12:00:00,31391.34,31772.02,31341.16,31764.75,6390.01417
2021-07-17 16:00:00,31763.98,31920.0,31537.0,31834.33,4771.872294
2021-07-17 20:00:00,31834.33,31898.5,31480.66,31520.07,4043.682349
2021-07-18 00:00:00,31520.07,32435.0,31463.0,32166.0,9525.16544
2021-07-18 04:00:00,32166.0,32190.45,31680.01,31712.1,4236.03886
2021-07-18 08:00:00,31712.1,31868.53,31565.58,31801.01,5175.573096
2021-07-18 12:00:00,31801.79,31849.54,31108.97,31365.6,7538.713362
2021-07-18 16:00:00,31365.6,31763.11,31290.0,31643.8,4220.053535
2021-07-18 20:00:00,31642.91,31943.0,31420.0,31778.56,5228.171893
2021-07-19 00:00:00,31778.57,31861.79,31431.87,31541.57,4294.211507
2021-07-19 04:00:00,31541.58,31899.0,31523.28,31604.33,5716.098888
2021-07-19 08:00:00,31604.32,31669.73,31155.0,31265.92,7788.619641
2021-07-19 12:00:00,31267.84,31375.0,30407.44,30687.96,19316.743193
2021-07-19 16:00:00,30687.84,30857.61,30520.01,30744.97,5549.818221
2021-07-19 20:00:00,30744.84,30984.4,30691.72,30839.65,4674.977049
2021-07-20 00:00:00,30839.65,31063.07,29501.0,29600.46,18338.743504
2021-07-20 04:00:00,29600.46,29938.71,29505.95,29821.73,9286.996035
2021-07-20 08:00:00,29821.72,29888.18,29278.0,29692.79,10902.618691
2021-07-20 12:00:00,29693.63,29988.0,29279.13,29888.36,10561.038427
2021-07-20 16:00:00,29890.8,29984.82,29605.0,29780.86,5908.47178
2021-07-20 20:00:00,29780.87,29994.41,29500.0,29790.35,6036.18058
2021-07-21 00:00:00,29790.34,29910.0,29482.61,29845.1,5859.107889
2021-07-21 04:00:00,29845.11,30942.42,29830.51,30817.84,14240.038117
2021-07-21 08:00:00,30817.84,31655.0,30716.37,31534.11,13814.799534
2021-07-21 12:00:00,31534.12,31969.99,31419.6,31933.0,13106.889623
2021-07-21 16:00:00,31934.54,32858.0,31584.52,31627.57,26170.731849
2021-07-21 20:00:00,31627.58,32247.63,31516.3,32144.51,9604.698116
2021-07-22 00:00:00,32144.51,32376.78,31777.0,31929.64,7470.538102
2021-07-22 04:00:00,31929.64,32344.9,31860.0,32129.75,6901.994421
2021-07-22 08:00:00,32129.74,32259.0,31708.0,31913.64,8953.174347
2021-07-22 12:00:00,31913.64,32584.06,31724.39,32504.82,11055.716442
2021-07-22 16:00:00,32504.83,32591.35,32222.0,32376.93,6869.40627
2021-07-22 20:00:00,32376.93,32487.19,32051.85,32287.83,4897.262851
2021-07-23 00:00:00,32287.58,32799.0,32201.02,32594.46,7723.292992
2021-07-23 04:00:00,32592.21,32915.0,32360.67,32490.0,7291.847567
2021-07-23 08:00:00,32489.99,32540.2,32210.0,32296.51,7547.760923
2021-07-23 12:00:00,32296.51,32599.86,32214.32,32315.0,6101.819944
2021-07-23 16:00:00,32314.99,32334.68,31924.32,32248.63,7081.55702
2021-07-23 20:00:00,32248.64,33650.0,32193.06,33634.09,14366.58518
2021-07-24 00:00:00,33634.1,33780.23,33401.14,33669.98,9212.223806
2021-07-24 04:00:00,33669.98,33934.25,33571.73,33806.5,7366.578085
2021-07-24 08:00:00,33806.49,34065.71,33542.4,33867.0,7637.069022
2021-07-24 12:00:00,33867.0,34047.86,33720.01,33847.51,6717.070857
2021-07-24 16:00:00,33847.51,34500.0,33703.73,33846.16,11502.634637
2021-07-24 20:00:00,33846.16,34283.42,33667.01,34258.14,5541.973731
2021-07-25 00:00:00,34261.51,34436.44,33851.12,34160.85,6479.035423
2021-07-25 04:00:00,34160.85,34785.33,34064.71,34695.51,8581.997573
2021-07-25 08:00:00,34695.51,34800.0,34238.56,34399.04,7805.780527
2021-07-25 12:00:00,34399.04,34434.06,33862.45,34174.08,8883.151472
2021-07-25 16:00:00,34174.08,34600.0,34090.63,34353.25,6901.216215
2021-07-25 20:00:00,34353.24,35398.0,34300.0,35381.02,9201.747103
2021-07-26 00:00:00,35381.02,39799.97,35205.78,38283.98,44848.513162
2021-07-26 04:00:00,38283.97,39265.17,37724.03,38150.0,20170.320458
2021-07-26 08:00:00,38149.99,38738.51,37661.7,38473.61,15469.519285
2021-07-26 12:00:00,38473.61,38880.0,37902.0,38562.21,14097.348122
2021-07-26 16:00:00,38562.21,40550.0,38492.31,39365.15,26121.200603
2021-07-26 20:00:00,39361.36,39510.96,36764.93,37237.6,31745.611094
2021-07-27 00:00:00,37241.33,37523.75,36383.0,36823.8,17410.427762
2021-07-27 04:00:00,36823.81,37325.71,36675.34,37115.11,10241.357329
2021-07-27 08:00:00,37115.1,38069.32,36969.52,38064.87,13230.902193
2021-07-27 12:00:00,38064.87,38771.91,37707.66,38209.58,20708.619886
2021-07-27 16:00:00,38209.58,38315.81,37350.0,37800.49,13516.225723
2021-07-27 20:00:00,37800.49,39542.61,37798.02,39457.87,13289.734122
2021-07-28 00:00:00,39456.61,40350.0,38904.11,39817.56,18736.761129
2021-07-28 04:00:00,39817.56,40183.67,39226.76,39895.88,13044.26039
2021-07-28 08:00:00,39897.97,40900.0,39359.21,40750.84,18688.600412
2021-07-28 12:00:00,40750.84,40871.59,39329.4,39689.04,20050.248919
2021-07-28 16:00:00,39689.04,40680.07,38772.0,40388.61,21791.613785
2021-07-28 20:00:00,40388.61,40388.61,39586.2,40019.56,9033.043806
2021-07-29 00:00:00,40019.57,40278.48,39200.0,39609.78,7942.158598
2021-07-29 04:00:00,39609.78,40270.53,39491.99,39934.62,7886.695172
2021-07-29 08:00:00,39935.0,40640.0,39501.78,39769.99,12722.691769
2021-07-29 12:00:00,39769.99,40143.74,39450.0,39939.33,9780.144141
2021-07-29 16:00:00,39939.32,40177.0,39390.0,39659.84,8247.478376
2021-07-29 20:00:00,39659.84,40419.3,39489.55,40016.48,7419.271227
2021-07-30 00:00:00,40018.49,40250.0,39742.59,39969.99,6810.121856
2021-07-30 04:00:00,39969.99,40030.0,39582.96,39726.01,7140.960407
2021-07-30 08:00:00,39726.0,39763.14,38313.23,38642.46,17816.371192
2021-07-30 12:00:00,38650.0,39161.97,38528.6,39073.85,7085.853441
2021-07-30 16:00:00,39072.65,39871.45,38871.74,39853.72,6298.828153
2021-07-30 20:00:00,39860.64,42316.71,39685.0,42206.37,28450.649756
2021-07-31 00:00:00,42206.36,42448.0,41627.6,41810.01,11056.64972
2021-07-31 04:00:00,41810.0,41876.34,41181.0,41540.32,7430.332649
2021-07-31 08:00:00,41540.31,41980.0,41337.02,41592.15,7037.955506
2021-07-31 12:00:00,41592.14,41746.64,41000.15,41537.83,6488.563984
2021-07-31 16:00:00,41535.71,41625.71,41033.0,41303.63,4894.698448
2021-07-31 20:00:00,41303.64,41984.73,41132.51,41461.83,7941.590705
2021-08-01 00:00:00,41461.84,42599.0,41120.0,42435.13,9535.620085
2021-08-01 04:00:00,42430.41,42441.26,41580.0,41701.26,7047.099032
2021-08-01 08:00:00,41701.25,41948.0,41325.0,41587.01,6239.303189
2021-08-01 12:00:00,41587.0,41810.0,41160.0,41286.98,6000.645215
2021-08-01 16:00:00,41286.99,41489.07,40600.0,41263.35,12022.762696
2021-08-01 20:00:00,41263.34,41500.0,39422.01,39845.44,13107.756109
2021-08-02 00:00:00,39850.27,40099.36,39250.0,39785.59,8426.723834
2021-08-02 04:00:00,39785.6,40480.01,39591.51,40104.45,7699.766674
2021-08-02 08:00:00,40104.45,40171.87,39319.0,39542.42,9194.088344
2021-08-02 12:00:00,39542.43,39818.18,38907.51,39705.12,10399.639372
2021-08-02 16:00:00,39705.12,39975.96,39012.17,39177.85,6981.939999
2021-08-02 20:00:00,39177.85,39545.24,38690.0,39147.82,8135.193731
2021-08-03 00:00:00,39146.86,39780.0,38512.0,38655.74,10785.426738
2021-08-03 04:00:00,38658.48,38828.59,37955.52,38593.44,10440.416831
2021-08-03 08:00:00,38593.43,38809.0,38315.0,38490.01,6220.139519
2021-08-03 12:00:00,38490.02,38703.0,37703.75,38169.44,14444.481309
2021-08-03 16:00:00,38169.45,38550.24,37642.03,38011.37,9155.330268
2021-08-03 20:00:00,38008.8,38643.0,37870.0,38207.05,6071.641188
2021-08-04 00:00:00,38207.04,38566.82,37890.54,37976.81,5603.620628
2021-08-04 04:00:00,37976.82,38213.99,37674.18,37828.84,7233.662046
2021-08-04 08:00:00,37828.84,38260.0,37508.56,38160.06,7663.712387
2021-08-04 12:00:00,38160.06,39472.47,38154.32,39302.0,16338.836507
2021-08-04 16:00:00,39302.0,39850.0,39240.2,39752.17,8424.94071
2021-08-04 20:00:00,39752.17,39969.66,39517.19,39723.18,7064.580152
2021-08-05 00:00:00,39723.17,39849.61,39167.0,39435.09,7934.420985
2021-08-05 04:00:00,39438.06,39530.6,38722.0,38870.59,6885.035369
2021-08-05 08:00:00,38870.58,38958.64,37821.0,38008.38,13385.779722
2021-08-05 12:00:00,38008.45,39370.0,37332.7,38750.01,23764.28639
2021-08-05 16:00:00,38750.0,41350.0,38737.31,40692.24,23948.948545
2021-08-05 20:00:00,40692.24,41290.01,40666.1,40862.46,8425.28461
2021-08-06 00:00:00,40862.46,41015.99,39900.39,40219.47,10179.812665
2021-08-06 04:00:00,40219.47,41199.99,39853.86,40729.59,10471.631356
2021-08-06 08:00:00,40731.0,41120.0,40387.77,40507.56,9492.764065
2021-08-06 12:00:00,40507.56,42455.73,40300.0,42199.98,16989.759862
2021-08-06 16:00:00,42199.97,43392.43,42199.97,42901.17,21395.294186
2021-08-06 20:00:00,42901.18,42967.68,42393.02,42836.87,7224.679213
2021-08-07 00:00:00,42836.87,43770.03,42579.16,43691.86,11688.337016
2021-08-07 04:00:00,43691.95,43930.4,43040.0,43207.89,9270.547915
2021-08-07 08:00:00,43207.89,43989.49,43110.01,43800.03,10822.609
2021-08-07 12:00:00,43800.03,44555.0,43000.0,43370.23,18116.37053
2021-08-07 16:00:00,43370.23,44059.21,42446.41,43931.41,12351.125165
2021-08-07 20:00:00,43931.41,44700.0,43470.0,44572.54,11147.751182
2021-08-08 00:00:00,44572.54,44776.0,43785.0,44322.42,10785.358595
2021-08-08 04:00:00,44322.42,45310.0,44155.21,44804.51,14128.836123
2021-08-08 08:00:00,44804.51,45014.45,44071.82,44452.06,10893.161397
2021-08-08 12:00:00,44452.05,45198.27,43737.0,43984.55,13476.96877
2021-08-08 16:00:00,43988.88,44391.35,43261.0,43715.1,11337.282472
2021-08-08 20:00:00,43715.1,44581.0,43541.05,43794.37,8707.485341
2021-08-09 00:00:00,43794.36,43960.84,42779.0,43496.09,9844.910581
2021-08-09 04:00:00,43496.09,43845.39,43234.0,43800.74,6671.890592
2021-08-09 08:00:00,43800.74,46048.5,43600.92,45930.01,19251.354881
2021-08-09 12:00:00,45930.01,46250.0,45254.11,45870.75,15057.743577
2021-08-09 16:00:00,45870.76,46454.15,45671.24,45979.85,10396.795354
2021-08-09 20:00:00,45981.05,46412.99,44900.0,46253.4,13365.18986
2021-08-10 00:00:00,46248.87,46700.0,45629.67,45708.76,8694.648525
2021-08-10 04:00:00,45707.12,46023.92,45300.0,45948.0,6890.965569
2021-08-10 08:00:00,45948.0,46171.42,45192.79,45345.05,9924.832611
2021-08-10 12:00:00,45345.05,46097.99,44856.0,45165.73,12836.707032
2021-08-10 16:00:00,45161.75,45565.18,44589.46,45495.73,8533.184582
2021-08-10 20:00:00,45495.73,45906.54,45233.9,45584.99,6934.305102
2021-08-11 00:00:00,45585.0,45996.77,45341.14,45585.66,6407.599572
2021-08-11 04:00:00,45585.66,46433.67,45434.85,46349.25,8513.74732
2021-08-11 08:00:00,46349.26,46571.42,45850.0,45924.08,8369.542863
2021-08-11 12:00:00,45922.33,46743.47,45800.0,46456.02,12462.447059
2021-08-11 16:00:00,46456.91,46607.94,46205.37,46448.0,7047.21965
2021-08-11 20:00:00,46448.01,46680.0,45510.66,45511.0,9934.345513
2021-08-12 00:00:00,45510.67,46218.12,45392.44,45927.0,6720.179165
2021-08-12 04:00:00,45927.0,46016.57,44833.4,45243.61,12583.542792
2021-08-12 08:00:00,45243.61,45662.74,44600.0,44752.56,9468.949478
2021-08-12 12:00:00,44752.56,44968.29,43920.0,44196.19,12371.793247
2021-08-12 16:00:00,44196.19,44512.2,43770.0,44371.32,8352.499571
2021-08-12 20:00:00,44371.8,44549.99,43855.88,44399.0,5769.144528
2021-08-13 00:00:00,44400.06,44922.0,44217.39,44847.26,4783.844532
2021-08-13 04:00:00,44847.27,46336.0,44847.27,46103.51,7082.20008
2021-08-13 08:00:00,46103.5,46537.15,45959.9,46138.47,10390.653815
2021-08-13 12:00:00,46138.46,46666.0,46128.18,46357.15,8188.778129
2021-08-13 16:00:00,46357.15,46630.0,46222.31,46459.86,5176.565618
2021-08-13 20:00:00,46459.86,47886.0,46390.0,47800.0,12617.328257
2021-08-14 00:00:00,47799.99,47834.12,47382.0,47540.0,5483.032555
2021-08-14 04:00:00,47540.0,47722.98,47430.0,47616.12,4385.839059
2021-08-14 08:00:00,47616.12,48144.0,45971.03,46569.99,17186.760903
2021-08-14 12:00:00,46570.54,46950.0,46100.0,46944.47,8957.03475
2021-08-14 16:00:00,46944.47,47374.67,46568.21,47033.76,5068.16556
2021-08-14 20:00:00,47033.77,47213.88,46331.28,47068.51,5033.526195
2021-08-15 00:00:00,47068.5,47372.27,46802.0,46874.81,4539.142209
2021-08-15 04:00:00,46877.72,46888.0,45519.0,45742.92,8434.007185
2021-08-15 08:00:00,45738.34,46167.26,45555.55,45923.57,7872.99736
2021-08-15 12:00:00,45923.57,46498.89,45500.0,46167.9,7294.920876
2021-08-15 16:00:00,46173.49,46428.21,45649.82,46341.8,6649.779626
2021-08-15 20:00:00,46337.77,47299.15,46254.24,46973.82,7319.864078
2021-08-16 00:00:00,46973.82,48053.83,46741.44,47357.62,11907.638317
2021-08-16 04:00:00,47357.62,47719.3,47182.35,47309.85,6426.573819
2021-08-16 08:00:00,47309.85,47661.38,47000.0,47516.95,7355.614429
2021-08-16 12:00:00,47516.95,47709.12,45951.73,46344.03,13086.394018
2021-08-16 16:00:00,46344.03,46666.0,46067.51,46092.99,5808.063531
2021-08-16 20:00:00,46092.98,46337.62,45660.0,45901.29,7896.2899
2021-08-17 00:00:00,45901.3,46620.0,45239.45,46417.0,8744.882775
2021-08-17 04:00:00,46417.0,46600.0,45636.97,45947.49,6086.361224
2021-08-17 08:00:00,45947.49,47160.0,45885.01,46849.43,10128.561367
2021-08-17 12:00:00,46845.15,47082.6,45659.0,45730.0,10193.438449
2021-08-17 16:00:00,45730.0,46222.4,45287.55,45465.01,9427.521515
2021-08-17 20:00:00,45465.01,45543.44,44376.0,44695.95,12458.576299
2021-08-18 00:00:00,44695.95,45135.4,44203.28,45055.78,12688.753168
2021-08-18 04:00:00,45055.78,45500.0,44853.8,44951.32,7173.931746
2021-08-18 08:00:00,44951.31,45560.0,44650.0,44746.59,7560.814954
2021-08-18 12:00:00,44746.6,45833.0,44650.01,45820.0,9501.557337
2021-08-18 16:00:00,45820.0,46000.0,44772.65,44901.12,10026.757735
2021-08-18 20:00:00,44901.11,45192.89,44401.0,44705.29,7147.601045
2021-08-19 00:00:00,44699.37,45234.56,44044.65,44046.97,8549.993527
2021-08-19 04:00:00,44046.97,44660.9,43927.7,44660.01,8346.719034
2021-08-19 08:00:00,44660.01,45000.0,44175.47,44215.25,7506.522094
2021-08-19 12:00:00,44215.24,45800.0,44123.65,45779.58,11037.742778
2021-08-19 16:00:00,45779.59,46757.01,45405.86,46710.0,11398.806555
2021-08-19 20:00:00,46710.0,47033.0,46340.12,46760.62,6571.969932
2021-08-20 00:00:00,46760.62,47390.0,46622.99,47054.74,8538.716411
2021-08-20 04:00:00,47054.75,47246.39,46700.24,46833.48,7094.041211
2021-08-20 08:00:00,46833.48,47357.67,46720.0,46922.34,7777.970506
2021-08-20 12:00:00,46922.34,48720.29,46888.19,48718.38,15690.235017
2021-08-20 16:00:00,48718.38,49096.34,48289.43,48684.16,10506.215978
2021-08-20 20:00:00,48684.16,49382.99,48598.01,49322.47,7243.173105
2021-08-21 00:00:00,49322.47,49357.62,48670.1,48828.17,5988.240841
2021-08-21 04:00:00,48828.17,48990.0,48555.0,48944.23,5437.245147
2021-08-21 08:00:00,48944.22,49400.0,48222.0,48501.87,12846.817856
2021-08-21 12:00:00,48501.88,49405.52,48434.07,49180.98,8310.731138
2021-08-21 16:00:00,49180.98,49757.04,48765.0,48978.68,9541.764534
2021-08-21 20:00:00,48978.68,49390.0,48806.58,48821.87,4620.337068
2021-08-22 00:00:00,48821.88,49162.51,48601.0,48790.0,4417.151334
2021-08-22 04:00:00,48790.0,49272.7,48781.1,49195.01,4342.589554
2021-08-22 08:00:00,49195.01,49500.0,48900.0,49132.04,5326.14803
2021-08-22 12:00:00,49132.04,49210.93,48050.0,48526.61,10467.491679
2021-08-22 16:00:00,48526.62,48835.83,48168.01,48647.85,5854.0882
2021-08-22 20:00:00,48647.84,49489.73,48239.03,49239.22,6600.418998
2021-08-23 00:00:00,49239.22,50350.0,49070.01,50260.0,13441.309067
2021-08-23 04:00:00,50260.0,50399.0,49952.89,50130.05,8174.355087
2021-08-23 08:00:00,50130.05,50500.0,49975.0,50394.85,8002.953603
2021-08-23 12:00:00,50394.85,50459.93,49309.07,49537.97,9485.367152
2021-08-23 16:00:00,49536.85,49799.55,49077.0,49239.69,7339.681915
2021-08-23 20:00:00,49240.01,49739.37,49029.0,49488.85,6018.87513
2021-08-24 00:00:00,49488.85,49687.49,48776.26,49331.16,7923.343824
2021-08-24 04:00:00,49331.17,49860.0,49166.88,49770.13,5458.242307
2021-08-24 08:00:00,49770.13,49846.0,49060.0,49429.99,5786.181979
2021-08-24 12:00:00,49430.0,49455.92,48210.98,48310.74,13886.15055
2021-08-24 16:00:00,48310.73,48422.12,47749.1,48243.2,12715.715601
2021-08-24 20:00:00,48243.2,48404.19,47600.0,47674.01,5244.960487
2021-08-25 00:00:00,47674.01,48290.2,47652.36,47975.93,5408.664878
2021-08-25 04:00:00,47975.93,48603.84,47886.12,48144.58,5616.392781
2021-08-25 08:00:00,48144.58,48169.43,47126.28,47570.01,11569.056612
2021-08-25 12:00:00,47570.01,48900.0,47324.99,48822.49,11053.843256
2021-08-25 16:00:00,48817.41,49172.58,48507.71,48652.14,6574.337584
2021-08-25 20:00:00,48652.13,49264.3,48601.47,48973.32,4433.535231
2021-08-26 00:00:00,48973.32,49352.84,47829.61,47911.79,7176.710672
2021-08-26 04:00:00,47911.8,48055.55,46560.01,46891.75,13514.968238
2021-08-26 08:00:00,46891.75,47206.46,46693.68,46835.89,7402.54778
2021-08-26 12:00:00,46835.9,47431.17,46250.0,46800.0,10767.297564
2021-08-26 16:00:00,46800.0,47123.65,46485.16,46939.75,5881.19632
2021-08-26 20:00:00,46934.22,47439.0,46818.0,46843.87,4628.5572
2021-08-27 00:00:00,46843.86,47665.48,46348.0,46822.23,8396.959985
2021-08-27 04:00:00,46822.24,47546.18,46572.36,47483.44,5592.40981
2021-08-27 08:00:00,47479.77,47794.96,46989.48,47453.83,6809.299827
2021-08-27 12:00:00,47453.82,48451.51,47032.63,48184.67,10227.865521
2021-08-27 16:00:00,48184.66,48546.42,47969.42,48293.69,4628.336331
2021-08-27 20:00:00,48293.68,49149.93,48155.0,49069.9,6413.233491
2021-08-28 00:00:00,49069.9,49299.0,48835.0,48852.99,5599.988315
2021-08-28 04:00:00,48853.0,49079.84,48626.49,48950.0,3827.233521
2021-08-28 08:00:00,48949.03,49072.07,48627.31,48674.72,3988.09609
2021-08-28 12:00:00,48670.48,49200.0,48346.88,48811.12,6049.60441
2021-08-28 16:00:00,48811.12,49172.31,48500.0,48651.93,4272.79771
2021-08-28 20:00:00,48651.94,48975.16,48578.29,48895.35,2943.34374
2021-08-29 00:00:00,48895.35,49632.27,48067.53,48227.31,9312.334933
2021-08-29 04:00:00,48223.59,48600.0,47762.54,48480.1,5486.31901
2021-08-29 08:00:00,48480.11,48650.84,48140.0,48159.98,4379.4138
2021-08-29 12:00:00,48159.98,48561.46,48105.03,48474.95,4372.83599
2021-08-29 16:00:00,48474.96,48877.88,48329.22,48799.27,4036.23087
2021-08-29 20:00:00,48799.28,49385.42,48366.71,48767.83,5065.14887
2021-08-30 00:00:00,48767.84,48888.61,47803.0,47964.04,6018.32368
2021-08-30 04:00:00,47964.02,48139.63,47610.6,47930.4,6181.847
2021-08-30 08:00:00,47933.16,48200.0,47620.05,47902.76,4820.49197
2021-08-30 12:00:00,47902.76,48089.3,47370.0,48019.64,7559.22764
2021-08-30 16:00:00,48012.78,48620.0,47956.63,48619.99,6266.5895
2021-08-30 20:00:00,48619.99,48696.87,46853.0,46982.91,9441.87104
2021-08-31 00:00:00,46982.91,47220.97,46700.0,47150.68,6898.22753
2021-08-31 04:00:00,47150.68,47900.0,46823.88,47761.26,9209.43345
2021-08-31 08:00:00,47761.26,48072.92,47137.0,47969.51,9880.631
2021-08-31 12:00:00,47969.51,48246.11,47180.0,47397.13,10324.27303
2021-08-31 16:00:00,47397.13,47568.85,47001.0,47300.01,6866.89516
2021-08-31 20:00:00,47300.0,47345.0,46744.57,47100.89,5466.0672
2021-09-01 00:00:00,47100.89,47321.42,46512.0,47043.65,7128.97958
2021-09-01 04:00:00,47043.65,47473.28,46969.56,47171.01,6205.34752
2021-09-01 08:00:00,47171.0,47770.0,47111.25,47713.31,7612.40837
2021-09-01 12:00:00,47713.3,47836.69,47252.0,47488.49,6777.92384
2021-09-01 16:00:00,47488.5,49156.0,47386.66,48150.0,15849.59515
2021-09-01 20:00:00,48147.25,48873.89,48096.68,48810.52,6330.40082
2021-09-02 00:00:00,48810.51,49870.0,48584.06,49561.24,11028.247159
2021-09-02 04:00:00,49557.88,50450.0,49303.48,49846.27,12262.84173
2021-09-02 08:00:00,49846.27,50199.0,49658.99,50072.61,8623.30222
2021-09-02 12:00:00,50072.61,50450.13,49244.35,49540.7,11974.66263
2021-09-02 16:00:00,49540.7,49744.83,49186.0,49340.05,5833.803719
2021-09-02 20:00:00,49340.06,49841.41,49224.92,49246.64,4687.91308
2021-09-03 00:00:00,49246.63,49500.0,48316.84,49476.83,9336.84172
2021-09-03 04:00:00,49476.83,49755.0,49215.81,49305.11,6668.98575
2021-09-03 08:00:00,49305.1,50485.0,49255.57,50168.54,13547.575416
2021-09-03 12:00:00,50168.55,51000.0,49888.24,50550.44,16777.762891
2021-09-03 16:00:00,50550.45,50720.0,50210.67,50528.49,6390.71132
2021-09-03 20:00:00,50528.5,50534.32,49570.0,49999.14,6303.76706
2021-09-04 00:00:00,49998.0,50350.47,49575.83,50277.43,6895.14888
2021-09-04 04:00:00,50282.19,50463.08,50109.04,50187.29,4033.14493
2021-09-04 08:00:00,50187.3,50535.69,49690.0,49902.94,7042.20582
2021-09-04 12:00:00,49902.94,50317.05,49750.0,49873.53,5614.87961
2021-09-04 16:00:00,49873.52,50043.49,49370.0,49974.82,7100.86741
2021-09-04 20:00:00,49974.83,50262.95,49724.22,49915.64,3978.41294
2021-09-05 00:00:00,49917.54,50299.31,49657.14,49663.21,5414.50575
2021-09-05 04:00:00,49663.22,50040.01,49450.0,49857.14,4034.78376
2021-09-05 08:00:00,49857.14,50390.01,49810.0,50198.78,6112.69667
2021-09-05 12:00:00,50198.78,50494.11,50014.21,50214.95,6630.40633
2021-09-05 16:00:00,50214.95,50875.08,50120.0,50684.56,6604.24031
2021-09-05 20:00:00,50684.56,51900.0,50636.1,51756.88,11748.203053
2021-09-06 00:00:00,51756.88,51943.28,51447.89,51595.29,7857.354731
2021-09-06 04:00:00,51595.29,51994.37,51550.0,51796.19,6294.825556
2021-09-06 08:00:00,51796.18,52188.8,51282.05,51400.67,10261.810312
2021-09-06 12:00:00,51400.68,51721.94,50969.33,51604.45,10140.7507
2021-09-06 16:00:00,51604.45,52032.74,51478.63,51715.39,6004.11446
2021-09-06 20:00:00,51715.4,52780.0,51625.98,52663.9,8690.811322
2021-09-07 00:00:00,52666.2,52920.0,52336.1,52654.16,8318.747269
2021-09-07 04:00:00,52654.16,52731.0,52061.42,52344.08,8185.53027
2021-09-07 08:00:00,52344.08,52366.46,50402.0,50941.48,21065.57562
2021-09-07 12:00:00,50943.75,51124.91,42843.05,46656.07,51548.53954
2021-09-07 16:00:00,46656.07,47544.93,45901.57,46694.59,22952.37696
2021-09-07 20:00:00,46691.58,47186.3,46080.01,46863.73,10978.03306
2021-09-08 00:00:00,46868.57,47340.99,46234.29,46450.41,8904.31343
2021-09-08 04:00:00,46450.4,46825.5,45007.0,45080.3,14682.06849
2021-09-08 08:00:00,45075.72,46780.0,44412.02,46394.09,15065.44703
2021-09-08 12:00:00,46394.82,46900.0,45583.0,46087.35,11266.12913
2021-09-08 16:00:00,46082.9,46530.0,45860.01,46436.32,7256.39211
2021-09-08 20:00:00,46436.31,46779.0,45827.9,46048.31,7894.96501
2021-09-09 00:00:00,46048.31,46374.23,45513.08,46001.11,8605.4181
2021-09-09 04:00:00,46001.16,46358.4,45883.42,46275.0,6151.77364
2021-09-09 08:00:00,46275.01,46560.0,45888.38,46293.15,8545.31646
2021-09-09 12:00:00,46293.15,47240.68,45599.0,47001.65,14521.52255
2021-09-09 16:00:00,47001.65,47399.97,46460.87,46574.75,7770.68838
2021-09-09 20:00:00,46567.2,46646.56,46051.21,46395.14,5056.94089
2021-09-10 00:00:00,46395.14,47033.0,46262.01,46719.71,5689.64539
2021-09-10 04:00:00,46719.71,46817.99,45900.0,46160.55,5969.19518
2021-09-10 08:00:00,46160.55,46390.0,45623.44,46331.86,8193.87823
2021-09-10 12:00:00,46331.85,46494.99,44738.9,45420.86,14611.95083
2021-09-10 16:00:00,45420.86,45819.93,45308.0,45649.78,5725.57159
2021-09-10 20:00:00,45649.78,45831.0,44132.29,44850.91,8858.02496
2021-09-11 00:00:00,44842.2,45498.27,44722.22,45191.88,5650.93156
2021-09-11 04:00:00,45191.89,45469.85,44765.52,45043.97,5038.67848
2021-09-11 08:00:00,45043.97,45727.49,44835.29,45555.04,5331.4367
2021-09-11 12:00:00,45555.68,45796.93,45379.64,45573.99,5047.10519
2021-09-11 16:00:00,45573.99,45987.93,45300.0,45357.06,4719.55798
2021-09-11 20:00:00,45360.57,45450.0,44974.79,45173.69,4652.69819
2021-09-12 00:00:00,45173.68,45343.6,44742.06,45316.28,4635.71867
2021-09-12 04:00:00,45316.27,45500.0,45044.0,45357.02,3522.64987
2021-09-12 08:00:00,45357.03,46200.0,45301.1,46085.9,6736.69852
2021-09-12 12:00:00,46085.91,46270.56,45738.0,45886.99,5089.16633
2021-09-12 16:00:00,45890.61,46146.89,45761.01,45902.87,3785.11755
2021-09-12 20:00:00,45902.87,46460.0,44900.0,46025.24,8324.92958
2021-09-13 00:00:00,46025.23,46285.71,44555.0,44617.79,7721.53199
2021-09-13 04:00:00,44614.68,44974.19,44174.0,44470.63,10989.21011
2021-09-13 08:00:00,44470.62,44915.0,44164.2,44859.24,7892.97006
2021-09-13 12:00:00,44859.24,46880.0,43370.0,44361.31,27611.11864
2021-09-13 16:00:00,44361.97,44813.55,44167.01,44741.66,5671.80843
2021-09-13 20:00:00,44741.66,45500.0,44738.34,44940.73,5542.51133
2021-09-14 00:00:00,44940.72,45363.93,44594.44,45186.85,4877.5854
2021-09-14 04:00:00,45186.85,45881.6,45050.1,45720.02,5916.80911
2021-09-14 08:00:00,45720.03,46178.43,45678.01,45973.8,6091.2912
2021-09-14 12:00:00,45973.79,46950.0,45756.16,46754.42,14039.98199
2021-09-14 16:00:00,46754.43,46888.88,46331.01,46474.89,6409.45768
2021-09-14 20:00:00,46474.89,47250.0,46376.99,47111.52,7520.72561
2021-09-15 00:00:00,47103.28,47470.0,46938.22,47075.48,6911.96233
2021-09-15 04:00:00,47075.47,47221.54,46682.32,47172.84,5207.3479
2021-09-15 08:00:00,47172.84,47699.0,47013.0,47560.74,8309.40418
2021-09-15 12:00:00,47560.74,48370.31,47282.79,48288.0,10871.62302
2021-09-15 16:00:00,48287.99,48429.87,47835.36,48075.44,6856.3697
2021-09-15 20:00:00,48075.44,48500.0,47900.0,48121.41,5048.00461
2021-09-16 00:00:00,48121.4,48192.06,47337.58,47615.08,6407.16725
2021-09-16 04:00:00,47615.07,48557.0,47583.11,48343.52,7276.32651
2021-09-16 08:00:00,48343.52,48356.01,47623.0,47895.01,6226.87578
2021-09-16 12:00:00,47895.01,48226.38,47211.35,48020.24,9701.90295
2021-09-16 16:00:00,48020.24,48166.66,47269.0,47430.01,5841.94413
2021-09-16 20:00:00,47430.0,47942.41,47021.1,47737.82,5270.87233
2021-09-17 00:00:00,47737.81,48094.26,47450.44,47899.83,4491.37281
2021-09-17 04:00:00,47899.83,48150.0,47652.51,47719.73,4715.21167
2021-09-17 08:00:00,47719.73,47989.2,47278.9,47403.56,7268.21283
2021-09-17 12:00:00,47403.56,47656.35,47126.1,47527.52,5877.18909
2021-09-17 16:00:00,47527.52,47730.0,46750.47,47501.68,6326.06222
2021-09-17 20:00:00,47501.68,47578.94,46699.56,47299.98,5783.87914
2021-09-18 00:00:00,47299.98,47987.49,47035.56,47924.57,4564.24787
2021-09-18 04:00:00,47924.57,48843.2,47919.91,48622.01,8849.32858
2021-09-18 08:00:00,48622.01,48824.54,48315.0,48367.16,4347.69693
2021-09-18 12:00:00,48367.16,48680.0,48249.16,48414.99,4221.61261
2021-09-18 16:00:00,48414.99,48518.99,48062.63,48266.0,4165.11167
2021-09-18 20:00:00,48266.0,48369.37,47800.51,48292.74,4758.47272
2021-09-19 00:00:00,48292.75,48372.83,47591.83,47844.88,4170.98666
2021-09-19 04:00:00,47844.88,48218.97,47763.85,48157.7,3117.57714
2021-09-19 08:00:00,48157.7,48333.0,47180.32,47327.73,5995.99762
2021-09-19 12:00:00,47327.73,47770.0,47069.01,47646.72,6346.43387
2021-09-19 16:00:00,47646.71,47785.0,47287.91,47376.72,5378.87167
2021-09-19 20:00:00,47376.72,47666.01,46829.18,47241.75,4837.37653
2021-09-20 00:00:00,47241.75,47347.25,45100.0,45542.76,11683.83842
2021-09-20 04:00:00,45542.75,45836.85,44444.0,44824.89,9579.41183
2021-09-20 08:00:00,44830.01,45295.0,43240.33,43739.75,15247.64765
2021-09-20 12:00:00,43734.0,44135.0,42500.0,43844.88,22074.614233
2021-09-20 16:00:00,43844.88,44250.0,42888.0,43850.25,10676.93011
2021-09-20 20:00:00,43850.26,43968.67,42551.11,43015.62,8741.0822
2021-09-21 00:00:00,43016.64,43111.0,40200.0,42683.01,20365.747353
2021-09-21 04:00:00,42683.02,43340.0,42172.24,43301.07,8293.19432
2021-09-21 08:00:00,43301.08,43639.0,43050.0,43288.97,7323.01912
2021-09-21 12:00:00,43288.97,43550.0,42146.13,43072.81,11221.80392
2021-09-21 16:00:00,43072.81,43295.66,41502.0,42013.63,13878.37868
2021-09-21 20:00:00,42010.81,42331.87,39600.0,40734.38,23451.937092
2021-09-22 00:00:00,40734.09,42420.75,40565.39,42052.09,13526.93267
2021-09-22 04:00:00,42055.55,42749.4,41820.01,42540.0,7657.75003
2021-09-22 08:00:00,42541.23,42618.55,41841.46,41928.32,6889.14338
2021-09-22 12:00:00,41928.31,43296.0,41874.65,43222.96,10768.58855
2021-09-22 16:00:00,43222.96,44000.55,42855.01,43384.9,13704.78238
2021-09-22 20:00:00,43384.93,43673.42,43006.0,43543.61,5801.85841
2021-09-23 00:00:00,43546.37,44191.42,43069.09,44074.57,7741.41519
2021-09-23 04:00:00,44074.58,44386.6,43685.8,44229.99,6362.4226
2021-09-23 08:00:00,44229.99,44297.25,43361.0,43648.15,8152.76247
2021-09-23 12:00:00,43648.15,44258.11,43394.0,43747.63,9131.24163
2021-09-23 16:00:00,43747.63,44936.77,43602.0,44767.57,10931.03585
2021-09-23 20:00:00,44767.56,44978.0,44358.0,44865.26,6380.69881
2021-09-24 00:00:00,44865.26,44978.53,44205.0,44283.03,7011.65212
2021-09-24 04:00:00,44283.04,45200.0,43889.64,44818.46,10084.459992
2021-09-24 08:00:00,44818.46,45075.0,40675.0,41527.5,33100.37868
2021-09-24 12:00:00,41527.5,42679.93,40843.82,41944.01,20639.50633
2021-09-24 16:00:00,41944.0,42533.47,41742.01,42371.43,6655.70748
2021-09-24 20:00:00,42371.43,43200.0,42303.78,42810.57,6621.72169
2021-09-25 00:00:00,42810.58,42950.0,42024.54,42608.11,6133.287
2021-09-25 04:00:00,42608.11,42860.94,42206.43,42372.02,4331.38383
2021-09-25 08:00:00,42369.52,42966.84,41646.28,42485.03,9016.89021
2021-09-25 12:00:00,42485.03,42765.54,42156.33,42669.96,6500.17226
2021-09-25 16:00:00,42669.97,42813.34,42348.39,42665.95,4643.97139
2021-09-25 20:00:00,42665.95,42808.29,42375.0,42670.64,2968.8672
2021-09-26 00:00:00,42670.63,42735.05,41904.02,42212.4,6281.36443
2021-09-26 04:00:00,42212.41,42302.79,40750.0,41231.34,8923.43529
2021-09-26 08:00:00,41227.07,43746.9,41037.13,43063.57,16196.41116
2021-09-26 12:00:00,43063.57,43467.22,43063.57,43343.73,6836.45864
2021-09-26 16:00:00,43343.73,43543.99,43078.33,43252.54,5061.38959
2021-09-26 20:00:00,43255.32,43950.0,42673.67,43160.9,6580.93854
2021-09-27 00:00:00,43160.9,44350.0,42933.0,44038.75,7631.49537
2021-09-27 04:00:00,44038.74,44250.0,43662.0,43688.03,5042.54367
2021-09-27 08:00:00,43685.34,44129.28,43367.57,43747.69,6312.56101
2021-09-27 12:00:00,43747.68,44089.75,43045.53,43293.26,8097.29964
2021-09-27 16:00:00,43293.27,43416.42,42850.0,43011.82,6042.74948
2021-09-27 20:00:00,43011.82,43400.0,42098.0,42147.35,6650.19466
2021-09-28 00:00:00,42147.35,42703.65,41942.0,42558.4,6135.42718
2021-09-28 04:00:00,42558.41,42787.38,41650.0,41775.25,6587.71759
2021-09-28 08:00:00,41777.79,42174.26,41514.12,42101.49,8390.10412
2021-09-28 12:00:00,42105.61,42593.69,41278.49,41447.18,10870.85097
2021-09-28 16:00:00,41447.18,41763.97,41115.0,41601.99,6244.9725
2021-09-28 20:00:00,41601.8,42017.33,40888.0,41026.54,5143.19004
2021-09-29 00:00:00,41025.01,42274.76,40753.88,42199.99,7546.17963
2021-09-29 04:00:00,42199.99,42476.26,42000.0,42450.25,3870.2589
2021-09-29 08:00:00,42442.0,42500.0,42000.0,42399.98,4019.72227
2021-09-29 12:00:00,42399.98,42590.0,41619.99,41698.98,7424.90548
2021-09-29 16:00:00,41698.97,41824.01,41052.4,41207.86,5907.52309
2021-09-29 20:00:00,41207.87,41580.67,40900.0,41524.28,4742.9455
2021-09-30 00:00:00,41524.29,43729.68,41410.17,43591.23,10700.82651
2021-09-30 04:00:00,43591.24,43830.0,43217.16,43286.88,5896.65545
2021-09-30 08:00:00,43286.88,43446.77,42697.01,43072.29,7385.82971
2021-09-30 12:00:00,43072.29,43777.0,42850.0,43149.02,9589.71375
2021-09-30 16:00:00,43149.02,44141.37,42819.86,43532.31,8533.13649
2021-09-30 20:00:00,43532.32,43915.89,43100.0,43824.1,4275.0659
2021-10-01 00:00:00,43820.01,44059.0,43283.03,43635.79,5635.94634
2021-10-01 04:00:00,43635.79,44836.0,43456.46,44788.42,8500.0692
2021-10-01 08:00:00,44788.42,47786.7,44700.0,47488.08,21685.65842
2021-10-01 12:00:00,47488.07,47886.11,46763.68,47363.68,14747.75492
2021-10-01 16:00:00,47363.69,48190.0,47232.98,48030.0,8403.11668
2021-10-01 20:00:00,48029.99,48495.0,47710.01,48141.61,7272.32936
2021-10-02 00:00:00,48141.6,48224.01,47443.98,47520.84,6138.50236
2021-10-02 04:00:00,47520.84,47900.0,47430.18,47725.01,4435.01689
2021-10-02 08:00:00,47725.0,47899.01,47478.44,47683.45,3471.37761
2021-10-02 12:00:00,47683.46,48336.59,47616.8,47828.52,7082.00484
2021-10-02 16:00:00,47831.94,48267.0,47650.0,48239.99,4984.54689
2021-10-02 20:00:00,48240.0,48300.0,47500.0,47634.9,4397.53272
2021-10-03 00:00:00,47634.89,47963.0,47088.0,47898.66,5228.21154
2021-10-03 04:00:00,47894.44,48100.0,47788.34,47895.99,2555.92029
2021-10-03 08:00:00,47896.0,48048.0,47600.0,47974.86,3925.68937
2021-10-03 12:00:00,47974.86,48150.0,47799.18,47879.82,4201.8022
2021-10-03 16:00:00,47879.81,49228.08,47821.96,48774.76,8607.23932
2021-10-03 20:00:00,48774.76,48837.88,47601.89,48200.01,6306.19329
2021-10-04 00:00:00,48200.01,48280.71,47336.0,47468.79,5884.57398
2021-10-04 04:00:00,47468.79,47865.51,47234.21,47838.54,4578.42683
2021-10-04 08:00:00,47838.54,47962.51,47352.77,47585.85,4662.09258
2021-10-04 12:00:00,47585.84,48500.0,46891.0,47758.23,10791.88677
2021-10-04 16:00:00,47758.22,49536.12,47694.41,49380.0,14116.14153
2021-10-04 20:00:00,49380.0,49498.78,48556.09,49224.94,6763.37203
2021-10-05 00:00:00,49224.93,49799.0,49022.4,49306.68,6864.56149
2021-10-05 04:00:00,49306.68,49664.14,49088.0,49476.51,4989.66359
2021-10-05 08:00:00,49476.52,50350.0,49376.06,49877.06,10294.60776
2021-10-05 12:00:00,49877.06,50388.0,49575.94,49793.57,9995.23455
2021-10-05 16:00:00,49793.57,51388.0,49640.36,51190.11,10381.58737
2021-10-05 20:00:00,51190.11,51886.3,51104.47,51471.99,9600.01317
2021-10-06 00:00:00,51471.99,51600.0,50917.73,51513.81,6868.6122
2021-10-06 04:00:00,51512.13,51828.0,51088.0,51449.99,9945.20825
2021-10-06 08:00:00,51450.0,51500.0,50382.41,51306.56,14543.35572
2021-10-06 12:00:00,51306.57,55555.0,51259.84,54984.19,29280.489007
2021-10-06 16:00:00,54984.2,55109.67,54446.54,55049.99,10656.02466
2021-10-06 20:00:00,55049.99,55750.0,54812.0,55315.0,8583.855344
2021-10-07 00:00:00,55315.0,55332.31,54112.0,54810.94,9577.20435
2021-10-07 04:00:00,54810.93,55237.04,54235.33,54755.92,9647.56154
2021-10-07 08:00:00,54755.91,54778.91,53786.13,54305.54,10697.6879
2021-10-07 12:00:00,54305.53,54700.0,53357.0,53899.99,12060.71474
2021-10-07 16:00:00,53902.39,54330.0,53400.0,53962.76,7836.33158
2021-10-07 20:00:00,53962.75,54640.3,53607.27,53785.22,5097.87755
2021-10-08 00:00:00,53785.22,54429.99,53691.02,53815.22,5375.83993
2021-10-08 04:00:00,53815.21,54967.97,53617.61,54829.39,8039.6728
2021-10-08 08:00:00,54829.38,56100.0,54753.66,55242.72,13260.47223
2021-10-08 12:00:00,55242.71,55300.0,54024.84,54324.84,9801.73911
2021-10-08 16:00:00,54324.83,54700.0,54042.38,54686.48,4641.59746
2021-10-08 20:00:00,54686.48,54774.35,53775.83,53951.43,5040.93632
2021-10-09 00:00:00,53955.67,54699.0,53661.67,54560.58,4885.17671
2021-10-09 04:00:00,54562.58,55100.0,54384.27,54917.55,4846.20259
2021-10-09 08:00:00,54917.56,55340.3,54490.55,54792.68,10880.54655
2021-10-09 12:00:00,54792.68,55489.0,54792.68,54977.29,12974.62361
2021-10-09 16:00:00,54977.29,55149.96,54592.21,54656.81,11444.01939
2021-10-09 20:00:00,54656.81,55165.0,54323.0,54949.72,10146.51128
2021-10-10 00:00:00,54949.72,55199.0,54080.0,55049.15,13788.55433
2021-10-10 04:00:00,55049.16,56074.43,54850.0,55668.81,15429.10845
2021-10-10 08:00:00,55668.81,55928.0,54680.0,55144.99,14352.73087
2021-10-10 12:00:00,55145.0,55551.38,54638.0,55373.01,12625.99494
2021-10-10 16:00:00,55370.28,55523.36,55000.0,55450.25,11798.42221
2021-10-10 20:00:00,55450.25,56561.31,54333.85,54659.0,21243.025328
2021-10-11 00:00:00,54659.01,56750.0,54415.06,56507.09,13331.562059
2021-10-11 04:00:00,56505.05,57049.0,56142.85,56789.76,8050.995249
2021-10-11 08:00:00,56789.76,56879.95,55862.78,56407.51,7651.44583
2021-10-11 12:00:00,56406.68,57678.0,56092.33,57490.18,11163.009556
2021-10-11 16:00:00,57490.17,57839.04,57168.67,57488.33,6722.160367
2021-10-11 20:00:00,57488.33,57506.84,56800.0,57471.35,6013.99269
2021-10-12 00:00:00,57471.35,57471.35,56400.0,56711.35,7661.14666
2021-10-12 04:00:00,56711.36,57680.0,56558.0,57342.79,6572.08788
2021-10-12 08:00:00,57342.79,57618.99,56680.0,57240.14,7093.9373
2021-10-12 12:00:00,57240.14,57450.0,56010.0,56303.2,11228.66882
2021-10-12 16:00:00,56300.66,56376.74,55154.72,55329.78,9244.17275
2021-10-12 20:00:00,55329.78,56548.99,53879.0,55996.93,11671.27209
2021-10-13 00:00:00,55996.91,56599.99,55825.9,56277.78,5980.76846
2021-10-13 04:00:00,56277.79,56365.0,54562.34,54612.61,10682.25936
2021-10-13 08:00:00,54612.6,55295.7,54167.19,55210.79,9667.88324
2021-10-13 12:00:00,55210.8,56440.75,54521.74,56168.85,10626.72608
2021-10-13 16:00:00,56168.85,57300.0,56072.75,57259.77,10095.6927
2021-10-13 20:00:00,57259.77,57777.0,56607.27,57367.0,8755.11508
2021-10-14 00:00:00,57370.83,58532.54,57138.72,58065.99,8883.242761
2021-10-14 04:00:00,58065.99,58169.99,57333.33,57367.3,6072.24549
2021-10-14 08:00:00,57367.3,58150.0,57189.0,57622.42,7588.26582
2021-10-14 12:00:00,57622.42,57986.2,56947.59,57331.31,8973.34822
2021-10-14 16:00:00,57331.3,58086.98,56818.05,57833.12,8438.51013
2021-10-14 20:00:00,57833.11,57867.11,57207.89,57347.94,3097.72436
2021-10-15 00:00:00,57347.94,59453.75,56850.0,59431.71,14605.267521
2021-10-15 04:00:00,59431.7,59998.0,59142.86,59231.5,12301.34388
2021-10-15 08:00:00,59231.5,59537.61,58739.17,59527.99,10325.42444
2021-10-15 12:00:00,59527.99,60361.5,59187.66,60038.36,13521.040306
2021-10-15 16:00:00,60038.36,61880.0,60001.91,61446.32,16551.78547
2021-10-15 20:00:00,61446.33,62933.0,60797.01,61672.42,15208.046405
2021-10-16 00:00:00,61672.42,61771.65,61120.0,61655.99,5588.91891
2021-10-16 04:00:00,61655.99,62378.42,61551.31,61733.96,5511.08148
2021-10-16 08:00:00,61733.96,62062.55,61324.79,61597.26,7202.4555
2021-10-16 12:00:00,61597.26,61605.81,60398.73,60941.04,9088.29165
2021-10-16 16:00:00,60941.04,61215.64,60150.0,60834.34,4907.47821
2021-10-16 20:00:00,60834.34,61300.0,60500.0,60875.57,3169.65521
2021-10-17 00:00:00,60875.57,61405.94,60475.76,61115.85,4503.40157
2021-10-17 04:00:00,61115.86,61249.93,60299.33,60329.54,4069.74115
2021-10-17 08:00:00,60329.54,61465.9,60322.85,60939.89,5326.37044
2021-10-17 12:00:00,60939.9,61326.64,60471.97,60764.12,5810.58981
2021-10-17 16:00:00,60764.13,61080.0,60379.56,60519.48,4656.47754
2021-10-17 20:00:00,60519.48,61718.39,58963.0,61528.33,14732.66073
2021-10-18 00:00:00,61528.32,62578.91,61406.27,62123.87,8220.86368
2021-10-18 04:00:00,62123.87,62695.78,61775.38,61885.42,6750.25829
2021-10-18 08:00:00,61885.43,62464.01,60579.02,60933.04,12454.28811
2021-10-18 12:00:00,60933.04,62213.73,59844.45,62003.03,12595.9375
2021-10-18 16:00:00,62003.04,62377.73,61034.05,61434.63,7528.58488
2021-10-18 20:00:00,61434.64,62104.72,61106.4,62009.84,4248.51598
2021-10-19 00:00:00,62005.6,62998.0,61526.62,62588.86,7508.172578
2021-10-19 04:00:00,62588.86,62820.2,61986.85,62297.06,5250.26051
2021-10-19 08:00:00,62297.06,62574.42,61743.61,62128.39,4998.06071
2021-10-19 12:00:00,62128.39,63278.61,61322.22,62395.99,15480.664616
2021-10-19 16:00:00,62395.99,64299.0,62311.02,64177.15,12224.148546
2021-10-19 20:00:00,64170.58,64486.0,63590.0,64280.59,8166.800784
2021-10-20 00:00:00,64280.59,64375.34,63699.6,63844.67,4421.06348
2021-10-20 04:00:00,63844.67,64200.69,63481.4,63999.97,4506.02577
2021-10-20 08:00:00,63999.98,64250.0,63697.69,63791.1,5587.8766
2021-10-20 12:00:00,63788.0,67000.0,63760.0,66875.83,21709.686576
2021-10-20 16:00:00,66875.84,66940.73,66104.32,66397.59,9104.12272
2021-10-20 20:00:00,66397.6,66444.47,65462.0,66001.41,6100.15971
2021-10-21 00:00:00,66001.4,66033.64,64062.82,65069.02,12539.65522
2021-10-21 04:00:00,65069.03,65272.86,64142.01,65100.7,7102.10672
2021-10-21 08:00:00,65100.7,66639.74,64175.0,64827.9,14228.5991
2021-10-21 12:00:00,64836.51,65599.98,62000.0,62971.2,17711.78395
2021-10-21 16:00:00,62971.2,63645.1,62188.0,62802.07,9884.06493
2021-10-21 20:00:00,62801.57,63186.94,62000.0,62193.15,7072.43545
2021-10-22 00:00:00,62193.15,63351.02,62000.0,63237.9,8679.71549
2021-10-22 04:00:00,63237.9,63408.85,62464.6,63371.33,5983.72378
2021-10-22 08:00:00,63371.33,63732.39,62874.71,63376.8,5893.024
2021-10-22 12:00:00,63376.81,63709.5,60478.1,60690.94,15905.74758
2021-10-22 16:00:00,60690.94,61390.07,60000.0,61032.7,11382.27047
2021-10-22 20:00:00,61032.71,61240.0,60129.63,60688.22,4274.87754
2021-10-23 00:00:00,60688.23,61258.43,60358.0,61236.52,3404.13572
2021-10-23 04:00:00,61236.52,61567.11,60705.0,60880.0,3607.88079
2021-10-23 08:00:00,60879.99,61688.0,59562.15,61552.23,8286.33783
2021-10-23 12:00:00,61552.24,61747.64,60710.36,61446.87,5316.14998
2021-10-23 16:00:00,61449.99,61632.29,60902.0,61008.02,4089.6252
2021-10-23 20:00:00,61008.02,61455.27,60817.46,61286.75,2922.80726
2021-10-24 00:00:00,61286.75,61500.0,60820.0,61227.76,2871.84386
2021-10-24 04:00:00,61227.77,61250.0,60572.2,60687.82,2680.90126
2021-10-24 08:00:00,60687.82,61273.69,60157.14,60281.0,5295.28095
2021-10-24 12:00:00,60281.0,60848.18,59632.47,59859.97,9430.60011
2021-10-24 16:00:00,59859.98,60745.12,59510.63,60643.09,6662.75312
2021-10-24 20:00:00,60643.09,61400.0,60566.65,60852.22,4285.19746
2021-10-25 00:00:00,60852.22,62250.0,60650.0,62084.26,6455.18496
2021-10-25 04:00:00,62084.68,62900.0,61764.45,62660.65,5935.2857
2021-10-25 08:00:00,62660.65,63200.0,62450.91,62759.19,6884.80596
2021-10-25 12:00:00,62759.19,63638.0,62578.64,63606.87,7650.68408
2021-10-25 16:00:00,63606.86,63710.63,62635.72,62688.0,6284.25929
2021-10-25 20:00:00,62688.0,63329.48,62530.0,63078.78,3643.61807
2021-10-26 00:00:00,63078.78,63293.48,62619.42,62758.02,4194.45189
2021-10-26 04:00:00,62758.01,62815.98,62184.01,62432.54,4755.97248
2021-10-26 08:00:00,62432.54,63110.0,62423.71,62739.98,5072.16094
2021-10-26 12:00:00,62739.99,62882.99,61800.0,62514.59,8543.07928
2021-10-26 16:00:00,62514.59,62743.86,61826.08,62000.0,5640.88431
2021-10-26 20:00:00,62000.01,62300.27,59817.55,60328.81,12010.95193
2021-10-27 00:00:00,60328.81,60840.0,60138.4,60714.34,6681.03292
2021-10-27 04:00:00,60714.33,61496.0,59908.61,59949.93,10770.83561
2021-10-27 08:00:00,59949.99,59953.94,58000.0,58564.0,20358.22032
2021-10-27 12:00:00,58564.0,59449.0,58270.0,58819.14,9344.69974
2021-10-27 16:00:00,58819.15,59170.0,58101.0,59062.32,8785.64158
2021-10-27 20:00:00,59062.31,59587.35,58390.91,58413.44,6184.05999
2021-10-28 00:00:00,58413.44,59162.02,58075.62,58839.8,6227.09747
2021-10-28 04:00:00,58839.8,59248.6,58685.0,58993.71,8322.94824
2021-10-28 08:00:00,58993.71,61257.82,58988.04,60960.61,11782.03327
2021-10-28 12:00:00,60960.62,61800.0,60857.0,61138.62,8307.03763
2021-10-28 16:00:00,61138.61,61478.42,57820.0,61289.13,15858.36308
2021-10-28 20:00:00,61288.87,62499.0,60333.0,60575.89,10558.87332
2021-10-29 00:00:00,60575.9,62100.0,60174.81,61642.99,7694.29381
2021-10-29 04:00:00,61642.98,61698.51,60350.44,60569.05,6798.19033
2021-10-29 08:00:00,60569.81,61358.28,60420.01,60940.91,7285.75103
2021-10-29 12:00:00,60940.9,62553.96,60699.62,62299.99,10732.92426
2021-10-29 16:00:00,62299.99,62980.0,61905.55,62545.11,8064.41851
2021-10-29 20:00:00,62545.11,62718.87,62037.8,62253.71,3398.3262
2021-10-30 00:00:00,62253.7,62359.25,61604.98,61679.95,4865.41623
2021-10-30 04:00:00,61679.95,61914.14,61272.15,61597.19,3804.63023
2021-10-30 08:00:00,61597.19,61989.99,61054.48,61595.01,4459.81706
2021-10-30 12:00:00,61595.01,62253.0,60673.0,61377.19,8527.0031
2021-10-30 16:00:00,61377.2,61793.0,61074.51,61730.85,4326.46617
2021-10-30 20:00:00,61730.84,61960.0,61175.01,61859.19,5494.79287
2021-10-31 00:00:00,61859.19,62405.3,61581.96,61697.84,7236.29682
2021-10-31 04:00:00,61697.85,61746.28,61065.76,61362.61,5558.29663
2021-10-31 08:00:00,61362.6,61369.36,60279.63,60467.81,8270.16006
2021-10-31 12:00:00,60467.81,60800.22,59945.36,60460.23,9354.74479
2021-10-31 16:00:00,60460.23,60906.79,60200.0,60689.95,4761.17752
2021-10-31 20:00:00,60689.95,61620.06,60521.33,61299.8,4086.96212
2021-11-01 00:00:00,61299.81,61735.3,59700.0,59922.98,8785.67189
2021-11-01 04:00:00,59915.12,62298.0,59405.0,62178.31,10202.42414
2021-11-01 08:00:00,62176.29,62437.74,61630.18,61807.99,7889.10891
2021-11-01 12:00:00,61808.0,62190.0,61300.01,61550.89,6833.29834
2021-11-01 16:00:00,61550.88,61571.46,60322.67,61435.98,6184.0939
2021-11-01 20:00:00,61435.97,61454.76,60411.0,60911.11,4793.06954
2021-11-02 00:00:00,60911.12,61566.0,60624.68,61074.5,5799.33428
2021-11-02 04:00:00,61074.5,61824.66,61053.21,61521.13,4884.02908
2021-11-02 08:00:00,61521.13,63597.8,61356.45,62913.3,12676.16741
2021-11-02 12:00:00,62913.3,64270.0,62881.46,64018.73,10120.6685
2021-11-02 16:00:00,64018.74,64267.36,63195.61,63576.05,6992.79943
2021-11-02 20:00:00,63576.05,63610.0,62584.5,63219.99,5895.2854
2021-11-03 00:00:00,63220.57,63500.0,62722.4,63210.41,5437.78575
2021-11-03 04:00:00,63210.4,63500.0,62728.0,63394.63,5510.04947
2021-11-03 08:00:00,63394.62,63399.71,62872.94,63108.43,5366.51076
2021-11-03 12:00:00,63107.29,63133.99,61579.57,62190.0,10311.24424
2021-11-03 16:00:00,62189.99,63333.0,60382.76,62800.0,11857.29559
2021-11-03 20:00:00,62799.99,63200.0,62555.0,62896.48,4853.20468
2021-11-04 00:00:00,62896.49,63086.31,62178.0,62420.0,5198.0883
2021-11-04 04:00:00,62420.0,62826.95,61819.51,61853.79,5036.39598
2021-11-04 08:00:00,61853.78,62325.75,61230.66,61447.22,7007.59357
2021-11-04 12:00:00,61447.23,62370.0,60775.0,61035.01,8938.6306
2021-11-04 16:00:00,61035.01,61376.02,60677.01,61249.34,6370.29943
2021-11-04 20:00:00,61249.33,61530.27,61000.0,61395.01,3379.92526
2021-11-05 00:00:00,61395.01,62332.04,60820.0,62203.8,5401.65251
2021-11-05 04:00:00,62203.79,62595.72,61880.88,62128.71,4697.72501
2021-11-05 08:00:00,62128.7,62229.45,61191.28,61259.63,5937.97481
2021-11-05 12:00:00,61259.63,61928.37,60750.0,60782.17,7350.67296
2021-11-05 16:00:00,60782.99,61431.29,60730.0,61090.69,4783.03766
2021-11-05 20:00:00,61090.69,61324.1,60721.0,60937.12,3433.42454
2021-11-06 00:00:00,60940.18,61277.77,60777.0,61109.52,3333.10375
2021-11-06 04:00:00,61109.51,61560.49,60511.01,60790.88,4314.24806
2021-11-06 08:00:00,60790.87,61350.0,60081.21,60327.47,7026.55184
2021-11-06 12:00:00,60327.47,60756.84,60050.0,60648.59,4805.98052
2021-11-06 16:00:00,60648.58,61186.08,60400.0,61175.4,3129.23859
2021-11-06 20:00:00,61175.41,61489.63,61099.01,61470.61,2981.45132
2021-11-07 00:00:00,61470.62,62328.06,61322.78,62133.04,5497.63282
2021-11-07 04:00:00,62133.03,62292.31,61700.02,61759.87,2744.54093
2021-11-07 08:00:00,61759.87,62350.0,61468.48,61911.4,4238.91012
2021-11-07 12:00:00,61911.41,62137.0,61650.0,61938.01,3456.28117
2021-11-07 16:00:00,61938.0,62499.44,61931.68,62265.57,4406.33894
2021-11-07 20:00:00,62265.57,63286.35,62159.29,63273.59,5171.98432
2021-11-08 00:00:00,63273.58,65639.08,63273.58,65199.99,15619.03574
2021-11-08 04:00:00,65200.0,66342.58,65050.77,65941.89,8280.62238
2021-11-08 08:00:00,65941.88,66423.0,65600.01,66037.21,8440.65891
2021-11-08 12:00:00,66037.21,66524.43,65122.0,66379.41,7465.71444
2021-11-08 16:00:00,66382.01,66538.53,65743.17,65835.01,5039.10665
2021-11-08 20:00:00,65835.01,67789.0,65500.0,67525.83,9596.956434
2021-11-09 00:00:00,67525.82,68524.25,67015.2,68490.0,8713.082478
2021-11-09 04:00:00,68490.0,68520.0,67627.14,67852.56,7289.7804
2021-11-09 08:00:00,67852.56,68238.0,67300.0,67594.98,6316.00259
2021-11-09 12:00:00,67594.98,68116.56,66610.0,66771.1,10366.71154
2021-11-09 16:00:00,66771.11,67238.39,66222.4,66800.21,6620.2298
2021-11-09 20:00:00,66800.21,67800.27,66653.0,66947.66,5355.57126
2021-11-10 00:00:00,66947.67,67378.7,66355.05,66487.23,5220.67502
2021-11-10 04:00:00,66487.23,66750.11,66233.0,66426.43,4764.79315
2021-11-10 08:00:00,66426.42,67099.0,66357.0,66546.8,4802.43669
2021-11-10 12:00:00,66546.81,69000.0,65888.0,68348.63,14248.433046
2021-11-10 16:00:00,68349.42,68775.51,66542.85,66650.99,10439.2909
2021-11-10 20:00:00,66650.98,67047.27,62822.9,64882.43,25695.87524
2021-11-11 00:00:00,64882.42,65062.79,64100.0,64746.18,9251.1553
2021-11-11 04:00:00,64746.17,65414.94,64383.46,65228.4,5381.30713
2021-11-11 08:00:00,65228.41,65600.07,64550.55,65255.88,7348.04097
2021-11-11 12:00:00,65255.87,65474.47,64402.49,64799.6,7501.37335
2021-11-11 16:00:00,64799.59,65249.0,64573.99,65119.99,4700.47482
2021-11-11 20:00:00,65119.99,65309.13,64628.39,64774.26,3055.62901
2021-11-12 00:00:00,64774.25,65450.7,64052.0,64826.63,5984.47508
2021-11-12 04:00:00,64826.63,65075.79,64202.68,64488.12,4062.16285
2021-11-12 08:00:00,64488.11,64957.97,63501.0,63753.19,9783.10951
2021-11-12 12:00:00,63753.19,64200.0,62900.0,63155.94,10365.51432
2021-11-12 16:00:00,63155.95,64089.99,62278.0,63845.01,9702.48439
2021-11-12 20:00:00,63845.0,64890.0,63704.8,64122.23,4592.36201
2021-11-13 00:00:00,64122.22,64455.0,63576.1,63773.94,3286.91262
2021-11-13 04:00:00,63773.93,64123.0,63510.0,64029.99,2802.68441
2021-11-13 08:00:00,64029.99,64081.5,63360.22,63554.23,3449.39235
2021-11-13 12:00:00,63554.23,64843.0,63427.86,64688.99,6043.8337
2021-11-13 16:00:00,64689.0,65000.0,63829.01,63941.65,4666.4886
2021-11-13 20:00:00,63941.65,64550.5,63918.89,64380.0,2255.66215
2021-11-14 00:00:00,64380.01,65320.0,64380.0,64637.81,4184.33409
2021-11-14 04:00:00,64637.81,65201.72,64400.0,64627.58,3678.16978
2021-11-14 08:00:00,64627.58,64800.0,64056.0,64445.07,3625.16569
2021-11-14 12:00:00,64445.07,64799.0,64000.0,64070.41,3705.80093
2021-11-14 16:00:00,64070.41,64422.35,63576.27,64170.0,4876.26848
2021-11-14 20:00:00,64169.99,65550.51,64040.47,65519.1,5635.3345
2021-11-15 00:00:00,65519.11,66200.0,65519.1,65712.65,7725.70046
2021-11-15 04:00:00,65712.66,66000.0,65475.01,65579.71,3306.48233
2021-11-15 08:00:00,65579.71,66401.82,65244.47,65733.06,5327.95612
2021-11-15 12:00:00,65734.45,65946.63,63993.17,64288.16,9681.60294
2021-11-15 16:00:00,64288.16,64444.61,63624.54,64265.9,6982.24848
2021-11-15 20:00:00,64265.91,64265.91,63400.0,63606.74,4805.38091
2021-11-16 00:00:00,63606.73,63617.31,60422.2,60907.41,20081.96292
2021-11-16 04:00:00,60907.4,61600.0,60293.06,60805.27,12819.65042
2021-11-16 08:00:00,60804.07,61470.41,58574.07,60574.49,20984.20157
2021-11-16 12:00:00,60576.76,61427.0,60020.0,60669.14,9771.04602
2021-11-16 16:00:00,60669.15,60923.18,59728.27,60204.47,6563.4099
2021-11-16 20:00:00,60204.47,61199.65,59105.26,60058.87,7234.88526
2021-11-17 00:00:00,60058.87,60437.68,58553.12,59039.99,10430.45717
2021-11-17 04:00:00,59042.0,60142.85,58580.0,59688.0,6692.41181
2021-11-17 08:00:00,59691.9,60840.23,58373.0,60762.83,11743.34904
2021-11-17 12:00:00,60762.33,60822.27,59334.23,59664.49,6482.1772
2021-11-17 16:00:00,59664.5,60672.13,59404.75,60212.49,6182.18575
2021-11-17 20:00:00,60212.48,60575.08,59620.66,60344.87,4758.80394
2021-11-18 00:00:00,60344.86,60976.0,59840.0,59840.01,6698.94325
2021-11-18 04:00:00,59840.01,60096.12,59500.0,59734.2,6737.27511
2021-11-18 08:00:00,59734.21,59970.82,58962.77,59213.49,7159.16809
2021-11-18 12:00:00,59213.49,59935.0,57650.0,58100.04,16577.34431
2021-11-18 16:00:00,58100.05,58486.09,56592.06,57928.0,16397.69865
2021-11-18 20:00:00,57928.0,58484.94,56474.26,56891.62,8576.5699
2021-11-19 00:00:00,56891.62,57517.14,55600.0,55900.0,11263.12431
2021-11-19 04:00:00,55900.0,56498.0,55817.79,55987.83,7343.35045
2021-11-19 08:00:00,55987.83,57487.2,55986.05,56989.59,9231.01807
2021-11-19 12:00:00,56987.25,58173.94,56700.0,57887.98,10833.6577
2021-11-19 16:00:00,57887.96,58320.0,57599.57,58033.05,8008.11548
2021-11-19 20:00:00,58033.06,58120.0,57531.13,58052.24,4036.62125
2021-11-20 00:00:00,58057.1,58979.97,57932.61,58513.1,6099.40644
2021-11-20 04:00:00,58513.1,58849.63,58230.0,58380.06,3975.59447
2021-11-20 08:00:00,58380.06,58800.0,58315.75,58625.67,3892.78724
2021-11-20 12:00:00,58625.67,58834.98,57483.42,57588.37,6479.25228
2021-11-20 16:00:00,57588.38,59625.0,57353.0,59430.04,8978.038
2021-11-20 20:00:00,59430.04,59845.0,59308.09,59707.51,4386.51167
2021-11-21 00:00:00,59707.52,59770.78,58500.0,58674.67,5140.47491
2021-11-21 04:00:00,58674.67,59238.32,58555.0,58982.74,3976.43992
2021-11-21 08:00:00,58982.74,59409.61,58486.65,58692.91,5435.60885
2021-11-21 12:00:00,58692.91,59294.88,58657.22,59199.26,5514.28538
2021-11-21 16:00:00,59199.26,60029.76,59122.38,59314.13,7107.42088
2021-11-21 20:00:00,59314.12,59696.69,58500.0,58622.02,4727.99791
2021-11-22 00:00:00,58617.7,58757.14,56959.07,57383.39,10196.52252
2021-11-22 04:00:00,57383.4,57780.0,56766.58,57259.54,6288.54451
2021-11-22 08:00:00,57259.54,57830.99,56952.35,57180.51,4668.49861
2021-11-22 12:00:00,57180.52,59444.0,56580.01,58194.79,13199.25579
2021-11-22 16:00:00,58194.78,58250.0,55800.0,55993.03,10242.33335
2021-11-22 20:00:00,55993.04,56711.96,55610.0,56247.18,7129.16569
2021-11-23 00:00:00,56243.83,57258.56,55971.97,56947.82,7357.4206
2021-11-23 04:00:00,56947.82,57037.06,55809.45,56006.74,7505.13779
2021-11-23 08:00:00,56006.74,58009.99,55317.0,56149.51,14389.97222
2021-11-23 12:00:00,56147.19,57749.5,56093.55,56883.07,9115.30123
2021-11-23 16:00:00,56883.07,57854.39,56883.06,57778.2,7105.18588
2021-11-23 20:00:00,57778.21,57850.01,57380.49,57541.27,4444.83245
2021-11-24 00:00:00,57541.26,57735.0,56136.0,56399.99,6366.81521
2021-11-24 04:00:00,56399.99,56797.02,56214.85,56497.47,4974.37633
2021-11-24 08:00:00,56497.46,57560.0,56311.0,56613.63,6607.71179
2021-11-24 12:00:00,56613.64,57166.23,55837.0,56727.53,10084.21014
2021-11-24 16:00:00,56727.53,57116.46,56477.01,56825.13,5609.38942
2021-11-24 20:00:00,56825.13,57476.03,56722.0,57138.29,5969.54675
2021-11-25 00:00:00,57138.29,58270.0,57108.74,57749.99,7949.67795
2021-11-25 04:00:00,57749.99,57825.0,57000.0,57648.89,5469.65202
2021-11-25 08:00:00,57648.9,58482.66,57329.75,58009.99,8165.97576
2021-11-25 12:00:00,58009.99,59137.76,57900.16,59048.5,9209.03334
2021-11-25 16:00:00,59048.5,59390.0,58667.01,58853.83,7112.50053
2021-11-25 20:00:00,58853.84,59398.9,58519.54,58960.36,4246.67562
2021-11-26 00:00:00,58960.37,59150.0,57857.0,57900.91,6724.56509
2021-11-26 04:00:00,57900.9,58013.39,56636.57,56957.86,6998.47949
2021-11-26 08:00:00,56966.32,56966.32,53680.45,53719.3,28211.18841
2021-11-26 12:00:00,53719.31,54878.38,53500.0,54341.55,12788.3491
2021-11-26 16:00:00,54341.54,54648.93,53927.44,54326.76,6114.08238
2021-11-26 20:00:00,54326.77,54584.74,53521.0,53726.53,5091.20619
2021-11-27 00:00:00,53723.72,54641.99,53610.0,54347.07,6283.80615
2021-11-27 04:00:00,54347.06,54613.84,54200.0,54394.56,3867.2987
2021-11-27 08:00:00,54394.55,55280.0,54300.0,54605.73,6069.40562
2021-11-27 12:00:00,54605.73,55223.0,54500.0,54898.22,4057.78965
2021-11-27 16:00:00,54898.23,55224.44,54651.0,54935.91,4568.24385
2021-11-27 20:00:00,54935.91,55065.0,54011.01,54721.03,4870.4556
2021-11-28 00:00:00,54716.47,54821.0,53666.6,54137.31,7044.54084
2021-11-28 04:00:00,54137.31,54636.65,53923.04,54515.61,3736.91897
2021-11-28 08:00:00,54515.6,54933.8,54130.72,54493.09,3648.45682
2021-11-28 12:00:00,54493.1,54635.52,54029.99,54296.14,3571.69004
2021-11-28 16:00:00,54296.14,54967.5,53256.64,54617.85,7842.8031
2021-11-28 20:00:00,54617.85,57445.05,54617.84,57274.88,10319.30393
2021-11-29 00:00:00,57274.89,58242.09,57136.56,57359.02,9220.69419
2021-11-29 04:00:00,57359.02,57688.0,57200.0,57515.13,4210.84638
2021-11-29 08:00:00,57512.17,57642.85,56666.67,56883.29,5382.27722
2021-11-29 12:00:00,56883.29,57500.0,56799.21,57125.93,5695.69186
2021-11-29 16:00:00,57125.93,58865.97,57000.01,57880.67,10467.38329
2021-11-29 20:00:00,57880.67,58400.0,57667.0,57776.25,5148.38715
2021-11-30 00:00:00,57776.25,57964.18,56770.01,57092.92,6347.17192
2021-11-30 04:00:00,57092.91,57282.11,55875.55,56510.08,6157.46231
2021-11-30 08:00:00,56510.08,57713.91,56236.54,57602.45,7419.71746
2021-11-30 12:00:00,57602.45,59176.99,57102.05,57238.84,13890.73595
2021-11-30 16:00:00,57233.8,58380.41,56500.0,57629.99,10961.4101
2021-11-30 20:00:00,57629.99,57786.08,56762.39,56950.56,4384.5542
2021-12-01 00:00:00,56950.56,57686.12,56630.0,57362.01,5939.8025
2021-12-01 04:00:00,57362.04,57415.16,56666.66,57163.87,4876.32178
2021-12-01 08:00:00,57163.87,57850.0,56717.22,57157.93,7795.17026
2021-12-01 12:00:00,57160.66,58819.45,57000.0,58614.49,10780.20842
2021-12-01 16:00:00,58614.49,59053.55,57000.89,57427.9,8974.20304
2021-12-01 20:00:00,57427.91,57459.36,56458.01,57184.07,6590.93056
2021-12-02 00:00:00,57184.07,57375.47,55777.77,56300.12,8596.70554
2021-12-02 04:00:00,56300.12,56976.25,56219.58,56810.43,5257.58196
2021-12-02 08:00:00,56810.42,57175.65,56038.15,56314.2,5757.58823
2021-12-02 12:00:00,56309.51,57367.67,56012.82,56520.81,7480.52727
2021-12-02 16:00:00,56516.95,56945.52,56001.0,56616.28,6413.65242
2021-12-02 20:00:00,56616.27,57221.0,56365.0,56480.34,4068.00434
2021-12-03 00:00:00,56484.26,56772.24,56050.81,56323.01,4407.6787
2021-12-03 04:00:00,56318.89,57045.44,56229.98,56733.69,5200.45315
2021-12-03 08:00:00,56733.7,57330.0,56426.35,56959.77,5749.03202
2021-12-03 12:00:00,56959.77,57600.0,55722.0,55975.32,9583.54817
2021-12-03 16:00:00,55975.33,55975.33,53750.0,53838.65,14524.94365
2021-12-03 20:00:00,53838.66,54251.0,51680.0,53601.05,19462.03458
2021-12-04 00:00:00,53601.05,53859.1,52000.0,52000.0,7281.70544
2021-12-04 04:00:00,52000.01,52606.98,42000.3,47242.74,57819.958338
2021-12-04 08:00:00,47242.75,47918.05,46131.71,46489.67,18042.00664
2021-12-04 12:00:00,46489.66,48573.78,46489.66,48203.73,13676.20041
2021-12-04 16:00:00,48203.74,49444.0,47742.09,49250.0,9852.62283
2021-12-04 20:00:00,49249.99,49487.76,48447.5,49152.47,7530.88009
2021-12-05 00:00:00,49152.46,49699.0,48315.41,49170.79,8283.93499
2021-12-05 04:00:00,49170.78,49666.94,48831.61,49289.18,5716.31633
2021-12-05 08:00:00,49289.17,49573.23,48700.0,49242.58,5874.04338
2021-12-05 12:00:00,49236.24,49699.05,47727.21,47951.57,11548.34056
2021-12-05 16:00:00,47951.57,49351.29,47894.84,48902.45,8775.47257
2021-12-05 20:00:00,48902.44,49546.69,48498.45,49396.33,5382.71229
2021-12-06 00:00:00,49396.32,49438.18,48273.58,49018.47,7144.47282
2021-12-06 04:00:00,49018.46,49258.44,47731.0,48412.66,6521.97504
2021-12-06 08:00:00,48412.66,49409.79,47100.0,48577.78,17870.00012
2021-12-06 12:00:00,48577.78,48967.98,47822.39,48942.68,9622.82489
2021-12-06 16:00:00,48942.67,49366.0,48653.05,49103.0,7911.93339
2021-12-06 20:00:00,49103.0,50891.11,48760.0,50441.92,9500.00949
2021-12-07 00:00:00,50441.91,51430.0,50332.62,50945.03,6584.90221
2021-12-07 04:00:00,50945.02,51335.16,50797.86,50907.27,4801.69076
2021-12-07 08:00:00,50907.27,51500.0,50810.03,51456.2,5985.50837
2021-12-07 12:00:00,51456.21,51936.33,50611.04,51734.15,9018.45524
2021-12-07 16:00:00,51734.15,51866.88,50666.0,50884.48,6009.71255
2021-12-07 20:00:00,50884.49,51006.2,50039.74,50588.95,5853.19964
2021-12-08 00:00:00,50588.95,50795.45,50100.0,50110.91,4341.24089
2021-12-08 04:00:00,50110.9,50700.0,50077.0,50480.93,3574.10655
2021-12-08 08:00:00,50480.92,50620.2,48824.69,49186.51,9076.32002
2021-12-08 12:00:00,49186.5,51200.0,48600.0,50640.1,11878.10358
2021-12-08 16:00:00,50640.09,50865.8,50052.12,50423.21,5338.65364
2021-12-08 20:00:00,50423.2,50896.08,50079.78,50471.19,4217.49998
2021-12-09 00:00:00,50471.19,50797.76,49425.74,49513.35,4617.26688
2021-12-09 04:00:00,49517.0,50350.0,49184.49,50016.89,4916.96612
2021-12-09 08:00:00,50016.86,50016.89,48898.0,49160.53,5915.54716
2021-12-09 12:00:00,49160.54,49670.5,48048.0,48464.09,8449.98398
2021-12-09 16:00:00,48462.08,48838.29,47500.0,47613.53,7734.7886
2021-12-09 20:00:00,47615.89,48468.11,47320.0,47545.59,6058.13391
2021-12-10 00:00:00,47535.9,48788.29,47439.29,48373.48,6187.65819
2021-12-10 04:00:00,48373.48,48573.77,47550.0,47694.62,5438.86322
2021-12-10 08:00:00,47694.62,48728.0,47587.39,48711.0,5378.57781
2021-12-10 12:00:00,48711.0,50125.0,47744.19,47979.22,13037.66562
2021-12-10 16:00:00,47979.23,48326.05,47251.06,48098.84,8610.89
2021-12-10 20:00:00,48098.84,48522.5,46852.0,47140.54,5579.91907
2021-12-11 00:00:00,47140.54,48683.7,46751.0,48296.99,7514.0733
2021-12-11 04:00:00,48297.0,48881.99,47765.33,48021.76,5072.88056
2021-12-11 08:00:00,48021.75,48900.0,47843.1,48240.44,4266.68244
2021-12-11 12:00:00,48240.43,48943.92,48160.0,48747.02,3968.26431
2021-12-11 16:00:00,48745.11,49276.0,48385.98,48407.25,4611.81629
2021-12-11 20:00:00,48407.25,49485.71,48390.22,49389.99,3455.47668
2021-12-12 00:00:00,49389.99,49699.95,49022.9,49305.7,4316.43753
2021-12-12 04:00:00,49305.71,49359.86,48824.09,49301.21,2409.63549
2021-12-12 08:00:00,49301.2,49376.79,48638.0,49124.33,3519.66852
2021-12-12 12:00:00,49124.33,49934.59,49107.33,49623.26,5475.66743
2021-12-12 16:00:00,49623.26,50777.0,49501.69,50221.05,7190.89434
2021-12-12 20:00:00,50221.05,50547.07,49862.75,50053.9,3105.6309
2021-12-13 00:00:00,50053.9,50189.97,48430.13,48873.19,6626.02879
2021-12-13 04:00:00,48873.2,49350.9,48554.77,48740.01,4049.78584
2021-12-13 08:00:00,48740.01,49171.57,48145.0,48847.26,4540.89617
2021-12-13 12:00:00,48845.0,49000.0,47012.03,47252.02,9525.17074
2021-12-13 16:00:00,47252.02,47932.19,45672.75,46739.36,18201.15961
2021-12-13 20:00:00,46739.35,47288.19,46214.13,46702.75,7926.47978
2021-12-14 00:00:00,46702.76,47226.32,46290.0,46952.0,4767.66908
2021-12-14 04:00:00,46952.01,47176.22,46306.8,47000.0,5403.66679
2021-12-14 08:00:00,46999.99,47740.0,46789.69,47622.0,7640.60562
2021-12-14 12:00:00,47617.99,47959.77,46617.25,46853.86,8434.84108
2021-12-14 16:00:00,46853.87,47148.0,46429.88,46859.4,6148.20931
2021-12-14 20:00:00,46859.42,48700.41,46839.78,48343.28,7560.99257
2021-12-15 00:00:00,48336.95,48761.0,47836.0,48262.41,5125.38507
2021-12-15 04:00:00,48262.4,48450.0,47928.64,48209.51,4937.77313
2021-12-15 08:00:00,48209.51,48850.0,48069.68,48132.54,5569.92492
2021-12-15 12:00:00,48132.54,48300.0,46587.0,46632.31,8526.11078
2021-12-15 16:00:00,46632.3,49259.98,46547.0,48674.9,18058.52173
2021-12-15 20:00:00,48674.9,49500.0,48527.01,48864.98,9411.46537
2021-12-16 00:00:00,48864.98,49269.03,48709.7,48819.6,4110.10972
2021-12-16 04:00:00,48819.59,49072.3,48502.26,48712.23,4374.49905
2021-12-16 08:00:00,48712.23,49436.43,48608.62,49207.79,4734.22268
2021-12-16 12:00:00,49207.79,49266.6,48243.58,48585.81,7408.52106
2021-12-16 16:00:00,48578.61,48717.43,47666.0,47866.01,6570.83557
2021-12-16 20:00:00,47866.01,48387.54,47511.0,47632.38,4751.67931
2021-12-17 00:00:00,47632.38,47995.96,47390.43,47766.07,3499.96478
2021-12-17 04:00:00,47766.07,47953.22,46749.55,47007.25,5536.46011
2021-12-17 08:00:00,47007.25,47298.54,46769.89,47112.43,6104.25193
2021-12-17 12:00:00,47112.43,47363.36,45456.0,46528.83,14519.42353
2021-12-17 16:00:00,46528.83,47440.1,46400.0,46765.66,7271.10803
2021-12-17 20:00:00,46765.66,47093.16,45565.58,46131.2,6173.28032
2021-12-18 00:00:00,46133.83,46545.83,45500.0,46283.05,5773.95433
2021-12-18 04:00:00,46283.04,46858.27,46072.33,46364.08,3878.09779
2021-12-18 08:00:00,46364.09,47392.37,46194.44,47070.44,4949.39649
2021-12-18 12:00:00,47070.43,47219.16,46560.83,46858.55,3694.50336
2021-12-18 16:00:00,46858.56,46992.14,46325.61,46643.68,3928.87071
2021-12-18 20:00:00,46643.68,47100.0,46525.0,46834.48,2795.23003
2021-12-19 00:00:00,46834.47,47990.75,46406.91,47712.38,5740.25301
2021-12-19 04:00:00,47714.61,48074.16,47445.16,47515.09,4265.82966
2021-12-19 08:00:00,47515.09,47641.77,46807.27,47152.72,4167.80619
2021-12-19 12:00:00,47155.24,48300.01,46867.01,47239.8,7256.00899
2021-12-19 16:00:00,47239.81,47500.0,46580.0,46673.93,3811.33471
2021-12-19 20:00:00,46673.94,47550.0,46482.9,46681.23,4064.47409
2021-12-20 00:00:00,46681.24,47200.0,46220.0,46687.22,5289.76806
2021-12-20 04:00:00,46687.22,47049.87,46103.0,46429.19,5067.54695
2021-12-20 08:00:00,46429.19,46554.0,45750.0,46092.6,6115.32372
2021-12-20 12:00:00,46092.6,46313.89,45558.85,45974.08,6788.9343
2021-12-20 16:00:00,45974.09,46690.0,45863.72,46585.55,6279.87581
2021-12-20 20:00:00,46585.56,47537.57,46585.55,46914.16,6307.05725
2021-12-21 00:00:00,46914.17,48085.0,46630.0,47928.47,6030.04023
2021-12-21 04:00:00,47928.48,48824.16,47927.05,48579.77,9365.63722
2021-12-21 08:00:00,48579.77,49000.0,48438.49,48866.92,6047.51626
2021-12-21 12:00:00,48866.92,49328.96,48265.24,48418.49,8300.64222
2021-12-21 16:00:00,48418.48,48876.94,48332.5,48619.79,3902.19164
2021-12-21 20:00:00,48619.8,49287.93,48461.47,48889.88,4067.90167
2021-12-22 00:00:00,48887.59,49576.13,48600.0,49249.0,4651.07812
2021-12-22 04:00:00,49249.0,49347.9,48914.07,49206.42,3638.84897
2021-12-22 08:00:00,49206.43,49535.0,48830.29,48981.99,4953.22659
2021-12-22 12:00:00,48981.98,49123.62,48421.87,48879.28,5713.52645
2021-12-22 16:00:00,48879.28,49245.81,48506.01,48931.99,3946.36838
2021-12-22 20:00:00,48931.99,49144.99,48555.0,48588.16,4101.15369
2021-12-23 00:00:00,48588.17,48731.71,47920.42,48524.11,5364.13846
2021-12-23 04:00:00,48524.11,48584.71,48031.45,48129.6,3366.23359
2021-12-23 08:00:00,48129.61,48541.86,48060.0,48354.77,3872.9704
2021-12-23 12:00:00,48354.76,48859.61,48323.98,48819.33,4624.86732
2021-12-23 16:00:00,48819.33,51375.0,48677.52,51109.99,12941.20882
2021-12-23 20:00:00,51110.0,51209.3,50501.0,50838.81,5023.12187
2021-12-24 00:00:00,50838.82,51527.58,50644.48,51029.99,7842.74828
2021-12-24 04:00:00,51030.0,51109.09,50736.11,50994.75,3195.58213
2021-12-24 08:00:00,50994.75,51550.0,50858.0,50993.88,4900.76074
2021-12-24 12:00:00,50993.89,51244.22,50384.43,50956.68,5371.31998
2021-12-24 16:00:00,50956.68,51810.0,50735.87,51126.4,6101.15529
2021-12-24 20:00:00,51126.4,51236.15,50500.0,50820.0,4273.27627
2021-12-25 00:00:00,50819.99,51131.25,50600.0,50844.14,2536.10175
2021-12-25 04:00:00,50844.13,51084.13,50656.43,50919.17,2508.51405
2021-12-25 08:00:00,50919.18,51009.29,50555.0,50682.97,2634.74027
2021-12-25 12:00:00,50682.97,50934.78,50631.55,50659.91,3162.02444
2021-12-25 16:00:00,50659.91,51156.23,50142.32,50889.15,4967.66025
2021-12-25 20:00:00,50889.15,51080.0,50335.67,50399.66,3326.47537
2021-12-26 00:00:00,50399.67,50672.93,49610.0,49675.56,6366.97748
2021-12-26 04:00:00,49675.56,49977.07,49600.95,49930.39,2508.08219
2021-12-26 08:00:00,49930.39,50169.17,49412.0,49748.89,3699.2821
2021-12-26 12:00:00,49748.89,50281.08,49642.11,50049.34,2958.48012
2021-12-26 16:00:00,50049.34,50465.54,50018.38,50342.51,2880.28208
2021-12-26 20:00:00,50342.51,51280.0,49914.73,50775.49,4156.78517
2021-12-27 00:00:00,50775.48,51150.0,50449.0,51009.02,3752.07895
2021-12-27 04:00:00,51009.02,51093.86,50631.0,50694.83,3602.41077
2021-12-27 08:00:00,50694.83,50900.0,50499.77,50759.45,3723.05471
2021-12-27 12:00:00,50759.46,51677.0,50567.07,51450.57,6595.57466
2021-12-27 16:00:00,51450.58,52088.0,51200.0,51204.64,6133.86149
2021-12-27 20:00:00,51204.65,51365.76,50622.0,50701.44,4985.23508
2021-12-28 00:00:00,50701.44,50704.05,49500.0,49828.06,9367.72
2021-12-28 04:00:00,49828.07,49828.07,48657.12,49227.13,8162.65415
2021-12-28 08:00:00,49227.14,49444.46,48755.32,49200.39,7558.4566
2021-12-28 12:00:00,49200.39,49371.18,48301.88,48937.48,6508.28299
2021-12-28 16:00:00,48937.47,48974.85,47313.01,47689.46,9612.96288
2021-12-28 20:00:00,47689.46,48142.78,47320.0,47543.74,4643.26262
2021-12-29 00:00:00,47543.74,48139.08,47450.01,48001.01,4876.3594
2021-12-29 04:00:00,48001.01,48056.28,47522.89,47570.03,3867.90965
2021-12-29 08:00:00,47570.03,48092.1,47398.46,47737.95,5861.06854
2021-12-29 12:00:00,47737.96,48030.05,46586.62,47959.36,12128.42385
2021-12-29 16:00:00,47959.36,48038.92,47024.27,47148.61,5197.89978
2021-12-29 20:00:00,47148.62,47709.2,46096.99,46464.66,7567.20878
2021-12-30 00:00:00,46464.66,46844.8,45900.0,46504.0,6477.17603
2021-12-30 04:00:00,46504.0,47105.37,46490.01,46980.71,4521.15551
2021-12-30 08:00:00,46980.71,47566.0,46659.13,47515.45,4786.50881
2021-12-30 12:00:00,47515.45,47719.37,47118.69,47159.41,5753.01921
2021-12-30 16:00:00,47159.42,47900.0,47092.13,47558.35,4964.14914
2021-12-30 20:00:00,47558.35,47682.07,46729.0,47120.87,3850.28699
2021-12-31 00:00:00,47120.88,47500.0,46825.38,47201.85,3278.16979
2021-12-31 04:00:00,47201.84,47550.0,46836.86,47191.09,3618.27856
2021-12-31 08:00:00,47191.08,48548.26,47065.3,47975.76,8542.25162
2021-12-31 12:00:00,47975.76,48170.0,47830.64,48005.37,4864.54821
2021-12-31 16:00:00,48005.37,48118.45,45678.96,45728.28,9090.79287
2021-12-31 20:00:00,45728.28,46569.97,45678.0,46216.93,5543.95691
2022-01-01 00:00:00,46216.93,46949.99,46208.37,46813.2,3495.20465
2022-01-01 04:00:00,46813.21,47555.55,46591.23,47194.73,3522.79888
2022-01-01 08:00:00,47194.73,47344.69,46715.39,46758.87,2729.67811
2022-01-01 12:00:00,46758.87,47491.14,46756.3,47219.04,3055.90946
2022-01-01 16:00:00,47219.04,47954.63,47186.07,47329.78,4061.67681
2022-01-01 20:00:00,47329.79,47814.0,47222.22,47722.65,2739.19534
2022-01-02 00:00:00,47722.66,47750.0,47269.47,47329.47,2387.90724
2022-01-02 04:00:00,47329.47,47415.73,46770.23,47173.45,3018.46827
2022-01-02 08:00:00,47173.44,47499.45,46970.05,47235.5,2119.84865
2022-01-02 12:00:00,47238.89,47447.0,47013.5,47340.47,2780.32874
2022-01-02 16:00:00,47340.47,47990.0,46654.0,46907.68,5597.88593
2022-01-02 20:00:00,46907.67,47469.34,46815.17,47286.18,2436.02157
2022-01-03 00:00:00,47286.18,47289.11,46722.39,46793.26,2994.31942
2022-01-03 04:00:00,46793.27,47211.09,46750.0,47051.37,2838.97703
2022-01-03 08:00:00,47051.36,47431.67,46778.0,47378.0,4262.39073
2022-01-03 12:00:00,47378.0,47570.0,46575.25,46693.45,5463.72051
2022-01-03 16:00:00,46693.44,46790.0,46263.29,46360.01,5861.46189
2022-01-03 20:00:00,46360.01,46576.94,45696.0,46446.1,6241.20752
2022-01-04 00:00:00,46446.1,46549.19,45934.5,46313.97,3604.76267
2022-01-04 04:00:00,46313.96,46600.21,45996.26,46550.0,5734.35172
2022-01-04 08:00:00,46549.99,46772.41,46300.0,46733.77,4686.5322
2022-01-04 12:00:00,46733.78,47557.54,46410.0,46925.35,8065.90334
2022-01-04 16:00:00,46925.34,46984.99,45500.0,46052.36,9855.45649
2022-01-04 20:00:00,46052.35,46428.27,45760.05,45832.01,3544.40718
2022-01-05 00:00:00,45832.01,46549.0,45722.21,46422.55,3034.64069
2022-01-05 04:00:00,46422.56,46527.39,46246.01,46407.51,2185.03432
2022-01-05 08:00:00,46407.5,47070.0,46110.0,46270.99,5623.80527
2022-01-05 12:00:00,46271.0,46822.17,45803.67,46622.53,6056.26257
2022-01-05 16:00:00,46622.53,46674.37,44500.0,44685.93,13258.75934
2022-01-05 20:00:00,44685.93,44847.99,42500.0,43451.13,21625.61638
2022-01-06 00:00:00,43451.14,43816.0,42803.37,42835.0,7907.29623
2022-01-06 04:00:00,42835.0,43275.8,42600.05,43245.25,7148.39091
2022-01-06 08:00:00,43245.26,43273.87,42430.58,42878.34,7751.7942
2022-01-06 12:00:00,42878.33,43267.09,42632.44,42950.01,7414.23595
2022-01-06 16:00:00,42950.02,43508.78,42725.09,43438.1,5500.53168
2022-01-06 20:00:00,43438.11,43581.3,43007.81,43082.31,3158.12408
2022-01-07 00:00:00,43082.3,43145.83,41577.77,41803.11,9110.36283
2022-01-07 04:00:00,41803.11,41950.0,41000.0,41706.71,12822.5044
2022-01-07 08:00:00,41706.71,42883.47,41607.5,42258.62,7627.20984
2022-01-07 12:00:00,42258.62,42766.17,40610.0,41319.11,13946.04637
2022-01-07 16:00:00,41310.85,42315.85,40917.66,41775.38,7870.74271
2022-01-07 20:00:00,41775.38,42054.0,41336.82,41566.48,3459.64203
2022-01-08 00:00:00,41566.48,42246.37,41558.0,41810.91,3546.24518
2022-01-08 04:00:00,41810.92,41999.99,41739.0,41913.58,2135.49013
2022-01-08 08:00:00,41913.59,42200.0,41767.16,41940.22,3321.30192
2022-01-08 12:00:00,41940.22,42063.23,41400.0,41613.33,4171.17885
2022-01-08 16:00:00,41609.6,41740.53,40501.0,40831.07,12549.74604
2022-01-08 20:00:00,40831.06,42300.0,40720.0,41679.74,7228.76899
2022-01-09 00:00:00,41679.74,42170.11,41388.13,41833.89,4255.72958
2022-01-09 04:00:00,41833.9,42103.31,41681.17,41791.51,2460.7712
2022-01-09 08:00:00,41791.5,41990.0,41410.0,41857.62,3137.48125
2022-01-09 12:00:00,41857.62,41923.39,41200.02,41621.11,3367.82823
2022-01-09 16:00:00,41621.11,42740.0,41556.49,42695.26,5802.65087
2022-01-09 20:00:00,42695.27,42786.7,41766.43,41864.62,3699.93313
2022-01-10 00:00:00,41864.62,42037.05,41601.0,41967.59,3090.07632
2022-01-10 04:00:00,41967.59,42248.5,41811.7,42042.38,3216.0852
2022-01-10 08:00:00,42042.38,42116.61,41455.0,41565.34,4092.19411
2022-01-10 12:00:00,41565.33,41616.72,39650.0,40984.33,22660.39365
2022-01-10 16:00:00,40984.34,42121.63,40564.89,41297.15,13657.42788
2022-01-10 20:00:00,41297.15,41985.0,41158.99,41822.49,4012.99303
2022-01-11 00:00:00,41822.49,42400.01,41544.64,42277.98,4934.14719
2022-01-11 04:00:00,42277.99,42387.78,41971.37,42211.05,3883.13068
2022-01-11 08:00:00,42212.21,42627.66,41575.0,41809.99,6072.63206
2022-01-11 12:00:00,41809.99,42200.0,41268.93,41733.93,7345.13139
2022-01-11 16:00:00,41733.92,43100.0,41680.44,42972.05,11896.68845
2022-01-11 20:00:00,42972.04,43095.26,42597.41,42729.29,3164.70752
2022-01-12 00:00:00,42729.29,42965.0,42450.0,42605.02,3086.64021
2022-01-12 04:00:00,42605.01,42867.55,42463.13,42561.67,3336.77438
2022-01-12 08:00:00,42561.66,43443.6,42508.69,42935.92,6248.56105
2022-01-12 12:00:00,42935.92,44078.4,42874.01,43560.29,12273.47054
2022-01-12 16:00:00,43560.29,43886.26,43317.0,43743.11,4601.65301
2022-01-12 20:00:00,43743.1,44322.0,43629.39,43902.66,4396.19361
2022-01-13 00:00:00,43902.65,44075.42,43422.72,43509.93,3979.63723
2022-01-13 04:00:00,43505.99,43795.44,43483.2,43699.99,3331.80419
2022-01-13 08:00:00,43699.99,44014.51,43500.0,43602.31,4607.65385
2022-01-13 12:00:00,43603.58,44500.0,42871.01,43200.0,11551.88285
2022-01-13 16:00:00,43200.01,43500.0,42535.0,42700.67,6945.66481
2022-01-13 20:00:00,42700.67,42888.18,42311.22,42560.11,4494.23469
2022-01-14 00:00:00,42558.35,42784.0,42362.91,42623.87,4534.92179
2022-01-14 04:00:00,42623.87,42978.1,42599.99,42660.01,4015.82873
2022-01-14 08:00:00,42660.0,42688.84,41826.82,42012.94,7628.33288
2022-01-14 12:00:00,42012.94,43347.42,41725.95,43109.0,8997.40197
2022-01-14 16:00:00,43109.0,43408.0,42777.0,43077.93,4631.61759
2022-01-14 20:00:00,43077.93,43448.78,43000.0,43059.96,2832.77996
2022-01-15 00:00:00,43059.96,43174.0,42864.49,42927.96,2973.19446
2022-01-15 04:00:00,42927.95,43099.81,42712.94,43088.12,2860.77788
2022-01-15 08:00:00,43088.12,43283.83,42884.01,43017.59,2599.71462
2022-01-15 12:00:00,43017.59,43406.96,42555.0,43401.21,4980.54141
2022-01-15 16:00:00,43401.21,43564.15,43233.33,43528.34,4570.18496
2022-01-15 20:00:00,43528.33,43800.0,43071.11,43084.29,3951.64283
2022-01-16 00:00:00,43084.29,43153.63,42838.0,42977.22,2783.29728
2022-01-16 04:00:00,42977.22,43253.68,42850.16,43202.21,2264.10918
2022-01-16 08:00:00,43202.21,43305.0,42759.0,42968.29,4708.53834
2022-01-16 12:00:00,42968.3,43416.05,42581.79,43219.53,5325.20803
2022-01-16 16:00:00,43219.54,43475.0,42790.02,42824.79,3290.4155
2022-01-16 20:00:00,42824.79,43263.15,42750.25,43071.66,2230.78438
2022-01-17 00:00:00,43071.66,43176.18,42624.11,42647.4,3067.15941
2022-01-17 04:00:00,42647.4,42967.99,42300.0,42656.03,4316.07881
2022-01-17 08:00:00,42656.03,42900.0,42567.93,42671.31,3521.25336
2022-01-17 12:00:00,42671.3,42793.16,42385.0,42477.66,4178.38817
2022-01-17 16:00:00,42477.67,42538.47,41822.74,42238.31,8112.80827
2022-01-17 20:00:00,42238.31,42392.66,41540.42,42201.62,4366.39811
2022-01-18 00:00:00,42201.63,42436.66,41972.71,42040.54,4550.36015
2022-01-18 04:00:00,42040.53,42337.3,41886.25,42061.94,4135.11603
2022-01-18 08:00:00,42065.42,42065.42,41453.0,41854.14,6023.27637
2022-01-18 12:00:00,41854.13,41950.0,41250.0,41587.27,6280.61407
2022-01-18 16:00:00,41587.26,41799.08,41381.66,41699.61,3767.4442
2022-01-18 20:00:00,41695.59,42691.0,41500.99,42352.12,4567.27175
2022-01-19 00:00:00,42352.12,42500.0,41582.99,41706.41,4538.39603
2022-01-19 04:00:00,41706.41,41849.94,41161.2,41287.1,4837.49022
2022-01-19 08:00:00,41287.1,42178.48,41138.56,42033.0,6485.56373
2022-01-19 12:00:00,42033.0,42559.13,41832.13,41981.27,7218.70307
2022-01-19 16:00:00,41981.27,42355.9,41697.46,41873.79,5457.34151
2022-01-19 20:00:00,41872.45,41993.98,41548.0,41660.01,3148.22703
2022-01-20 00:00:00,41660.0,42082.26,41639.88,41924.97,3240.94302
2022-01-20 04:00:00,41924.97,42148.0,41768.48,42058.31,3602.56211
2022-01-20 08:00:00,42058.31,42232.76,41807.94,42129.44,3148.83581
2022-01-20 12:00:00,42129.45,43456.0,41900.05,43308.69,10872.70214
2022-01-20 16:00:00,43308.7,43505.0,42805.0,42917.32,6495.57509
2022-01-20 20:00:00,42917.31,42996.64,40553.31,40680.91,14969.72136
2022-01-21 00:00:00,40680.92,41100.0,38220.0,38465.65,21282.979752
2022-01-21 04:00:00,38465.65,39177.2,38437.15,39134.55,9944.04301
2022-01-21 08:00:00,39136.31,39320.0,38668.19,38898.18,6699.133
2022-01-21 12:00:00,38898.19,39042.4,37710.0,38857.26,16377.231383
2022-01-21 16:00:00,38857.24,39071.13,37850.0,37984.12,8202.7099
2022-01-21 20:00:00,37984.11,38470.0,35440.45,36445.31,26354.794954
2022-01-22 00:00:00,36445.31,36835.22,36009.98,36341.64,12970.56975
2022-01-22 04:00:00,36340.43,36423.82,35112.84,35400.02,15700.147168
2022-01-22 08:00:00,35400.01,35948.01,34008.0,35406.76,27869.635033
2022-01-22 12:00:00,35406.76,36192.76,34805.32,34838.68,13764.18535
2022-01-22 16:00:00,34838.69,35501.96,34243.38,34528.62,11909.55801
2022-01-22 20:00:00,34528.61,35729.03,34415.95,35071.42,8257.24365
2022-01-23 00:00:00,35071.42,35526.28,34811.0,35051.0,5314.38133
2022-01-23 04:00:00,35051.01,35758.64,34940.09,35571.19,7954.12458
2022-01-23 08:00:00,35571.19,36150.76,35325.03,35686.29,9612.66388
2022-01-23 12:00:00,35686.29,36080.5,35050.4,35287.58,6581.33332
2022-01-23 16:00:00,35282.66,35450.0,34601.01,34775.45,5880.32181
2022-01-23 20:00:00,34775.45,36499.0,34707.58,36244.55,8936.69862
2022-01-24 00:00:00,36244.55,36251.5,35160.51,35338.26,7165.42052
2022-01-24 04:00:00,35338.25,35473.45,34811.87,34888.81,4977.80812
2022-01-24 08:00:00,34887.9,35562.15,33029.54,33697.11,23802.116495
2022-01-24 12:00:00,33697.12,34388.38,32917.17,34233.95,22498.497916
2022-01-24 16:00:00,34237.31,36436.0,33803.13,36066.4,21817.53204
2022-01-24 20:00:00,36066.4,37550.0,35951.13,36660.35,11643.37812
2022-01-25 00:00:00,36660.35,36691.87,35955.43,36424.49,6255.52219
2022-01-25 04:00:00,36424.5,36496.62,35701.0,36044.01,5943.09862
2022-01-25 08:00:00,36044.01,36800.0,36003.3,36406.0,8110.56818
2022-01-25 12:00:00,36406.0,37149.42,35967.33,36530.0,13684.1698
2022-01-25 16:00:00,36530.0,37545.14,36492.48,37067.13,9955.53936
2022-01-25 20:00:00,37067.13,37103.15,36421.56,36958.32,5283.50368
2022-01-26 00:00:00,36958.32,37522.24,36550.2,37389.76,6842.03768
2022-01-26 04:00:00,37389.77,37974.43,37109.37,37338.59,8374.59822
2022-01-26 08:00:00,37338.6,38248.92,37324.58,38072.77,9307.93892
2022-01-26 12:00:00,38072.77,38499.0,37475.01,37985.0,12793.04941
2022-01-26 16:00:00,37985.01,38919.98,37311.58,37579.9,19388.99139
2022-01-26 20:00:00,37576.67,37580.03,36234.63,36809.34,13123.54474
2022-01-27 00:00:00,36807.24,37080.0,35507.01,35745.7,10776.58699
2022-01-27 04:00:00,35745.7,36303.8,35692.61,36173.87,8841.21015
2022-01-27 08:00:00,36177.17,36781.79,35815.8,36679.98,7499.79721
2022-01-27 12:00:00,36679.98,37199.0,36423.46,36639.43,8665.06124
2022-01-27 16:00:00,36639.43,36787.77,35883.82,36209.2,6915.06301
2022-01-27 20:00:00,36209.19,37234.47,35538.75,37160.1,10323.16074
2022-01-28 00:00:00,37160.11,37467.98,36500.0,37351.83,8117.63862
2022-01-28 04:00:00,37351.83,37500.0,36777.77,36799.82,6574.94579
2022-01-28 08:00:00,36799.82,36882.22,36287.03,36448.28,6628.45526
2022-01-28 12:00:00,36447.67,37300.0,36155.01,37188.98,9825.07956
2022-01-28 16:00:00,37188.99,37376.7,36765.05,37222.86,5339.26276
2022-01-28 20:00:00,37222.85,38000.0,37134.65,37716.56,5668.88757
2022-01-29 00:00:00,37716.57,37983.41,37448.58,37737.73,4115.15883
2022-01-29 04:00:00,37737.72,37925.0,37589.44,37836.99,3427.98801
2022-01-29 08:00:00,37836.98,37923.0,37544.94,37736.07,2819.87215
2022-01-29 12:00:00,37736.06,38198.82,37268.44,37566.82,6404.9232
2022-01-29 16:00:00,37567.98,37950.0,37317.37,37853.0,3330.83069
2022-01-29 20:00:00,37853.0,38720.74,37816.21,38166.84,6030.72394
2022-01-30 00:00:00,38166.83,38281.24,37737.49,37917.13,3377.96921
2022-01-30 04:00:00,37917.13,38300.0,37901.17,38244.98,2678.99042
2022-01-30 08:00:00,38244.98,38359.26,37795.0,38110.02,4712.87374
2022-01-30 12:00:00,38110.03,38153.82,37712.05,37980.09,2934.1298
2022-01-30 16:00:00,37977.47,38074.76,37442.52,37512.37,3351.24867
2022-01-30 20:00:00,37512.37,38230.0,37351.63,37881.76,4375.45343
2022-01-31 00:00:00,37881.75,37951.07,36632.61,37025.68,7138.36907
2022-01-31 04:00:00,37025.68,37196.91,36811.48,37121.83,3148.35918
2022-01-31 08:00:00,37121.84,37399.93,36880.0,37265.16,4020.70047
2022-01-31 12:00:00,37265.15,37900.0,36724.0,37722.91,8990.81294
2022-01-31 16:00:00,37722.91,38744.0,37671.46,38415.79,9491.10461
2022-01-31 20:00:00,38415.79,38737.99,38236.69,38466.9,4065.89953
2022-02-01 00:00:00,38466.9,38649.9,38175.86,38596.82,3549.58405
2022-02-01 04:00:00,38596.82,38644.57,38240.0,38440.77,3416.90805
2022-02-01 08:00:00,38440.76,39100.0,38000.0,38425.06,8201.00865
2022-02-01 12:00:00,38425.05,39034.47,38190.42,38630.33,8820.81241
2022-02-01 16:00:00,38630.32,39265.2,38341.06,38378.09,7309.57506
2022-02-01 20:00:00,38378.1,38889.0,38369.0,38694.59,3276.55841
2022-02-02 00:00:00,38694.59,38855.92,38374.78,38552.87,3300.89167
2022-02-02 04:00:00,38552.87,38555.33,38196.42,38284.69,3743.58713
2022-02-02 08:00:00,38282.14,38597.95,38225.0,38490.0,3440.8378
2022-02-02 12:00:00,38490.0,38773.41,37361.49,37429.78,10461.69509
2022-02-02 16:00:00,37429.78,37674.34,37066.66,37566.56,6853.10313
2022-02-02 20:00:00,37566.56,37662.14,36586.95,36896.36,7994.56648
2022-02-03 00:00:00,36896.37,37049.65,36720.01,36820.83,4617.34607
2022-02-03 04:00:00,36822.5,37093.03,36780.04,37024.16,4603.39848
2022-02-03 08:00:00,37024.16,37106.91,36250.73,36785.0,6375.43998
2022-02-03 12:00:00,36785.0,36976.89,36250.0,36910.05,6871.90736
2022-02-03 16:00:00,36910.06,37104.6,36449.43,36551.7,4410.35527
2022-02-03 20:00:00,36551.71,37387.0,36270.0,37311.61,5202.66283
2022-02-04 00:00:00,37311.98,37445.5,37026.73,37297.62,5055.04806
2022-02-04 04:00:00,37297.61,38222.0,37245.0,37869.31,8027.55596
2022-02-04 08:00:00,37869.31,38236.08,37763.74,37810.0,5816.12565
2022-02-04 12:00:00,37810.0,39819.91,37290.2,39490.87,20274.09013
2022-02-04 16:00:00,39490.88,40877.0,39442.89,40727.91,17077.62952
2022-02-04 20:00:00,40727.92,41772.33,40382.84,41574.25,8453.50942
2022-02-05 00:00:00,41571.7,41913.69,41173.36,41447.85,8208.78852
2022-02-05 04:00:00,41447.85,41748.18,41369.69,41379.99,4611.24918
2022-02-05 08:00:00,41379.99,41669.0,41099.92,41430.0,5220.42031
2022-02-05 12:00:00,41430.0,41899.54,41326.17,41761.85,6016.92671
2022-02-05 16:00:00,41761.87,41854.81,40843.01,41544.9,5915.46066
2022-02-05 20:00:00,41544.9,41771.85,41349.81,41382.59,2559.49834
2022-02-06 00:00:00,41382.6,41640.0,41340.35,41444.04,2064.25705
2022-02-06 04:00:00,41444.03,41714.18,41305.29,41612.33,2267.93171
2022-02-06 08:00:00,41612.32,41700.01,41444.0,41522.0,2030.31116
2022-02-06 12:00:00,41522.0,42168.0,41116.56,41519.49,7364.57563
2022-02-06 16:00:00,41519.48,41747.4,41417.23,41717.94,2735.98951
2022-02-06 20:00:00,41717.93,42656.0,41478.86,42380.87,5942.10198
2022-02-07 00:00:00,42380.87,42944.2,41645.85,42818.99,9921.46732
2022-02-07 04:00:00,42819.0,43000.0,42551.96,42723.92,5908.75547
2022-02-07 08:00:00,42723.91,42767.69,42234.09,42720.03,5775.99721
2022-02-07 12:00:00,42720.03,43895.02,42490.02,43835.59,11355.37938
2022-02-07 16:00:00,43835.59,44500.5,43484.91,44252.8,12059.29967
2022-02-07 20:00:00,44252.31,44438.93,43742.9,43839.99,6039.72101
2022-02-08 00:00:00,43839.99,44185.0,43555.72,44178.57,6089.41865
2022-02-08 04:00:00,44178.57,45492.0,44073.73,44855.0,12482.11456
2022-02-08 08:00:00,44855.0,44919.77,43520.96,43988.3,16705.18579
2022-02-08 12:00:00,43988.3,43988.31,42854.81,43429.31,12432.46818
2022-02-08 16:00:00,43429.32,43685.2,42666.0,42998.65,9095.17318
2022-02-08 20:00:00,43000.53,44393.36,42938.36,44042.99,8075.93351
2022-02-09 00:00:00,44043.0,44341.88,43117.92,43343.28,6322.35073
2022-02-09 04:00:00,43343.28,43918.52,43125.0,43807.75,4631.70351
2022-02-09 08:00:00,43807.75,43939.0,43181.91,43715.45,5258.09575
2022-02-09 12:00:00,43715.46,44471.4,43617.61,43867.63,7811.59416
2022-02-09 16:00:00,43867.63,44700.0,43579.66,44463.43,6189.45543
2022-02-09 20:00:00,44466.23,44799.0,44189.0,44372.72,4214.96771
2022-02-10 00:00:00,44372.71,44400.0,43542.14,43775.42,5357.42965
2022-02-10 04:00:00,43775.42,44131.6,43575.22,44092.42,3346.73043
2022-02-10 08:00:00,44092.43,45177.96,44055.86,44834.09,7254.84317
2022-02-10 12:00:00,44834.09,45669.71,43174.01,44947.1,24969.59606
2022-02-10 16:00:00,44947.12,45821.0,44341.07,44373.97,13381.10677
2022-02-10 20:00:00,44373.95,44601.14,43333.42,43495.44,8047.58483
2022-02-11 00:00:00,43495.44,43749.86,42600.0,43343.71,10110.9273
2022-02-11 04:00:00,43342.92,43416.22,42814.23,43359.25,3941.73806
2022-02-11 08:00:00,43359.24,43600.0,42851.0,43357.53,5475.47369
2022-02-11 12:00:00,43357.53,43920.0,43253.31,43669.01,7581.1017
2022-02-11 16:00:00,43669.02,43767.16,42050.0,42742.63,10610.87665
2022-02-11 20:00:00,42742.63,42865.58,41938.51,42373.73,7255.0513
2022-02-12 00:00:00,42373.73,42485.66,42156.99,42288.46,3288.29465
2022-02-12 04:00:00,42288.45,42428.3,41688.88,42103.94,4367.69845
2022-02-12 08:00:00,42103.94,42459.06,41888.82,42406.48,3812.64672
2022-02-12 12:00:00,42406.48,42445.85,41800.13,42123.93,4622.69088
2022-02-12 16:00:00,42123.92,43079.49,41995.2,42662.47,6078.0721
2022-02-12 20:00:00,42662.47,42752.99,41700.0,42217.87,4387.45401
2022-02-13 00:00:00,42217.87,42508.47,42057.26,42230.0,2330.39143
2022-02-13 04:00:00,42229.99,42490.01,42119.35,42412.4,1777.84404
2022-02-13 08:00:00,42412.39,42654.64,42243.48,42470.73,2634.53051
2022-02-13 12:00:00,42470.72,42760.0,42138.17,42559.97,3618.82766
2022-02-13 16:00:00,42559.97,42580.0,41870.0,42031.16,4470.06705
2022-02-13 20:00:00,42031.17,42497.85,41929.42,42053.66,2900.42044
2022-02-14 00:00:00,42053.65,42180.04,41550.56,41916.43,5168.08194
2022-02-14 04:00:00,41916.42,42368.21,41734.7,42314.42,3722.30411
2022-02-14 08:00:00,42314.42,42415.0,41922.48,42117.87,4919.49954
2022-02-14 12:00:00,42112.71,42842.4,41961.13,42584.97,8465.74177
2022-02-14 16:00:00,42584.97,42818.35,41803.17,42119.31,7727.34218
2022-02-14 20:00:00,42119.31,42800.0,41933.95,42535.94,4007.16106
2022-02-15 00:00:00,42535.94,43700.0,42427.03,43567.76,7369.37671
2022-02-15 04:00:00,43567.75,43781.97,43397.1,43691.57,4329.57517
2022-02-15 08:00:00,43691.57,44425.85,43608.67,44233.6,9378.32292
2022-02-15 12:00:00,44233.6,44500.0,44024.03,44198.96,7094.5811
2022-02-15 16:00:00,44198.97,44259.37,43846.07,43993.95,4915.19058
2022-02-15 20:00:00,43993.94,44751.4,43941.28,44544.86,5008.14928
2022-02-16 00:00:00,44544.85,44549.97,43877.18,43971.26,4792.55593
2022-02-16 04:00:00,43971.27,44191.77,43673.92,44184.2,3811.49504
2022-02-16 08:00:00,44184.19,44327.55,43876.0,44173.15,3718.85182
2022-02-16 12:00:00,44173.15,44214.11,43307.0,43598.63,7100.1711
2022-02-16 16:00:00,43598.62,44344.64,43350.0,44220.0,6131.78678
2022-02-16 20:00:00,44219.99,44376.58,43823.09,43873.56,2917.01203
2022-02-17 00:00:00,43873.56,44164.71,43575.04,43583.05,3545.31414
2022-02-17 04:00:00,43580.0,43950.0,43350.0,43919.46,4058.38755
2022-02-17 08:00:00,43919.46,44022.36,42900.0,43164.05,7089.09929
2022-02-17 12:00:00,43164.05,43340.65,41700.0,41925.44,12817.3617
2022-02-17 16:00:00,41925.44,42111.0,40750.02,41201.62,11025.4262
2022-02-17 20:00:00,41204.22,41204.22,40073.21,40515.7,8710.40606
2022-02-18 00:00:00,40515.71,40950.0,40300.0,40691.98,5300.41799
2022-02-18 04:00:00,40691.97,40780.64,40493.31,40665.81,3464.12026
2022-02-18 08:00:00,40665.81,40959.88,40101.01,40178.94,5962.75694
2022-02-18 12:00:00,40178.95,40799.0,39616.72,39832.03,15730.488
2022-02-18 16:00:00,39832.02,40438.27,39450.0,40216.8,9738.09073
2022-02-18 20:00:00,40216.79,40286.09,39711.31,39974.44,3650.04849
2022-02-19 00:00:00,39974.45,40307.22,39915.89,40125.12,2584.5293
2022-02-19 04:00:00,40125.13,40444.32,40060.88,40263.71,2279.67412
2022-02-19 08:00:00,40263.7,40301.11,39648.6,39842.54,4264.32645
2022-02-19 12:00:00,39842.53,40076.94,39639.03,39969.93,3923.19584
2022-02-19 16:00:00,39969.92,40345.62,39850.0,39974.66,3240.99581
2022-02-19 20:00:00,39974.66,40140.0,39800.0,40079.17,1749.33358
2022-02-20 00:00:00,40079.17,40125.44,39700.0,39794.59,2330.8553
2022-02-20 04:00:00,39794.59,39843.59,38581.1,38796.64,9438.50276
2022-02-20 08:00:00,38796.63,38836.18,38000.0,38343.99,9315.50139
2022-02-20 12:00:00,38343.99,38616.0,38022.0,38335.04,4624.96929
2022-02-20 16:00:00,38337.2,38507.31,38180.1,38397.22,2783.66492
2022-02-20 20:00:00,38397.22,38979.12,38048.49,38386.89,4945.79645
2022-02-21 00:00:00,38386.89,39388.0,38182.98,38919.25,6481.37951
2022-02-21 04:00:00,38919.25,39494.35,38909.26,39294.07,4179.79433
2022-02-21 08:00:00,39294.06,39362.15,37348.49,37577.33,10358.56868
2022-02-21 12:00:00,37576.1,39283.07,37213.63,38827.94,17003.85957
2022-02-21 16:00:00,38827.93,39141.41,37500.0,38135.21,12272.80546
2022-02-21 20:00:00,38135.2,38448.27,36800.0,37008.16,12051.27741
2022-02-22 00:00:00,37008.16,37468.35,36350.0,36591.06,11180.78409
2022-02-22 04:00:00,36591.06,37250.23,36515.87,36771.66,8523.06137
2022-02-22 08:00:00,36771.65,37865.0,36756.53,37519.48,8567.41295
2022-02-22 12:00:00,37519.47,38298.48,37274.38,37759.9,11164.11113
2022-02-22 16:00:00,37759.9,38169.08,37380.0,38065.32,9337.43038
2022-02-22 20:00:00,38065.32,38429.0,37755.01,38230.33,5013.14597
2022-02-23 00:00:00,38230.33,38354.56,37528.33,37750.67,5041.08267
2022-02-23 04:00:00,37750.66,38213.11,37712.93,38151.17,4692.47418
2022-02-23 08:00:00,38151.16,39125.47,38081.12,38782.91,8941.95274
2022-02-23 12:00:00,38782.91,39249.93,38450.0,38512.51,8262.37861
2022-02-23 16:00:00,38512.51,38780.0,37536.0,37615.81,9521.08684
2022-02-23 20:00:00,37615.81,37796.36,37036.79,37250.01,7101.75696
2022-02-24 00:00:00,37250.02,37427.81,34720.53,34936.89,21666.07603
2022-02-24 04:00:00,34936.9,35515.83,34322.28,35312.05,26065.63785
2022-02-24 08:00:00,35312.04,35885.0,34818.09,35442.22,19463.61471
2022-02-24 12:00:00,35442.23,36100.0,35035.0,35919.96,18084.928
2022-02-24 16:00:00,35919.96,37366.36,35721.96,37300.0,16813.29053
2022-02-24 20:00:00,37300.0,39843.0,37286.02,38327.21,18382.74746
2022-02-25 00:00:00,38328.68,39030.01,38138.54,38923.36,8429.24948
2022-02-25 04:00:00,38923.37,38942.46,38291.61,38466.24,7750.77677
2022-02-25 08:00:00,38466.25,38876.91,38014.37,38745.01,10204.21877
2022-02-25 12:00:00,38745.0,39683.53,38700.0,39410.92,15915.93241
2022-02-25 16:00:00,39415.46,39588.82,38537.91,38676.14,8447.04822
2022-02-25 20:00:00,38676.13,39600.0,38601.0,39219.17,5827.3456
2022-02-26 00:00:00,39219.16,40348.45,39076.14,39390.33,7233.92452
2022-02-26 04:00:00,39390.33,39468.73,38910.11,39200.0,3896.27291
2022-02-26 08:00:00,39200.0,39546.0,38573.18,38928.21,5787.64974
2022-02-26 12:00:00,38928.22,39378.6,38772.15,39215.66,4603.87506
2022-02-26 16:00:00,39215.66,39440.0,38823.08,39254.12,3858.90802
2022-02-26 20:00:00,39254.12,39700.0,38911.0,39116.72,3980.62655
2022-02-27 00:00:00,39116.73,39256.58,38189.19,38606.81,5718.57932
2022-02-27 04:00:00,38606.8,38875.99,38458.8,38790.93,2804.70811
2022-02-27 08:00:00,38790.92,39548.17,38621.57,39479.8,5715.77884
2022-02-27 12:00:00,39479.8,39855.7,38565.14,39357.03,10874.89378
2022-02-27 16:00:00,39357.03,39450.94,37500.0,37606.49,7929.41099
2022-02-27 20:00:00,37604.4,38299.39,37000.0,37699.07,13186.07615
2022-02-28 00:00:00,37699.08,38483.53,37450.17,37793.8,6810.98035
2022-02-28 04:00:00,37793.8,38478.28,37451.56,38347.58,6443.46493
2022-02-28 08:00:00,38347.58,38672.96,38088.71,38333.65,5955.76279
2022-02-28 12:00:00,38333.65,40898.0,37934.89,40824.96,21844.85641
2022-02-28 16:00:00,40824.96,41463.41,40693.18,41329.44,14814.15253
2022-02-28 20:00:00,41329.44,44225.84,41248.41,43160.0,18076.42157
2022-03-01 00:00:00,43160.0,43750.0,42855.2,43147.71,9905.06568
2022-03-01 04:00:00,43147.71,43562.35,43040.15,43492.96,5673.12384
2022-03-01 08:00:00,43492.96,43887.0,42809.98,43609.96,9959.40661
2022-03-01 12:00:00,43609.96,44949.0,43350.0,43643.69,21058.89224
2022-03-01 16:00:00,43643.69,44078.65,43111.46,43719.49,8785.545
2022-03-01 20:00:00,43719.49,44506.65,43684.16,44421.2,6361.06536
2022-03-02 00:00:00,44421.2,44750.0,43819.97,44324.65,9115.71853
2022-03-02 04:00:00,44324.64,44534.79,43653.63,43973.09,7184.41025
2022-03-02 08:00:00,43973.09,44341.25,43738.27,44103.28,7152.87993
2022-03-02 12:00:00,44103.29,45400.0,43334.09,44126.52,21359.60222
2022-03-02 16:00:00,44126.51,44498.02,43433.0,43704.42,8477.12281
2022-03-02 20:00:00,43704.41,44380.0,43681.3,43892.98,4492.91707
2022-03-03 00:00:00,43892.99,44063.15,43193.52,43305.77,7348.58337
2022-03-03 04:00:00,43305.76,43696.83,42915.06,43477.05,5660.75266
2022-03-03 08:00:00,43477.04,43621.22,43064.46,43382.23,5817.41058
2022-03-03 12:00:00,43382.23,44101.12,42348.56,42547.34,15475.0994
2022-03-03 16:00:00,42547.34,42750.0,42055.64,42226.74,10016.31451
2022-03-03 20:00:00,42226.74,42703.65,41832.28,42454.0,6622.44969
2022-03-04 00:00:00,42454.0,42527.3,41069.91,41449.94,10458.06502
2022-03-04 04:00:00,41449.93,41499.48,41100.0,41436.98,5420.09009
2022-03-04 08:00:00,41436.98,41904.88,40863.01,41662.07,9526.57356
2022-03-04 12:00:00,41662.06,41833.0,40550.04,40694.32,13689.02138
2022-03-04 16:00:00,40694.32,40958.66,39665.72,39782.13,10513.61893
2022-03-04 20:00:00,39782.13,39879.48,38550.0,39148.66,12357.316
2022-03-05 00:00:00,39148.65,39197.94,38564.04,39050.62,7175.73335
2022-03-05 04:00:00,39050.61,39140.51,38407.59,39016.73,5018.80536
2022-03-05 08:00:00,39016.74,39294.47,38784.69,39129.59,5153.17248
2022-03-05 12:00:00,39129.58,39371.15,38889.75,39160.01,4387.08916
2022-03-05 16:00:00,39160.0,39613.24,39122.33,39433.71,5368.18462
2022-03-05 20:00:00,39433.71,39583.66,39281.23,39397.96,3260.14844
2022-03-06 00:00:00,39397.97,39693.87,39275.0,39300.54,3150.76731
2022-03-06 04:00:00,39300.53,39656.89,38814.73,39387.57,5535.09217
2022-03-06 08:00:00,39387.56,39387.57,38088.57,38352.48,9928.79688
2022-03-06 12:00:00,38352.48,39056.16,38296.12,38862.61,7071.5964
2022-03-06 16:00:00,38862.62,39368.4,38518.56,38670.66,5865.66309
2022-03-06 20:00:00,38670.65,39273.79,38127.0,38420.81,8125.34573
2022-03-07 00:00:00,38420.8,38555.85,37578.03,37869.45,10970.36124
2022-03-07 04:00:00,37869.46,38247.48,37760.08,37895.24,5537.27588
2022-03-07 08:00:00,37895.24,38399.54,37649.46,38337.05,7208.81739
2022-03-07 12:00:00,38337.05,39285.0,38337.05,39071.48,12941.62206
2022-03-07 16:00:00,39071.49,39547.57,37192.78,37308.94,16135.35156
2022-03-07 20:00:00,37308.94,38517.82,37155.0,37988.0,11200.68746
2022-03-08 00:00:00,37988.01,38972.08,37867.65,38695.87,8258.29547
2022-03-08 04:00:00,38696.56,38831.7,38001.0,38547.79,7602.81674
2022-03-08 08:00:00,38547.79,39186.58,38460.28,38983.05,8572.44337
2022-03-08 12:00:00,38983.05,39226.99,38307.07,38658.34,13115.84878
2022-03-08 16:00:00,38658.34,39362.08,38139.84,38764.88,13936.82276
2022-03-08 20:00:00,38764.87,38897.68,38388.73,38730.63,4096.83926
2022-03-09 00:00:00,38730.63,41448.84,38656.45,41217.73,15046.79735
2022-03-09 04:00:00,41217.73,41884.0,41217.72,41791.1,12529.14324
2022-03-09 08:00:00,41791.1,42438.81,41626.28,42151.66,12223.35193
2022-03-09 12:00:00,42151.65,42594.06,41626.86,42520.99,13744.13345
2022-03-09 16:00:00,42520.99,42558.96,41773.19,42204.65,8531.43225
2022-03-09 20:00:00,42204.65,42320.0,41683.06,41941.71,5317.72977
2022-03-10 00:00:00,41941.7,42039.63,40545.08,40768.51,13241.63659
2022-03-10 04:00:00,40768.5,40834.93,38848.48,39238.9,17288.84532
2022-03-10 08:00:00,39238.9,39317.32,38782.14,39076.38,8672.147
2022-03-10 12:00:00,39076.39,40292.44,38539.73,39179.54,20530.94137
2022-03-10 16:00:00,39179.55,39567.05,38904.63,39430.56,7255.40933
2022-03-10 20:00:00,39431.8,39680.0,39050.0,39422.0,4973.95193
2022-03-11 00:00:00,39422.01,39439.65,38223.6,38714.97,9879.2669
2022-03-11 04:00:00,38714.97,39348.87,38337.03,39132.09,8188.20221
2022-03-11 08:00:00,39132.1,40219.34,38806.86,39893.68,11697.23979
2022-03-11 12:00:00,39894.08,40236.26,38908.0,39080.26,15204.56918
2022-03-11 16:00:00,39080.26,39094.84,38500.0,38792.59,7869.25806
2022-03-11 20:00:00,38792.58,39177.48,38308.83,38729.57,6180.22806
2022-03-12 00:00:00,38729.57,39327.99,38660.52,39088.94,4198.07907
2022-03-12 04:00:00,39088.93,39261.46,38931.8,39104.99,2950.84658
2022-03-12 08:00:00,39104.99,39284.46,38957.47,39079.16,3429.12969
2022-03-12 12:00:00,39079.17,39262.95,38678.22,39042.04,5595.52404
2022-03-12 16:00:00,39042.05,39486.71,38930.71,39030.08,5295.93547
2022-03-12 20:00:00,39030.08,39210.0,38730.67,38807.36,2564.84947
2022-03-13 00:00:00,38807.35,39276.28,38703.73,39194.08,3650.74171
2022-03-13 04:00:00,39194.07,39310.0,39069.0,39089.77,1960.16548
2022-03-13 08:00:00,39089.76,39129.22,38601.81,38741.12,5962.88967
2022-03-13 12:00:00,38741.13,39074.93,38370.0,38936.0,7476.32059
2022-03-13 16:00:00,38936.0,39067.0,38851.0,38869.02,4054.20523
2022-03-13 20:00:00,38869.02,38869.03,37578.51,37777.34,9687.50091
2022-03-14 00:00:00,37777.35,38357.75,37555.0,38144.05,7000.92466
2022-03-14 04:00:00,38144.06,39184.66,38126.29,39078.92,9181.27032
2022-03-14 08:00:00,39078.91,39299.98,38842.89,38897.64,6291.24657
2022-03-14 12:00:00,38897.64,39174.79,38612.01,38964.25,9114.5844
2022-03-14 16:00:00,38964.26,39055.0,38415.4,38813.0,6657.7489
2022-03-14 20:00:00,38814.18,39947.12,38606.41,39671.37,8699.6789
2022-03-15 00:00:00,39671.37,39804.68,38636.7,38768.41,7491.23953
2022-03-15 04:00:00,38768.41,38990.61,38098.33,38439.5,5984.59376
2022-03-15 08:00:00,38439.5,38786.74,38254.35,38645.01,5916.53334
2022-03-15 12:00:00,38645.01,39270.24,38465.7,39017.11,10179.52294
2022-03-15 16:00:00,39017.11,39805.43,38926.15,39735.71,9433.64246
2022-03-15 20:00:00,39735.71,39887.61,39232.61,39280.33,7010.01723
2022-03-16 00:00:00,39280.33,41718.0,38828.48,39160.0,24749.55977
2022-03-16 04:00:00,39160.0,39676.65,38911.0,39581.0,7298.36776
2022-03-16 08:00:00,39581.01,40731.3,39563.63,40521.6,12080.41639
2022-03-16 12:00:00,40521.6,41194.6,40252.06,40611.67,11683.65246
2022-03-16 16:00:00,40611.67,40950.0,39311.53,40880.17,23724.79742
2022-03-16 20:00:00,40880.17,41471.36,40766.19,41114.0,8583.96787
2022-03-17 00:00:00,41114.01,41393.01,40820.0,41014.71,5566.36553
2022-03-17 04:00:00,41014.71,41478.82,40543.52,40726.05,7810.9385
2022-03-17 08:00:00,40726.06,40899.92,40500.0,40748.51,5658.62207
2022-03-17 12:00:00,40748.5,41233.27,40704.89,40798.56,9003.23037
2022-03-17 16:00:00,40798.56,40890.11,40565.39,40871.85,5007.97847
2022-03-17 20:00:00,40871.86,41068.9,40639.77,40917.9,4142.24593
2022-03-18 00:00:00,40917.89,40933.11,40215.59,40522.19,5738.83291
2022-03-18 04:00:00,40522.18,40897.0,40432.35,40570.67,4281.13523
2022-03-18 08:00:00,40570.67,40750.0,40135.04,40390.41,6651.79284
2022-03-18 12:00:00,40390.4,41072.96,40300.0,40931.08,10200.53689
2022-03-18 16:00:00,40931.08,42063.97,40904.98,42042.72,12415.50079
2022-03-18 20:00:00,42042.71,42325.02,41625.36,41757.51,6120.21103
2022-03-19 00:00:00,41757.51,42000.0,41499.29,41793.66,5218.14469
2022-03-19 04:00:00,41793.65,41944.64,41535.22,41610.0,4235.89955
2022-03-19 08:00:00,41609.99,41791.52,41575.06,41721.78,3237.65726
2022-03-19 12:00:00,41721.78,42085.62,41652.9,41937.68,5750.52325
2022-03-19 16:00:00,41937.68,42163.5,41802.02,42034.88,5383.35958
2022-03-19 20:00:00,42034.87,42400.0,41715.43,42201.13,5241.59675
2022-03-20 00:00:00,42201.13,42296.26,41770.38,41942.34,5015.94482
2022-03-20 04:00:00,41941.99,42007.99,41751.99,41863.99,2886.613
2022-03-20 08:00:00,41863.99,41937.99,41575.0,41586.86,4753.40295
2022-03-20 12:00:00,41586.85,41699.0,41252.67,41340.3,6614.41742
2022-03-20 16:00:00,41340.3,41502.83,40911.0,41379.03,6481.66859
2022-03-20 20:00:00,41379.03,41677.65,41092.02,41262.11,4901.2879
2022-03-21 00:00:00,41262.11,41451.51,40467.94,40832.93,7261.00076
2022-03-21 04:00:00,40832.93,41136.17,40714.81,41102.01,4864.23713
2022-03-21 08:00:00,41102.0,41492.14,41084.01,41244.28,5050.95847
2022-03-21 12:00:00,41244.27,41544.22,40738.48,41224.48,10323.79608
2022-03-21 16:00:00,41224.48,41240.31,40759.18,41180.55,7176.7383
2022-03-21 20:00:00,41180.54,41370.0,40950.0,41002.25,4749.51803
2022-03-22 00:00:00,41002.26,42497.0,40875.51,42236.46,11654.98743
2022-03-22 04:00:00,42236.46,43361.0,41995.01,42215.94,18144.16022
2022-03-22 08:00:00,42215.95,43030.2,42085.74,42983.0,9485.29709
2022-03-22 12:00:00,42983.0,43199.0,42561.28,42573.81,9904.1804
2022-03-22 16:00:00,42573.8,42711.37,42263.01,42284.41,5447.50326
2022-03-22 20:00:00,42284.4,42872.17,42258.68,42364.13,4818.81454
2022-03-23 00:00:00,42364.13,42529.99,41884.0,42073.94,6846.35632
2022-03-23 04:00:00,42073.93,42259.38,41751.47,42107.74,5390.38343
2022-03-23 08:00:00,42107.73,42345.32,41878.82,42039.78,5650.57243
2022-03-23 12:00:00,42039.77,42737.39,41881.0,42618.18,10523.35724
2022-03-23 16:00:00,42618.18,42775.1,42050.37,42216.79,7340.03063
2022-03-23 20:00:00,42216.79,43025.96,42189.73,42882.76,5078.17034
2022-03-24 00:00:00,42882.76,43276.12,42650.0,42712.87,8905.94483
2022-03-24 04:00:00,42712.87,43478.0,42712.87,43077.74,7224.44292
2022-03-24 08:00:00,43077.75,43220.0,42840.92,42968.42,8206.3162
2022-03-24 12:00:00,42968.42,44036.93,42560.46,44000.01,17945.99811
2022-03-24 16:00:00,44000.0,44220.89,43757.1,43908.3,9808.20456
2022-03-24 20:00:00,43908.31,44100.0,43807.27,43991.46,4104.21712
2022-03-25 00:00:00,43991.46,44398.53,43854.38,43968.16,8361.26981
2022-03-25 04:00:00,43968.17,44200.0,43901.1,43904.97,5719.13599
2022-03-25 08:00:00,43904.97,44664.2,43579.0,44585.28,10333.74698
2022-03-25 12:00:00,44585.28,45094.14,44187.69,44318.21,16135.33131
2022-03-25 16:00:00,44318.21,44596.29,44013.11,44444.95,10218.984
2022-03-25 20:00:00,44444.94,44646.06,44230.59,44313.16,3845.96839
2022-03-26 00:00:00,44313.16,44453.48,44071.97,44394.03,3974.29447
2022-03-26 04:00:00,44394.04,44548.24,44355.98,44510.07,3247.63658
2022-03-26 08:00:00,44510.07,44578.0,44318.94,44334.49,2685.45393
2022-03-26 12:00:00,44334.5,44397.78,44153.94,44205.31,4295.28601
2022-03-26 16:00:00,44205.3,44464.92,44140.76,44367.49,3615.69321
2022-03-26 20:00:00,44367.49,44792.99,44255.0,44511.27,5223.25321
2022-03-27 00:00:00,44511.27,44950.0,44484.11,44713.01,4469.60325
2022-03-27 04:00:00,44713.01,44759.17,44542.01,44734.06,2320.84271
2022-03-27 08:00:00,44734.06,44747.94,44469.38,44569.5,2773.77607
2022-03-27 12:00:00,44569.5,44933.45,44421.46,44857.52,5248.21988
2022-03-27 16:00:00,44857.53,45036.04,44740.0,44830.66,4587.3898
2022-03-27 20:00:00,44830.66,46999.0,44678.12,46827.76,22475.079
2022-03-28 00:00:00,46827.76,47650.0,46663.56,47049.4,10549.02693
2022-03-28 04:00:00,47049.4,47371.99,46716.83,46989.24,12013.47897
2022-03-28 08:00:00,46989.24,47383.05,46845.98,47252.54,6933.47892
2022-03-28 12:00:00,47252.54,47908.05,47123.54,47422.51,11848.77205
2022-03-28 16:00:00,47422.51,48189.84,47300.65,47956.28,9757.82491
2022-03-28 20:00:00,47956.28,48094.11,46885.44,47122.21,7846.67962
2022-03-29 00:00:00,47122.21,47606.01,47050.0,47335.06,5242.31903
2022-03-29 04:00:00,47335.06,47753.75,47320.65,47344.44,4147.90595
2022-03-29 08:00:00,47344.45,47963.24,47334.69,47896.1,4998.62033
2022-03-29 12:00:00,47896.09,48096.47,47345.0,47440.0,9496.85179
2022-03-29 16:00:00,47440.0,47871.02,47105.5,47701.49,7773.60832
2022-03-29 20:00:00,47701.49,47726.0,46950.85,47434.8,5112.97915
2022-03-30 00:00:00,47434.79,47457.16,46445.42,47435.46,8942.75297
2022-03-30 04:00:00,47435.46,47580.0,47140.46,47384.44,4722.32882
2022-03-30 08:00:00,47384.44,47500.0,47064.81,47319.91,5439.23494
2022-03-30 12:00:00,47319.92,47344.5,46869.0,47160.81,7265.53761
2022-03-30 16:00:00,47160.82,47700.22,46831.81,47073.89,8802.69815
2022-03-30 20:00:00,47073.89,47292.68,46850.0,47067.99,5774.65601
2022-03-31 00:00:00,47067.99,47425.21,46973.91,47095.56,4280.41163
2022-03-31 04:00:00,47095.55,47170.71,46898.12,47160.76,4422.89888
2022-03-31 08:00:00,47160.75,47386.7,47000.0,47152.01,5507.35999
2022-03-31 12:00:00,47152.0,47600.0,46230.0,46453.81,15381.45344
2022-03-31 16:00:00,46453.81,46492.65,45500.0,45581.97,12667.58267
2022-03-31 20:00:00,45581.98,45849.99,45200.0,45510.34,6385.42006
2022-04-01 00:00:00,45510.35,45644.86,44200.0,44599.98,14410.94822
2022-04-01 04:00:00,44599.98,45110.81,44547.11,45015.69,7181.44137
2022-04-01 08:00:00,45015.68,45323.91,44990.48,45064.26,7590.61016
2022-04-01 12:00:00,45064.25,46720.09,44701.01,46532.0,15768.41543
2022-04-01 16:00:00,46531.99,46602.0,45893.98,46361.68,7952.53781
2022-04-01 20:00:00,46361.68,46439.56,46075.85,46283.49,3367.11175
2022-04-02 00:00:00,46283.49,47213.0,46081.93,46599.93,9564.4453
2022-04-02 04:00:00,46599.93,46684.4,46410.63,46584.49,3312.28456
2022-04-02 08:00:00,46584.49,46753.15,46490.0,46542.84,3811.25251
2022-04-02 12:00:00,46542.84,46941.11,46130.03,46295.06,8475.56753
2022-04-02 16:00:00,46295.06,46487.01,45620.0,46120.24,7753.19688
2022-04-02 20:00:00,46120.25,46350.0,45756.94,45811.0,4156.78904
2022-04-03 00:00:00,45810.99,46065.83,45530.92,45943.25,4954.07978
2022-04-03 04:00:00,45943.26,46570.0,45927.83,46363.82,4141.72984
2022-04-03 08:00:00,46363.83,46446.8,46076.92,46252.59,3152.176
2022-04-03 12:00:00,46252.59,46723.0,46188.0,46412.49,5776.66468
2022-04-03 16:00:00,46412.49,46770.65,46220.16,46405.5,5166.903
2022-04-03 20:00:00,46405.49,47444.11,46248.84,46407.35,10203.12464
2022-04-04 00:00:00,46407.36,46461.14,45744.77,46005.44,7375.82693
2022-04-04 04:00:00,46005.43,46293.38,45834.39,46173.99,3996.75378
2022-04-04 08:00:00,46174.0,46287.97,45787.0,46160.09,5813.68717
2022-04-04 12:00:00,46160.08,46359.0,45555.0,45633.88,8560.10686
2022-04-04 16:00:00,45633.88,45940.35,45118.0,45925.76,8733.10369
2022-04-04 20:00:00,45925.77,46890.71,45626.02,46580.51,10162.39671
2022-04-05 00:00:00,46580.5,46777.77,46412.62,46645.82,4322.48655
2022-04-05 04:00:00,46645.83,46884.49,46549.82,46709.99,3706.01335
2022-04-05 08:00:00,46710.0,46740.0,46522.52,46683.37,4846.45957
2022-04-05 12:00:00,46683.37,47200.0,45667.4,45763.72,15296.13723
2022-04-05 16:00:00,45763.73,46191.0,45457.89,46032.5,8872.01249
2022-04-05 20:00:00,46032.49,46107.58,45353.81,45497.55,5149.63933
2022-04-06 00:00:00,45497.54,45506.67,44412.0,45215.88,9707.16772
2022-04-06 04:00:00,45215.88,45507.14,45119.0,45276.04,4201.27513
2022-04-06 08:00:00,45276.04,45453.94,44665.91,44819.19,7755.69849
2022-04-06 12:00:00,44819.19,44999.99,43705.64,44168.35,17138.95125
2022-04-06 16:00:00,44168.36,44298.61,43177.11,43754.57,16441.42217
2022-04-06 20:00:00,43754.56,44041.1,43121.0,43170.47,5604.8146
2022-04-07 00:00:00,43170.47,43559.09,42727.35,43294.04,8445.68077
2022-04-07 04:00:00,43294.04,43545.74,43210.47,43445.33,4562.68512
2022-04-07 08:00:00,43445.34,43834.52,43269.5,43766.74,5920.47052
2022-04-07 12:00:00,43766.75,43900.99,43024.86,43331.81,8813.56457
2022-04-07 16:00:00,43331.82,43819.99,43266.68,43388.92,6100.29038
2022-04-07 20:00:00,43388.93,43750.0,43208.0,43444.19,3553.8502
2022-04-08 00:00:00,43444.2,43694.15,43305.57,43605.96,3345.33727
2022-04-08 04:00:00,43605.95,43780.32,43416.74,43763.52,3912.96402
2022-04-08 08:00:00,43763.53,43970.62,43260.76,43298.79,6336.35221
2022-04-08 12:00:00,43298.79,43961.99,42751.01,43648.01,11705.21542
2022-04-08 16:00:00,43648.01,43714.97,42414.0,42730.84,11485.61355
2022-04-08 20:00:00,42730.84,42870.7,42107.14,42252.01,5589.55956
2022-04-09 00:00:00,42252.02,42466.87,42125.48,42380.0,4046.8072
2022-04-09 04:00:00,42380.0,42640.0,42341.79,42481.09,2773.96788
2022-04-09 08:00:00,42481.08,42540.0,42322.72,42445.1,2234.73344
2022-04-09 12:00:00,42445.09,42522.44,42158.67,42260.77,3508.45774
2022-04-09 16:00:00,42253.02,42631.69,42183.6,42511.94,2968.70506
2022-04-09 20:00:00,42511.95,42800.0,42390.0,42753.97,2358.98915
2022-04-10 00:00:00,42753.96,42896.64,42591.0,42785.72,2114.08706
2022-04-10 04:00:00,42785.72,42799.0,42575.4,42633.59,1825.05163
2022-04-10 08:00:00,42633.59,42716.75,42433.49,42680.36,2351.22423
2022-04-10 12:00:00,42680.35,42850.0,42525.0,42747.47,3050.71305
2022-04-10 16:00:00,42747.48,43310.15,42659.64,43235.77,4703.48697
2022-04-10 20:00:00,43235.77,43410.3,41868.0,42158.85,8726.53109
2022-04-11 00:00:00,42158.85,42414.71,41755.0,42111.22,8832.70042
2022-04-11 04:00:00,42111.21,42350.29,42084.56,42305.75,3608.11066
2022-04-11 08:00:00,42305.74,42350.0,40968.11,41067.63,13854.6847
2022-04-11 12:00:00,41067.64,41246.61,40560.0,40581.51,11567.04522
2022-04-11 16:00:00,40581.52,40896.83,39770.35,39985.33,13057.0544
2022-04-11 20:00:00,39985.34,40269.6,39200.0,39530.45,12640.85181
2022-04-12 00:00:00,39530.45,39852.95,39290.0,39747.13,8594.24884
2022-04-12 04:00:00,39747.14,40196.39,39624.71,40183.97,9380.43138
2022-04-12 08:00:00,40183.97,40464.0,40016.09,40378.0,6922.5064
2022-04-12 12:00:00,40378.0,40699.0,39800.0,40179.13,16444.5575
2022-04-12 16:00:00,40179.12,40376.8,39261.39,39303.1,10032.65806
2022-04-12 20:00:00,39303.1,40289.02,39254.63,40074.94,6376.6156
2022-04-13 00:00:00,40074.95,40275.0,39588.54,40076.05,4933.4027
2022-04-13 04:00:00,40076.05,40228.41,39858.34,40130.0,3714.43456
2022-04-13 08:00:00,40129.99,40212.75,39656.1,39722.64,4869.76082
2022-04-13 12:00:00,39722.63,41411.0,39622.87,41158.18,15124.3087
2022-04-13 16:00:00,41158.18,41561.31,40829.0,41059.3,8546.39376
2022-04-13 20:00:00,41059.31,41404.58,41000.0,41147.79,4153.972
2022-04-14 00:00:00,41147.78,41500.0,41064.35,41320.0,4817.42357
2022-04-14 04:00:00,41320.0,41413.11,41156.9,41271.66,3408.77253
2022-04-14 08:00:00,41271.66,41324.93,40851.5,40919.99,5505.86335
2022-04-14 12:00:00,40919.99,41300.0,39925.21,39964.02,12296.30804
2022-04-14 16:00:00,39964.01,40069.0,39551.94,39775.82,7672.6547
2022-04-14 20:00:00,39775.81,40017.26,39662.46,39942.38,3105.99182
2022-04-15 00:00:00,39942.37,40207.25,39766.4,40200.94,3769.81294
2022-04-15 04:00:00,40200.95,40449.96,39953.2,40239.43,4129.25996
2022-04-15 08:00:00,40239.43,40399.0,40036.06,40220.0,4311.55812
2022-04-15 12:00:00,40220.0,40870.36,39900.0,40412.2,6246.80308
2022-04-15 16:00:00,40412.21,40650.01,40203.68,40313.35,3710.21959
2022-04-15 20:00:00,40313.35,40602.0,40281.35,40551.9,1858.7037
2022-04-16 00:00:00,40551.9,40709.35,40410.75,40434.12,2270.95062
2022-04-16 04:00:00,40434.11,40563.46,40353.54,40393.77,1920.77595
2022-04-16 08:00:00,40393.77,40492.91,40277.0,40416.95,2668.01806
2022-04-16 12:00:00,40416.94,40577.57,39991.55,40062.68,4161.89159
2022-04-16 16:00:00,40062.67,40250.0,40005.78,40210.0,1958.57229
2022-04-16 20:00:00,40210.01,40699.55,40185.45,40378.71,2825.23867
2022-04-17 00:00:00,40378.7,40423.0,40122.05,40230.86,1874.24876
2022-04-17 04:00:00,40230.87,40430.0,40226.55,40285.15,1312.93102
2022-04-17 08:00:00,40285.15,40529.79,40280.0,40464.77,2160.59711
2022-04-17 12:00:00,40464.77,40595.67,40200.0,40445.3,3535.93191
2022-04-17 16:00:00,40445.3,40476.07,39833.31,40370.46,4612.88726
2022-04-17 20:00:00,40370.46,40459.52,39546.17,39678.12,6491.89653
2022-04-18 00:00:00,39678.11,39896.98,39580.05,39813.17,4065.09868
2022-04-18 04:00:00,39813.17,39847.24,38536.51,38919.85,11629.0648
2022-04-18 08:00:00,38919.85,39138.49,38799.0,38998.54,4930.14575
2022-04-18 12:00:00,38998.54,39620.8,38998.54,39254.5,10628.02935
2022-04-18 16:00:00,39254.5,41116.73,39000.0,40680.68,17442.75352
2022-04-18 20:00:00,40680.68,41099.0,40632.51,40801.13,5548.40365
2022-04-19 00:00:00,40801.13,41263.43,40601.0,40693.79,5578.19072
2022-04-19 04:00:00,40693.79,40883.99,40571.0,40683.14,3258.67641
2022-04-19 08:00:00,40683.13,41026.89,40580.0,40687.3,4435.29003
2022-04-19 12:00:00,40687.3,41760.0,40662.26,41445.87,13200.66346
2022-04-19 16:00:00,41445.88,41547.65,41167.92,41417.24,5996.32668
2022-04-19 20:00:00,41417.23,41539.9,41212.94,41493.18,3319.71113
2022-04-20 00:00:00,41493.19,41541.23,41229.96,41386.14,3641.31802
2022-04-20 04:00:00,41386.14,41631.47,41261.58,41340.05,4742.30148
2022-04-20 08:00:00,41340.04,42199.0,41302.02,42090.0,9119.62037
2022-04-20 12:00:00,42090.01,42173.38,41054.1,41261.73,12177.96239
2022-04-20 16:00:00,41261.72,41452.46,40820.0,41193.89,7135.0335
2022-04-20 20:00:00,41193.89,41645.09,41140.0,41358.19,4061.11465
2022-04-21 00:00:00,41358.19,41785.48,41320.47,41693.58,4229.07933
2022-04-21 04:00:00,41693.58,41940.0,41419.2,41855.69,5346.09608
2022-04-21 08:00:00,41855.69,42690.0,41741.1,42440.0,12460.78719
2022-04-21 12:00:00,42440.01,42976.0,42085.65,42135.33,13997.77251
2022-04-21 16:00:00,42135.34,42184.04,41207.22,41218.81,10398.04183
2022-04-21 20:00:00,41218.82,41309.67,39751.0,40480.01,12884.49963
2022-04-22 00:00:00,40480.01,40658.19,40232.63,40502.11,7352.94819
2022-04-22 04:00:00,40502.1,40795.06,40293.0,40709.59,5959.19943
2022-04-22 08:00:00,40709.6,40783.54,40138.03,40585.54,6718.49576
2022-04-22 12:00:00,40585.54,40640.0,39320.02,39433.6,13727.26171
2022-04-22 16:00:00,39433.6,39786.62,39177.0,39502.92,9189.60356
2022-04-22 20:00:00,39502.92,39835.23,39401.0,39709.18,3716.51095
2022-04-23 00:00:00,39709.19,39872.64,39406.25,39463.02,3424.42174
2022-04-23 04:00:00,39463.01,39687.77,39285.0,39600.98,3627.32893
2022-04-23 08:00:00,39600.98,39686.64,39501.41,39602.93,3146.8226
2022-04-23 12:00:00,39602.93,39820.62,39535.22,39792.65,3639.12352
2022-04-23 16:00:00,39792.65,39980.0,39658.09,39755.32,3417.05054
2022-04-23 20:00:00,39755.31,39948.27,39327.58,39441.6,3036.67642
2022-04-24 00:00:00,39441.61,39828.0,39414.18,39776.57,3737.20007
2022-04-24 04:00:00,39776.56,39815.42,39629.99,39751.38,2413.5113
2022-04-24 08:00:00,39751.38,39803.74,39544.91,39609.11,2217.0049
2022-04-24 12:00:00,39609.11,39940.0,39351.58,39656.49,6038.63715
2022-04-24 16:00:00,39656.49,39807.94,38929.62,39703.74,9005.87557
2022-04-24 20:00:00,39703.74,39771.6,39426.01,39450.13,3291.38287
2022-04-25 00:00:00,39450.12,39500.84,38674.0,39253.71,9214.09166
2022-04-25 04:00:00,39253.7,39256.28,38200.0,38453.92,9507.95589
2022-04-25 08:00:00,38453.92,38947.89,38209.36,38832.29,8652.09865
2022-04-25 12:00:00,38832.29,39420.0,38578.6,38976.76,15384.14231
2022-04-25 16:00:00,38976.76,40384.61,38911.57,40225.97,15129.76861
2022-04-25 20:00:00,40225.98,40616.0,40046.34,40426.08,5149.07072
2022-04-26 00:00:00,40426.08,40773.65,40374.23,40535.29,5746.80925
2022-04-26 04:00:00,40535.29,40690.47,40375.01,40584.5,5433.72885
2022-04-26 08:00:00,40584.5,40797.31,40229.41,40467.03,6014.80782
2022-04-26 12:00:00,40467.03,40625.0,38550.0,38563.94,18663.20091
2022-04-26 16:00:00,38563.94,38886.51,37842.49,38270.03,20172.92676
2022-04-26 20:00:00,38270.03,38463.4,37702.26,38112.65,10618.78441
2022-04-27 00:00:00,38112.64,38486.87,37881.31,38343.18,6183.75842
2022-04-27 04:00:00,38343.17,39113.72,38311.3,39112.74,6536.97348
2022-04-27 08:00:00,39113.06,39221.65,38645.42,39017.19,10348.77109
2022-04-27 12:00:00,39017.19,39474.72,38435.95,39005.76,19099.87589
2022-04-27 16:00:00,39005.77,39309.0,38668.2,38858.26,10473.27822
2022-04-27 20:00:00,38858.27,39399.99,38831.73,39235.72,4440.46562
2022-04-28 00:00:00,39235.72,39689.49,39152.96,39342.07,6496.2659
2022-04-28 04:00:00,39342.06,39660.0,39226.49,39385.01,4240.94553
2022-04-28 08:00:00,39385.01,39882.38,39359.63,39679.31,6918.03919
2022-04-28 12:00:00,39679.31,40300.0,38881.43,39438.01,19436.22895
2022-04-28 16:00:00,39438.12,40372.63,39314.05,39983.77,12592.23399
2022-04-28 20:00:00,39983.77,40216.27,39606.92,39742.07,6402.95794
2022-04-29 00:00:00,39742.06,39925.25,39286.01,39533.01,5774.9573
2022-04-29 04:00:00,39533.02,39641.3,39368.97,39610.14,5026.65712
2022-04-29 08:00:00,39610.14,39634.12,38616.46,38749.54,9182.31188
2022-04-29 12:00:00,38749.54,39406.37,38634.52,39004.86,13776.46597
2022-04-29 16:00:00,39004.87,39078.3,38175.0,38331.54,13577.88045
2022-04-29 20:00:00,38331.55,38665.36,38310.9,38596.11,4115.38443
2022-04-30 00:00:00,38596.11,38795.38,38551.12,38656.37,3285.16232
2022-04-30 04:00:00,38656.37,38778.79,38493.52,38650.34,3215.15217
2022-04-30 08:00:00,38650.35,38688.72,38536.66,38580.01,3956.62322
2022-04-30 12:00:00,38580.0,38638.38,38156.04,38466.56,8921.30505
2022-04-30 16:00:00,38466.56,38610.15,38201.78,38466.83,6568.98693
2022-04-30 20:00:00,38466.82,38466.83,37578.2,37630.8,9373.9602
2022-05-01 00:00:00,37630.8,38077.1,37386.38,38041.44,6984.2714
2022-05-01 04:00:00,38041.44,38165.12,37885.3,37970.27,6005.17866
2022-05-01 08:00:00,37970.27,38094.16,37866.62,37942.78,3237.20228
2022-05-01 12:00:00,37942.78,38641.46,37841.9,38490.0,6409.34685
2022-05-01 16:00:00,38490.01,38675.0,37750.0,37807.87,8027.25292
2022-05-01 20:00:00,37807.87,38630.0,37686.26,38468.35,8148.98893
2022-05-02 00:00:00,38468.35,38810.73,38376.38,38674.1,6032.4258
2022-05-02 04:00:00,38674.11,39167.34,38600.03,38881.47,6527.84754
2022-05-02 08:00:00,38881.46,39075.0,38482.41,38528.77,6199.12946
2022-05-02 12:00:00,38528.78,39155.47,38242.51,38696.05,18118.35927
2022-05-02 16:00:00,38696.05,38868.88,38052.0,38563.38,11174.75641
2022-05-02 20:00:00,38563.39,38908.56,38280.76,38525.16,5148.4078
2022-05-03 00:00:00,38525.16,38625.0,38317.06,38521.64,5042.3482
2022-05-03 04:00:00,38521.63,38579.77,38385.67,38559.99,4009.05189
2022-05-03 08:00:00,38559.99,38651.51,38261.16,38570.01,5286.30706
2022-05-03 12:00:00,38570.01,38607.09,38152.0,38326.36,8832.95173
2022-05-03 16:00:00,38326.37,38396.05,37517.8,37717.49,12390.05479
2022-05-03 20:00:00,37717.5,38036.46,37530.01,37728.95,4755.73991
2022-05-04 00:00:00,37728.95,38100.0,37670.0,38013.62,4033.60904
2022-05-04 04:00:00,38013.62,38757.27,37944.25,38701.32,9474.43576
2022-05-04 08:00:00,38701.32,39100.0,38670.0,39002.3,10285.61687
2022-05-04 12:00:00,39002.31,39182.0,38658.96,38973.2,9726.66877
2022-05-04 16:00:00,38973.2,40023.77,38590.97,39859.22,23795.82319
2022-05-04 20:00:00,39859.23,39942.35,39614.54,39690.0,5258.46373
2022-05-05 00:00:00,39690.0,39798.09,39536.66,39729.41,5433.91882
2022-05-05 04:00:00,39729.4,39845.51,39516.92,39588.84,3974.92229
2022-05-05 08:00:00,39588.85,39629.85,39407.17,39492.83,4506.55594
2022-05-05 12:00:00,39492.84,39545.66,36514.29,36909.67,35633.90513
2022-05-05 16:00:00,36909.67,37322.0,35571.9,36316.0,30960.91269
2022-05-05 20:00:00,36316.01,36600.0,36132.85,36552.97,8212.21868
2022-05-06 00:00:00,36552.97,36675.63,36163.44,36461.82,6404.21881
2022-05-06 04:00:00,36461.81,36550.0,35833.01,36371.94,9524.98864
2022-05-06 08:00:00,36371.94,36514.63,35587.1,35780.84,10211.57728
2022-05-06 12:00:00,35780.83,36436.2,35258.0,36004.34,28261.27261
2022-05-06 16:00:00,36004.33,36239.4,35834.03,36001.35,10893.48631
2022-05-06 20:00:00,36001.34,36116.81,35863.59,36013.77,3142.25822
2022-05-07 00:00:00,36013.77,36077.98,35760.0,35812.21,3253.27224
2022-05-07 04:00:00,35812.22,35961.05,35722.24,35921.6,4312.23187
2022-05-07 08:00:00,35921.6,36146.3,35879.96,36055.86,4389.11246
2022-05-07 12:00:00,36055.86,36085.5,35866.0,35962.47,3910.0926
2022-05-07 16:00:00,35962.47,35997.14,35852.06,35876.36,2387.67804
2022-05-07 20:00:00,35876.37,35876.37,34785.0,35472.39,16029.31961
2022-05-08 00:00:00,35472.4,35514.22,34210.0,34480.24,21158.18057
2022-05-08 04:00:00,34480.23,34952.5,34318.46,34596.55,9199.93117
2022-05-08 08:00:00,34596.55,34870.88,34501.57,34786.24,7000.09124
2022-05-08 12:00:00,34786.25,34843.01,34301.01,34357.92,9249.33238
2022-05-08 16:00:00,34357.91,34763.34,33713.95,34587.64,17646.96381
2022-05-08 20:00:00,34587.64,34640.0,33930.0,34038.4,8191.14427
2022-05-09 00:00:00,34038.39,34243.15,33267.26,33563.15,22777.9039
2022-05-09 04:00:00,33563.15,33838.42,33340.29,33523.27,8406.15726
2022-05-09 08:00:00,33523.27,33777.0,32650.39,33122.31,24778.223899
2022-05-09 12:00:00,33122.31,33424.21,32061.29,32341.53,34754.077106
2022-05-09 16:00:00,32341.53,32588.2,30334.07,30944.82,65857.017215
2022-05-09 20:00:00,30940.62,31899.99,30033.33,30076.31,35303.547048
2022-05-10 00:00:00,30074.23,31463.42,29730.4,30642.55,43184.30366
2022-05-10 04:00:00,30642.55,32658.99,30600.0,31609.78,32240.66067
2022-05-10 08:00:00,31609.79,32016.66,31240.0,31622.24,26002.41976
2022-05-10 12:00:00,31622.24,32383.8,30819.98,31320.0,31843.72265
2022-05-10 16:00:00,31320.0,31805.15,30962.9,31330.03,15075.70827
2022-05-10 20:00:00,31330.0,31353.43,30147.78,31017.1,17185.1881
2022-05-11 00:00:00,31017.11,31691.89,30626.22,31205.96,14306.85534
2022-05-11 04:00:00,31205.95,31888.85,30200.0,30614.99,29516.39137
2022-05-11 08:00:00,30614.99,32162.59,30376.61,31533.15,28101.65572
2022-05-11 12:00:00,31533.14,32000.0,29039.54,30977.61,80668.283147
2022-05-11 16:00:00,30977.61,31131.58,29190.0,29372.22,24083.64371
2022-05-11 20:00:00,29372.21,29652.63,27785.0,29103.94,30386.909991
2022-05-12 00:00:00,29103.94,30243.0,28367.07,28406.15,28747.69935
2022-05-12 04:00:00,28406.15,28643.93,26700.0,28193.4,74526.071838
2022-05-12 08:00:00,28193.4,29294.0,27477.7,28472.98,32019.77444
2022-05-12 12:00:00,28472.98,29813.0,27902.95,29021.27,33669.63732
2022-05-12 16:00:00,29021.26,29967.03,28186.74,28641.15,22756.91072
2022-05-12 20:00:00,28640.0,29300.0,28001.0,29029.75,12787.16947
2022-05-13 00:00:00,29029.74,30800.0,28751.67,30582.54,22474.56258
2022-05-13 04:00:00,30582.54,31083.37,30154.24,30171.13,17616.1303
2022-05-13 08:00:00,30171.13,30767.38,30171.13,30668.08,13230.30354
2022-05-13 12:00:00,30668.07,31033.0,30227.62,30339.99,18227.00513
2022-05-13 16:00:00,30340.0,30537.78,29382.66,30084.11,19172.22802
2022-05-13 20:00:00,30084.1,30139.16,29200.0,29287.05,7152.14
2022-05-14 00:00:00,29287.05,29824.69,29219.37,29569.89,7434.38559
2022-05-14 04:00:00,29569.89,29611.7,29200.0,29431.59,5347.18637
2022-05-14 08:00:00,29431.58,29599.51,28830.0,29074.24,10335.95009
2022-05-14 12:00:00,29074.24,29260.29,28660.76,28818.06,8932.06583
2022-05-14 16:00:00,28818.05,29942.82,28630.0,29338.78,11615.38697
2022-05-14 20:00:00,29338.79,30343.27,29300.0,30086.74,7430.90378
2022-05-15 00:00:00,30086.74,30273.21,29553.47,29721.65,5969.18229
2022-05-15 04:00:00,29721.66,30061.54,29480.0,29825.99,5255.52638
2022-05-15 08:00:00,29826.0,30327.68,29547.48,30241.46,6947.0254
2022-05-15 12:00:00,30241.46,30561.37,29782.01,30013.47,8907.94485
2022-05-15 16:00:00,30013.46,30500.0,29936.49,30457.88,6526.86779
2022-05-15 20:00:00,30457.88,31460.0,30355.22,31328.89,12669.12241
2022-05-16 00:00:00,31328.89,31328.9,30211.32,30323.23,9814.79036
2022-05-16 04:00:00,30323.23,30473.31,29258.0,29593.89,13261.38074
2022-05-16 08:00:00,29593.89,30205.0,29433.9,29950.95,11792.74895
2022-05-16 12:00:00,29950.95,30252.77,29313.48,29676.56,18456.63654
2022-05-16 16:00:00,29676.56,29985.3,29087.04,29576.7,12445.6199
2022-05-16 20:00:00,29576.7,30259.78,29543.46,29874.01,7311.02009
2022-05-17 00:00:00,29874.01,30508.0,29780.97,30363.59,7228.39782
2022-05-17 04:00:00,30363.59,30578.14,30244.52,30412.06,5343.32806
2022-05-17 08:00:00,30412.05,30788.37,30271.21,30319.47,7087.08694
2022-05-17 12:00:00,30319.48,30748.0,29944.48,30153.74,14164.17568
2022-05-17 16:00:00,30153.74,30320.0,29450.38,30097.09,15760.63632
2022-05-17 20:00:00,30097.1,30669.0,30045.85,30444.93,7140.50825
2022-05-18 00:00:00,30444.93,30709.99,29732.49,29831.4,7359.94786
2022-05-18 04:00:00,29831.4,30090.51,29682.97,29910.25,7855.17223
2022-05-18 08:00:00,29910.25,30046.79,29742.99,29833.58,7783.95557
2022-05-18 12:00:00,29833.59,29909.66,28875.0,28984.99,15695.35723
2022-05-18 16:00:00,28984.98,29538.19,28750.0,29276.55,12717.54472
2022-05-18 20:00:00,29276.55,29411.07,28654.47,28715.32,8337.18038
2022-05-19 00:00:00,28715.33,29337.52,28691.38,29196.78,8850.96512
2022-05-19 04:00:00,29196.77,29432.8,29029.88,29192.13,7326.04646
2022-05-19 08:00:00,29192.13,29540.0,28855.42,29500.2,9851.62337
2022-05-19 12:00:00,29499.81,30545.18,29353.82,30389.45,21257.57442
2022-05-19 16:00:00,30389.45,30456.56,29961.7,29967.4,12945.8087
2022-05-19 20:00:00,29967.4,30486.57,29950.45,30319.23,7645.34608
2022-05-20 00:00:00,30319.22,30777.33,30130.48,30175.03,8834.9781
2022-05-20 04:00:00,30175.04,30362.16,29850.51,30256.74,7701.6848
2022-05-20 08:00:00,30256.74,30535.4,30110.04,30414.07,7908.00875
2022-05-20 12:00:00,30414.06,30449.98,29071.39,29152.9,16881.52497
2022-05-20 16:00:00,29152.9,29359.23,28730.0,29291.55,14459.30051
2022-05-20 20:00:00,29291.55,29391.4,29123.77,29201.01,4731.75612
2022-05-21 00:00:00,29201.01,29347.52,28947.28,29258.18,3735.70898
2022-05-21 04:00:00,29258.17,29566.0,29205.23,29423.18,3339.76647
2022-05-21 08:00:00,29423.18,29481.1,29168.68,29288.0,3191.22865
2022-05-21 12:00:00,29288.0,29645.7,29190.0,29552.47,4343.93776
2022-05-21 16:00:00,29552.47,29656.18,29390.62,29464.31,4133.41999
2022-05-21 20:00:00,29464.32,29538.66,29311.07,29445.06,2243.06939
2022-05-22 00:00:00,29445.07,29545.75,29331.26,29363.5,2779.95021
2022-05-22 04:00:00,29363.5,29457.89,29255.11,29441.78,2306.43831
2022-05-22 08:00:00,29441.78,30311.31,29421.53,29897.52,12454.03983
2022-05-22 12:00:00,29897.52,30236.63,29668.51,29844.01,7230.86288
2022-05-22 16:00:00,29844.01,30177.93,29738.57,29936.01,5103.79741
2022-05-22 20:00:00,29936.02,30487.99,29910.14,30293.94,6283.89884
2022-05-23 00:00:00,30293.93,30459.56,30048.77,30171.32,4657.17095
2022-05-23 04:00:00,30171.32,30670.51,30101.07,30457.01,7568.22645
2022-05-23 08:00:00,30457.01,30616.18,30281.89,30397.11,7605.66272
2022-05-23 12:00:00,30397.12,30625.98,29967.07,30373.53,14417.80135
2022-05-23 16:00:00,30373.53,30529.9,29078.3,29089.9,15772.92063
2022-05-23 20:00:00,29089.91,29499.03,28866.35,29109.15,13879.71722
2022-05-24 00:00:00,29109.14,29326.74,29056.7,29299.92,5773.6321
2022-05-24 04:00:00,29299.91,29439.26,29241.61,29404.55,5764.22285
2022-05-24 08:00:00,29404.54,29430.83,29123.89,29295.74,6631.70627
2022-05-24 12:00:00,29295.75,29650.0,28669.0,29382.31,20365.04234
2022-05-24 16:00:00,29382.32,29593.77,29101.0,29391.62,13727.57884
2022-05-24 20:00:00,29391.62,29845.86,29250.22,29654.58,7180.77796
2022-05-25 00:00:00,29654.58,30222.87,29557.36,30198.09,8159.40197
2022-05-25 04:00:00,30198.09,30223.74,29666.67,29701.46,7905.03946
2022-05-25 08:00:00,29701.47,29941.41,29294.21,29409.01,10798.23324
2022-05-25 12:00:00,29409.01,29909.0,29339.57,29629.36,13674.47718
2022-05-25 16:00:00,29629.35,30034.37,29430.54,29599.1,13993.95421
2022-05-25 20:00:00,29599.1,29880.0,29537.31,29542.15,5006.28053
2022-05-26 00:00:00,29542.14,29886.64,29503.72,29837.16,5231.18106
2022-05-26 04:00:00,29837.16,29876.72,29337.77,29733.7,7138.02023
2022-05-26 08:00:00,29733.71,29744.25,28877.0,28998.4,21360.66888
2022-05-26 12:00:00,28998.4,29495.0,28019.56,29393.1,41367.2334
2022-05-26 16:00:00,29393.1,29787.69,29370.0,29379.76,11893.16434
2022-05-26 20:00:00,29379.76,29682.84,29174.0,29201.35,7591.38672
2022-05-27 00:00:00,29201.35,29390.34,28840.39,29020.01,13165.63475
2022-05-27 04:00:00,29020.01,29214.0,28643.89,28992.99,21666.53837
2022-05-27 08:00:00,28993.0,29142.75,28779.4,28912.96,10946.10064
2022-05-27 12:00:00,28912.95,29397.66,28639.26,28850.45,17215.53641
2022-05-27 16:00:00,28850.46,29056.0,28282.9,28880.0,19660.36734
2022-05-27 20:00:00,28880.0,29025.0,28504.64,28629.8,8344.34259
2022-05-28 00:00:00,28629.81,28854.05,28450.0,28819.2,10726.29911
2022-05-28 04:00:00,28819.2,28949.39,28754.4,28885.72,5425.50965
2022-05-28 08:00:00,28885.71,28930.81,28766.68,28828.02,4650.67646
2022-05-28 12:00:00,28828.02,29266.0,28795.78,28988.21,6640.83535
2022-05-28 16:00:00,28988.2,29067.01,28784.48,29019.82,4588.37099
2022-05-28 20:00:00,29019.81,29154.61,28960.0,29031.33,2447.65971
2022-05-29 00:00:00,29031.33,29045.34,28839.21,28984.32,3673.31893
2022-05-29 04:00:00,28984.31,29060.32,28914.96,29008.35,2073.83703
2022-05-29 08:00:00,29008.35,29235.76,28952.7,29213.85,6053.35031
2022-05-29 12:00:00,29213.85,29489.0,29166.51,29215.98,6818.97968
2022-05-29 16:00:00,29215.97,29355.5,29077.98,29126.41,3546.51415
2022-05-29 20:00:00,29126.4,29587.78,29091.67,29468.1,5401.34754
2022-05-30 00:00:00,29468.1,30400.0,29299.62,30353.07,14864.36484
2022-05-30 04:00:00,30353.07,30928.71,30236.55,30636.12,15267.9168
2022-05-30 08:00:00,30636.12,30765.09,30556.63,30665.37,9351.67469
2022-05-30 12:00:00,30665.38,30931.0,30269.22,30634.08,13532.67809
2022-05-30 16:00:00,30634.08,30878.1,30566.54,30643.11,8446.82356
2022-05-30 20:00:00,30643.1,32222.0,30500.0,31734.22,35322.48962
2022-05-31 00:00:00,31734.23,31861.55,31440.52,31772.82,10716.88391
2022-05-31 04:00:00,31772.81,31800.67,31434.66,31573.77,6910.36728
2022-05-31 08:00:00,31573.76,31842.69,31496.09,31767.0,7210.98946
2022-05-31 12:00:00,31766.99,32181.37,31200.01,32058.53,16731.66275
2022-05-31 16:00:00,32058.52,32399.0,31570.53,31625.71,15969.57927
2022-05-31 20:00:00,31625.71,31936.5,31584.29,31801.04,4893.63365
2022-06-01 00:00:00,31801.05,31982.97,31614.01,31627.3,7102.39992
2022-06-01 04:00:00,31627.29,31670.0,31371.45,31482.43,6574.53904
2022-06-01 08:00:00,31482.42,31709.99,31444.0,31609.16,6997.0161
2022-06-01 12:00:00,31609.15,31901.34,30600.0,30742.59,23609.03186
2022-06-01 16:00:00,30742.59,30744.19,29901.29,30126.72,37935.29665
2022-06-01 20:00:00,30126.71,30162.44,29301.0,29805.83,21177.35025
2022-06-02 00:00:00,29805.84,29903.74,29594.55,29730.12,7552.00044
2022-06-02 04:00:00,29730.12,30123.35,29650.93,29968.26,6794.72045
2022-06-02 08:00:00,29968.27,30210.18,29865.0,30173.67,7351.9181
2022-06-02 12:00:00,30173.66,30387.84,29597.01,30212.73,19579.71813
2022-06-02 16:00:00,30212.73,30408.54,29977.45,30293.01,8583.25866
2022-06-02 20:00:00,30293.0,30689.0,30235.7,30452.62,7099.8135
2022-06-03 00:00:00,30452.63,30699.0,30359.54,30529.96,6044.163
2022-06-03 04:00:00,30529.96,30561.32,30282.29,30443.74,5085.36997
2022-06-03 08:00:00,30443.7,30529.07,29680.0,29758.19,12081.75588
2022-06-03 12:00:00,29758.2,29889.49,29282.36,29506.24,19780.91534
2022-06-03 16:00:00,29506.25,29677.14,29401.0,29572.52,6764.37741
2022-06-03 20:00:00,29572.52,29887.56,29558.3,29700.21,4310.86567
2022-06-04 00:00:00,29700.21,29763.35,29500.0,29560.12,5453.61
2022-06-04 04:00:00,29560.12,29734.49,29546.78,29700.96,3043.03475
2022-06-04 08:00:00,29700.96,29800.0,29594.91,29681.69,3438.0592
2022-06-04 12:00:00,29681.68,29988.88,29485.0,29858.8,6382.77896
2022-06-04 16:00:00,29858.79,29858.8,29613.26,29655.41,3660.1238
2022-06-04 20:00:00,29655.41,29977.99,29632.05,29864.04,3640.29442
2022-06-05 00:00:00,29864.03,29897.18,29678.5,29766.95,2712.02508
2022-06-05 04:00:00,29766.95,29819.85,29645.67,29645.67,2129.49304
2022-06-05 08:00:00,29645.68,29742.13,29531.42,29718.69,2988.06008
2022-06-05 12:00:00,29718.69,29981.0,29626.65,29972.22,3680.643
2022-06-05 16:00:00,29972.23,30189.0,29761.0,30049.86,6667.26436
2022-06-05 20:00:00,30049.85,30127.47,29815.75,29919.21,4962.44254
2022-06-06 00:00:00,29919.2,31276.87,29890.23,31251.0,18199.91513
2022-06-06 04:00:00,31250.99,31434.75,31148.43,31292.77,9173.23629
2022-06-06 08:00:00,31292.76,31599.37,31281.0,31396.71,9233.32765
2022-06-06 12:00:00,31396.72,31765.64,31162.55,31541.42,16667.66655
2022-06-06 16:00:00,31541.41,31555.75,31000.01,31470.72,10469.56476
2022-06-06 20:00:00,31470.72,31599.85,31272.39,31373.1,5093.21418
2022-06-07 00:00:00,31373.1,31381.03,29218.96,29563.62,34125.65523
2022-06-07 04:00:00,29563.61,29632.49,29401.0,29585.12,10285.3628
2022-06-07 08:00:00,29585.12,29733.63,29345.0,29521.5,7672.40223
2022-06-07 12:00:00,29521.51,30041.25,29401.44,29891.17,15080.9226
2022-06-07 16:00:00,29891.17,31429.85,29747.62,31059.71,14712.7556
2022-06-07 20:00:00,31059.71,31589.6,30300.0,31125.33,28797.41812
2022-06-08 00:00:00,31125.32,31327.22,29843.88,30026.72,19657.2277
2022-06-08 04:00:00,30026.71,30686.63,29872.55,30561.77,13310.83642
2022-06-08 08:00:00,30561.77,30616.85,30336.81,30410.85,6328.10356
2022-06-08 12:00:00,30410.85,30901.67,30051.16,30476.77,15544.5556
2022-06-08 16:00:00,30476.77,30552.64,29916.45,30140.14,9386.62544
2022-06-08 20:00:00,30140.14,30499.0,30102.86,30204.77,4315.26404
2022-06-09 00:00:00,30204.77,30323.51,30070.24,30293.49,4608.91792
2022-06-09 04:00:00,30293.5,30487.54,30235.85,30487.54,5105.41253
2022-06-09 08:00:00,30487.53,30700.0,30251.89,30299.47,7928.2471
2022-06-09 12:00:00,30299.46,30389.05,29944.1,30302.24,15458.43252
2022-06-09 16:00:00,30302.23,30450.0,29976.0,30017.12,7988.5499
2022-06-09 20:00:00,30017.12,30250.0,29970.51,30109.93,5201.62653
2022-06-10 00:00:00,30109.93,30382.8,29578.96,30114.38,15509.83819
2022-06-10 04:00:00,30114.38,30226.79,30042.13,30052.43,4916.72998
2022-06-10 08:00:00,30052.44,30114.25,29868.0,30020.56,9266.04408
2022-06-10 12:00:00,30020.56,30184.4,29222.67,29454.53,25273.66013
2022-06-10 16:00:00,29454.52,29484.45,28850.0,28980.02,15450.60825
2022-06-10 20:00:00,28980.03,29400.0,28970.0,29091.88,5787.36917
2022-06-11 00:00:00,29091.87,29315.21,29047.93,29272.43,4336.24117
2022-06-11 04:00:00,29272.43,29440.41,29251.17,29326.83,3718.77449
2022-06-11 08:00:00,29326.83,29345.11,28590.0,28734.01,16567.74888
2022-06-11 12:00:00,28734.01,28870.0,28251.0,28405.54,20659.80579
2022-06-11 16:00:00,28405.55,28794.46,28099.99,28595.28,12871.63441
2022-06-11 20:00:00,28595.27,28683.54,28250.04,28424.7,7747.19421
2022-06-12 00:00:00,28424.71,28544.96,27249.0,27553.23,21302.12824
2022-06-12 04:00:00,27553.22,27677.18,27190.0,27645.89,11845.39168
2022-06-12 08:00:00,27645.88,27726.15,27342.82,27457.39,8692.74407
2022-06-12 12:00:00,27457.39,28347.89,26890.0,28094.42,22632.06677
2022-06-12 16:00:00,28094.42,28238.58,27423.73,27424.71,11639.48899
2022-06-12 20:00:00,27424.71,27557.05,26560.0,26574.53,16362.779059
2022-06-13 00:00:00,26574.53,26895.84,24900.0,25520.05,53452.228483
2022-06-13 04:00:00,25520.05,26257.31,24555.0,24811.59,38328.615693
2022-06-13 08:00:00,24811.59,24941.17,23500.0,23729.43,54841.110157
2022-06-13 12:00:00,23729.43,24376.09,22600.0,23271.54,57401.835425
2022-06-13 16:00:00,23271.53,24204.55,23101.01,23218.22,25993.43985
2022-06-13 20:00:00,23215.97,23787.3,21925.77,22487.41,24593.805358
2022-06-14 00:00:00,22485.27,22796.71,20846.0,22127.91,64139.98175
2022-06-14 04:00:00,22127.92,23362.88,21763.71,22877.52,43892.53561
2022-06-14 08:00:00,22877.52,22979.96,21725.22,21994.56,22494.02407
2022-06-14 12:00:00,21994.56,22800.0,21811.01,22680.38,29165.25726
2022-06-14 16:00:00,22680.38,22777.07,22126.4,22196.28,11465.17332
2022-06-14 20:00:00,22190.93,22344.0,21358.0,22136.41,16044.6747
2022-06-15 00:00:00,22136.42,22297.37,21406.68,21455.8,15540.4174
2022-06-15 04:00:00,21455.8,21490.67,20652.18,20722.92,36911.714923
2022-06-15 08:00:00,20722.92,21290.0,20111.62,21177.03,53193.565904
2022-06-15 12:00:00,21177.04,21798.95,21045.13,21419.1,26099.61279
2022-06-15 16:00:00,21419.09,22496.52,20250.0,21632.04,50278.07819
2022-06-15 20:00:00,21632.03,22800.0,21450.0,22583.72,18751.10426
2022-06-16 00:00:00,22583.72,22995.73,22167.08,22211.62,15401.17608
2022-06-16 04:00:00,22211.62,22361.98,21646.64,21764.17,11790.41133
2022-06-16 08:00:00,21764.18,21888.0,20852.35,21044.55,20945.57513
2022-06-16 12:00:00,21044.56,21510.2,20745.0,21074.77,20237.75687
2022-06-16 16:00:00,21074.77,21500.0,20818.0,20875.48,14792.65041
2022-06-16 20:00:00,20875.48,21048.38,20232.0,20401.31,16506.02447
2022-06-17 00:00:00,20400.6,21059.68,20246.66,20383.38,17423.81608
2022-06-17 04:00:00,20383.37,21286.01,20326.0,21100.64,15684.53285
2022-06-17 08:00:00,21100.65,21365.43,20847.49,20972.04,13240.65005
2022-06-17 12:00:00,20972.04,21047.41,20386.93,20663.7,19484.73561
2022-06-17 16:00:00,20661.95,20791.96,20440.92,20515.59,11352.50026
2022-06-17 20:00:00,20515.59,20723.0,20368.2,20468.81,9508.10178
2022-06-18 00:00:00,20468.81,20792.06,20322.08,20459.65,13043.33887
2022-06-18 04:00:00,20459.65,20537.34,19066.8,19258.58,35934.156049
2022-06-18 08:00:00,19258.58,19540.0,18742.5,19243.98,36718.932489
2022-06-18 12:00:00,19243.99,19291.99,18942.75,18953.76,16110.06463
2022-06-18 16:00:00,18953.76,19101.28,18031.13,18067.6,42570.839975
2022-06-18 20:00:00,18067.61,19493.23,17622.0,18970.79,52064.323511
2022-06-19 00:00:00,18970.79,19198.0,18224.98,18311.09,19556.53214
2022-06-19 04:00:00,18311.1,18621.57,17960.41,18306.93,16670.95915
2022-06-19 08:00:00,18307.39,20150.0,18264.67,19692.5,34028.09471
2022-06-19 12:00:00,19692.49,19945.88,19130.84,19824.97,21044.6303
2022-06-19 16:00:00,19824.96,20344.91,19350.08,20124.08,18382.43393
2022-06-19 20:00:00,20124.07,20815.95,20050.47,20574.0,18638.22572
2022-06-20 00:00:00,20574.0,20687.99,19637.03,19980.49,21076.88904
2022-06-20 04:00:00,19980.49,20258.29,19776.58,20086.63,11823.89634
2022-06-20 08:00:00,20086.62,21022.0,20023.14,20801.79,26862.62188
2022-06-20 12:00:00,20801.79,21090.0,20364.33,20824.74,20540.9217
2022-06-20 16:00:00,20824.74,20832.82,19832.95,20072.81,16553.12261
2022-06-20 20:00:00,20072.8,20784.77,20001.53,20573.89,12171.48997
2022-06-21 00:00:00,20573.9,20783.99,20348.4,20614.04,14312.3475
2022-06-21 04:00:00,20614.04,21333.0,20474.41,21120.28,20989.91077
2022-06-21 08:00:00,21120.28,21500.01,20911.13,20962.42,19870.84399
2022-06-21 12:00:00,20962.42,21723.0,20853.36,21392.19,24368.42434
2022-06-21 16:00:00,21392.18,21550.39,20870.01,20888.64,13013.71907
2022-06-21 20:00:00,20888.63,21054.99,20551.0,20723.52,11815.82923
2022-06-22 00:00:00,20723.51,20736.68,20253.96,20317.88,13979.31912
2022-06-22 04:00:00,20317.89,20595.42,19950.34,20099.62,14132.37133
2022-06-22 08:00:00,20099.62,20676.7,20038.85,20506.3,12215.14546
2022-06-22 12:00:00,20506.3,20900.0,20035.54,20080.1,23768.83256
2022-06-22 16:00:00,20080.85,20380.0,19840.86,20117.34,16356.37373
2022-06-22 20:00:00,20117.34,20239.87,19770.51,19987.99,11681.93718
2022-06-23 00:00:00,19988.0,20612.22,19890.07,20213.79,14363.65967
2022-06-23 04:00:00,20213.78,20657.14,20168.26,20461.83,11026.69488
2022-06-23 08:00:00,20461.83,20812.12,20454.32,20638.79,14202.04066
2022-06-23 12:00:00,20638.89,20829.21,20287.41,20351.91,14771.40675
2022-06-23 16:00:00,20351.91,20945.55,20170.0,20910.06,13067.98266
2022-06-23 20:00:00,20910.06,21233.0,20672.72,21110.13,15695.30254
2022-06-24 00:00:00,21110.12,21369.85,20973.68,21073.73,11560.36297
2022-06-24 04:00:00,21073.73,21168.13,20736.72,20913.72,11245.40104
2022-06-24 08:00:00,20913.73,21326.52,20745.01,21169.53,13183.51662
2022-06-24 12:00:00,21169.53,21457.0,20822.9,20884.17,18370.60567
2022-06-24 16:00:00,20884.17,21267.36,20784.76,21253.61,12337.26438
2022-06-24 20:00:00,21253.79,21558.41,21146.0,21237.69,10733.21554
2022-06-25 00:00:00,21237.68,21379.65,21121.72,21300.62,8834.12849
2022-06-25 04:00:00,21300.62,21614.5,21180.4,21508.13,8974.78284
2022-06-25 08:00:00,21508.09,21555.71,21318.63,21340.22,6223.95714
2022-06-25 12:00:00,21340.22,21372.89,20906.62,20961.89,12861.35689
2022-06-25 16:00:00,20961.89,21271.62,20915.0,21206.2,6430.18304
2022-06-25 20:00:00,21206.21,21588.43,21146.04,21491.19,8107.26954
2022-06-26 00:00:00,21491.18,21544.49,21282.13,21426.23,5764.98379
2022-06-26 04:00:00,21426.23,21526.0,21336.96,21396.52,5247.37654
2022-06-26 08:00:00,21396.52,21777.0,21365.15,21708.6,7858.63639
2022-06-26 12:00:00,21708.6,21888.0,21197.12,21326.11,16730.13311
2022-06-26 16:00:00,21325.98,21445.88,21115.3,21283.6,7358.10626
2022-06-26 20:00:00,21283.6,21425.0,20964.73,21038.07,10318.86855
2022-06-27 00:00:00,21038.08,21190.1,20926.01,21171.32,9115.31096
2022-06-27 04:00:00,21171.33,21404.52,21142.86,21363.22,7287.10643
2022-06-27 08:00:00,21363.23,21539.85,21285.48,21304.55,9031.44056
2022-06-27 12:00:00,21304.56,21343.83,20590.0,20754.73,20746.1707
2022-06-27 16:00:00,20754.74,20945.0,20510.0,20855.37,11119.4703
2022-06-27 20:00:00,20855.38,20966.73,20680.0,20742.56,7175.50235
2022-06-28 00:00:00,20742.57,20873.82,20510.0,20735.03,10262.74079
2022-06-28 04:00:00,20735.03,20933.0,20703.3,20879.39,6632.57985
2022-06-28 08:00:00,20879.39,21212.1,20870.01,20998.13,11148.66059
2022-06-28 12:00:00,20998.14,21129.19,20588.0,20606.4,14177.40504
2022-06-28 16:00:00,20606.4,20771.8,20218.0,20255.01,13851.70032
2022-06-28 20:00:00,20255.01,20463.2,20202.01,20281.29,7727.99661
2022-06-29 00:00:00,20281.28,20398.0,20152.0,20282.96,9403.50591
2022-06-29 04:00:00,20282.96,20381.1,19889.0,20093.75,15182.30368
2022-06-29 08:00:00,20093.74,20233.98,19854.92,20104.8,13703.37348
2022-06-29 12:00:00,20104.81,20254.2,19892.97,20084.48,16651.90425
2022-06-29 16:00:00,20084.48,20268.0,19921.85,20223.63,9428.79866
2022-06-29 20:00:00,20223.63,20432.31,20052.74,20123.01,12939.15781
2022-06-30 00:00:00,20123.0,20179.08,19951.08,20077.01,7486.04781
2022-06-30 04:00:00,20077.01,20091.15,19310.0,19435.9,15063.43516
2022-06-30 08:00:00,19435.89,19440.73,18921.59,19101.36,19458.59354
2022-06-30 12:00:00,19101.35,19341.26,18756.71,19143.98,20353.89512
2022-06-30 16:00:00,19143.97,19295.89,18850.21,18927.34,11722.71426
2022-06-30 20:00:00,18927.33,19980.0,18626.0,19942.21,19761.96217
2022-07-01 00:00:00,19942.21,20918.35,19658.97,19730.76,30584.24162
2022-07-01 04:00:00,19730.77,19773.71,19315.91,19579.11,19730.02792
2022-07-01 08:00:00,19579.11,19821.28,18975.0,19191.03,18433.76251
2022-07-01 12:00:00,19191.02,19669.22,19130.21,19290.94,21382.48293
2022-07-01 16:00:00,19290.95,19544.52,19253.01,19390.17,11380.23092
2022-07-01 20:00:00,19390.17,19686.71,19221.03,19279.8,10333.84904
2022-07-02 00:00:00,19279.8,19387.44,19063.52,19130.9,11055.38947
2022-07-02 04:00:00,19130.9,19299.0,19112.51,19126.81,6108.63933
2022-07-02 08:00:00,19126.81,19285.01,18977.01,19195.21,8754.55003
2022-07-02 12:00:00,19195.21,19467.39,19152.13,19229.39,8564.79267
2022-07-02 16:00:00,19229.39,19408.01,19191.91,19273.27,7098.48826
2022-07-02 20:00:00,19273.27,19383.01,19200.0,19252.81,4598.44234
2022-07-03 00:00:00,19252.82,19307.42,19173.46,19264.29,4294.23479
2022-07-03 04:00:00,19264.29,19400.0,18781.0,19139.74,15809.13628
2022-07-03 08:00:00,19139.75,19155.44,18930.19,19089.8,6142.70929
2022-07-03 12:00:00,19089.79,19136.43,18964.0,19046.78,6155.24871
2022-07-03 16:00:00,19046.78,19565.05,19011.66,19492.16,8982.05603
2022-07-03 20:00:00,19492.15,19647.63,19213.58,19315.83,9704.08121
2022-07-04 00:00:00,19315.83,19343.43,19055.31,19103.54,7770.13823
2022-07-04 04:00:00,19103.54,19189.0,19082.92,19120.6,4549.72552
2022-07-04 08:00:00,19120.6,19855.7,19110.04,19806.49,17099.24484
2022-07-04 12:00:00,19806.48,20143.02,19496.84,19801.47,19985.00775
2022-07-04 16:00:00,19801.48,20050.0,19676.9,19829.99,12091.86186
2022-07-04 20:00:00,19829.98,20354.01,19733.95,20236.71,13318.06781
2022-07-05 00:00:00,20236.71,20478.4,20159.59,20312.98,10723.86043
2022-07-05 04:00:00,20312.99,20470.78,20177.0,20215.69,10783.14938
2022-07-05 08:00:00,20215.68,20215.69,19478.0,19520.39,16101.90897
2022-07-05 12:00:00,19520.4,19594.52,19304.4,19519.98,19572.60858
2022-07-05 16:00:00,19519.98,20500.0,19479.53,20398.21,21205.75892
2022-07-05 20:00:00,20398.21,20750.0,20103.05,20175.83,17653.85128
2022-07-06 00:00:00,20175.84,20414.01,19761.25,19951.47,13505.59399
2022-07-06 04:00:00,19951.47,20337.84,19864.45,20162.22,14768.32563
2022-07-06 08:00:00,20162.21,20303.65,20033.37,20103.43,10987.55751
2022-07-06 12:00:00,20103.44,20366.2,19961.02,20148.86,16962.89906
2022-07-06 16:00:00,20148.85,20478.08,20133.55,20328.55,13872.42224
2022-07-06 20:00:00,20328.55,20675.22,20277.04,20564.51,12342.78237
2022-07-07 00:00:00,20564.51,20594.77,20385.87,20480.61,8030.93228
2022-07-07 04:00:00,20480.6,20493.72,20251.68,20440.01,7289.74695
2022-07-07 08:00:00,20440.01,20619.5,20391.16,20507.83,9026.45726
2022-07-07 12:00:00,20507.83,21035.0,20378.16,20888.44,19695.55971
2022-07-07 16:00:00,20888.44,21837.74,20837.67,21812.47,26330.0972
2022-07-07 20:00:00,21812.46,21838.1,21526.4,21624.98,14641.78921
2022-07-08 00:00:00,21624.99,22527.37,21578.14,22130.56,15662.45062
2022-07-08 04:00:00,22130.57,22242.29,21710.56,21797.64,11522.56833
2022-07-08 08:00:00,21797.65,21822.1,21317.0,21583.98,14014.47762
2022-07-08 12:00:00,21583.99,22130.0,21189.26,21962.52,217519.46905
2022-07-08 16:00:00,21964.3,21979.51,21550.0,21811.9,118059.32596
2022-07-08 20:00:00,21811.9,22045.91,21580.71,21594.75,26303.28191
2022-07-09 00:00:00,21594.75,21696.39,21403.24,21612.62,37760.75629
2022-07-09 04:00:00,21612.62,21728.63,21485.82,21654.72,28825.24637
2022-07-09 08:00:00,21654.72,21778.73,21322.12,21447.29,27589.95645
2022-07-09 12:00:00,21447.29,21717.62,21379.64,21546.9,35492.09744
2022-07-09 16:00:00,21545.89,21980.0,21517.87,21621.4,30065.08676
2022-07-09 20:00:00,21621.49,21754.0,21546.06,21591.83,18684.70137
2022-07-10 00:00:00,21592.15,21607.65,21091.81,21294.98,38268.04284
2022-07-10 04:00:00,21295.76,21373.48,21161.36,21338.12,29088.18041
2022-07-10 08:00:00,21339.46,21424.67,21161.67,21301.84,29990.38017
2022-07-10 12:00:00,21301.84,21345.14,20835.73,20899.76,38336.80103
2022-07-10 16:00:00,20898.44,21052.47,20655.0,20920.54,31704.38242
2022-07-10 20:00:00,20921.4,21180.92,20698.9,20862.47,24800.42869
2022-07-11 00:00:00,20861.11,20868.48,20453.36,20540.69,23077.88556
2022-07-11 04:00:00,20540.68,20606.11,20353.72,20439.91,18882.53702
2022-07-11 08:00:00,20439.17,20632.59,20411.56,20473.06,19309.20207
2022-07-11 12:00:00,20474.55,20762.02,20271.1,20437.44,29172.48123
2022-07-11 16:00:00,20440.0,20716.29,20400.0,20509.47,21383.4604
2022-07-11 20:00:00,20509.47,20565.05,19875.23,19963.61,25709.84096
2022-07-12 00:00:00,19963.61,20006.54,19786.46,19942.33,19173.11575
2022-07-12 04:00:00,19942.33,20059.42,19620.0,19730.99,25109.26736
2022-07-12 08:00:00,19731.0,19836.6,19558.12,19773.9,24762.84215
2022-07-12 12:00:00,19775.56,20010.0,19695.3,19886.33,25999.14655
2022-07-12 16:00:00,19886.33,20007.23,19278.0,19398.74,24209.03639
2022-07-12 20:00:00,19398.74,19555.0,19240.0,19328.75,20253.05042
2022-07-13 00:00:00,19331.28,19582.51,19265.4,19473.68,19334.01951
2022-07-13 04:00:00,19473.68,19875.0,19420.0,19705.25,18898.47892
2022-07-13 08:00:00,19707.06,19930.0,19670.02,19843.89,24102.1197
2022-07-13 12:00:00,19845.33,20128.39,18910.94,19456.2,80056.95967
2022-07-13 16:00:00,19454.99,20046.15,19230.0,19652.15,40636.95532
2022-07-13 20:00:00,19652.15,20366.61,19584.37,20234.87,26221.71576
2022-07-14 00:00:00,20234.87,20435.72,20164.06,20224.24,25680.78821
2022-07-14 04:00:00,20224.24,20276.9,19894.76,19990.72,24237.32324
2022-07-14 08:00:00,19990.72,20057.03,19635.22,19738.13,29040.80066
2022-07-14 12:00:00,19738.13,20466.0,19616.07,20390.5,41546.92001
2022-07-14 16:00:00,20390.0,20900.0,20143.96,20605.75,38641.83273
2022-07-14 20:00:00,20608.36,20720.0,20438.12,20588.84,15661.55211
2022-07-15 00:00:00,20588.84,20833.0,20382.29,20611.83,22529.61523
2022-07-15 04:00:00,20613.21,20936.0,20494.29,20835.38,21753.08143
2022-07-15 08:00:00,20835.38,21059.32,20720.16,20769.74,27470.72494
2022-07-15 12:00:00,20769.74,21090.0,20759.39,20792.19,31597.1672
2022-07-15 16:00:00,20792.19,21189.0,20636.7,21165.85,21907.5011
2022-07-15 20:00:00,21165.85,21200.0,20760.0,20830.04,18085.215
2022-07-16 00:00:00,20830.04,20865.38,20600.0,20738.0,14640.8498
2022-07-16 04:00:00,20738.0,20764.83,20478.61,20546.18,14599.27645
2022-07-16 08:00:00,20546.18,20685.9,20539.85,20616.69,10306.66166
2022-07-16 12:00:00,20616.69,20957.46,20588.72,20943.02,19963.84945
2022-07-16 16:00:00,20943.02,21588.94,20921.07,21192.04,43421.74072
2022-07-16 20:00:00,21190.0,21345.99,20911.64,21195.6,18079.29585
2022-07-17 00:00:00,21195.6,21460.85,21082.8,21324.18,18547.58908
2022-07-17 04:00:00,21322.27,21684.54,21231.01,21467.61,19318.5362
2022-07-17 08:00:00,21467.61,21549.0,21209.71,21456.79,23064.81204
2022-07-17 12:00:00,21459.35,21500.0,21075.07,21170.09,21364.005
2022-07-17 16:00:00,21170.09,21355.0,20824.0,21026.85,21727.9509
2022-07-17 20:00:00,21029.12,21080.0,20750.01,20798.16,14206.55928
2022-07-18 00:00:00,20799.58,21379.99,20762.45,21280.02,27179.49062
2022-07-18 04:00:00,21282.6,22400.0,21170.01,22245.93,48396.16981
2022-07-18 08:00:00,22245.93,22515.0,21960.71,22133.31,42183.61879
2022-07-18 12:00:00,22132.08,22777.63,21898.0,22675.83,44890.53958
2022-07-18 16:00:00,22675.83,22713.28,21388.0,21617.92,44695.7445
2022-07-18 20:00:00,21617.92,22650.0,21434.35,22432.58,32597.16802
2022-07-19 00:00:00,22432.58,22961.72,21807.46,21903.55,55617.52641
2022-07-19 04:00:00,21903.55,22133.89,21579.54,21764.88,35837.62027
2022-07-19 08:00:00,21764.88,22230.0,21696.6,21974.49,28896.23227
2022-07-19 12:00:00,21977.19,23199.9,21971.84,23136.08,63148.34394
2022-07-19 16:00:00,23128.31,23706.26,22950.21,23401.99,54014.75795
2022-07-19 20:00:00,23399.88,23800.0,23147.14,23396.62,26256.2849
2022-07-20 00:00:00,23398.48,23522.4,22922.0,23436.85,36854.25418
2022-07-20 04:00:00,23438.01,23864.15,23303.43,23381.18,30902.98687
2022-07-20 08:00:00,23381.18,23888.04,23313.9,23728.55,37527.86088
2022-07-20 12:00:00,23728.55,24276.74,23567.91,24172.63,51659.15287
2022-07-20 16:00:00,24172.64,24201.94,23400.0,23660.38,42044.92471
2022-07-20 20:00:00,23663.24,23799.62,22906.19,23223.3,39772.99143
2022-07-21 00:00:00,23223.3,23442.77,22666.0,22777.2,31345.35804
2022-07-21 04:00:00,22779.12,23099.51,22638.53,22931.56,26511.16775
2022-07-21 08:00:00,22929.28,23074.12,22466.34,22606.04,29204.64726
2022-07-21 12:00:00,22607.92,22850.0,22341.46,22642.34,38983.52083
2022-07-21 16:00:00,22639.37,23207.94,22632.72,23194.4,35494.11017
2022-07-21 20:00:00,23194.4,23308.8,22931.35,23152.19,23278.87786
2022-07-22 00:00:00,23152.19,23352.53,22861.43,22909.9,18175.45307
2022-07-22 04:00:00,22907.25,23320.0,22805.89,23118.79,23234.33239
2022-07-22 08:00:00,23121.63,23634.4,23068.0,23610.58,34290.2736
2022-07-22 12:00:00,23612.15,23756.49,23227.81,23290.68,43317.27254
2022-07-22 16:00:00,23290.71,23344.62,22543.64,22586.26,36877.18728
2022-07-22 20:00:00,22582.88,22785.95,22500.0,22684.83,15703.92078
2022-07-23 00:00:00,22684.83,22904.39,22550.14,22808.55,13827.77357
2022-07-23 04:00:00,22808.55,23000.77,22675.12,22770.52,18934.41428
2022-07-23 08:00:00,22771.94,22877.26,22210.67,22227.53,28908.73925
2022-07-23 12:00:00,22230.28,22389.53,22039.89,22215.61,22197.02528
2022-07-23 16:00:00,22216.9,22332.0,21934.57,22272.5,21809.06463
2022-07-23 20:00:00,22272.5,22559.0,22221.54,22451.07,16460.75674
2022-07-24 00:00:00,22448.58,22677.37,22288.0,22331.86,14961.07067
2022-07-24 04:00:00,22331.86,22839.99,22257.15,22701.6,20882.52765
2022-07-24 08:00:00,22704.09,22822.81,22480.0,22657.63,19335.21392
2022-07-24 12:00:00,22657.63,22911.31,22444.0,22847.08,23259.23781
2022-07-24 16:00:00,22847.08,22880.87,22630.0,22700.4,15935.18301
2022-07-24 20:00:00,22699.12,23014.64,22513.7,22579.68,20816.43971
2022-07-25 00:00:00,22577.13,22666.0,21753.57,21867.75,33119.0354
2022-07-25 04:00:00,21867.75,22002.62,21737.82,21962.33,22588.79451
2022-07-25 08:00:00,21962.33,22110.98,21868.36,21941.25,22048.18138
2022-07-25 12:00:00,21942.18,22003.12,21683.4,21895.79,32159.10297
2022-07-25 16:00:00,21893.94,22021.47,21552.53,21890.17,27200.4675
2022-07-25 20:00:00,21892.66,22259.98,21250.0,21310.9,43229.18467
2022-07-26 00:00:00,21310.9,21347.82,20856.48,21141.53,40540.47207
2022-07-26 04:00:00,21141.53,21272.21,21017.21,21066.86,21997.35143
2022-07-26 08:00:00,21066.86,21161.37,20932.7,21090.22,20342.85229
2022-07-26 12:00:00,21090.22,21196.58,20706.5,20746.81,38069.87939
2022-07-26 16:00:00,20746.81,21083.49,20734.79,20915.57,27918.74151
2022-07-26 20:00:00,20911.55,21300.0,20809.53,21254.67,28947.94657
2022-07-27 00:00:00,21254.67,21284.0,21042.53,21076.86,21881.70836
2022-07-27 04:00:00,21076.86,21451.33,21059.0,21347.36,22842.73152
2022-07-27 08:00:00,21346.11,21439.29,21129.65,21200.23,21108.09122
2022-07-27 12:00:00,21200.6,21547.53,21157.07,21530.86,31459.70714
2022-07-27 16:00:00,21530.86,23112.63,21455.25,22773.62,82340.73885
2022-07-27 20:00:00,22773.62,22997.17,22576.0,22952.45,31338.22087
2022-07-28 00:00:00,22954.31,23460.58,22701.44,23133.45,35277.39369
2022-07-28 04:00:00,23133.45,23273.81,22887.0,22925.1,25279.95507
2022-07-28 08:00:00,22925.1,23138.28,22816.26,23114.52,24940.73011
2022-07-28 12:00:00,23116.19,23992.0,22582.13,23745.57,74002.6011
2022-07-28 16:00:00,23747.85,24106.96,23662.52,23794.26,44457.31533
2022-07-28 20:00:00,23792.1,24199.72,23711.0,23842.93,32071.0788
2022-07-29 00:00:00,23845.25,23947.73,23701.0,23912.85,25679.75202
2022-07-29 04:00:00,23912.7,24442.66,23820.27,23943.26,30517.851
2022-07-29 08:00:00,23941.63,24131.54,23530.96,23720.56,33097.55799
2022-07-29 12:00:00,23718.71,24222.0,23414.03,24010.74,54279.81023
2022-07-29 16:00:00,24012.76,24051.22,23606.18,23895.13,34146.24673
2022-07-29 20:00:00,23895.14,24138.69,23700.0,23773.75,20577.28826
2022-07-30 00:00:00,23777.28,23968.9,23674.14,23801.35,21365.90398
2022-07-30 04:00:00,23802.8,23914.0,23650.0,23880.76,16225.66452
2022-07-30 08:00:00,23878.58,24073.05,23732.56,23956.38,23749.27671
2022-07-30 12:00:00,23956.38,24668.0,23916.97,24529.1,38918.92187
2022-07-30 16:00:00,24526.57,24593.02,23862.0,23920.65,24101.00978
2022-07-30 20:00:00,23923.74,24078.94,23502.25,23643.51,26699.35525
2022-07-31 00:00:00,23644.64,23886.92,23520.0,23737.4,18447.41876
2022-07-31 04:00:00,23739.41,23842.2,23670.0,23713.1,14787.67259
2022-07-31 08:00:00,23713.1,23860.0,23558.21,23801.07,18809.56497
2022-07-31 12:00:00,23802.56,23861.83,23605.21,23774.97,19234.61369
2022-07-31 16:00:00,23774.97,24194.82,23400.0,23845.88,33340.73193
2022-07-31 20:00:00,23843.69,23892.43,23227.31,23293.32,23123.32289
2022-08-01 00:00:00,23296.36,23466.55,23257.37,23375.62,15508.11562
2022-08-01 04:00:00,23376.59,23425.0,23112.0,23322.05,18881.81214
2022-08-01 08:00:00,23323.26,23379.0,22939.57,23227.79,25583.0702
2022-08-01 12:00:00,23227.79,23509.68,22961.6,23326.73,35670.80561
2022-08-01 16:00:00,23325.19,23355.0,22850.0,22953.59,28331.92374
2022-08-01 20:00:00,22955.37,23417.11,22908.45,23268.01,20234.43488
2022-08-02 00:00:00,23266.9,23447.62,22780.0,22853.11,23861.8006
2022-08-02 04:00:00,22851.34,22937.5,22715.61,22887.8,19556.90887
2022-08-02 08:00:00,22889.62,22973.08,22654.37,22882.61,22574.83437
2022-08-02 12:00:00,22882.61,23151.24,22666.05,22979.5,41402.35374
2022-08-02 16:00:00,22977.78,23459.89,22870.1,22951.21,34504.69159
2022-08-02 20:00:00,22951.21,23148.6,22910.0,22987.79,16172.69308
2022-08-03 00:00:00,22985.93,23079.39,22681.22,22862.72,21794.67604
2022-08-03 04:00:00,22863.65,23074.86,22802.0,22989.96,16328.70249
2022-08-03 08:00:00,22989.16,23471.5,22987.46,23402.83,27560.31855
2022-08-03 12:00:00,23405.14,23647.68,23207.29,23352.76,34061.28808
2022-08-03 16:00:00,23352.76,23574.98,23256.87,23462.0,24167.19029
2022-08-03 20:00:00,23460.51,23486.48,22720.0,22818.37,22036.6345
2022-08-04 00:00:00,22816.91,23223.32,22791.46,23095.74,23187.70628
2022-08-04 04:00:00,23095.74,23185.35,22815.35,22947.92,21337.72264
2022-08-04 08:00:00,22947.92,22956.41,22767.86,22885.01,21575.66775
2022-08-04 12:00:00,22885.01,23148.99,22750.0,22931.68,38733.1817
2022-08-04 16:00:00,22931.68,22980.0,22400.0,22451.24,31973.68221
2022-08-04 20:00:00,22451.28,22670.0,22449.09,22622.98,18046.70958
2022-08-05 00:00:00,22622.41,23200.0,22586.95,23175.32,29075.77169
2022-08-05 04:00:00,23173.9,23432.51,23065.82,23186.08,24099.30825
2022-08-05 08:00:00,23185.08,23441.1,23095.17,23405.13,25397.19562
2022-08-05 12:00:00,23403.67,23472.86,22879.42,22988.25,48880.34457
2022-08-05 16:00:00,22988.26,23104.0,22754.13,22932.83,27002.4136
2022-08-05 20:00:00,22931.23,23329.0,22839.27,23312.42,20796.66376
2022-08-06 00:00:00,23313.56,23354.36,23152.42,23173.65,16587.73975
2022-08-06 04:00:00,23173.65,23236.93,23140.02,23205.87,11942.3366
2022-08-06 08:00:00,23204.77,23258.61,23100.0,23157.42,12641.35947
2022-08-06 12:00:00,23157.42,23236.49,23153.59,23202.21,10906.19763
2022-08-06 16:00:00,23201.18,23256.37,22982.49,23185.12,17103.93227
2022-08-06 20:00:00,23186.32,23220.0,22909.52,22954.21,14730.23735
2022-08-07 00:00:00,22954.21,23051.92,22844.62,22990.1,15970.1472
2022-08-07 04:00:00,22990.1,23029.62,22938.47,23015.95,10283.04251
2022-08-07 08:00:00,23014.6,23055.0,22890.52,23038.48,13104.13907
2022-08-07 12:00:00,23038.48,23184.21,23010.84,23023.14,17967.66602
2022-08-07 16:00:00,23021.97,23300.0,22994.0,23161.02,15650.28447
2022-08-07 20:00:00,23162.46,23402.0,23051.71,23174.39,15914.7295
2022-08-08 00:00:00,23174.39,23350.0,23154.25,23306.63,18056.13149
2022-08-08 04:00:00,23306.62,23852.43,23278.14,23807.68,30112.85373
2022-08-08 08:00:00,23807.53,24189.43,23771.01,24166.12,34588.39517
2022-08-08 12:00:00,24166.12,24245.0,23892.57,23991.38,38414.44409
2022-08-08 16:00:00,23991.38,24011.93,23793.33,23926.83,24331.51732
2022-08-08 20:00:00,23926.84,24104.55,23670.88,23810.0,25455.09972
2022-08-09 00:00:00,23810.98,23869.96,23626.87,23828.96,15374.43569
2022-08-09 04:00:00,23828.98,23933.25,23754.51,23878.12,16624.77929
2022-08-09 08:00:00,23878.12,23890.47,23182.55,23263.92,36406.15298
2022-08-09 12:00:00,23263.34,23327.07,22865.0,23075.0,35184.14371
2022-08-09 16:00:00,23075.0,23132.11,22970.0,23053.82,22428.47764
2022-08-09 20:00:00,23053.82,23265.0,23050.0,23149.95,17164.51927
2022-08-10 00:00:00,23151.32,23151.32,22664.69,22863.75,27322.38638
2022-08-10 04:00:00,22863.75,23011.5,22829.17,22963.67,18724.46992
2022-08-10 08:00:00,22963.67,23204.0,22961.96,23123.95,23418.88921
2022-08-10 12:00:00,23122.36,24178.0,23004.58,23997.1,74487.45703
2022-08-10 16:00:00,23997.1,24092.52,23475.4,23638.95,34250.74128
2022-08-10 20:00:00,23638.95,24226.0,23622.96,23954.05,30712.60571
2022-08-11 00:00:00,23954.05,24491.22,23912.39,24324.38,43690.74811
2022-08-11 04:00:00,24324.37,24745.0,24287.47,24431.88,42311.44311
2022-08-11 08:00:00,24431.88,24685.2,24345.08,24559.37,31586.25817
2022-08-11 12:00:00,24559.37,24918.54,24280.18,24343.68,67916.73828
2022-08-11 16:00:00,24343.68,24418.5,24081.22,24221.81,39040.82428
2022-08-11 20:00:00,24222.73,24334.46,23852.13,23934.39,25213.78362
2022-08-12 00:00:00,23933.09,24097.97,23761.84,24010.11,29110.90611
2022-08-12 04:00:00,24011.25,24060.0,23880.0,23960.99,20722.1852
2022-08-12 08:00:00,23960.99,24143.0,23583.0,23672.99,33894.47421
2022-08-12 12:00:00,23672.98,24012.21,23653.66,23980.66,37591.11057
2022-08-12 16:00:00,23979.58,24271.58,23952.03,24177.57,26396.2295
2022-08-12 20:00:00,24177.57,24456.5,24048.29,24403.68,26492.66481
2022-08-13 00:00:00,24401.7,24811.24,24334.37,24796.53,33493.90366
2022-08-13 04:00:00,24796.53,24888.0,24552.13,24572.12,29087.49126
2022-08-13 08:00:00,24574.03,24653.48,24291.22,24435.91,31052.72614
2022-08-13 12:00:00,24435.91,24600.88,24300.0,24512.66,21336.66579
2022-08-13 16:00:00,24512.66,24593.37,24336.16,24398.56,21151.79633
2022-08-13 20:00:00,24398.56,24545.0,24319.09,24441.38,16729.67117
2022-08-14 00:00:00,24443.06,24640.0,24343.3,24570.02,21999.26985
2022-08-14 04:00:00,24570.33,25047.56,24500.0,24873.32,29499.16312
2022-08-14 08:00:00,24873.32,24883.24,24524.32,24564.49,28622.92667
2022-08-14 12:00:00,24564.5,24593.43,24400.0,24524.54,21597.85172
2022-08-14 16:00:00,24525.51,24568.74,24144.0,24284.07,29371.84503
2022-08-14 20:00:00,24284.07,24435.0,24172.4,24305.24,20115.08834
2022-08-15 00:00:00,24305.25,25211.32,24164.1,24867.39,48020.61288
2022-08-15 04:00:00,24866.12,24982.7,23944.62,24027.05,54638.95429
2022-08-15 08:00:00,24027.05,24314.28,23869.46,24049.48,40091.08032
2022-08-15 12:00:00,24048.91,24265.74,23900.0,24226.0,42008.7708
2022-08-15 16:00:00,24226.0,24281.1,23965.0,23982.54,30437.94241
2022-08-15 20:00:00,23983.54,24192.83,23773.22,24094.82,27342.18688
2022-08-16 00:00:00,24093.04,24247.49,23853.0,24083.42,31819.39488
2022-08-16 04:00:00,24083.25,24144.77,23795.67,24066.93,26639.66002
2022-08-16 08:00:00,24067.77,24150.0,23968.78,24038.03,25008.36776
2022-08-16 12:00:00,24036.86,24094.13,23671.22,23901.27,41284.19897
2022-08-16 16:00:00,23901.0,24058.0,23691.06,23930.24,36967.30007
2022-08-16 20:00:00,23930.24,23994.0,23809.0,23854.74,17606.02651
2022-08-17 00:00:00,23856.15,24085.0,23824.99,24006.66,27497.44226
2022-08-17 04:00:00,24006.66,24446.71,23759.3,23786.42,42139.73733
2022-08-17 08:00:00,23788.32,23924.97,23690.79,23746.65,29502.38216
2022-08-17 12:00:00,23746.65,23760.68,23321.6,23391.9,50641.81441
2022-08-17 16:00:00,23391.9,23638.84,23236.0,23275.04,40282.52766
2022-08-17 20:00:00,23276.89,23417.44,23180.4,23342.66,20604.78384
2022-08-18 00:00:00,23342.66,23516.44,23285.23,23433.31,20285.16515
2022-08-18 04:00:00,23434.25,23466.67,23325.01,23414.21,18535.89444
2022-08-18 08:00:00,23414.21,23582.35,23344.2,23534.43,21749.67803
2022-08-18 12:00:00,23534.43,23600.0,23355.73,23452.28,33043.94202
2022-08-18 16:00:00,23451.45,23469.27,23235.28,23344.88,27697.39734
2022-08-18 20:00:00,23344.88,23448.0,23111.04,23191.2,22873.89313
2022-08-19 00:00:00,23191.45,23208.67,22711.11,22769.05,41226.7643
2022-08-19 04:00:00,22768.97,22837.34,21447.76,21905.88,52502.49717
2022-08-19 08:00:00,21907.37,21915.88,21261.96,21467.91,55689.19945
2022-08-19 12:00:00,21467.91,21605.71,21265.77,21443.36,47572.54319
2022-08-19 16:00:00,21443.36,21660.73,21149.95,21329.66,38711.52891
2022-08-19 20:00:00,21329.65,21382.5,20783.57,20834.39,48293.34445
2022-08-20 00:00:00,20834.39,21212.67,20792.92,21140.34,33280.56478
2022-08-20 04:00:00,21139.97,21370.0,21077.56,21307.25,30309.80491
2022-08-20 08:00:00,21307.99,21315.0,21118.5,21233.66,24822.54213
2022-08-20 12:00:00,21233.66,21382.85,21200.0,21299.44,23779.7671
2022-08-20 16:00:00,21300.5,21360.0,20941.63,20988.36,35287.95553
2022-08-20 20:00:00,20988.52,21250.51,20761.9,21140.07,35561.04918
2022-08-21 00:00:00,21140.07,21330.55,21118.71,21208.72,21895.29548
2022-08-21 04:00:00,21210.06,21285.08,21069.11,21251.38,21730.29782
2022-08-21 08:00:00,21250.21,21570.0,21224.48,21524.39,34690.60227
2022-08-21 12:00:00,21525.57,21587.74,21314.88,21420.2,24843.69947
2022-08-21 16:00:00,21419.0,21557.26,21330.75,21512.01,21034.03801
2022-08-21 20:00:00,21512.01,21800.0,21277.73,21515.61,35006.75105
2022-08-22 00:00:00,21516.7,21530.03,21360.41,21414.86,25174.83039
2022-08-22 04:00:00,21413.67,21494.44,21058.62,21097.72,34115.81272
2022-08-22 08:00:00,21098.01,21338.75,20890.18,21248.71,49490.8094
2022-08-22 12:00:00,21249.78,21444.72,21086.54,21400.47,51797.07693
2022-08-22 16:00:00,21400.47,21548.71,20963.0,21057.25,35679.67466
2022-08-22 20:00:00,21055.48,21423.74,21045.0,21399.83,25963.84116
2022-08-23 00:00:00,21400.75,21468.51,21218.28,21239.18,25560.09622
2022-08-23 04:00:00,21239.18,21318.84,20890.14,21305.34,34416.0604
2022-08-23 08:00:00,21305.34,21550.0,21286.0,21456.34,40917.92309
2022-08-23 12:00:00,21455.97,21684.87,21327.95,21474.67,48875.0019
2022-08-23 16:00:00,21473.01,21602.49,21358.38,21522.01,29866.93249
2022-08-23 20:00:00,21522.01,21654.91,21428.0,21529.12,21331.75754
2022-08-24 00:00:00,21529.11,21555.84,21145.0,21264.01,29785.93251
2022-08-24 04:00:00,21264.01,21504.97,21237.57,21317.85,29673.56148
2022-08-24 08:00:00,21319.27,21476.23,21261.0,21438.92,25602.05989
2022-08-24 12:00:00,21439.84,21645.65,21373.43,21618.45,36534.39799
2022-08-24 16:00:00,21618.46,21900.0,21605.0,21707.58,32108.0372
2022-08-24 20:00:00,21709.32,21761.92,21361.6,21368.08,20679.23139
2022-08-25 00:00:00,21368.05,21637.89,21310.15,21468.93,25661.25463
2022-08-25 04:00:00,21468.12,21762.0,21461.53,21743.29,27720.91104
2022-08-25 08:00:00,21744.22,21819.88,21611.22,21720.31,31114.16042
2022-08-25 12:00:00,21720.31,21779.0,21483.38,21565.12,40638.26855
2022-08-25 16:00:00,21563.92,21646.27,21422.43,21605.2,27793.81951
2022-08-25 20:00:00,21607.25,21685.0,21514.89,21559.04,16987.36886
2022-08-26 00:00:00,21559.04,21614.89,21431.22,21552.17,21810.53604
2022-08-26 04:00:00,21552.17,21564.82,21326.66,21452.9,26876.78847
2022-08-26 08:00:00,21452.9,21468.76,21106.31,21189.77,29944.51782
2022-08-26 12:00:00,21191.27,21886.77,20635.12,20781.08,113783.45025
2022-08-26 16:00:00,20780.86,20832.23,20529.74,20644.47,44696.99841
2022-08-26 20:00:00,20643.01,20749.98,20107.9,20241.05,36699.32856
2022-08-27 00:00:00,20239.14,20402.93,20135.04,20203.18,29318.4206
2022-08-27 04:00:00,20204.23,20277.38,19920.0,20272.25,31410.50355
2022-08-27 08:00:00,20269.9,20279.61,20135.89,20211.21,21699.22715
2022-08-27 12:00:00,20211.21,20242.02,19800.0,19977.36,32921.72422
2022-08-27 16:00:00,19976.08,20100.0,19838.8,20018.0,26551.73716
2022-08-27 20:00:00,20018.0,20103.57,19858.43,20037.6,20680.84764
2022-08-28 00:00:00,20037.6,20171.18,19926.78,19990.58,19062.2534
2022-08-28 04:00:00,19991.39,20085.0,19937.9,20056.62,15905.99683
2022-08-28 08:00:00,20055.85,20107.52,19943.0,20034.97,18745.8172
2022-08-28 12:00:00,20033.87,20059.99,19811.0,20022.03,28371.45725
2022-08-28 16:00:00,20022.03,20155.62,19955.1,19973.76,23600.20388
2022-08-28 20:00:00,19972.31,20049.96,19520.0,19555.61,33622.2312
2022-08-29 00:00:00,19555.61,19966.56,19550.79,19868.14,35747.04123
2022-08-29 04:00:00,19866.29,19941.22,19739.74,19897.01,26893.72392
2022-08-29 08:00:00,19897.01,19923.63,19762.3,19825.09,25639.12076
2022-08-29 12:00:00,19824.2,20384.25,19805.0,20262.28,60730.4378
2022-08-29 16:00:00,20263.62,20433.62,20078.92,20098.65,35933.86098
2022-08-29 20:00:00,20098.65,20351.53,20075.0,20285.73,25565.31076
2022-08-30 00:00:00,20287.2,20298.75,20110.0,20273.36,28757.16891
2022-08-30 04:00:00,20273.36,20576.25,20257.32,20434.16,39864.58091
2022-08-30 08:00:00,20433.65,20511.3,20331.99,20403.8,31895.57423
2022-08-30 12:00:00,20403.8,20450.0,19650.0,19756.24,63047.81394
2022-08-30 16:00:00,19756.24,20099.81,19540.0,19947.2,59238.18278
2022-08-30 20:00:00,19947.2,20059.66,19745.43,19811.66,33831.03452
2022-08-31 00:00:00,19813.03,20459.32,19797.94,20402.87,43434.99397
2022-08-31 04:00:00,20401.46,20490.0,20188.0,20258.09,40558.7766
2022-08-31 08:00:00,20258.09,20410.21,20123.09,20314.78,46273.02503
2022-08-31 12:00:00,20314.78,20423.38,19870.0,20140.63,69387.69551
2022-08-31 16:00:00,20142.26,20328.46,19881.22,20228.57,49128.3389
2022-08-31 20:00:00,20228.57,20299.97,19966.0,20050.02,28163.77764
2022-09-01 00:00:00,20048.44,20208.37,19917.01,20022.97,35505.13886
2022-09-01 04:00:00,20023.82,20139.0,19801.38,19895.66,35973.37844
2022-09-01 08:00:00,19894.97,20126.23,19820.6,20074.01,40982.81672
2022-09-01 12:00:00,20074.91,20096.39,19652.79,19782.59,58172.52468
2022-09-01 16:00:00,19783.03,19938.0,19565.66,19871.68,44073.56909
2022-09-01 20:00:00,19871.68,20180.0,19841.45,20131.46,30582.54484
2022-09-02 00:00:00,20132.64,20245.89,19957.78,20157.01,30343.55359
2022-09-02 04:00:00,20157.01,20298.0,20037.14,20111.24,29629.83037
2022-09-02 08:00:00,20111.24,20179.19,19991.0,20090.81,29418.89765
2022-09-02 12:00:00,20090.81,20441.26,20020.06,20355.85,68960.92967
2022-09-02 16:00:00,20355.85,20387.3,19755.29,19910.43,64356.56312
2022-09-02 20:00:00,19909.23,20026.66,19858.4,19951.86,23276.8289
2022-09-03 00:00:00,19950.98,20055.93,19866.77,19899.69,25987.89995
2022-09-03 04:00:00,19899.69,19968.11,19754.77,19815.63,23401.70682
2022-09-03 08:00:00,19815.63,19868.86,19726.1,19798.76,27168.875
2022-09-03 12:00:00,19798.73,19904.68,19748.88,19772.95,24593.00049
2022-09-03 16:00:00,19772.95,19835.0,19652.72,19710.0,27439.06077
2022-09-03 20:00:00,19710.0,19850.0,19677.29,19831.9,18048.48901
2022-09-04 00:00:00,19832.45,19861.94,19740.07,19772.79,16305.78804
2022-09-04 04:00:00,19772.81,19812.19,19615.0,19632.4,19451.27513
2022-09-04 08:00:00,19630.95,19852.92,19583.1,19850.79,27933.29823
2022-09-04 12:00:00,19849.89,19940.0,19650.0,19789.9,30563.58575
2022-09-04 16:00:00,19790.84,19956.54,19722.0,19882.69,25831.56173
2022-09-04 20:00:00,19883.18,20029.23,19815.0,20000.3,25503.27005
2022-09-05 00:00:00,20000.3,20057.27,19809.56,19884.91,35602.25427
2022-09-05 04:00:00,19884.88,19913.09,19681.22,19750.0,38064.14007
2022-09-05 08:00:00,19750.51,19805.47,19633.83,19701.95,35287.92719
2022-09-05 12:00:00,19701.95,19950.7,19667.02,19854.59,45206.89541
2022-09-05 16:00:00,19854.59,19912.4,19670.14,19708.64,37777.23026
2022-09-05 20:00:00,19708.64,19870.8,19697.1,19796.84,30604.56337
2022-09-06 00:00:00,19795.34,20180.0,19673.44,19790.01,68746.83346
2022-09-06 04:00:00,19790.01,19948.14,19730.74,19905.79,44613.1437
2022-09-06 08:00:00,19906.88,20030.82,19860.66,19918.33,44487.59705
2022-09-06 12:00:00,19918.33,19993.67,19663.7,19818.37,67591.86273
2022-09-06 16:00:00,19818.37,19855.0,18733.97,18824.41,87847.22545
2022-09-06 20:00:00,18823.48,19120.0,18649.51,18790.61,43028.39479
2022-09-07 00:00:00,18790.61,18873.17,18510.77,18745.85,53212.43422
2022-09-07 04:00:00,18745.01,18843.68,18671.22,18800.43,37858.02278
2022-09-07 08:00:00,18799.61,18859.98,18691.22,18739.59,34622.30107
2022-09-07 12:00:00,18739.78,18968.58,18674.33,18871.35,55673.06639
2022-09-07 16:00:00,18870.6,19200.0,18850.42,18992.38,55904.80594
2022-09-07 20:00:00,18992.37,19464.06,18987.89,19292.84,50124.1484
2022-09-08 00:00:00,19292.85,19384.81,19151.48,19218.4,31899.09781
2022-09-08 04:00:00,19218.4,19391.22,19056.0,19171.66,43606.76131
2022-09-08 08:00:00,19171.6,19397.71,19142.29,19311.15,38445.38899
2022-09-08 12:00:00,19311.6,19378.19,19012.0,19250.81,73379.5276
2022-09-08 16:00:00,19250.81,19354.04,19093.13,19352.38,46668.01447
2022-09-08 20:00:00,19352.38,19458.25,19251.9,19319.77,28814.49255
2022-09-09 00:00:00,19320.54,19956.12,19291.75,19950.73,45447.37355
2022-09-09 04:00:00,19949.59,20800.0,19928.47,20631.76,84684.16281
2022-09-09 08:00:00,20631.76,21200.0,20625.26,20937.72,77966.44551
2022-09-09 12:00:00,20937.72,21337.72,20912.37,21266.79,89876.5496
2022-09-09 16:00:00,21266.76,21437.9,21129.0,21291.62,79607.75533
2022-09-09 20:00:00,21291.62,21597.22,21186.07,21360.11,51337.45972
2022-09-10 00:00:00,21361.62,21391.65,21163.25,21303.07,46245.75068
2022-09-10 04:00:00,21301.88,21672.24,21251.59,21283.87,59402.39996
2022-09-10 08:00:00,21283.89,21393.99,21253.5,21285.11,42611.26446
2022-09-10 12:00:00,21285.11,21363.01,21111.13,21219.36,52619.58777
2022-09-10 16:00:00,21220.18,21646.0,21171.44,21579.1,54139.50348
2022-09-10 20:00:00,21579.1,21810.8,21361.64,21648.34,52978.82869
2022-09-11 00:00:00,21647.21,21682.6,21450.01,21542.42,37855.78481
2022-09-11 04:00:00,21542.42,21643.61,21350.0,21611.49,43220.93719
2022-09-11 08:00:00,21610.82,21726.6,21557.38,21613.03,42717.06626
2022-09-11 12:00:00,21613.03,21753.75,21455.0,21643.16,53469.51783
2022-09-11 16:00:00,21642.07,21860.0,21530.0,21617.99,49795.29184
2022-09-11 20:00:00,21617.99,21850.0,21456.67,21826.87,53643.95356
2022-09-12 00:00:00,21826.87,22374.0,21538.51,21656.87,85688.38428
2022-09-12 04:00:00,21656.43,22232.09,21627.34,22193.64,63905.9675
2022-09-12 08:00:00,22195.78,22472.68,21970.43,22312.75,77531.3543
2022-09-12 12:00:00,22313.57,22488.0,22000.0,22114.5,70775.18087
2022-09-12 16:00:00,22112.59,22454.0,22010.96,22426.08,57352.90302
2022-09-12 20:00:00,22428.25,22480.71,22252.37,22395.74,40141.82831
2022-09-13 00:00:00,22395.44,22445.86,22054.07,22231.58,54467.66462
2022-09-13 04:00:00,22232.72,22627.0,22178.57,22273.09,62723.37173
2022-09-13 08:00:00,22271.59,22713.92,22182.09,22522.74,65382.90597
2022-09-13 12:00:00,22522.74,22799.0,20751.0,20829.77,127253.50689
2022-09-13 16:00:00,20829.77,20927.73,20030.0,20283.58,76799.9066
2022-09-13 20:00:00,20284.89,20421.15,19860.0,20173.57,45287.67752
2022-09-14 00:00:00,20173.62,20541.48,20042.15,20323.04,52365.02585
2022-09-14 04:00:00,20323.04,20405.77,20130.98,20243.89,42761.43332
2022-09-14 08:00:00,20243.22,20419.83,20091.19,20225.35,51545.65753
2022-09-14 12:00:00,20224.74,20389.99,20070.0,20178.79,82170.45147
2022-09-14 16:00:00,20178.16,20238.71,19617.62,19952.11,71429.90144
2022-09-14 20:00:00,19951.83,20393.37,19851.21,20226.71,40553.9319
2022-09-15 00:00:00,20227.17,20270.61,19920.0,20023.59,49094.25992
2022-09-15 04:00:00,20023.59,20330.24,19955.43,20204.23,68202.10017
2022-09-15 08:00:00,20204.23,20225.0,20025.0,20148.35,47940.74236
2022-09-15 12:00:00,20149.59,20194.12,19497.0,19737.36,81453.00838
2022-09-15 16:00:00,19737.36,19947.56,19644.1,19782.36,50623.9086
2022-09-15 20:00:00,19780.71,19894.99,19578.0,19701.88,35755.74133
2022-09-16 00:00:00,19701.88,19814.99,19582.05,19744.77,39694.45813
2022-09-16 04:00:00,19744.77,19859.99,19728.0,19739.1,32804.03728
2022-09-16 08:00:00,19739.1,19890.0,19610.13,19867.82,42860.06736
2022-09-16 12:00:00,19868.75,19875.61,19442.76,19661.24,69622.24444
2022-09-16 16:00:00,19661.24,19661.89,19320.01,19618.91,69991.76218
2022-09-16 20:00:00,19617.34,19819.22,19612.42,19803.3,28818.50125
2022-09-17 00:00:00,19803.3,20071.09,19770.0,19884.93,34184.08705
2022-09-17 04:00:00,19884.5,19988.89,19785.49,19842.09,26553.85296
2022-09-17 08:00:00,19842.22,19916.61,19806.64,19810.22,27389.60408
2022-09-17 12:00:00,19810.22,20037.99,19748.08,19963.34,31447.15942
2022-09-17 16:00:00,19963.34,20189.0,19935.08,20009.21,36652.04674
2022-09-17 20:00:00,20009.27,20145.76,19940.0,20113.62,23123.49313
2022-09-18 00:00:00,20112.61,20117.26,19949.95,20000.33,28644.14045
2022-09-18 04:00:00,20000.33,20098.0,19953.58,20053.17,22819.40077
2022-09-18 08:00:00,20052.57,20102.16,19765.01,19922.92,43805.52765
2022-09-18 12:00:00,19922.29,20029.81,19725.0,19814.63,45886.72865
2022-09-18 16:00:00,19814.63,19879.44,19562.45,19725.87,58816.15437
2022-09-18 20:00:00,19725.58,19753.95,19335.62,19416.18,54245.51715
2022-09-19 00:00:00,19417.45,19518.17,18670.0,18776.93,57773.78177
2022-09-19 04:00:00,18775.89,18879.08,18232.56,18468.74,68529.74012
2022-09-19 08:00:00,18468.74,18800.0,18367.88,18684.87,65845.86227
2022-09-19 12:00:00,18685.77,19433.48,18676.47,19080.49,84129.00624
2022-09-19 16:00:00,19081.24,19560.35,18877.0,19514.8,60598.18921
2022-09-19 20:00:00,19514.8,19686.2,19413.53,19537.02,43635.82345
2022-09-20 00:00:00,19537.02,19634.62,19174.74,19364.19,45833.15231
2022-09-20 04:00:00,19364.19,19589.0,19233.38,19357.93,39970.83853
2022-09-20 08:00:00,19358.87,19424.29,19150.0,19219.49,47441.73225
2022-09-20 12:00:00,19219.49,19269.17,18777.0,19238.1,78407.70224
2022-09-20 16:00:00,19238.09,19319.28,18711.87,18993.33,75149.48271
2022-09-20 20:00:00,18993.33,19093.45,18785.01,18875.0,37295.42056
2022-09-21 00:00:00,18874.31,19060.26,18829.3,19021.17,31767.02269
2022-09-21 04:00:00,19022.24,19135.57,18791.2,18947.82,39627.44704
2022-09-21 08:00:00,18946.8,19205.93,18823.53,19165.93,44009.67001
2022-09-21 12:00:00,19165.18,19477.77,19084.17,19191.17,68280.56751
2022-09-21 16:00:00,19191.81,19956.0,18666.0,19001.03,129660.78978
2022-09-21 20:00:00,19002.76,19072.72,18125.98,18461.36,71688.60318
2022-09-22 00:00:00,18461.36,18789.04,18356.39,18690.39,59304.30733
2022-09-22 04:00:00,18690.39,18969.87,18617.41,18934.29,54535.0649
2022-09-22 08:00:00,18934.29,19285.12,18906.1,19229.81,65982.97543
2022-09-22 12:00:00,19229.81,19317.66,18794.06,18986.89,79875.43764
2022-09-22 16:00:00,18985.96,19499.0,18780.01,19311.19,72770.35854
2022-09-22 20:00:00,19309.43,19550.17,19150.0,19401.63,46853.57727
2022-09-23 00:00:00,19401.63,19467.0,19225.73,19394.62,46965.80422
2022-09-23 04:00:00,19393.14,19500.0,19200.0,19223.27,44875.62309
2022-09-23 08:00:00,19223.27,19273.52,18835.0,18862.72,66981.43167
2022-09-23 12:00:00,18862.72,19077.02,18531.42,18711.86,86334.54454
2022-09-23 16:00:00,18712.08,18852.28,18572.55,18807.57,84405.44112
2022-09-23 20:00:00,18807.57,19406.73,18803.0,19289.91,56324.07365
2022-09-24 00:00:00,19288.57,19316.14,19029.8,19121.92,47764.24279
2022-09-24 04:00:00,19121.92,19189.0,18925.94,18997.14,40878.7735
2022-09-24 08:00:00,18996.63,19119.75,18940.23,19051.63,35957.7707
2022-09-24 12:00:00,19052.24,19225.92,19012.49,19124.14,43071.74271
2022-09-24 16:00:00,19124.14,19195.0,19050.03,19103.3,33486.61434
2022-09-24 20:00:00,19102.68,19150.81,18805.34,18920.5,38337.42342
2022-09-25 00:00:00,18921.99,19062.0,18913.43,19053.67,31530.95821
2022-09-25 04:00:00,19052.83,19132.21,18937.62,19098.09,23058.73258
2022-09-25 08:00:00,19098.09,19180.21,18982.0,19117.94,26380.66333
2022-09-25 12:00:00,19117.95,19144.23,18841.91,18988.74,35787.72141
2022-09-25 16:00:00,18988.74,19123.27,18850.01,18915.49,32186.97594
2022-09-25 20:00:00,18915.49,18953.56,18629.2,18807.38,42246.39773
2022-09-26 00:00:00,18809.13,18948.11,18721.02,18868.39,60306.79999
2022-09-26 04:00:00,18869.07,18935.0,18680.72,18911.18,67107.34202
2022-09-26 08:00:00,18911.18,19318.96,18803.13,18876.62,96374.4075
2022-09-26 12:00:00,18876.62,19280.0,18817.62,19113.48,97273.5181
2022-09-26 16:00:00,19113.48,19269.69,18967.59,19202.77,74843.64765
2022-09-26 20:00:00,19202.16,19246.33,19070.05,19227.82,43333.50417
2022-09-27 00:00:00,19226.68,20300.0,19187.63,20099.04,102429.59353
2022-09-27 04:00:00,20099.04,20350.0,19958.85,20183.74,87315.93782
2022-09-27 08:00:00,20183.74,20338.39,20091.3,20229.26,83092.0836
2022-09-27 12:00:00,20230.35,20385.86,19865.0,19887.73,112000.16808
2022-09-27 16:00:00,19887.78,19954.49,18816.32,19077.59,143710.02724
2022-09-27 20:00:00,19077.59,19169.39,18926.91,19079.13,64712.93134
2022-09-28 00:00:00,19078.1,19238.28,18471.28,18745.65,89888.25192
2022-09-28 04:00:00,18746.2,18883.04,18622.0,18781.48,71094.44419
2022-09-28 08:00:00,18782.49,19155.08,18565.0,18955.43,101051.98922
2022-09-28 12:00:00,18954.96,19500.0,18940.02,19487.79,107753.20774
2022-09-28 16:00:00,19487.79,19666.66,19256.07,19546.72,100562.72795
2022-09-28 20:00:00,19546.72,19790.0,19386.22,19412.82,51034.83445
2022-09-29 00:00:00,19412.82,19605.0,19277.01,19507.5,68081.57253
2022-09-29 04:00:00,19507.5,19629.0,19267.0,19359.71,59453.67446
2022-09-29 08:00:00,19360.4,19550.0,19301.27,19463.04,51468.77584
2022-09-29 12:00:00,19463.04,19476.16,18843.01,19288.85,107395.48792
2022-09-29 16:00:00,19288.78,19645.52,19117.5,19405.37,80158.72186
2022-09-29 20:00:00,19402.63,19620.0,19379.74,19591.51,39866.69995
2022-09-30 00:00:00,19590.54,19700.0,19311.99,19398.12,64551.92999
2022-09-30 04:00:00,19397.72,19640.0,19387.87,19571.35,47503.62768
2022-09-30 08:00:00,19570.74,19635.53,19400.32,19436.29,55842.13147
2022-09-30 12:00:00,19435.79,20185.0,19155.36,19756.01,144858.14617
2022-09-30 16:00:00,19756.02,19873.5,19470.29,19473.52,81008.82587
2022-09-30 20:00:00,19473.52,19542.72,19240.44,19422.61,50558.29222
2022-10-01 00:00:00,19422.61,19484.0,19351.02,19416.05,26599.06128
2022-10-01 04:00:00,19416.05,19423.63,19258.53,19309.84,33286.14711
2022-10-01 08:00:00,19309.84,19367.98,19159.42,19312.04,28801.44783
2022-10-01 12:00:00,19312.04,19400.02,19240.08,19330.95,29365.85986
2022-10-01 16:00:00,19332.42,19353.81,19206.63,19266.15,28936.5307
2022-10-01 20:00:00,19266.15,19342.63,19200.0,19310.95,18636.09281
2022-10-02 00:00:00,19312.24,19345.88,19236.0,19310.83,23507.0187
2022-10-02 04:00:00,19310.36,19395.91,19227.73,19285.26,29989.34911
2022-10-02 08:00:00,19284.93,19300.55,19036.0,19192.43,39205.18396
2022-10-02 12:00:00,19193.05,19247.0,19070.0,19143.94,29988.35819
2022-10-02 16:00:00,19143.97,19341.58,19129.97,19260.63,28556.86831
2022-10-02 20:00:00,19260.63,19304.06,18920.35,19056.8,55565.69205
2022-10-03 00:00:00,19057.74,19258.96,18959.68,19168.29,51382.5756
2022-10-03 04:00:00,19168.35,19315.0,19059.68,19197.73,43780.6323
2022-10-03 08:00:00,19197.73,19255.3,19122.67,19245.41,36111.41297
2022-10-03 12:00:00,19246.81,19498.0,19134.23,19335.92,70106.16095
2022-10-03 16:00:00,19336.75,19650.0,19310.0,19541.38,59130.40924
2022-10-03 20:00:00,19543.31,19719.1,19508.83,19629.08,33074.56106
2022-10-04 00:00:00,19629.08,19722.6,19490.6,19598.27,33197.29856
2022-10-04 04:00:00,19598.27,19975.43,19554.0,19968.01,51247.75988
2022-10-04 08:00:00,19967.69,20152.0,19808.0,19939.0,64010.07569
2022-10-04 12:00:00,19939.0,20270.0,19905.3,20099.7,69188.34696
2022-10-04 16:00:00,20099.71,20272.98,19872.02,20220.09,62310.49507
2022-10-04 20:00:00,20220.09,20475.0,20139.51,20337.82,47058.02511
2022-10-05 00:00:00,20337.82,20365.6,20142.95,20189.83,36048.69819
2022-10-05 04:00:00,20190.66,20299.99,20074.91,20226.58,35631.11299
2022-10-05 08:00:00,20227.2,20245.58,19952.12,20027.43,49833.12646
2022-10-05 12:00:00,20028.74,20071.44,19730.0,20001.7,79557.72506
2022-10-05 16:00:00,20001.7,20350.0,19950.05,20119.47,72659.65133
2022-10-05 20:00:00,20117.31,20215.17,19975.42,20158.26,38509.43821
2022-10-06 00:00:00,20158.26,20445.52,20140.38,20355.69,60712.63123
2022-10-06 04:00:00,20356.08,20456.6,20156.0,20218.43,49277.52824
2022-10-06 08:00:00,20218.43,20257.42,20080.01,20245.22,44476.48281
2022-10-06 12:00:00,20244.46,20324.94,19874.81,20010.0,85298.42765
2022-10-06 16:00:00,20010.0,20256.0,19946.76,20010.62,52466.61013
2022-10-06 20:00:00,20010.62,20072.03,19853.0,19960.67,27890.49014
2022-10-07 00:00:00,19960.67,20054.41,19940.9,19981.88,22330.80432
2022-10-07 04:00:00,19982.86,20011.76,19810.0,19928.0,26021.78534
2022-10-07 08:00:00,19928.0,20024.7,19913.63,19998.9,24295.73874
2022-10-07 12:00:00,20000.15,20068.82,19474.71,19577.65,83168.1762
2022-10-07 16:00:00,19577.34,19606.52,19320.0,19459.32,45716.33665
2022-10-07 20:00:00,19459.32,19645.0,19440.73,19530.09,19341.99788
2022-10-08 00:00:00,19530.09,19627.38,19494.0,19504.78,16587.03947
2022-10-08 04:00:00,19504.78,19544.0,19415.6,19499.94,16821.42812
2022-10-08 08:00:00,19500.64,19548.0,19450.0,19534.21,15185.86547
2022-10-08 12:00:00,19534.21,19543.23,19415.0,19487.88,17822.54905
2022-10-08 16:00:00,19487.88,19535.91,19438.99,19468.03,13246.84579
2022-10-08 20:00:00,19467.49,19480.0,19237.14,19417.96,22816.37052
2022-10-09 00:00:00,19416.52,19455.0,19327.77,19366.58,15622.05078
2022-10-09 04:00:00,19365.35,19439.87,19316.04,19407.96,16252.84498
2022-10-09 08:00:00,19407.96,19558.0,19373.49,19468.35,19661.91341
2022-10-09 12:00:00,19468.35,19550.0,19460.8,19535.77,19786.37994
2022-10-09 16:00:00,19535.77,19555.89,19353.0,19468.96,22058.46837
2022-10-09 20:00:00,19468.73,19500.0,19368.1,19439.02,20519.16933
2022-10-10 00:00:00,19439.96,19525.0,19401.0,19452.99,22871.55036
2022-10-10 04:00:00,19452.97,19477.0,19368.08,19412.25,22698.65021
2022-10-10 08:00:00,19412.25,19419.78,19107.0,19331.62,42539.31282
2022-10-10 12:00:00,19333.02,19441.99,19221.41,19269.02,51393.02699
2022-10-10 16:00:00,19269.02,19358.76,19098.21,19211.59,47370.72922
2022-10-10 20:00:00,19211.59,19282.14,19020.25,19131.87,25635.82889
2022-10-11 00:00:00,19131.87,19133.52,18950.01,19044.74,38613.72562
2022-10-11 04:00:00,19044.19,19117.89,19010.0,19084.1,26726.91547
2022-10-11 08:00:00,19082.28,19158.93,19031.23,19153.68,26988.03887
2022-10-11 12:00:00,19153.68,19268.09,18860.0,19147.6,61403.19992
2022-10-11 16:00:00,19147.6,19185.52,18918.01,18999.25,62863.50025
2022-10-11 20:00:00,18997.66,19064.99,18986.62,19060.0,26878.46273
2022-10-12 00:00:00,19060.0,19132.93,19024.65,19048.73,27074.07089
2022-10-12 04:00:00,19049.09,19203.14,19041.9,19112.41,33358.37272
2022-10-12 08:00:00,19111.5,19201.82,19089.51,19114.62,29801.48633
2022-10-12 12:00:00,19114.62,19182.18,18965.88,19137.32,61965.24953
2022-10-12 16:00:00,19137.36,19179.26,19041.74,19137.18,43061.46223
2022-10-12 20:00:00,19137.29,19238.31,19131.55,19155.53,18565.62561
2022-10-13 00:00:00,19155.1,19175.13,19017.8,19089.16,27934.0663
2022-10-13 04:00:00,19089.16,19112.68,18950.0,19005.29,37143.82125
2022-10-13 08:00:00,19005.29,19038.9,18566.66,18753.2,59444.87585
2022-10-13 12:00:00,18754.09,19049.99,18190.0,18958.59,145930.25338
2022-10-13 16:00:00,18958.59,19513.79,18895.08,19369.94,92521.63596
2022-10-13 20:00:00,19369.94,19494.56,19328.72,19375.13,36782.03063
2022-10-14 00:00:00,19375.58,19951.87,19338.07,19816.85,68536.61884
2022-10-14 04:00:00,19816.85,19849.79,19568.33,19642.35,51525.85517
2022-10-14 08:00:00,19642.2,19748.54,19530.0,19596.25,52283.78825
2022-10-14 12:00:00,19596.25,19854.48,19301.0,19358.59,101579.14715
2022-10-14 16:00:00,19358.59,19403.6,19106.16,19168.18,55347.46757
2022-10-14 20:00:00,19168.18,19217.64,19070.37,19176.93,22361.44903
2022-10-15 00:00:00,19176.93,19227.68,19133.24,19200.99,17896.53771
2022-10-15 04:00:00,19200.99,19211.98,19133.16,19169.79,16197.72754
2022-10-15 08:00:00,19170.43,19179.63,19037.39,19167.33,25459.3042
2022-10-15 12:00:00,19167.33,19199.0,19094.01,19127.95,18810.70859
2022-10-15 16:00:00,19127.95,19163.39,19052.0,19102.17,15580.6284
2022-10-15 20:00:00,19102.65,19131.0,18975.18,19069.39,19902.73588
2022-10-16 00:00:00,19068.4,19170.82,19063.74,19123.43,15639.43271
2022-10-16 04:00:00,19123.43,19162.82,19110.35,19134.31,15106.93578
2022-10-16 08:00:00,19134.31,19195.0,19087.37,19144.69,19470.20494
2022-10-16 12:00:00,19144.69,19172.55,19104.16,19158.49,18611.13077
2022-10-16 16:00:00,19158.49,19383.44,19118.4,19375.39,23425.86976
2022-10-16 20:00:00,19375.39,19425.84,19101.0,19262.98,39641.04489
2022-10-17 00:00:00,19262.98,19309.06,19152.03,19186.38,22318.36879
2022-10-17 04:00:00,19186.38,19318.28,19161.03,19295.58,27284.47734
2022-10-17 08:00:00,19295.58,19545.22,19244.03,19457.58,41306.37788
2022-10-17 12:00:00,19457.58,19676.96,19419.6,19535.19,69167.97735
2022-10-17 16:00:00,19535.19,19592.55,19441.87,19526.84,37487.89479
2022-10-17 20:00:00,19527.66,19626.91,19471.8,19549.86,25248.78019
2022-10-18 00:00:00,19548.48,19624.03,19480.0,19547.9,29266.67122
2022-10-18 04:00:00,19548.68,19706.66,19524.37,19664.92,37967.51537
2022-10-18 08:00:00,19665.95,19673.0,19470.0,19563.59,40890.45
2022-10-18 12:00:00,19563.59,19680.49,19280.11,19375.01,67510.77491
2022-10-18 16:00:00,19375.71,19442.0,19091.0,19216.21,52650.55356
2022-10-18 20:00:00,19217.79,19433.43,19195.44,19327.44,32027.11342
2022-10-19 00:00:00,19327.44,19360.16,19213.99,19281.63,24838.11541
2022-10-19 04:00:00,19281.01,19308.34,19146.8,19218.11,30838.31529
2022-10-19 08:00:00,19218.59,19281.81,19140.01,19200.84,29796.8416
2022-10-19 12:00:00,19201.42,19301.69,19065.97,19266.43,49420.78798
2022-10-19 16:00:00,19267.94,19279.31,19095.0,19232.59,30387.57413
2022-10-19 20:00:00,19231.63,19249.51,19084.23,19123.97,20855.66097
2022-10-20 00:00:00,19123.35,19165.34,18900.0,19042.09,29823.96779
2022-10-20 04:00:00,19043.2,19210.0,19037.66,19145.94,31657.92383
2022-10-20 08:00:00,19145.1,19253.33,19105.99,19208.09,30170.9369
2022-10-20 12:00:00,19208.09,19347.82,19128.24,19253.3,52098.24201
2022-10-20 16:00:00,19253.88,19256.55,18964.02,19063.82,53032.20372
2022-10-20 20:00:00,19063.04,19098.0,18929.38,19041.92,26746.85643
2022-10-21 00:00:00,19041.92,19131.39,18999.0,19051.77,25204.50825
2022-10-21 04:00:00,19051.19,19084.17,18991.69,19027.86,25166.7528
2022-10-21 08:00:00,19028.68,19041.96,18900.0,18945.65,40041.11911
2022-10-21 12:00:00,18944.99,19174.16,18650.0,19168.25,103700.45286
2022-10-21 16:00:00,19168.44,19250.0,19089.0,19189.22,55099.94775
2022-10-21 20:00:00,19189.22,19249.73,19137.68,19164.37,20097.97692
2022-10-22 00:00:00,19164.37,19183.39,19112.72,19151.22,17604.99004
2022-10-22 04:00:00,19150.36,19177.01,19132.71,19163.58,14399.18819
2022-10-22 08:00:00,19163.58,19188.0,19140.0,19178.66,17169.0101
2022-10-22 12:00:00,19178.99,19257.0,19155.0,19235.65,26983.03009
2022-10-22 16:00:00,19234.8,19248.85,19134.0,19183.83,21607.12362
2022-10-22 20:00:00,19183.83,19224.99,19173.79,19204.35,12640.56633
2022-10-23 00:00:00,19204.29,19219.76,19163.32,19197.59,14760.13894
2022-10-23 04:00:00,19197.55,19221.71,19148.01,19162.37,16794.21475
2022-10-23 08:00:00,19162.16,19188.7,19125.63,19151.78,15471.09367
2022-10-23 12:00:00,19151.24,19213.14,19070.11,19190.14,22124.29676
2022-10-23 16:00:00,19190.14,19553.96,19169.18,19499.83,47851.15347
2022-10-23 20:00:00,19500.38,19695.0,19441.96,19570.4,50056.30425
2022-10-24 00:00:00,19570.4,19601.15,19342.33,19391.97,46226.18507
2022-10-24 04:00:00,19391.97,19392.41,19250.59,19322.4,45121.51744
2022-10-24 08:00:00,19322.4,19444.44,19292.3,19423.63,38678.18395
2022-10-24 12:00:00,19422.9,19450.9,19157.0,19301.96,71143.04614
2022-10-24 16:00:00,19301.96,19425.05,19223.0,19343.23,33590.0143
2022-10-24 20:00:00,19343.95,19419.15,19301.11,19329.72,21409.19777
2022-10-25 00:00:00,19330.6,19365.32,19250.0,19342.02,22889.60614
2022-10-25 04:00:00,19342.41,19377.1,19272.85,19306.75,21688.59752
2022-10-25 08:00:00,19306.34,19327.16,19237.0,19302.13,23756.86728
2022-10-25 12:00:00,19301.39,19811.0,19260.82,19748.48,87957.91613
2022-10-25 16:00:00,19748.48,20415.87,19718.0,20273.14,119097.10993
2022-10-25 20:00:00,20276.26,20296.92,19981.12,20080.07,50980.57361
2022-10-26 00:00:00,20079.02,20308.0,20050.41,20251.17,45190.154
2022-10-26 04:00:00,20250.55,20382.56,20129.24,20344.76,48521.83566
2022-10-26 08:00:00,20344.05,20783.27,20281.79,20607.81,74517.65302
2022-10-26 12:00:00,20606.86,21020.0,20338.75,20846.66,108637.26464
2022-10-26 16:00:00,20846.66,20997.13,20639.98,20763.54,64776.09859
2022-10-26 20:00:00,20764.52,20907.0,20694.28,20771.59,38849.68985
2022-10-27 00:00:00,20771.61,20847.9,20581.49,20755.33,41094.39042
2022-10-27 04:00:00,20755.9,20872.21,20680.72,20710.02,39944.95921
2022-10-27 08:00:00,20711.12,20750.9,20451.71,20622.84,51716.0483
2022-10-27 12:00:00,20622.11,20780.0,20430.0,20563.09,91523.45178
2022-10-27 16:00:00,20564.08,20679.51,20497.62,20629.59,39133.37997
2022-10-27 20:00:00,20629.59,20637.9,20200.0,20295.11,65231.34823
2022-10-28 00:00:00,20295.11,20337.8,20160.0,20292.81,41598.64181
2022-10-28 04:00:00,20292.77,20312.32,20060.0,20080.01,39111.54404
2022-10-28 08:00:00,20080.01,20248.64,20026.0,20173.74,44669.4375
2022-10-28 12:00:00,20174.0,20588.88,20000.09,20484.59,85700.24245
2022-10-28 16:00:00,20483.96,20750.0,20450.5,20609.21,52122.55718
2022-10-28 20:00:00,20609.21,20735.86,20566.0,20591.84,23837.52271
2022-10-29 00:00:00,20591.84,20823.81,20554.01,20754.27,31867.55531
2022-10-29 04:00:00,20754.27,20777.0,20620.81,20772.27,29666.53623
2022-10-29 08:00:00,20772.27,21085.0,20650.21,20698.89,69530.73315
2022-10-29 12:00:00,20698.06,20947.0,20676.54,20923.33,50383.03946
2022-10-29 16:00:00,20922.25,20982.86,20757.26,20836.96,46871.78707
2022-10-29 20:00:00,20836.96,20899.99,20704.12,20809.67,26562.12633
2022-10-30 00:00:00,20809.68,20841.11,20701.15,20775.5,24897.3423
2022-10-30 04:00:00,20775.5,20931.21,20741.32,20850.85,31837.14803
2022-10-30 08:00:00,20850.84,20887.34,20632.73,20769.84,41886.09154
2022-10-30 12:00:00,20770.81,20781.5,20589.18,20676.7,34950.03823
2022-10-30 16:00:00,20676.72,20700.91,20550.0,20647.49,30214.93935
2022-10-30 20:00:00,20647.77,20739.0,20515.0,20627.48,29010.04941
2022-10-31 00:00:00,20627.48,20675.0,20427.23,20516.07,38837.89003
2022-10-31 04:00:00,20516.07,20593.0,20455.0,20546.65,29471.83535
2022-10-31 08:00:00,20547.08,20845.92,20449.86,20730.54,56721.14914
2022-10-31 12:00:00,20731.53,20755.73,20237.95,20401.53,91762.35397
2022-10-31 16:00:00,20402.6,20533.0,20328.68,20371.72,56560.55789
2022-10-31 20:00:00,20371.4,20524.76,20353.77,20490.74,30213.8299
2022-11-01 00:00:00,20490.74,20589.67,20440.64,20482.57,42530.18742
2022-11-01 04:00:00,20482.57,20662.8,20466.71,20599.51,41697.36943
2022-11-01 08:00:00,20598.74,20700.0,20489.92,20522.79,53368.52562
2022-11-01 12:00:00,20522.23,20570.07,20330.74,20444.0,73725.84369
2022-11-01 16:00:00,20444.0,20517.77,20372.85,20451.45,45119.33416
2022-11-01 20:00:00,20449.29,20503.51,20429.35,20483.62,23491.17739
2022-11-02 00:00:00,20482.81,20558.35,20407.66,20520.34,35736.13079
2022-11-02 04:00:00,20520.34,20563.36,20356.75,20421.64,40207.32805
2022-11-02 08:00:00,20421.64,20539.9,20339.99,20431.33,43427.03759
2022-11-02 12:00:00,20432.38,20457.29,20360.0,20409.03,49089.14117
2022-11-02 16:00:00,20409.03,20800.0,20048.04,20250.68,152367.1987
2022-11-02 20:00:00,20250.68,20282.6,20059.94,20151.84,52889.43669
2022-11-03 00:00:00,20151.84,20339.99,20120.0,20310.63,45286.36328
2022-11-03 04:00:00,20310.63,20393.32,20281.01,20303.09,39635.74249
2022-11-03 08:00:00,20302.35,20338.99,20052.0,20130.64,57231.73925
2022-11-03 12:00:00,20129.8,20339.86,20031.24,20248.62,93114.84927
2022-11-03 16:00:00,20249.18,20315.8,20177.1,20262.53,48379.24924
2022-11-03 20:00:00,20262.53,20271.0,20157.86,20207.82,35537.21087
2022-11-04 00:00:00,20207.12,20330.87,20180.96,20321.79,43072.76992
2022-11-04 04:00:00,20321.79,20688.0,20306.58,20611.56,68700.50414
2022-11-04 08:00:00,20611.56,20681.91,20546.0,20558.46,61029.30462
2022-11-04 12:00:00,20558.03,21302.05,20350.0,20838.7,147532.06386
2022-11-04 16:00:00,20837.54,21115.48,20669.57,21108.54,94896.25811
2022-11-04 20:00:00,21108.54,21209.16,21048.63,21148.52,38463.491
2022-11-05 00:00:00,21148.52,21480.65,21080.65,21444.61,60018.53835
2022-11-05 04:00:00,21445.19,21467.93,21364.34,21384.42,36468.18793
2022-11-05 08:00:00,21384.92,21427.34,21234.9,21404.63,46187.5476
2022-11-05 12:00:00,21404.63,21420.84,21210.98,21299.22,43810.72523
2022-11-05 16:00:00,21299.22,21345.08,21261.56,21331.11,33717.99149
2022-11-05 20:00:00,21330.58,21380.0,21233.33,21299.37,25418.99465
2022-11-06 00:00:00,21299.37,21365.27,21189.44,21233.88,37099.86756
2022-11-06 04:00:00,21234.44,21252.54,21143.27,21194.49,28519.82652
2022-11-06 08:00:00,21193.88,21310.0,21173.03,21255.08,38346.71333
2022-11-06 12:00:00,21254.8,21289.49,21190.81,21241.1,36483.35035
2022-11-06 16:00:00,21241.85,21282.19,21152.46,21194.5,42016.27696
2022-11-06 20:00:00,21194.5,21211.62,20886.13,20905.58,47570.93745
2022-11-07 00:00:00,20905.58,21069.77,20820.0,20913.82,63421.68582
2022-11-07 04:00:00,20913.82,20918.33,20612.67,20635.74,64111.17727
2022-11-07 08:00:00,20635.1,20811.92,20571.52,20733.46,64125.37499
2022-11-07 12:00:00,20733.97,20798.74,20626.25,20764.95,81505.79028
2022-11-07 16:00:00,20764.95,20892.04,20652.52,20847.51,57993.87395
2022-11-07 20:00:00,20848.33,20890.71,20384.89,20591.13,55819.70106
2022-11-08 00:00:00,20590.67,20673.38,20116.13,20148.66,81205.83173
2022-11-08 04:00:00,20147.62,20242.4,19344.0,19796.9,143550.27178
2022-11-08 08:00:00,19796.9,19801.39,19580.33,19699.04,61367.50712
2022-11-08 12:00:00,19699.04,19746.78,19229.0,19520.97,97127.74479
2022-11-08 16:00:00,19522.0,20700.88,17166.83,18256.64,284711.694213
2022-11-08 20:00:00,18255.24,18730.0,17810.49,18547.23,92742.31315
2022-11-09 00:00:00,18545.38,18587.76,18000.0,18313.68,91433.92399
2022-11-09 04:00:00,18313.68,18517.58,18173.09,18240.72,73860.20891
2022-11-09 08:00:00,18239.34,18256.85,17250.33,17818.08,152443.38735
2022-11-09 12:00:00,17817.07,18015.0,16918.83,17116.08,155027.773514
2022-11-09 16:00:00,17119.61,17333.33,16441.53,16784.64,137445.213943
2022-11-09 20:00:00,16784.64,16900.0,15588.0,15922.81,121716.422022
2022-11-10 00:00:00,15922.68,16574.92,15754.26,16369.59,115416.98805
2022-11-10 04:00:00,16370.64,16920.0,16204.36,16752.1,86030.11983
2022-11-10 08:00:00,16752.36,16959.99,16258.74,16397.57,93401.92308
2022-11-10 12:00:00,16399.03,17960.04,16386.66,17554.06,156826.77015
2022-11-10 16:00:00,17556.12,17989.0,17120.94,17455.62,90940.22913
2022-11-10 20:00:00,17456.98,18199.0,17374.81,17601.15,65832.33408
2022-11-11 00:00:00,17602.45,17695.0,16888.76,17064.12,74718.85795
2022-11-11 04:00:00,17064.12,17483.9,17002.97,17404.08,61422.11813
2022-11-11 08:00:00,17404.09,17537.0,17209.2,17350.7,48744.88649
2022-11-11 12:00:00,17349.45,17544.9,16361.6,16871.27,109025.83649
2022-11-11 16:00:00,16871.27,17045.09,16543.95,16849.17,57131.4949
2022-11-11 20:00:00,16849.17,17148.96,16555.77,17070.31,42509.67096
2022-11-12 00:00:00,17069.98,17119.1,16774.0,16907.44,33819.7034
2022-11-12 04:00:00,16907.58,16938.2,16631.39,16822.02,41019.46079
2022-11-12 08:00:00,16822.02,16977.45,16727.13,16866.92,31202.44956
2022-11-12 12:00:00,16866.46,16996.35,16757.0,16935.74,27834.06115
2022-11-12 16:00:00,16935.74,16964.37,16830.0,16891.32,18213.15975
2022-11-12 20:00:00,16892.41,16897.68,16760.0,16812.08,15731.1257
2022-11-13 00:00:00,16813.16,16954.28,16774.07,16914.6,19731.61105
2022-11-13 04:00:00,16915.02,16926.15,16562.82,16774.99,30970.25962
2022-11-13 08:00:00,16774.99,16795.92,16435.23,16659.23,39883.47029
2022-11-13 12:00:00,16659.23,16714.26,16517.85,16580.79,33086.48076
2022-11-13 16:00:00,16579.49,16621.23,16461.16,16554.6,28434.44524
2022-11-13 20:00:00,16553.35,16583.15,16229.0,16329.85,32854.5215
2022-11-14 00:00:00,16331.78,16411.99,15911.61,16139.79,53021.52334
2022-11-14 04:00:00,16140.66,16889.97,15815.21,16824.78,87942.46918
2022-11-14 08:00:00,16822.96,16935.59,16640.01,16749.8,54555.43829
2022-11-14 12:00:00,16748.75,17190.0,16425.67,16595.84,90401.96894
2022-11-14 16:00:00,16593.77,16674.97,16181.0,16258.21,51176.10236
2022-11-14 20:00:00,16258.21,16765.0,16191.58,16619.46,43113.27539
2022-11-15 00:00:00,16617.72,16894.56,16527.72,16823.06,41747.45402
2022-11-15 04:00:00,16823.06,16946.32,16638.59,16844.63,38017.00544
2022-11-15 08:00:00,16845.34,16989.0,16708.31,16781.62,46985.26326
2022-11-15 12:00:00,16783.27,17134.69,16730.0,16987.03,64668.96276
2022-11-15 16:00:00,16988.07,17071.43,16614.61,16858.77,60060.79783
2022-11-15 20:00:00,16858.77,16939.99,16736.47,16900.57,30982.3606
2022-11-16 00:00:00,16900.57,17015.92,16765.64,16969.99,36809.69032
2022-11-16 04:00:00,16970.87,16979.22,16796.2,16824.69,39167.06524
2022-11-16 08:00:00,16824.69,16850.27,16650.29,16707.9,44918.03841
2022-11-16 12:00:00,16706.64,16721.23,16378.61,16431.7,76074.13766
2022-11-16 16:00:00,16431.7,16643.23,16401.0,16556.88,35763.68183
2022-11-16 20:00:00,16558.2,16773.09,16499.46,16662.76,28760.79463
2022-11-17 00:00:00,16661.61,16751.0,16505.0,16526.18,32466.67392
2022-11-17 04:00:00,16526.18,16624.12,16410.74,16611.9,38581.60516
2022-11-17 08:00:00,16611.9,16635.82,16471.36,16595.08,36987.28275
2022-11-17 12:00:00,16594.19,16717.49,16430.0,16536.71,53461.3085
2022-11-17 16:00:00,16534.61,16748.94,16517.36,16620.56,41311.30641
2022-11-17 20:00:00,16620.56,16749.0,16608.98,16692.56,25230.80199
2022-11-18 00:00:00,16692.56,17011.0,16682.06,16854.98,47218.42906
2022-11-18 04:00:00,16855.75,16869.08,16724.32,16745.1,29781.53128
2022-11-18 08:00:00,16745.84,16854.33,16680.0,16749.88,37979.75646
2022-11-18 12:00:00,16750.25,16818.0,16608.8,16696.86,41069.82088
2022-11-18 16:00:00,16695.06,16732.85,16546.04,16656.37,35507.74399
2022-11-18 20:00:00,16656.36,16727.99,16610.0,16700.45,22666.90017
2022-11-19 00:00:00,16699.43,16708.77,16573.94,16628.7,17108.8338
2022-11-19 04:00:00,16628.7,16649.0,16553.53,16599.31,19554.82303
2022-11-19 08:00:00,16598.98,16683.01,16580.0,16676.26,16369.32698
2022-11-19 12:00:00,16676.26,16686.86,16634.01,16655.65,17152.87688
2022-11-19 16:00:00,16655.65,16664.0,16608.35,16627.33,14571.44836
2022-11-19 20:00:00,16627.33,16822.41,16625.98,16700.68,20205.84653
2022-11-20 00:00:00,16700.68,16753.33,16666.47,16679.99,16142.47871
2022-11-20 04:00:00,16679.99,16738.76,16671.0,16722.9,12890.18333
2022-11-20 08:00:00,16722.2,16736.41,16462.46,16525.38,35455.67077
2022-11-20 12:00:00,16526.04,16628.49,16461.0,16580.53,29836.83974
2022-11-20 16:00:00,16580.53,16613.35,16530.22,16587.8,16743.05612
2022-11-20 20:00:00,16587.8,16595.85,16180.0,16280.23,43773.90611
2022-11-21 00:00:00,16279.5,16295.0,15897.15,16073.75,62216.2307
2022-11-21 04:00:00,16073.15,16319.0,15955.99,16039.73,51162.58822
2022-11-21 08:00:00,16040.73,16169.52,15964.0,16084.42,44238.6051
2022-11-21 12:00:00,16084.42,16284.0,16025.42,16130.45,42559.74987
2022-11-21 16:00:00,16130.45,16139.19,15589.68,15722.98,66317.78175
2022-11-21 20:00:00,15721.51,15894.74,15476.0,15781.29,57602.042113
2022-11-22 00:00:00,15781.29,15967.76,15746.16,15847.82,37286.75927
2022-11-22 04:00:00,15848.53,15882.87,15616.63,15760.42,34849.336
2022-11-22 08:00:00,15760.42,15824.16,15660.0,15747.88,34287.55487
2022-11-22 12:00:00,15747.88,16315.0,15683.33,16241.3,70019.93246
2022-11-22 16:00:00,16241.3,16290.27,16049.87,16168.38,38015.74078
2022-11-22 20:00:00,16167.49,16254.99,16085.54,16226.94,25088.74285
2022-11-23 00:00:00,16227.96,16593.8,16160.2,16586.55,50293.37765
2022-11-23 04:00:00,16584.66,16662.1,16444.0,16583.84,40361.53649
2022-11-23 08:00:00,16583.84,16677.25,16500.0,16585.77,43852.99891
2022-11-23 12:00:00,16585.21,16604.1,16342.98,16427.11,48540.11547
2022-11-23 16:00:00,16427.09,16706.0,16320.02,16473.32,50260.38197
2022-11-23 20:00:00,16473.32,16676.72,16426.42,16603.11,31619.29359
2022-11-24 00:00:00,16603.11,16812.63,16533.65,16712.07,41047.14212
2022-11-24 04:00:00,16711.41,16740.01,16614.75,16623.9,37771.28253
2022-11-24 08:00:00,16622.38,16642.18,16493.81,16572.11,39861.5589
2022-11-24 12:00:00,16572.11,16606.52,16458.05,16558.11,34211.52881
2022-11-24 16:00:00,16559.01,16676.0,16517.99,16577.41,31052.91268
2022-11-24 20:00:00,16577.05,16639.0,16535.01,16598.95,22621.49842
2022-11-25 00:00:00,16599.55,16622.64,16470.0,16485.45,30431.68911
2022-11-25 04:00:00,16485.45,16502.19,16342.81,16461.66,33109.57785
2022-11-25 08:00:00,16462.22,16591.43,16407.72,16531.64,32443.09713
2022-11-25 12:00:00,16531.64,16584.48,16435.11,16513.0,38139.36908
2022-11-25 16:00:00,16513.0,16553.88,16458.46,16523.21,24601.27357
2022-11-25 20:00:00,16523.67,16666.0,16482.87,16522.14,23364.48859
2022-11-26 00:00:00,16521.35,16701.99,16509.6,16625.79,36853.07145
2022-11-26 04:00:00,16625.79,16651.84,16530.0,16583.75,33520.15757
2022-11-26 08:00:00,16584.13,16638.23,16556.66,16580.31,26143.57104
2022-11-26 12:00:00,16580.58,16680.57,16483.25,16512.86,38223.41057
2022-11-26 16:00:00,16512.35,16532.91,16420.45,16488.43,22355.97481
2022-11-26 20:00:00,16488.44,16549.66,16385.0,16458.57,24708.63122
2022-11-27 00:00:00,16457.61,16575.31,16446.59,16527.22,30490.33297
2022-11-27 04:00:00,16527.22,16600.0,16522.23,16562.98,30809.95839
2022-11-27 08:00:00,16562.98,16593.91,16513.0,16550.91,26995.40669
2022-11-27 12:00:00,16550.57,16586.74,16520.0,16574.28,24985.85901
2022-11-27 16:00:00,16573.76,16581.6,16520.88,16555.39,19431.08517
2022-11-27 20:00:00,16555.39,16597.36,16401.0,16428.78,29312.83384
2022-11-28 00:00:00,16428.77,16487.04,16051.9,16178.22,64062.47181
2022-11-28 04:00:00,16177.49,16246.98,16136.0,16222.06,30018.81404
2022-11-28 08:00:00,16224.14,16270.59,16178.24,16213.29,31112.94365
2022-11-28 12:00:00,16213.29,16310.43,16120.38,16146.26,47211.77393
2022-11-28 16:00:00,16146.26,16399.69,15995.27,16224.75,58760.47382
2022-11-28 20:00:00,16225.53,16271.09,16186.0,16212.91,21528.92642
2022-11-29 00:00:00,16212.18,16309.03,16100.0,16287.66,37524.80992
2022-11-29 04:00:00,16287.53,16541.59,16278.9,16463.31,49944.14239
2022-11-29 08:00:00,16463.95,16548.71,16430.0,16497.64,46585.27371
2022-11-29 12:00:00,16496.73,16508.04,16328.84,16393.48,56143.03583
2022-11-29 16:00:00,16394.34,16479.84,16342.59,16426.56,32741.57854
2022-11-29 20:00:00,16426.56,16526.91,16423.19,16442.53,25167.4097
2022-11-30 00:00:00,16442.91,17162.2,16428.3,16845.25,73546.88903
2022-11-30 04:00:00,16845.25,16920.16,16794.16,16884.18,36035.2487
2022-11-30 08:00:00,16883.87,16930.66,16835.75,16879.32,31050.82315
2022-11-30 12:00:00,16879.32,16897.0,16766.68,16865.64,47218.19899
2022-11-30 16:00:00,16865.64,17147.16,16705.0,17062.85,67867.00021
2022-11-30 20:00:00,17061.14,17249.0,17028.37,17163.64,47301.64711
2022-12-01 00:00:00,17165.53,17236.29,17088.01,17150.98,38426.27207
2022-12-01 04:00:00,17150.98,17168.0,17059.58,17070.21,28959.52128
2022-12-01 08:00:00,17070.21,17137.75,17042.37,17102.47,33637.46765
2022-12-01 12:00:00,17102.47,17324.0,16895.02,16977.67,72980.67845
2022-12-01 16:00:00,16977.6,17000.0,16897.15,16951.8,33234.91929
2022-12-01 20:00:00,16952.49,16987.29,16855.01,16977.37,25579.32344
2022-12-02 00:00:00,16978.0,17048.99,16857.89,16902.03,39252.94603
2022-12-02 04:00:00,16902.03,16973.72,16879.08,16955.82,24094.8219
2022-12-02 08:00:00,16955.42,17065.0,16936.15,16996.92,32589.74473
2022-12-02 12:00:00,16996.92,17105.73,16787.85,16938.94,56676.99303
2022-12-02 16:00:00,16938.94,16997.19,16902.1,16987.01,23517.59893
2022-12-02 20:00:00,16987.01,17099.0,16977.49,17092.74,26240.10158
2022-12-03 00:00:00,17092.13,17188.98,17011.0,17020.89,28132.99355
2022-12-03 04:00:00,17021.16,17036.24,16925.55,16964.51,25820.42469
2022-12-03 08:00:00,16964.51,16987.0,16880.88,16943.43,29069.57376
2022-12-03 12:00:00,16943.43,16983.77,16921.07,16961.49,26091.96422
2022-12-03 16:00:00,16961.04,16983.65,16937.84,16953.4,18257.70659
2022-12-03 20:00:00,16953.88,16959.61,16858.74,16885.2,27169.91025
2022-12-04 00:00:00,16885.2,17049.45,16878.25,16959.64,27682.51453
2022-12-04 04:00:00,16959.64,17068.0,16958.15,16996.39,30157.22705
2022-12-04 08:00:00,16996.39,17050.0,16905.01,16948.64,26725.06059
2022-12-04 12:00:00,16948.64,17067.45,16915.0,17029.88,33461.2234
2022-12-04 16:00:00,17029.88,17159.0,16972.36,17085.53,37721.27121
2022-12-04 20:00:00,17085.53,17202.84,17069.01,17105.7,22871.83709
2022-12-05 00:00:00,17106.65,17349.99,17076.85,17196.88,49755.20725
2022-12-05 04:00:00,17197.22,17424.25,17191.74,17313.93,43938.99382
2022-12-05 08:00:00,17313.34,17386.0,17281.42,17310.51,34517.04213
2022-12-05 12:00:00,17310.08,17313.48,17015.32,17083.92,38567.89848
2022-12-05 16:00:00,17083.92,17129.72,16867.0,16926.65,41843.07066
2022-12-05 20:00:00,16926.65,16989.59,16899.09,16966.35,25081.07991
2022-12-06 00:00:00,16966.35,17102.97,16965.98,17003.88,33880.09561
2022-12-06 04:00:00,17003.84,17023.41,16955.13,17001.17,27028.21636
2022-12-06 08:00:00,17001.17,17041.96,16906.37,16983.9,37036.12495
2022-12-06 12:00:00,16983.42,17032.95,16930.0,16985.27,49226.80508
2022-12-06 16:00:00,16985.27,17021.56,16912.24,16970.93,40500.76253
2022-12-06 20:00:00,16970.52,17107.01,16951.75,17088.96,31058.7643
2022-12-07 00:00:00,17088.96,17142.21,17018.94,17025.03,32672.43476
2022-12-07 04:00:00,17024.97,17046.48,16729.35,16763.03,48730.74334
2022-12-07 08:00:00,16763.03,16836.69,16678.83,16793.29,40654.46263
2022-12-07 12:00:00,16793.29,16897.38,16765.12,16837.48,45582.55807
2022-12-07 16:00:00,16837.48,16850.24,16778.21,16815.73,31381.52031
2022-12-07 20:00:00,16815.13,16865.81,16793.7,16836.64,21635.69423
2022-12-08 00:00:00,16836.64,16890.01,16780.01,16834.32,36098.63764
2022-12-08 04:00:00,16834.32,16851.0,16777.0,16825.55,29113.62581
2022-12-08 08:00:00,16825.55,16863.01,16733.49,16851.02,31992.18247
2022-12-08 12:00:00,16850.88,16957.79,16802.88,16917.4,45153.97555
2022-12-08 16:00:00,16917.39,17299.0,16909.46,17251.62,57256.46966
2022-12-08 20:00:00,17251.32,17297.65,17154.94,17224.1,36803.08691
2022-12-09 00:00:00,17224.1,17300.0,17186.5,17202.66,37666.59527
2022-12-09 04:00:00,17202.01,17235.85,17188.0,17211.93,30283.86513
2022-12-09 08:00:00,17211.65,17269.39,17200.0,17241.44,34392.33278
2022-12-09 12:00:00,17241.16,17360.0,17058.21,17181.5,74572.46263
2022-12-09 16:00:00,17181.5,17187.51,17119.03,17142.67,33791.84635
2022-12-09 20:00:00,17142.67,17158.22,17067.1,17128.56,27714.96249
2022-12-10 00:00:00,17128.56,17169.09,17116.4,17145.08,23546.55664
2022-12-10 04:00:00,17145.08,17178.0,17130.28,17154.06,21208.21159
2022-12-10 08:00:00,17154.06,17173.91,17112.52,17168.61,24177.65614
2022-12-10 12:00:00,17168.17,17225.12,17140.23,17207.7,28461.10102
2022-12-10 16:00:00,17207.69,17227.72,17160.14,17175.8,20890.63472
2022-12-10 20:00:00,17175.5,17183.87,17092.0,17127.49,22289.81926
2022-12-11 00:00:00,17127.49,17175.0,17121.92,17153.61,20173.9319
2022-12-11 04:00:00,17153.81,17200.0,17150.29,17180.88,25283.03928
2022-12-11 08:00:00,17180.88,17187.67,17140.01,17167.43,23183.64335
2022-12-11 12:00:00,17167.12,17169.8,17127.96,17153.52,24487.73588
2022-12-11 16:00:00,17153.52,17270.99,17136.0,17177.43,25321.47189
2022-12-11 20:00:00,17177.88,17179.4,17071.0,17085.05,36836.65641
2022-12-12 00:00:00,17085.05,17087.67,16871.85,16918.97,59583.90532
2022-12-12 04:00:00,16918.69,16948.66,16903.64,16923.94,30090.78129
2022-12-12 08:00:00,16923.61,17008.4,16903.49,16988.62,30337.96983
2022-12-12 12:00:00,16989.45,17054.79,16920.61,17010.81,47121.7899
2022-12-12 16:00:00,17010.19,17046.43,16981.03,17043.22,22763.79302
2022-12-12 20:00:00,17043.22,17241.89,17042.48,17209.83,36329.25758
2022-12-13 00:00:00,17208.93,17238.7,17119.02,17152.37,28009.77348
2022-12-13 04:00:00,17152.37,17208.47,17080.14,17165.17,41652.08355
2022-12-13 08:00:00,17164.82,17500.0,17155.0,17444.63,56294.44737
2022-12-13 12:00:00,17444.32,18000.0,17395.0,17752.94,90319.21705
2022-12-13 16:00:00,17753.54,17840.0,17618.38,17740.86,44340.47179
2022-12-13 20:00:00,17741.83,17818.99,17705.01,17774.7,23846.92066
2022-12-14 00:00:00,17775.82,17845.0,17750.0,17781.68,26604.67647
2022-12-14 04:00:00,17781.68,17817.46,17734.19,17806.01,21858.50725
2022-12-14 08:00:00,17805.54,17878.5,17785.0,17824.93,29001.95651
2022-12-14 12:00:00,17824.93,18116.0,17815.75,18061.83,57623.51886
2022-12-14 16:00:00,18061.83,18387.95,17709.62,17792.9,93233.97174
2022-12-14 20:00:00,17792.9,17947.33,17660.94,17803.15,38358.59126
2022-12-15 00:00:00,17804.01,17854.82,17561.0,17729.56,34212.62671
2022-12-15 04:00:00,17729.57,17746.0,17681.3,17691.45,18037.6522
2022-12-15 08:00:00,17690.84,17726.0,17610.22,17720.33,26381.54513
2022-12-15 12:00:00,17720.33,17725.93,17374.89,17429.05,67165.11004
2022-12-15 16:00:00,17428.43,17474.38,17314.0,17442.25,43487.27448
2022-12-15 20:00:00,17442.8,17457.44,17275.51,17356.34,34417.76026
2022-12-16 00:00:00,17356.96,17428.55,17345.15,17425.76,22531.33417
2022-12-16 04:00:00,17425.76,17531.73,17372.7,17503.35,19876.54141
2022-12-16 08:00:00,17503.36,17519.64,16918.97,17027.09,61576.8175
2022-12-16 12:00:00,17027.09,17085.0,16890.46,16972.34,46829.65618
2022-12-16 16:00:00,16972.33,16979.02,16732.36,16864.81,45596.75469
2022-12-16 20:00:00,16865.22,16956.55,16527.32,16632.12,56967.93721
2022-12-17 00:00:00,16631.5,16729.32,16579.85,16676.85,35862.93011
2022-12-17 04:00:00,16676.85,16772.0,16653.53,16745.54,31416.00664
2022-12-17 08:00:00,16746.15,16757.42,16661.71,16708.22,23218.18776
2022-12-17 12:00:00,16707.55,16729.18,16642.0,16700.26,24587.85943
2022-12-17 16:00:00,16700.78,16721.77,16647.15,16691.63,13526.16506
2022-12-17 20:00:00,16692.16,16796.82,16685.03,16776.52,16214.51784
2022-12-18 00:00:00,16777.54,16784.8,16702.23,16741.02,13502.77598
2022-12-18 04:00:00,16741.02,16804.7,16718.01,16750.83,20582.8977
2022-12-18 08:00:00,16750.83,16767.58,16663.07,16711.35,23453.63566
2022-12-18 12:00:00,16711.35,16738.0,16673.63,16683.84,17046.13528
2022-12-18 16:00:00,16683.83,16794.99,16676.15,16750.82,21118.31489
2022-12-18 20:00:00,16751.52,16863.26,16723.4,16738.21,16915.55695
2022-12-19 00:00:00,16739.0,16815.99,16627.35,16681.47,25799.30572
2022-12-19 04:00:00,16681.43,16750.0,16672.88,16722.23,23563.91318
2022-12-19 08:00:00,16722.23,16784.0,16707.1,16734.46,21364.79632
2022-12-19 12:00:00,16734.46,16765.71,16665.03,16669.08,30015.09905
2022-12-19 16:00:00,16668.23,16702.83,16505.0,16555.74,40426.17758
2022-12-19 20:00:00,16555.74,16649.0,16256.3,16438.88,37924.9912
2022-12-20 00:00:00,16438.88,16856.5,16397.2,16727.24,59178.87006
2022-12-20 04:00:00,16727.25,16880.58,16689.1,16802.83,41542.41439
2022-12-20 08:00:00,16802.23,16858.42,16763.78,16814.25,30146.26807
2022-12-20 12:00:00,16814.71,17061.27,16710.12,16918.83,54021.09656
2022-12-20 16:00:00,16918.15,16936.32,16767.0,16900.3,37387.83316
2022-12-20 20:00:00,16900.93,16926.99,16833.51,16895.56,26532.441
2022-12-21 00:00:00,16896.15,16925.0,16794.84,16837.1,25618.81632
2022-12-21 04:00:00,16836.44,16856.84,16767.53,16816.18,22520.56062
2022-12-21 08:00:00,16816.18,16894.91,16795.69,16878.47,22432.34441
2022-12-21 12:00:00,16878.47,16914.72,16723.0,16861.13,37844.72507
2022-12-21 16:00:00,16860.51,16866.4,16728.09,16756.2,27011.33711
2022-12-21 20:00:00,16756.2,16835.11,16729.22,16824.67,21383.18009
2022-12-22 00:00:00,16824.68,16860.77,16809.78,16852.8,19369.91332
2022-12-22 04:00:00,16852.44,16859.54,16783.43,16826.87,19944.19968
2022-12-22 08:00:00,16826.23,16868.52,16801.3,16834.8,24143.10225
2022-12-22 12:00:00,16834.2,16845.45,16610.92,16636.54,44272.22633
2022-12-22 16:00:00,16636.54,16669.5,16559.85,16662.13,34152.6759
2022-12-22 20:00:00,16662.72,16852.79,16647.01,16821.43,34162.15487
2022-12-23 00:00:00,16821.9,16893.9,16770.0,16828.23,24391.18256
2022-12-23 04:00:00,16828.54,16856.54,16805.53,16848.01,19206.52616
2022-12-23 08:00:00,16848.45,16890.89,16810.23,16844.02,22397.94279
2022-12-23 12:00:00,16844.02,16955.14,16731.13,16832.16,51543.61527
2022-12-23 16:00:00,16832.15,16860.07,16816.0,16844.79,22060.25162
2022-12-23 20:00:00,16844.79,16851.57,16765.67,16778.5,22012.49107
2022-12-24 00:00:00,16778.52,16844.08,16776.62,16840.65,16901.76793
2022-12-24 04:00:00,16840.8,16857.37,16805.01,16848.26,18443.51821
2022-12-24 08:00:00,16848.26,16859.44,16817.99,16824.41,17772.0835
2022-12-24 12:00:00,16824.42,16840.0,16815.09,16836.35,13411.00975
2022-12-24 16:00:00,16835.93,16865.0,16823.0,16843.59,14733.08619
2022-12-24 20:00:00,16843.92,16869.99,16808.15,16836.12,18962.82538
2022-12-25 00:00:00,16835.73,16852.95,16823.02,16832.14,13169.46243
2022-12-25 04:00:00,16832.14,16843.0,16802.0,16821.97,20043.33387
2022-12-25 08:00:00,16821.97,16835.93,16815.4,16821.51,16391.68969
2022-12-25 12:00:00,16821.51,16857.96,16721.0,16793.09,32149.19357
2022-12-25 16:00:00,16793.49,16822.27,16727.0,16794.07,23046.51009
2022-12-25 20:00:00,16794.07,16846.0,16753.44,16832.11,20640.88237
2022-12-26 00:00:00,16832.11,16900.0,16820.75,16894.19,21044.88061
2022-12-26 04:00:00,16894.54,16924.0,16835.0,16843.65,19840.31077
2022-12-26 08:00:00,16843.76,16873.15,16818.0,16864.04,19606.41357
2022-12-26 12:00:00,16864.64,16868.34,16791.0,16809.51,22661.78265
2022-12-26 16:00:00,16809.51,16862.23,16798.38,16841.0,19226.75704
2022-12-26 20:00:00,16841.0,16944.52,16817.82,16919.39,22183.86192
2022-12-27 00:00:00,16919.39,16972.83,16839.0,16876.51,28268.89204
2022-12-27 04:00:00,16876.82,16897.0,16853.52,16869.19,20265.58633
2022-12-27 08:00:00,16869.68,16882.03,16806.57,16832.4,26660.05201
2022-12-27 12:00:00,16832.01,16839.49,16733.21,16799.78,38183.41332
2022-12-27 16:00:00,16799.92,16804.98,16592.37,16690.75,38189.34193
2022-12-27 20:00:00,16690.75,16723.24,16651.03,16706.36,22182.30053
2022-12-28 00:00:00,16706.06,16755.2,16559.79,16650.65,34327.03679
2022-12-28 04:00:00,16650.65,16678.85,16585.71,16647.16,28797.5267
2022-12-28 08:00:00,16647.16,16689.3,16632.0,16678.98,25536.18644
2022-12-28 12:00:00,16678.52,16785.19,16569.94,16578.52,41691.03557
2022-12-28 16:00:00,16578.02,16668.0,16563.63,16595.92,27900.69287
2022-12-28 20:00:00,16595.43,16615.67,16465.33,16547.31,34785.0874
2022-12-29 00:00:00,16547.32,16594.0,16488.91,16558.33,23608.82868
2022-12-29 04:00:00,16558.33,16583.87,16534.04,16556.37,21158.81283
2022-12-29 08:00:00,16556.37,16630.0,16517.54,16598.7,28212.71787
2022-12-29 12:00:00,16598.7,16664.41,16590.64,16616.6,34295.37736
2022-12-29 16:00:00,16616.6,16654.54,16590.82,16612.4,26230.77683
2022-12-29 20:00:00,16612.4,16654.51,16555.57,16633.47,27491.95801
2022-12-30 00:00:00,16633.47,16648.77,16579.75,16599.08,20857.62793
2022-12-30 04:00:00,16598.79,16615.35,16429.0,16474.93,28945.88758
2022-12-30 08:00:00,16475.1,16531.1,16458.25,16496.27,20505.90685
2022-12-30 12:00:00,16495.96,16580.7,16333.0,16555.26,44689.94988
2022-12-30 16:00:00,16555.26,16577.0,16515.45,16525.37,25853.48693
2022-12-30 20:00:00,16525.91,16677.35,16523.91,16607.48,24063.45257
2022-12-31 00:00:00,16607.48,16616.37,16550.01,16552.46,15656.04768
2022-12-31 04:00:00,16552.46,16568.12,16531.0,16565.09,15808.94958
2022-12-31 08:00:00,16564.81,16583.9,16540.01,16567.15,20777.75988
2022-12-31 12:00:00,16567.52,16644.09,16547.12,16590.1,27839.30964
2022-12-31 16:00:00,16590.1,16613.3,16565.1,16570.14,16498.8751
2022-12-31 20:00:00,16570.14,16574.97,16470.0,16542.4,17909.48676
2023-01-01 00:00:00,16541.77,16559.77,16508.39,16533.04,15515.82327
2023-01-01 04:00:00,16533.04,16550.0,16499.01,16526.19,16532.24115
2023-01-01 08:00:00,16525.7,16557.0,16505.2,16556.66,15915.96701
2023-01-01 12:00:00,16556.66,16572.94,16533.68,16558.73,15046.09096
2023-01-01 16:00:00,16558.73,16623.65,16558.0,16603.08,18532.64857
2023-01-01 20:00:00,16603.53,16628.0,16586.24,16616.75,15382.64278
2023-01-02 00:00:00,16617.17,16707.25,16548.7,16661.94,19463.4751
2023-01-02 04:00:00,16662.38,16769.51,16619.44,16721.28,26026.88178
2023-01-02 08:00:00,16721.27,16772.01,16704.07,16735.11,23267.94119
2023-01-02 12:00:00,16735.51,16750.0,16669.15,16734.66,21747.21491
2023-01-02 16:00:00,16734.66,16739.64,16707.12,16737.56,12314.73653
2023-01-02 20:00:00,16737.56,16799.23,16660.51,16672.87,19068.3224
2023-01-03 00:00:00,16672.78,16706.14,16647.81,16691.81,20183.45596
2023-01-03 04:00:00,16691.81,16778.4,16681.79,16729.74,21434.34333
2023-01-03 08:00:00,16730.15,16766.0,16698.15,16721.03,25576.16376
2023-01-03 12:00:00,16721.42,16773.0,16617.79,16676.94,42131.78382
2023-01-03 16:00:00,16677.54,16688.2,16605.28,16643.37,29519.13275
2023-01-03 20:00:00,16643.77,16695.0,16640.4,16675.18,20696.65771
2023-01-04 00:00:00,16675.65,16877.65,16652.66,16862.02,41904.57254
2023-01-04 04:00:00,16862.61,16910.98,16840.36,16869.44,30270.2531
2023-01-04 08:00:00,16869.49,16919.0,16831.13,16835.35,30320.64004
2023-01-04 12:00:00,16835.35,16863.09,16765.3,16854.05,40843.05953
2023-01-04 16:00:00,16853.55,16991.87,16787.85,16842.36,52076.35176
2023-01-04 20:00:00,16842.32,16869.56,16777.0,16850.36,24947.31165
2023-01-05 00:00:00,16850.36,16878.18,16807.72,16827.71,21763.76721
2023-01-05 04:00:00,16827.71,16849.37,16789.87,16823.64,21213.55835
2023-01-05 08:00:00,16823.05,16839.0,16780.75,16833.6,26296.22105
2023-01-05 12:00:00,16833.6,16879.82,16753.0,16842.94,41963.23448
2023-01-05 16:00:00,16842.94,16875.5,16800.5,16863.85,30157.4645
2023-01-05 20:00:00,16864.29,16873.52,16818.91,16831.85,22079.32082
2023-01-06 00:00:00,16831.85,16872.57,16802.01,16833.56,22896.56633
2023-01-06 04:00:00,16833.56,16837.87,16779.96,16794.06,24759.51652
2023-01-06 08:00:00,16794.33,16812.22,16709.88,16738.22,29976.56156
2023-01-06 12:00:00,16738.74,16849.0,16679.0,16840.82,52584.91113
2023-01-06 16:00:00,16840.1,16965.41,16805.04,16939.91,42771.69765
2023-01-06 20:00:00,16940.41,17041.0,16886.21,16950.65,34412.03096
2023-01-07 00:00:00,16950.31,16981.91,16930.46,16952.46,17943.00432
2023-01-07 04:00:00,16952.73,16954.45,16922.14,16948.09,15480.43183
2023-01-07 08:00:00,16948.18,16954.95,16908.07,16918.3,18936.72265
2023-01-07 12:00:00,16918.3,16947.7,16908.0,16940.42,20650.09476
2023-01-07 16:00:00,16940.6,16946.13,16916.0,16944.05,16073.99982
2023-01-07 20:00:00,16944.05,16951.92,16929.46,16943.57,15442.31542
2023-01-08 00:00:00,16943.83,16955.0,16911.0,16944.02,18295.79671
2023-01-08 04:00:00,16944.02,16957.12,16933.26,16953.77,14667.61069
2023-01-08 08:00:00,16953.77,16967.67,16925.05,16927.42,20434.41029
2023-01-08 12:00:00,16927.42,17019.79,16920.37,17000.43,23086.53831
2023-01-08 16:00:00,17000.43,17022.08,16916.1,16927.25,23557.66783
2023-01-08 20:00:00,16927.25,17176.99,16924.41,17127.83,35113.87312
2023-01-09 00:00:00,17127.83,17252.6,17104.66,17197.0,50799.16414
2023-01-09 04:00:00,17197.0,17262.56,17180.0,17198.48,33546.34885
2023-01-09 08:00:00,17198.01,17285.48,17186.95,17238.93,38468.19722
2023-01-09 12:00:00,17239.47,17335.35,17190.74,17268.49,50514.03168
2023-01-09 16:00:00,17268.49,17398.8,17268.02,17293.69,52520.91466
2023-01-09 20:00:00,17294.19,17313.3,17128.0,17178.26,40362.87068
2023-01-10 00:00:00,17179.04,17235.0,17146.34,17205.72,30946.1691
2023-01-10 04:00:00,17205.31,17233.91,17189.15,17203.2,25989.57305
2023-01-10 08:00:00,17203.2,17286.02,17187.73,17252.89,31083.00421
2023-01-10 12:00:00,17252.89,17375.0,17212.14,17327.7,57523.3681
2023-01-10 16:00:00,17327.7,17456.07,17282.0,17432.85,43079.81645
2023-01-10 20:00:00,17432.85,17499.0,17403.73,17440.66,32760.4949
2023-01-11 00:00:00,17440.64,17510.0,17366.58,17416.14,31946.4848
2023-01-11 04:00:00,17416.49,17462.99,17388.0,17446.65,29726.8908
2023-01-11 08:00:00,17447.02,17472.15,17408.68,17437.75,29986.37534
2023-01-11 12:00:00,17437.75,17437.75,17315.6,17332.43,49062.38496
2023-01-11 16:00:00,17331.9,17571.7,17320.42,17550.29,55789.51498
2023-01-11 20:00:00,17549.62,18000.0,17508.86,17943.26,65709.95565
2023-01-12 00:00:00,17943.26,18385.71,17907.25,18224.68,82494.53271
2023-01-12 04:00:00,18224.68,18241.43,18075.19,18138.22,37256.18339
2023-01-12 08:00:00,18138.21,18222.59,18071.06,18200.8,34254.13454
2023-01-12 12:00:00,18200.8,18380.47,17892.05,18086.62,130706.45782
2023-01-12 16:00:00,18087.28,19060.0,18054.61,18885.35,110884.4527
2023-01-12 20:00:00,18885.35,19117.04,18762.0,18846.62,58972.56062
2023-01-13 00:00:00,18846.62,18887.0,18714.12,18876.37,41728.30446
2023-01-13 04:00:00,18876.37,18883.79,18778.41,18824.25,33637.34382
2023-01-13 08:00:00,18825.0,19057.7,18810.01,18920.95,53635.34061
2023-01-13 12:00:00,18920.95,19310.91,18811.52,19261.19,84962.31802
2023-01-13 16:00:00,19261.19,19406.26,19060.15,19362.01,76088.31369
2023-01-13 20:00:00,19363.43,20000.0,19315.77,19930.01,78564.25763
2023-01-14 00:00:00,19930.01,21258.0,19888.05,20967.23,132906.52741
2023-01-14 04:00:00,20967.23,21033.64,20777.37,20897.36,44676.34594
2023-01-14 08:00:00,20897.36,21022.39,20225.06,20721.73,79770.25474
2023-01-14 12:00:00,20721.03,21200.0,20568.12,20786.74,70757.33684
2023-01-14 16:00:00,20785.85,20911.23,20660.0,20783.68,40261.90826
2023-01-14 20:00:00,20783.68,21072.27,20758.0,20954.92,25541.37632
2023-01-15 00:00:00,20952.76,21001.84,20551.01,20719.09,38036.35096
2023-01-15 04:00:00,20719.09,20789.58,20666.88,20735.69,20276.51594
2023-01-15 08:00:00,20735.69,20759.0,20573.13,20722.23,28650.05726
2023-01-15 12:00:00,20722.23,20994.05,20652.24,20908.28,32504.50894
2023-01-15 16:00:00,20906.97,21050.74,20665.0,20870.15,37663.66746
2023-01-15 20:00:00,20870.15,20952.37,20746.39,20871.5,21411.12493
2023-01-16 00:00:00,20872.99,21439.59,20770.2,21075.68,65696.37043
2023-01-16 04:00:00,21074.8,21260.0,21037.64,21109.23,32932.04546
2023-01-16 08:00:00,21109.4,21113.22,20666.0,20817.56,49457.76438
2023-01-16 12:00:00,20816.63,21053.89,20611.48,20994.17,50011.28024
2023-01-16 16:00:00,20995.37,21414.42,20916.43,21308.57,57585.03731
2023-01-16 20:00:00,21307.29,21474.05,21048.16,21185.65,37395.5848
2023-01-17 00:00:00,21185.65,21299.04,20841.31,21124.57,43454.76384
2023-01-17 04:00:00,21124.57,21236.62,21060.8,21133.65,27720.49973
2023-01-17 08:00:00,21133.65,21249.46,21082.48,21219.75,32766.90672
2023-01-17 12:00:00,21219.21,21647.45,21030.0,21176.06,87104.51182
2023-01-17 16:00:00,21176.06,21412.0,21084.0,21336.46,48658.53141
2023-01-17 20:00:00,21336.46,21413.15,21121.71,21134.81,35702.53057
2023-01-18 00:00:00,21132.29,21377.44,21103.15,21258.54,40301.19947
2023-01-18 04:00:00,21257.0,21320.0,21228.54,21307.94,26697.4268
2023-01-18 08:00:00,21307.94,21316.77,21151.0,21204.67,33225.41111
2023-01-18 12:00:00,21204.67,21650.0,20842.0,21042.73,97538.81068
2023-01-18 16:00:00,21042.73,21136.8,20407.15,20906.54,112546.34199
2023-01-18 20:00:00,20905.37,20938.67,20624.02,20677.47,40606.82944
2023-01-19 00:00:00,20677.47,20817.85,20659.19,20748.04,37267.51378
2023-01-19 04:00:00,20748.04,20874.81,20742.71,20818.95,28848.62637
2023-01-19 08:00:00,20818.94,20846.75,20706.9,20743.72,35522.44033
2023-01-19 12:00:00,20744.17,20960.23,20660.8,20876.44,61331.76023
2023-01-19 16:00:00,20876.44,21142.07,20791.13,21090.95,51508.95942
2023-01-19 20:00:00,21092.1,21192.0,20919.31,21071.59,36906.54912
2023-01-20 00:00:00,21071.59,21219.6,21013.96,21087.74,37141.33047
2023-01-20 04:00:00,21087.74,21127.33,20861.28,20959.44,38475.43025
2023-01-20 08:00:00,20958.43,20993.99,20898.79,20963.51,33292.86295
2023-01-20 12:00:00,20963.34,21247.55,20955.53,21144.77,63718.57309
2023-01-20 16:00:00,21145.05,21529.0,21140.99,21496.67,68762.00358
2023-01-20 20:00:00,21496.67,22755.93,21495.75,22667.21,96688.93625
2023-01-21 00:00:00,22666.0,22792.86,22422.0,22547.35,46689.92028
2023-01-21 04:00:00,22547.83,22670.0,22514.6,22638.36,31004.20655
2023-01-21 08:00:00,22638.36,23335.77,22595.23,22905.65,102373.50511
2023-01-21 12:00:00,22907.01,23280.0,22851.94,22998.9,60494.75835
2023-01-21 16:00:00,22998.9,23371.8,22980.0,23270.5,62208.75289
2023-01-21 20:00:00,23270.97,23299.55,22680.73,22783.55,43674.34114
2023-01-22 00:00:00,22783.35,22979.88,22602.55,22758.3,43093.66569
2023-01-22 04:00:00,22759.08,22967.33,22716.72,22895.2,29768.68658
2023-01-22 08:00:00,22895.49,22938.12,22726.02,22783.61,31739.4919
2023-01-22 12:00:00,22784.74,23078.71,22645.59,22794.51,49271.02796
2023-01-22 16:00:00,22794.63,22959.71,22687.13,22722.15,41105.52201
2023-01-22 20:00:00,22721.88,22773.89,22292.37,22707.88,58599.35872
2023-01-23 00:00:00,22706.02,22826.46,22646.43,22661.02,36139.99774
2023-01-23 04:00:00,22661.02,22794.33,22600.14,22695.9,33194.2653
2023-01-23 08:00:00,22696.61,22957.25,22662.38,22904.58,38266.29469
2023-01-23 12:00:00,22904.58,23115.0,22500.0,22853.14,80367.50864
2023-01-23 16:00:00,22855.44,23180.0,22654.0,22792.47,71278.43489
2023-01-23 20:00:00,22792.47,23044.56,22753.71,22916.45,34341.87812
2023-01-24 00:00:00,22917.81,23144.76,22864.67,23079.27,41432.57478
2023-01-24 04:00:00,23079.87,23162.2,23006.98,23054.08,34450.19326
2023-01-24 08:00:00,23054.7,23090.25,22770.0,22917.66,46085.15863
2023-01-24 12:00:00,22917.11,23035.31,22711.0,22931.36,64690.98641
2023-01-24 16:00:00,22931.36,23079.0,22785.59,23018.53,44205.31571
2023-01-24 20:00:00,23017.73,23080.45,22462.93,22632.89,62294.55375
2023-01-25 00:00:00,22631.94,22715.06,22300.0,22643.61,56101.10349
2023-01-25 04:00:00,22643.04,22772.0,22606.04,22712.45,30093.23392
2023-01-25 08:00:00,22711.85,22739.11,22475.0,22598.47,39000.61252
2023-01-25 12:00:00,22598.45,22745.0,22335.0,22577.86,70513.75269
2023-01-25 16:00:00,22578.79,22765.3,22510.0,22748.86,50906.47279
2023-01-25 20:00:00,22749.97,23816.73,22749.93,23060.94,99427.65682
2023-01-26 00:00:00,23060.42,23282.47,23041.14,23136.16,49167.22282
2023-01-26 04:00:00,23136.16,23197.8,22897.17,22966.73,45284.94138
2023-01-26 08:00:00,22965.81,23048.49,22850.01,22992.94,39326.2452
2023-01-26 12:00:00,22992.09,23250.0,22880.95,22958.02,81188.23496
2023-01-26 16:00:00,22955.16,23106.51,22853.81,23070.0,43604.15119
2023-01-26 20:00:00,23068.57,23195.0,22963.07,23009.65,30353.64026
2023-01-27 00:00:00,23009.65,23076.62,22534.88,22772.62,46182.87922
2023-01-27 04:00:00,22772.2,23100.0,22760.64,23072.77,38724.8656
2023-01-27 08:00:00,23072.29,23083.87,22903.03,22967.47,33552.11913
2023-01-27 12:00:00,22967.48,23148.0,22841.19,22933.96,62813.27522
2023-01-27 16:00:00,22932.2,23284.32,22924.01,23253.06,49014.72696
2023-01-27 20:00:00,23253.06,23500.0,22951.33,23074.16,50545.99702
2023-01-28 00:00:00,23074.16,23189.0,23042.54,23117.44,24315.1602
2023-01-28 04:00:00,23117.44,23133.4,22951.01,22991.51,24728.2785
2023-01-28 08:00:00,22991.86,23017.27,22905.0,22981.51,25675.38157
2023-01-28 12:00:00,22981.51,23044.12,22878.46,23012.54,33451.32025
2023-01-28 16:00:00,23012.02,23052.82,22975.0,23039.35,20431.10042
2023-01-28 20:00:00,23039.35,23042.91,22942.0,23022.6,19514.46991
2023-01-29 00:00:00,23021.4,23492.0,22967.76,23193.43,52580.79543
2023-01-29 04:00:00,23194.27,23268.51,23144.99,23203.86,24988.1288
2023-01-29 08:00:00,23203.39,23605.74,23153.64,23432.17,55739.69077
2023-01-29 12:00:00,23431.39,23666.0,23350.47,23525.09,54723.54894
2023-01-29 16:00:00,23525.09,23960.54,23472.0,23897.84,66296.44216
2023-01-29 20:00:00,23896.65,23910.6,23600.0,23742.3,41360.18594
2023-01-30 00:00:00,23743.37,23800.51,23567.1,23701.44,36904.38643
2023-01-30 04:00:00,23700.78,23769.32,23599.15,23642.81,31345.83274
2023-01-30 08:00:00,23642.81,23676.98,23017.0,23077.47,72543.62927
2023-01-30 12:00:00,23077.47,23301.82,22962.68,23178.51,58389.64648
2023-01-30 16:00:00,23178.51,23248.86,22627.9,22784.86,58798.23417
2023-01-30 20:00:00,22784.86,22840.69,22500.0,22826.15,44424.17212
2023-01-31 00:00:00,22827.38,22913.71,22714.77,22835.01,35131.51516
2023-01-31 04:00:00,22835.46,22989.48,22743.05,22978.24,35466.16773
2023-01-31 08:00:00,22978.24,22996.84,22810.03,22865.43,35127.03829
2023-01-31 12:00:00,22865.97,23206.84,22851.01,23121.8,64918.10238
2023-01-31 16:00:00,23121.8,23221.14,23081.08,23163.88,42055.90095
2023-01-31 20:00:00,23162.99,23320.0,22812.69,23125.13,51950.62458
2023-02-01 00:00:00,23125.13,23184.29,22997.1,23130.19,35705.95217
2023-02-01 04:00:00,23130.7,23167.39,23017.07,23076.68,32517.47391
2023-02-01 08:00:00,23076.67,23100.0,22919.33,23077.52,37238.66144
2023-02-01 12:00:00,23078.43,23144.85,22938.36,22979.73,53826.35919
2023-02-01 16:00:00,22979.73,23494.77,22760.23,23385.99,77933.60595
2023-02-01 20:00:00,23385.99,23812.66,23320.01,23732.66,73568.37005
2023-02-02 00:00:00,23731.41,24255.0,23690.02,23848.6,61426.43407
2023-02-02 04:00:00,23848.6,23921.1,23658.2,23781.12,36774.35541
2023-02-02 08:00:00,23780.65,23852.75,23750.0,23820.49,34341.7451
2023-02-02 12:00:00,23820.49,23945.68,23525.0,23839.5,83485.59583
2023-02-02 16:00:00,23839.5,24144.62,23725.76,23802.57,83227.45056
2023-02-02 20:00:00,23802.57,23924.81,23363.27,23488.94,64921.62654
2023-02-03 00:00:00,23489.33,23590.11,23411.47,23534.18,41608.93455
2023-02-03 04:00:00,23533.64,23566.18,23447.25,23456.23,34988.87578
2023-02-03 08:00:00,23456.22,23541.7,23322.3,23534.13,47896.72547
2023-02-03 12:00:00,23533.32,23710.8,23227.16,23603.36,102225.36461
2023-02-03 16:00:00,23604.62,23715.7,23300.76,23307.99,68730.83213
2023-02-03 20:00:00,23308.05,23472.0,23204.62,23431.9,37120.2965
2023-02-04 00:00:00,23431.9,23465.15,23331.16,23343.43,25040.05526
2023-02-04 04:00:00,23343.12,23361.33,23253.96,23329.18,24999.77578
2023-02-04 08:00:00,23329.18,23376.27,23292.19,23363.76,23614.83087
2023-02-04 12:00:00,23364.14,23587.78,23340.44,23421.45,41379.54799
2023-02-04 16:00:00,23421.45,23472.5,23358.57,23425.89,26883.53409
2023-02-04 20:00:00,23425.28,23449.96,23259.62,23326.84,24208.72896
2023-02-05 00:00:00,23327.66,23371.99,23230.0,23344.53,27050.82035
2023-02-05 04:00:00,23344.53,23433.33,23326.23,23377.4,20474.72317
2023-02-05 08:00:00,23377.03,23419.74,23345.0,23356.33,24127.72175
2023-02-05 12:00:00,23356.86,23374.8,23000.01,23096.16,51552.20203
2023-02-05 16:00:00,23096.92,23157.75,22743.0,22891.8,56584.15419
2023-02-05 20:00:00,22892.65,23030.0,22795.01,22932.91,29461.71768
2023-02-06 00:00:00,22932.91,23094.92,22823.0,22895.48,29572.88535
2023-02-06 04:00:00,22895.48,22928.2,22628.13,22879.69,39216.01093
2023-02-06 08:00:00,22880.91,22939.99,22735.46,22878.23,40012.24453
2023-02-06 12:00:00,22878.23,23054.66,22745.01,23041.39,58692.68023
2023-02-06 16:00:00,23042.86,23158.25,22921.25,23031.03,56494.24898
2023-02-06 20:00:00,23030.29,23032.13,22638.0,22762.52,41383.53688
2023-02-07 00:00:00,22762.52,22897.67,22745.78,22877.99,33497.36874
2023-02-07 04:00:00,22877.99,22986.71,22861.45,22910.91,36499.34993
2023-02-07 08:00:00,22910.91,23064.56,22862.85,22977.24,44279.99243
2023-02-07 12:00:00,22977.24,23042.0,22876.35,22904.89,52432.35114
2023-02-07 16:00:00,22904.89,23350.25,22769.05,23091.9,97115.49334
2023-02-07 20:00:00,23092.87,23309.29,23029.11,23240.46,44182.16924
2023-02-08 00:00:00,23242.42,23452.0,23225.19,23255.34,40305.77589
2023-02-08 04:00:00,23255.34,23287.3,23183.17,23232.68,31403.38319
2023-02-08 08:00:00,23233.23,23239.44,23132.21,23159.07,34433.80696
2023-02-08 12:00:00,23159.07,23199.58,22857.0,22872.28,65167.42448
2023-02-08 16:00:00,22871.28,23042.95,22665.85,22874.89,73007.67562
2023-02-08 20:00:00,22873.9,22980.3,22778.93,22963.0,35738.24103
2023-02-09 00:00:00,22961.85,23011.39,22424.48,22518.44,65154.16827
2023-02-09 04:00:00,22519.56,22737.48,22353.71,22676.41,55075.60069
2023-02-09 08:00:00,22676.41,22770.0,22663.32,22685.79,41696.32449
2023-02-09 12:00:00,22685.79,22831.41,22556.32,22610.94,74349.41042
2023-02-09 16:00:00,22610.94,22623.41,21881.0,22032.71,93051.2266
2023-02-09 20:00:00,22030.99,22084.46,21688.0,21796.35,73567.96503
2023-02-10 00:00:00,21797.83,21938.16,21756.0,21825.59,44103.28784
2023-02-10 04:00:00,21825.59,21926.2,21622.4,21911.71,57049.51366
2023-02-10 08:00:00,21910.61,21926.91,21713.96,21733.52,53475.20812
2023-02-10 12:00:00,21732.63,21901.24,21520.0,21654.09,79689.38726
2023-02-10 16:00:00,21652.75,21799.0,21558.13,21771.09,59831.97353
2023-02-10 20:00:00,21772.26,21790.92,21451.0,21625.19,44442.57206
2023-02-11 00:00:00,21625.19,21725.95,21599.78,21678.56,33397.4464
2023-02-11 04:00:00,21678.56,21715.38,21640.03,21692.63,26123.14402
2023-02-11 08:00:00,21692.63,21705.0,21658.01,21697.44,26681.07439
2023-02-11 12:00:00,21697.44,21777.54,21662.11,21735.78,33330.44499
2023-02-11 16:00:00,21735.78,21737.89,21618.23,21662.63,26494.56227
2023-02-11 20:00:00,21662.36,21906.32,21645.21,21862.55,30994.91226
2023-02-12 00:00:00,21862.02,21890.16,21766.0,21781.38,25750.93181
2023-02-12 04:00:00,21781.38,21817.15,21761.04,21798.42,24728.18422
2023-02-12 08:00:00,21798.42,21960.0,21798.01,21888.31,32585.21424
2023-02-12 12:00:00,21888.31,21995.6,21756.04,21945.3,41637.6802
2023-02-12 16:00:00,21944.14,22090.0,21914.07,21997.18,38167.26838
2023-02-12 20:00:00,21997.18,22028.78,21630.0,21783.54,41566.37278
2023-02-13 00:00:00,21782.37,21876.43,21622.47,21808.6,45008.5028
2023-02-13 04:00:00,21808.6,21894.99,21792.86,21867.69,29927.77153
2023-02-13 08:00:00,21867.74,21874.97,21433.0,21603.11,71030.04136
2023-02-13 12:00:00,21602.8,21701.34,21556.0,21563.02,51668.73309
2023-02-13 16:00:00,21561.84,21678.0,21351.07,21607.81,62803.51308
2023-02-13 20:00:00,21607.81,21845.79,21559.95,21773.97,35292.20605
2023-02-14 00:00:00,21774.63,21816.62,21677.47,21700.42,31230.75357
2023-02-14 04:00:00,21700.42,21789.46,21684.59,21768.48,31733.58592
2023-02-14 08:00:00,21767.56,21875.42,21666.39,21809.81,44954.45087
2023-02-14 12:00:00,21809.81,22319.08,21532.77,22041.45,136833.56633
2023-02-14 16:00:00,22040.52,22245.0,21917.31,22208.65,77894.26418
2023-02-14 20:00:00,22207.96,22285.0,22122.7,22199.84,39311.78022
2023-02-15 00:00:00,22199.84,22200.88,22047.28,22099.49,36360.45775
2023-02-15 04:00:00,22099.13,22199.29,22072.55,22109.89,32290.25159
2023-02-15 08:00:00,22109.89,22500.0,22089.11,22445.13,49264.71292
2023-02-15 12:00:00,22444.28,22916.98,22443.24,22809.46,100777.72923
2023-02-15 16:00:00,22809.46,23353.87,22745.03,23318.9,70218.08957
2023-02-15 20:00:00,23320.18,24380.0,23296.3,24324.05,86757.92005
2023-02-16 00:00:00,24322.87,24905.0,24278.58,24732.42,58850.15163
2023-02-16 04:00:00,24731.6,24756.35,24430.12,24612.95,48051.21682
2023-02-16 08:00:00,24611.51,24664.49,24509.07,24568.55,39484.86925
2023-02-16 12:00:00,24567.93,25091.0,24283.35,25072.67,101794.47626
2023-02-16 16:00:00,25072.67,25250.0,24606.14,24872.58,108806.09222
2023-02-16 20:00:00,24872.58,24879.81,23505.25,23517.72,93093.87748
2023-02-17 00:00:00,23517.72,23914.58,23339.37,23838.64,69235.79241
2023-02-17 04:00:00,23838.64,23883.12,23612.0,23637.04,43781.38344
2023-02-17 08:00:00,23635.84,23861.78,23532.69,23789.82,58228.45005
2023-02-17 12:00:00,23789.12,24280.0,23710.0,24130.5,118441.1066
2023-02-17 16:00:00,24130.5,24560.64,23917.65,24524.49,115198.92622
2023-02-17 20:00:00,24524.49,25021.11,24051.73,24569.97,91927.55504
2023-02-18 00:00:00,24568.24,24787.5,24503.49,24609.68,37989.15667
2023-02-18 04:00:00,24609.68,24676.9,24430.0,24519.01,31352.25067
2023-02-18 08:00:00,24519.01,24607.82,24436.46,24519.42,33957.71014
2023-02-18 12:00:00,24519.93,24734.32,24488.43,24668.26,45000.52343
2023-02-18 16:00:00,24667.02,24877.0,24567.9,24608.34,45513.45782
2023-02-18 20:00:00,24608.34,24666.0,24514.03,24631.95,23104.1534
2023-02-19 00:00:00,24632.05,24770.67,24622.18,24681.69,24556.3165
2023-02-19 04:00:00,24682.1,24850.0,24563.23,24582.62,38276.37482
2023-02-19 08:00:00,24582.62,24706.77,24560.47,24669.43,30376.46031
2023-02-19 12:00:00,24669.43,25046.0,24656.44,24922.21,59494.57652
2023-02-19 16:00:00,24922.21,25192.0,24277.53,24523.79,99703.62008
2023-02-19 20:00:00,24523.04,24580.28,24192.57,24271.76,47988.64719
2023-02-20 00:00:00,24272.51,24480.44,23840.83,24418.95,63390.50289
2023-02-20 04:00:00,24417.86,24555.0,24402.87,24503.65,38007.57091
2023-02-20 08:00:00,24503.65,24983.71,24373.33,24890.0,79645.74015
2023-02-20 12:00:00,24889.0,25121.23,24720.0,24942.87,80964.87642
2023-02-20 16:00:00,24942.87,24957.32,24622.0,24872.19,56462.35763
2023-02-20 20:00:00,24872.18,24887.2,24655.0,24842.2,28467.52197
2023-02-21 00:00:00,24843.89,25093.23,24781.5,24926.56,47489.89991
2023-02-21 04:00:00,24926.56,25050.0,24854.18,24999.95,37867.03335
2023-02-21 08:00:00,24999.77,25250.0,24555.55,24572.83,86178.83261
2023-02-21 12:00:00,24572.83,24790.0,24408.0,24558.09,79603.75437
2023-02-21 16:00:00,24556.81,24745.78,24279.35,24602.88,75522.89551
2023-02-21 20:00:00,24602.88,24639.56,24148.34,24452.16,49338.41293
2023-02-22 00:00:00,24450.67,24476.05,23855.55,24201.85,66953.18365
2023-02-22 04:00:00,24202.67,24221.6,23931.0,24060.95,53259.16489
2023-02-22 08:00:00,24059.73,24216.55,23860.61,24160.87,58413.62449
2023-02-22 12:00:00,24160.87,24235.37,23627.08,23713.61,86251.40733
2023-02-22 16:00:00,23714.94,23972.97,23574.69,23791.67,74769.74135
2023-02-22 20:00:00,23791.68,24218.92,23735.19,24182.21,39778.63194
2023-02-23 00:00:00,24182.21,24599.59,24124.33,24454.85,58028.05449
2023-02-23 04:00:00,24454.85,24526.08,24311.35,24376.27,40892.96719
2023-02-23 08:00:00,24377.12,24494.28,23647.46,23780.2,72957.69926
2023-02-23 12:00:00,23780.21,24228.44,23608.0,23950.92,114931.1652
2023-02-23 16:00:00,23951.83,24056.0,23725.1,23971.5,72622.39716
2023-02-23 20:00:00,23971.51,24069.87,23756.77,23940.2,38968.17107
2023-02-24 00:00:00,23940.2,24132.35,23890.0,23954.05,37762.53136
2023-02-24 04:00:00,23954.5,23986.12,23766.6,23830.32,37287.85119
2023-02-24 08:00:00,23831.22,23973.79,23754.03,23883.72,38332.75164
2023-02-24 12:00:00,23883.72,24027.44,23322.01,23351.31,88325.951
2023-02-24 16:00:00,23349.25,23353.1,22841.19,23182.27,94448.70234
2023-02-24 20:00:00,23182.27,23332.79,22974.3,23185.29,47424.787
2023-02-25 00:00:00,23184.04,23219.13,23045.33,23077.64,26711.13207
2023-02-25 04:00:00,23077.12,23129.65,23023.23,23117.16,24808.07053
2023-02-25 08:00:00,23117.1,23158.16,22906.5,22983.85,35506.74408
2023-02-25 12:00:00,22983.85,23086.0,22858.35,23006.18,33363.06698
2023-02-25 16:00:00,23006.18,23086.29,22912.1,22983.05,31984.90521
2023-02-25 20:00:00,22983.78,23185.99,22722.0,23157.07,38937.89123
2023-02-26 00:00:00,23157.07,23250.0,23059.18,23214.53,25544.02597
2023-02-26 04:00:00,23214.53,23227.17,23090.0,23154.57,22591.59482
2023-02-26 08:00:00,23154.57,23293.97,23112.35,23253.44,27886.07588
2023-02-26 12:00:00,23253.44,23331.26,23126.47,23247.23,35538.36772
2023-02-26 16:00:00,23247.96,23544.93,23137.0,23499.33,42223.44384
2023-02-26 20:00:00,23499.33,23689.99,23323.42,23554.85,48540.228
2023-02-27 00:00:00,23554.85,23644.65,23432.76,23551.62,30792.51063
2023-02-27 04:00:00,23551.99,23561.34,23346.16,23423.31,30283.95062
2023-02-27 08:00:00,23423.88,23455.31,23332.65,23428.87,28495.85395
2023-02-27 12:00:00,23428.87,23897.99,23379.25,23559.4,83616.02692
2023-02-27 16:00:00,23557.66,23618.3,23150.0,23276.35,71456.59915
2023-02-27 20:00:00,23276.34,23582.98,23106.77,23492.09,39061.14463
2023-02-28 00:00:00,23492.09,23549.99,23349.57,23467.52,25897.10942
2023-02-28 04:00:00,23467.01,23470.44,23212.8,23236.68,29133.3021
2023-02-28 08:00:00,23235.63,23421.98,23200.0,23392.69,33078.50122
2023-02-28 12:00:00,23391.96,23579.12,23315.42,23518.3,68386.6113
2023-02-28 16:00:00,23519.08,23600.0,23205.06,23264.36,54116.84831
2023-02-28 20:00:00,23263.38,23343.55,23020.97,23141.57,53528.62659
2023-03-01 00:00:00,23141.57,23498.0,23020.03,23441.14,47163.64208
2023-03-01 04:00:00,23440.37,23847.0,23425.44,23716.06,49437.13297
2023-03-01 08:00:00,23716.06,24000.0,23673.44,23739.17,45593.75366
2023-03-01 12:00:00,23739.87,23888.0,23550.8,23711.09,71527.84275
2023-03-01 16:00:00,23711.09,23746.24,23328.16,23355.14,59540.49755
2023-03-01 20:00:00,23354.03,23674.6,23300.0,23628.97,42024.54836
2023-03-02 00:00:00,23629.76,23796.93,23423.17,23494.29,38918.66091
2023-03-02 04:00:00,23494.29,23546.82,23335.41,23391.87,27953.94328
2023-03-02 08:00:00,23391.87,23468.5,23337.37,23414.73,32030.91052
2023-03-02 12:00:00,23414.73,23434.26,23195.9,23361.11,63610.81714
2023-03-02 16:00:00,23361.1,23507.97,23231.29,23463.99,46562.98279
2023-03-02 20:00:00,23463.4,23567.52,23386.44,23465.32,30238.13755
2023-03-03 00:00:00,23465.32,23476.95,21971.13,22319.69,105002.30763
2023-03-03 04:00:00,22319.69,22411.36,22251.08,22360.78,39524.68367
2023-03-03 08:00:00,22360.78,22479.97,22300.14,22342.92,34119.07106
2023-03-03 12:00:00,22343.06,22498.99,22172.65,22336.33,63808.35172
2023-03-03 16:00:00,22335.84,22448.25,22229.25,22358.48,42253.91274
2023-03-03 20:00:00,22357.83,22378.22,22147.0,22354.34,35245.87103
2023-03-04 00:00:00,22354.34,22392.17,22323.05,22346.66,17092.81805
2023-03-04 04:00:00,22346.65,22410.0,22269.94,22359.09,20708.89441
2023-03-04 08:00:00,22359.44,22376.97,22322.3,22349.46,15610.44674
2023-03-04 12:00:00,22349.46,22398.0,22307.98,22317.87,19247.99791
2023-03-04 16:00:00,22317.38,22347.93,22227.2,22250.78,18483.98314
2023-03-04 20:00:00,22250.67,22359.0,22157.08,22346.57,30113.24107
2023-03-05 00:00:00,22346.57,22662.09,22189.22,22387.02,47822.67957
2023-03-05 04:00:00,22387.02,22470.93,22365.26,22375.7,19299.91498
2023-03-05 08:00:00,22375.7,22448.8,22316.63,22389.77,20090.00817
2023-03-05 12:00:00,22390.12,22494.96,22388.57,22436.18,22428.03796
2023-03-05 16:00:00,22436.7,22460.07,22374.6,22403.45,16269.59179
2023-03-05 20:00:00,22403.45,22560.0,22331.0,22430.24,28931.52539
2023-03-06 00:00:00,22430.24,22508.0,22258.0,22387.19,38270.80221
2023-03-06 04:00:00,22387.19,22436.0,22313.94,22392.74,20841.04209
2023-03-06 08:00:00,22392.74,22450.0,22355.0,22379.57,28144.14141
2023-03-06 12:00:00,22379.95,22602.19,22357.08,22553.42,44162.64438
2023-03-06 16:00:00,22554.43,22586.98,22358.0,22393.35,45283.05605
2023-03-06 20:00:00,22393.35,22450.0,22320.01,22410.0,27050.14343
2023-03-07 00:00:00,22409.41,22557.91,22377.69,22460.54,28066.33637
2023-03-07 04:00:00,22460.99,22479.85,22408.09,22419.71,21032.34041
2023-03-07 08:00:00,22420.29,22432.6,22321.0,22351.02,35538.29626
2023-03-07 12:00:00,22351.02,22489.88,21927.0,22320.9,97281.67866
2023-03-07 16:00:00,22321.98,22394.08,22054.92,22124.77,62136.24828
2023-03-07 20:00:00,22125.99,22230.51,21943.0,22197.96,48464.90914
2023-03-08 00:00:00,22198.56,22287.0,22084.3,22152.52,30155.52102
2023-03-08 04:00:00,22152.52,22167.73,21840.13,21971.03,47071.5731
2023-03-08 08:00:00,21971.83,22144.2,21944.55,22072.45,41053.20652
2023-03-08 12:00:00,22071.98,22229.04,21876.66,22140.8,81155.91342
2023-03-08 16:00:00,22139.97,22218.3,21944.25,21997.25,47324.56273
2023-03-08 20:00:00,21997.25,22133.75,21580.0,21705.44,54699.79593
2023-03-09 00:00:00,21704.37,21806.68,21629.43,21769.66,35431.65786
2023-03-09 04:00:00,21770.37,21774.69,21665.67,21688.54,27862.16425
2023-03-09 08:00:00,21688.54,21700.0,21527.0,21669.38,52297.6602
2023-03-09 12:00:00,21669.38,21834.99,21552.84,21648.57,71861.08871
2023-03-09 16:00:00,21647.42,21675.22,20766.2,20854.93,127310.48874
2023-03-09 20:00:00,20856.3,20867.3,20042.72,20362.22,128895.22608
2023-03-10 00:00:00,20362.21,20367.78,19776.22,20052.07,111144.42259
2023-03-10 04:00:00,20052.07,20065.0,19776.55,19953.58,83995.86888
2023-03-10 08:00:00,19953.58,19977.0,19549.09,19760.78,96978.28705
2023-03-10 12:00:00,19761.12,20321.19,19657.11,20004.96,152618.48716
2023-03-10 16:00:00,20004.96,20307.73,19824.06,20024.32,109663.76524
2023-03-10 20:00:00,20022.72,20240.4,19850.0,20150.69,64055.63618
2023-03-11 00:00:00,20150.69,20686.51,20135.05,20393.88,98589.40007
2023-03-11 04:00:00,20393.89,20435.43,19823.82,19850.81,76336.21941
2023-03-11 08:00:00,19850.81,20208.36,19765.03,20086.07,81791.94176
2023-03-11 12:00:00,20086.07,20205.46,20030.0,20061.98,50101.82477
2023-03-11 16:00:00,20062.77,20331.44,19992.24,20220.96,62707.52998
2023-03-11 20:00:00,20220.98,20529.91,20214.63,20455.73,58304.90534
2023-03-12 00:00:00,20455.73,20502.46,20303.53,20376.46,51370.51344
2023-03-12 04:00:00,20376.47,20440.8,20270.6,20346.71,35988.61581
2023-03-12 08:00:00,20346.71,20497.34,20333.8,20445.43,39710.54197
2023-03-12 12:00:00,20445.56,20466.0,20284.39,20358.96,49787.13406
2023-03-12 16:00:00,20359.59,21331.75,20341.85,20779.54,124989.68987
2023-03-12 20:00:00,20779.54,22150.0,20755.76,21997.11,129098.44773
2023-03-13 00:00:00,21998.05,22600.0,21860.74,22231.62,111447.41727
2023-03-13 04:00:00,22232.76,22506.0,22222.88,22458.72,68170.49795
2023-03-13 08:00:00,22458.87,22539.64,21813.88,22106.64,112208.05043
2023-03-13 12:00:00,22106.63,24500.0,21959.0,23981.72,216519.77954
2023-03-13 16:00:00,23981.72,24393.83,23755.0,24279.91,122447.56492
2023-03-13 20:00:00,24277.25,24311.99,23938.0,24113.48,57096.00248
2023-03-14 00:00:00,24112.27,24496.41,23986.02,24374.2,70241.14758
2023-03-14 04:00:00,24375.68,24820.0,24139.06,24247.64,78968.84513
2023-03-14 08:00:00,24246.75,24820.0,24118.28,24743.04,90925.96183
2023-03-14 12:00:00,24743.05,26386.87,24458.04,25894.67,210348.01513
2023-03-14 16:00:00,25894.67,26001.81,24212.49,25054.15,144791.97024
2023-03-14 20:00:00,25048.39,25167.9,23976.42,24670.41,104084.99432
2023-03-15 00:00:00,24670.41,25074.24,24284.6,24717.65,74592.62791
2023-03-15 04:00:00,24716.87,24918.59,24599.0,24871.28,49951.0718
2023-03-15 08:00:00,24872.54,24922.22,24255.0,24754.5,92660.51407
2023-03-15 12:00:00,24753.27,25196.97,24371.6,24471.01,172954.88765
2023-03-15 16:00:00,24471.01,24523.0,23896.95,24366.71,137774.37953
2023-03-15 20:00:00,24369.97,24633.02,24223.0,24285.66,53517.24888
2023-03-16 00:00:00,24285.66,24439.8,24123.0,24265.43,52421.25766
2023-03-16 04:00:00,24265.44,24685.0,24182.0,24614.27,58224.85322
2023-03-16 08:00:00,24615.79,25066.32,24374.35,24824.62,94332.38827
2023-03-16 12:00:00,24826.33,25032.74,24515.23,24888.44,105164.77326
2023-03-16 16:00:00,24889.94,25167.4,24620.0,24953.21,75970.81647
2023-03-16 20:00:00,24953.21,25090.0,24623.52,24998.78,53307.2411
2023-03-17 00:00:00,24998.78,25896.0,24890.0,25781.66,92627.82966
2023-03-17 04:00:00,25781.66,26196.4,25656.0,26058.45,82998.31022
2023-03-17 08:00:00,26060.07,26970.0,25918.02,26918.73,122412.61854
2023-03-17 12:00:00,26920.11,26935.12,26118.19,26421.34,129230.31572
2023-03-17 16:00:00,26419.28,26860.66,26264.0,26834.87,93862.34173
2023-03-17 20:00:00,26834.87,27756.84,26588.38,27395.13,103329.26504
2023-03-18 00:00:00,27395.13,27724.85,27060.0,27307.54,81541.36167
2023-03-18 04:00:00,27306.57,27612.31,27212.56,27359.89,43190.10831
2023-03-18 08:00:00,27360.43,27500.0,27055.83,27443.09,48227.50229
2023-03-18 12:00:00,27443.09,27637.2,27057.0,27226.23,68303.82651
2023-03-18 16:00:00,27227.63,27489.94,26578.0,27329.83,84968.97465
2023-03-18 20:00:00,27329.14,27449.95,26810.0,26907.49,45007.19831
2023-03-19 00:00:00,26907.49,27255.19,26901.02,27198.71,36110.46659
2023-03-19 04:00:00,27198.71,27291.4,26827.22,26974.81,36337.34801
2023-03-19 08:00:00,26973.76,27200.0,26872.0,27160.98,41991.39588
2023-03-19 12:00:00,27162.33,27750.0,27110.12,27546.62,71743.09938
2023-03-19 16:00:00,27546.62,28376.0,27470.0,28255.87,113916.61398
2023-03-19 20:00:00,28255.35,28390.1,27738.0,27972.87,71968.0667
2023-03-20 00:00:00,27972.87,28057.44,27124.47,27269.17,78217.14607
2023-03-20 04:00:00,27269.18,28268.0,27141.36,28183.13,74108.85462
2023-03-20 08:00:00,28183.13,28472.0,27919.66,28188.93,101047.66229
2023-03-20 12:00:00,28188.95,28258.58,27620.0,27694.46,93832.37034
2023-03-20 16:00:00,27698.15,28041.48,27461.35,27785.1,82313.05852
2023-03-20 20:00:00,27784.57,28186.71,27577.02,27717.01,47859.14189
2023-03-21 00:00:00,27717.01,27953.33,27664.51,27787.29,50949.32902
2023-03-21 04:00:00,27787.29,27968.0,27303.1,27505.25,66335.07466
2023-03-21 08:00:00,27505.25,28177.0,27393.52,28040.13,82017.60625
2023-03-21 12:00:00,28040.13,28244.87,27730.0,28041.06,100474.3209
2023-03-21 16:00:00,28041.06,28438.55,27935.07,28126.84,84240.60599
2023-03-21 20:00:00,28126.85,28214.99,27900.0,28105.47,36912.80538
2023-03-22 00:00:00,28107.81,28280.0,27945.44,28154.14,37000.16051
2023-03-22 04:00:00,28154.14,28288.0,28028.24,28103.69,22588.25375
2023-03-22 08:00:00,28103.68,28213.23,28000.0,28122.74,16280.67428
2023-03-22 12:00:00,28122.73,28736.0,28105.35,28595.07,35677.15924
2023-03-22 16:00:00,28595.06,28868.05,26650.27,26667.33,84244.59506
2023-03-22 20:00:00,26668.8,27437.98,26601.8,27250.97,28322.57012
2023-03-23 00:00:00,27250.97,27428.69,27105.0,27356.78,13920.76715
2023-03-23 04:00:00,27356.79,27700.0,27258.0,27631.93,14310.97848
2023-03-23 08:00:00,27631.93,27738.27,27439.5,27584.53,11897.09818
2023-03-23 12:00:00,27584.52,28750.0,27275.92,28580.87,40190.57705
2023-03-23 16:00:00,28580.86,28647.05,27772.22,28369.99,34052.53912
2023-03-23 20:00:00,28369.82,28438.0,27967.93,28295.41,14277.6482
2023-03-24 00:00:00,28295.42,28374.3,28134.86,28219.98,8820.33865
2023-03-24 04:00:00,28219.98,28335.32,28102.15,28274.59,9065.12568
2023-03-24 08:00:00,28274.58,28295.72,27934.48,28080.0,14569.39777
2023-03-24 12:00:00,28079.99,28253.01,27835.0,28018.04,14181.52699
2023-03-24 16:00:00,28018.04,28059.63,27523.81,27821.6,20321.9705
2023-03-24 20:00:00,27821.59,27860.0,27000.0,27454.47,19283.70585
2023-03-25 00:00:00,27454.46,27658.2,27420.0,27581.65,7631.30004
2023-03-25 04:00:00,27581.65,27608.2,27375.9,27485.36,7176.48565
2023-03-25 08:00:00,27485.37,27537.79,27309.8,27457.2,7012.9894
2023-03-25 12:00:00,27457.19,27787.33,27357.14,27647.43,10741.6268
2023-03-25 16:00:00,27647.44,27730.0,27159.57,27189.68,11693.92908
2023-03-25 20:00:00,27189.69,27529.29,27156.09,27462.95,6587.75005
2023-03-26 00:00:00,27462.96,27650.0,27417.76,27529.26,5328.00445
2023-03-26 04:00:00,27529.27,27570.93,27462.15,27504.94,3807.16894
2023-03-26 08:00:00,27504.94,27915.08,27480.01,27865.95,8183.69994
2023-03-26 12:00:00,27865.96,28194.4,27695.0,27803.89,17696.05035
2023-03-26 16:00:00,27803.89,27934.57,27635.18,27827.95,5605.98308
2023-03-26 20:00:00,27827.95,28143.0,27670.71,27968.05,9050.79677
2023-03-27 00:00:00,27968.05,28023.86,27781.6,27888.68,6854.66298
2023-03-27 04:00:00,27888.68,27935.17,27666.0,27808.81,8855.5393
2023-03-27 08:00:00,27808.8,27996.28,27768.55,27892.69,7616.84015
2023-03-27 12:00:00,27892.69,27923.42,26508.14,26903.62,39066.20195
2023-03-27 16:00:00,26903.63,27313.42,26858.79,26968.94,16613.0284
2023-03-27 20:00:00,26968.93,27255.0,26877.82,27124.91,9033.1962
2023-03-28 00:00:00,27124.9,27176.05,26800.0,26971.71,11049.59827
2023-03-28 04:00:00,26971.71,27142.25,26872.11,26962.88,9458.87712
2023-03-28 08:00:00,26962.89,27155.38,26631.78,27057.36,15726.76618
2023-03-28 12:00:00,27057.36,27210.0,26835.31,26998.63,15937.25349
2023-03-28 16:00:00,26998.63,27520.0,26745.0,27425.99,18090.07394
2023-03-28 20:00:00,27425.98,27492.8,27095.66,27261.07,8339.87441
2023-03-29 00:00:00,27261.06,27479.36,27240.1,27367.45,7124.26009
2023-03-29 04:00:00,27367.44,28164.48,27349.68,28086.82,22445.56265
2023-03-29 08:00:00,28086.82,28650.0,28040.34,28353.99,23446.56936
2023-03-29 12:00:00,28354.0,28590.0,28230.85,28442.79,16417.40637
2023-03-29 16:00:00,28442.8,28448.68,28135.82,28419.49,11647.76233
2023-03-29 20:00:00,28419.49,28500.0,28211.0,28348.6,8404.59928
2023-03-30 00:00:00,28348.6,29184.68,28090.06,28489.18,28533.03962
2023-03-30 04:00:00,28489.19,28775.6,28442.79,28725.01,11891.4425
2023-03-30 08:00:00,28725.0,28748.76,28500.0,28644.79,10631.82494
2023-03-30 12:00:00,28644.79,28691.45,28169.5,28300.33,17202.57157
2023-03-30 16:00:00,28300.32,28301.01,27686.0,27986.09,20579.80879
2023-03-30 20:00:00,27986.1,28197.96,27786.66,28028.53,10026.74514
2023-03-31 00:00:00,28028.53,28375.0,27916.34,28168.41,11765.30998
2023-03-31 04:00:00,28168.41,28219.36,27511.71,27738.48,15529.91399
2023-03-31 08:00:00,27738.48,27992.05,27688.0,27927.97,10543.8057
2023-03-31 12:00:00,27927.97,28656.69,27870.93,28494.99,24322.41408
2023-03-31 16:00:00,28495.0,28541.18,28262.87,28469.31,9395.77884
2023-03-31 20:00:00,28469.31,28632.94,28337.46,28465.36,6640.8988
2023-04-01 00:00:00,28465.36,28819.71,28408.57,28541.1,7594.11361
2023-04-01 04:00:00,28541.1,28625.1,28351.35,28424.99,5673.20621
2023-04-01 08:00:00,28424.98,28485.11,28360.65,28372.85,4134.1087
2023-04-01 12:00:00,28372.84,28473.9,28220.27,28400.07,5187.63015
2023-04-01 16:00:00,28400.07,28443.04,28280.0,28381.98,3397.25326
2023-04-01 20:00:00,28381.97,28577.0,28379.63,28452.73,4252.1356
2023-04-02 00:00:00,28452.74,28530.0,28355.0,28476.59,3671.10292
2023-04-02 04:00:00,28476.58,28490.4,28381.54,28416.38,2774.33739
2023-04-02 08:00:00,28416.37,28450.9,28306.8,28357.93,3482.11028
2023-04-02 12:00:00,28357.93,28361.0,28037.59,28124.81,10410.79993
2023-04-02 16:00:00,28124.8,28229.9,27856.43,27943.85,9548.76463
2023-04-02 20:00:00,27943.84,28203.35,27858.29,28171.87,7478.54177
2023-04-03 00:00:00,28171.87,28182.17,27560.0,27753.85,11150.24369
2023-04-03 04:00:00,27753.85,27962.9,27588.0,27958.74,7740.46106
2023-04-03 08:00:00,27958.73,28500.99,27958.73,28253.73,16752.02691
2023-04-03 12:00:00,28253.73,28375.0,27945.19,28051.48,12843.96705
2023-04-03 16:00:00,28051.48,28238.53,27875.0,28081.08,10815.36454
2023-04-03 20:00:00,28081.08,28093.56,27200.24,27800.0,19877.9508
2023-04-04 00:00:00,27800.0,27965.0,27662.79,27855.06,7378.74569
2023-04-04 04:00:00,27855.06,28145.0,27775.37,28021.3,7401.39758
2023-04-04 08:00:00,28021.31,28444.44,27931.2,28289.52,11327.61021
2023-04-04 12:00:00,28289.51,28399.0,27947.59,28030.04,11827.84541
2023-04-04 16:00:00,28030.05,28260.0,27971.07,28189.25,6969.29766
2023-04-04 20:00:00,28189.25,28305.0,28078.63,28165.47,4817.66036
2023-04-05 00:00:00,28165.47,28775.0,28099.68,28544.72,14845.01269
2023-04-05 04:00:00,28544.73,28624.35,28455.0,28525.21,5559.92922
2023-04-05 08:00:00,28525.2,28600.0,28450.5,28554.38,5619.6494
2023-04-05 12:00:00,28554.37,28750.0,27860.0,28031.09,19633.382
2023-04-05 16:00:00,28031.09,28308.04,27805.1,28240.64,11011.74625
2023-04-05 20:00:00,28240.64,28300.0,28132.16,28170.01,4067.92776
2023-04-06 00:00:00,28170.01,28182.05,27878.6,28128.42,6441.25347
2023-04-06 04:00:00,28128.42,28130.0,27907.77,27910.97,4898.59822
2023-04-06 08:00:00,27910.97,28028.6,27711.0,27945.52,8497.72048
2023-04-06 12:00:00,27945.51,28181.05,27750.0,28090.39,10932.58337
2023-04-06 16:00:00,28090.39,28165.88,27950.9,28017.77,5293.83638
2023-04-06 20:00:00,28017.77,28121.87,27900.0,28033.82,4054.95771
2023-04-07 00:00:00,28033.83,28100.0,27926.52,28038.66,3144.63896
2023-04-07 04:00:00,28038.67,28062.73,27766.94,27839.78,4967.42754
2023-04-07 08:00:00,27839.79,27961.67,27785.0,27840.9,5563.5226
2023-04-07 12:00:00,27840.89,27984.75,27800.0,27944.1,5761.76975
2023-04-07 16:00:00,27944.09,27953.47,27856.0,27897.52,2550.36482
2023-04-07 20:00:00,27897.51,27980.74,27839.02,27906.33,2774.3702
2023-04-08 00:00:00,27906.34,28059.39,27859.02,28023.39,3614.73585
2023-04-08 04:00:00,28023.39,28154.99,27974.14,28086.22,4034.10068
2023-04-08 08:00:00,28086.22,28114.94,27990.57,28016.09,2664.16144
2023-04-08 12:00:00,28016.09,28057.0,27950.0,28014.7,3002.75065
2023-04-08 16:00:00,28014.71,28020.0,27872.11,27924.13,3619.71605
2023-04-08 20:00:00,27924.13,27987.41,27885.86,27938.38,2544.50268
2023-04-09 00:00:00,27938.38,28083.45,27924.9,28027.71,3682.55851
2023-04-09 04:00:00,28027.71,28067.46,27840.51,27903.02,5008.26881
2023-04-09 08:00:00,27903.01,27949.99,27800.0,27930.2,3470.02822
2023-04-09 12:00:00,27930.2,27973.39,27800.0,27891.91,3818.27012
2023-04-09 16:00:00,27891.91,28250.0,27876.68,28140.4,6527.39031
2023-04-09 20:00:00,28140.41,28530.0,28094.5,28323.76,10024.64504
2023-04-10 00:00:00,28323.76,28425.43,28244.18,28278.45,5372.26276
2023-04-10 04:00:00,28278.45,28325.43,28196.61,28284.57,4995.24453
2023-04-10 08:00:00,28284.57,28375.02,28275.01,28305.6,5234.32286
2023-04-10 12:00:00,28305.59,28575.04,28170.0,28439.38,10137.40167
2023-04-10 16:00:00,28439.39,29380.0,28356.51,29173.06,27035.28756
2023-04-10 20:00:00,29173.05,29770.0,29069.1,29637.34,14979.54282
2023-04-11 00:00:00,29637.35,30430.0,29590.0,30115.95,20828.19269
2023-04-11 04:00:00,30115.95,30169.14,29800.0,30106.89,10285.50672
2023-04-11 08:00:00,30106.9,30147.38,29974.0,30055.15,7339.48746
2023-04-11 12:00:00,30055.14,30280.0,29975.0,30194.22,11314.16156
2023-04-11 16:00:00,30194.23,30550.0,30040.0,30130.02,10970.16011
2023-04-11 20:00:00,30130.02,30274.19,29940.0,30200.42,7252.56767
2023-04-12 00:00:00,30200.43,30350.07,29811.82,29922.04,11394.97178
2023-04-12 04:00:00,29922.04,30070.42,29850.0,29987.0,6069.48422
2023-04-12 08:00:00,29986.99,30050.47,29895.98,30016.3,5584.43686
2023-04-12 12:00:00,30016.31,30486.0,29637.4,29964.02,26308.52652
2023-04-12 16:00:00,29964.03,30091.01,29760.13,29798.59,8528.50057
2023-04-12 20:00:00,29798.59,29979.74,29775.68,29888.07,4163.56456
2023-04-13 00:00:00,29888.07,30200.0,29854.59,30072.17,5485.41854
2023-04-13 04:00:00,30072.17,30128.59,29982.93,30068.6,5087.64391
2023-04-13 08:00:00,30068.6,30374.87,30039.0,30159.82,10749.49629
2023-04-13 12:00:00,30159.81,30595.0,30134.16,30441.43,14771.58975
2023-04-13 16:00:00,30441.43,30535.76,30262.4,30335.13,9458.03277
2023-04-13 20:00:00,30335.13,30394.7,30205.0,30373.84,6381.93605
2023-04-14 00:00:00,30373.84,30893.79,30310.03,30690.88,18523.2894
2023-04-14 04:00:00,30690.89,31000.0,30674.53,30733.72,11910.85727
2023-04-14 08:00:00,30733.73,30827.27,30657.14,30801.89,7627.76445
2023-04-14 12:00:00,30801.89,30850.0,30101.0,30237.89,19633.71604
2023-04-14 16:00:00,30237.88,30357.8,29966.0,30324.09,12230.50318
2023-04-14 20:00:00,30324.09,30522.07,30272.25,30466.93,6058.06418
2023-04-15 00:00:00,30466.93,30595.6,30278.08,30376.14,5746.9438
2023-04-15 04:00:00,30376.13,30467.92,30337.97,30433.3,4154.39976
2023-04-15 08:00:00,30433.29,30470.0,30364.7,30385.3,3667.82496
2023-04-15 12:00:00,30385.31,30444.0,30285.0,30325.27,4272.47036
2023-04-15 16:00:00,30325.27,30339.35,30202.0,30331.74,4726.84822
2023-04-15 20:00:00,30331.74,30360.19,30236.39,30295.09,2861.32537
2023-04-16 00:00:00,30295.1,30319.04,30120.0,30249.37,3384.26015
2023-04-16 04:00:00,30249.36,30399.4,30245.82,30344.97,2921.29461
2023-04-16 08:00:00,30344.97,30353.96,30220.4,30226.45,3645.14709
2023-04-16 12:00:00,30226.46,30362.0,30160.4,30332.98,4673.57527
2023-04-16 16:00:00,30332.98,30549.99,30259.69,30309.06,6879.44808
2023-04-16 20:00:00,30309.05,30407.98,30192.0,30304.65,4928.26802
2023-04-17 00:00:00,30304.66,30316.06,29740.64,29982.8,13105.03703
2023-04-17 04:00:00,29982.8,30007.56,29832.0,29838.3,5573.07492
2023-04-17 08:00:00,29838.3,29922.5,29366.0,29570.81,11957.93933
2023-04-17 12:00:00,29570.8,29593.14,29240.65,29358.31,13750.46214
2023-04-17 16:00:00,29358.3,29580.17,29330.85,29467.24,7312.65763
2023-04-17 20:00:00,29467.25,29536.93,29391.92,29430.27,4742.64022
2023-04-18 00:00:00,29430.27,29500.0,29096.78,29446.99,7340.04494
2023-04-18 04:00:00,29447.0,29803.0,29442.56,29775.62,8003.36187
2023-04-18 08:00:00,29775.61,30381.68,29693.1,30380.59,13941.09794
2023-04-18 12:00:00,30380.59,30485.0,30099.37,30184.86,16268.45181
2023-04-18 16:00:00,30184.85,30274.21,29945.58,30221.52,9976.92726
2023-04-18 20:00:00,30221.53,30450.0,30150.0,30380.01,6475.01052
2023-04-19 00:00:00,30380.01,30413.53,30126.0,30211.23,5329.7858
2023-04-19 04:00:00,30211.23,30325.51,29980.0,30077.76,7472.46844
2023-04-19 08:00:00,30077.76,30077.76,29000.0,29310.65,32617.02212
2023-04-19 12:00:00,29310.64,29500.0,29100.0,29260.44,12985.95001
2023-04-19 16:00:00,29260.43,29370.0,29080.0,29227.07,8902.9979
2023-04-19 20:00:00,29227.06,29315.61,28520.0,28797.1,19267.26229
2023-04-20 00:00:00,28797.1,29000.0,28549.0,28862.52,11329.84169
2023-04-20 04:00:00,28862.51,29088.3,28818.8,28869.66,7669.56391
2023-04-20 08:00:00,28869.66,28951.0,28590.0,28607.13,8737.40051
2023-04-20 12:00:00,28607.12,28978.69,28334.0,28506.69,18458.73713
2023-04-20 16:00:00,28506.7,28658.81,28010.0,28104.38,21464.77891
2023-04-20 20:00:00,28104.38,28365.5,28012.0,28243.65,9218.77157
2023-04-21 00:00:00,28243.65,28374.02,28090.0,28321.41,7136.4826
2023-04-21 04:00:00,28321.42,28348.0,27815.89,28155.03,14964.65602
2023-04-21 08:00:00,28155.02,28237.3,27919.69,28066.21,9486.35341
2023-04-21 12:00:00,28066.22,28308.45,27962.65,28040.7,14095.50499
2023-04-21 16:00:00,28040.7,28090.54,27184.54,27279.91,20779.11295
2023-04-21 20:00:00,27279.9,27409.62,27125.0,27262.84,11222.65793
2023-04-22 00:00:00,27262.84,27367.77,27140.35,27322.16,5410.17958
2023-04-22 04:00:00,27322.15,27397.63,27225.0,27277.76,4190.23201
2023-04-22 08:00:00,27277.75,27324.58,27184.24,27286.65,4851.36968
2023-04-22 12:00:00,27286.65,27562.17,27231.0,27488.93,6866.08949
2023-04-22 16:00:00,27488.93,27804.38,27484.63,27622.61,8389.52746
2023-04-22 20:00:00,27622.61,27882.72,27566.91,27816.85,6316.29864
2023-04-23 00:00:00,27816.85,27816.85,27415.56,27557.84,6582.80343
2023-04-23 04:00:00,27557.83,27751.47,27531.85,27718.9,4072.92515
2023-04-23 08:00:00,27718.89,27777.0,27482.79,27642.9,5189.51221
2023-04-23 12:00:00,27642.89,27735.25,27311.25,27474.47,5943.17948
2023-04-23 16:00:00,27474.47,27689.83,27330.0,27465.77,8237.43783
2023-04-23 20:00:00,27465.78,27650.28,27402.88,27590.6,4786.23771
2023-04-24 00:00:00,27590.59,28000.0,27427.3,27790.48,8178.33983
2023-04-24 04:00:00,27790.49,27800.0,27350.0,27451.97,6200.98667
2023-04-24 08:00:00,27451.98,27553.24,27157.14,27550.84,10313.90924
2023-04-24 12:00:00,27550.83,27720.57,27200.0,27267.05,11420.22805
2023-04-24 16:00:00,27267.06,27579.8,26942.82,27383.29,12309.41846
2023-04-24 20:00:00,27383.28,27560.73,27320.47,27510.93,4688.68649
2023-04-25 00:00:00,27510.93,27590.28,27313.74,27345.72,5310.06861
2023-04-25 04:00:00,27345.71,27459.58,27240.8,27266.54,5140.31121
2023-04-25 08:00:00,27266.54,27443.63,27192.0,27390.96,6631.97649
2023-04-25 12:00:00,27390.96,27482.71,27199.17,27345.0,8847.60442
2023-04-25 16:00:00,27345.0,27790.19,27316.2,27611.4,10129.47641
2023-04-25 20:00:00,27611.39,28399.99,27611.01,28300.79,16265.70923
2023-04-26 00:00:00,28300.8,28481.0,28244.62,28309.1,9794.44476
2023-04-26 04:00:00,28309.09,28599.0,28301.05,28376.18,8441.48637
2023-04-26 08:00:00,28376.19,29138.83,28371.99,28952.32,21338.25434
2023-04-26 12:00:00,28952.31,30036.0,28952.31,29820.03,29557.57382
2023-04-26 16:00:00,29820.02,29900.0,27694.06,27884.24,27955.54863
2023-04-26 20:00:00,27884.25,28739.99,27235.0,28415.29,32141.09611
2023-04-27 00:00:00,28415.29,29480.5,28378.86,28885.79,22447.76067
2023-04-27 04:00:00,28885.78,29278.88,28632.25,28893.83,12428.75979
2023-04-27 08:00:00,28893.84,29139.85,28780.45,28934.21,11084.1798
2023-04-27 12:00:00,28934.21,29555.0,28661.58,29149.73,17936.04093
2023-04-27 16:00:00,29149.74,29890.0,29013.44,29673.98,20847.10485
2023-04-27 20:00:00,29673.98,29783.15,29255.53,29472.77,10686.97827
2023-04-28 00:00:00,29472.77,29599.54,29330.0,29420.52,9071.8883
2023-04-28 04:00:00,29420.52,29566.92,29396.89,29488.83,7539.59531
2023-04-28 08:00:00,29488.83,29495.34,29137.76,29235.36,9546.8493
2023-04-28 12:00:00,29235.36,29467.36,28891.0,29146.89,16054.08157
2023-04-28 16:00:00,29146.88,29437.81,29101.28,29328.53,8039.55295
2023-04-28 20:00:00,29328.53,29429.36,29276.75,29311.7,4046.19835
2023-04-29 00:00:00,29311.69,29400.0,29195.58,29345.74,4266.76284
2023-04-29 04:00:00,29345.75,29448.88,29289.44,29345.54,3485.37764
2023-04-29 08:00:00,29345.54,29360.0,29234.39,29332.11,3230.99493
2023-04-29 12:00:00,29332.11,29393.39,29210.24,29271.21,3619.27524
2023-04-29 16:00:00,29271.21,29309.05,29031.0,29240.67,3877.98484
2023-04-29 20:00:00,29240.68,29265.0,29138.25,29230.45,1986.43509
2023-04-30 00:00:00,29230.45,29230.49,29079.59,29178.87,2342.26797
2023-04-30 04:00:00,29178.88,29295.96,29171.22,29266.43,2111.33452
2023-04-30 08:00:00,29266.43,29348.31,29160.53,29197.01,2785.88414
2023-04-30 12:00:00,29197.02,29969.39,29182.74,29655.18,12772.70758
2023-04-30 16:00:00,29655.18,29870.22,29211.28,29361.13,12470.01847
2023-04-30 20:00:00,29361.13,29486.5,29160.96,29233.21,7270.32452
2023-05-01 00:00:00,29233.2,29337.34,28369.95,28561.06,15966.85068
2023-05-01 04:00:00,28561.07,28713.94,28250.15,28629.09,8593.24272
2023-05-01 08:00:00,28629.08,28670.1,28487.42,28523.86,4839.78726
2023-05-01 12:00:00,28523.85,28629.42,28075.36,28170.64,12056.92682
2023-05-01 16:00:00,28170.64,28410.95,27799.99,27843.36,14168.83144
2023-05-01 20:00:00,27843.35,28159.26,27666.95,28068.26,8808.02066
2023-05-02 00:00:00,28068.26,28145.6,27918.49,28043.76,5134.45129
2023-05-02 04:00:00,28043.75,28164.55,27872.0,28057.47,4237.79005
2023-05-02 08:00:00,28057.47,28133.33,27939.4,28084.83,5040.42695
2023-05-02 12:00:00,28084.83,28767.08,27910.0,28540.68,20134.60393
2023-05-02 16:00:00,28540.69,28879.88,28431.48,28686.14,10323.68451
2023-05-02 20:00:00,28686.13,28815.43,28616.08,28669.86,5953.56567
2023-05-03 00:00:00,28669.85,28689.35,28336.3,28520.9,6054.38189
2023-05-03 04:00:00,28520.89,28680.0,28427.56,28653.8,5308.0261
2023-05-03 08:00:00,28653.81,28767.93,28526.18,28543.74,6103.80959
2023-05-03 12:00:00,28543.73,28583.33,28113.69,28311.51,13681.91671
2023-05-03 16:00:00,28311.52,28800.0,28211.08,28322.98,19116.3162
2023-05-03 20:00:00,28322.97,29266.66,28285.19,29026.16,14351.34164
2023-05-04 00:00:00,29026.16,29195.94,28950.98,29096.86,6023.39211
2023-05-04 04:00:00,29096.85,29237.73,29038.31,29058.19,5854.55975
2023-05-04 08:00:00,29058.2,29379.83,28982.58,29154.66,6802.18312
2023-05-04 12:00:00,29154.65,29232.87,28663.64,28866.19,13921.52127
2023-05-04 16:00:00,28866.2,28972.92,28673.59,28895.12,6804.94862
2023-05-04 20:00:00,28895.31,28920.0,28748.0,28838.16,3168.87014
2023-05-05 00:00:00,28838.16,29531.0,28819.77,29198.23,11947.31875
2023-05-05 04:00:00,29198.22,29275.0,29029.87,29062.29,7022.92515
2023-05-05 08:00:00,29062.29,29195.97,29022.27,29149.36,5306.30763
2023-05-05 12:00:00,29149.36,29439.99,28800.0,29356.45,16673.08266
2023-05-05 16:00:00,29356.44,29677.0,29315.78,29561.66,13062.47594
2023-05-05 20:00:00,29561.66,29650.0,29450.69,29505.61,4403.72035
2023-05-06 00:00:00,29505.6,29820.0,29337.83,29353.61,8317.65484
2023-05-06 04:00:00,29353.62,29437.01,29250.65,29363.35,4244.22179
2023-05-06 08:00:00,29363.34,29367.2,29132.14,29266.15,7223.00274
2023-05-06 12:00:00,29266.16,29267.24,28300.0,28576.61,17920.04251
2023-05-06 16:00:00,28576.62,28964.68,28535.26,28842.82,7823.22553
2023-05-06 20:00:00,28842.82,28880.49,28642.0,28848.2,3721.13718
2023-05-07 00:00:00,28848.19,29138.29,28744.08,28798.56,6222.87665
2023-05-07 04:00:00,28798.57,28952.56,28787.02,28910.41,3568.17865
2023-05-07 08:00:00,28910.42,28960.03,28705.12,28840.06,4273.23723
2023-05-07 12:00:00,28840.07,29095.88,28840.0,28942.67,5289.32095
2023-05-07 16:00:00,28942.66,29029.11,28770.69,28907.73,4257.69952
2023-05-07 20:00:00,28907.73,28952.87,28395.23,28430.1,6392.09728
2023-05-08 00:00:00,28430.09,28631.01,28004.23,28199.71,14859.1196
2023-05-08 04:00:00,28199.72,28262.19,27830.85,27975.48,8390.05014
2023-05-08 08:00:00,27975.47,27989.11,27577.01,27934.09,12536.98963
2023-05-08 12:00:00,27934.09,28082.14,27669.5,27887.58,11265.19598
2023-05-08 16:00:00,27887.58,27930.21,27289.39,27340.72,15387.57351
2023-05-08 20:00:00,27340.72,27699.8,27262.0,27668.79,5805.43293
2023-05-09 00:00:00,27668.8,27749.34,27534.55,27629.34,6065.10248
2023-05-09 04:00:00,27629.35,27673.72,27437.32,27666.64,6284.15386
2023-05-09 08:00:00,27666.63,27728.99,27517.7,27678.31,6095.98208
2023-05-09 12:00:00,27678.31,27818.0,27370.01,27400.39,10521.56892
2023-05-09 16:00:00,27400.39,27750.0,27353.0,27716.32,7606.46136
2023-05-09 20:00:00,27716.32,27775.18,27521.49,27628.27,3540.04199
2023-05-10 00:00:00,27628.28,27849.94,27620.19,27685.29,5494.08267
2023-05-10 04:00:00,27685.29,27720.97,27529.88,27542.26,4166.55679
2023-05-10 08:00:00,27542.26,27679.1,27474.91,27677.09,4341.29032
2023-05-10 12:00:00,27677.08,28331.42,27635.81,28153.2,20173.02813
2023-05-10 16:00:00,28153.21,28299.15,26777.0,27692.26,27681.52219
2023-05-10 20:00:00,27692.27,27982.23,27219.0,27598.75,9298.63345
2023-05-11 00:00:00,27598.74,27622.68,27367.76,27446.9,5751.34688
2023-05-11 04:00:00,27446.9,27553.21,27395.88,27450.07,4068.24392
2023-05-11 08:00:00,27450.07,27490.29,27257.98,27405.61,5364.94429
2023-05-11 12:00:00,27405.62,27630.14,26952.0,27179.42,14153.77268
2023-05-11 16:00:00,27179.43,27219.52,26702.05,26843.05,13568.21685
2023-05-11 20:00:00,26843.06,27060.47,26807.22,26968.62,4728.78903
2023-05-12 00:00:00,26968.61,27091.12,26528.01,26584.32,9615.45856
2023-05-12 04:00:00,26584.33,26710.0,26120.74,26311.52,15964.27071
2023-05-12 08:00:00,26311.51,26437.0,26234.79,26348.01,6428.01795
2023-05-12 12:00:00,26348.02,26614.67,26271.65,26320.84,10467.89536
2023-05-12 16:00:00,26320.83,26500.0,25811.46,26459.62,13923.67108
2023-05-12 20:00:00,26459.63,26894.9,26360.85,26795.01,10808.62128
2023-05-13 00:00:00,26795.01,26983.98,26692.03,26808.27,5326.73837
2023-05-13 04:00:00,26808.27,26870.19,26695.41,26771.88,3324.74278
2023-05-13 08:00:00,26771.87,26877.0,26746.53,26823.94,2880.66763
2023-05-13 12:00:00,26823.93,26904.98,26736.0,26816.25,3969.69792
2023-05-13 16:00:00,26816.25,27045.45,26757.32,26837.94,4607.2156
2023-05-13 20:00:00,26837.93,26939.4,26750.0,26775.28,2705.84191
2023-05-14 00:00:00,26775.27,26874.42,26560.53,26865.03,4054.69409
2023-05-14 04:00:00,26865.04,26898.87,26793.53,26855.21,1996.19316
2023-05-14 08:00:00,26855.22,26886.73,26790.02,26805.98,2360.00891
2023-05-14 12:00:00,26805.97,27200.0,26744.7,27082.02,6476.4122
2023-05-14 16:00:00,27082.01,27135.04,26827.23,26878.97,4269.87056
2023-05-14 20:00:00,26878.96,26961.55,26842.57,26917.62,2437.62468
2023-05-15 00:00:00,26917.61,27290.93,26726.0,27232.8,8804.15424
2023-05-15 04:00:00,27232.8,27550.03,27180.01,27407.48,9336.327
2023-05-15 08:00:00,27407.47,27485.5,27315.55,27336.12,4994.35313
2023-05-15 12:00:00,27336.12,27534.0,27221.2,27396.8,6016.97493
2023-05-15 16:00:00,27396.81,27663.59,27317.9,27418.24,7697.17284
2023-05-15 20:00:00,27418.24,27418.24,27126.73,27162.14,3581.10119
2023-05-16 00:00:00,27162.15,27296.89,26852.11,27130.0,7412.18425
2023-05-16 04:00:00,27130.02,27252.59,26993.71,27252.58,4084.89688
2023-05-16 08:00:00,27252.58,27286.08,26987.02,27059.03,6519.02741
2023-05-16 12:00:00,27059.03,27137.69,26900.0,27038.02,7185.69731
2023-05-16 16:00:00,27038.01,27151.51,26880.0,26933.05,5291.70789
2023-05-16 20:00:00,26933.06,27049.74,26897.34,27033.84,2776.94077
2023-05-17 00:00:00,27033.85,27238.55,26982.93,27060.04,4465.66046
2023-05-17 04:00:00,27060.05,27100.0,26760.0,26845.14,5043.29563
2023-05-17 08:00:00,26845.14,26914.3,26573.62,26637.62,7683.56934
2023-05-17 12:00:00,26637.61,26836.06,26544.71,26796.93,8211.97472
2023-05-17 16:00:00,26796.93,27447.29,26741.36,27385.09,11344.69624
2023-05-17 20:00:00,27385.09,27500.0,27274.45,27405.61,6209.78146
2023-05-18 00:00:00,27405.62,27485.33,27286.58,27365.69,4794.02065
2023-05-18 04:00:00,27365.69,27454.14,27152.29,27391.61,5687.90418
2023-05-18 08:00:00,27391.61,27440.01,27334.02,27398.97,4932.72046
2023-05-18 12:00:00,27398.97,27472.14,27021.95,27086.77,11379.91575
2023-05-18 16:00:00,27086.78,27118.36,26361.2,26734.01,17649.2143
2023-05-18 20:00:00,26734.01,27065.27,26691.2,26821.28,4754.87609
2023-05-19 00:00:00,26821.28,26929.04,26749.33,26834.73,3284.92163
2023-05-19 04:00:00,26834.73,26960.24,26812.03,26851.38,3895.84769
2023-05-19 08:00:00,26851.39,26926.61,26790.72,26855.89,3835.92219
2023-05-19 12:00:00,26855.9,27183.6,26630.0,26883.65,10729.53517
2023-05-19 16:00:00,26883.65,26973.56,26780.73,26834.46,5009.72566
2023-05-19 20:00:00,26834.47,26921.21,26807.73,26880.26,1998.1831
2023-05-20 00:00:00,26880.26,26908.42,26825.11,26865.58,1482.13696
2023-05-20 04:00:00,26865.59,26873.63,26835.1,26854.98,1564.32919
2023-05-20 08:00:00,26854.98,26917.38,26854.97,26880.06,1835.86678
2023-05-20 12:00:00,26880.05,26976.0,26875.51,26945.66,2592.17838
2023-05-20 16:00:00,26945.67,27150.0,26913.25,27063.03,4920.8158
2023-05-20 20:00:00,27063.04,27129.36,26967.18,27102.43,2039.22007
2023-05-21 00:00:00,27102.42,27277.55,27063.09,27176.22,3192.89918
2023-05-21 04:00:00,27176.22,27176.22,27047.88,27054.99,2189.06207
2023-05-21 08:00:00,27055.0,27085.81,26776.23,26829.94,5097.44885
2023-05-21 12:00:00,26829.93,26977.0,26803.58,26898.97,4298.7889
2023-05-21 16:00:00,26898.97,26933.33,26832.98,26902.12,2779.63268
2023-05-21 20:00:00,26902.13,26926.29,26666.03,26747.78,3790.04111
2023-05-22 00:00:00,26747.78,26779.54,26538.21,26644.8,5217.78929
2023-05-22 04:00:00,26644.8,26913.14,26643.12,26843.13,4019.96121
2023-05-22 08:00:00,26843.12,26900.0,26767.34,26826.78,2625.2567
2023-05-22 12:00:00,26826.79,27099.89,26702.91,26877.18,8413.07143
2023-05-22 16:00:00,26877.17,26930.0,26781.99,26862.43,4148.42459
2023-05-22 20:00:00,26862.43,26959.52,26833.21,26849.27,2034.33506
2023-05-23 00:00:00,26849.28,27442.03,26798.11,27366.67,11734.74573
2023-05-23 04:00:00,27366.67,27495.83,27205.01,27304.4,9379.21247
2023-05-23 08:00:00,27304.4,27349.0,27250.32,27337.36,4034.79813
2023-05-23 12:00:00,27337.36,27386.26,27175.19,27320.05,5982.18313
2023-05-23 16:00:00,27320.04,27328.48,27100.79,27181.22,4947.99802
2023-05-23 20:00:00,27181.23,27249.38,27151.38,27219.61,2621.9011
2023-05-24 00:00:00,27219.61,27219.61,26649.88,26786.0,8310.29731
2023-05-24 04:00:00,26786.01,26830.42,26613.0,26678.67,7316.11741
2023-05-24 08:00:00,26678.67,26839.02,26670.0,26742.24,5232.44209
2023-05-24 12:00:00,26742.25,26742.25,26080.5,26314.69,19023.6564
2023-05-24 16:00:00,26314.69,26397.64,26159.97,26252.33,8949.56603
2023-05-24 20:00:00,26252.34,26486.46,26242.62,26329.01,5560.98646
2023-05-25 00:00:00,26329.0,26394.37,25871.89,26183.72,8738.553
2023-05-25 04:00:00,26183.73,26300.0,26126.76,26131.27,4175.09584
2023-05-25 08:00:00,26131.27,26335.16,26128.37,26296.62,4349.74729
2023-05-25 12:00:00,26296.61,26499.99,26168.6,26226.12,9538.70156
2023-05-25 16:00:00,26226.12,26631.98,26207.47,26468.68,7740.72317
2023-05-25 20:00:00,26468.67,26551.02,26432.46,26473.79,2892.62809
2023-05-26 00:00:00,26473.8,26539.34,26350.0,26435.14,4447.14298
2023-05-26 04:00:00,26435.14,26534.05,26327.24,26501.33,3969.78034
2023-05-26 08:00:00,26501.34,26549.0,26423.62,26463.29,5035.26395
2023-05-26 12:00:00,26463.29,26932.16,26355.81,26750.21,12837.29542
2023-05-26 16:00:00,26750.22,26837.34,26610.49,26767.21,6306.29004
2023-05-26 20:00:00,26767.22,26807.5,26686.0,26705.92,2465.4144
2023-05-27 00:00:00,26705.93,26782.73,26633.0,26752.0,2670.95052
2023-05-27 04:00:00,26752.0,26786.51,26710.0,26722.8,2156.5994
2023-05-27 08:00:00,26722.8,26732.66,26666.37,26699.02,2242.83881
2023-05-27 12:00:00,26699.02,26777.77,26551.0,26690.05,3174.31189
2023-05-27 16:00:00,26690.06,26846.0,26620.35,26729.6,2781.7237
2023-05-27 20:00:00,26729.6,26895.0,26726.01,26854.27,2069.26238
2023-05-28 00:00:00,26854.28,27247.1,26764.36,27187.23,8004.20461
2023-05-28 04:00:00,27187.24,27285.52,27128.41,27226.37,5618.39448
2023-05-28 08:00:00,27226.38,27344.23,27136.01,27153.76,4114.67614
2023-05-28 12:00:00,27153.76,27280.0,27100.02,27272.17,4058.9424
2023-05-28 16:00:00,27272.17,27746.33,27212.91,27525.99,10140.27075
2023-05-28 20:00:00,27525.99,28261.32,27525.99,28065.0,11979.52017
2023-05-29 00:00:00,28065.01,28447.14,27914.28,27954.99,12178.46709
2023-05-29 04:00:00,27954.99,28047.01,27841.0,27907.87,6651.3647
2023-05-29 08:00:00,27907.86,27971.01,27745.78,27913.87,5028.062
2023-05-29 12:00:00,27913.87,27949.7,27588.0,27630.51,7542.99192
2023-05-29 16:00:00,27630.5,27737.99,27524.6,27637.94,7602.66189
2023-05-29 20:00:00,27637.94,27818.0,27554.57,27736.4,3381.87185
2023-05-30 00:00:00,27736.39,27940.55,27584.45,27829.23,4057.20611
2023-05-30 04:00:00,27829.23,27848.28,27672.93,27733.22,3551.68079
2023-05-30 08:00:00,27733.22,28038.59,27712.19,28021.4,6468.5174
2023-05-30 12:00:00,28021.39,28027.78,27615.0,27673.08,9424.08758
2023-05-30 16:00:00,27673.08,27862.84,27554.0,27850.2,5809.72829
2023-05-30 20:00:00,27850.21,27855.13,27651.17,27694.4,3375.53354
2023-05-31 00:00:00,27694.39,27835.51,27571.04,27657.3,4589.66625
2023-05-31 04:00:00,27657.29,27677.67,26968.49,27167.9,14852.80264
2023-05-31 08:00:00,27167.91,27203.73,26994.33,27097.18,7051.71041
2023-05-31 12:00:00,27097.18,27231.34,26851.0,26911.54,10524.42883
2023-05-31 16:00:00,26911.55,27123.43,26839.01,27010.57,5607.89699
2023-05-31 20:00:00,27010.57,27299.99,27005.16,27210.35,3962.30061
2023-06-01 00:00:00,27210.36,27350.0,26605.05,26779.94,11213.18795
2023-06-01 04:00:00,26779.93,26883.6,26746.0,26802.67,4613.77433
2023-06-01 08:00:00,26802.66,26951.07,26790.96,26892.96,4275.56782
2023-06-01 12:00:00,26892.95,26981.34,26782.53,26894.48,6481.67546
2023-06-01 16:00:00,26894.47,27175.0,26656.0,26862.68,8974.24713
2023-06-01 20:00:00,26862.68,26942.98,26713.34,26817.93,3659.35611
2023-06-02 00:00:00,26817.93,27017.0,26505.0,27000.0,7016.0416
2023-06-02 04:00:00,27000.01,27213.0,26949.4,27049.65,6856.64454
2023-06-02 08:00:00,27049.65,27183.07,27049.38,27130.75,3577.11
2023-06-02 12:00:00,27130.75,27240.0,26860.71,27095.92,9100.69076
2023-06-02 16:00:00,27095.93,27287.64,27006.22,27239.02,6294.35686
2023-06-02 20:00:00,27239.03,27300.0,27143.37,27242.59,3536.05893
2023-06-03 00:00:00,27242.59,27242.6,27092.0,27143.2,2715.88602
2023-06-03 04:00:00,27143.2,27212.78,27105.73,27174.42,1822.46448
2023-06-03 08:00:00,27174.42,27181.0,27112.73,27129.79,2020.98723
2023-06-03 12:00:00,27129.78,27333.29,27126.85,27305.26,3088.32066
2023-06-03 16:00:00,27305.27,27318.63,27025.59,27096.36,4087.75798
2023-06-03 20:00:00,27096.37,27124.68,26914.93,27069.22,2859.9248
2023-06-04 00:00:00,27069.22,27100.43,26951.0,27061.38,2017.63875
2023-06-04 04:00:00,27061.37,27163.94,27027.0,27150.45,2458.23876
2023-06-04 08:00:00,27150.46,27249.86,27123.81,27198.55,2737.05084
2023-06-04 12:00:00,27198.54,27298.0,27160.11,27179.0,3447.67191
2023-06-04 16:00:00,27179.0,27222.0,27155.0,27213.11,1986.61888
2023-06-04 20:00:00,27213.11,27455.02,27043.65,27115.21,6611.19135
2023-06-05 00:00:00,27115.2,27129.33,26791.04,26843.58,6449.76559
2023-06-05 04:00:00,26843.57,26870.54,26740.38,26829.99,5422.13247
2023-06-05 08:00:00,26830.0,26840.77,26668.0,26773.39,4723.46593
2023-06-05 12:00:00,26773.39,26817.61,26000.0,26007.53,14719.7066
2023-06-05 16:00:00,26007.53,26074.51,25388.0,25629.99,27456.05814
2023-06-05 20:00:00,25630.0,25858.42,25509.98,25728.2,7034.47432
2023-06-06 00:00:00,25728.2,25801.09,25601.0,25730.83,5737.28976
2023-06-06 04:00:00,25730.83,25821.41,25706.18,25722.33,4562.45045
2023-06-06 08:00:00,25722.34,25797.0,25640.33,25686.64,4705.4168
2023-06-06 12:00:00,25686.64,26143.69,25351.02,26066.11,18580.6297
2023-06-06 16:00:00,26066.12,27216.89,26066.11,27080.13,21954.76955
2023-06-06 20:00:00,27080.12,27355.33,26857.92,27230.08,12852.04812
2023-06-07 00:00:00,27230.07,27391.77,26720.47,26909.01,11374.06381
2023-06-07 04:00:00,26909.01,26980.04,26753.01,26795.87,5395.14109
2023-06-07 08:00:00,26795.87,26968.0,26352.0,26896.14,12299.41041
2023-06-07 12:00:00,26896.14,26932.1,26236.0,26349.52,16129.1175
2023-06-07 16:00:00,26349.52,26553.78,26240.47,26482.42,7669.83392
2023-06-07 20:00:00,26482.43,26493.3,26125.01,26339.34,6751.87691
2023-06-08 00:00:00,26339.34,26470.0,26210.0,26344.17,5218.61987
2023-06-08 04:00:00,26344.16,26523.93,26290.19,26444.69,3725.37329
2023-06-08 08:00:00,26444.68,26504.94,26368.04,26432.0,3204.5364
2023-06-08 12:00:00,26432.01,26810.0,26300.0,26721.68,10657.94023
2023-06-08 16:00:00,26721.69,26732.24,26414.02,26539.9,5458.16496
2023-06-08 20:00:00,26539.86,26649.97,26488.01,26498.61,2810.87608
2023-06-09 00:00:00,26498.62,26596.58,26269.91,26483.7,5322.52752
2023-06-09 04:00:00,26483.69,26576.55,26424.35,26493.43,3615.92481
2023-06-09 08:00:00,26493.44,26685.43,26491.66,26610.19,4887.18214
2023-06-09 12:00:00,26610.18,26783.33,26452.86,26477.37,7205.6206
2023-06-09 16:00:00,26477.36,26529.54,26383.05,26407.15,4445.40191
2023-06-09 20:00:00,26407.15,26500.0,26397.11,26477.81,2458.05272
2023-06-10 00:00:00,26477.8,26533.87,26266.0,26323.07,5021.65979
2023-06-10 04:00:00,26323.07,26349.17,25456.41,25651.09,28094.05597
2023-06-10 08:00:00,25651.08,25750.25,25561.25,25731.4,7165.46892
2023-06-10 12:00:00,25731.41,25731.41,25572.94,25628.8,5268.77063
2023-06-10 16:00:00,25628.81,26154.0,25358.0,25750.0,14974.92299
2023-06-10 20:00:00,25750.01,25932.02,25679.59,25841.21,4419.72278
2023-06-11 00:00:00,25841.22,25864.32,25695.0,25727.51,4218.10619
2023-06-11 04:00:00,25727.51,25834.59,25634.7,25741.33,3668.97441
2023-06-11 08:00:00,25741.32,25842.44,25695.0,25796.06,3776.68664
2023-06-11 12:00:00,25796.05,25806.11,25672.68,25751.36,4082.10621
2023-06-11 16:00:00,25751.36,26106.66,25738.07,26030.89,8314.30254
2023-06-11 20:00:00,26030.89,26206.88,25745.03,25925.55,5954.11996
2023-06-12 00:00:00,25925.54,26028.5,25602.11,25791.29,6665.93933
2023-06-12 04:00:00,25791.29,25905.63,25744.06,25802.98,3896.06919
2023-06-12 08:00:00,25802.97,26106.48,25780.0,25988.83,5833.76222
2023-06-12 12:00:00,25988.82,25993.6,25734.47,25824.63,5467.66761
2023-06-12 16:00:00,25824.63,25966.18,25652.04,25824.23,5214.5963
2023-06-12 20:00:00,25824.23,25970.05,25804.3,25905.19,2822.47428
2023-06-13 00:00:00,25905.2,26157.99,25818.07,26063.85,6646.9644
2023-06-13 04:00:00,26063.85,26133.03,25973.7,26073.92,3654.18194
2023-06-13 08:00:00,26073.91,26272.25,26060.77,26191.81,7274.19395
2023-06-13 12:00:00,26191.81,26433.21,25712.57,25759.54,15947.44516
2023-06-13 16:00:00,25759.54,25978.37,25739.38,25902.84,4582.14533
2023-06-13 20:00:00,25902.83,25959.26,25808.1,25934.25,2960.67775
2023-06-14 00:00:00,25934.24,26055.99,25911.6,25985.07,3250.7713
2023-06-14 04:00:00,25985.06,26005.36,25837.13,25897.72,3115.6103
2023-06-14 08:00:00,25897.71,26028.58,25885.35,25975.71,3129.69928
2023-06-14 12:00:00,25975.71,26085.33,25927.22,25986.75,4693.52887
2023-06-14 16:00:00,25986.74,26098.0,25753.38,25874.59,8531.61707
2023-06-14 20:00:00,25874.58,25879.69,24820.56,25128.6,22356.08926
2023-06-15 00:00:00,25128.6,25206.52,25030.01,25065.35,4255.38633
2023-06-15 04:00:00,25065.35,25072.35,24872.35,24983.8,7733.13657
2023-06-15 08:00:00,24983.81,25050.0,24800.0,25014.97,8784.77975
2023-06-15 12:00:00,25014.97,25108.54,24921.11,24959.95,8435.0323
2023-06-15 16:00:00,24959.96,25518.49,24929.0,25455.49,9617.56919
2023-06-15 20:00:00,25455.49,25759.01,25220.25,25598.49,9838.95649
2023-06-16 00:00:00,25598.49,25606.59,25440.39,25561.74,3915.20068
2023-06-16 04:00:00,25561.75,25629.73,25475.84,25537.01,4070.48779
2023-06-16 08:00:00,25537.0,25624.38,25462.03,25474.51,5108.24521
2023-06-16 12:00:00,25474.51,25896.78,25175.56,25840.01,12940.05194
2023-06-16 16:00:00,25840.0,26518.0,25774.02,26382.43,20866.29228
2023-06-16 20:00:00,26382.43,26464.58,26287.97,26345.0,4696.63872
2023-06-17 00:00:00,26345.01,26372.4,26181.0,26262.16,3497.08278
2023-06-17 04:00:00,26262.17,26839.99,26246.0,26593.57,9565.95016
2023-06-17 08:00:00,26593.58,26657.09,26473.5,26507.76,4665.11979
2023-06-17 12:00:00,26507.75,26585.48,26311.0,26410.82,5426.02563
2023-06-17 16:00:00,26410.82,26538.37,26378.95,26475.3,2713.13332
2023-06-17 20:00:00,26475.31,26595.13,26465.42,26516.99,1974.90782
2023-06-18 00:00:00,26516.99,26548.63,26378.98,26548.45,2397.66907
2023-06-18 04:00:00,26548.46,26680.0,26472.03,26584.98,4069.09898
2023-06-18 08:00:00,26584.99,26596.0,26456.83,26500.0,2525.69386
2023-06-18 12:00:00,26500.0,26573.35,26444.0,26562.09,3559.38335
2023-06-18 16:00:00,26562.09,26657.99,26525.99,26650.0,2834.3115
2023-06-18 20:00:00,26650.01,26700.0,26255.85,26339.97,6152.15346
2023-06-19 00:00:00,26339.98,26469.58,26256.61,26403.36,2818.66359
2023-06-19 04:00:00,26403.36,26478.87,26369.0,26428.01,2925.34742
2023-06-19 08:00:00,26428.0,26459.18,26364.4,26447.73,2824.90303
2023-06-19 12:00:00,26447.73,26576.87,26348.01,26444.0,5446.90953
2023-06-19 16:00:00,26443.99,27068.09,26308.45,26682.28,16596.08384
2023-06-19 20:00:00,26682.29,26859.36,26652.19,26844.35,5260.75233
2023-06-20 00:00:00,26844.35,27179.03,26798.68,26896.52,7510.40809
2023-06-20 04:00:00,26896.53,27033.24,26755.0,26832.44,5125.51154
2023-06-20 08:00:00,26832.45,26912.0,26702.47,26907.99,4550.36223
2023-06-20 12:00:00,26907.99,27134.73,26652.0,27071.93,8935.82439
2023-06-20 16:00:00,27071.94,28140.0,27001.73,27982.77,30469.11578
2023-06-20 20:00:00,27982.77,28402.74,27872.0,28307.99,13075.73322
2023-06-21 00:00:00,28308.0,29088.09,28257.99,28711.15,17152.45801
2023-06-21 04:00:00,28711.15,29005.0,28680.0,28872.28,11260.27734
2023-06-21 08:00:00,28872.28,29221.99,28787.7,28930.0,11143.04259
2023-06-21 12:00:00,28930.0,30000.0,28875.81,29851.58,27907.23239
2023-06-21 16:00:00,29851.58,30800.0,29763.37,30112.03,32165.45866
2023-06-21 20:00:00,30112.02,30195.77,29800.0,29993.89,9297.93513
2023-06-22 00:00:00,29993.89,30500.0,29891.15,30296.01,10104.59967
2023-06-22 04:00:00,30296.0,30350.0,30010.0,30100.75,7689.18523
2023-06-22 08:00:00,30100.75,30244.0,29840.09,29928.0,10681.90715
2023-06-22 12:00:00,29928.01,30351.14,29525.61,29850.65,16896.20667
2023-06-22 16:00:00,29850.65,30234.83,29821.5,30213.11,8943.57285
2023-06-22 20:00:00,30213.11,30256.76,29880.0,29884.92,4739.09303
2023-06-23 00:00:00,29884.92,30054.0,29800.0,30007.96,4581.18928
2023-06-23 04:00:00,30007.97,30082.25,29904.29,29931.99,4355.16293
2023-06-23 08:00:00,29932.0,30195.0,29906.71,30140.87,6057.11746
2023-06-23 12:00:00,30140.86,31400.0,29911.07,31238.0,26083.48619
2023-06-23 16:00:00,31238.01,31431.94,30615.33,30880.87,25886.97674
2023-06-23 20:00:00,30880.88,30950.0,30453.1,30688.5,6967.96375
2023-06-24 00:00:00,30688.51,30794.11,30410.0,30730.01,6049.00866
2023-06-24 04:00:00,30730.0,30788.0,30552.01,30567.58,3587.21749
2023-06-24 08:00:00,30567.58,30742.73,30552.78,30684.38,3478.09199
2023-06-24 12:00:00,30684.37,30800.0,30282.07,30398.71,7419.33976
2023-06-24 16:00:00,30398.72,30709.36,30250.0,30627.84,6143.31292
2023-06-24 20:00:00,30627.84,30627.85,30408.95,30527.43,3836.33053
2023-06-25 00:00:00,30527.44,30783.68,30465.41,30748.46,3538.22628
2023-06-25 04:00:00,30748.46,31046.01,30666.87,30723.78,8518.57452
2023-06-25 08:00:00,30723.78,30761.7,30584.51,30716.03,3922.90014
2023-06-25 12:00:00,30716.03,30739.8,30462.0,30585.16,5838.8806
2023-06-25 16:00:00,30585.16,30655.11,30328.0,30429.78,4871.42995
2023-06-25 20:00:00,30429.78,30571.89,30277.49,30462.66,3533.43652
2023-06-26 00:00:00,30462.67,30550.0,29963.6,30296.36,9207.88051
2023-06-26 04:00:00,30296.35,30580.0,30164.79,30404.29,6806.5466
2023-06-26 08:00:00,30404.28,30428.36,30130.0,30322.89,5433.69289
2023-06-26 12:00:00,30322.89,30666.0,30257.02,30419.62,9096.84715
2023-06-26 16:00:00,30419.63,30432.0,29930.0,30243.97,11221.92192
2023-06-26 20:00:00,30243.97,30290.0,30099.0,30267.99,3413.52582
2023-06-27 00:00:00,30267.99,30496.88,30226.17,30371.57,4890.13774
2023-06-27 04:00:00,30371.56,30470.8,30233.58,30411.22,4152.72217
2023-06-27 08:00:00,30411.23,30786.99,30336.0,30729.1,8932.93349
2023-06-27 12:00:00,30729.09,30994.97,30383.0,30498.74,13404.27576
2023-06-27 16:00:00,30498.74,30769.96,30455.5,30648.03,7509.05985
2023-06-27 20:00:00,30648.03,30736.24,30554.09,30692.44,3810.51256
2023-06-28 00:00:00,30692.44,30709.74,30336.36,30452.75,5422.85
2023-06-28 04:00:00,30452.74,30488.83,30155.75,30186.13,6169.86931
2023-06-28 08:00:00,30186.14,30388.0,30150.98,30310.73,4469.60145
2023-06-28 12:00:00,30310.73,30490.86,30009.0,30411.06,10958.22627
2023-06-28 16:00:00,30411.07,30466.36,29858.8,30100.0,9490.07497
2023-06-28 20:00:00,30099.99,30218.55,29948.82,30077.41,3952.89737
2023-06-29 00:00:00,30077.4,30245.9,30049.98,30176.0,2950.73551
2023-06-29 04:00:00,30176.0,30421.48,30141.05,30340.29,3650.28435
2023-06-29 08:00:00,30340.29,30750.0,30337.23,30670.94,9512.82089
2023-06-29 12:00:00,30670.95,30843.98,30400.0,30478.8,10056.97009
2023-06-29 16:00:00,30478.79,30663.37,30416.63,30584.99,5567.6853
2023-06-29 20:00:00,30584.99,30639.9,30250.0,30447.31,4592.13289
2023-06-30 00:00:00,30447.31,30883.68,30347.17,30745.05,7913.86236
2023-06-30 04:00:00,30745.06,31282.0,30610.01,30765.09,15308.46395
2023-06-30 08:00:00,30765.1,30963.2,30717.5,30910.01,6842.23429
2023-06-30 12:00:00,30910.01,31137.36,29500.0,30067.72,36336.678
2023-06-30 16:00:00,30067.72,30748.08,29925.5,30372.36,18843.02962
2023-06-30 20:00:00,30372.37,30544.44,30340.46,30472.0,4174.80796
2023-07-01 00:00:00,30471.99,30534.74,30375.85,30398.01,4008.04076
2023-07-01 04:00:00,30398.02,30472.69,30320.57,30459.88,3285.51834
2023-07-01 08:00:00,30459.87,30600.0,30420.77,30523.02,2775.7443
2023-07-01 12:00:00,30523.02,30661.6,30503.94,30572.58,3801.28671
2023-07-01 16:00:00,30572.59,30633.92,30543.99,30609.51,2240.4209
2023-07-01 20:00:00,30609.51,30612.68,30548.88,30585.9,1390.73974
2023-07-02 00:00:00,30585.9,30649.99,30463.16,30509.31,3211.40133
2023-07-02 04:00:00,30509.3,30553.17,30470.01,30513.01,2300.42674
2023-07-02 08:00:00,30513.01,30552.0,30484.0,30544.74,1915.72134
2023-07-02 12:00:00,30544.74,30628.0,30155.0,30498.01,5741.64801
2023-07-02 16:00:00,30498.0,30693.14,30366.65,30557.74,4005.03205
2023-07-02 20:00:00,30557.74,30791.0,30425.47,30617.03,6112.18072
2023-07-03 00:00:00,30617.02,30800.01,30587.77,30756.65,3617.65215
2023-07-03 04:00:00,30756.65,30795.8,30606.0,30667.19,4529.14702
2023-07-03 08:00:00,30667.19,30700.92,30583.01,30625.22,5651.3227
2023-07-03 12:00:00,30625.22,31170.0,30570.27,31068.64,11506.76313
2023-07-03 16:00:00,31068.64,31380.0,30800.8,31255.84,12496.68998
2023-07-03 20:00:00,31255.83,31299.16,30900.0,31156.2,5960.06813
2023-07-04 00:00:00,31156.2,31350.69,31096.48,31195.69,5915.60031
2023-07-04 04:00:00,31195.68,31212.26,30879.29,30911.41,6224.065
2023-07-04 08:00:00,30911.4,31080.0,30867.68,31067.99,4279.90524
2023-07-04 12:00:00,31067.99,31080.0,30886.0,30964.37,5117.54936
2023-07-04 16:00:00,30964.38,31130.0,30620.0,30696.84,8695.01225
2023-07-04 20:00:00,30696.84,30843.73,30668.5,30766.51,2973.98727
2023-07-05 00:00:00,30766.52,30878.07,30752.0,30868.71,2838.19206
2023-07-05 04:00:00,30868.71,30869.57,30762.0,30774.25,2778.41767
2023-07-05 08:00:00,30774.24,30810.34,30350.0,30404.3,9136.14566
2023-07-05 12:00:00,30404.31,30452.0,30200.0,30356.11,10424.67966
2023-07-05 16:00:00,30356.11,30591.57,30333.7,30431.95,4635.72484
2023-07-05 20:00:00,30431.95,30539.13,30383.83,30504.81,3402.51133
2023-07-06 00:00:00,30504.8,30560.51,30327.0,30490.85,2865.18104
2023-07-06 04:00:00,30490.85,30857.89,30438.26,30803.19,6076.76347
2023-07-06 08:00:00,30803.2,31500.0,30701.0,30846.55,20483.84413
2023-07-06 12:00:00,30846.55,30887.1,29888.0,30407.01,27112.31388
2023-07-06 16:00:00,30407.0,30464.13,30157.41,30309.88,7633.47953
2023-07-06 20:00:00,30309.88,30345.18,29850.45,29895.43,7148.04405
2023-07-07 00:00:00,29895.42,30165.64,29701.02,30135.4,8889.61673
2023-07-07 04:00:00,30135.41,30300.0,29930.53,30007.4,5605.28806
2023-07-07 08:00:00,30007.41,30199.0,29970.0,30118.7,4267.97548
2023-07-07 12:00:00,30118.7,30443.75,30041.05,30390.83,8978.21955
2023-07-07 16:00:00,30390.83,30449.0,30116.0,30246.2,4029.29082
2023-07-07 20:00:00,30246.21,30346.06,30214.16,30344.7,2300.14831
2023-07-08 00:00:00,30344.7,30386.81,30257.07,30274.83,2033.13323
2023-07-08 04:00:00,30274.82,30279.19,30145.21,30193.36,2329.32411
2023-07-08 08:00:00,30193.36,30313.98,30156.23,30201.71,2090.67845
2023-07-08 12:00:00,30201.72,30239.37,30152.19,30208.0,1628.14246
2023-07-08 16:00:00,30208.01,30318.25,30044.47,30112.0,2961.09304
2023-07-08 20:00:00,30112.0,30289.99,30054.06,30284.63,2052.21913
2023-07-09 00:00:00,30284.63,30402.98,30246.47,30287.99,2693.84185
2023-07-09 04:00:00,30287.99,30299.89,30233.33,30265.0,1865.45368
2023-07-09 08:00:00,30265.0,30310.0,30240.0,30266.69,1557.55664
2023-07-09 12:00:00,30266.7,30445.52,30190.0,30349.47,4204.63044
2023-07-09 16:00:00,30349.47,30349.74,30204.0,30242.42,1814.15215
2023-07-09 20:00:00,30242.43,30249.99,30061.12,30160.71,3252.8672
2023-07-10 00:00:00,30160.71,30240.0,29950.0,30156.17,5431.19593
2023-07-10 04:00:00,30156.17,30160.0,30050.29,30112.1,2853.31032
2023-07-10 08:00:00,30112.11,30245.9,30000.02,30240.0,4702.37808
2023-07-10 12:00:00,30240.0,30362.0,30143.21,30312.81,5908.11612
2023-07-10 16:00:00,30312.82,30840.0,30241.0,30837.4,7615.41653
2023-07-10 20:00:00,30837.4,31045.78,30190.0,30411.57,14752.45954
2023-07-11 00:00:00,30411.57,30600.0,30363.29,30476.0,4533.99483
2023-07-11 04:00:00,30475.99,30658.0,30430.88,30535.38,4563.71355
2023-07-11 08:00:00,30535.38,30567.32,30344.28,30404.31,4397.68536
2023-07-11 12:00:00,30404.31,30813.63,30300.0,30596.45,7750.28791
2023-07-11 16:00:00,30596.44,30693.87,30405.0,30581.99,4536.83905
2023-07-11 20:00:00,30582.0,30650.0,30501.56,30622.1,2694.31241
2023-07-12 00:00:00,30622.1,30671.38,30497.95,30588.32,3576.286
2023-07-12 04:00:00,30588.32,30849.01,30565.53,30740.0,4266.19442
2023-07-12 08:00:00,30740.0,30809.13,30656.0,30776.25,3490.22801
2023-07-12 12:00:00,30776.25,30983.25,30461.59,30524.63,15884.13856
2023-07-12 16:00:00,30524.63,30538.44,30210.0,30287.47,7668.51251
2023-07-12 20:00:00,30287.48,30419.99,30238.28,30380.0,3223.63719
2023-07-13 00:00:00,30380.0,30433.25,30274.0,30298.01,3210.23446
2023-07-13 04:00:00,30298.01,30426.91,30251.0,30366.02,3711.05195
2023-07-13 08:00:00,30366.01,30637.06,30345.05,30543.99,4724.52462
2023-07-13 12:00:00,30543.99,31170.0,30459.91,30917.48,15742.34992
2023-07-13 16:00:00,30917.48,31804.2,30718.27,31606.01,33413.97579
2023-07-13 20:00:00,31606.0,31691.46,31000.0,31454.23,9970.38162
2023-07-14 00:00:00,31454.23,31630.0,31333.0,31460.0,8667.09146
2023-07-14 04:00:00,31459.99,31469.0,31075.25,31098.74,5686.39884
2023-07-14 08:00:00,31098.75,31287.85,31083.95,31209.59,4545.37951
2023-07-14 12:00:00,31209.58,31360.11,31050.0,31240.48,5568.76486
2023-07-14 16:00:00,31240.49,31275.5,29900.0,30115.17,29179.61822
2023-07-14 20:00:00,30115.18,30319.03,29985.31,30312.01,7102.23135
2023-07-15 00:00:00,30312.0,30390.9,30200.0,30292.91,3765.02048
2023-07-15 04:00:00,30292.9,30366.83,30257.45,30338.0,2509.41585
2023-07-15 08:00:00,30338.0,30371.67,30263.25,30311.99,2699.92345
2023-07-15 12:00:00,30311.99,30365.04,30250.99,30303.41,2114.38171
2023-07-15 16:00:00,30303.4,30358.18,30256.89,30326.47,1864.0798
2023-07-15 20:00:00,30326.47,30326.47,30269.96,30289.52,1165.732
2023-07-16 00:00:00,30289.52,30335.0,30064.29,30188.0,4106.79294
2023-07-16 04:00:00,30188.0,30311.99,30134.59,30265.22,1941.43927
2023-07-16 08:00:00,30265.23,30350.0,30265.22,30306.01,2061.54158
2023-07-16 12:00:00,30306.01,30441.46,30273.08,30379.95,3061.26246
2023-07-16 16:00:00,30379.96,30403.13,30200.43,30252.93,2207.15898
2023-07-16 20:00:00,30252.94,30361.0,30122.95,30231.99,2381.93287
2023-07-17 00:00:00,30232.0,30336.96,30176.03,30312.66,2046.85414
2023-07-17 04:00:00,30312.66,30323.05,30232.06,30281.0,2300.08203
2023-07-17 08:00:00,30281.01,30328.0,29965.39,30161.7,6972.3241
2023-07-17 12:00:00,30161.7,30308.0,30032.0,30174.83,5199.39113
2023-07-17 16:00:00,30174.84,30241.03,29659.2,29884.39,10264.88813
2023-07-17 20:00:00,29884.4,30285.71,29881.41,30138.0,4099.22886
2023-07-18 00:00:00,30138.01,30239.78,30073.96,30073.96,2946.84335
2023-07-18 04:00:00,30073.97,30118.19,29921.54,29968.13,4074.27718
2023-07-18 08:00:00,29968.13,30111.68,29810.0,29884.01,5367.53981
2023-07-18 12:00:00,29884.0,30034.15,29675.0,29912.0,7997.98214
2023-07-18 16:00:00,29912.01,29964.99,29512.0,29715.99,7221.04629
2023-07-18 20:00:00,29715.98,29865.0,29690.65,29859.13,2396.17133
2023-07-19 00:00:00,29859.14,30076.71,29839.5,30059.11,3876.95657
2023-07-19 04:00:00,30059.1,30189.09,29966.48,30000.68,4281.65902
2023-07-19 08:00:00,30000.68,30046.0,29867.17,30012.63,3539.89276
2023-07-19 12:00:00,30012.62,30128.0,29761.96,29956.46,6395.6526
2023-07-19 16:00:00,29956.46,30100.0,29870.0,30044.31,4369.91637
2023-07-19 20:00:00,30044.31,30054.0,29830.36,29909.21,3193.28405
2023-07-20 00:00:00,29909.21,30047.95,29881.29,29948.01,2444.85301
2023-07-20 04:00:00,29948.0,30246.98,29926.88,30202.77,5123.20299
2023-07-20 08:00:00,30202.78,30417.46,30166.67,30284.9,7608.78698
2023-07-20 12:00:00,30284.9,30316.0,29627.04,29810.18,11993.35064
2023-07-20 16:00:00,29810.17,29872.71,29570.96,29756.0,6738.857
2023-07-20 20:00:00,29756.0,29888.0,29669.56,29800.0,3631.63131
2023-07-21 00:00:00,29800.0,29953.01,29726.34,29897.62,4221.94752
2023-07-21 04:00:00,29897.62,29904.0,29751.9,29766.81,3343.90966
2023-07-21 08:00:00,29766.81,29851.37,29729.76,29778.51,3237.11897
2023-07-21 12:00:00,29778.51,29913.94,29778.5,29866.0,4668.9474
2023-07-21 16:00:00,29866.0,30061.7,29770.0,29875.99,5597.68776
2023-07-21 20:00:00,29875.99,29955.0,29833.93,29901.72,2811.79734
2023-07-22 00:00:00,29901.72,29999.0,29896.0,29903.41,2730.91284
2023-07-22 04:00:00,29903.4,29990.0,29848.0,29944.77,2257.82522
2023-07-22 08:00:00,29944.78,29979.92,29864.48,29886.94,2527.3291
2023-07-22 12:00:00,29886.93,29907.35,29828.77,29900.24,1964.17495
2023-07-22 16:00:00,29900.23,29908.71,29801.66,29836.0,1801.40881
2023-07-22 20:00:00,29836.0,29839.75,29625.1,29794.0,3378.75375
2023-07-23 00:00:00,29793.99,29893.77,29730.0,29845.72,2210.12963
2023-07-23 04:00:00,29845.71,29980.88,29845.71,29916.0,2924.91327
2023-07-23 08:00:00,29916.0,29959.0,29884.0,29888.58,2006.54126
2023-07-23 12:00:00,29888.59,29931.51,29852.29,29897.64,1417.20165
2023-07-23 16:00:00,29897.64,30350.0,29897.63,30093.12,6979.01521
2023-07-23 20:00:00,30093.12,30143.5,29920.37,30083.75,2754.98535
2023-07-24 00:00:00,30083.75,30099.58,29669.83,29716.01,4955.72652
2023-07-24 04:00:00,29716.0,29870.0,29660.0,29828.0,3839.73703
2023-07-24 08:00:00,29828.0,29832.54,29000.0,29269.99,12633.36871
2023-07-24 12:00:00,29269.99,29270.0,28861.9,29093.78,11841.66927
2023-07-24 16:00:00,29093.78,29157.15,29000.0,29117.99,4363.62637
2023-07-24 20:00:00,29117.99,29210.0,29090.36,29176.5,1994.86901
2023-07-25 00:00:00,29176.5,29183.34,29047.65,29111.0,3185.67346
2023-07-25 04:00:00,29111.0,29165.3,29074.55,29142.46,2754.17235
2023-07-25 08:00:00,29142.46,29282.0,29120.0,29128.29,3420.58834
2023-07-25 12:00:00,29128.29,29340.57,29082.84,29181.51,6818.58052
2023-07-25 16:00:00,29181.5,29376.0,29181.5,29198.83,3475.16328
2023-07-25 20:00:00,29198.82,29255.99,29183.93,29228.91,1911.56985
2023-07-26 00:00:00,29228.91,29412.88,29096.94,29242.81,4301.44969
2023-07-26 04:00:00,29242.8,29320.84,29180.0,29216.61,3303.70822
2023-07-26 08:00:00,29216.61,29240.54,29160.33,29175.39,2818.48677
2023-07-26 12:00:00,29175.39,29354.0,29166.36,29324.0,5180.25464
2023-07-26 16:00:00,29324.01,29499.0,29195.0,29401.93,9364.62077
2023-07-26 20:00:00,29401.93,29690.0,29280.01,29351.96,8963.11357
2023-07-27 00:00:00,29351.95,29450.44,29302.01,29405.78,2433.06591
2023-07-27 04:00:00,29405.78,29499.41,29378.6,29412.17,3487.8236
2023-07-27 08:00:00,29412.18,29567.49,29396.0,29507.03,3279.97998
2023-07-27 12:00:00,29507.02,29507.03,29236.78,29292.01,5407.7351
2023-07-27 16:00:00,29292.0,29333.22,29083.85,29163.83,5538.09551
2023-07-27 20:00:00,29163.83,29238.0,29133.5,29222.78,2329.77616
2023-07-28 00:00:00,29222.78,29305.3,29188.15,29253.85,3009.31278
2023-07-28 04:00:00,29253.84,29266.0,29135.15,29140.8,3783.45723
2023-07-28 08:00:00,29140.79,29246.08,29123.12,29206.59,3823.62755
2023-07-28 12:00:00,29206.58,29542.22,29206.58,29387.99,7235.3303
2023-07-28 16:00:00,29387.99,29399.98,29194.05,29316.0,4641.51658
2023-07-28 20:00:00,29316.0,29364.46,29284.68,29314.14,1500.37183
2023-07-29 00:00:00,29314.14,29396.15,29296.0,29371.89,2528.35734
2023-07-29 04:00:00,29371.9,29406.92,29295.0,29295.01,2178.5164
2023-07-29 08:00:00,29295.0,29330.55,29256.18,29267.16,1989.92338
2023-07-29 12:00:00,29267.16,29335.25,29261.87,29292.34,1933.64564
2023-07-29 16:00:00,29292.34,29349.62,29290.6,29338.02,1140.45592
2023-07-29 20:00:00,29338.03,29380.92,29338.02,29352.9,1080.46976
2023-07-30 00:00:00,29352.9,29352.92,29306.03,29314.92,971.6578
2023-07-30 04:00:00,29314.93,29331.98,29268.65,29294.31,1373.60195
2023-07-30 08:00:00,29294.3,29326.47,29232.22,29314.0,2125.5252
2023-07-30 12:00:00,29314.0,29449.0,29278.38,29349.37,3896.8527
2023-07-30 16:00:00,29349.36,29405.66,29113.51,29202.28,3341.76402
2023-07-30 20:00:00,29202.28,29284.0,29033.24,29281.09,3997.57274
2023-07-31 00:00:00,29281.09,29530.0,29264.0,29421.99,4109.65797
2023-07-31 04:00:00,29422.0,29443.68,29360.66,29373.61,2975.90381
2023-07-31 08:00:00,29373.62,29420.06,29332.32,29405.99,3067.69901
2023-07-31 12:00:00,29405.99,29473.97,29225.97,29247.98,4845.7793
2023-07-31 16:00:00,29247.99,29274.99,29101.8,29157.48,4521.86978
2023-07-31 20:00:00,29157.49,29295.24,29115.64,29232.25,3084.57977
2023-08-01 00:00:00,29232.26,29347.16,28720.0,28835.0,8673.02328
2023-08-01 04:00:00,28835.01,28970.81,28803.5,28937.3,4964.8536
2023-08-01 08:00:00,28937.31,28995.59,28862.18,28862.19,3644.73244
2023-08-01 12:00:00,28862.19,28980.0,28585.7,28954.0,9581.32861
2023-08-01 16:00:00,28953.99,29335.0,28864.01,29274.41,8846.63298
2023-08-01 20:00:00,29274.42,29739.25,29180.0,29705.99,9009.08071
2023-08-02 00:00:00,29705.99,30047.5,29622.5,29632.96,12892.26158
2023-08-02 04:00:00,29632.96,29719.77,29564.0,29577.26,5196.11558
2023-08-02 08:00:00,29577.25,29577.26,29378.62,29562.49,6827.56627
2023-08-02 12:00:00,29562.49,29603.8,29169.04,29321.4,9531.2654
2023-08-02 16:00:00,29321.39,29364.0,28927.5,29151.56,11051.05572
2023-08-02 20:00:00,29151.57,29233.06,29066.35,29186.01,2683.38686
2023-08-03 00:00:00,29186.0,29275.8,29126.34,29182.14,3369.62096
2023-08-03 04:00:00,29182.13,29192.0,29013.04,29044.17,3838.38639
2023-08-03 08:00:00,29044.16,29197.78,28968.0,29146.01,3557.08908
2023-08-03 12:00:00,29146.01,29433.33,29078.43,29259.07,7234.91983
2023-08-03 16:00:00,29259.07,29368.86,29137.55,29281.32,5040.57791
2023-08-03 20:00:00,29281.32,29361.14,29165.46,29193.64,3436.32577
2023-08-04 00:00:00,29193.65,29251.68,29100.0,29161.29,2758.43275
2023-08-04 04:00:00,29161.28,29253.02,29134.7,29212.92,2786.72183
2023-08-04 08:00:00,29212.91,29263.52,29137.0,29167.51,3233.96545
2023-08-04 12:00:00,29167.51,29333.08,29130.0,29274.28,5261.81968
2023-08-04 16:00:00,29274.28,29286.7,28950.0,29032.06,5475.27303
2023-08-04 20:00:00,29032.05,29130.35,28807.54,29113.99,4035.73943
2023-08-05 00:00:00,29114.0,29152.23,29065.11,29094.53,2238.91853
2023-08-05 04:00:00,29094.52,29097.72,29035.0,29052.81,2237.92793
2023-08-05 08:00:00,29052.81,29090.39,29044.37,29048.0,2385.2365
2023-08-05 12:00:00,29048.01,29082.13,28978.64,29041.49,2527.96804
2023-08-05 16:00:00,29041.49,29099.0,29009.37,29067.35,1293.61863
2023-08-05 20:00:00,29067.36,29092.38,29052.5,29072.13,961.85055
2023-08-06 00:00:00,29072.13,29078.95,29036.0,29063.99,1730.38101
2023-08-06 04:00:00,29064.0,29107.48,29045.96,29092.68,2554.57467
2023-08-06 08:00:00,29092.68,29142.0,29047.82,29078.01,2173.81719
2023-08-06 12:00:00,29078.01,29078.01,28991.88,29012.93,2574.91787
2023-08-06 16:00:00,29012.92,29102.91,29000.52,29088.0,1393.09127
2023-08-06 20:00:00,29088.0,29205.09,29038.13,29088.42,2751.41519
2023-08-07 00:00:00,29088.43,29229.62,29018.25,29162.67,3469.1155
2023-08-07 04:00:00,29162.66,29197.82,29050.77,29094.09,3151.67245
2023-08-07 08:00:00,29094.09,29153.86,29045.14,29091.44,2870.95625
2023-08-07 12:00:00,29091.44,29150.0,28788.73,28858.44,8042.90902
2023-08-07 16:00:00,28858.45,29186.74,28701.03,29154.91,10217.00216
2023-08-07 20:00:00,29154.91,29276.78,29121.12,29211.06,3215.22208
2023-08-08 00:00:00,29211.06,29260.1,29146.45,29195.08,2613.81378
2023-08-08 04:00:00,29195.09,29331.24,29181.81,29187.62,3984.65386
2023-08-08 08:00:00,29187.62,29441.96,29171.47,29438.63,4673.9121
2023-08-08 12:00:00,29438.63,29674.7,29354.0,29535.39,12230.25712
2023-08-08 16:00:00,29535.38,29950.0,29535.38,29884.24,13510.46737
2023-08-08 20:00:00,29884.23,30244.0,29685.76,29770.42,8687.42969
2023-08-09 00:00:00,29770.41,29883.1,29613.0,29716.01,5699.9951
2023-08-09 04:00:00,29716.0,29821.29,29673.34,29818.0,4621.81004
2023-08-09 08:00:00,29818.01,29914.19,29740.01,29888.32,4765.65488
2023-08-09 12:00:00,29888.32,30160.0,29676.86,29761.7,11490.49149
2023-08-09 16:00:00,29761.7,29774.0,29396.95,29416.22,8420.25502
2023-08-09 20:00:00,29416.21,29626.0,29376.67,29581.99,3005.68072
2023-08-10 00:00:00,29581.99,29660.06,29566.66,29582.63,3086.43915
2023-08-10 04:00:00,29582.63,29616.98,29491.11,29512.0,3524.95587
2023-08-10 08:00:00,29511.99,29559.98,29476.0,29504.01,3463.97279
2023-08-10 12:00:00,29504.01,29738.0,29400.0,29466.0,8102.29021
2023-08-10 16:00:00,29465.99,29478.07,29320.2,29444.52,3677.42824
2023-08-10 20:00:00,29444.52,29488.29,29422.71,29455.75,1608.36747
2023-08-11 00:00:00,29455.76,29498.17,29352.47,29412.0,2899.21477
2023-08-11 04:00:00,29412.0,29490.0,29380.04,29417.28,3351.66422
2023-08-11 08:00:00,29417.28,29452.33,29350.0,29445.96,3809.67776
2023-08-11 12:00:00,29445.96,29564.52,29354.0,29395.89,5863.2428
2023-08-11 16:00:00,29395.9,29431.03,29252.45,29396.76,3515.35274
2023-08-11 20:00:00,29396.76,29444.73,29396.76,29426.03,1197.89201
2023-08-12 00:00:00,29426.02,29460.73,29381.56,29402.07,1581.2942
2023-08-12 04:00:00,29402.06,29426.68,29384.82,29421.49,1711.51601
2023-08-12 08:00:00,29421.48,29434.35,29390.57,29429.85,2189.80574
2023-08-12 12:00:00,29429.85,29458.1,29408.28,29438.81,1390.34294
2023-08-12 16:00:00,29438.81,29481.35,29411.58,29416.16,1263.44937
2023-08-12 20:00:00,29416.17,29433.16,29400.0,29430.17,835.07242
2023-08-13 00:00:00,29430.18,29455.21,29400.0,29418.56,1168.69051
2023-08-13 04:00:00,29418.56,29418.57,29363.0,29396.36,1836.11114
2023-08-13 08:00:00,29396.37,29416.53,29375.49,29383.38,1855.11829
2023-08-13 12:00:00,29383.39,29393.76,29362.0,29374.2,1507.97478
2023-08-13 16:00:00,29374.19,29474.65,29328.21,29442.91,2401.6459
2023-08-13 20:00:00,29442.91,29446.0,29272.32,29303.84,2332.16885
2023-08-14 00:00:00,29303.85,29429.95,29102.45,29399.91,9359.80818
2023-08-14 04:00:00,29399.91,29469.63,29392.6,29422.01,2986.60563
2023-08-14 08:00:00,29422.01,29495.76,29383.63,29409.99,3167.54657
2023-08-14 12:00:00,29410.0,29672.0,29332.61,29599.99,7136.81271
2023-08-14 16:00:00,29600.0,29695.32,29257.0,29360.54,6860.28114
2023-08-14 20:00:00,29360.54,29471.31,29338.12,29430.93,1932.06109
2023-08-15 00:00:00,29430.92,29454.23,29371.99,29402.01,2988.63804
2023-08-15 04:00:00,29402.0,29435.02,29351.33,29408.84,3759.31138
2023-08-15 08:00:00,29408.83,29457.44,29358.0,29366.0,4590.74949
2023-08-15 12:00:00,29365.99,29499.26,29315.0,29332.66,5517.77561
2023-08-15 16:00:00,29332.67,29369.23,29059.6,29181.73,7775.93801
2023-08-15 20:00:00,29181.73,29243.08,29135.81,29200.0,2871.46438
2023-08-16 00:00:00,29200.01,29259.85,29184.96,29228.51,3589.09589
2023-08-16 04:00:00,29228.51,29235.54,29111.0,29197.67,4292.06725
2023-08-16 08:00:00,29197.67,29216.46,29100.0,29164.67,4256.97828
2023-08-16 12:00:00,29164.67,29211.34,29047.09,29106.55,5632.45835
2023-08-16 16:00:00,29106.55,29235.0,28956.0,29111.7,6779.88052
2023-08-16 20:00:00,29111.69,29139.99,28723.08,28730.51,8446.21825
2023-08-17 00:00:00,28730.51,28783.48,28342.0,28657.31,10139.13995
2023-08-17 04:00:00,28657.3,28706.31,28601.87,28621.99,3829.77192
2023-08-17 08:00:00,28622.0,28635.3,28483.89,28545.11,5762.14855
2023-08-17 12:00:00,28545.1,28573.55,27888.0,27934.02,19119.98745
2023-08-17 16:00:00,27934.02,28089.78,27700.0,27894.01,14489.295
2023-08-17 20:00:00,27894.0,27920.23,25166.0,26623.41,46931.19746
2023-08-18 00:00:00,26623.41,26832.6,26321.18,26398.0,11747.28054
2023-08-18 04:00:00,26397.99,26610.0,26157.71,26429.99,13379.28911
2023-08-18 08:00:00,26430.0,26609.65,26381.6,26494.0,8403.77999
2023-08-18 12:00:00,26494.0,26500.0,25931.95,26002.0,14426.63632
2023-08-18 16:00:00,26001.99,26313.33,25619.0,26065.01,16489.27194
2023-08-18 20:00:00,26065.01,26243.8,26006.01,26054.0,5344.39921
2023-08-19 00:00:00,26054.0,26154.57,25924.0,25967.51,3998.46404
2023-08-19 04:00:00,25967.51,26009.18,25801.09,25917.99,4454.75935
2023-08-19 08:00:00,25918.0,25999.01,25884.0,25900.08,4023.9561
2023-08-19 12:00:00,25900.07,26226.04,25872.06,26216.01,6106.37301
2023-08-19 16:00:00,26216.01,26281.0,26026.96,26125.62,5104.24597
2023-08-19 20:00:00,26125.61,26156.0,26033.16,26100.01,2472.95496
2023-08-20 00:00:00,26100.01,26207.88,26046.4,26105.24,2661.66837
2023-08-20 04:00:00,26105.23,26160.16,26047.41,26088.44,2915.3072
2023-08-20 08:00:00,26088.44,26198.72,26058.98,26176.7,3036.61074
2023-08-20 12:00:00,26176.69,26217.52,25971.05,26106.83,4427.24407
2023-08-20 16:00:00,26106.83,26162.34,26002.51,26137.25,2456.00338
2023-08-20 20:00:00,26137.25,26299.0,26137.25,26189.99,3560.07833
2023-08-21 00:00:00,26190.0,26195.12,26070.0,26090.66,3015.05087
2023-08-21 04:00:00,26090.66,26189.04,26000.0,26023.34,4091.24604
2023-08-21 08:00:00,26023.33,26088.32,25880.2,26031.6,5803.825
2023-08-21 12:00:00,26031.61,26198.89,25812.0,25939.59,9288.78777
2023-08-21 16:00:00,25939.59,26164.0,25937.6,26097.74,4995.45618
2023-08-21 20:00:00,26097.73,26258.42,26082.25,26126.92,3072.87647
2023-08-22 00:00:00,26126.92,26139.42,26025.54,26055.99,2759.8298
2023-08-22 04:00:00,26056.0,26117.28,26000.0,26106.69,2705.6774
2023-08-22 08:00:00,26106.69,26112.44,26027.22,26049.64,2844.91271
2023-08-22 12:00:00,26049.63,26100.23,25914.03,25936.61,5083.53852
2023-08-22 16:00:00,25936.62,26054.73,25726.29,25779.99,10251.20292
2023-08-22 20:00:00,25780.0,26070.04,25300.0,26056.0,10601.90553
2023-08-23 00:00:00,26055.99,26187.99,25990.15,26006.32,4736.45838
2023-08-23 04:00:00,26006.32,26183.91,25976.72,26057.13,5066.45045
2023-08-23 08:00:00,26057.12,26096.0,25902.62,25939.49,3695.73713
2023-08-23 12:00:00,25939.49,26185.0,25812.82,26144.0,8219.23356
2023-08-23 16:00:00,26143.99,26819.27,26127.24,26632.0,15370.84219
2023-08-23 20:00:00,26632.01,26723.99,26222.43,26432.72,6934.97807
2023-08-24 00:00:00,26432.71,26547.89,26345.76,26442.01,4085.62274
2023-08-24 04:00:00,26442.01,26516.0,26384.0,26477.38,3595.17305
2023-08-24 08:00:00,26477.39,26577.87,26409.4,26444.02,3940.98697
2023-08-24 12:00:00,26444.02,26444.02,25990.72,25996.34,8755.58585
2023-08-24 16:00:00,25996.35,26163.0,25864.0,26039.44,6438.38839
2023-08-24 20:00:00,26039.44,26207.15,25936.01,26180.05,3389.46416
2023-08-25 00:00:00,26180.05,26187.34,26011.41,26106.0,2777.0727
2023-08-25 04:00:00,26106.0,26111.11,25974.22,25980.5,3435.96694
2023-08-25 08:00:00,25980.5,26128.75,25980.49,26096.4,2924.78322
2023-08-25 12:00:00,26096.41,26314.05,25777.15,25932.01,11380.01633
2023-08-25 16:00:00,25932.01,26066.62,25832.25,25972.36,4923.47202
2023-08-25 20:00:00,25972.37,26085.2,25957.4,26060.01,2312.02651
2023-08-26 00:00:00,26060.0,26125.77,26027.2,26087.15,1584.31997
2023-08-26 04:00:00,26087.16,26088.0,26048.0,26050.81,2188.92461
2023-08-26 08:00:00,26050.82,26060.0,26001.83,26045.87,1545.41373
2023-08-26 12:00:00,26045.86,26078.0,25985.92,26054.0,1689.85745
2023-08-26 16:00:00,26054.0,26060.0,26004.77,26034.21,1625.43664
2023-08-26 20:00:00,26034.22,26047.62,25988.2,26017.37,1388.27082
2023-08-27 00:00:00,26017.38,26030.55,25966.11,26021.96,1957.15103
2023-08-27 04:00:00,26021.96,26055.54,26021.96,26043.61,1536.05749
2023-08-27 08:00:00,26043.61,26095.6,26033.78,26060.44,2365.95212
2023-08-27 12:00:00,26060.44,26182.23,26052.8,26122.15,2577.47772
2023-08-27 16:00:00,26122.14,26179.0,26037.27,26125.49,2530.06704
2023-08-27 20:00:00,26125.48,26133.71,26040.17,26101.77,1132.93676
2023-08-28 00:00:00,26101.78,26105.0,25986.41,26012.98,3309.2282
2023-08-28 04:00:00,26012.98,26038.83,25872.05,25934.12,3765.35956
2023-08-28 08:00:00,25934.13,26004.0,25864.5,26000.99,3075.66108
2023-08-28 12:00:00,26000.99,26253.99,25991.44,26104.17,6287.02969
2023-08-28 16:00:00,26104.16,26191.79,25918.0,25996.26,3676.97567
2023-08-28 20:00:00,25996.27,26178.83,25946.18,26120.0,2578.37235
2023-08-29 00:00:00,26120.0,26206.24,26066.36,26083.19,2640.28117
2023-08-29 04:00:00,26083.18,26095.08,25990.58,26004.2,4150.9928
2023-08-29 08:00:00,26004.2,26046.0,25922.0,25975.55,3858.26938
2023-08-29 12:00:00,25975.54,27692.0,25964.79,27423.44,33126.0864
2023-08-29 16:00:00,27423.44,28142.85,27350.01,27831.33,23108.38949
2023-08-29 20:00:00,27831.33,27883.61,27532.79,27716.34,7367.97564
2023-08-30 00:00:00,27716.34,27768.57,27280.99,27391.13,7647.4885
2023-08-30 04:00:00,27391.14,27476.03,27371.94,27436.25,3198.93935
2023-08-30 08:00:00,27436.25,27499.0,27310.05,27338.51,4292.3234
2023-08-30 12:00:00,27338.52,27464.45,27017.24,27201.63,12439.12326
2023-08-30 16:00:00,27201.63,27286.88,27067.9,27178.28,5043.37898
2023-08-30 20:00:00,27178.27,27337.78,27178.27,27299.99,2827.00499
2023-08-31 00:00:00,27299.99,27303.36,27178.88,27217.27,2159.40313
2023-08-31 04:00:00,27217.28,27294.97,27215.0,27261.03,2206.16181
2023-08-31 08:00:00,27261.03,27587.51,27184.99,27303.96,6087.65912
2023-08-31 12:00:00,27303.95,27315.47,26803.73,26922.01,11366.93936
2023-08-31 16:00:00,26922.01,26924.87,25928.0,26162.79,20012.11138
2023-08-31 20:00:00,26162.79,26194.86,25655.01,25940.78,9200.52921
2023-09-01 00:00:00,25940.77,26100.0,25931.11,26081.01,3653.53305
2023-09-01 04:00:00,26081.0,26095.0,25978.0,25990.92,2839.42565
2023-09-01 08:00:00,25990.92,26072.34,25957.37,26047.49,3334.17072
2023-09-01 12:00:00,26047.5,26156.0,25566.53,25811.0,12389.595
2023-09-01 16:00:00,25811.0,25964.17,25333.75,25645.66,13943.51802
2023-09-01 20:00:00,25645.65,25937.42,25565.55,25805.05,4871.90812
2023-09-02 00:00:00,25805.04,25840.0,25752.47,25798.08,2127.00305
2023-09-02 04:00:00,25798.07,25853.03,25766.75,25795.47,2209.29066
2023-09-02 08:00:00,25795.46,25860.0,25774.81,25813.54,2779.60231
2023-09-02 12:00:00,25813.55,25987.5,25785.64,25894.76,4217.26208
2023-09-02 16:00:00,25894.77,25937.91,25763.2,25833.39,3407.85698
2023-09-02 20:00:00,25833.4,25907.09,25817.84,25869.51,1509.7619
2023-09-03 00:00:00,25869.52,25907.53,25826.29,25863.91,1838.85883
2023-09-03 04:00:00,25863.91,25956.24,25863.9,25956.22,2043.30026
2023-09-03 08:00:00,25956.23,25956.3,25877.3,25943.38,2252.14569
2023-09-03 12:00:00,25943.39,26085.01,25807.32,25873.5,3971.46407
2023-09-03 16:00:00,25873.5,26039.99,25800.0,26011.16,4105.96819
2023-09-03 20:00:00,26011.16,26135.0,25927.94,25971.21,3262.73963
2023-09-04 00:00:00,25971.21,26108.02,25877.66,25987.56,2742.29835
2023-09-04 04:00:00,25987.56,26018.12,25912.21,25964.96,2506.15902
2023-09-04 08:00:00,25964.97,26011.24,25865.57,25892.49,3211.69182
2023-09-04 12:00:00,25892.49,25966.8,25717.04,25814.23,5847.53927
2023-09-04 16:00:00,25814.24,25948.15,25810.0,25893.18,2750.22985
2023-09-04 20:00:00,25893.19,25920.0,25631.21,25826.02,4719.67778
2023-09-05 00:00:00,25826.03,25844.48,25562.62,25692.45,3386.10818
2023-09-05 04:00:00,25692.45,25756.72,25678.06,25735.56,2479.9426
2023-09-05 08:00:00,25735.57,25812.09,25654.0,25783.68,3542.48738
2023-09-05 12:00:00,25783.69,25915.49,25625.03,25759.37,6381.87118
2023-09-05 16:00:00,25759.38,25845.0,25683.93,25683.93,3526.88435
2023-09-05 20:00:00,25683.93,25802.73,25675.0,25792.1,2006.09968
2023-09-06 00:00:00,25792.11,25870.51,25773.12,25782.86,2108.7925
2023-09-06 04:00:00,25782.87,25792.25,25723.65,25728.93,2565.45965
2023-09-06 08:00:00,25728.93,25777.2,25715.16,25733.29,2008.48748
2023-09-06 12:00:00,25733.28,25778.0,25540.0,25588.02,5745.79519
2023-09-06 16:00:00,25588.01,26040.0,25372.51,25689.54,11670.04827
2023-09-06 20:00:00,25689.54,25786.51,25655.02,25759.95,3163.94077
2023-09-07 00:00:00,25759.95,25839.5,25724.78,25837.88,1892.99921
2023-09-07 04:00:00,25837.88,25850.0,25745.94,25762.89,1972.57261
2023-09-07 08:00:00,25762.89,25762.9,25691.07,25708.6,2016.54017
2023-09-07 12:00:00,25708.6,25834.52,25615.38,25779.35,4992.81316
2023-09-07 16:00:00,25779.35,25977.75,25773.52,25880.01,5075.15246
2023-09-07 20:00:00,25880.01,26443.14,25858.21,26255.0,11737.41806
2023-09-08 00:00:00,26255.0,26445.5,26198.91,26252.8,4810.99373
2023-09-08 04:00:00,26252.81,26385.0,26190.0,26256.22,3987.88762
2023-09-08 08:00:00,26256.21,26266.93,25647.26,25839.51,8537.78801
2023-09-08 12:00:00,25839.52,25955.0,25795.45,25844.64,4962.39556
2023-09-08 16:00:00,25844.64,25895.63,25719.8,25895.62,4267.45166
2023-09-08 20:00:00,25895.63,25934.36,25850.13,25910.5,2433.24813
2023-09-09 00:00:00,25910.5,25910.5,25850.82,25875.0,1941.95487
2023-09-09 04:00:00,25874.99,25894.21,25836.49,25886.15,1429.45386
2023-09-09 08:00:00,25886.14,25907.75,25849.05,25863.03,1850.2598
2023-09-09 12:00:00,25863.03,25928.66,25796.64,25894.09,2845.92701
2023-09-09 16:00:00,25894.1,25945.09,25845.7,25868.43,1669.62981
2023-09-09 20:00:00,25868.42,25919.5,25857.74,25901.61,1243.39742
2023-09-10 00:00:00,25901.6,25902.68,25825.8,25861.39,1632.63627
2023-09-10 04:00:00,25861.39,25873.96,25750.35,25852.25,2547.77243
2023-09-10 08:00:00,25852.25,25872.11,25795.33,25795.33,1981.33529
2023-09-10 12:00:00,25795.33,25834.82,25712.6,25775.01,2761.76743
2023-09-10 16:00:00,25775.02,25860.0,25570.57,25800.0,4870.21069
2023-09-10 20:00:00,25799.99,26033.66,25771.3,25841.61,4944.54703
2023-09-11 00:00:00,25841.6,25876.73,25652.78,25740.39,2981.1259
2023-09-11 04:00:00,25740.38,25900.69,25720.82,25813.65,2792.04715
2023-09-11 08:00:00,25813.65,25830.95,25577.3,25601.27,6042.88827
2023-09-11 12:00:00,25601.27,25755.09,24951.0,25115.97,18581.63736
2023-09-11 16:00:00,25115.98,25250.49,24990.38,25020.66,7066.27583
2023-09-11 20:00:00,25020.66,25217.0,24901.0,25162.52,4218.34549
2023-09-12 00:00:00,25162.53,25950.0,25131.48,25797.97,9471.3342
2023-09-12 04:00:00,25797.98,25990.0,25612.7,25822.71,10644.05116
2023-09-12 08:00:00,25822.71,26331.38,25735.29,26098.99,12127.23937
2023-09-12 12:00:00,26098.98,26392.0,26033.73,26205.97,9779.83697
2023-09-12 16:00:00,26205.98,26567.0,25882.43,26066.33,10617.06419
2023-09-12 20:00:00,26066.34,26159.11,25790.0,25840.1,3794.85948
2023-09-13 00:00:00,25840.1,25985.91,25764.17,25879.24,4479.57494
2023-09-13 04:00:00,25879.24,26109.94,25850.91,25879.91,4004.23224
2023-09-13 08:00:00,25879.91,26247.79,25866.17,26198.41,5303.36042
2023-09-13 12:00:00,26198.41,26387.76,26016.22,26241.31,8919.40709
2023-09-13 16:00:00,26241.31,26405.22,26055.0,26140.01,6947.90282
2023-09-13 20:00:00,26140.0,26305.46,26140.0,26222.0,1956.35002
2023-09-14 00:00:00,26222.0,26541.77,26126.77,26265.68,7110.56563
2023-09-14 04:00:00,26265.69,26390.1,26163.96,26344.45,3606.44973
2023-09-14 08:00:00,26344.44,26489.5,26270.0,26446.15,4402.22373
2023-09-14 12:00:00,26446.15,26798.5,26342.08,26693.97,14426.13224
2023-09-14 16:00:00,26693.97,26860.49,26546.6,26678.14,5794.82245
2023-09-14 20:00:00,26678.13,26723.64,26473.0,26522.73,2992.97872
2023-09-15 00:00:00,26522.73,26624.52,26448.19,26615.39,2958.71535
2023-09-15 04:00:00,26615.4,26655.84,26550.99,26565.69,2763.44322
2023-09-15 08:00:00,26565.69,26690.0,26375.01,26425.16,4924.84493
2023-09-15 12:00:00,26425.17,26526.99,26224.0,26321.21,6805.88938
2023-09-15 16:00:00,26321.2,26444.45,26315.02,26397.38,2849.35983
2023-09-15 20:00:00,26397.38,26888.0,26373.21,26600.0,5925.04098
2023-09-16 00:00:00,26599.99,26777.0,26571.42,26616.43,3344.48979
2023-09-16 04:00:00,26616.44,26621.36,26467.45,26494.5,2906.09112
2023-09-16 08:00:00,26494.5,26581.98,26445.0,26524.09,2406.5603
2023-09-16 12:00:00,26524.08,26576.38,26481.87,26507.12,2133.43562
2023-09-16 16:00:00,26507.12,26622.22,26496.14,26532.8,2049.68196
2023-09-16 20:00:00,26532.79,26579.99,26507.0,26559.67,1120.67472
2023-09-17 00:00:00,26559.67,26559.68,26416.16,26529.25,2710.33559
2023-09-17 04:00:00,26529.25,26570.0,26490.88,26495.93,1526.00497
2023-09-17 08:00:00,26495.94,26623.25,26493.13,26566.67,2353.14044
2023-09-17 12:00:00,26566.68,26600.0,26525.28,26549.98,2199.71373
2023-09-17 16:00:00,26549.98,26551.0,26464.64,26505.15,1859.40393
2023-09-17 20:00:00,26505.14,26534.09,26399.0,26527.51,2349.50411
2023-09-18 00:00:00,26527.5,26750.0,26377.35,26658.66,5170.61491
2023-09-18 04:00:00,26658.66,26800.0,26567.09,26710.67,2963.99415
2023-09-18 08:00:00,26710.67,27240.0,26684.02,27196.98,10966.96512
2023-09-18 12:00:00,27196.98,27409.0,27130.0,27269.42,10343.13705
2023-09-18 16:00:00,27269.43,27310.0,26631.0,26814.79,10706.60074
2023-09-18 20:00:00,26814.78,26881.45,26728.0,26762.51,2849.12059
2023-09-19 00:00:00,26762.5,26840.67,26667.79,26818.42,3113.83028
2023-09-19 04:00:00,26818.41,26874.73,26750.88,26847.21,2439.90451
2023-09-19 08:00:00,26847.21,27466.0,26847.21,27237.56,9626.79138
2023-09-19 12:00:00,27237.57,27480.0,26881.37,27422.24,11536.82998
2023-09-19 16:00:00,27422.24,27483.57,27069.9,27185.44,6638.06144
2023-09-19 20:00:00,27185.43,27222.81,26990.01,27210.26,2835.10428
2023-09-20 00:00:00,27210.25,27388.63,27085.0,27119.48,4518.58217
2023-09-20 04:00:00,27119.48,27159.91,26936.79,27105.62,4997.15729
2023-09-20 08:00:00,27105.61,27197.66,26950.0,27098.08,5250.00781
2023-09-20 12:00:00,27098.07,27237.87,26997.94,27180.63,6236.27587
2023-09-20 16:00:00,27180.62,27300.0,26800.0,26930.61,8978.6126
2023-09-20 20:00:00,26930.62,27241.31,26921.7,27125.0,4226.58293
2023-09-21 00:00:00,27125.01,27159.6,26936.66,27035.0,3714.08467
2023-09-21 04:00:00,27034.99,27103.17,26979.92,26990.11,2893.95429
2023-09-21 08:00:00,26990.11,27017.0,26618.9,26730.78,8251.18162
2023-09-21 12:00:00,26730.77,26776.98,26377.7,26584.02,13026.53324
2023-09-21 16:00:00,26584.01,26696.6,26545.82,26599.95,4279.24653
2023-09-21 20:00:00,26599.95,26621.57,26497.94,26568.08,2311.82627
2023-09-22 00:00:00,26568.08,26670.13,26468.77,26627.77,3453.40638
2023-09-22 04:00:00,26627.77,26705.46,26573.93,26674.8,2976.05949
2023-09-22 08:00:00,26674.8,26743.38,26590.0,26640.26,3120.40678
2023-09-22 12:00:00,26640.26,26698.29,26556.6,26631.01,3906.70541
2023-09-22 16:00:00,26631.01,26644.98,26531.01,26540.1,2659.9022
2023-09-22 20:00:00,26540.1,26597.96,26488.0,26580.14,2081.74894
2023-09-23 00:00:00,26580.14,26614.98,26524.59,26532.2,1739.54774
2023-09-23 04:00:00,26532.21,26586.75,26509.0,26585.31,1797.98817
2023-09-23 08:00:00,26585.32,26594.78,26554.49,26575.21,1236.67479
2023-09-23 12:00:00,26575.21,26588.5,26546.2,26581.55,2014.77977
2023-09-23 16:00:00,26581.55,26632.81,26559.83,26610.09,1599.62309
2023-09-23 20:00:00,26610.09,26612.61,26558.07,26575.96,1052.08904
2023-09-24 00:00:00,26575.97,26590.01,26558.85,26570.93,877.32467
2023-09-24 04:00:00,26570.93,26573.7,26549.31,26563.44,1568.51411
2023-09-24 08:00:00,26563.43,26611.8,26563.43,26596.71,1426.11493
2023-09-24 12:00:00,26596.71,26628.8,26563.8,26578.06,1682.81945
2023-09-24 16:00:00,26578.06,26738.54,26335.81,26449.17,6185.41964
2023-09-24 20:00:00,26449.18,26521.67,26122.08,26248.38,3966.46491
2023-09-25 00:00:00,26248.39,26343.1,26000.0,26157.45,6213.18391
2023-09-25 04:00:00,26157.44,26195.44,26040.12,26189.21,3167.49454
2023-09-25 08:00:00,26189.21,26233.43,26020.01,26075.41,3525.81677
2023-09-25 12:00:00,26075.4,26300.0,25990.46,26243.72,5448.76058
2023-09-25 16:00:00,26243.73,26425.63,26222.32,26331.83,5674.61846
2023-09-25 20:00:00,26331.84,26446.15,26263.83,26304.81,2236.32964
2023-09-26 00:00:00,26304.8,26397.46,26234.37,26353.87,2622.22978
2023-09-26 04:00:00,26353.87,26363.84,26253.64,26272.01,1936.44889
2023-09-26 08:00:00,26272.0,26334.75,26188.26,26273.83,3123.5531
2023-09-26 12:00:00,26273.82,26306.39,26088.34,26126.66,4953.27044
2023-09-26 16:00:00,26126.66,26295.99,26115.0,26247.7,3410.21082
2023-09-26 20:00:00,26247.7,26288.68,26100.0,26221.67,2449.63763
2023-09-27 00:00:00,26221.68,26289.5,26202.96,26278.04,1904.53237
2023-09-27 04:00:00,26278.03,26289.0,26231.74,26246.34,1738.93762
2023-09-27 08:00:00,26246.35,26848.07,26223.72,26766.7,10440.3616
2023-09-27 12:00:00,26766.69,26850.0,26169.38,26304.42,13541.28007
2023-09-27 16:00:00,26304.42,26313.79,26112.06,26267.8,4419.72965
2023-09-27 20:00:00,26267.81,26385.0,26226.91,26372.99,2726.73847
2023-09-28 00:00:00,26373.0,26557.75,26342.4,26379.15,4434.7586
2023-09-28 04:00:00,26379.15,26513.46,26347.17,26459.99,3685.9607
2023-09-28 08:00:00,26459.99,26623.84,26389.29,26476.93,4838.50281
2023-09-28 12:00:00,26476.93,27064.0,26460.0,27020.0,13494.26165
2023-09-28 16:00:00,27019.99,27308.48,26848.71,27100.0,14201.72571
2023-09-28 20:00:00,27100.0,27166.42,26895.0,27021.39,3862.62544
2023-09-29 00:00:00,27021.39,27134.16,26859.7,26957.99,4943.53529
2023-09-29 04:00:00,26958.0,27244.89,26895.94,27179.98,4950.61601
2023-09-29 08:00:00,27179.99,27179.99,26963.7,26970.78,3627.86592
2023-09-29 12:00:00,26970.78,27149.05,26665.16,26888.57,9460.87808
2023-09-29 16:00:00,26888.57,26954.09,26750.0,26926.52,3506.19154
2023-09-29 20:00:00,26926.53,26984.99,26866.13,26906.96,1989.67535
2023-09-30 00:00:00,26906.96,26946.98,26886.31,26915.3,1275.44354
2023-09-30 04:00:00,26915.3,26958.04,26911.51,26931.75,1683.47171
2023-09-30 08:00:00,26931.76,26997.0,26923.18,26936.02,2013.51121
2023-09-30 12:00:00,26936.02,27094.99,26903.01,26996.29,3558.71394
2023-09-30 16:00:00,26996.29,27043.61,26970.72,27020.7,2382.42914
2023-09-30 20:00:00,27020.7,27081.78,26946.73,26962.56,1891.05353
2023-10-01 00:00:00,26962.57,27048.0,26954.09,27044.76,1349.47617
2023-10-01 04:00:00,27044.77,27158.59,27020.9,27107.95,2655.15215
2023-10-01 08:00:00,27107.94,27289.08,27086.74,27187.71,3969.23722
2023-10-01 12:00:00,27187.71,27229.29,27083.24,27153.18,3029.81327
2023-10-01 16:00:00,27153.17,27155.0,27035.78,27103.02,2119.78834
2023-10-01 20:00:00,27103.02,28065.51,27033.1,27992.57,11479.34753
2023-10-02 00:00:00,27992.58,28210.0,27826.65,28126.54,8265.67461
2023-10-02 04:00:00,28126.54,28430.0,27910.95,28311.91,8806.14392
2023-10-02 08:00:00,28311.91,28484.28,28187.69,28198.04,9240.50392
2023-10-02 12:00:00,28198.05,28580.0,27983.0,28026.31,11992.24274
2023-10-02 16:00:00,28026.3,28123.39,27631.41,27964.99,9935.03954
2023-10-02 20:00:00,27965.0,27965.94,27281.44,27494.51,8831.53768
2023-10-03 00:00:00,27494.51,27640.0,27381.48,27601.55,5450.72832
2023-10-03 04:00:00,27601.54,27676.52,27521.43,27540.64,3052.3436
2023-10-03 08:00:00,27540.65,27642.83,27475.0,27559.99,3884.9952
2023-10-03 12:00:00,27560.0,27579.7,27234.55,27345.0,8008.49633
2023-10-03 16:00:00,27345.0,27486.2,27250.0,27275.0,4195.05272
2023-10-03 20:00:00,27275.0,27469.65,27160.5,27426.46,4337.34938
2023-10-04 00:00:00,27426.45,27510.29,27202.0,27430.43,6836.89213
2023-10-04 04:00:00,27430.43,27454.98,27350.75,27453.78,2257.47331
2023-10-04 08:00:00,27453.77,27643.09,27434.1,27572.43,4588.85168
2023-10-04 12:00:00,27572.43,27633.42,27329.85,27404.22,5939.67141
2023-10-04 16:00:00,27404.21,27839.72,27400.94,27618.1,6502.51104
2023-10-04 20:00:00,27618.1,27831.51,27564.71,27778.57,3690.74243
2023-10-05 00:00:00,27778.57,27896.07,27650.01,27651.73,3136.44638
2023-10-05 04:00:00,27651.73,27702.2,27550.77,27607.98,2665.09726
2023-10-05 08:00:00,27607.98,27774.55,27593.23,27725.68,2893.52044
2023-10-05 12:00:00,27725.68,28120.39,27403.59,27555.0,13145.99675
2023-10-05 16:00:00,27555.0,27617.57,27352.0,27471.28,6407.84463
2023-10-05 20:00:00,27471.28,27509.45,27388.0,27410.39,2432.59073
2023-10-06 00:00:00,27410.39,27590.0,27389.99,27559.2,3193.26664
2023-10-06 04:00:00,27559.2,27651.0,27464.48,27638.52,3024.13516
2023-10-06 08:00:00,27638.51,27801.0,27588.53,27760.0,5204.72994
2023-10-06 12:00:00,27760.0,28044.86,27175.94,27941.12,14574.01071
2023-10-06 16:00:00,27941.12,28038.0,27789.14,27952.36,7070.26306
2023-10-06 20:00:00,27952.35,28295.0,27877.6,27931.09,4916.83726
2023-10-07 00:00:00,27931.1,27955.9,27842.08,27900.41,2783.26342
2023-10-07 04:00:00,27900.41,27944.84,27875.0,27890.8,1744.73112
2023-10-07 08:00:00,27890.79,28029.67,27880.01,27942.12,2905.54923
2023-10-07 12:00:00,27942.12,27986.27,27895.28,27939.8,1884.78495
2023-10-07 16:00:00,27939.8,27964.2,27850.0,27865.48,2398.58265
2023-10-07 20:00:00,27865.49,27959.75,27856.66,27956.67,1631.92688
2023-10-08 00:00:00,27956.67,28095.14,27943.9,28064.87,3093.52502
2023-10-08 04:00:00,28064.87,28076.04,27878.06,27905.61,4667.47017
2023-10-08 08:00:00,27905.61,27937.5,27775.0,27811.63,3177.47074
2023-10-08 12:00:00,27811.63,27999.72,27687.5,27892.74,3957.49167
2023-10-08 16:00:00,27892.74,27948.68,27807.82,27894.99,2423.88211
2023-10-08 20:00:00,27894.99,27980.0,27800.0,27917.05,2373.7295
2023-10-09 00:00:00,27917.06,27987.93,27796.53,27921.73,2583.18056
2023-10-09 04:00:00,27921.72,27944.0,27808.4,27813.27,2493.15029
2023-10-09 08:00:00,27813.27,27842.03,27412.21,27468.92,9638.88315
2023-10-09 12:00:00,27468.91,27578.81,27374.73,27443.31,6434.2211
2023-10-09 16:00:00,27443.32,27750.03,27260.0,27616.66,8727.0625
2023-10-09 20:00:00,27616.66,27653.27,27556.2,27590.12,1658.24879
2023-10-10 00:00:00,27590.12,27697.56,27492.6,27632.32,2606.13865
2023-10-10 04:00:00,27632.32,27706.34,27579.87,27651.45,2137.06344
2023-10-10 08:00:00,27651.46,27735.0,27500.0,27508.87,3351.41272
2023-10-10 12:00:00,27508.86,27630.0,27338.87,27408.01,7509.23729
2023-10-10 16:00:00,27408.01,27511.96,27298.0,27397.3,5069.48339
2023-10-10 20:00:00,27397.31,27470.01,27322.69,27390.12,2103.50834
2023-10-11 00:00:00,27390.12,27477.39,27011.01,27016.05,6378.12491
2023-10-11 04:00:00,27016.04,27143.91,26964.89,27021.95,4779.75697
2023-10-11 08:00:00,27021.95,27332.0,27017.0,27196.26,4863.81154
2023-10-11 12:00:00,27196.26,27262.45,26727.56,26779.46,8800.53993
2023-10-11 16:00:00,26779.45,26795.63,26538.66,26763.2,9821.60446
2023-10-11 20:00:00,26763.19,26885.41,26680.0,26875.52,2705.60925
2023-10-12 00:00:00,26875.52,26947.04,26735.83,26847.07,4058.09199
2023-10-12 04:00:00,26847.07,26920.81,26783.14,26810.66,2775.84887
2023-10-12 08:00:00,26810.66,26867.14,26655.6,26837.84,5012.39582
2023-10-12 12:00:00,26837.84,26862.74,26621.76,26675.0,4568.56033
2023-10-12 16:00:00,26674.99,26804.99,26555.0,26712.9,4951.99519
2023-10-12 20:00:00,26712.91,26775.0,26706.44,26759.63,2061.74892
2023-10-13 00:00:00,26759.63,26876.06,26750.0,26781.69,2278.52858
2023-10-13 04:00:00,26781.69,26943.0,26773.84,26875.0,2673.92674
2023-10-13 08:00:00,26874.99,26903.94,26737.4,26820.92,3719.69143
2023-10-13 12:00:00,26820.91,26966.85,26685.96,26706.83,5169.59481
2023-10-13 16:00:00,26706.83,26807.1,26685.0,26778.57,3064.36424
2023-10-13 20:00:00,26778.57,27130.0,26747.24,26862.0,7209.65919
2023-10-14 00:00:00,26862.0,26989.58,26845.0,26930.78,2165.1795
2023-10-14 04:00:00,26930.77,26939.35,26841.76,26868.8,2702.47424
2023-10-14 08:00:00,26868.8,26900.0,26847.87,26872.35,1215.45022
2023-10-14 12:00:00,26872.35,26943.39,26850.44,26942.56,1523.17658
2023-10-14 16:00:00,26942.56,26953.18,26850.0,26864.29,1640.26284
2023-10-14 20:00:00,26864.29,26883.57,26789.0,26852.48,1170.71238
2023-10-15 00:00:00,26852.48,26916.77,26815.76,26880.46,1322.5614
2023-10-15 04:00:00,26880.46,26889.22,26871.86,26882.52,757.14626
2023-10-15 08:00:00,26882.51,26919.0,26843.79,26852.47,1287.85693
2023-10-15 12:00:00,26852.48,26965.28,26808.25,26898.87,2674.18648
2023-10-15 16:00:00,26898.87,27081.0,26893.41,27043.75,2777.70323
2023-10-15 20:00:00,27043.75,27293.33,27015.0,27154.15,6455.2374
2023-10-16 00:00:00,27154.14,27285.91,27112.66,27235.92,4516.03559
2023-10-16 04:00:00,27235.92,27980.0,27193.98,27849.06,14546.31979
2023-10-16 08:00:00,27849.05,27902.99,27641.72,27749.6,5907.32864
2023-10-16 12:00:00,27749.61,30000.0,27709.04,28064.16,36786.47368
2023-10-16 16:00:00,28064.16,28808.51,28064.16,28468.85,11103.90409
2023-10-16 20:00:00,28468.86,28643.0,28230.37,28500.78,5539.16266
2023-10-17 00:00:00,28500.77,28549.34,28231.01,28269.99,6029.14123
2023-10-17 04:00:00,28270.0,28475.82,28069.32,28430.63,7626.94163
2023-10-17 08:00:00,28430.62,28609.38,28350.11,28422.63,5901.16695
2023-10-17 12:00:00,28422.63,28580.34,28135.35,28461.72,9714.28566
2023-10-17 16:00:00,28461.72,28613.65,28306.42,28516.47,5911.15044
2023-10-17 20:00:00,28516.47,28556.56,28373.33,28395.91,3245.75941
2023-10-18 00:00:00,28395.91,28514.66,28320.29,28514.42,2906.41295
2023-10-18 04:00:00,28514.43,28982.36,28441.71,28494.55,9157.86875
2023-10-18 08:00:00,28494.55,28599.0,28236.41,28340.64,5054.62129
2023-10-18 12:00:00,28340.65,28405.29,28142.87,28247.45,6975.16584
2023-10-18 16:00:00,28247.46,28437.41,28230.2,28245.62,5434.84346
2023-10-18 20:00:00,28245.63,28374.27,28190.81,28320.0,2633.56362
2023-10-19 00:00:00,28320.0,28418.0,28100.66,28260.0,5118.8446
2023-10-19 04:00:00,28260.0,28349.39,28230.0,28330.82,3083.94309
2023-10-19 08:00:00,28330.82,28514.21,28280.96,28450.69,5223.26623
2023-10-19 12:00:00,28450.7,28814.14,28420.0,28680.09,10201.17617
2023-10-19 16:00:00,28680.09,28916.89,28457.56,28750.75,8031.46796
2023-10-19 20:00:00,28750.75,28882.07,28598.6,28713.71,4236.80374
2023-10-20 00:00:00,28713.71,29400.0,28578.29,29235.38,9163.6178
2023-10-20 04:00:00,29235.37,29400.0,29111.28,29240.51,9839.47459
2023-10-20 08:00:00,29240.52,30207.55,29227.75,29839.99,19249.91571
2023-10-20 12:00:00,29839.99,29910.0,29380.0,29550.98,12314.89184
2023-10-20 16:00:00,29550.98,29592.71,29321.0,29561.41,5075.99041
2023-10-20 20:00:00,29561.4,29790.59,29513.5,29669.04,3778.20885
2023-10-21 00:00:00,29669.05,29699.68,29464.77,29604.43,2997.17987
2023-10-21 04:00:00,29604.42,29730.88,29541.86,29695.8,2576.21292
2023-10-21 08:00:00,29695.8,29878.83,29634.56,29804.99,4484.08264
2023-10-21 12:00:00,29804.99,29980.0,29678.69,29937.36,5565.77149
2023-10-21 16:00:00,29937.37,30379.99,29846.0,30145.04,8767.01436
2023-10-21 20:00:00,30145.03,30158.2,29850.0,29909.8,3127.25769
2023-10-22 00:00:00,29909.8,30075.0,29843.2,29907.38,3204.67567
2023-10-22 04:00:00,29907.38,30248.0,29640.0,29816.26,7070.12608
2023-10-22 08:00:00,29816.27,29991.05,29780.11,29909.67,3326.38573
2023-10-22 12:00:00,29909.66,29974.46,29781.0,29825.6,3134.79556
2023-10-22 16:00:00,29825.61,29946.77,29805.13,29842.75,2320.10659
2023-10-22 20:00:00,29842.75,30051.79,29714.28,29992.46,3796.456
2023-10-23 00:00:00,29992.46,30799.0,29883.6,30736.69,12607.00915
2023-10-23 04:00:00,30736.68,30985.12,30426.82,30518.02,11075.97196
2023-10-23 08:00:00,30518.02,30784.54,30355.06,30657.04,7640.53796
2023-10-23 12:00:00,30657.04,30970.0,30395.01,30883.33,8833.86153
2023-10-23 16:00:00,30883.33,31440.06,30777.0,31354.42,19477.08264
2023-10-23 20:00:00,31354.42,34741.91,31318.88,33069.99,33879.17922
2023-10-24 00:00:00,33069.99,35280.0,32832.34,34061.6,34138.22019
2023-10-24 04:00:00,34061.59,34594.56,33706.32,33999.98,18126.45664
2023-10-24 08:00:00,33999.98,34876.4,33948.97,34542.91,16414.89876
2023-10-24 12:00:00,34542.9,34835.74,33200.0,33668.9,23998.26959
2023-10-24 16:00:00,33668.89,34386.12,33380.01,33796.5,13340.86259
2023-10-24 20:00:00,33796.5,34250.0,33485.1,33922.73,9246.31641
2023-10-25 00:00:00,33922.73,34399.82,33773.74,33999.39,7966.44126
2023-10-25 04:00:00,33999.39,34204.78,33679.05,33857.53,6800.4179
2023-10-25 08:00:00,33857.53,34446.42,33783.0,34199.2,7981.4462
2023-10-25 12:00:00,34199.2,35000.0,34199.19,34839.8,14860.99739
2023-10-25 16:00:00,34839.8,35132.85,34380.85,34738.54,10912.04662
2023-10-25 20:00:00,34738.54,34850.23,34250.0,34496.05,6365.67592
2023-10-26 00:00:00,34496.05,34824.13,34421.98,34793.29,4707.32825
2023-10-26 04:00:00,34793.29,34810.0,34410.02,34647.34,6314.66045
2023-10-26 08:00:00,34647.35,34745.86,33960.39,34102.66,9246.8653
2023-10-26 12:00:00,34102.66,34370.0,33862.0,34044.43,10140.67337
2023-10-26 16:00:00,34044.44,34123.6,33751.0,34044.02,6049.7206
2023-10-26 20:00:00,34044.02,34278.0,34023.74,34151.66,3285.41458
2023-10-27 00:00:00,34151.66,34171.28,33780.0,34117.08,4153.96403
2023-10-27 04:00:00,34117.09,34245.0,33921.84,33942.0,4632.17928
2023-10-27 08:00:00,33941.99,34177.0,33935.59,34047.01,4103.34074
2023-10-27 12:00:00,34047.0,34195.21,33820.48,33999.48,8705.71
2023-10-27 16:00:00,33999.48,34033.48,33390.95,33698.54,7648.42293
2023-10-27 20:00:00,33698.54,33941.11,33679.44,33892.02,3086.78408
2023-10-28 00:00:00,33892.01,34146.0,33860.0,34060.0,2335.65739
2023-10-28 04:00:00,34059.99,34185.0,34019.33,34044.99,2291.45877
2023-10-28 08:00:00,34045.0,34493.33,34031.26,34175.84,4892.05545
2023-10-28 12:00:00,34175.85,34239.7,33907.79,34192.98,3899.8391
2023-10-28 16:00:00,34192.97,34219.58,34077.0,34112.07,2130.66221
2023-10-28 20:00:00,34112.07,34190.0,34060.78,34081.0,1330.45852
2023-10-29 00:00:00,34081.01,34099.62,33952.0,33970.87,2004.83179
2023-10-29 04:00:00,33970.87,34136.28,33930.0,34076.61,1406.72939
2023-10-29 08:00:00,34076.6,34321.89,34074.44,34253.81,2878.54864
2023-10-29 12:00:00,34253.81,34559.22,34253.8,34449.99,5341.38473
2023-10-29 16:00:00,34449.99,34750.11,34372.0,34561.97,5585.25816
2023-10-29 20:00:00,34561.97,34720.0,34400.61,34525.89,3468.76905
2023-10-30 00:00:00,34525.88,34570.51,34181.47,34270.42,4239.81737
2023-10-30 04:00:00,34270.42,34348.55,34114.74,34193.46,3937.4944
2023-10-30 08:00:00,34193.46,34679.81,34161.1,34608.51,6064.00017
2023-10-30 12:00:00,34608.51,34856.0,34470.0,34656.32,8870.13568
2023-10-30 16:00:00,34656.33,34656.33,34062.84,34432.11,7331.80509
2023-10-30 20:00:00,34432.12,34569.68,34320.0,34474.73,3214.70705
2023-10-31 00:00:00,34474.74,34600.0,34202.33,34209.33,5051.31409
2023-10-31 04:00:00,34209.32,34352.25,34082.89,34145.21,5057.82579
2023-10-31 08:00:00,34145.22,34535.75,34025.0,34488.27,5689.4344
2023-10-31 12:00:00,34488.26,34514.0,34130.0,34272.19,6831.14765
2023-10-31 16:00:00,34272.19,34588.0,34223.26,34540.3,4824.38383
2023-10-31 20:00:00,34540.3,34720.49,34430.0,34639.77,5283.79246
2023-11-01 00:00:00,34639.78,34668.05,34400.0,34418.4,3748.08595
2023-11-01 04:00:00,34418.39,34498.57,34316.0,34451.28,3216.51258
2023-11-01 08:00:00,34451.28,34493.48,34345.0,34424.07,3350.79713
2023-11-01 12:00:00,34424.07,35200.0,34097.39,34291.94,18986.89718
2023-11-01 16:00:00,34291.94,34738.07,34280.02,34557.67,9620.10712
2023-11-01 20:00:00,34557.67,35582.0,34540.0,35421.43,14550.88169
2023-11-02 00:00:00,35421.43,35984.99,35362.0,35571.68,9449.66438
2023-11-02 04:00:00,35571.68,35600.0,35063.25,35279.85,6885.55379
2023-11-02 08:00:00,35279.86,35478.02,35095.0,35373.56,5508.48405
2023-11-02 12:00:00,35373.56,35457.96,34537.99,34640.01,12490.69697
2023-11-02 16:00:00,34640.01,35017.42,34300.0,35000.01,8717.23406
2023-11-02 20:00:00,35000.0,35097.19,34706.51,34941.59,4963.94407
2023-11-03 00:00:00,34941.58,34946.5,34366.7,34681.92,6231.00684
2023-11-03 04:00:00,34681.91,34696.4,34310.0,34464.97,5176.71251
2023-11-03 08:00:00,34464.98,34626.12,34120.0,34252.4,9096.58315
2023-11-03 12:00:00,34252.39,34848.79,34150.68,34763.71,8827.89146
2023-11-03 16:00:00,34763.71,34822.15,34323.37,34530.71,6448.30059
2023-11-03 20:00:00,34530.71,34740.0,34485.65,34716.78,3290.71189
2023-11-04 00:00:00,34716.78,34786.68,34632.47,34708.9,2289.85455
2023-11-04 04:00:00,34708.91,35000.0,34585.18,34767.99,4121.79956
2023-11-04 08:00:00,34767.99,34884.93,34680.13,34712.37,2852.30152
2023-11-04 12:00:00,34712.37,34803.97,34644.0,34709.91,2652.63136
2023-11-04 16:00:00,34709.91,34795.46,34692.52,34730.73,1532.96881
2023-11-04 20:00:00,34730.74,35255.0,34708.54,35062.07,4927.99965
2023-11-05 00:00:00,35062.06,35300.0,34935.0,35277.01,3702.56606
2023-11-05 04:00:00,35277.02,35305.75,35043.92,35162.46,3529.75253
2023-11-05 08:00:00,35162.46,35188.68,35000.2,35085.98,3592.01797
2023-11-05 12:00:00,35085.97,35172.2,34757.47,34882.92,4242.30621
2023-11-05 16:00:00,34882.92,35278.54,34867.14,34988.21,3621.09621
2023-11-05 20:00:00,34988.2,35380.0,34448.0,35011.88,5840.99478
2023-11-06 00:00:00,35011.89,35118.71,34830.0,34978.38,3649.8404
2023-11-06 04:00:00,34978.38,35024.99,34725.9,34904.72,3041.02859
2023-11-06 08:00:00,34904.72,35276.33,34827.01,35232.45,4297.55628
2023-11-06 12:00:00,35232.45,35250.0,34902.06,35080.95,5415.59252
2023-11-06 16:00:00,35080.95,35111.1,34810.64,35054.68,3397.16247
2023-11-06 20:00:00,35054.67,35150.0,34892.03,35046.09,2545.2906
2023-11-07 00:00:00,35046.09,35053.41,34790.64,34919.01,3383.15291
2023-11-07 04:00:00,34919.01,34971.77,34822.36,34937.71,2463.23402
2023-11-07 08:00:00,34937.71,34975.9,34551.0,34627.83,5977.50833
2023-11-07 12:00:00,34627.83,34840.88,34523.06,34721.23,5012.74142
2023-11-07 16:00:00,34721.23,35579.7,34560.0,35453.98,12011.04393
2023-11-07 20:00:00,35453.98,35888.0,35200.18,35399.12,9841.05631
2023-11-08 00:00:00,35399.13,35419.29,35231.08,35269.68,2888.44478
2023-11-08 04:00:00,35269.69,35361.7,35167.78,35226.4,2664.83548
2023-11-08 08:00:00,35226.39,35437.09,35185.95,35330.79,4576.58915
2023-11-08 12:00:00,35330.8,35469.29,35100.0,35225.68,4799.53965
2023-11-08 16:00:00,35225.67,35768.84,35185.0,35621.99,6363.85633
2023-11-08 20:00:00,35622.0,36106.0,35390.0,35624.72,12108.07598
2023-11-09 00:00:00,35624.72,36550.0,35534.05,36438.37,11800.31687
2023-11-09 04:00:00,36438.38,36863.91,36415.01,36533.04,9881.69266
2023-11-09 08:00:00,36533.05,36990.0,36530.0,36805.71,7641.34765
2023-11-09 12:00:00,36805.71,37972.24,36759.0,37084.02,25282.63532
2023-11-09 16:00:00,37084.03,37211.1,35600.0,36382.2,20436.92683
2023-11-09 20:00:00,36382.21,36784.57,36139.57,36701.09,7494.96952
2023-11-10 00:00:00,36701.1,36919.06,36446.2,36733.27,5576.15963
2023-11-10 04:00:00,36733.27,36807.69,36427.61,36439.98,6598.97934
2023-11-10 08:00:00,36439.98,37147.2,36324.71,37071.09,7391.3202
2023-11-10 12:00:00,37071.1,37260.19,36822.0,37082.14,9124.64217
2023-11-10 16:00:00,37082.13,37455.0,37080.0,37225.96,9459.37419
2023-11-10 20:00:00,37225.96,37526.0,37070.19,37301.63,5263.57345
2023-11-11 00:00:00,37301.63,37408.26,36900.1,37039.97,5167.05914
2023-11-11 04:00:00,37039.97,37134.85,36920.73,37006.4,3675.17773
2023-11-11 08:00:00,37006.4,37056.25,36910.0,36988.52,2618.7763
2023-11-11 12:00:00,36988.51,37274.3,36951.1,37050.77,4126.50062
2023-11-11 16:00:00,37050.78,37175.0,37030.2,37148.79,3185.90598
2023-11-11 20:00:00,37148.79,37155.0,36666.93,37130.0,4211.55258
2023-11-12 00:00:00,37129.99,37180.0,36731.1,36988.77,3440.45414
2023-11-12 04:00:00,36988.76,37171.1,36913.28,37127.95,2922.37844
2023-11-12 08:00:00,37127.95,37132.36,37026.69,37055.5,2825.04469
2023-11-12 12:00:00,37055.49,37222.22,36931.1,37152.11,3875.65107
2023-11-12 16:00:00,37152.1,37200.0,37051.95,37105.01,2221.61782
2023-11-12 20:00:00,37105.0,37202.09,36938.23,37064.13,2402.04258
2023-11-13 00:00:00,37064.13,37417.99,36852.11,36914.01,5822.70718
2023-11-13 04:00:00,36914.01,37044.88,36755.0,36960.29,3900.97629
2023-11-13 08:00:00,36960.28,37050.0,36692.58,36810.02,4369.7462
2023-11-13 12:00:00,36810.02,36945.89,36534.04,36841.91,7276.03185
2023-11-13 16:00:00,36841.9,37031.45,36601.0,36844.98,4846.32949
2023-11-13 20:00:00,36844.98,36875.0,36333.0,36462.93,6582.39151
2023-11-14 00:00:00,36462.93,36490.22,36190.17,36448.07,4651.02522
2023-11-14 04:00:00,36448.08,36714.11,36381.1,36683.86,2922.79831
2023-11-14 08:00:00,36683.86,36744.0,36236.36,36259.18,5833.01448
2023-11-14 12:00:00,36259.17,36693.01,35889.0,36147.09,10629.71435
2023-11-14 16:00:00,36147.09,36417.23,34800.0,35293.99,15656.19522
2023-11-14 20:00:00,35294.0,35673.14,35214.39,35551.19,5810.93658
2023-11-15 00:00:00,35551.2,35665.45,35360.0,35381.99,5203.09563
2023-11-15 04:00:00,35382.0,35661.04,35375.38,35576.88,3200.65003
2023-11-15 08:00:00,35576.88,36278.62,35576.88,36240.94,7279.36097
2023-11-15 12:00:00,36240.95,36416.51,36002.35,36402.42,7663.06886
2023-11-15 16:00:00,36402.43,37774.14,36254.0,37499.99,19742.8556
2023-11-15 20:00:00,37499.99,37980.0,37306.49,37858.2,10480.10276
2023-11-16 00:00:00,37858.2,37929.54,37337.57,37454.98,5899.68672
2023-11-16 04:00:00,37454.99,37621.1,37307.55,37437.25,3745.59295
2023-11-16 08:00:00,37437.25,37544.0,37121.09,37247.48,5941.88084
2023-11-16 12:00:00,37247.49,37319.99,36256.15,36406.0,12973.96687
2023-11-16 16:00:00,36406.0,36642.31,35500.0,35921.01,11093.12179
2023-11-16 20:00:00,35921.01,36273.32,35666.0,36163.51,7836.14649
2023-11-17 00:00:00,36163.51,36673.69,36101.44,36483.99,5583.82188
2023-11-17 04:00:00,36484.0,36521.44,36145.55,36239.76,5666.70131
2023-11-17 08:00:00,36239.76,36464.0,36121.0,36372.83,4890.8811
2023-11-17 12:00:00,36372.82,36620.0,35861.1,36044.8,8673.98523
2023-11-17 16:00:00,36044.79,36800.0,35909.17,36322.4,9576.6353
2023-11-17 20:00:00,36322.4,36723.59,36308.0,36613.92,3891.5863
2023-11-18 00:00:00,36613.91,36613.92,36360.22,36371.81,2299.53542
2023-11-18 04:00:00,36371.8,36428.0,36178.58,36417.16,2814.36769
2023-11-18 08:00:00,36417.15,36538.61,36375.28,36402.8,2149.96659
2023-11-18 12:00:00,36402.79,36682.2,36347.69,36664.16,3645.00442
2023-11-18 16:00:00,36664.17,36845.49,36600.1,36679.1,3784.84081
2023-11-18 20:00:00,36679.09,36707.16,36443.1,36568.1,2408.52693
2023-11-19 00:00:00,36568.11,36573.44,36388.27,36521.11,2116.93728
2023-11-19 04:00:00,36521.11,36669.0,36489.02,36611.5,2050.36405
2023-11-19 08:00:00,36611.49,36716.0,36384.02,36453.62,2580.92549
2023-11-19 12:00:00,36453.63,36570.0,36385.7,36568.27,2681.83136
2023-11-19 16:00:00,36568.27,36986.44,36511.11,36948.97,4671.72416
2023-11-19 20:00:00,36948.97,37500.0,36800.0,37359.86,7144.56414
2023-11-20 00:00:00,37359.85,37382.68,37038.3,37114.34,4380.59501
2023-11-20 04:00:00,37114.34,37257.08,37040.17,37244.47,2513.17118
2023-11-20 08:00:00,37244.47,37420.0,37061.1,37147.5,5201.70628
2023-11-20 12:00:00,37147.51,37493.2,36677.0,37461.61,8457.57894
2023-11-20 16:00:00,37461.62,37750.0,36812.13,37569.23,11506.10421
2023-11-20 20:00:00,37569.23,37605.76,37271.1,37448.78,3963.54729
2023-11-21 00:00:00,37448.79,37649.44,37304.72,37464.86,3770.22936
2023-11-21 04:00:00,37464.86,37480.17,37241.25,37279.91,2518.10147
2023-11-21 08:00:00,37279.91,37418.0,37150.0,37174.97,2879.73137
2023-11-21 12:00:00,37174.97,37229.97,36250.0,36975.04,15562.92218
2023-11-21 16:00:00,36975.03,37500.0,36580.0,36980.0,11546.8478
2023-11-21 20:00:00,36979.99,37170.0,35735.0,35741.65,11368.71586
2023-11-22 00:00:00,35741.65,36380.0,35632.01,36380.0,8021.60838
2023-11-22 04:00:00,36379.99,36558.87,36325.44,36439.81,4670.23906
2023-11-22 08:00:00,36439.8,36773.53,36391.03,36463.93,4677.7764
2023-11-22 12:00:00,36463.94,36650.0,36239.2,36481.14,6621.28988
2023-11-22 16:00:00,36481.15,37431.21,36372.58,37289.98,10097.37881
2023-11-22 20:00:00,37289.98,37861.1,37214.81,37408.34,10963.01444
2023-11-23 00:00:00,37408.35,37535.1,37240.0,37299.69,4156.03807
2023-11-23 04:00:00,37299.7,37411.59,37267.07,37369.21,2658.47303
2023-11-23 08:00:00,37369.22,37653.44,37159.95,37370.0,5573.62407
2023-11-23 12:00:00,37370.0,37530.0,36870.0,36951.34,5765.71549
2023-11-23 16:00:00,36951.34,37350.0,36917.0,37281.42,3452.87271
2023-11-23 20:00:00,37281.42,37385.0,37203.65,37294.28,2221.20545
2023-11-24 00:00:00,37294.27,37494.57,37251.51,37315.65,2460.68333
2023-11-24 04:00:00,37315.64,37567.99,37300.39,37522.99,2717.47733
2023-11-24 08:00:00,37522.99,38035.46,37423.9,37741.99,11102.76664
2023-11-24 12:00:00,37741.99,38414.0,37600.0,38221.11,13063.06947
2023-11-24 16:00:00,38221.1,38349.0,37550.32,37766.11,11475.45047
2023-11-24 20:00:00,37766.11,37943.6,37580.0,37713.57,3861.35922
2023-11-25 00:00:00,37713.57,37839.44,37676.03,37798.0,2373.98986
2023-11-25 04:00:00,37797.99,37826.99,37720.0,37802.4,1474.49322
2023-11-25 08:00:00,37802.4,37828.93,37591.1,37652.51,2311.89117
2023-11-25 12:00:00,37652.51,37734.99,37620.0,37704.38,1782.5378
2023-11-25 16:00:00,37704.38,37835.39,37699.99,37819.43,1622.06417
2023-11-25 20:00:00,37819.43,37888.0,37711.76,37780.67,1831.16842
2023-11-26 00:00:00,37780.67,37784.63,37662.18,37730.38,1377.5552
2023-11-26 04:00:00,37730.39,37793.67,37694.48,37789.78,1297.87233
2023-11-26 08:00:00,37789.77,37814.63,37666.8,37679.31,1757.13236
2023-11-26 12:00:00,37679.3,37679.31,37287.0,37437.11,7053.17203
2023-11-26 16:00:00,37437.11,37500.2,37150.0,37380.07,5225.6127
2023-11-26 20:00:00,37380.07,37748.0,37320.3,37447.43,4553.19261
2023-11-27 00:00:00,37447.42,37569.23,37200.0,37309.25,3126.25061
2023-11-27 04:00:00,37309.26,37419.56,37051.0,37283.19,3100.46613
2023-11-27 08:00:00,37283.2,37466.0,36900.0,37035.95,6528.86513
2023-11-27 12:00:00,37035.95,37100.0,36715.0,36751.02,8123.63363
2023-11-27 16:00:00,36751.01,37143.43,36707.0,36877.0,5701.39398
2023-11-27 20:00:00,36877.0,37284.0,36792.51,37242.7,3420.46428
2023-11-28 00:00:00,37242.7,37343.57,37102.47,37129.56,2560.73388
2023-11-28 04:00:00,37129.55,37152.31,36868.41,37105.11,3974.8824
2023-11-28 08:00:00,37105.11,37262.02,36931.1,37251.42,3375.56303
2023-11-28 12:00:00,37251.43,37568.28,37142.81,37513.19,5331.32867
2023-11-28 16:00:00,37513.2,38377.0,37513.19,38114.26,15744.36369
2023-11-28 20:00:00,38114.26,38284.66,37670.97,37818.87,6557.595
2023-11-29 00:00:00,37818.88,38093.72,37677.96,37940.49,4909.94962
2023-11-29 04:00:00,37940.49,38235.36,37871.1,38096.69,3802.01892
2023-11-29 08:00:00,38096.7,38450.0,37878.17,38104.65,8172.68572
2023-11-29 12:00:00,38104.65,38280.0,37570.0,37830.75,8504.6664
2023-11-29 16:00:00,37830.74,37932.77,37650.0,37874.2,4122.44625
2023-11-29 20:00:00,37874.19,37884.72,37580.85,37854.64,3482.42416
2023-11-30 00:00:00,37854.65,38051.84,37686.84,38051.84,3089.37694
2023-11-30 04:00:00,38051.84,38145.85,37767.11,37792.98,4973.86237
2023-11-30 08:00:00,37792.98,37905.26,37553.6,37885.15,4251.2581
2023-11-30 12:00:00,37885.15,37966.94,37500.0,37619.84,7175.66836
2023-11-30 16:00:00,37619.85,37807.37,37535.0,37749.34,3031.87293
2023-11-30 20:00:00,37749.34,37809.99,37604.0,37723.96,2218.25277
2023-12-01 00:00:00,37723.97,38082.42,37615.86,38043.05,4933.88554
2023-12-01 04:00:00,38043.04,38348.0,38022.67,38244.08,7011.86412
2023-12-01 08:00:00,38244.08,38833.0,38215.0,38580.17,11354.6813
2023-12-01 12:00:00,38580.17,38629.65,38219.0,38413.5,6597.90033
2023-12-01 16:00:00,38413.51,38999.0,38395.0,38762.4,9900.23568
2023-12-01 20:00:00,38762.4,38900.0,38645.0,38682.52,3617.09627
2023-12-02 00:00:00,38682.51,38795.05,38641.61,38782.27,2236.42755
2023-12-02 04:00:00,38782.27,38826.94,38702.47,38702.48,2038.73396
2023-12-02 08:00:00,38702.48,38789.52,38651.1,38740.16,2142.02023
2023-12-02 12:00:00,38740.17,38869.36,38708.64,38811.75,3232.54427
2023-12-02 16:00:00,38811.76,39705.0,38703.44,39420.0,10333.55099
2023-12-02 20:00:00,39419.99,39717.14,39286.54,39450.35,6713.64461
2023-12-03 00:00:00,39450.35,39555.53,39274.86,39381.11,3283.21647
2023-12-03 04:00:00,39381.12,39490.0,39315.39,39478.72,2130.05497
2023-12-03 08:00:00,39478.71,39544.0,39400.0,39479.7,2096.23661
2023-12-03 12:00:00,39479.69,39805.93,39381.34,39760.42,5648.4296
2023-12-03 16:00:00,39760.42,39841.1,39430.01,39565.99,4098.19535
2023-12-03 20:00:00,39565.99,40250.0,39552.98,39972.26,9454.52035
2023-12-04 00:00:00,39972.26,40884.98,39972.26,40709.77,11807.31888
2023-12-04 04:00:00,40709.77,41750.0,40700.0,41441.1,14673.24426
2023-12-04 08:00:00,41441.1,42154.83,41349.43,41596.01,19218.60165
2023-12-04 12:00:00,41596.01,41914.16,41144.87,41270.33,14452.61587
2023-12-04 16:00:00,41270.32,42049.97,41179.55,41987.28,8928.03794
2023-12-04 20:00:00,41987.29,42420.0,41717.64,41991.1,10192.51199
2023-12-05 00:00:00,41991.1,41991.1,41622.21,41829.99,5569.22291
2023-12-05 04:00:00,41829.98,41919.08,41414.0,41528.0,6502.11306
2023-12-05 08:00:00,41528.0,41758.77,41420.0,41726.09,5282.22923
2023-12-05 12:00:00,41726.09,42497.0,41694.0,42268.29,11103.57913
2023-12-05 16:00:00,42268.28,44100.0,42133.66,43814.36,25610.5034
2023-12-05 20:00:00,43814.37,44488.0,43395.99,44073.32,13423.09871
2023-12-06 00:00:00,44073.82,44146.08,43565.62,43736.06,8344.08213
2023-12-06 04:00:00,43736.06,43857.13,43444.0,43688.87,6907.08616
2023-12-06 08:00:00,43688.87,44297.21,43335.28,43839.21,12015.24809
2023-12-06 12:00:00,43839.22,44279.98,43721.73,43785.2,11241.1126
2023-12-06 16:00:00,43785.2,44146.71,43730.47,43984.71,7167.73459
2023-12-06 20:00:00,43984.71,44071.0,43600.78,43762.69,5755.84135
2023-12-07 00:00:00,43762.69,43999.84,43710.0,43926.84,2845.29665
2023-12-07 04:00:00,43926.85,44047.33,43838.19,43884.01,4086.82628
2023-12-07 08:00:00,43884.01,43896.48,42821.1,43188.03,14235.78276
2023-12-07 12:00:00,43188.03,43925.0,42955.0,43659.99,9633.99747
2023-12-07 16:00:00,43659.99,43755.26,43058.42,43203.58,10159.41241
2023-12-07 20:00:00,43203.57,43456.06,43079.98,43273.14,6141.95288
2023-12-08 00:00:00,43273.15,43524.99,43261.1,43366.01,4504.95753
2023-12-08 04:00:00,43366.0,43550.0,43117.38,43166.01,6833.16986
2023-12-08 08:00:00,43166.01,43729.73,43081.1,43653.82,6857.83835
2023-12-08 12:00:00,43653.82,44030.16,43453.02,43760.94,9677.14869
2023-12-08 16:00:00,43760.94,43970.0,43638.68,43945.11,5870.37306
2023-12-08 20:00:00,43945.12,44700.0,43945.11,44170.99,9156.88807
2023-12-09 00:00:00,44171.0,44281.23,44043.61,44139.38,3650.70918
2023-12-09 04:00:00,44139.38,44358.02,44093.82,44180.22,3600.84041
2023-12-09 08:00:00,44180.21,44191.58,43720.0,43817.35,5794.84719
2023-12-09 12:00:00,43817.35,44136.52,43741.52,44045.1,5032.72519
2023-12-09 16:00:00,44045.09,44082.19,43877.34,43924.39,2936.10136
2023-12-09 20:00:00,43924.4,44084.55,43584.51,43713.6,3910.74675
2023-12-10 00:00:00,43713.59,43864.04,43672.0,43845.32,2450.32524
2023-12-10 04:00:00,43845.32,44016.0,43824.31,43966.44,2178.97643
2023-12-10 08:00:00,43966.44,44049.0,43603.88,43738.02,3795.09728
2023-12-10 12:00:00,43738.03,43973.76,43731.84,43903.73,3286.21496
2023-12-10 16:00:00,43903.74,43931.13,43750.0,43797.1,2572.46554
2023-12-10 20:00:00,43797.1,44046.0,43563.0,43789.51,4673.53813
2023-12-11 00:00:00,43789.5,43804.5,40400.0,42309.58,18908.6688
2023-12-11 04:00:00,42309.57,42321.03,41620.0,42132.51,12083.46157
2023-12-11 08:00:00,42132.52,42481.1,41975.44,42344.01,7859.82672
2023-12-11 12:00:00,42344.01,42390.32,41655.18,41803.44,9756.07667
2023-12-11 16:00:00,41803.43,41857.08,40222.0,40779.99,20686.60455
2023-12-11 20:00:00,40779.99,41349.97,40554.0,41253.4,7369.25973
2023-12-12 00:00:00,41253.41,41938.8,41178.28,41735.29,6744.62632
2023-12-12 04:00:00,41735.29,42068.91,41376.19,41916.27,6751.42919
2023-12-12 08:00:00,41916.26,42104.12,41545.54,41584.57,5780.94254
2023-12-12 12:00:00,41584.58,42070.23,41161.1,41348.0,9008.4306
2023-12-12 16:00:00,41347.99,41457.35,40680.0,41137.99,9334.53079
2023-12-12 20:00:00,41137.99,41555.0,41042.08,41492.39,5102.73829
2023-12-13 00:00:00,41492.38,41506.0,40555.0,40829.36,7310.16225
2023-12-13 04:00:00,40829.35,41242.0,40628.64,41115.27,4861.68197
2023-12-13 08:00:00,41115.28,41280.0,40953.17,41004.69,4029.02932
2023-12-13 12:00:00,41004.69,41955.22,40984.0,41939.18,8389.8547
2023-12-13 16:00:00,41939.17,42886.0,41715.7,42734.01,10933.26953
2023-12-13 20:00:00,42734.01,43475.2,42571.57,42869.03,10341.99996
2023-12-14 00:00:00,42869.03,42948.55,42648.95,42713.86,5203.10028
2023-12-14 04:00:00,42713.86,43110.0,42682.78,42898.98,4264.22686
2023-12-14 08:00:00,42898.98,43311.1,42685.2,43267.06,5533.8289
2023-12-14 12:00:00,43267.07,43367.83,41400.0,42448.28,13819.31926
2023-12-14 16:00:00,42448.28,43420.0,42448.28,43094.13,8986.88383
2023-12-14 20:00:00,43094.13,43179.7,42851.48,43022.26,4239.69796
2023-12-15 00:00:00,43022.26,43080.81,42479.14,42795.94,4425.94195
2023-12-15 04:00:00,42795.94,42868.59,42515.94,42699.99,4209.02021
2023-12-15 08:00:00,42699.99,43026.33,42630.43,42776.03,4825.88804
2023-12-15 12:00:00,42776.04,42787.24,41666.0,41909.56,10127.5738
2023-12-15 16:00:00,41909.56,42192.48,41696.09,42096.08,5828.02612
2023-12-15 20:00:00,42096.08,42264.03,41896.92,41940.3,4005.34308
2023-12-16 00:00:00,41940.29,42410.99,41605.0,42333.79,4472.49888
2023-12-16 04:00:00,42333.79,42357.24,42141.82,42222.67,2598.70745
2023-12-16 08:00:00,42222.67,42339.55,42097.18,42331.99,3132.85327
2023-12-16 12:00:00,42332.0,42611.08,42243.0,42604.0,4555.98897
2023-12-16 16:00:00,42603.99,42724.43,42331.1,42351.73,6242.54279
2023-12-16 20:00:00,42351.74,42412.37,42118.45,42278.03,3116.26611
2023-12-17 00:00:00,42278.02,42298.82,41860.21,41925.55,3253.92773
2023-12-17 04:00:00,41925.55,42061.1,41771.62,41886.75,3545.91185
2023-12-17 08:00:00,41886.75,42016.83,41661.36,41960.07,3895.17552
2023-12-17 12:00:00,41960.07,42020.17,41510.0,41811.37,4860.00923
2023-12-17 16:00:00,41811.37,42424.07,41683.99,42105.91,7138.15215
2023-12-17 20:00:00,42105.91,42190.87,41252.0,41374.65,5028.93804
2023-12-18 00:00:00,41374.64,41470.1,40801.0,41090.92,8056.5341
2023-12-18 04:00:00,41090.92,41312.39,40999.0,41126.02,5008.69759
2023-12-18 08:00:00,41126.01,41270.27,40542.93,41105.12,10032.74176
2023-12-18 12:00:00,41105.12,41750.0,40888.0,41265.96,9380.24237
2023-12-18 16:00:00,41265.95,41735.5,41146.83,41701.1,4760.51462
2023-12-18 20:00:00,41701.11,42757.81,41576.52,42657.8,9495.36206
2023-12-19 00:00:00,42657.8,43497.0,42567.69,43082.2,9415.10546
2023-12-19 04:00:00,43082.21,43131.2,42815.27,43036.16,4686.08353
2023-12-19 08:00:00,43036.17,43268.74,42942.0,42976.11,6507.20412
2023-12-19 12:00:00,42976.1,43041.1,42232.0,42486.86,8326.36673
2023-12-19 16:00:00,42486.85,42646.66,41811.1,42341.96,8193.50655
2023-12-19 20:00:00,42341.96,42528.67,42121.12,42275.99,3799.59805
2023-12-20 00:00:00,42275.99,42493.2,42206.0,42419.75,3428.07755
2023-12-20 04:00:00,42419.75,43041.0,42376.15,42924.23,6003.2756
2023-12-20 08:00:00,42924.23,42998.08,42675.0,42864.44,4763.28129
2023-12-20 12:00:00,42864.43,44283.0,42757.32,44027.2,17908.79006
2023-12-20 16:00:00,44027.2,44250.0,43486.0,43738.01,9819.94341
2023-12-20 20:00:00,43738.01,43812.23,43230.17,43668.93,6786.92679
2023-12-21 00:00:00,43668.92,43731.08,43286.72,43649.37,4790.55223
2023-12-21 04:00:00,43649.36,43877.75,43451.44,43764.5,3938.84606
2023-12-21 08:00:00,43764.49,44100.0,43579.22,43931.6,6686.08927
2023-12-21 12:00:00,43931.6,44242.35,43380.0,43823.99,8691.42689
2023-12-21 16:00:00,43824.0,43927.7,43370.4,43588.8,6170.9554
2023-12-21 20:00:00,43588.79,44119.2,43554.01,43861.8,4346.42399
2023-12-22 00:00:00,43861.79,44251.0,43722.46,44008.0,5039.97364
2023-12-22 04:00:00,44008.0,44398.26,43534.47,43584.37,7209.42647
2023-12-22 08:00:00,43584.37,43839.22,43463.0,43753.94,5847.93033
2023-12-22 12:00:00,43753.95,43809.4,43412.54,43671.1,5724.75521
2023-12-22 16:00:00,43671.1,43992.0,43481.14,43640.79,5097.02561
2023-12-22 20:00:00,43640.79,44048.16,43617.44,43969.04,3864.08512
2023-12-23 00:00:00,43969.04,43988.68,43456.0,43526.43,4037.34134
2023-12-23 04:00:00,43526.43,43650.1,43291.1,43562.32,2798.28564
2023-12-23 08:00:00,43562.31,43669.88,43490.01,43547.78,2368.14341
2023-12-23 12:00:00,43547.78,43856.0,43547.77,43756.24,2820.01582
2023-12-23 16:00:00,43756.24,43850.0,43695.03,43703.81,2133.70247
2023-12-23 20:00:00,43703.82,43835.94,43632.77,43702.16,2399.64062
2023-12-24 00:00:00,43702.15,43907.57,43606.18,43834.48,2902.02733
2023-12-24 04:00:00,43834.48,43946.0,43401.0,43651.17,4698.01101
2023-12-24 08:00:00,43651.17,43694.72,43405.0,43634.2,3167.95205
2023-12-24 12:00:00,43634.19,43864.08,43560.74,43680.23,3405.69652
2023-12-24 16:00:00,43680.23,43713.86,43550.0,43618.07,2583.11278
2023-12-24 20:00:00,43618.08,43618.08,42500.0,42991.5,8387.53527
2023-12-25 00:00:00,42991.5,43158.59,42720.43,43152.78,3868.54726
2023-12-25 04:00:00,43152.78,43335.13,43101.53,43208.15,2830.7695
2023-12-25 08:00:00,43208.15,43291.05,43045.43,43171.11,3716.03265
2023-12-25 12:00:00,43171.11,43802.32,43080.01,43618.0,7057.73658
2023-12-25 16:00:00,43618.01,43710.01,43343.83,43474.25,5196.06699
2023-12-25 20:00:00,43474.25,43720.96,43328.14,43576.13,4352.08694
2023-12-26 00:00:00,43576.12,43592.68,43362.23,43451.46,3221.59168
2023-12-26 04:00:00,43451.45,43474.26,42545.0,42774.12,9020.48128
2023-12-26 08:00:00,42774.12,42798.0,42150.0,42685.55,8870.72819
2023-12-26 12:00:00,42685.56,42827.68,42250.0,42391.5,5600.42168
2023-12-26 16:00:00,42391.51,42434.2,41637.6,42109.11,10403.73943
2023-12-26 20:00:00,42109.11,42591.89,42055.0,42508.93,3893.08056
2023-12-27 00:00:00,42508.93,42541.1,42098.69,42234.66,3610.05423
2023-12-27 04:00:00,42234.65,42542.0,42200.0,42455.83,3330.54138
2023-12-27 08:00:00,42455.82,43220.0,42399.72,43019.11,7678.46442
2023-12-27 12:00:00,43019.11,43150.0,42706.0,42980.65,8156.72899
2023-12-27 16:00:00,42980.64,43215.0,42862.56,43154.34,5972.52558
2023-12-27 20:00:00,43154.34,43677.0,43121.45,43428.85,7442.89676
2023-12-28 00:00:00,43428.86,43787.57,43304.27,43408.41,6082.45863
2023-12-28 04:00:00,43408.4,43624.74,42794.11,43049.17,6215.79694
2023-12-28 08:00:00,43049.17,43192.17,42868.36,43059.98,4444.14335
2023-12-28 12:00:00,43059.98,43125.03,42401.01,42445.99,8560.56823
2023-12-28 16:00:00,42445.99,42725.3,42241.79,42610.64,5662.59381
2023-12-28 20:00:00,42610.64,42745.97,42334.99,42563.76,4184.96389
2023-12-29 00:00:00,42563.76,42800.0,42088.92,42697.42,7125.40815
2023-12-29 04:00:00,42697.42,42766.68,42222.0,42273.34,5131.05672
2023-12-29 08:00:00,42273.35,42934.0,42268.26,42862.01,5291.84387
2023-12-29 12:00:00,42862.0,43111.0,42106.64,42271.09,7861.37483
2023-12-29 16:00:00,42271.09,42351.1,41650.0,42116.51,10317.88826
2023-12-29 20:00:00,42116.51,42240.0,41300.0,42066.95,6869.61729
2023-12-30 00:00:00,42066.94,42209.22,41820.0,41972.81,3202.20282
2023-12-30 04:00:00,41972.81,42160.0,41930.43,41947.16,2351.82225
2023-12-30 08:00:00,41947.16,41988.62,41520.3,41893.96,4706.52607
2023-12-30 12:00:00,41893.96,42430.0,41882.71,42374.96,4551.60091
2023-12-30 16:00:00,42374.97,42612.32,42247.44,42361.13,5264.43841
2023-12-30 20:00:00,42361.13,42399.25,42079.97,42140.28,2829.98772
2023-12-31 00:00:00,42140.29,42433.49,41965.84,42176.0,3144.53455
2023-12-31 04:00:00,42175.99,42693.0,42156.09,42537.1,3915.10728
2023-12-31 08:00:00,42537.1,42899.0,42369.15,42518.36,4626.12098
2023-12-31 12:00:00,42518.36,42646.27,42352.76,42457.17,3403.65176
2023-12-31 16:00:00,42457.17,42719.8,42436.47,42619.04,3036.19166
2023-12-31 20:00:00,42619.04,42680.36,42056.0,42283.58,5460.3098
2024-01-01 00:00:00,42283.58,42775.0,42230.08,42330.49,3948.08335
2024-01-01 04:00:00,42330.5,42500.0,42180.77,42492.46,2706.9988
2024-01-01 08:00:00,42492.46,42762.39,42452.58,42690.2,2948.80274
2024-01-01 12:00:00,42690.21,42847.07,42580.0,42783.05,2936.44406
2024-01-01 16:00:00,42783.05,43550.0,42664.42,43517.99,5686.97164
2024-01-01 20:00:00,43517.98,44184.1,43361.6,44179.55,8946.99844
2024-01-02 00:00:00,44179.55,45500.0,44148.34,45402.38,17093.28659
2024-01-02 04:00:00,45402.38,45643.75,45121.96,45455.53,8388.42302
2024-01-02 08:00:00,45455.52,45879.63,45200.0,45433.99,10027.39458
2024-01-02 12:00:00,45433.99,45800.0,44833.33,45184.82,13236.12915
2024-01-02 16:00:00,45184.83,45399.84,44790.96,45039.49,9745.60445
2024-01-02 20:00:00,45039.49,45297.26,44600.0,44946.91,6655.56882
2024-01-03 00:00:00,44946.91,45410.91,44862.11,45262.69,4750.68596
2024-01-03 04:00:00,45262.7,45384.84,44940.93,45011.77,4691.11517
2024-01-03 08:00:00,45011.77,45500.0,43500.0,43702.88,13237.52778
2024-01-03 12:00:00,43702.89,43716.0,40750.0,43000.01,35484.1521
2024-01-03 16:00:00,43000.01,43567.92,42000.0,42596.67,16895.34192
2024-01-03 20:00:00,42596.66,42966.27,42518.7,42845.23,6135.7288
2024-01-04 00:00:00,42845.23,43220.56,42613.77,43102.8,5488.13855
2024-01-04 04:00:00,43102.79,43273.08,42756.97,42763.08,5443.39629
2024-01-04 08:00:00,42763.08,43233.81,42616.28,43176.32,6746.40949
2024-01-04 12:00:00,43176.33,44329.99,43097.06,44051.1,11599.01023
2024-01-04 16:00:00,44051.1,44437.5,43777.86,43956.48,9399.52176
2024-01-04 20:00:00,43956.48,44729.58,43890.9,44151.1,9361.58702
2024-01-05 00:00:00,44151.1,44284.0,42450.0,43465.21,11721.50264
2024-01-05 04:00:00,43465.21,43926.0,43187.89,43777.47,4949.61031
2024-01-05 08:00:00,43777.48,44324.8,43433.0,43771.34,7055.63723
2024-01-05 12:00:00,43771.34,44110.07,43100.0,43500.01,10044.2804
2024-01-05 16:00:00,43500.01,43808.07,43100.46,43600.0,7460.07613
2024-01-05 20:00:00,43600.0,44357.46,43580.51,44145.11,6844.14656
2024-01-06 00:00:00,44145.12,44214.42,43812.5,43931.1,3123.46193
2024-01-06 04:00:00,43931.1,43971.1,43397.05,43653.2,4242.79756
2024-01-06 08:00:00,43653.2,43771.1,43551.28,43671.96,2449.54997
2024-01-06 12:00:00,43671.97,43920.08,43527.27,43867.17,2610.13838
2024-01-06 16:00:00,43867.17,44148.58,43828.5,43906.36,2971.24432
2024-01-06 20:00:00,43906.35,43980.0,43611.19,43968.32,2437.86928
2024-01-07 00:00:00,43968.32,44259.29,43833.4,43940.41,3397.43777
2024-01-07 04:00:00,43940.41,44100.0,43843.52,44080.0,2347.11787
2024-01-07 08:00:00,44080.0,44167.81,43880.65,44061.1,3023.73501
2024-01-07 12:00:00,44061.1,44480.59,43945.15,44047.57,5972.98911
2024-01-07 16:00:00,44047.57,44262.53,43700.0,44244.77,3590.89146
2024-01-07 20:00:00,44244.77,44269.92,43572.09,43929.02,4691.67958
2024-01-08 00:00:00,43929.01,43986.0,43175.0,43518.2,7371.99098
2024-01-08 04:00:00,43518.2,44341.8,43430.79,43974.55,7157.43221
2024-01-08 08:00:00,43974.55,44688.0,43641.73,44635.99,6636.26767
2024-01-08 12:00:00,44636.0,45333.0,44350.0,44963.04,17212.53878
2024-01-08 16:00:00,44963.04,47248.99,44793.97,46979.35,24462.97732
2024-01-08 20:00:00,46979.36,47207.16,46653.84,46951.04,9973.36893
2024-01-09 00:00:00,46951.04,47150.0,46230.0,46926.96,10102.12931
2024-01-09 04:00:00,46926.96,46940.0,46599.43,46825.51,4707.40981
2024-01-09 08:00:00,46825.52,46874.94,46381.1,46615.99,6018.83491
2024-01-09 12:00:00,46616.0,47051.21,45450.0,46868.09,15811.82358
2024-01-09 16:00:00,46868.08,46975.0,46500.0,46876.01,7310.48299
2024-01-09 20:00:00,46876.0,47972.0,44748.67,46110.0,25976.98557
2024-01-10 00:00:00,46110.0,46249.14,45622.0,46117.1,6964.52629
2024-01-10 04:00:00,46117.1,46186.0,45734.56,45757.98,4441.30134
2024-01-10 08:00:00,45757.98,45861.1,45000.0,45515.89,8371.11286
2024-01-10 12:00:00,45515.88,45662.01,44300.36,45546.4,17519.34998
2024-01-10 16:00:00,45546.39,46666.0,45173.97,46489.18,17808.51212
2024-01-10 20:00:00,46489.19,47695.93,44800.0,46653.99,34806.60944
2024-01-11 00:00:00,46654.0,46750.0,46200.0,46502.16,7964.915
2024-01-11 04:00:00,46502.17,46507.08,45618.1,46101.4,7551.87335
2024-01-11 08:00:00,46101.4,47150.0,46052.0,47060.0,8538.48554
2024-01-11 12:00:00,47059.99,48969.48,46463.19,46783.78,36318.80534
2024-01-11 16:00:00,46783.77,47022.07,45606.06,46692.3,19172.2659
2024-01-11 20:00:00,46692.29,46975.0,46084.69,46339.16,7923.98447
2024-01-12 00:00:00,46339.16,46515.53,45898.0,45994.0,5377.44001
2024-01-12 04:00:00,45994.01,46366.0,45742.49,46008.19,5766.26871
2024-01-12 08:00:00,46008.19,46267.0,45537.37,45954.35,7038.70566
2024-01-12 12:00:00,45954.35,46109.0,44333.44,44462.01,19196.21655
2024-01-12 16:00:00,44462.0,44675.88,43212.0,43472.55,26388.04032
2024-01-12 20:00:00,43472.56,43981.1,41500.0,42782.73,22561.26582
2024-01-13 00:00:00,42782.74,42997.29,42436.12,42609.94,9945.53429
2024-01-13 04:00:00,42609.94,43254.03,42555.84,43102.97,6237.82222
2024-01-13 08:00:00,43102.97,43254.96,42509.11,42624.0,6962.30044
2024-01-13 12:00:00,42624.01,43257.0,42505.0,43154.48,6063.35625
2024-01-13 16:00:00,43154.48,43185.0,42724.39,42786.25,4181.84325
2024-01-13 20:00:00,42786.25,43040.01,42699.52,42847.99,2727.61819
2024-01-14 00:00:00,42847.99,42890.23,42643.98,42681.82,2769.17313
2024-01-14 04:00:00,42681.82,43060.0,42562.56,43011.44,3036.75324
2024-01-14 08:00:00,43011.44,43079.0,42759.34,42829.99,2885.27669
2024-01-14 12:00:00,42829.99,43005.25,42710.0,42904.38,3635.86614
2024-01-14 16:00:00,42904.39,43010.84,42632.59,42660.0,4024.3682
2024-01-14 20:00:00,42660.0,42745.98,41720.0,41732.35,11876.97154
2024-01-15 00:00:00,41732.35,42640.0,41718.05,42565.99,5828.29771
2024-01-15 04:00:00,42565.99,42824.68,42499.01,42714.78,4383.51739
2024-01-15 08:00:00,42714.78,42775.0,42540.0,42697.99,3812.52325
2024-01-15 12:00:00,42698.0,42958.03,42163.32,42278.99,8595.73488
2024-01-15 16:00:00,42278.99,43400.43,42249.0,42992.67,12331.30651
2024-01-15 20:00:00,42992.67,43114.45,42342.18,42511.1,5318.51329
2024-01-16 00:00:00,42511.1,42939.5,42466.88,42924.56,4025.27939
2024-01-16 04:00:00,42924.57,42946.05,42606.92,42791.13,3648.24949
2024-01-16 08:00:00,42791.14,43153.66,42720.06,42900.54,4849.24572
2024-01-16 12:00:00,42900.55,43314.73,42050.0,43252.67,17967.98589
2024-01-16 16:00:00,43252.45,43434.0,42834.29,43166.11,7723.95687
2024-01-16 20:00:00,43166.1,43578.01,43060.69,43137.95,6831.02853
2024-01-17 00:00:00,43137.94,43198.0,42844.98,42849.0,3711.95254
2024-01-17 04:00:00,42849.0,42925.49,42619.6,42655.94,3612.2361
2024-01-17 08:00:00,42655.95,42850.55,42564.0,42680.16,4412.74724
2024-01-17 12:00:00,42680.16,42926.02,42365.58,42482.79,9542.90182
2024-01-17 16:00:00,42482.8,42745.99,42200.69,42611.11,6233.49263
2024-01-17 20:00:00,42611.1,42876.48,42450.0,42776.1,5752.88355
2024-01-18 00:00:00,42776.09,42784.4,42502.19,42592.05,2777.25237
2024-01-18 04:00:00,42592.04,42922.0,42589.0,42915.33,3393.11338
2024-01-18 08:00:00,42915.32,42930.0,42387.68,42544.59,4867.13625
2024-01-18 12:00:00,42544.6,42810.0,42353.8,42619.32,5286.53164
2024-01-18 16:00:00,42619.31,42619.32,40831.99,41022.32,17408.6553
2024-01-18 20:00:00,41022.33,41366.99,40683.28,41327.5,10174.82747
2024-01-19 00:00:00,41327.51,41370.99,40752.26,41055.87,5747.52107
2024-01-19 04:00:00,41055.88,41576.0,41038.81,41284.25,5252.30425
2024-01-19 08:00:00,41284.26,41509.69,41143.33,41475.37,4432.7711
2024-01-19 12:00:00,41475.37,41488.2,40718.0,40894.71,9260.88788
2024-01-19 16:00:00,40894.71,41979.0,40280.0,41814.27,16100.60089
2024-01-19 20:00:00,41814.27,42196.86,41517.6,41659.03,7548.6604
2024-01-20 00:00:00,41659.03,41700.0,41456.3,41634.65,2986.2123
2024-01-20 04:00:00,41634.64,41774.0,41564.81,41650.95,2111.60902
2024-01-20 08:00:00,41650.95,41668.66,41459.02,41580.83,3106.35262
2024-01-20 12:00:00,41580.82,41700.0,41478.0,41570.11,2908.6422
2024-01-20 16:00:00,41570.1,41684.94,41526.36,41632.96,2143.21383
2024-01-20 20:00:00,41632.97,41872.56,41610.54,41696.04,2667.96496
2024-01-21 00:00:00,41696.05,41730.0,41629.87,41680.82,1600.89363
2024-01-21 04:00:00,41680.83,41691.11,41564.29,41648.51,1198.63686
2024-01-21 08:00:00,41648.5,41826.97,41648.5,41719.89,1972.92769
2024-01-21 12:00:00,41719.9,41881.39,41605.0,41656.28,2810.15162
2024-01-21 16:00:00,41656.27,41729.77,41525.0,41719.4,2101.04396
2024-01-21 20:00:00,41719.39,41811.1,41500.98,41580.33,2046.50925
2024-01-22 00:00:00,41580.32,41689.65,41058.22,41197.04,5194.67726
2024-01-22 04:00:00,41197.04,41321.17,40684.0,41043.7,6720.50069
2024-01-22 08:00:00,41043.7,41047.51,40364.63,40815.99,8780.2842
2024-01-22 12:00:00,40815.92,41244.06,40350.0,40771.99,9333.27767
2024-01-22 16:00:00,40772.0,40874.99,39431.58,39820.31,15416.76046
2024-01-22 20:00:00,39820.31,40343.18,39480.0,39568.02,9980.69883
2024-01-23 00:00:00,39568.02,40118.87,39511.1,40000.44,4446.81496
2024-01-23 04:00:00,40000.43,40176.74,39665.02,39780.0,3852.36638
2024-01-23 08:00:00,39780.01,39860.0,38657.0,38845.56,16327.77748
2024-01-23 12:00:00,38845.56,39460.0,38555.0,39204.0,14222.94133
2024-01-23 16:00:00,39204.0,39654.34,38925.2,39148.07,11699.79651
2024-01-23 20:00:00,39148.07,39907.23,39032.02,39897.6,7406.93685
2024-01-24 00:00:00,39897.59,40250.0,39570.43,39614.0,7508.24416
2024-01-24 04:00:00,39614.0,40191.97,39557.01,39981.09,6508.9298
2024-01-24 08:00:00,39981.09,40555.0,39859.51,40209.34,6433.12337
2024-01-24 12:00:00,40209.34,40298.86,39766.0,40050.71,8120.72045
2024-01-24 16:00:00,40050.72,40207.0,39615.76,39803.05,5715.16915
2024-01-24 20:00:00,39803.04,40175.11,39484.19,40084.88,5007.64168
2024-01-25 00:00:00,40084.89,40178.84,39914.0,40012.01,3484.6591
2024-01-25 04:00:00,40012.01,40135.37,39792.01,40130.0,3648.17041
2024-01-25 08:00:00,40130.0,40300.24,39957.44,40178.07,4623.83661
2024-01-25 12:00:00,40178.07,40283.82,39623.4,39804.24,8152.9813
2024-01-25 16:00:00,39804.23,40044.91,39550.0,39989.25,7402.16761
2024-01-25 20:00:00,39989.25,39995.99,39637.99,39961.09,3710.3035
2024-01-26 00:00:00,39961.09,40245.0,39822.52,40067.52,3180.57719
2024-01-26 04:00:00,40067.52,40220.0,39896.84,39969.99,3394.99518
2024-01-26 08:00:00,39970.0,41348.13,39962.14,41289.52,11523.32786
2024-01-26 12:00:00,41289.52,41588.0,40914.5,41422.99,12152.14087
2024-01-26 16:00:00,41422.98,42193.8,41405.31,42064.49,11360.11294
2024-01-26 20:00:00,42064.48,42246.82,41800.02,41823.51,5773.81322
2024-01-27 00:00:00,41823.51,41933.17,41708.0,41815.01,2776.36693
2024-01-27 04:00:00,41815.01,41890.0,41602.01,41710.14,2385.06661
2024-01-27 08:00:00,41710.15,41800.0,41394.34,41761.23,3747.33899
2024-01-27 12:00:00,41761.22,41894.87,41714.0,41814.0,2106.62255
2024-01-27 16:00:00,41813.99,41986.06,41745.26,41910.47,2256.20513
2024-01-27 20:00:00,41910.48,42200.0,41910.47,42120.63,2952.81646
2024-01-28 00:00:00,42120.63,42244.0,41925.0,42231.83,3931.90769
2024-01-28 04:00:00,42231.84,42842.68,42228.64,42388.82,7853.89698
2024-01-28 08:00:00,42388.82,42698.0,42323.14,42471.98,4448.08445
2024-01-28 12:00:00,42471.98,42544.0,42155.55,42258.01,3978.57176
2024-01-28 16:00:00,42258.0,42354.7,41721.08,41785.92,3819.55464
2024-01-28 20:00:00,41785.91,42073.81,41620.81,42031.06,3262.98286
2024-01-29 00:00:00,42031.05,42504.0,41874.94,42331.2,3437.68599
2024-01-29 04:00:00,42331.19,42345.36,41988.88,42053.46,2735.85224
2024-01-29 08:00:00,42053.45,42381.1,41961.1,42246.95,3204.92588
2024-01-29 12:00:00,42246.95,42647.27,41804.88,42641.75,6763.08424
2024-01-29 16:00:00,42641.75,43313.8,42518.0,42995.99,11314.8288
2024-01-29 20:00:00,42995.99,43333.0,42982.66,43302.7,4086.36492
2024-01-30 00:00:00,43302.71,43787.35,43133.9,43519.71,6762.21682
2024-01-30 04:00:00,43519.71,43570.09,43259.26,43358.25,3352.66111
2024-01-30 08:00:00,43358.24,43564.85,43215.76,43537.74,4124.1533
2024-01-30 12:00:00,43537.75,43882.36,43114.13,43375.5,9820.25546
2024-01-30 16:00:00,43375.5,43599.0,43224.0,43547.98,5834.15697
2024-01-30 20:00:00,43547.99,43760.0,42683.99,42941.1,7725.8018
2024-01-31 00:00:00,42941.1,43107.77,42655.07,42930.07,4913.47979
2024-01-31 04:00:00,42930.06,43087.93,42871.1,43050.01,2839.50568
2024-01-31 08:00:00,43050.01,43091.1,42355.0,42647.98,6116.23013
2024-01-31 12:00:00,42647.98,43465.02,42521.31,43361.1,8138.75525
2024-01-31 16:00:00,43361.11,43745.11,43041.1,43334.64,8260.76136
2024-01-31 20:00:00,43334.63,43361.1,42276.84,42580.0,9602.40467
2024-02-01 00:00:00,42580.0,42687.63,41884.28,42015.65,6159.26638
2024-02-01 04:00:00,42015.65,42300.0,41889.95,42190.16,4812.74817
2024-02-01 08:00:00,42190.15,42331.1,42026.52,42087.52,4002.75251
2024-02-01 12:00:00,42087.52,42946.6,41944.89,42516.12,7858.34198
2024-02-01 16:00:00,42516.12,43285.13,42364.0,43218.94,8083.56904
2024-02-01 20:00:00,43218.94,43279.91,42872.91,43082.94,4314.36856
2024-02-02 00:00:00,43082.95,43432.63,43026.15,43037.25,4246.33741
2024-02-02 04:00:00,43037.25,43271.1,42943.71,43086.89,4064.36047
2024-02-02 08:00:00,43086.9,43199.0,42941.1,43148.41,4094.76501
2024-02-02 12:00:00,43148.42,43250.0,42546.79,43242.09,8493.53585
2024-02-02 16:00:00,43242.1,43488.0,42783.09,43061.97,6362.66369
2024-02-02 20:00:00,43061.98,43238.01,42900.48,43200.0,2410.48175
2024-02-03 00:00:00,43199.99,43380.01,43142.0,43173.94,2223.22292
2024-02-03 04:00:00,43173.95,43222.75,43040.0,43053.05,1346.11611
2024-02-03 08:00:00,43053.05,43125.28,42973.66,42995.04,1810.42438
2024-02-03 12:00:00,42995.04,43190.0,42880.0,43119.06,2505.96267
2024-02-03 16:00:00,43119.06,43270.0,43016.28,43061.09,2671.62087
2024-02-03 20:00:00,43061.09,43104.68,42953.33,43011.09,1476.06303
2024-02-04 00:00:00,43011.1,43068.79,42880.01,43027.16,1456.91888
2024-02-04 04:00:00,43027.16,43029.17,42720.07,42845.03,2208.36902
2024-02-04 08:00:00,42845.03,43119.04,42741.6,43060.1,2577.95374
2024-02-04 12:00:00,43060.09,43115.76,42845.51,42943.21,2544.71311
2024-02-04 16:00:00,42943.2,42969.79,42573.17,42636.44,3608.11375
2024-02-04 20:00:00,42636.43,42985.73,42222.0,42582.88,4670.82554
2024-02-05 00:00:00,42582.88,42729.02,42258.1,42718.31,3709.0102
2024-02-05 04:00:00,42718.31,43176.39,42642.0,43071.88,4182.30255
2024-02-05 08:00:00,43071.87,43268.98,42954.54,43194.08,4074.55774
2024-02-05 12:00:00,43194.08,43569.76,42600.11,42644.03,8010.04502
2024-02-05 16:00:00,42644.04,42869.66,42501.0,42765.36,5069.38976
2024-02-05 20:00:00,42765.35,42798.37,42330.52,42708.7,4422.45378
2024-02-06 00:00:00,42708.7,42960.01,42574.0,42851.11,2897.16519
2024-02-06 04:00:00,42851.1,42926.73,42667.0,42890.0,2201.29331
2024-02-06 08:00:00,42889.99,43119.9,42670.61,42826.96,5579.6774
2024-02-06 12:00:00,42826.96,43270.89,42658.0,43244.89,5949.73363
2024-02-06 16:00:00,43244.89,43399.98,43000.0,43278.78,5091.59374
2024-02-06 20:00:00,43278.79,43322.0,43032.71,43098.95,2956.39106
2024-02-07 00:00:00,43098.96,43192.0,42788.0,42800.0,2968.09769
2024-02-07 04:00:00,42799.99,43051.1,42794.67,42918.03,2473.25345
2024-02-07 08:00:00,42918.02,43200.0,42838.01,42928.29,3301.4154
2024-02-07 12:00:00,42928.28,43325.03,42890.51,43071.08,5174.63854
2024-02-07 16:00:00,43071.08,43710.0,43013.75,43615.47,9646.8143
2024-02-07 20:00:00,43615.47,44396.5,43615.47,44349.6,10828.37977
2024-02-08 00:00:00,44349.6,44780.0,44331.1,44540.99,8836.19603
2024-02-08 04:00:00,44540.98,44633.78,44427.01,44513.24,3474.51592
2024-02-08 08:00:00,44513.25,44885.0,44513.24,44698.97,5858.27712
2024-02-08 12:00:00,44698.97,45467.14,44606.0,45432.3,11913.40369
2024-02-08 16:00:00,45432.3,45498.0,44890.0,45284.14,8933.58857
2024-02-08 20:00:00,45284.13,45614.3,45227.0,45288.65,6423.64098
2024-02-09 00:00:00,45288.66,46384.27,45242.12,46060.74,9482.53987
2024-02-09 04:00:00,46060.74,46425.03,45855.0,46202.0,6811.23297
2024-02-09 08:00:00,46202.01,47299.88,46201.53,47180.02,11572.91301
2024-02-09 12:00:00,47180.01,47719.44,46652.0,47159.99,21197.65997
2024-02-09 16:00:00,47159.99,48200.0,47134.0,47509.48,16961.19039
2024-02-09 20:00:00,47509.48,47693.28,47035.92,47132.77,7477.94479
2024-02-10 00:00:00,47132.78,47504.0,47044.88,47376.62,3901.03702
2024-02-10 04:00:00,47376.62,47430.03,47145.4,47151.72,2155.29282
2024-02-10 08:00:00,47151.72,47274.0,46800.0,47182.0,4546.93534
2024-02-10 12:00:00,47182.01,47378.41,47105.44,47353.48,3624.87877
2024-02-10 16:00:00,47353.48,47660.0,47154.52,47531.09,3381.00187
2024-02-10 20:00:00,47531.09,48170.0,47454.37,47751.09,7193.21354
2024-02-11 00:00:00,47751.08,48557.0,47557.16,48519.61,6452.94117
2024-02-11 04:00:00,48519.6,48592.66,48061.1,48179.52,4752.43271
2024-02-11 08:00:00,48179.51,48438.81,47922.33,48411.71,3906.99024
2024-02-11 12:00:00,48411.71,48469.07,47931.82,48150.43,5466.21997
2024-02-11 16:00:00,48150.43,48394.29,47948.38,48284.0,4641.41321
2024-02-11 20:00:00,48283.99,48375.0,47971.18,48299.99,4738.81107
2024-02-12 00:00:00,48300.0,48826.81,48009.52,48145.0,7723.68614
2024-02-12 04:00:00,48145.0,48382.27,47755.81,48203.98,4444.91925
2024-02-12 08:00:00,48203.98,48311.15,47710.01,47903.03,5444.77082
2024-02-12 12:00:00,47903.04,49950.0,47841.0,49917.8,16721.55061
2024-02-12 16:00:00,49917.8,50334.82,49372.22,49532.03,17277.9458
2024-02-12 20:00:00,49532.02,50271.02,49532.02,49917.27,7397.09443
2024-02-13 00:00:00,49917.28,50368.61,49724.33,49789.99,6175.21021
2024-02-13 04:00:00,49790.0,50117.84,49789.99,49983.09,4055.06807
2024-02-13 08:00:00,49983.09,50247.0,49650.0,49988.12,8824.89385
2024-02-13 12:00:00,49988.12,49996.0,48400.0,48727.47,19358.47315
2024-02-13 16:00:00,48727.47,49268.21,48300.95,49036.73,10392.26078
2024-02-13 20:00:00,49036.74,49775.0,49011.1,49699.59,6745.661
2024-02-14 00:00:00,49699.6,49712.94,49333.0,49518.61,3206.45301
2024-02-14 04:00:00,49518.61,49877.22,49225.01,49838.93,3998.92481
2024-02-14 08:00:00,49838.93,51723.08,49741.19,51555.12,19901.12485
2024-02-14 12:00:00,51555.12,52043.71,51276.24,51590.0,15434.55068
2024-02-14 16:00:00,51590.0,51750.0,51200.24,51678.0,8869.42094
2024-02-14 20:00:00,51677.99,51888.0,51464.0,51795.17,5635.89972
2024-02-15 00:00:00,51795.17,52500.0,51717.58,52343.32,9485.19698
2024-02-15 04:00:00,52343.32,52364.55,51634.01,51776.61,6158.65559
2024-02-15 08:00:00,51776.6,52498.12,51650.0,52330.0,6781.21145
2024-02-15 12:00:00,52330.0,52816.62,51721.31,51948.23,13915.59154
2024-02-15 16:00:00,51948.24,52380.0,51725.0,52002.01,9258.37794
2024-02-15 20:00:00,52002.01,52011.1,51314.0,51880.0,8216.99705
2024-02-16 00:00:00,51880.01,52328.0,51803.6,52280.25,4925.24862
2024-02-16 04:00:00,52280.25,52343.28,51700.0,51731.99,5910.92632
2024-02-16 08:00:00,51732.0,52435.86,51566.0,52213.86,8723.49444
2024-02-16 12:00:00,52213.87,52572.08,51592.88,51888.01,10491.97637
2024-02-16 16:00:00,51888.01,52245.0,51655.0,51756.29,4781.76179
2024-02-16 20:00:00,51756.29,52208.43,51681.1,52124.11,2938.84564
2024-02-17 00:00:00,52124.1,52162.82,51846.84,51968.75,1748.64047
2024-02-17 04:00:00,51968.75,52057.54,51792.0,51911.33,1813.90033
2024-02-17 08:00:00,51911.34,51911.34,51500.0,51690.48,3811.13615
2024-02-17 12:00:00,51690.47,51735.68,50625.0,50984.56,9664.71243
2024-02-17 16:00:00,50984.56,51444.0,50741.1,51394.43,4387.33024
2024-02-17 20:00:00,51394.44,52030.18,51303.0,51642.64,4248.2866
2024-02-18 00:00:00,51642.64,51798.99,51163.28,51479.99,3342.20712
2024-02-18 04:00:00,51479.99,51750.6,51405.52,51671.1,2668.90841
2024-02-18 08:00:00,51671.1,52069.0,51644.0,51832.01,3445.09907
2024-02-18 12:00:00,51832.01,51948.57,51535.01,51773.99,3523.91039
2024-02-18 16:00:00,51774.0,51980.73,51647.25,51758.12,3340.56645
2024-02-18 20:00:00,51758.13,52377.0,51587.4,52137.67,5671.41219
2024-02-19 00:00:00,52137.68,52428.78,51904.83,52063.81,4612.31179
2024-02-19 04:00:00,52063.8,52488.77,51989.21,52394.04,4434.73522
2024-02-19 08:00:00,52394.04,52450.0,52063.52,52336.22,4670.2242
2024-02-19 12:00:00,52336.22,52454.11,52027.0,52127.99,5672.19056
2024-02-19 16:00:00,52127.99,52230.0,51677.0,51820.61,6367.05864
2024-02-19 20:00:00,51820.61,52110.0,51705.11,51774.73,3778.47391
2024-02-20 00:00:00,51774.74,51832.01,51311.0,51580.23,5264.00845
2024-02-20 04:00:00,51580.23,52039.91,51510.0,51839.28,3718.97659
2024-02-20 08:00:00,51839.28,52380.0,51560.0,52286.8,7446.13718
2024-02-20 12:00:00,52286.8,52985.0,51340.0,51680.0,17302.62916
2024-02-20 16:00:00,51679.99,52138.31,50760.37,52101.11,10418.63903
2024-02-20 20:00:00,52101.1,52517.3,51901.1,52258.82,5464.08277
2024-02-21 00:00:00,52258.82,52366.8,51988.91,52001.99,3369.43954
2024-02-21 04:00:00,52002.0,52113.39,51452.45,51568.64,4064.1614
2024-02-21 08:00:00,51568.64,51787.04,50813.0,50965.53,9380.34826
2024-02-21 12:00:00,50965.53,51442.26,50625.0,51156.0,11653.57718
2024-02-21 16:00:00,51156.0,51427.43,50649.28,51058.0,7754.08258
2024-02-21 20:00:00,51057.99,51950.01,50862.5,51849.39,6857.79153
2024-02-22 00:00:00,51849.38,51878.18,51153.69,51586.1,4685.41723
2024-02-22 04:00:00,51586.1,51910.32,51352.0,51827.63,4426.10745
2024-02-22 08:00:00,51827.63,52034.12,51517.63,51622.04,5505.24135
2024-02-22 12:00:00,51622.05,51733.05,50940.78,51602.4,8605.10808
2024-02-22 16:00:00,51602.41,51750.01,51400.0,51509.99,5304.8486
2024-02-22 20:00:00,51509.99,52065.78,51184.04,51288.42,6782.72303
2024-02-23 00:00:00,51288.42,51548.54,50971.11,51100.0,4695.56436
2024-02-23 04:00:00,51100.0,51321.92,50889.0,50915.96,3958.88987
2024-02-23 08:00:00,50915.95,51263.22,50830.0,51218.95,4762.093
2024-02-23 12:00:00,51218.94,51333.47,50800.32,50911.11,8302.82835
2024-02-23 16:00:00,50911.1,51195.18,50629.33,51099.09,5650.6788
2024-02-23 20:00:00,51099.09,51162.04,50521.0,50744.15,3175.74106
2024-02-24 00:00:00,50744.15,50907.14,50585.0,50849.97,2775.43339
2024-02-24 04:00:00,50849.96,51103.87,50826.47,51068.7,2424.36167
2024-02-24 08:00:00,51068.7,51172.06,50953.0,51119.79,2450.32792
2024-02-24 12:00:00,51119.79,51180.41,51032.34,51099.34,1990.4479
2024-02-24 16:00:00,51099.35,51698.0,51094.99,51557.07,4634.38652
2024-02-24 20:00:00,51557.08,51666.0,51437.84,51568.22,2285.4637
2024-02-25 00:00:00,51568.21,51898.72,51438.88,51624.99,3601.71905
2024-02-25 04:00:00,51625.0,51800.03,51509.0,51719.28,2307.35285
2024-02-25 08:00:00,51719.28,51777.64,51531.73,51645.0,1998.19169
2024-02-25 12:00:00,51645.0,51780.0,51436.67,51524.02,3015.0669
2024-02-25 16:00:00,51524.02,51738.85,51279.8,51672.96,3855.78862
2024-02-25 20:00:00,51672.97,51958.55,51640.88,51728.85,3943.51248
2024-02-26 00:00:00,51728.85,51796.5,51400.0,51555.59,2849.5668
2024-02-26 04:00:00,51555.6,51598.06,51288.18,51293.26,2965.61094
2024-02-26 08:00:00,51293.26,51374.66,50901.44,51090.01,5428.89999
2024-02-26 12:00:00,51090.01,52847.84,50957.0,52842.32,11761.1694
2024-02-26 16:00:00,52842.33,54512.02,52753.28,54487.11,19931.38279
2024-02-26 20:00:00,54487.1,54910.0,54258.2,54476.47,8320.09207
2024-02-27 00:00:00,54476.48,57073.84,54450.13,55667.6,17222.6943
2024-02-27 04:00:00,55667.6,56448.0,55576.12,56059.08,8813.40604
2024-02-27 08:00:00,56059.09,56818.02,56023.8,56527.79,8262.13357
2024-02-27 12:00:00,56527.8,57416.93,56457.26,56745.66,15703.7215
2024-02-27 16:00:00,56745.66,57588.15,56209.0,57339.68,10002.01696
2024-02-27 20:00:00,57339.69,57359.0,56579.84,57037.34,7191.01325
2024-02-28 00:00:00,57037.35,57101.1,56691.85,56916.4,3603.53596
2024-02-28 04:00:00,56916.39,58379.57,56894.16,58241.1,7636.88153
2024-02-28 08:00:00,58241.09,59494.06,58171.11,58941.11,19224.20294
2024-02-28 12:00:00,58941.11,61360.0,58891.1,60966.22,26368.9182
2024-02-28 16:00:00,60966.22,64000.0,58700.0,60951.11,45415.5681
2024-02-28 20:00:00,60951.1,62647.04,59797.57,62432.1,16514.36311
2024-02-29 00:00:00,62432.11,62438.22,61021.1,61561.33,10084.02851
2024-02-29 04:00:00,61561.34,63676.35,61334.59,62707.17,14931.15457
2024-02-29 08:00:00,62707.17,63340.95,62111.1,62936.02,11918.80476
2024-02-29 12:00:00,62936.02,63531.88,62051.11,62768.02,12976.74161
2024-02-29 16:00:00,62768.01,62879.3,60364.7,61600.0,17118.2411
2024-02-29 20:00:00,61599.99,62285.47,60584.07,61130.98,11396.10548
2024-03-01 00:00:00,61130.99,61749.0,60777.0,61105.91,6345.57641
2024-03-01 04:00:00,61105.92,61772.82,61061.11,61434.0,5719.40504
2024-03-01 08:00:00,61434.0,62243.53,61316.67,61863.72,8452.27991
2024-03-01 12:00:00,61863.71,62677.06,61131.01,61263.99,9971.27905
2024-03-01 16:00:00,61263.98,62494.31,61234.0,62215.5,7886.35574
2024-03-01 20:00:00,62215.51,63114.23,62215.5,62387.9,9363.03858
2024-03-02 00:00:00,62387.9,62433.19,61949.03,62307.45,5441.91324
2024-03-02 04:00:00,62307.45,62307.45,61752.3,62011.85,4846.35512
2024-03-02 08:00:00,62011.85,62123.0,61641.1,61826.32,4411.57189
2024-03-02 12:00:00,61826.32,62167.79,61561.12,61771.2,4301.35084
2024-03-02 16:00:00,61771.21,62114.77,61625.0,62114.77,3418.28795
2024-03-02 20:00:00,62114.76,62200.0,61685.01,61987.28,3115.25755
2024-03-03 00:00:00,61987.28,62000.0,61642.39,61931.09,3127.09906
2024-03-03 04:00:00,61931.09,62100.0,61320.0,61598.0,4831.45761
2024-03-03 08:00:00,61598.01,61890.96,61393.83,61831.1,3942.85361
2024-03-03 12:00:00,61831.1,62640.18,61821.09,62164.63,6685.90515
2024-03-03 16:00:00,62164.63,62989.0,62088.0,62730.0,5623.12318
2024-03-03 20:00:00,62730.0,63231.88,62580.0,63113.97,4784.47042
2024-03-04 00:00:00,63113.97,64268.24,62300.0,63458.72,12563.71291
2024-03-04 04:00:00,63458.71,64300.0,63210.0,64066.62,6654.96237
2024-03-04 08:00:00,64066.62,65555.0,64000.11,65230.0,16002.48076
2024-03-04 12:00:00,65229.99,66580.29,64533.67,66451.65,16689.8023
2024-03-04 16:00:00,66451.65,67524.99,66039.31,67405.26,17313.10625
2024-03-04 20:00:00,67405.25,68499.0,66755.79,68245.71,15611.09546
2024-03-05 00:00:00,68245.71,68686.8,67535.31,68113.94,11448.26318
2024-03-05 04:00:00,68113.95,68384.54,65089.0,66129.64,17780.29058
2024-03-05 08:00:00,66129.64,67150.0,65515.15,66656.31,11938.90863
2024-03-05 12:00:00,66656.32,69000.0,66370.0,66773.05,22508.23086
2024-03-05 16:00:00,66773.05,66996.36,59005.0,61410.98,42797.37895
2024-03-05 20:00:00,61410.98,64367.27,61167.91,63724.01,26223.7091
2024-03-06 00:00:00,63724.01,64146.45,62779.14,63263.21,9495.88692
2024-03-06 04:00:00,63263.22,66761.1,63263.21,66676.46,15208.16062
2024-03-06 08:00:00,66676.46,67641.1,66041.63,67301.31,14316.87745
2024-03-06 12:00:00,67301.31,67592.31,64664.92,66481.12,21399.96424
2024-03-06 16:00:00,66481.12,67465.0,66221.1,66739.48,10674.76219
2024-03-06 20:00:00,66739.49,67363.58,65714.17,66074.04,7643.20349
2024-03-07 00:00:00,66074.04,66467.88,65551.0,65847.29,7749.00312
2024-03-07 04:00:00,65847.3,66469.05,65657.59,66387.78,6679.10619
2024-03-07 08:00:00,66387.77,67275.2,66341.11,66905.34,8562.6623
2024-03-07 12:00:00,66905.34,67899.0,66541.1,67260.01,13605.46645
2024-03-07 16:00:00,67260.01,67980.0,67012.0,67498.02,9547.44499
2024-03-07 20:00:00,67498.03,67914.74,66810.32,66823.17,6916.20385
2024-03-08 00:00:00,66823.18,67256.18,66757.0,67156.09,5636.13131
2024-03-08 04:00:00,67156.09,67640.45,66782.22,67223.02,5528.83778
2024-03-08 08:00:00,67223.02,67753.4,67038.71,67741.21,6407.54695
2024-03-08 12:00:00,67741.22,69990.0,67150.0,67617.6,22754.678982
2024-03-08 16:00:00,67617.6,68864.0,66082.66,68863.99,22384.90145
2024-03-08 20:00:00,68864.0,69379.0,67807.58,68124.19,11549.83637
2024-03-09 00:00:00,68124.2,68279.0,67861.1,68247.34,3976.42864
2024-03-09 04:00:00,68247.34,68541.1,68133.27,68288.64,3391.79959
2024-03-09 08:00:00,68288.64,68453.12,67933.93,68299.99,4166.2641
2024-03-09 12:00:00,68300.0,68521.1,68100.01,68288.2,3154.11941
2024-03-09 16:00:00,68288.19,68325.0,68000.0,68193.51,3079.82488
2024-03-09 20:00:00,68193.51,68433.17,68193.51,68313.27,2104.46081
2024-03-10 00:00:00,68313.28,69216.0,68200.0,69136.79,7144.0803
2024-03-10 04:00:00,69136.78,69659.47,69024.62,69347.16,5397.01526
2024-03-10 08:00:00,69347.16,69887.61,69162.0,69568.46,7712.18719
2024-03-10 12:00:00,69568.45,69833.33,68641.1,69194.83,8240.59115
2024-03-10 16:00:00,69194.83,69768.58,69111.89,69400.19,4006.35572
2024-03-10 20:00:00,69400.19,69470.01,68094.75,68955.88,5904.43873
2024-03-11 00:00:00,68955.88,68955.9,67024.96,68604.42,9122.59767
2024-03-11 04:00:00,68604.41,71298.0,68445.91,71019.99,17348.195928
2024-03-11 08:00:00,71019.99,72226.3,71019.99,71487.2,16023.350068
2024-03-11 12:00:00,71487.21,72661.1,71304.2,72010.0,15581.872268
2024-03-11 16:00:00,72010.01,72800.0,71760.0,71970.0,11603.115722
2024-03-11 20:00:00,71970.0,72750.0,71836.36,72078.1,5613.69407
2024-03-12 00:00:00,72078.1,72470.41,71400.0,71619.0,6941.41973
2024-03-12 04:00:00,71619.0,72355.15,71301.0,72121.1,6922.6066
2024-03-12 08:00:00,72121.1,72376.0,71388.0,72023.82,7323.42979
2024-03-12 12:00:00,72023.82,73000.0,70800.0,71703.41,17116.478251
2024-03-12 16:00:00,71703.41,71829.11,68620.82,71349.99,24015.90765
2024-03-12 20:00:00,71349.99,71550.05,70607.86,71452.01,6463.70467
2024-03-13 00:00:00,71452.0,72217.79,71333.31,72057.43,6367.1435
2024-03-13 04:00:00,72057.43,73182.22,71920.0,72855.16,8445.987492
2024-03-13 08:00:00,72855.15,73650.25,72820.0,73065.41,9588.448875
2024-03-13 12:00:00,73065.4,73180.0,71634.52,72634.95,14039.65954
2024-03-13 16:00:00,72634.95,73394.19,72350.0,73349.24,8727.85823
2024-03-13 20:00:00,73349.24,73410.22,72788.15,73072.41,5490.61401
2024-03-14 00:00:00,73072.4,73288.3,72500.0,73267.08,5469.57319
2024-03-14 04:00:00,73267.08,73777.0,72680.0,73224.0,7734.903346
2024-03-14 08:00:00,73224.0,73528.11,72627.0,72884.0,6407.33652
2024-03-14 12:00:00,72884.01,73047.16,70543.64,70844.01,18557.28967
2024-03-14 16:00:00,70844.0,71458.0,68555.0,69415.09,22921.42581
2024-03-14 20:00:00,69415.09,71709.9,69303.75,71388.94,10667.10021
2024-03-15 00:00:00,71388.94,72419.71,66699.0,68224.01,22422.85781
2024-03-15 04:00:00,68224.01,68861.1,66904.98,68448.29,17229.30114
2024-03-15 08:00:00,68448.28,68600.0,65600.0,67757.76,22721.61196
2024-03-15 12:00:00,67757.75,68746.69,67424.79,68157.07,12481.72359
2024-03-15 16:00:00,68157.07,70650.0,67520.01,68964.0,17320.34953
2024-03-15 20:00:00,68964.0,69750.0,67413.8,69499.85,11158.19143
2024-03-16 00:00:00,69499.84,70043.0,68932.01,69200.08,7063.23297
2024-03-16 04:00:00,69200.07,69460.91,68600.0,69432.45,5195.14968
2024-03-16 08:00:00,69432.45,69436.24,67725.53,68256.01,7874.19098
2024-03-16 12:00:00,68256.0,68499.1,67524.0,68385.58,8590.50806
2024-03-16 16:00:00,68385.58,68407.94,66670.0,66911.52,11754.26553
2024-03-16 20:00:00,66911.51,67538.49,64780.0,65300.63,15449.60614
2024-03-17 00:00:00,65300.64,66576.39,65122.23,66538.99,10190.42681
2024-03-17 04:00:00,66538.99,66560.0,64533.0,65636.67,9585.06163
2024-03-17 08:00:00,65636.68,67515.0,65290.0,66955.49,9037.77471
2024-03-17 12:00:00,66955.49,68111.45,66436.92,67965.5,8266.27135
2024-03-17 16:00:00,67965.51,68693.75,67769.86,68536.73,6689.53988
2024-03-17 20:00:00,68536.72,68904.4,67953.35,68393.48,5973.14151
2024-03-18 00:00:00,68393.47,68425.97,66800.0,67972.01,9044.36516
2024-03-18 04:00:00,67972.01,68956.0,67704.01,68218.38,6783.817
2024-03-18 08:00:00,68218.38,68483.96,67300.0,68253.4,8039.1486
2024-03-18 12:00:00,68253.39,68627.81,66628.68,67467.19,13191.14257
2024-03-18 16:00:00,67467.19,68079.52,66565.2,66936.0,12161.56392
2024-03-18 20:00:00,66936.0,67999.0,66935.99,67609.99,6471.04363
2024-03-19 00:00:00,67610.0,68124.11,64860.0,65876.01,16347.35381
2024-03-19 04:00:00,65876.01,65976.1,63577.0,64704.22,16011.77985
2024-03-19 08:00:00,64704.23,64710.69,62505.0,63081.34,21759.46345
2024-03-19 12:00:00,63081.34,64150.0,62410.78,64051.85,19821.88333
2024-03-19 16:00:00,64051.85,65756.0,63969.58,64391.99,14712.724
2024-03-19 20:00:00,64392.0,64500.12,61555.0,61937.4,12352.12043
2024-03-20 00:00:00,61937.41,63466.21,61666.0,61860.81,14260.123
2024-03-20 04:00:00,61860.82,63198.83,60775.0,62957.85,16405.1055
2024-03-20 08:00:00,62957.85,63957.74,62640.0,63392.94,11101.8558
2024-03-20 12:00:00,63392.95,64395.0,63066.6,63600.37,14577.40042
2024-03-20 16:00:00,63600.37,66000.0,62022.0,65784.46,19560.39962
2024-03-20 20:00:00,65784.47,68100.0,65656.41,67840.51,14515.70158
2024-03-21 00:00:00,67840.51,68240.47,66340.0,66654.45,9548.03051
2024-03-21 04:00:00,66654.46,67330.0,66072.2,66985.19,7775.81555
2024-03-21 08:00:00,66985.19,67659.53,66650.0,67044.0,6826.1452
2024-03-21 12:00:00,67044.01,67693.6,65885.96,66557.77,10244.26221
2024-03-21 16:00:00,66557.77,67000.0,64871.01,65223.74,11883.44847
2024-03-21 20:00:00,65223.73,65946.66,64529.01,65501.27,7079.77808
2024-03-22 00:00:00,65501.28,66160.0,65120.01,65981.99,6860.14662
2024-03-22 04:00:00,65981.99,66649.62,65756.64,66178.01,5005.64413
2024-03-22 08:00:00,66178.01,66363.1,64065.72,64233.9,8364.76408
2024-03-22 12:00:00,64233.9,64674.06,62601.11,63877.04,15779.03684
2024-03-22 16:00:00,63877.04,64126.09,62766.63,63866.93,8473.14688
2024-03-22 20:00:00,63866.94,63978.86,62260.0,63796.64,6999.63966
2024-03-23 00:00:00,63796.64,64374.91,63000.0,63556.0,5352.28065
2024-03-23 04:00:00,63556.0,64856.01,63506.5,64575.41,3673.223
2024-03-23 08:00:00,64575.41,64857.14,64186.21,64629.62,3461.5518
2024-03-23 12:00:00,64629.61,65414.69,64278.15,65104.05,5604.02124
2024-03-23 16:00:00,65104.06,65999.0,64786.25,64872.9,5268.49718
2024-03-23 20:00:00,64872.9,65199.97,63861.66,63990.01,3050.54022
2024-03-24 00:00:00,63990.02,64723.16,63922.85,63962.98,2935.71455
2024-03-24 04:00:00,63962.98,64583.44,63772.29,64583.43,2684.12371
2024-03-24 08:00:00,64583.44,65368.66,64476.0,65334.01,4489.73276
2024-03-24 12:00:00,65334.0,65925.19,65177.28,65673.36,5348.55639
2024-03-24 16:00:00,65673.36,66045.99,64600.01,65843.02,6877.2094
2024-03-24 20:00:00,65843.02,67628.69,65730.6,67209.99,9060.44334
2024-03-25 00:00:00,67210.0,67350.0,66385.06,67350.0,5111.47135
2024-03-25 04:00:00,67350.0,67740.0,66710.0,66821.19,5187.21371
2024-03-25 08:00:00,66821.19,67344.23,66747.65,66810.15,4533.27519
2024-03-25 12:00:00,66810.15,70000.0,66780.0,69792.05,18421.73075
2024-03-25 16:00:00,69792.06,71000.0,69440.18,70960.89,12949.80008
2024-03-25 20:00:00,70960.89,71150.0,69562.09,69880.01,7227.65378
2024-03-26 00:00:00,69880.0,70606.0,69732.8,70423.11,4442.88157
2024-03-26 04:00:00,70423.11,71561.1,70260.3,70486.38,6445.21132
2024-03-26 08:00:00,70486.38,71280.0,70268.66,70693.16,6034.6806
2024-03-26 12:00:00,70693.17,71136.63,69280.0,70250.0,11063.14222
2024-03-26 16:00:00,70250.01,70499.0,69412.0,69477.67,7627.77768
2024-03-26 20:00:00,69477.66,70305.33,69401.72,69988.0,3320.69078
2024-03-27 00:00:00,69987.99,70739.65,69840.0,70387.99,4372.6997
2024-03-27 04:00:00,70388.0,70598.0,69640.0,69725.99,4193.40578
2024-03-27 08:00:00,69726.0,70359.97,69407.0,70220.73,5171.78507
2024-03-27 12:00:00,70220.73,71769.54,68534.01,68874.0,22329.46086
2024-03-27 16:00:00,68873.99,69406.0,68359.18,68652.0,8096.55097
2024-03-27 20:00:00,68652.01,69637.66,68630.0,69469.99,4955.45447
2024-03-28 00:00:00,69469.99,69980.0,68903.62,69290.0,4222.74545
2024-03-28 04:00:00,69290.0,70469.82,69280.0,70399.03,4925.19222
2024-03-28 08:00:00,70399.04,70962.63,70292.44,70647.18,6772.71614
2024-03-28 12:00:00,70647.18,71552.06,70348.75,71290.39,11335.7439
2024-03-28 16:00:00,71290.38,71320.0,70404.0,70798.26,5199.87249
2024-03-28 20:00:00,70798.26,71074.03,70541.9,70780.6,2982.76219
2024-03-29 00:00:00,70780.6,70916.16,70274.07,70442.22,3035.25826
2024-03-29 04:00:00,70442.23,70538.78,69746.33,69794.0,4015.74929
2024-03-29 08:00:00,69794.01,70318.0,69566.0,70142.78,4708.66434
2024-03-29 12:00:00,70142.78,70636.04,69009.0,69180.0,7043.97127
2024-03-29 16:00:00,69179.99,69666.0,69078.62,69665.99,4246.066
2024-03-29 20:00:00,69665.99,69916.5,69290.0,69850.54,2395.37437
2024-03-30 00:00:00,69850.53,70177.87,69710.0,69773.99,2533.94601
2024-03-30 04:00:00,69774.0,70321.1,69755.98,69852.18,2669.0432
2024-03-30 08:00:00,69852.18,70183.67,69811.37,70183.55,2073.90457
2024-03-30 12:00:00,70183.54,70269.15,69925.87,69999.99,1960.15928
2024-03-30 16:00:00,69999.99,70280.06,69670.0,69896.34,2564.18678
2024-03-30 20:00:00,69896.34,69896.35,69540.0,69582.18,1843.37158
2024-03-31 00:00:00,69582.17,70165.86,69562.99,69916.61,2971.88718
2024-03-31 04:00:00,69916.6,70460.0,69874.54,70301.73,3491.10805
2024-03-31 08:00:00,70301.72,70470.0,70147.77,70369.99,1973.67988
2024-03-31 12:00:00,70369.99,70759.1,70289.72,70381.13,3579.74008
2024-03-31 16:00:00,70381.13,71227.22,70321.86,71023.5,3712.47384
2024-03-31 20:00:00,71023.51,71366.0,70639.93,71280.01,3667.4553
2024-04-01 00:00:00,71280.0,71288.23,70520.51,70588.01,3360.81417
2024-04-01 04:00:00,70588.01,70648.83,68888.0,69594.94,9756.49862
2024-04-01 08:00:00,69594.94,69799.98,69165.35,69460.01,4785.74482
2024-04-01 12:00:00,69460.0,70080.0,68161.48,68237.15,11010.9048
2024-04-01 16:00:00,68237.15,69816.24,68062.86,69648.01,8342.53739
2024-04-01 20:00:00,69648.01,69900.0,69327.66,69649.8,4188.82059
2024-04-02 00:00:00,69649.81,69674.23,66000.0,66703.97,14727.55061
2024-04-02 04:00:00,66703.97,67120.0,66120.75,66455.5,8828.4082
2024-04-02 08:00:00,66455.5,66705.08,65075.0,65622.69,13036.59722
2024-04-02 12:00:00,65622.69,66249.83,64588.58,64890.0,17665.0445
2024-04-02 16:00:00,64889.99,66200.0,64550.0,65914.9,11481.41905
2024-04-02 20:00:00,65914.91,66120.0,65200.0,65463.99,6060.80835
2024-04-03 00:00:00,65463.99,66288.88,64493.07,66225.79,9351.12963
2024-04-03 04:00:00,66225.79,66483.87,65920.0,66135.99,4521.80948
2024-04-03 08:00:00,66135.98,66642.36,65538.06,66059.76,6489.92426
2024-04-03 12:00:00,66059.75,66903.63,65635.01,65836.01,7323.44464
2024-04-03 16:00:00,65836.02,66550.0,65451.62,65784.0,6431.99952
2024-04-03 20:00:00,65784.01,66297.4,65476.63,65963.28,5768.91025
2024-04-04 00:00:00,65963.27,66354.83,65454.55,65620.01,3770.13451
2024-04-04 04:00:00,65620.0,66290.32,65064.52,66091.6,4739.31707
2024-04-04 08:00:00,66091.59,66468.99,66028.0,66353.67,3428.64196
2024-04-04 12:00:00,66353.68,67927.69,66330.56,67647.99,10795.2997
2024-04-04 16:00:00,67648.0,69309.91,67526.5,68500.0,11282.70659
2024-04-04 20:00:00,68500.0,68565.54,67320.0,68487.79,7494.3847
2024-04-05 00:00:00,68487.8,68756.67,67435.67,67863.99,5774.35522
2024-04-05 04:00:00,67864.0,68028.0,66380.0,66930.74,5658.20928
2024-04-05 08:00:00,66930.75,67684.26,66383.01,66478.0,5920.7343
2024-04-05 12:00:00,66478.0,68566.66,65952.56,68190.62,11781.15101
2024-04-05 16:00:00,68190.62,68380.0,67316.0,67412.4,6064.18449
2024-04-05 20:00:00,67412.41,67966.67,67342.0,67820.62,2716.59643
2024-04-06 00:00:00,67820.63,68065.2,67447.83,67788.01,3176.77641
2024-04-06 04:00:00,67788.0,68232.14,67602.0,67992.02,3070.43208
2024-04-06 08:00:00,67992.02,68120.0,67615.22,67668.16,2642.86157
2024-04-06 12:00:00,67668.16,68299.0,67527.78,68104.0,3568.26804
2024-04-06 16:00:00,68104.01,68484.09,67948.83,68259.98,2363.11858
2024-04-06 20:00:00,68259.99,69692.0,68166.66,68896.0,5312.83251
2024-04-07 00:00:00,68896.0,69777.0,68824.0,69408.05,4070.3115
2024-04-07 04:00:00,69408.04,69493.98,69053.97,69364.01,2506.83696
2024-04-07 08:00:00,69364.0,69555.0,69199.01,69357.0,2408.97704
2024-04-07 12:00:00,69357.0,69886.03,69210.0,69543.74,3508.85654
2024-04-07 16:00:00,69543.73,70326.29,68849.77,69068.01,6365.63132
2024-04-07 20:00:00,69068.01,69477.18,68901.0,69360.39,2674.13097
2024-04-08 00:00:00,69360.38,69841.03,69043.24,69458.95,2783.56347
2024-04-08 04:00:00,69458.95,70850.0,69280.0,70698.63,5743.89017
2024-04-08 08:00:00,70698.64,72650.0,70642.0,72404.0,17583.55254
2024-04-08 12:00:00,72404.0,72797.99,71245.17,71773.98,11394.24682
2024-04-08 16:00:00,71773.98,72104.05,71300.0,71766.0,5209.50842
2024-04-08 20:00:00,71766.0,72000.0,71500.37,71620.0,3009.11482
2024-04-09 00:00:00,71620.0,71758.19,70833.33,71285.0,4291.79016
2024-04-09 04:00:00,71285.0,71339.79,70110.0,70383.99,6190.35905
2024-04-09 08:00:00,70383.98,70905.26,69576.61,70794.85,6972.66696
2024-04-09 12:00:00,70794.84,70977.0,68535.03,69264.0,12156.24815
2024-04-09 16:00:00,69264.0,69320.0,68210.0,69000.77,6642.90689
2024-04-09 20:00:00,69000.78,69439.6,68888.47,69146.0,3039.93121
2024-04-10 00:00:00,69146.0,69594.15,68466.63,69150.18,4540.58603
2024-04-10 04:00:00,69150.18,69515.0,69005.55,69336.28,2643.50253
2024-04-10 08:00:00,69336.27,69336.28,68629.99,69043.0,4809.39998
2024-04-10 12:00:00,69043.0,69204.28,67518.0,68657.32,13749.00779
2024-04-10 16:00:00,68657.31,70098.89,68556.0,70083.99,9298.63372
2024-04-10 20:00:00,70084.0,71172.08,69581.03,70631.08,6964.89372
2024-04-11 00:00:00,70631.08,71062.0,70285.13,70851.67,4013.72496
2024-04-11 04:00:00,70851.66,71305.89,70378.11,70735.99,3777.07402
2024-04-11 08:00:00,70736.0,71256.27,69881.31,69983.16,5151.60119
2024-04-11 12:00:00,69983.16,71100.0,69567.21,70000.0,11347.13026
2024-04-11 16:00:00,70000.0,70529.73,69574.88,70459.67,4574.37082
2024-04-11 20:00:00,70459.67,70746.09,69804.87,70006.23,3053.3547
2024-04-12 00:00:00,70006.22,70996.91,70002.22,70977.27,4545.17393
2024-04-12 04:00:00,70977.27,71227.46,70566.02,70764.01,3687.50378
2024-04-12 08:00:00,70764.0,70972.0,70509.58,70904.01,3928.05462
2024-04-12 12:00:00,70904.0,70975.54,69236.95,69347.3,10668.68172
2024-04-12 16:00:00,69347.3,69580.0,65086.86,66843.98,26206.56931
2024-04-12 20:00:00,66843.98,67440.0,66680.84,67116.52,7036.87893
2024-04-13 00:00:00,67116.52,67168.0,65731.27,67160.55,7747.05556
2024-04-13 04:00:00,67160.55,67929.0,67012.67,67446.52,5876.343
2024-04-13 08:00:00,67446.53,67825.91,67090.83,67360.0,3376.15097
2024-04-13 12:00:00,67360.01,67926.0,67169.97,67676.0,3454.16666
2024-04-13 16:00:00,67675.99,67752.85,63750.01,64788.01,12176.97124
2024-04-13 20:00:00,64788.01,65608.09,60660.57,63924.51,38764.53276
2024-04-14 00:00:00,63924.52,64303.87,62134.0,63437.55,14435.88247
2024-04-14 04:00:00,63437.55,64872.96,63394.0,64464.3,9667.37241
2024-04-14 08:00:00,64464.3,64887.99,63855.45,64166.05,7342.92314
2024-04-14 12:00:00,64166.05,64848.49,63437.55,64180.97,10578.65201
2024-04-14 16:00:00,64180.98,64747.25,62573.66,64168.62,10439.26301
2024-04-14 20:00:00,64168.62,65840.0,63326.42,65661.84,9135.08514
2024-04-15 00:00:00,65661.85,65867.45,64937.01,65138.19,6221.13657
2024-04-15 04:00:00,65138.2,66582.84,64683.01,66263.84,8889.70626
2024-04-15 08:00:00,66263.84,66867.07,65807.25,65860.12,6595.64794
2024-04-15 12:00:00,65860.12,66399.0,63810.0,64568.81,11897.77903
2024-04-15 16:00:00,64568.8,64868.28,62274.4,63301.11,13199.26326
2024-04-15 20:00:00,63301.11,63633.02,62632.0,63419.99,5585.99763
2024-04-16 00:00:00,63419.99,63899.69,62750.0,62956.0,6780.05828
2024-04-16 04:00:00,62956.0,63800.0,61680.0,63516.19,10893.71179
2024-04-16 08:00:00,63516.18,63660.0,61600.0,63094.77,9560.71907
2024-04-16 12:00:00,63094.76,63422.97,61735.42,61762.2,11375.72504
2024-04-16 16:00:00,61762.19,63280.75,61694.02,62721.43,9939.37779
2024-04-16 20:00:00,62721.43,64365.0,62555.0,63793.39,4885.70134
2024-04-17 00:00:00,63793.4,64295.0,63581.16,63842.02,4408.10123
2024-04-17 04:00:00,63842.03,64499.0,63181.81,63297.84,4770.84819
2024-04-17 08:00:00,63297.85,63587.88,62541.13,62595.04,4528.8573
2024-04-17 12:00:00,62595.04,62974.88,59888.0,60304.95,19701.56268
2024-04-17 16:00:00,60304.95,61956.42,59678.16,61022.35,13090.32351
2024-04-17 20:00:00,61022.36,61763.07,60777.0,61277.37,4110.85218
2024-04-18 00:00:00,61277.38,62229.9,60939.92,61988.0,5112.05762
2024-04-18 04:00:00,61987.99,62075.46,60803.35,61178.08,5389.61634
2024-04-18 08:00:00,61178.08,63072.27,60864.0,62597.92,8854.03421
2024-04-18 12:00:00,62597.92,64117.09,61580.71,63498.7,13179.24657
2024-04-18 16:00:00,63498.69,63866.19,62310.03,63477.04,7383.52292
2024-04-18 20:00:00,63477.04,63825.74,63162.77,63470.08,3683.13152
2024-04-19 00:00:00,63470.09,63470.09,59600.01,61785.14,18924.46633
2024-04-19 04:00:00,61785.14,65179.0,61739.68,64547.18,16300.5042
2024-04-19 08:00:00,64547.18,65450.0,64098.13,64870.74,10760.55037
2024-04-19 12:00:00,64870.73,65440.57,63820.57,64437.17,10695.68779
2024-04-19 16:00:00,64437.18,64808.54,63506.57,64325.25,7338.37595
2024-04-19 20:00:00,64325.26,64494.03,62953.9,63818.01,5754.71807
2024-04-20 00:00:00,63818.01,64263.41,63090.07,63956.0,4907.95296
2024-04-20 04:00:00,63956.01,64268.58,63815.53,63961.22,2687.98622
2024-04-20 08:00:00,63961.22,63988.0,63277.0,63707.17,3210.87149
2024-04-20 12:00:00,63707.18,64960.37,63575.83,64808.35,3733.80603
2024-04-20 16:00:00,64808.35,65419.0,64456.54,64866.44,6438.0366
2024-04-20 20:00:00,64866.45,65031.25,64555.0,64940.59,2158.77645
2024-04-21 00:00:00,64940.58,65695.56,64608.0,65170.0,3453.01051
2024-04-21 04:00:00,65170.01,65244.65,64843.98,65150.66,2641.24775
2024-04-21 08:00:00,65150.67,65440.95,64763.15,65234.01,3450.14128
2024-04-21 12:00:00,65234.02,65375.41,64778.69,65043.69,2695.60703
2024-04-21 16:00:00,65043.7,65087.92,64237.5,64538.0,4176.1013
2024-04-21 20:00:00,64538.0,65167.19,64362.5,64941.15,2900.31365
2024-04-22 00:00:00,64941.15,66090.69,64500.0,65703.5,7919.96299
2024-04-22 04:00:00,65703.49,66479.8,65509.24,65980.0,6098.37541
2024-04-22 08:00:00,65980.01,66204.44,65702.0,65877.47,3405.5687
2024-04-22 12:00:00,65877.47,66477.53,65626.87,65994.38,5461.41672
2024-04-22 16:00:00,65994.39,66824.28,65913.52,66524.77,4574.61291
2024-04-22 20:00:00,66524.77,67232.35,66342.1,66819.32,3938.05698
2024-04-23 00:00:00,66819.32,67183.01,66419.55,66435.01,3243.03761
2024-04-23 04:00:00,66435.01,66646.0,66020.0,66099.79,3505.2568
2024-04-23 08:00:00,66099.79,66310.44,65852.35,66043.99,3664.65129
2024-04-23 12:00:00,66043.99,67130.0,65765.81,66419.56,7336.45218
2024-04-23 16:00:00,66419.56,66905.99,66350.91,66484.43,2615.80021
2024-04-23 20:00:00,66484.43,66484.96,65980.0,66414.0,2234.70195
2024-04-24 00:00:00,66414.0,66900.0,66390.0,66608.14,3046.35629
2024-04-24 04:00:00,66608.14,67070.43,66552.37,66630.9,3233.87893
2024-04-24 08:00:00,66630.89,66743.01,66203.05,66571.52,3109.38742
2024-04-24 12:00:00,66571.52,66737.0,64519.03,64610.11,11318.18882
2024-04-24 16:00:00,64610.1,65156.95,63736.7,63976.06,7661.7157
2024-04-24 20:00:00,63976.05,64447.91,63606.06,64289.59,5226.16921
2024-04-25 00:00:00,64289.58,64741.47,63860.0,64282.01,3701.42089
2024-04-25 04:00:00,64282.02,64397.78,63824.07,64017.99,2632.77055
2024-04-25 08:00:00,64017.99,64192.0,63337.25,63861.23,5784.37183
2024-04-25 12:00:00,63861.24,64302.99,62794.0,64135.94,9541.23587
2024-04-25 16:00:00,64135.93,64975.0,63971.48,64747.11,5893.40227
2024-04-25 20:00:00,64747.12,65297.94,64447.75,64498.34,3788.26197
2024-04-26 00:00:00,64498.33,64662.53,63890.82,64381.24,4501.10389
2024-04-26 04:00:00,64381.25,64610.82,64000.02,64276.95,3820.59365
2024-04-26 08:00:00,64276.94,64581.52,64059.8,64244.02,3562.57552
2024-04-26 12:00:00,64244.03,64820.01,63297.48,63503.22,9690.76928
2024-04-26 16:00:00,63503.22,64162.5,63318.75,63742.05,3712.95105
2024-04-26 20:00:00,63742.07,64107.32,63689.22,63770.01,1797.20007
2024-04-27 00:00:00,63770.0,63923.41,62391.24,63082.01,6657.76903
2024-04-27 04:00:00,63082.0,63175.0,62808.0,62966.83,2242.40457
2024-04-27 08:00:00,62966.84,63060.0,62673.37,62862.14,2079.69094
2024-04-27 12:00:00,62862.13,63408.53,62810.29,62951.75,3503.85622
2024-04-27 16:00:00,62951.75,63650.0,62750.0,63352.11,4913.85251
2024-04-27 20:00:00,63352.11,63555.56,63157.98,63461.98,1535.48725
2024-04-28 00:00:00,63461.98,64370.0,63456.86,64021.62,3385.63662
2024-04-28 04:00:00,64021.62,64060.0,63800.0,63915.5,2305.67426
2024-04-28 08:00:00,63915.5,63979.27,63345.55,63484.01,2754.13016
2024-04-28 12:00:00,63484.0,63869.09,63415.6,63540.0,2421.65968
2024-04-28 16:00:00,63540.0,63976.0,63483.18,63730.49,1787.98929
2024-04-28 20:00:00,63730.49,63745.91,62781.0,63118.62,4294.11004
2024-04-29 00:00:00,63118.62,63367.05,62150.52,62279.67,4182.37182
2024-04-29 04:00:00,62279.68,62639.4,61923.13,62399.98,4977.90568
2024-04-29 08:00:00,62399.98,62673.18,62179.99,62256.0,3033.90933
2024-04-29 12:00:00,62256.0,63112.29,61765.53,63039.07,8212.51545
2024-04-29 16:00:00,63039.07,63221.74,62546.37,62987.37,3504.07719
2024-04-29 20:00:00,62987.37,64228.35,62820.0,63866.0,4239.45
2024-04-30 00:00:00,63866.0,64734.0,62995.7,63647.99,6641.99134
2024-04-30 04:00:00,63647.99,63708.7,63069.68,63148.74,3035.08013
2024-04-30 08:00:00,63148.74,63244.0,61000.0,61204.42,14068.13369
2024-04-30 12:00:00,61204.41,61559.36,60546.22,60796.85,10504.86521
2024-04-30 16:00:00,60796.86,60947.55,59191.6,59292.95,13263.13146
2024-04-30 20:00:00,59292.95,61070.71,59274.75,60672.0,7434.45352
2024-05-01 00:00:00,60672.01,60841.63,59590.0,60246.03,6530.47723
2024-05-01 04:00:00,60246.02,60361.09,57100.0,57499.99,15737.62045
2024-05-01 08:00:00,57500.0,57909.0,56552.82,57898.47,18606.5614
2024-05-01 12:00:00,57898.46,58275.87,56674.51,56886.0,11686.74779
2024-05-01 16:00:00,56886.0,59468.0,56625.09,56954.47,20507.82488
2024-05-01 20:00:00,56954.46,58575.32,56760.02,58364.97,8097.23648
2024-05-02 00:00:00,58364.97,58610.55,56911.84,57442.88,11212.01702
2024-05-02 04:00:00,57442.88,57945.19,57202.49,57681.08,4030.5593
2024-05-02 08:00:00,57681.08,58689.55,57561.14,58559.66,7270.28163
2024-05-02 12:00:00,58559.66,59455.0,58222.0,59264.15,15027.94977
2024-05-02 16:00:00,59264.16,59575.29,58943.38,59351.11,5176.24271
2024-05-02 20:00:00,59351.1,59625.0,58637.62,59060.61,4866.76918
2024-05-03 00:00:00,59060.6,59999.0,58811.32,59720.3,5109.40917
2024-05-03 04:00:00,59720.3,59844.94,59061.63,59190.74,3909.0336
2024-05-03 08:00:00,59190.74,59575.48,58849.94,59291.09,3640.85276
2024-05-03 12:00:00,59291.1,62115.64,58991.99,61690.74,19191.72512
2024-05-03 16:00:00,61690.74,62179.99,61533.2,62067.32,4594.31487
2024-05-03 20:00:00,62067.32,63333.0,61974.0,62882.01,7183.06591
2024-05-04 00:00:00,62882.01,63595.14,62541.03,62724.0,4743.46495
2024-05-04 04:00:00,62724.0,63450.0,62686.0,62959.03,3268.58824
2024-05-04 08:00:00,62959.03,64540.0,62924.37,63873.31,6546.74516
2024-05-04 12:00:00,63873.3,64158.19,63434.53,63609.17,3811.93368
2024-05-04 16:00:00,63609.17,64019.83,63300.58,63921.18,3617.97274
2024-05-04 20:00:00,63921.17,64240.76,63550.0,63892.04,2379.98805
2024-05-05 00:00:00,63892.03,64188.0,62822.17,63235.93,4023.81118
2024-05-05 04:00:00,63235.93,63959.0,63119.32,63736.87,1984.95667
2024-05-05 08:00:00,63736.86,63937.17,63539.53,63859.63,2431.33573
2024-05-05 12:00:00,63859.63,64646.0,63618.91,64428.65,5405.83792
2024-05-05 16:00:00,64428.64,64554.68,63811.01,63879.94,2871.91182
2024-05-05 20:00:00,63879.94,64227.51,63582.08,64012.0,1808.89697
2024-05-06 00:00:00,64012.0,64465.0,63708.58,63866.59,3162.30361
2024-05-06 04:00:00,63866.59,64588.0,63768.72,64540.75,4129.26675
2024-05-06 08:00:00,64540.75,65500.0,63815.38,64203.56,9354.00852
2024-05-06 12:00:00,64203.55,64319.86,62909.61,63632.01,10782.37421
2024-05-06 16:00:00,63632.01,63747.59,62700.0,63220.0,5039.95966
2024-05-06 20:00:00,63220.0,63611.85,63051.94,63165.19,2207.00674
2024-05-07 00:00:00,63165.18,63967.19,62832.6,63239.49,4005.85545
2024-05-07 04:00:00,63239.5,63853.12,63092.76,63669.69,2871.47278
2024-05-07 08:00:00,63669.69,64422.41,63358.0,63490.43,5001.25779
2024-05-07 12:00:00,63490.43,64320.0,63050.77,63740.48,5420.86559
2024-05-07 16:00:00,63740.48,63895.46,62789.89,63060.01,3582.30191
2024-05-07 20:00:00,63060.0,63197.58,62261.0,62312.08,4717.0412
2024-05-08 00:00:00,62312.07,62973.18,62111.0,62893.99,3337.82292
2024-05-08 04:00:00,62894.0,63020.22,62020.09,62208.0,3859.89848
2024-05-08 08:00:00,62208.0,62519.7,62042.0,62243.4,3513.4572
2024-05-08 12:00:00,62243.4,62828.0,61761.0,62273.08,6158.24711
2024-05-08 16:00:00,62273.07,62760.0,61949.42,62179.45,3301.14049
2024-05-08 20:00:00,62179.45,62248.84,60888.0,61193.03,5950.62384
2024-05-09 00:00:00,61193.03,61806.98,61144.33,61680.4,2721.61729
2024-05-09 04:00:00,61680.4,61780.6,61129.0,61253.16,2905.35223
2024-05-09 08:00:00,61253.16,61447.06,60630.0,61053.99,5362.37094
2024-05-09 12:00:00,61053.99,62285.0,60882.19,62159.06,8288.33478
2024-05-09 16:00:00,62159.06,62668.67,61750.0,62454.92,6281.25123
2024-05-09 20:00:00,62454.92,63429.03,62346.36,63074.01,5101.87963
2024-05-10 00:00:00,63074.0,63094.01,62662.07,62916.16,2735.78507
2024-05-10 04:00:00,62916.16,63380.0,62660.42,63078.02,4829.47839
2024-05-10 08:00:00,63078.01,63320.0,62800.0,63299.63,3172.4998
2024-05-10 12:00:00,63299.63,63469.13,60690.0,60928.02,13444.88923
2024-05-10 16:00:00,60928.02,61294.82,60187.12,60716.97,9448.65481
2024-05-10 20:00:00,60716.96,61003.0,60456.91,60799.99,2898.03295
2024-05-11 00:00:00,60799.99,61096.27,60650.0,60731.9,2363.19506
2024-05-11 04:00:00,60731.89,61080.0,60712.0,61018.52,1958.49596
2024-05-11 08:00:00,61018.53,61058.75,60487.09,60684.01,2622.23696
2024-05-11 12:00:00,60684.0,61515.0,60643.94,61174.18,2983.17984
2024-05-11 16:00:00,61174.18,61410.09,61016.0,61144.0,1958.45382
2024-05-11 20:00:00,61144.01,61154.21,60743.51,60825.99,1489.00772
2024-05-12 00:00:00,60825.99,61104.05,60804.0,60930.0,1266.79428
2024-05-12 04:00:00,60930.01,61120.0,60610.0,60820.0,1414.28916
2024-05-12 08:00:00,60819.99,61366.59,60790.94,61146.0,2340.63752
2024-05-12 12:00:00,61145.99,61587.12,61090.0,61419.0,2048.43475
2024-05-12 16:00:00,61419.01,61888.0,61109.67,61406.1,3820.38147
2024-05-12 20:00:00,61406.11,61551.43,60910.58,61483.99,1862.59518
2024-05-13 00:00:00,61484.0,61812.0,60749.21,61170.0,5351.68295
2024-05-13 04:00:00,61170.0,62450.0,60797.79,62334.37,4765.16809
2024-05-13 08:00:00,62334.36,63295.48,62334.36,62738.0,9213.32472
2024-05-13 12:00:00,62737.99,63200.0,62399.35,63002.0,5842.90422
2024-05-13 16:00:00,63002.0,63450.0,62566.36,63172.69,5512.43015
2024-05-13 20:00:00,63172.7,63193.59,62715.57,62940.08,2047.90826
2024-05-14 00:00:00,62940.09,63118.36,62403.22,62488.46,4185.92634
2024-05-14 04:00:00,62488.46,62780.73,61404.34,62035.39,6129.65977
2024-05-14 08:00:00,62035.39,62045.8,61520.89,61798.57,2978.35656
2024-05-14 12:00:00,61798.57,62300.0,61142.77,61787.61,9371.49007
2024-05-14 16:00:00,61787.6,61816.34,61159.34,61596.52,4672.60874
2024-05-14 20:00:00,61596.51,61789.99,61472.41,61577.49,1750.67893
2024-05-15 00:00:00,61577.49,62033.48,61319.47,61949.99,2150.95758
2024-05-15 04:00:00,61949.99,62280.01,61818.18,62195.04,2500.5292
2024-05-15 08:00:00,62195.04,62999.44,61923.2,62467.18,5841.97337
2024-05-15 12:00:00,62467.18,65057.26,62402.03,64725.11,18482.64633
2024-05-15 16:00:00,64725.12,66419.15,64720.0,66006.23,9790.73766
2024-05-15 20:00:00,66006.23,66444.16,65738.0,66206.5,4792.90305
2024-05-16 00:00:00,66206.51,66666.0,65746.42,65975.39,4545.03782
2024-05-16 04:00:00,65975.39,66278.04,65652.92,66142.62,3539.9064
2024-05-16 08:00:00,66142.62,66585.7,66000.0,66503.8,3707.82709
2024-05-16 12:00:00,66503.81,66752.01,65361.51,65818.88,8417.05624
2024-05-16 16:00:00,65818.89,65827.47,64602.77,65186.85,8466.84763
2024-05-16 20:00:00,65186.84,65500.0,65050.0,65235.21,2429.69192
2024-05-17 00:00:00,65235.21,65901.46,65106.38,65584.53,3015.02361
2024-05-17 04:00:00,65584.53,66500.0,65367.51,66386.94,4966.49056
2024-05-17 08:00:00,66386.93,66564.23,66068.79,66218.0,3554.56752
2024-05-17 12:00:00,66217.99,67451.2,65828.03,67195.1,7892.28774
2024-05-17 16:00:00,67195.09,67300.0,66214.67,67047.99,5023.34456
2024-05-17 20:00:00,67047.99,67089.72,66669.72,67024.0,1840.5201
2024-05-18 00:00:00,67024.0,67095.88,66725.53,66945.05,2481.3965
2024-05-18 04:00:00,66945.06,67240.69,66730.0,66887.0,2081.50495
2024-05-18 08:00:00,66887.01,67400.01,66840.0,67190.82,3570.27427
2024-05-18 12:00:00,67190.81,67227.97,66600.0,66823.63,3512.39354
2024-05-18 16:00:00,66823.63,66992.53,66722.0,66912.62,1415.23897
2024-05-18 20:00:00,66912.62,67039.92,66810.0,66915.2,1380.44951
2024-05-19 00:00:00,66915.2,67294.35,66837.39,67170.21,1968.76906
2024-05-19 04:00:00,67170.2,67329.45,66930.4,67324.44,1770.85016
2024-05-19 08:00:00,67324.44,67700.0,66950.0,67330.0,4156.529
2024-05-19 12:00:00,67330.01,67330.01,66677.0,66889.88,3575.96349
2024-05-19 16:00:00,66889.88,66990.0,65857.25,66034.01,4551.01267
2024-05-19 20:00:00,66034.01,66463.0,66000.0,66274.01,2002.17971
2024-05-20 00:00:00,66274.0,66768.87,66060.31,66675.22,2810.74639
2024-05-20 04:00:00,66675.21,67295.99,66279.64,66825.14,4518.75286
2024-05-20 08:00:00,66825.15,67349.0,66750.0,66994.2,3926.45606
2024-05-20 12:00:00,66994.2,67487.0,66753.42,67419.99,5810.8034
2024-05-20 16:00:00,67420.0,70000.0,67374.42,69999.99,16377.91082
2024-05-20 20:00:00,70000.0,71515.56,68905.67,71446.62,17372.03157
2024-05-21 00:00:00,71446.62,71979.0,70706.0,71284.0,13088.39015
2024-05-21 04:00:00,71283.99,71394.2,70826.92,70878.29,6601.84071
2024-05-21 08:00:00,70878.3,71474.92,70839.63,71130.0,7293.08407
2024-05-21 12:00:00,71130.0,71455.09,69685.01,69826.99,11191.26336
2024-05-21 16:00:00,69827.0,70263.03,69162.94,69285.99,7682.81292
2024-05-21 20:00:00,69285.99,70377.77,69240.57,70148.34,3750.04239
2024-05-22 00:00:00,70148.34,70368.6,69822.76,69955.72,3712.34798
2024-05-22 04:00:00,69955.72,70059.89,69165.0,69715.0,3561.58064
2024-05-22 08:00:00,69715.0,70275.14,69636.01,69736.13,3338.95553
2024-05-22 12:00:00,69736.14,70591.0,69435.3,70455.9,6115.43217
2024-05-22 16:00:00,70455.89,70666.0,69228.64,69637.47,6273.89945
2024-05-22 20:00:00,69637.48,69976.0,68842.19,69166.62,4670.96449
2024-05-23 00:00:00,69166.62,69626.87,69166.61,69446.14,2519.07727
2024-05-23 04:00:00,69446.14,69862.44,69347.17,69734.04,2641.29925
2024-05-23 08:00:00,69734.05,70061.0,69520.02,69982.72,3721.08269
2024-05-23 12:00:00,69982.72,70096.12,67610.95,68076.0,12779.86105
2024-05-23 16:00:00,68075.99,68167.97,66764.7,67199.98,6871.2151
2024-05-23 20:00:00,67199.98,68365.81,66312.16,67969.65,11980.63838
2024-05-24 00:00:00,67969.66,68017.56,67628.01,67891.83,3527.41135
2024-05-24 04:00:00,67891.83,67922.79,66816.21,67155.93,5910.48089
2024-05-24 08:00:00,67155.93,67523.78,66600.12,67349.99,3483.32864
2024-05-24 12:00:00,67350.0,68420.0,66921.97,68326.46,7204.20269
2024-05-24 16:00:00,68326.46,69250.0,67924.39,69115.98,6124.27945
2024-05-24 20:00:00,69115.98,69214.0,68524.94,68549.99,1846.13362
2024-05-25 00:00:00,68549.99,68910.0,68500.0,68757.85,1641.62583
2024-05-25 04:00:00,68757.84,68831.88,68615.56,68753.92,1418.86107
2024-05-25 08:00:00,68753.93,69610.0,68749.2,69104.67,3074.05389
2024-05-25 12:00:00,69104.68,69299.99,68847.65,68930.4,3361.6813
2024-05-25 16:00:00,68930.39,69266.66,68849.5,69155.32,1460.29445
2024-05-25 20:00:00,69155.32,69356.6,69050.01,69290.57,1173.87764
2024-05-26 00:00:00,69290.56,69319.31,68808.37,69073.62,1604.1616
2024-05-26 04:00:00,69073.62,69435.36,68928.22,69340.15,1384.96206
2024-05-26 08:00:00,69340.16,69562.23,68974.55,69134.91,2431.33857
2024-05-26 12:00:00,69134.91,69399.0,68668.6,68847.99,2691.07965
2024-05-26 16:00:00,68847.98,68973.15,68692.11,68903.54,1856.42507
2024-05-26 20:00:00,68903.53,68911.56,68128.01,68507.67,1904.15102
2024-05-27 00:00:00,68507.67,69298.0,68481.31,68873.43,3075.08732
2024-05-27 04:00:00,68873.43,68901.74,68321.95,68643.36,2593.08429
2024-05-27 08:00:00,68643.36,68944.2,68250.0,68434.26,2936.86739
2024-05-27 12:00:00,68434.26,70520.3,68384.0,70373.85,7055.83517
2024-05-27 16:00:00,70373.86,70687.56,69069.0,69260.01,5008.7635
2024-05-27 20:00:00,69260.02,69887.9,69177.01,69436.43,2467.2897
2024-05-28 00:00:00,69436.43,69591.81,67753.0,68050.3,6835.12436
2024-05-28 04:00:00,68050.3,68134.0,67486.65,67694.0,4924.25467
2024-05-28 08:00:00,67694.01,68902.71,67582.13,68389.87,5753.28941
2024-05-28 12:00:00,68389.87,68559.99,67529.62,68374.08,7315.8352
2024-05-28 16:00:00,68374.08,68598.33,67277.91,68424.29,5785.87242
2024-05-28 20:00:00,68424.28,68661.28,68124.04,68398.39,2008.59436
2024-05-29 00:00:00,68398.4,68923.0,68266.04,68829.42,2939.72633
2024-05-29 04:00:00,68829.41,68935.68,67936.35,67946.9,3436.4985
2024-05-29 08:00:00,67946.89,68033.33,67602.34,67763.59,3936.67261
2024-05-29 12:00:00,67763.59,68280.0,67262.34,67379.13,7094.29394
2024-05-29 16:00:00,67379.13,67742.0,67124.65,67266.78,3771.18556
2024-05-29 20:00:00,67266.78,67826.09,67151.35,67652.42,1981.45455
2024-05-30 00:00:00,67652.41,68199.97,67471.67,68118.2,2683.70027
2024-05-30 04:00:00,68118.2,68422.89,67508.42,67584.56,4433.93438
2024-05-30 08:00:00,67584.57,68100.0,67128.0,67817.01,4585.8536
2024-05-30 12:00:00,67817.01,68826.31,67755.0,68530.76,7062.79888
2024-05-30 16:00:00,68530.77,69500.0,68384.0,68653.02,7037.66907
2024-05-30 20:00:00,68653.02,68657.41,68050.01,68352.17,2674.2622
2024-05-31 00:00:00,68352.17,68729.73,68274.0,68535.81,2131.97288
2024-05-31 04:00:00,68535.81,68654.33,68075.99,68174.99,2754.48155
2024-05-31 08:00:00,68175.0,68461.0,67876.0,68349.73,3296.46239
2024-05-31 12:00:00,68349.73,69044.1,67200.0,67215.58,9839.14106
2024-05-31 16:00:00,67215.58,67999.0,66670.0,67681.0,6363.51811
2024-05-31 20:00:00,67681.0,67798.0,67239.19,67540.01,2304.74585
2024-06-01 00:00:00,67540.01,67757.14,67428.44,67715.31,1777.35139
2024-06-01 04:00:00,67715.31,67810.0,67575.23,67632.08,1250.73388
2024-06-01 08:00:00,67632.07,67760.0,67611.61,67660.57,1293.15334
2024-06-01 12:00:00,67660.57,67872.5,67640.0,67691.28,1527.99394
2024-06-01 16:00:00,67691.28,67900.0,67556.72,67753.76,1933.67458
2024-06-01 20:00:00,67753.76,67885.0,67700.0,67766.85,1054.7542
2024-06-02 00:00:00,67766.84,67910.55,67643.33,67789.47,1287.2317
2024-06-02 04:00:00,67789.48,67867.6,67720.41,67721.0,1056.53192
2024-06-02 08:00:00,67721.01,68320.08,67367.2,68251.52,2959.02252
2024-06-02 12:00:00,68251.53,68460.0,67800.0,68142.17,4215.16637
2024-06-02 16:00:00,68142.18,68200.0,67257.47,67736.95,4668.17947
2024-06-02 20:00:00,67736.95,67984.01,67577.65,67765.63,1240.19331
2024-06-03 00:00:00,67765.62,68793.97,67612.48,68382.81,3808.91033
2024-06-03 04:00:00,68382.8,69221.0,68285.29,68906.7,5525.34568
2024-06-03 08:00:00,68906.7,69333.0,68824.0,69080.0,3826.91777
2024-06-03 12:00:00,69080.0,70288.0,68500.0,69615.28,10231.02887
2024-06-03 16:00:00,69615.27,69715.61,68800.0,69204.0,3716.39069
2024-06-03 20:00:00,69204.0,69509.38,68730.51,68809.9,2524.78066
2024-06-04 00:00:00,68809.89,69370.01,68629.9,69170.22,2195.99092
2024-06-04 04:00:00,69170.22,69268.27,68745.68,69013.63,2550.75405
2024-06-04 08:00:00,69013.62,69191.99,68567.32,68955.85,3143.28299
2024-06-04 12:00:00,68955.84,70480.0,68843.73,70445.0,10001.68378
2024-06-04 16:00:00,70445.0,71063.45,70092.5,70423.6,9252.35453
2024-06-04 20:00:00,70423.61,70736.0,70168.67,70537.84,2475.71862
2024-06-05 00:00:00,70537.83,71275.0,70423.51,70947.58,4747.42504
2024-06-05 04:00:00,70947.58,71379.21,70826.15,71200.0,4692.49958
2024-06-05 08:00:00,71199.99,71243.6,70694.61,70971.71,3455.32686
2024-06-05 12:00:00,70971.7,71731.35,70383.66,71580.0,7724.60004
2024-06-05 16:00:00,71580.01,71758.0,70871.2,71279.95,5604.75987
2024-06-05 20:00:00,71279.95,71357.68,70700.0,71108.0,2478.56943
2024-06-06 00:00:00,71108.0,71237.02,70900.0,71050.0,1838.31631
2024-06-06 04:00:00,71050.0,71106.46,70800.0,71021.47,2441.77446
2024-06-06 08:00:00,71021.46,71204.59,70862.5,71170.01,2311.02713
2024-06-06 12:00:00,71170.01,71700.0,71000.0,71300.0,6417.45132
2024-06-06 16:00:00,71300.0,71379.93,70450.0,70479.49,5514.55376
2024-06-06 20:00:00,70479.49,70958.89,70117.64,70799.06,3318.88151
2024-06-07 00:00:00,70799.06,71015.2,70663.59,70989.68,1822.51982
2024-06-07 04:00:00,70989.69,71449.98,70989.68,71110.0,4173.52745
2024-06-07 08:00:00,71110.01,71700.0,71048.12,71699.99,3176.10664
2024-06-07 12:00:00,71700.0,71997.02,70633.21,71111.54,9856.47926
2024-06-07 16:00:00,71111.55,71208.89,68420.0,69255.0,13917.20632
2024-06-07 20:00:00,69255.01,69585.96,68978.52,69355.6,2652.61096
2024-06-08 00:00:00,69355.6,69525.0,69287.28,69432.0,1791.64307
2024-06-08 04:00:00,69432.0,69582.2,69232.15,69582.2,1721.33097
2024-06-08 08:00:00,69582.2,69582.2,69318.19,69365.93,1625.99373
2024-06-08 12:00:00,69365.94,69491.36,69168.02,69430.01,2118.57239
2024-06-08 16:00:00,69430.01,69490.0,69292.22,69460.01,1578.06404
2024-06-08 20:00:00,69460.0,69475.18,69290.28,69310.46,938.22547
2024-06-09 00:00:00,69310.46,69346.9,69130.24,69259.38,1184.61971
2024-06-09 04:00:00,69259.38,69425.7,69234.73,69295.64,1031.53735
2024-06-09 08:00:00,69295.64,69397.19,69283.45,69367.69,869.09305
2024-06-09 12:00:00,69367.68,69777.0,69250.01,69508.64,3778.30362
2024-06-09 16:00:00,69508.64,69857.14,69500.0,69710.26,1982.06406
2024-06-09 20:00:00,69710.26,69821.53,69590.33,69648.14,1044.9493
2024-06-10 00:00:00,69648.15,69801.34,69426.0,69613.2,1986.09511
2024-06-10 04:00:00,69613.2,69677.5,69249.99,69303.99,2111.8604
2024-06-10 08:00:00,69304.0,69550.0,69172.29,69473.89,2217.29737
2024-06-10 12:00:00,69473.89,70195.94,69201.59,70066.12,4204.58568
2024-06-10 16:00:00,70066.12,70141.1,69386.81,69490.8,4296.16146
2024-06-10 20:00:00,69490.81,69700.51,69334.46,69540.0,2306.66939
2024-06-11 00:00:00,69540.0,69590.01,67900.0,68464.0,8068.669
2024-06-11 04:00:00,68464.0,68464.0,67325.0,67570.18,7797.79833
2024-06-11 08:00:00,67570.18,67662.49,66732.0,66890.01,7282.49886
2024-06-11 12:00:00,66890.0,67278.88,66051.0,66244.48,9349.62363
2024-06-11 16:00:00,66244.48,67586.64,66161.26,67407.01,6551.1506
2024-06-11 20:00:00,67407.02,67588.22,67173.92,67314.24,2386.27546
2024-06-12 00:00:00,67314.23,67596.15,66905.0,67407.0,2922.2534
2024-06-12 04:00:00,67407.01,67624.89,67195.97,67453.63,2712.51803
2024-06-12 08:00:00,67453.64,68059.01,67353.02,67778.43,3358.7204
2024-06-12 12:00:00,67778.43,69999.0,67736.0,69734.0,12403.63584
2024-06-12 16:00:00,69734.0,69862.4,67250.0,67532.92,11888.022
2024-06-12 20:00:00,67532.92,68667.44,67413.51,68263.99,3890.17389
2024-06-13 00:00:00,68263.98,68393.63,66969.98,67474.94,5168.64979
2024-06-13 04:00:00,67474.95,67729.41,67300.3,67724.81,2963.75859
2024-06-13 08:00:00,67724.8,67971.2,67168.0,67739.99,3762.21969
2024-06-13 12:00:00,67740.0,68449.3,66368.76,66470.01,10171.91317
2024-06-13 16:00:00,66470.01,67080.13,66251.78,66604.01,5091.83328
2024-06-13 20:00:00,66604.01,66980.0,66530.84,66773.01,1921.18119
2024-06-14 00:00:00,66773.01,67027.32,66480.0,66744.0,2704.93799
2024-06-14 04:00:00,66744.0,67221.32,66707.76,66904.98,2943.04425
2024-06-14 08:00:00,66904.98,67256.32,66746.4,67036.0,3383.9336
2024-06-14 12:00:00,67035.99,67370.24,66344.67,66392.0,5730.45832
2024-06-14 16:00:00,66392.0,66520.0,65078.0,65520.02,9683.77753
2024-06-14 20:00:00,65520.02,66627.52,65480.0,66043.99,3962.03628
2024-06-15 00:00:00,66043.99,66290.0,65967.5,66267.87,2008.24903
2024-06-15 04:00:00,66267.87,66416.66,66065.8,66076.99,2891.47187
2024-06-15 08:00:00,66076.99,66348.0,66076.98,66319.95,1493.77779
2024-06-15 12:00:00,66319.94,66478.48,66153.84,66316.02,2100.54737
2024-06-15 16:00:00,66316.02,66360.0,66071.47,66154.7,1431.64709
2024-06-15 20:00:00,66154.7,66287.76,65857.1,66228.25,1526.10927
2024-06-16 00:00:00,66228.25,66269.74,66076.55,66146.0,790.58916
2024-06-16 04:00:00,66145.99,66360.18,66034.5,66266.3,1179.96721
2024-06-16 08:00:00,66266.3,66770.0,66172.5,66492.83,2395.77885
2024-06-16 12:00:00,66492.83,66793.72,66480.0,66712.8,1854.32659
2024-06-16 16:00:00,66712.8,66744.71,66522.0,66562.52,1140.46531
2024-06-16 20:00:00,66562.52,66998.7,66460.0,66676.87,2031.39511
2024-06-17 00:00:00,66676.86,66913.69,66155.0,66222.0,3307.38167
2024-06-17 04:00:00,66222.0,66567.68,65939.67,66172.0,2843.05342
2024-06-17 08:00:00,66172.0,66317.64,65556.0,65817.2,4095.43003
2024-06-17 12:00:00,65817.2,65827.9,65130.0,65368.0,5353.73577
2024-06-17 16:00:00,65368.0,67298.81,65138.0,66691.99,8280.08295
2024-06-17 20:00:00,66691.99,66764.7,66164.01,66504.33,3506.48467
2024-06-18 00:00:00,66504.33,66588.23,64569.0,65500.0,11041.36558
2024-06-18 04:00:00,65500.0,65845.47,65344.24,65672.51,4340.32865
2024-06-18 08:00:00,65672.51,65750.01,65100.0,65366.0,3732.15562
2024-06-18 12:00:00,65366.0,65433.97,64261.12,64706.0,11395.51177
2024-06-18 16:00:00,64705.99,64904.91,64060.0,64412.19,6974.9316
2024-06-18 20:00:00,64412.18,65305.0,64178.1,65175.32,4865.80922
2024-06-19 00:00:00,65175.32,65603.91,64810.62,65404.0,5262.16662
2024-06-19 04:00:00,65404.0,65727.54,65158.05,65326.89,3599.20908
2024-06-19 08:00:00,65326.89,65544.0,65000.0,65210.0,3851.72512
2024-06-19 12:00:00,65210.0,65310.02,64756.28,64922.0,3230.69752
2024-06-19 16:00:00,64921.99,65284.37,64791.76,64882.01,2587.30051
2024-06-19 20:00:00,64882.02,65087.76,64666.0,64974.37,1529.69691
2024-06-20 00:00:00,64974.37,65407.4,64818.72,65189.99,2764.12678
2024-06-20 04:00:00,65190.0,65967.39,65070.91,65858.84,3218.48909
2024-06-20 08:00:00,65858.84,66482.94,65559.45,66169.85,3716.69714
2024-06-20 12:00:00,66169.86,66300.5,64658.06,64831.23,7331.76705
2024-06-20 16:00:00,64831.24,65217.21,64559.15,65050.0,5208.45123
2024-06-20 20:00:00,65049.99,65200.11,64848.7,64869.99,2025.75902
2024-06-21 00:00:00,64869.99,65066.66,64345.0,64506.14,3151.09938
2024-06-21 04:00:00,64506.15,64739.09,64190.76,64201.63,3017.09525
2024-06-21 08:00:00,64201.63,64372.15,63522.75,63770.0,6116.25686
2024-06-21 12:00:00,63770.01,64360.0,63379.35,63732.02,7918.52722
2024-06-21 16:00:00,63732.02,64264.95,63465.17,64232.01,4035.76865
2024-06-21 20:00:00,64232.01,64460.14,63828.09,64143.56,1754.81706
2024-06-22 00:00:00,64143.56,64342.54,63943.82,64327.45,1615.03389
2024-06-22 04:00:00,64327.46,64540.26,64253.07,64520.0,2121.70614
2024-06-22 08:00:00,64519.99,64546.81,64214.43,64265.26,1376.34835
2024-06-22 12:00:00,64265.27,64397.82,64246.52,64307.08,930.39133
2024-06-22 16:00:00,64307.09,64362.0,64218.5,64295.01,729.0975
2024-06-22 20:00:00,64295.01,64330.0,64246.01,64262.01,536.37821
2024-06-23 00:00:00,64262.01,64521.0,64262.0,64416.14,1222.9115
2024-06-23 04:00:00,64416.14,64433.03,64349.49,64415.27,526.41413
2024-06-23 08:00:00,64415.27,64437.28,64252.85,64341.45,945.7319
2024-06-23 12:00:00,64341.46,64429.1,64049.41,64094.0,1383.12991
2024-06-23 16:00:00,64094.01,64187.62,63918.58,64149.78,1430.37834
2024-06-23 20:00:00,64149.78,64159.0,63178.32,63210.01,2715.88869
2024-06-24 00:00:00,63210.01,63369.8,62695.02,62862.0,4626.61921
2024-06-24 04:00:00,62862.0,62952.0,62160.72,62456.0,5068.08372
2024-06-24 08:00:00,62456.0,62975.6,60567.01,61291.95,12136.79401
2024-06-24 12:00:00,61291.95,61700.0,60670.36,60843.99,5796.95477
2024-06-24 16:00:00,60843.99,61044.44,59058.0,59306.72,16409.89475
2024-06-24 20:00:00,59306.72,60442.71,58402.0,60293.3,8123.00768
2024-06-25 00:00:00,60293.3,61598.87,60257.06,61302.59,4817.65654
2024-06-25 04:00:00,61302.59,61420.0,60624.63,60685.16,4078.38689
2024-06-25 08:00:00,60685.16,61583.18,60668.01,61187.64,4679.07209
2024-06-25 12:00:00,61187.64,62134.0,60953.23,61810.0,8735.80046
2024-06-25 16:00:00,61810.0,62420.0,61135.37,61975.46,6527.99194
2024-06-25 20:00:00,61975.46,62162.49,61664.0,61806.01,2350.33569
2024-06-26 00:00:00,61806.01,62487.81,61643.48,61936.07,3538.82122
2024-06-26 04:00:00,61936.07,61990.0,61520.0,61720.02,3492.11682
2024-06-26 08:00:00,61720.02,61754.6,61149.64,61445.26,3493.404
2024-06-26 12:00:00,61445.26,61980.0,61182.8,61467.86,4713.90642
2024-06-26 16:00:00,61467.85,61547.02,60715.3,61000.01,5015.68985
2024-06-26 20:00:00,61000.01,61155.66,60712.0,60864.99,2231.72632
2024-06-27 00:00:00,60864.98,61300.0,60764.73,61037.31,2391.00432
2024-06-27 04:00:00,61037.31,61192.0,60606.63,60794.01,2714.73648
2024-06-27 08:00:00,60794.01,61455.15,60736.62,61196.02,2628.05752
2024-06-27 12:00:00,61196.01,62389.22,61154.6,61576.0,6247.05892
2024-06-27 16:00:00,61576.0,62015.52,61411.7,61450.0,2557.37367
2024-06-27 20:00:00,61450.0,61719.92,61338.56,61706.47,1806.0554
2024-06-28 00:00:00,61706.46,62225.31,61472.37,61828.17,3950.34413
2024-06-28 04:00:00,61828.17,61834.41,61236.0,61350.01,2679.62058
2024-06-28 08:00:00,61350.01,61792.34,61212.11,61690.0,3397.52649
2024-06-28 12:00:00,61690.0,61875.0,60751.0,61062.01,7645.83227
2024-06-28 16:00:00,61062.0,61119.58,60079.41,60123.73,5131.47495
2024-06-28 20:00:00,60123.73,60450.0,60063.0,60427.84,2016.39413
2024-06-29 00:00:00,60427.84,61009.29,60383.77,60762.0,3105.17344
2024-06-29 04:00:00,60762.0,61146.64,60704.46,61052.3,1662.89798
2024-06-29 08:00:00,61052.3,61224.0,60890.03,61102.33,2290.41854
2024-06-29 12:00:00,61102.33,61182.7,60949.67,61106.0,1996.83297
2024-06-29 16:00:00,61106.0,61124.0,60915.12,61057.39,1250.42383
2024-06-29 20:00:00,61057.38,61090.0,60839.51,60986.68,1203.81228
2024-06-30 00:00:00,60986.68,61078.01,60740.94,60898.32,1806.11748
2024-06-30 04:00:00,60898.32,61782.0,60712.21,61528.01,3143.78973
2024-06-30 08:00:00,61528.01,61713.65,61393.07,61560.0,2353.60654
2024-06-30 12:00:00,61560.0,61860.0,61346.0,61717.9,2664.88075
2024-06-30 16:00:00,61717.9,62109.81,61590.01,62026.83,2493.15916
2024-06-30 20:00:00,62026.83,63058.76,61835.2,62772.01,4864.7477
2024-07-01 00:00:00,62772.01,63818.33,62573.32,63437.69,6859.32328
2024-07-01 04:00:00,63437.69,63466.92,63223.2,63277.84,1948.86897
2024-07-01 08:00:00,63277.84,63314.99,62593.07,62662.09,3745.11478
2024-07-01 12:00:00,62662.09,63166.11,62497.2,63132.9,4514.7061
2024-07-01 16:00:00,63132.9,63861.76,62966.77,63226.78,5479.95754
2024-07-01 20:00:00,63226.78,63423.48,62804.6,62899.99,1999.13471
2024-07-02 00:00:00,62900.0,63288.83,62787.42,63138.67,1678.91798
2024-07-02 04:00:00,63138.68,63245.8,62580.0,62629.99,2518.53154
2024-07-02 08:00:00,62630.0,62866.2,62401.23,62832.01,4139.03014
2024-07-02 12:00:00,62832.01,63152.0,61823.74,61948.08,5966.58949
2024-07-02 16:00:00,61948.08,62368.81,61806.28,61939.1,2841.63377
2024-07-02 20:00:00,61939.1,62181.24,61875.55,62135.47,1428.41583
2024-07-03 00:00:00,62135.46,62285.94,60600.0,60987.99,5145.57685
2024-07-03 04:00:00,60988.0,61181.84,60816.0,60870.01,2356.603
2024-07-03 08:00:00,60870.01,60978.19,59600.0,60386.01,8846.07874
2024-07-03 12:00:00,60386.01,60740.2,59752.29,60186.25,7199.97498
2024-07-03 16:00:00,60186.25,60655.56,59666.0,59671.1,4933.93774
2024-07-03 20:00:00,59671.11,60374.82,59400.0,60208.58,3677.93996
2024-07-04 00:00:00,60208.57,60498.19,57800.01,59102.0,13491.78125
2024-07-04 04:00:00,59102.0,59150.0,58104.0,58219.99,4995.15301
2024-07-04 08:00:00,58219.99,58506.18,56952.0,57761.94,13240.07067
2024-07-04 12:00:00,57761.95,58350.19,56771.0,58140.0,12117.63525
2024-07-04 16:00:00,58140.0,58676.24,57752.27,58283.62,5009.28193
2024-07-04 20:00:00,58283.62,58813.13,56866.0,57050.01,5714.85065
2024-07-05 00:00:00,57050.02,57546.0,55000.0,55227.99,18842.91117
2024-07-05 04:00:00,55228.0,55356.42,53485.93,54415.05,18348.50944
2024-07-05 08:00:00,54415.04,55650.0,53900.0,55486.5,14058.05864
2024-07-05 12:00:00,55486.51,56678.19,54828.52,56662.0,16600.37842
2024-07-05 16:00:00,56662.99,57040.02,55779.33,56465.42,10590.10229
2024-07-05 20:00:00,56465.41,56866.0,56315.0,56628.79,2908.2876
2024-07-06 00:00:00,56628.79,56998.0,56170.5,56410.0,4430.41318
2024-07-06 04:00:00,56409.99,56683.9,56018.0,56606.0,3090.15552
2024-07-06 08:00:00,56606.0,56876.33,56436.78,56731.42,2361.38025
2024-07-06 12:00:00,56731.42,57441.1,56500.0,57317.98,4879.13871
2024-07-06 16:00:00,57317.99,58113.0,57185.76,57857.99,4272.51181
2024-07-06 20:00:00,57857.99,58475.0,57806.92,58230.13,2617.71611
2024-07-07 00:00:00,58230.13,58449.46,57838.0,57963.45,3130.97845
2024-07-07 04:00:00,57963.46,58007.87,57073.36,57369.99,3555.09321
2024-07-07 08:00:00,57369.99,57911.71,57350.94,57460.0,2240.99923
2024-07-07 12:00:00,57460.0,57631.02,56563.46,56825.42,4001.28632
2024-07-07 16:00:00,56825.42,57392.0,56755.55,57151.1,1983.16539
2024-07-07 20:00:00,57151.1,57319.1,55724.37,55857.81,4207.41658
2024-07-08 00:00:00,55857.81,56023.07,54260.16,55160.01,11551.58728
2024-07-08 04:00:00,55160.0,55900.0,54963.62,55852.01,4404.65688
2024-07-08 08:00:00,55852.0,58236.73,55741.11,57154.01,11849.7342
2024-07-08 12:00:00,57154.01,57621.1,54800.0,55761.52,12916.02666
2024-07-08 16:00:00,55761.52,56574.99,55425.74,56477.31,4703.86519
2024-07-08 20:00:00,56477.3,56971.94,56200.0,56714.62,2664.33469
2024-07-09 00:00:00,56714.61,57362.66,56289.45,57168.36,4128.26169
2024-07-09 04:00:00,57168.36,57754.0,57011.5,57116.84,4342.95753
2024-07-09 08:00:00,57116.84,57900.0,57024.01,57428.01,3810.42794
2024-07-09 12:00:00,57428.01,58131.09,56903.0,57477.01,8788.77381
2024-07-09 16:00:00,57477.0,58296.0,57362.08,57862.01,4164.8292
2024-07-09 20:00:00,57862.01,58260.0,57704.3,58050.0,2496.95771
2024-07-10 00:00:00,58050.0,58208.0,57309.09,58180.01,2762.2326
2024-07-10 04:00:00,58180.0,59470.0,58180.0,58977.99,6066.4939
2024-07-10 08:00:00,58977.99,59032.82,58311.66,58492.0,4042.42633
2024-07-10 12:00:00,58492.0,58550.0,57471.12,57699.69,6905.27165
2024-07-10 16:00:00,57699.69,58019.89,57353.84,57392.03,3000.7172
2024-07-10 20:00:00,57392.03,57879.58,57157.79,57725.85,2174.59631
2024-07-11 00:00:00,57725.85,58407.05,57050.0,57568.0,4166.29718
2024-07-11 04:00:00,57568.0,58300.0,57488.28,58191.5,3450.47132
2024-07-11 08:00:00,58191.5,58936.52,58052.0,58777.99,4104.41357
2024-07-11 12:00:00,58777.99,59650.0,57266.58,57402.01,12045.90104
2024-07-11 16:00:00,57402.01,58000.61,57178.0,57378.01,3674.1921
2024-07-11 20:00:00,57378.0,57636.0,57150.0,57339.89,2319.78214
2024-07-12 00:00:00,57339.89,57571.86,56542.47,56914.01,3755.44316
2024-07-12 04:00:00,56914.01,57416.13,56716.68,57106.94,2909.38206
2024-07-12 08:00:00,57106.95,57334.32,56767.05,57203.54,3142.52354
2024-07-12 12:00:00,57203.54,58278.0,57000.0,58214.0,6704.3943
2024-07-12 16:00:00,58213.99,58526.68,57500.0,57576.01,4912.50519
2024-07-12 20:00:00,57576.01,57906.1,57150.06,57889.1,2228.20865
2024-07-13 00:00:00,57889.09,57991.5,57762.39,57814.0,1446.83324
2024-07-13 04:00:00,57814.0,58216.08,57756.63,58170.32,1632.17504
2024-07-13 08:00:00,58170.33,58854.98,57900.57,58534.0,3065.17976
2024-07-13 12:00:00,58534.0,58899.46,58434.38,58830.63,2936.67433
2024-07-13 16:00:00,58830.62,58964.89,58572.98,58624.38,1692.04143
2024-07-13 20:00:00,58624.38,59850.0,58288.19,59204.02,4584.84139
2024-07-14 00:00:00,59204.01,59838.0,59194.01,59466.15,3229.454
2024-07-14 04:00:00,59466.16,60324.61,59418.68,60062.01,4786.53502
2024-07-14 08:00:00,60062.01,60400.0,59904.0,60099.1,2939.8847
2024-07-14 12:00:00,60099.1,60236.13,59466.67,60084.0,3186.29928
2024-07-14 16:00:00,60084.0,60184.99,59894.16,59915.99,1320.94796
2024-07-14 20:00:00,59916.0,61420.69,59880.0,60797.91,5715.21811
2024-07-15 00:00:00,60797.91,62796.01,60632.3,62647.87,8302.39428
2024-07-15 04:00:00,62647.87,63084.0,62433.01,62840.12,4843.17921
2024-07-15 08:00:00,62840.12,63243.71,62290.0,62454.0,4225.17162
2024-07-15 12:00:00,62454.0,63328.0,62444.67,63026.0,6566.03185
2024-07-15 16:00:00,63026.01,63820.15,62852.0,63342.0,8649.43196
2024-07-15 20:00:00,63342.0,64900.0,63251.65,64724.14,6104.76928
2024-07-16 00:00:00,64724.06,64955.49,64436.2,64752.14,4459.14074
2024-07-16 04:00:00,64752.14,64993.95,62721.79,62895.01,9913.30874
2024-07-16 08:00:00,62895.01,63872.2,62373.24,63746.11,6280.01898
2024-07-16 12:00:00,63746.11,64960.86,63063.83,64878.24,8930.8138
2024-07-16 16:00:00,64878.24,65200.0,64111.56,65165.43,7931.24617
2024-07-16 20:00:00,65165.42,65388.97,64115.0,65043.99,5016.00072
2024-07-17 00:00:00,65044.0,66128.63,64932.31,65701.66,5877.77737
2024-07-17 04:00:00,65701.66,65993.14,65198.62,65258.0,4387.02514
2024-07-17 08:00:00,65258.01,65500.0,64560.0,64723.73,4608.68913
2024-07-17 12:00:00,64723.73,65400.0,64537.41,64724.01,6216.23738
2024-07-17 16:00:00,64724.01,64766.99,63854.0,64585.78,5893.07209
2024-07-17 20:00:00,64585.78,64672.89,64058.0,64087.99,2584.72843
2024-07-18 00:00:00,64087.99,65133.3,63910.0,64865.08,4071.27925
2024-07-18 04:00:00,64865.09,65061.5,64402.35,64668.0,2950.56928
2024-07-18 08:00:00,64668.0,64950.0,64441.94,64758.0,2394.45662
2024-07-18 12:00:00,64758.0,65111.29,63400.0,63538.12,6967.85898
2024-07-18 16:00:00,63538.12,63958.51,63238.48,63555.0,4155.67605
2024-07-18 20:00:00,63555.0,64122.43,63438.21,63987.92,2028.88232
2024-07-19 00:00:00,63987.92,64368.62,63300.67,64325.0,3161.96417
2024-07-19 04:00:00,64324.99,64486.0,63600.0,63694.01,4022.16332
2024-07-19 08:00:00,63694.01,64182.77,63409.01,64116.0,3490.01318
2024-07-19 12:00:00,64115.99,65888.0,64005.57,65836.77,10348.62908
2024-07-19 16:00:00,65836.76,67386.0,65827.62,67157.26,11099.18996
2024-07-19 20:00:00,67157.25,67352.44,66616.19,66660.0,3512.76768
2024-07-20 00:00:00,66660.01,66822.22,66222.46,66602.01,2794.0079
2024-07-20 04:00:00,66602.0,66775.11,66436.0,66562.28,1871.55513
2024-07-20 08:00:00,66562.27,66733.09,66458.83,66483.69,1353.5524
2024-07-20 12:00:00,66483.69,66832.0,66273.62,66825.0,1565.74689
2024-07-20 16:00:00,66824.99,67598.0,66679.01,67224.0,4139.41482
2024-07-20 20:00:00,67224.0,67430.01,66790.9,67139.96,2662.6472
2024-07-21 00:00:00,67139.97,67436.22,66962.0,67171.33,1473.02827
2024-07-21 04:00:00,67171.33,67220.52,66592.1,66701.99,1958.03031
2024-07-21 08:00:00,66702.0,67062.77,66680.0,66879.99,1335.82107
2024-07-21 12:00:00,66879.99,67499.99,66616.0,67164.0,2766.07202
2024-07-21 16:00:00,67164.0,67713.0,65777.0,67422.02,9311.54907
2024-07-21 20:00:00,67422.03,68366.66,67274.69,68165.34,4974.61117
2024-07-22 00:00:00,68165.35,68474.55,67753.72,67880.01,2930.46409
2024-07-22 04:00:00,67880.01,67996.01,67122.22,67236.0,2950.64733
2024-07-22 08:00:00,67236.01,67599.0,66944.1,67516.01,2471.17079
2024-07-22 12:00:00,67516.01,67952.39,66559.97,67063.87,5487.87343
2024-07-22 16:00:00,67063.87,68250.0,66798.36,68232.07,3909.8301
2024-07-22 20:00:00,68232.08,68256.0,67224.11,67532.01,3701.05729
2024-07-23 00:00:00,67532.0,67750.98,67183.98,67473.99,2359.78706
2024-07-23 04:00:00,67473.98,67526.01,66256.39,66576.0,5421.15607
2024-07-23 08:00:00,66576.0,67166.01,66454.0,66676.01,4791.70581
2024-07-23 12:00:00,66676.0,67349.03,65962.0,66584.01,8657.6177
2024-07-23 16:00:00,66584.01,66780.01,65441.08,65536.01,6601.90145
2024-07-23 20:00:00,65536.0,66054.0,65472.54,65936.01,3573.98507
2024-07-24 00:00:00,65936.0,66146.01,65476.84,66052.71,2432.59154
2024-07-24 04:00:00,66052.71,66080.01,65610.0,66078.0,2427.93275
2024-07-24 08:00:00,66078.0,66600.0,66008.0,66367.99,3288.02602
2024-07-24 12:00:00,66368.0,67102.01,66093.99,66176.0,5901.95291
2024-07-24 16:00:00,66176.0,66709.55,65558.89,65652.0,5503.70728
2024-07-24 20:00:00,65652.01,66066.66,65111.0,65376.0,3528.35227
2024-07-25 00:00:00,65376.01,65620.0,63861.0,64093.59,9391.42907
2024-07-25 04:00:00,64093.58,64390.0,63800.0,64134.0,3961.34648
2024-07-25 08:00:00,64134.0,64480.0,63878.0,64096.0,4126.90854
2024-07-25 12:00:00,64096.01,65005.0,63456.7,64790.88,7825.83383
2024-07-25 16:00:00,64790.89,65187.82,64388.46,64692.01,5638.02977
2024-07-25 20:00:00,64692.01,66175.49,64425.0,65799.95,4182.88165
2024-07-26 00:00:00,65799.95,67480.0,65722.63,67042.01,5791.72468
2024-07-26 04:00:00,67042.0,67190.0,66870.82,66890.56,3400.66108
2024-07-26 08:00:00,66890.56,67498.0,66890.56,67322.0,3011.50616
2024-07-26 12:00:00,67321.99,68000.0,66892.0,67560.01,6230.76783
2024-07-26 16:00:00,67560.0,68144.01,67303.07,67990.0,3294.11637
2024-07-26 20:00:00,67990.0,68200.0,67413.5,67907.99,2515.58411
2024-07-27 00:00:00,67908.0,68081.57,67630.0,67798.0,1546.232
2024-07-27 04:00:00,67797.99,68295.39,67782.73,68036.68,1915.58616
2024-07-27 08:00:00,68036.68,68275.64,67892.24,68209.88,1834.00547
2024-07-27 12:00:00,68209.88,69399.99,68195.43,68844.0,6195.41252
2024-07-27 16:00:00,68844.0,68990.03,67658.68,68246.0,5271.56991
2024-07-27 20:00:00,68246.0,69182.94,66650.0,67896.5,14947.41315
2024-07-28 00:00:00,67896.49,68285.43,67260.54,67940.95,2215.70821
2024-07-28 04:00:00,67940.94,68024.18,67066.66,67560.86,2398.3193
2024-07-28 08:00:00,67560.86,68000.0,67220.0,67836.0,1770.93628
2024-07-28 12:00:00,67836.01,68123.32,67577.63,67645.0,1768.83501
2024-07-28 16:00:00,67645.0,68318.43,67624.0,68112.0,1510.5162
2024-07-28 20:00:00,68112.0,68277.83,67801.62,68249.88,1204.37894
2024-07-29 00:00:00,68249.88,69800.0,68168.0,69347.67,5973.42365
2024-07-29 04:00:00,69347.66,69888.0,69263.07,69528.01,4146.35577
2024-07-29 08:00:00,69528.01,69838.62,69375.0,69580.01,3013.88754
2024-07-29 12:00:00,69580.01,70079.99,67668.34,68104.0,11386.58792
2024-07-29 16:00:00,68103.99,68118.0,66428.0,67303.05,9083.51955
2024-07-29 20:00:00,67303.05,67553.66,66600.0,66784.69,2863.5219
2024-07-30 00:00:00,66784.68,66886.0,65862.0,66610.0,5989.73926
2024-07-30 04:00:00,66610.0,67000.0,66322.49,66952.0,2496.27288
2024-07-30 08:00:00,66952.0,66999.92,66404.53,66574.01,2327.27576
2024-07-30 12:00:00,66574.0,66948.0,65555.0,66216.01,6086.17893
2024-07-30 16:00:00,66216.01,66550.01,65556.56,65931.02,3450.64877
2024-07-30 20:00:00,65931.03,66356.89,65302.67,66188.0,2782.13881
2024-07-31 00:00:00,66188.0,66413.28,65881.96,66058.0,1725.24015
2024-07-31 04:00:00,66058.0,66554.4,65496.0,66224.0,3376.79106
2024-07-31 08:00:00,66224.0,66374.01,65954.54,66094.01,1829.74564
2024-07-31 12:00:00,66094.01,66849.24,65963.25,66379.99,4367.38069
2024-07-31 16:00:00,66379.99,66836.3,64957.14,65256.83,6409.37317
2024-07-31 20:00:00,65256.83,65422.0,64530.0,64628.0,4916.90834
2024-08-01 00:00:00,64628.01,64841.29,63750.0,63936.01,5768.43332
2024-08-01 04:00:00,63936.01,64488.0,63584.0,64328.59,4107.52186
2024-08-01 08:00:00,64328.6,64701.41,64299.87,64674.25,2655.04695
2024-08-01 12:00:00,64674.26,64949.58,62666.07,62906.6,8006.54547
2024-08-01 16:00:00,62907.44,63509.83,62302.0,63422.01,8541.89631
2024-08-01 20:00:00,63422.01,65659.78,63336.61,65354.02,6462.82463
2024-08-02 00:00:00,65354.02,65596.14,63668.0,64609.18,4163.15932
2024-08-02 04:00:00,64609.17,64655.17,63807.29,64164.07,3823.07721
2024-08-02 08:00:00,64164.07,64974.0,64044.0,64660.01,3302.57023
2024-08-02 12:00:00,64660.01,65524.01,62432.9,63416.01,14382.81934
2024-08-02 16:00:00,63416.0,63611.24,62515.0,62633.57,5054.98681
2024-08-02 20:00:00,62633.58,63187.26,61230.01,61498.33,8093.81646
2024-08-03 00:00:00,61498.34,61975.0,60505.0,61895.99,7057.47647
2024-08-03 04:00:00,61895.99,61981.43,61398.01,61662.01,2027.63322
2024-08-03 08:00:00,61662.02,62002.39,61457.89,61919.38,1996.26325
2024-08-03 12:00:00,61919.38,62198.22,60833.33,60879.0,3681.34999
2024-08-03 16:00:00,60879.01,61288.0,59920.0,60246.0,9231.05335
2024-08-03 20:00:00,60246.01,60849.93,59850.0,60697.99,4040.93939
2024-08-04 00:00:00,60697.99,61117.63,60320.0,60735.0,2502.72642
2024-08-04 04:00:00,60735.0,60938.54,60260.0,60373.99,1972.26761
2024-08-04 08:00:00,60374.0,61000.0,60081.57,60896.0,2180.15909
2024-08-04 12:00:00,60896.0,61097.55,58960.0,59086.01,7395.68169
2024-08-04 16:00:00,59086.01,59497.21,57122.77,59257.66,12940.59003
2024-08-04 20:00:00,59257.67,59583.0,58001.81,58161.0,4625.09519
2024-08-05 00:00:00,58161.0,58305.59,52300.17,53890.87,36136.4623
2024-08-05 04:00:00,53890.87,54576.71,49000.0,52674.19,43384.9307
2024-08-05 08:00:00,52674.2,53218.37,50633.47,51340.0,19223.46997
2024-08-05 12:00:00,51340.0,54980.0,49542.83,54321.09,39760.49257
2024-08-05 16:00:00,54321.08,55600.0,52555.0,53470.09,16277.76056
2024-08-05 20:00:00,53470.08,55200.0,53462.0,54018.81,7282.47576
2024-08-06 00:00:00,54018.82,56276.0,53950.0,55665.73,10506.64519
2024-08-06 04:00:00,55665.73,56169.48,55255.0,55999.99,7730.59021
2024-08-06 08:00:00,55998.02,56122.0,54600.01,55210.01,9386.98945
2024-08-06 12:00:00,55210.0,56605.55,54371.94,56405.99,13732.96595
2024-08-06 16:00:00,56405.99,57040.99,56234.8,56765.48,8827.28343
2024-08-06 20:00:00,56769.98,56935.56,55800.0,56022.01,5700.30253
2024-08-07 00:00:00,56022.0,57287.99,55557.88,56862.0,6756.5481
2024-08-07 04:00:00,56862.01,57250.0,56544.7,56920.91,5447.23988
2024-08-07 08:00:00,56920.91,57736.05,56870.39,56963.38,6601.32871
2024-08-07 12:00:00,56963.39,57479.6,55650.0,56094.5,10005.68143
2024-08-07 16:00:00,56094.51,56300.0,54676.35,54759.22,9406.48722
2024-08-07 20:00:00,54760.97,55566.24,54558.62,55134.16,6052.0915
2024-08-08 00:00:00,55133.76,57636.36,54730.0,57049.74,8647.80188
2024-08-08 04:00:00,57049.74,57434.35,56670.47,57193.49,3670.90212
2024-08-08 08:00:00,57193.48,57670.04,56978.52,57320.51,3688.92815
2024-08-08 12:00:00,57320.51,59505.0,56700.0,59428.03,14315.42395
2024-08-08 16:00:00,59428.03,59863.0,59237.59,59414.51,6749.57668
2024-08-08 20:00:00,59414.52,62745.14,59297.34,61685.99,11276.89671
2024-08-09 00:00:00,61686.0,61744.37,60720.0,61358.39,5373.57013
2024-08-09 04:00:00,61358.39,61390.7,60588.63,60863.57,4475.52913
2024-08-09 08:00:00,60863.58,61210.31,60170.16,60655.24,4238.45087
2024-08-09 12:00:00,60655.25,61115.11,59535.0,59810.23,8756.37366
2024-08-09 16:00:00,59810.24,60750.0,59700.0,60681.42,3794.60746
2024-08-09 20:00:00,60681.79,60986.03,59909.16,60837.99,4333.94892
2024-08-10 00:00:00,60837.99,61470.58,60266.03,60437.84,2866.07526
2024-08-10 04:00:00,60437.85,60851.91,60242.0,60842.0,1152.48879
2024-08-10 08:00:00,60842.01,61116.65,60601.96,60920.88,1618.24524
2024-08-10 12:00:00,60920.88,60949.99,60400.0,60515.89,1529.47703
2024-08-10 16:00:00,60515.9,61196.63,60400.0,61016.45,1789.44845
2024-08-10 20:00:00,61016.44,61160.0,60757.39,60923.51,1039.47144
2024-08-11 00:00:00,60923.51,61382.73,60892.0,61085.01,1397.39336
2024-08-11 04:00:00,61085.01,61271.43,60881.36,61257.0,1213.74092
2024-08-11 08:00:00,61257.0,61858.0,60425.0,60669.15,3535.80151
2024-08-11 12:00:00,60669.14,60761.09,59941.0,60127.29,4006.7116
2024-08-11 16:00:00,60127.29,60350.0,59542.57,59621.11,2598.58022
2024-08-11 20:00:00,59621.11,59674.38,58286.73,58712.59,6437.61751
2024-08-12 00:00:00,58712.59,59088.33,58100.06,58509.5,4095.99147
2024-08-12 04:00:00,58509.5,58984.85,57642.21,58674.61,4501.23624
2024-08-12 08:00:00,58674.62,59990.0,58125.75,59851.7,6603.96568
2024-08-12 12:00:00,59851.71,60711.09,57800.0,60207.37,12079.0591
2024-08-12 16:00:00,60207.38,60420.34,58440.54,59043.98,5640.99625
2024-08-12 20:00:00,59043.99,59745.99,58555.26,59346.64,4088.66869
2024-08-13 00:00:00,59346.64,59923.28,58846.95,59040.0,4305.36618
2024-08-13 04:00:00,59040.0,59476.0,58830.23,59238.05,2580.7308
2024-08-13 08:00:00,59238.05,59331.99,58392.88,58830.0,3375.9081
2024-08-13 12:00:00,58830.01,59776.7,58709.57,59472.26,5686.11926
2024-08-13 16:00:00,59472.25,61578.1,59446.22,60820.15,9342.46623
2024-08-13 20:00:00,60820.16,61138.87,60389.75,60587.15,2568.36794
2024-08-14 00:00:00,60587.16,61302.88,60425.01,60952.83,2371.7811
2024-08-14 04:00:00,60952.83,61162.2,60637.3,60914.02,1820.0908
2024-08-14 08:00:00,60914.02,61453.0,60640.4,61296.87,3475.66893
2024-08-14 12:00:00,61296.88,61800.0,58823.52,59435.69,13499.00032
2024-08-14 16:00:00,59435.69,59462.61,58615.06,58891.13,4924.68347
2024-08-14 20:00:00,58891.13,59183.99,58433.18,58683.39,2331.53864
2024-08-15 00:00:00,58683.39,59044.44,58010.0,58442.98,5000.29248
2024-08-15 04:00:00,58442.99,58639.0,57713.88,58060.37,4142.71713
2024-08-15 08:00:00,58060.36,58872.85,57964.85,58745.36,3345.64247
2024-08-15 12:00:00,58745.36,59787.37,58532.42,59682.84,7723.07742
2024-08-15 16:00:00,59682.85,59849.38,56680.0,57047.46,10434.70512
2024-08-15 20:00:00,57046.34,57885.0,56078.54,57541.06,7039.7416
2024-08-16 00:00:00,57541.05,58517.47,57098.62,57890.0,4146.62428
2024-08-16 04:00:00,57890.0,58666.77,57800.47,58456.99,3244.35689
2024-08-16 08:00:00,58456.99,58683.47,58218.71,58400.0,2450.75569
2024-08-16 12:00:00,58400.0,58915.18,57526.31,58071.06,8248.43744
2024-08-16 16:00:00,58071.07,59817.76,58000.0,59683.39,6963.94372
2024-08-16 20:00:00,59683.39,59715.69,58703.99,58874.6,2556.72542
2024-08-17 00:00:00,58874.59,59389.18,58785.05,59158.37,1769.95814
2024-08-17 04:00:00,59158.36,59263.47,59051.98,59248.0,1106.84453
2024-08-17 08:00:00,59248.0,59477.16,59060.0,59137.12,1327.01136
2024-08-17 12:00:00,59137.12,59654.9,59100.28,59388.11,1490.86412
2024-08-17 16:00:00,59388.11,59700.0,59294.31,59473.19,1157.01055
2024-08-17 20:00:00,59473.19,59500.0,59113.68,59491.99,870.04061
2024-08-18 00:00:00,59491.99,60259.01,59300.0,59337.42,2850.6571
2024-08-18 04:00:00,59337.41,59698.0,59256.56,59573.39,1521.38536
2024-08-18 08:00:00,59573.39,60200.0,59436.0,60024.01,2556.86768
2024-08-18 12:00:00,60024.0,60284.99,59669.85,59863.99,2229.08779
2024-08-18 16:00:00,59863.99,59945.83,59377.14,59708.38,1411.05054
2024-08-18 20:00:00,59708.38,59869.77,58408.92,58427.35,3065.8087
2024-08-19 00:00:00,58427.35,58763.83,58210.03,58736.85,4986.95947
2024-08-19 04:00:00,58736.85,58746.0,58359.5,58502.19,2077.63203
2024-08-19 08:00:00,58502.19,58671.38,57787.3,58396.95,4744.05742
2024-08-19 12:00:00,58396.94,58970.0,58029.77,58539.24,4628.31977
2024-08-19 16:00:00,58539.25,59290.0,58380.0,58967.53,3169.47813
2024-08-19 20:00:00,58967.54,59617.63,58914.0,59438.5,3202.86569
2024-08-20 00:00:00,59438.5,60910.55,59363.31,60619.18,6392.34637
2024-08-20 04:00:00,60619.19,61400.0,60576.06,60924.33,5275.93633
2024-08-20 08:00:00,60924.33,60975.0,60401.9,60518.82,3208.7774
2024-08-20 12:00:00,60518.83,60955.99,58680.01,58825.53,10444.8448
2024-08-20 16:00:00,58825.53,59597.28,58548.23,59511.99,3678.04238
2024-08-20 20:00:00,59512.0,59722.72,58802.35,59013.8,2477.4982
2024-08-21 00:00:00,59013.8,59519.99,58783.47,59320.0,2364.50372
2024-08-21 04:00:00,59320.0,59739.52,59183.13,59712.0,2017.26415
2024-08-21 08:00:00,59711.99,59924.13,59085.88,59361.14,2931.20089
2024-08-21 12:00:00,59361.14,60201.98,58850.0,59511.8,8008.24548
2024-08-21 16:00:00,59511.79,61625.2,59375.0,61570.0,7137.29601
2024-08-21 20:00:00,61570.0,61820.93,60902.13,61156.03,5525.13195
2024-08-22 00:00:00,61156.03,61229.0,59724.87,60548.9,4109.54112
2024-08-22 04:00:00,60548.9,61114.23,60459.98,60984.31,2676.87579
2024-08-22 08:00:00,60984.31,61400.0,60802.38,61336.09,3099.60131
2024-08-22 12:00:00,61336.09,61398.18,60100.0,60407.4,6849.31563
2024-08-22 16:00:00,60407.39,60600.2,60131.0,60308.0,2663.66757
2024-08-22 20:00:00,60307.99,60707.88,60288.0,60375.84,1842.20446
2024-08-23 00:00:00,60375.83,60968.24,60342.14,60593.31,2184.3747
2024-08-23 04:00:00,60593.31,61367.74,60582.68,61069.27,2937.25078
2024-08-23 08:00:00,61069.26,61337.57,60691.11,60741.68,2313.52775
2024-08-23 12:00:00,60741.68,62320.36,60741.68,61533.05,11626.90263
2024-08-23 16:00:00,61533.04,63819.16,61349.99,63628.84,11503.37
2024-08-23 20:00:00,63628.84,64955.0,63484.18,64037.24,7552.64503
2024-08-24 00:00:00,64037.24,64206.7,63626.58,63832.01,3091.41323
2024-08-24 04:00:00,63832.0,64332.0,63822.0,64315.0,2843.18939
2024-08-24 08:00:00,64315.0,64494.5,63868.0,63905.01,2357.89821
2024-08-24 12:00:00,63905.0,64244.0,63872.0,63976.0,2293.96419
2024-08-24 16:00:00,63976.0,64444.0,63903.58,64210.6,2874.78934
2024-08-24 20:00:00,64210.6,64328.0,63531.0,64157.01,2395.9018
2024-08-25 00:00:00,64157.02,64507.04,64000.0,64101.01,2623.24737
2024-08-25 04:00:00,64101.01,64196.0,63785.76,63868.26,1645.44133
2024-08-25 08:00:00,63868.27,64010.0,63773.27,63873.91,1728.68012
2024-08-25 12:00:00,63873.92,64288.0,63805.0,64132.16,1834.2167
2024-08-25 16:00:00,64132.17,64248.66,64000.0,64187.41,1118.62168
2024-08-25 20:00:00,64187.42,65000.0,64122.49,64220.0,3355.27257
2024-08-26 00:00:00,64219.99,64481.0,63790.0,64114.99,2477.44562
2024-08-26 04:00:00,64115.0,64205.31,63420.0,63627.01,2772.63585
2024-08-26 08:00:00,63627.01,64039.2,63220.95,63859.0,2882.34645
2024-08-26 12:00:00,63859.0,63958.95,63061.0,63532.53,4958.27097
2024-08-26 16:00:00,63532.54,63878.78,63192.04,63342.99,3487.08919
2024-08-26 20:00:00,63342.99,63557.58,62800.0,62834.0,2892.26468
2024-08-27 00:00:00,62834.0,63212.0,62657.0,62970.0,3568.52133
2024-08-27 04:00:00,62970.0,63200.0,62701.06,62902.31,3113.00318
2024-08-27 08:00:00,62902.32,63000.0,62230.0,62417.0,4189.56881
2024-08-27 12:00:00,62416.99,62495.0,61473.03,61709.13,8258.16317
2024-08-27 16:00:00,61709.13,62196.75,61518.74,62102.01,3043.78733
2024-08-27 20:00:00,62102.0,62102.01,58034.01,59415.0,12962.89796
2024-08-28 00:00:00,59415.0,59650.0,58917.12,59629.01,5551.9553
2024-08-28 04:00:00,59629.01,59661.0,58516.0,58600.98,4614.54952
2024-08-28 08:00:00,58600.98,60234.98,58534.35,59935.0,6405.76959
2024-08-28 12:00:00,59934.99,60160.0,58443.07,59000.0,8281.56232
2024-08-28 16:00:00,59000.0,59849.99,57860.0,58898.85,8303.26552
2024-08-28 20:00:00,58898.85,59602.0,58623.01,59034.9,3711.4405
2024-08-29 00:00:00,59034.9,59320.0,58878.46,59141.1,2188.72128
2024-08-29 04:00:00,59141.11,59764.0,59049.79,59583.88,2877.04011
2024-08-29 08:00:00,59583.88,60477.0,59374.0,60067.06,4113.75713
2024-08-29 12:00:00,60067.06,61166.99,59990.0,60779.99,7624.50121
2024-08-29 16:00:00,60779.99,60960.0,58915.01,59258.0,7172.50668
2024-08-29 20:00:00,59257.99,59638.37,58713.09,59359.01,3044.38102
2024-08-30 00:00:00,59359.0,59487.64,58899.7,59032.01,2743.70295
2024-08-30 04:00:00,59032.0,59582.86,58685.0,59271.1,4144.3024
2024-08-30 08:00:00,59271.11,59674.42,59271.0,59396.0,3176.58551
2024-08-30 12:00:00,59396.0,59944.07,57946.01,58094.99,10365.98684
2024-08-30 16:00:00,58095.0,59371.0,57701.1,58700.02,6417.58601
2024-08-30 20:00:00,58700.02,59298.89,58700.0,59123.99,1671.15824
2024-08-31 00:00:00,59123.99,59462.38,59070.4,59232.01,1647.80492
2024-08-31 04:00:00,59232.01,59350.0,59043.12,59095.0,1230.67061
2024-08-31 08:00:00,59095.01,59188.9,58831.88,59120.99,1404.08788
2024-08-31 12:00:00,59120.99,59244.04,58892.15,59006.54,1774.98601
2024-08-31 16:00:00,59006.54,59140.01,58744.0,58856.0,1637.2679
2024-08-31 20:00:00,58856.0,59141.72,58763.29,58973.99,1103.59168
2024-09-01 00:00:00,58974.0,59076.59,58276.01,58524.21,2314.00203
2024-09-01 04:00:00,58524.21,58599.98,57777.0,58478.64,3366.16193
2024-09-01 08:00:00,58478.64,58504.81,57840.0,58240.52,2520.59733
2024-09-01 12:00:00,58240.51,58360.38,57201.0,58217.0,5911.39633
2024-09-01 16:00:00,58217.0,58788.93,57864.3,58514.0,2668.74429
2024-09-01 20:00:00,58514.01,58656.77,57205.0,57301.86,3924.2555
2024-09-02 00:00:00,57301.77,57767.14,57128.0,57742.01,4604.88008
2024-09-02 04:00:00,57742.0,57987.99,57362.06,57547.99,2616.60584
2024-09-02 08:00:00,57548.0,58680.76,57520.12,58422.01,5072.33101
2024-09-02 12:00:00,58422.01,58808.0,58104.0,58537.99,4023.88935
2024-09-02 16:00:00,58537.99,58666.64,58293.12,58439.99,2856.4724
2024-09-02 20:00:00,58440.03,59425.69,58384.61,59132.13,3720.83593
2024-09-03 00:00:00,59132.12,59809.65,59021.62,59110.99,3188.73817
2024-09-03 04:00:00,59111.0,59259.0,58872.0,59112.0,2786.55038
2024-09-03 08:00:00,59112.01,59195.63,58717.0,59072.0,2434.05695
2024-09-03 12:00:00,59072.01,59350.0,57568.0,57725.0,8190.06416
2024-09-03 16:00:00,57725.01,58251.09,57589.01,58046.0,3746.4115
2024-09-03 20:00:00,58045.99,58247.0,57415.0,57487.73,2482.36331
2024-09-04 00:00:00,57487.74,57943.53,55606.0,56653.98,10008.5459
2024-09-04 04:00:00,56653.99,56881.0,56201.0,56746.0,5570.10401
2024-09-04 08:00:00,56746.0,56909.94,56453.0,56573.0,3012.85274
2024-09-04 12:00:00,56573.0,58181.43,56187.61,58134.0,9903.94203
2024-09-04 16:00:00,58134.0,58519.0,57646.0,58058.01,5284.73247
2024-09-04 20:00:00,58058.0,58390.0,57792.46,57970.9,1780.64431
2024-09-05 00:00:00,57970.9,58327.07,56891.07,57135.42,4718.02876
2024-09-05 04:00:00,57135.42,57291.1,56541.68,57155.1,3337.56535
2024-09-05 08:00:00,57155.1,57232.0,56623.0,56698.01,2824.97809
2024-09-05 12:00:00,56698.01,57350.0,55817.51,55976.01,10200.08948
2024-09-05 16:00:00,55976.01,56710.0,55800.0,56060.01,4306.58366
2024-09-05 20:00:00,56060.0,56259.97,55643.65,56180.0,2419.66879
2024-09-06 00:00:00,56180.0,56858.88,55989.0,56588.0,3089.15324
2024-09-06 04:00:00,56588.01,56747.91,55280.0,55804.29,5943.85272
2024-09-06 08:00:00,55804.28,56262.11,55639.0,55999.09,4116.26102
2024-09-06 12:00:00,55999.09,57008.0,53808.0,54045.01,21136.96377
2024-09-06 16:00:00,54045.0,54435.0,53267.54,53534.28,11314.50356
2024-09-06 20:00:00,53534.27,53969.99,52550.0,53962.97,8847.03395
2024-09-07 00:00:00,53962.97,54095.65,53745.54,53818.91,2283.19066
2024-09-07 04:00:00,53818.92,54405.37,53814.0,54286.0,4210.82665
2024-09-07 08:00:00,54286.0,54492.98,54168.23,54326.0,2289.86562
2024-09-07 12:00:00,54326.01,54829.0,54326.0,54780.0,2510.87487
2024-09-07 16:00:00,54780.0,54850.0,54000.0,54404.01,3137.77696
2024-09-07 20:00:00,54404.01,54437.97,53814.01,54160.86,2261.51298
2024-09-08 00:00:00,54160.86,54509.0,53964.0,54402.99,1979.50014
2024-09-08 04:00:00,54402.98,54575.0,54261.1,54436.25,1722.23364
2024-09-08 08:00:00,54436.25,54722.85,54356.0,54556.08,1765.73164
2024-09-08 12:00:00,54556.08,54567.0,53640.0,53687.0,3500.41607
2024-09-08 16:00:00,53686.99,54531.1,53629.01,54337.01,2289.20807
2024-09-08 20:00:00,54337.02,55318.0,54184.0,54869.95,5017.05823
2024-09-09 00:00:00,54869.95,55370.23,54688.69,55115.0,4899.59127
2024-09-09 04:00:00,55115.0,55150.0,54591.96,54974.01,3091.16196
2024-09-09 08:00:00,54974.01,55555.0,54960.0,55264.87,3429.17626
2024-09-09 12:00:00,55264.87,55799.0,54804.0,55386.0,6542.48233
2024-09-09 16:00:00,55385.99,57177.0,55348.54,57089.54,9053.91852
2024-09-09 20:00:00,57089.53,58088.0,56810.0,57042.0,5368.18703
2024-09-10 00:00:00,57042.01,57065.34,56522.86,56524.74,3589.26607
2024-09-10 04:00:00,56524.74,57290.0,56386.4,57218.57,2969.98514
2024-09-10 08:00:00,57218.56,57378.0,56878.65,57228.0,3523.74246
2024-09-10 12:00:00,57228.01,57468.98,56502.31,56596.0,6137.02725
2024-09-10 16:00:00,56596.01,58044.36,56566.0,57952.01,5036.50689
2024-09-10 20:00:00,57952.01,57975.99,57453.0,57635.99,2370.25345
2024-09-11 00:00:00,57635.99,57750.0,56681.32,56819.55,4635.08566
2024-09-11 04:00:00,56819.56,56819.56,56100.0,56712.0,4361.14028
2024-09-11 08:00:00,56712.01,56895.82,56325.7,56797.99,4294.63231
2024-09-11 12:00:00,56798.0,57166.66,55545.19,56701.23,10825.4419
2024-09-11 16:00:00,56701.22,57981.71,56646.0,57585.5,7312.7816
2024-09-11 20:00:00,57585.5,57676.83,57211.1,57338.0,1597.48582
2024-09-12 00:00:00,57338.0,58470.01,57324.0,58232.72,4925.10026
2024-09-12 04:00:00,58232.73,58430.56,57836.28,58138.16,3805.17892
2024-09-12 08:00:00,58138.15,58350.0,57894.0,58057.99,3403.41297
2024-09-12 12:00:00,58058.0,58588.0,57345.23,57512.03,9147.61704
2024-09-12 16:00:00,57512.03,58450.99,57494.01,58388.0,5931.38887
2024-09-12 20:00:00,58388.0,58388.0,57781.1,58132.32,3861.70825
2024-09-13 00:00:00,58132.31,58290.4,57798.49,57845.97,2349.18013
2024-09-13 04:00:00,57845.97,58137.68,57742.0,58109.31,2043.6269
2024-09-13 08:00:00,58109.31,58350.0,57815.0,57871.1,2642.80891
2024-09-13 12:00:00,57871.1,59723.97,57632.62,59667.38,10230.19313
2024-09-13 16:00:00,59666.01,59999.0,59312.01,59743.99,6438.89464
2024-09-13 20:00:00,59743.99,60625.0,59633.4,60498.0,6120.52962
2024-09-14 00:00:00,60497.99,60610.45,60285.55,60329.37,2276.07277
2024-09-14 04:00:00,60329.38,60348.24,59900.0,60138.14,2520.20691
2024-09-14 08:00:00,60138.14,60156.0,59605.98,59706.39,2203.8962
2024-09-14 12:00:00,59706.4,60010.0,59626.01,59876.0,1704.29511
2024-09-14 16:00:00,59875.99,59983.39,59400.0,59810.0,2133.99814
2024-09-14 20:00:00,59810.01,60134.13,59774.0,59993.03,1299.43988
2024-09-15 00:00:00,59993.02,60280.06,59986.01,60155.93,1236.11942
2024-09-15 04:00:00,60155.93,60216.0,60032.9,60196.0,1021.60267
2024-09-15 08:00:00,60195.99,60204.0,59880.0,60000.51,1163.54597
2024-09-15 12:00:00,60000.51,60395.8,59871.0,60335.41,2112.8118
2024-09-15 16:00:00,60335.41,60352.65,59707.08,59878.22,3245.74935
2024-09-15 20:00:00,59878.23,59939.1,58691.05,59132.0,4978.0944
2024-09-16 00:00:00,59132.0,59210.7,58112.0,58575.09,5370.8386
2024-09-16 04:00:00,58575.09,58970.0,58312.54,58911.1,3433.45011
2024-09-16 08:00:00,58911.1,59179.35,58506.0,58663.99,3270.35511
2024-09-16 12:00:00,58664.0,58789.93,57553.38,57881.69,6950.28148
2024-09-16 16:00:00,57881.7,58263.84,57493.3,57943.99,4927.89314
2024-09-16 20:00:00,57943.99,58410.0,57608.0,58213.99,2524.74576
2024-09-17 00:00:00,58213.99,58343.99,57610.01,58060.0,2399.69133
2024-09-17 04:00:00,58060.0,58779.08,58028.0,58695.39,2401.70353
2024-09-17 08:00:00,58695.39,59300.0,58636.36,59080.99,3403.05073
2024-09-17 12:00:00,59080.99,61320.0,58872.02,61135.5,14518.51056
2024-09-17 16:00:00,61135.49,61261.0,59618.26,59967.99,7151.64931
2024-09-17 20:00:00,59967.98,60424.25,59715.42,60313.99,3241.65332
2024-09-18 00:00:00,60313.99,60769.0,59854.6,60509.99,3991.84107
2024-09-18 04:00:00,60510.0,60689.62,60199.68,60428.01,1833.32107
2024-09-18 08:00:00,60428.01,60428.01,59348.88,59846.0,4528.13103
2024-09-18 12:00:00,59846.0,60160.0,59308.61,59429.18,5117.9094
2024-09-18 16:00:00,59429.19,61318.6,59174.8,60057.99,14645.02961
2024-09-18 20:00:00,60057.99,61786.24,59473.68,61759.99,5970.79251
2024-09-19 00:00:00,61759.98,62589.52,61555.0,62117.99,8344.2925
2024-09-19 04:00:00,62117.98,62179.99,61814.0,62093.99,3360.24822
2024-09-19 08:00:00,62094.0,62727.52,61888.18,62645.44,3685.66229
2024-09-19 12:00:00,62645.44,63500.84,62582.14,63154.04,10166.54165
2024-09-19 16:00:00,63154.03,63850.0,62940.0,63251.99,6054.8445
2024-09-19 20:00:00,63251.99,63254.14,62650.0,62947.99,2720.93692
2024-09-20 00:00:00,62948.0,63750.0,62606.0,63742.16,3621.8169
2024-09-20 04:00:00,63742.15,64133.32,63390.32,63524.8,6638.35306
2024-09-20 08:00:00,63524.81,63700.0,63090.43,63440.0,3743.75146
2024-09-20 12:00:00,63440.01,63544.37,62553.9,63153.99,6589.92794
2024-09-20 16:00:00,63153.99,63282.0,62350.0,62809.13,3393.59501
2024-09-20 20:00:00,62809.13,63300.0,62709.3,63201.05,1478.93357
2024-09-21 00:00:00,63201.05,63310.37,62816.47,62889.57,1640.98964
2024-09-21 04:00:00,62889.58,63134.0,62758.0,63091.02,1209.98344
2024-09-21 08:00:00,63091.02,63136.0,62966.01,63089.77,1035.11805
2024-09-21 12:00:00,63089.76,63306.0,63036.92,63167.98,1603.27919
2024-09-21 16:00:00,63167.98,63400.0,63086.0,63203.59,1787.68953
2024-09-21 20:00:00,63203.59,63559.9,63058.0,63348.96,1098.28623
2024-09-22 00:00:00,63348.97,63450.0,62830.01,63106.0,1863.74001
2024-09-22 04:00:00,63106.0,63200.0,62838.0,62936.0,967.92007
2024-09-22 08:00:00,62936.0,63034.99,62544.94,62784.0,1840.93484
2024-09-22 12:00:00,62784.0,62930.0,62429.16,62652.12,2271.34613
2024-09-22 16:00:00,62652.12,63229.5,62468.01,63160.0,2262.34879
2024-09-22 20:00:00,63160.0,64000.0,62357.93,63578.76,5035.90908
2024-09-23 00:00:00,63578.76,64745.88,62538.75,64354.0,7140.31946
2024-09-23 04:00:00,64354.0,64455.13,63400.0,63548.82,3443.68917
2024-09-23 08:00:00,63548.83,63710.0,63300.0,63435.04,2927.2427
2024-09-23 12:00:00,63435.03,63806.0,63059.93,63618.0,5683.13836
2024-09-23 16:00:00,63617.99,63825.96,63098.97,63298.56,3051.89312
2024-09-23 20:00:00,63300.01,63489.0,63088.69,63339.99,1831.77006
2024-09-24 00:00:00,63339.99,63401.21,62700.0,63124.0,4362.37127
2024-09-24 04:00:00,63124.01,63569.99,62900.0,63559.92,2295.13582
2024-09-24 08:00:00,63559.93,63948.0,63380.0,63478.34,2935.03801
2024-09-24 12:00:00,63478.35,63768.0,62731.1,63159.99,5750.10021
2024-09-24 16:00:00,63159.99,64375.0,63088.02,64292.34,4151.18148
2024-09-24 20:00:00,64292.35,64688.0,63966.66,64262.7,3691.2208
2024-09-25 00:00:00,64262.7,64817.99,63990.41,64460.0,3313.63849
2024-09-25 04:00:00,64460.01,64460.23,63645.49,63843.33,2493.73409
2024-09-25 08:00:00,63843.34,63915.07,63407.7,63838.01,2671.75745
2024-09-25 12:00:00,63838.01,63999.0,63283.37,63495.66,3683.29568
2024-09-25 16:00:00,63495.66,63670.0,63000.0,63181.5,3421.13755
2024-09-25 20:00:00,63181.51,63551.81,62947.08,63152.01,2229.54842
2024-09-26 00:00:00,63152.01,63544.0,62670.0,63514.34,3182.8406
2024-09-26 04:00:00,63514.35,63874.41,63340.0,63852.07,1978.65426
2024-09-26 08:00:00,63852.07,64500.0,63595.67,64393.99,4265.52614
2024-09-26 12:00:00,64393.98,65550.0,64150.0,65229.03,10972.58828
2024-09-26 16:00:00,65229.03,65839.0,64693.26,64711.06,5421.22806
2024-09-26 20:00:00,64711.07,65244.0,64633.52,65173.99,2552.46859
2024-09-27 00:00:00,65173.99,65425.0,64819.9,65366.01,2512.15165
2024-09-27 04:00:00,65366.01,65550.0,65099.99,65460.02,3455.03541
2024-09-27 08:00:00,65460.02,65986.0,65342.78,65437.35,3894.1937
2024-09-27 12:00:00,65437.36,66498.0,65314.31,66006.01,7244.94249
2024-09-27 16:00:00,66006.01,66360.0,65524.0,65657.99,3581.38796
2024-09-27 20:00:00,65657.99,65962.0,65625.0,65769.95,1361.09366
2024-09-28 00:00:00,65769.95,66260.0,65720.0,66063.76,1667.03312
2024-09-28 04:00:00,66063.76,66087.0,65738.0,65824.01,1261.99889
2024-09-28 08:00:00,65824.01,65824.01,65453.0,65798.01,1658.51739
2024-09-28 12:00:00,65798.01,65816.0,65422.23,65619.13,1613.79987
2024-09-28 16:00:00,65619.14,65823.08,65492.59,65724.0,1744.50199
2024-09-28 20:00:00,65724.0,65982.16,65432.0,65858.0,1181.3819
2024-09-29 00:00:00,65858.0,65984.0,65647.28,65815.92,1175.81973
2024-09-29 04:00:00,65815.93,65815.93,65432.0,65477.01,1284.12437
2024-09-29 08:00:00,65477.01,65720.0,65433.0,65691.92,1041.46532
2024-09-29 12:00:00,65691.92,65850.0,65576.21,65751.34,1924.67822
2024-09-29 16:00:00,65751.34,65972.17,65654.01,65958.82,1134.64262
2024-09-29 20:00:00,65958.81,66076.12,65528.0,65602.01,1777.01085
2024-09-30 00:00:00,65602.01,65618.8,64190.0,64553.68,6048.78935
2024-09-30 04:00:00,64553.68,64750.01,64310.0,64562.01,3209.21927
2024-09-30 08:00:00,64562.01,64576.01,63249.68,63819.44,7287.18568
2024-09-30 12:00:00,63819.45,64161.08,63508.0,63561.41,4845.53912
2024-09-30 16:00:00,63561.42,63738.25,63056.0,63488.0,5487.90402
2024-09-30 20:00:00,63488.0,63860.0,62856.3,63327.59,3132.45008
2024-10-01 00:00:00,63327.6,63744.0,63006.7,63723.48,3879.35185
2024-10-01 04:00:00,63723.47,64130.63,63652.06,64045.92,3515.39368
2024-10-01 08:00:00,64045.92,64118.0,63707.89,63734.0,3230.34622
2024-10-01 12:00:00,63734.01,63809.97,61814.01,62628.85,12629.85952
2024-10-01 16:00:00,62628.85,62778.73,61092.0,61755.99,12278.90165
2024-10-01 20:00:00,61755.99,61760.74,60164.0,60805.78,8137.62816
2024-10-02 00:00:00,60804.92,61883.0,60733.81,61750.47,4288.88242
2024-10-02 04:00:00,61750.46,61940.0,61350.0,61727.4,2824.36251
2024-10-02 08:00:00,61727.39,61914.34,60888.88,61164.01,3827.59582
2024-10-02 12:00:00,61164.01,61926.9,60524.21,61874.01,7565.27679
2024-10-02 16:00:00,61874.01,62390.31,60000.0,60190.01,7929.51771
2024-10-02 20:00:00,60190.01,60999.24,60128.0,60649.28,5099.06593
2024-10-03 00:00:00,60649.27,61464.0,60536.0,61463.99,3657.31206
2024-10-03 04:00:00,61464.0,61477.19,60814.12,60926.0,3351.19716
2024-10-03 08:00:00,60926.0,61070.47,60126.56,60764.74,4407.11899
2024-10-03 12:00:00,60764.73,60900.0,59828.11,60641.5,8572.02693
2024-10-03 16:00:00,60641.5,61058.0,59917.02,61036.0,4408.85414
2024-10-03 20:00:00,61036.0,61100.0,60596.4,60752.71,1824.92544
2024-10-04 00:00:00,60752.72,61272.73,60459.9,60951.99,2373.59688
2024-10-04 04:00:00,60951.99,61544.98,60936.66,61443.64,2454.00481
2024-10-04 08:00:00,61443.64,61646.27,61266.42,61449.84,2343.66551
2024-10-04 12:00:00,61449.84,62004.48,60753.97,61873.04,8500.985
2024-10-04 16:00:00,61873.05,62468.0,61644.01,62368.0,4031.14494
2024-10-04 20:00:00,62368.0,62484.85,61965.14,62086.0,1591.2628
2024-10-05 00:00:00,62086.0,62214.0,61689.26,61861.99,1490.81546
2024-10-05 04:00:00,61861.99,62268.28,61824.01,62076.19,1052.59709
2024-10-05 08:00:00,62076.2,62326.48,62076.19,62180.0,1522.84096
2024-10-05 12:00:00,62179.99,62370.56,62100.0,62167.66,1317.65584
2024-10-05 16:00:00,62167.65,62180.0,61790.0,61848.48,1408.81584
2024-10-05 20:00:00,61848.48,62100.0,61700.0,62058.0,1014.73622
2024-10-06 00:00:00,62058.01,62150.0,61876.0,61878.66,882.65112
2024-10-06 04:00:00,61878.66,62010.0,61798.97,61949.01,907.06061
2024-10-06 08:00:00,61949.01,62176.75,61922.0,62101.92,936.78235
2024-10-06 12:00:00,62101.92,62777.0,62065.31,62720.01,3063.00545
2024-10-06 16:00:00,62720.01,62975.0,62550.0,62631.38,1681.72471
2024-10-06 20:00:00,62631.38,62912.33,62302.0,62819.91,1435.63753
2024-10-07 00:00:00,62819.91,63970.19,62657.44,63530.51,4456.00399
2024-10-07 04:00:00,63530.51,63753.91,63300.48,63531.99,2115.0378
2024-10-07 08:00:00,63532.0,63706.0,62649.95,63135.44,4457.19558
2024-10-07 12:00:00,63135.45,64478.19,62825.37,63651.6,7602.50861
2024-10-07 16:00:00,63651.59,63906.57,62735.9,63382.0,4094.49583
2024-10-07 20:00:00,63381.99,63410.0,62128.0,62224.0,3240.94339
2024-10-08 00:00:00,62224.01,62820.0,62156.02,62629.8,2759.18935
2024-10-08 04:00:00,62629.8,62778.04,62005.0,62319.99,2588.87096
2024-10-08 08:00:00,62319.99,62670.16,62193.63,62624.01,2240.95507
2024-10-08 12:00:00,62624.02,63200.0,61864.89,62288.01,6977.22252
2024-10-08 16:00:00,62288.01,62598.0,61860.31,62245.53,3585.78327
2024-10-08 20:00:00,62245.99,62565.95,62026.13,62160.49,1550.20254
2024-10-09 00:00:00,62160.5,62494.0,62002.5,62394.07,2218.57179
2024-10-09 04:00:00,62394.07,62543.75,62200.0,62276.78,2041.93089
2024-10-09 08:00:00,62276.79,62287.07,62046.69,62200.0,1718.42818
2024-10-09 12:00:00,62199.99,62412.09,61634.61,62316.0,5229.60107
2024-10-09 16:00:00,62316.0,62350.0,60835.0,61031.98,5071.40002
2024-10-09 20:00:00,61031.99,61122.53,60301.0,60636.02,3731.22489
2024-10-10 00:00:00,60636.01,60956.0,60355.0,60865.29,2727.57646
2024-10-10 04:00:00,60865.29,61149.58,60814.9,60900.0,1627.37524
2024-10-10 08:00:00,60900.01,61321.68,60630.71,61262.0,2559.67177
2024-10-10 12:00:00,61262.01,61320.0,60444.99,60789.36,5227.91174
2024-10-10 16:00:00,60789.36,61030.31,58946.0,59727.28,8517.95777
2024-10-10 20:00:00,59727.27,60329.27,59586.29,60326.39,3307.43183
2024-10-11 00:00:00,60326.4,60768.64,60087.64,60614.0,2415.18063
2024-10-11 04:00:00,60614.01,60925.16,60578.0,60674.69,2034.06082
2024-10-11 08:00:00,60674.68,61263.4,60650.44,61174.87,2754.98816
2024-10-11 12:00:00,61174.88,62450.0,61129.72,62259.05,6907.87356
2024-10-11 16:00:00,62259.04,63417.56,62123.0,63086.01,6450.8743
2024-10-11 20:00:00,63086.0,63160.0,62357.7,62540.0,3078.37462
2024-10-12 00:00:00,62539.99,63073.78,62487.23,62568.0,2510.94662
2024-10-12 04:00:00,62568.0,62800.0,62565.51,62767.57,1198.66803
2024-10-12 08:00:00,62767.57,63260.53,62672.34,62936.91,1999.15341
2024-10-12 12:00:00,62936.91,63480.0,62824.03,63157.49,2690.48359
2024-10-12 16:00:00,63157.5,63400.0,62911.0,63000.01,1537.73891
2024-10-12 20:00:00,63000.01,63388.0,63000.0,63206.22,974.3106
2024-10-13 00:00:00,63206.23,63285.72,62654.91,62712.31,1978.86462
2024-10-13 04:00:00,62712.31,62990.0,62707.21,62843.48,976.93771
2024-10-13 08:00:00,62843.48,62962.0,62520.18,62561.33,2072.26507
2024-10-13 12:00:00,62561.34,62818.0,62050.0,62229.31,2882.28535
2024-10-13 16:00:00,62229.32,62887.78,62177.67,62734.32,2186.22682
2024-10-13 20:00:00,62734.31,63125.0,62610.67,62870.02,1812.64038
2024-10-14 00:00:00,62870.02,64392.49,62457.81,64299.99,5202.69582
2024-10-14 04:00:00,64300.0,64686.0,63778.62,64620.87,6540.2077
2024-10-14 08:00:00,64620.87,65188.57,64340.98,64920.06,5338.83523
2024-10-14 12:00:00,64920.05,66299.93,64660.56,65870.0,11165.96157
2024-10-14 16:00:00,65870.0,66072.3,65459.0,65939.4,5541.11281
2024-10-14 20:00:00,65939.41,66500.0,65730.0,66083.99,3881.13909
2024-10-15 00:00:00,66084.0,66330.0,65324.4,65400.0,3574.82599
2024-10-15 04:00:00,65399.99,65846.0,65201.0,65638.74,3319.36953
2024-10-15 08:00:00,65638.74,65850.0,65280.0,65399.69,3798.65244
2024-10-15 12:00:00,65399.68,67950.0,64800.01,66022.0,20567.31949
2024-10-15 16:00:00,66022.01,67390.89,65982.55,66970.18,8440.07018
2024-10-15 20:00:00,66970.18,67156.47,66130.64,67074.14,3983.7166
2024-10-16 00:00:00,67074.14,67561.04,66750.49,67095.98,3508.4024
2024-10-16 04:00:00,67095.99,67361.41,66775.67,66972.53,3070.41603
2024-10-16 08:00:00,66972.53,68424.0,66917.52,67894.72,8671.10496
2024-10-16 12:00:00,67894.73,68308.91,67117.18,67749.99,9342.2106
2024-10-16 16:00:00,67750.0,68100.0,67482.0,67728.0,3575.32974
2024-10-16 20:00:00,67728.01,67954.03,67500.0,67620.01,1770.79171
2024-10-17 00:00:00,67620.0,67939.4,67406.99,67601.4,2503.78211
2024-10-17 04:00:00,67601.4,67601.4,67087.35,67303.18,3552.90409
2024-10-17 08:00:00,67303.18,67530.01,66741.09,66872.43,4840.70419
2024-10-17 12:00:00,66872.44,67680.0,66666.0,67590.66,6644.01683
2024-10-17 16:00:00,67590.67,67590.67,66720.0,66840.0,5364.13174
2024-10-17 20:00:00,66840.0,67480.0,66827.68,67421.78,2422.68965
2024-10-18 00:00:00,67421.78,68260.92,67192.36,67555.4,4815.67963
2024-10-18 04:00:00,67555.41,68378.95,67544.0,67969.7,4436.03787
2024-10-18 08:00:00,67969.69,68050.0,67674.98,67702.0,3604.45968
2024-10-18 12:00:00,67702.0,68870.68,67642.71,68735.35,8981.93414
2024-10-18 16:00:00,68735.34,69000.0,68360.0,68608.01,5094.2734
2024-10-18 20:00:00,68608.01,68690.0,68204.1,68428.0,1793.25028
2024-10-19 00:00:00,68427.99,68693.26,68303.03,68450.01,1376.73627
2024-10-19 04:00:00,68450.0,68560.0,68302.31,68346.54,1113.67315
2024-10-19 08:00:00,68346.54,68475.7,68090.3,68090.3,1655.36285
2024-10-19 12:00:00,68090.3,68350.0,68088.0,68226.93,1346.90882
2024-10-19 16:00:00,68226.94,68242.43,68010.0,68181.98,1019.59496
2024-10-19 20:00:00,68181.98,68413.96,68168.45,68378.0,1681.39132
2024-10-20 00:00:00,68377.99,68446.0,68100.0,68188.0,1054.72024
2024-10-20 04:00:00,68188.01,68433.5,68176.26,68378.0,1441.04305
2024-10-20 08:00:00,68378.01,68500.0,68355.0,68420.01,1130.42068
2024-10-20 12:00:00,68420.01,68772.7,68198.22,68625.99,3025.00337
2024-10-20 16:00:00,68625.99,68660.0,68422.0,68508.29,1137.38491
2024-10-20 20:00:00,68508.3,69400.0,68461.93,69031.99,4653.90153
2024-10-21 00:00:00,69032.0,69519.52,68588.51,68939.99,4025.34961
2024-10-21 04:00:00,68940.0,69185.18,68488.33,68514.0,2657.04256
2024-10-21 08:00:00,68513.99,68661.0,68119.01,68238.01,4244.21652
2024-10-21 12:00:00,68238.0,68328.68,66840.67,67341.02,12814.65836
2024-10-21 16:00:00,67341.02,67941.17,66894.0,67763.0,5541.16575
2024-10-21 20:00:00,67763.99,67933.79,67366.66,67377.5,2091.98904
2024-10-22 00:00:00,67377.5,67694.92,66571.42,67390.02,4530.23136
2024-10-22 04:00:00,67390.01,67800.0,67278.02,67402.0,2582.69229
2024-10-22 08:00:00,67402.0,67526.67,66740.0,67299.15,5952.92995
2024-10-22 12:00:00,67299.15,67693.34,66644.18,67282.27,6233.58519
2024-10-22 16:00:00,67282.27,67635.72,66920.0,67482.98,3629.34667
2024-10-22 20:00:00,67482.99,67836.01,67292.0,67426.0,1670.17722
2024-10-23 00:00:00,67426.01,67472.83,66890.0,67082.1,2192.04981
2024-10-23 04:00:00,67082.1,67302.83,66800.0,66852.34,2205.04466
2024-10-23 08:00:00,66852.33,67048.0,66200.0,66414.0,4678.16343
2024-10-23 12:00:00,66414.0,66910.15,65923.01,66223.44,6555.45611
2024-10-23 16:00:00,66223.45,66573.58,65260.0,66472.0,7747.67519
2024-10-23 20:00:00,66472.0,66807.37,66338.99,66668.65,2151.8515
2024-10-24 00:00:00,66668.65,67612.12,66510.0,67213.16,4069.13262
2024-10-24 04:00:00,67213.16,67479.55,67068.75,67123.08,2168.24652
2024-10-24 08:00:00,67123.09,67322.26,66700.0,67285.99,3627.57529
2024-10-24 12:00:00,67286.0,67998.0,67262.0,67701.22,5556.69154
2024-10-24 16:00:00,67701.21,68323.0,67350.01,68309.79,4018.19794
2024-10-24 20:00:00,68309.79,68850.0,67978.04,68198.28,3149.99486
2024-10-25 00:00:00,68198.27,68286.56,67836.0,68008.0,2103.46788
2024-10-25 04:00:00,68007.99,68045.36,67250.0,67531.97,3239.24812
2024-10-25 08:00:00,67531.96,68183.78,67286.28,68105.79,3432.59534
2024-10-25 12:00:00,68105.79,68771.49,67429.87,67690.01,6063.80083
2024-10-25 16:00:00,67690.01,67890.52,66006.6,66850.0,12819.56162
2024-10-25 20:00:00,66849.99,67392.52,65596.29,66698.33,6821.03746
2024-10-26 00:00:00,66698.32,67050.2,66439.9,66914.0,3685.00548
2024-10-26 04:00:00,66914.0,67240.02,66784.26,67007.99,1628.86516
2024-10-26 08:00:00,67007.99,67264.34,66953.02,67138.0,1491.87488
2024-10-26 12:00:00,67138.0,67180.0,66744.0,66886.49,2610.78256
2024-10-26 16:00:00,66886.49,67181.82,66788.0,67177.99,1318.30448
2024-10-26 20:00:00,67178.0,67454.55,67084.0,67092.76,1108.07514
2024-10-27 00:00:00,67092.76,67325.46,66913.73,67289.57,986.04169
2024-10-27 04:00:00,67289.57,67317.78,67120.0,67204.01,668.95382
2024-10-27 08:00:00,67204.0,67266.49,67036.85,67128.04,1089.42823
2024-10-27 12:00:00,67128.03,67858.0,67121.45,67791.99,2061.49126
2024-10-27 16:00:00,67792.0,68000.0,67540.88,67850.0,1636.67932
2024-10-27 20:00:00,67850.0,68332.05,67688.09,68021.7,2210.6016
2024-10-28 00:00:00,68021.69,68116.78,67677.77,67727.59,1748.50819
2024-10-28 04:00:00,67727.59,68680.0,67618.0,68415.52,3228.44557
2024-10-28 08:00:00,68415.52,68833.57,68238.81,68753.78,2668.85534
2024-10-28 12:00:00,68753.78,69280.0,68426.67,68494.2,7619.52629
2024-10-28 16:00:00,68494.2,69900.0,68452.54,69629.98,7959.90622
2024-10-28 20:00:00,69629.99,70270.0,69427.79,69962.21,5821.51298
2024-10-29 00:00:00,69962.21,71587.88,69760.0,70938.14,9260.69533
2024-10-29 04:00:00,70938.15,71370.0,70837.83,71017.97,5390.71759
2024-10-29 08:00:00,71017.96,71578.95,70974.0,71452.01,4333.82377
2024-10-29 12:00:00,71452.02,72429.99,70929.0,72402.01,11510.0098
2024-10-29 16:00:00,72402.0,73620.12,72350.7,72536.16,14375.99601
2024-10-29 20:00:00,72536.38,72978.9,71864.65,72736.42,5257.36344
2024-10-30 00:00:00,72736.41,72785.72,72000.01,72234.0,3553.7595
2024-10-30 04:00:00,72234.0,72610.0,72100.0,72227.99,3065.87039
2024-10-30 08:00:00,72227.99,72604.97,71926.82,71983.99,3249.22754
2024-10-30 12:00:00,71984.0,72470.0,71436.0,72061.34,7786.81964
2024-10-30 16:00:00,72061.34,72197.5,71641.77,71822.01,3301.81939
2024-10-30 20:00:00,71822.01,72961.0,71644.19,72344.74,5928.4941
2024-10-31 00:00:00,72344.75,72599.99,72030.08,72353.74,2955.82677
2024-10-31 04:00:00,72353.75,72478.0,72150.0,72417.19,2300.55532
2024-10-31 08:00:00,72417.19,72700.0,72149.79,72226.0,3129.22143
2024-10-31 12:00:00,72226.0,72276.0,70431.77,70620.0,10391.35314
2024-10-31 16:00:00,70620.01,70949.51,70036.0,70092.07,5987.52232
2024-10-31 20:00:00,70092.07,70654.76,69685.76,70292.01,4587.62399
2024-11-01 00:00:00,70292.01,70470.0,68830.0,69369.99,6736.08255
2024-11-01 04:00:00,69369.99,69699.14,69080.0,69273.7,3840.13342
2024-11-01 08:00:00,69273.7,70228.0,69237.26,70002.01,4258.62726
2024-11-01 12:00:00,70002.01,71632.95,69044.0,69387.77,12583.25292
2024-11-01 16:00:00,69387.78,70515.16,68820.14,69268.0,8722.26319
2024-11-01 20:00:00,69268.0,69627.0,68854.5,69496.01,2161.50821
2024-11-02 00:00:00,69496.0,69914.37,69479.91,69599.99,1888.97948
2024-11-02 04:00:00,69599.99,69823.94,69446.0,69813.91,1298.14761
2024-11-02 08:00:00,69813.91,69838.62,69417.88,69608.0,1279.6003
2024-11-02 12:00:00,69608.0,69711.59,69000.14,69393.17,3365.13104
2024-11-02 16:00:00,69393.18,69616.0,69215.0,69510.0,1553.51785
2024-11-02 20:00:00,69510.0,69571.99,69149.0,69374.74,1136.29615
2024-11-03 00:00:00,69374.74,69391.0,67864.16,68379.89,5846.4092
2024-11-03 04:00:00,68379.9,68771.58,68303.99,68397.42,1961.6419
2024-11-03 08:00:00,68397.42,68603.58,68200.01,68358.86,2460.80349
2024-11-03 12:00:00,68358.86,68560.0,67478.73,68090.9,6042.77974
2024-11-03 16:00:00,68090.91,68693.81,67667.21,68679.0,4811.23179
2024-11-03 20:00:00,68679.0,69358.0,68492.82,68775.99,3872.83631
2024-11-04 00:00:00,68775.99,69500.0,68240.61,69047.86,3531.81884
2024-11-04 04:00:00,69047.86,69401.55,68618.0,68618.0,2753.25815
2024-11-04 08:00:00,68618.0,69036.0,68470.0,68792.71,3061.68173
2024-11-04 12:00:00,68792.72,69264.52,68202.99,68646.01,6502.898
2024-11-04 16:00:00,68646.01,68814.32,67251.5,67856.0,7022.60435
2024-11-04 20:00:00,67856.01,68106.07,66835.0,67850.01,6928.1308
2024-11-05 00:00:00,67850.01,68255.0,67476.63,68243.0,3631.30352
2024-11-05 04:00:00,68243.01,68976.0,68218.51,68893.99,3527.68448
2024-11-05 08:00:00,68894.0,69100.0,68615.11,68810.03,3105.13722
2024-11-05 12:00:00,68810.03,70325.06,68666.0,69639.99,9273.82987
2024-11-05 16:00:00,69640.0,70577.91,68732.77,68995.99,8251.89006
2024-11-05 20:00:00,68995.99,69898.02,68786.91,69372.01,5565.22373
2024-11-06 00:00:00,69372.01,75000.0,69298.0,74348.53,29431.196937
2024-11-06 04:00:00,74348.53,75407.1,72727.0,73370.89,26064.898021
2024-11-06 08:00:00,73370.89,74475.47,72656.31,74272.01,13990.39249
2024-11-06 12:00:00,74272.0,74757.58,73488.0,74298.0,13980.04537
2024-11-06 16:00:00,74297.99,75850.0,74150.0,75823.55,11500.391072
2024-11-06 20:00:00,75823.55,76400.0,75507.1,75571.99,9160.070897
2024-11-07 00:00:00,75571.99,76022.79,75003.83,75048.01,7170.25219
2024-11-07 04:00:00,75048.01,75048.01,74416.0,74757.58,5435.11503
2024-11-07 08:00:00,74757.58,75150.11,74649.54,74746.0,3766.42463
2024-11-07 12:00:00,74745.99,76059.69,74512.19,76059.69,7599.95
2024-11-07 16:00:00,76059.68,76718.99,75555.17,76530.39,13850.283425
2024-11-07 20:00:00,76530.4,76849.99,75494.0,75857.89,7047.39707
2024-11-08 00:00:00,75857.89,76358.0,75555.0,75890.79,4416.57747
2024-11-08 04:00:00,75890.79,76220.0,75686.0,76148.49,5001.36124
2024-11-08 08:00:00,76148.49,76320.0,75760.0,75934.46,3321.2486
2024-11-08 12:00:00,75934.47,76584.6,75630.76,76427.72,9261.36209
2024-11-08 16:00:00,76427.72,77199.99,75822.07,76912.58,9446.863703
2024-11-08 20:00:00,76912.58,77097.0,76300.23,76509.78,5073.68648
2024-11-09 00:00:00,76509.78,76639.84,76136.0,76341.47,2498.29713
2024-11-09 04:00:00,76341.47,76795.69,76294.0,76529.08,2824.88315
2024-11-09 08:00:00,76529.07,76735.59,76358.91,76487.11,1956.64753
2024-11-09 12:00:00,76487.11,76541.53,76272.72,76319.9,2576.33768
2024-11-09 16:00:00,76319.91,76700.0,75714.66,76204.92,3958.68374
2024-11-09 20:00:00,76204.91,76900.0,76179.0,76677.46,3127.22992
2024-11-10 00:00:00,76677.46,77498.0,76492.0,77205.96,6237.464965
2024-11-10 04:00:00,77205.97,79788.96,77138.0,78832.37,15561.725502
2024-11-10 08:00:00,78832.36,80040.0,78832.36,79844.01,7359.556072
2024-11-10 12:00:00,79844.0,80080.0,79200.0,79694.03,9016.63483
2024-11-10 16:00:00,79694.03,81069.99,79324.59,79748.99,11314.767361
2024-11-10 20:00:00,79748.99,81500.0,78473.13,80370.01,12339.951705
2024-11-11 00:00:00,80370.01,81846.71,80216.01,81612.23,7866.798202
2024-11-11 04:00:00,81612.23,81727.47,80432.0,81109.1,6018.85178
2024-11-11 08:00:00,81109.11,82380.94,81023.29,82134.0,8046.625461
2024-11-11 12:00:00,82133.99,84263.51,81460.19,84059.54,17558.062176
2024-11-11 16:00:00,84059.53,86650.0,83831.84,86102.21,19271.655334
2024-11-11 20:00:00,86102.21,89530.54,86052.0,88647.99,23561.672823
2024-11-12 00:00:00,88648.0,89470.0,86561.35,88047.46,19452.23586
2024-11-12 04:00:00,88047.45,89940.0,87700.0,88983.35,13408.122211
2024-11-12 08:00:00,88983.35,89372.0,85229.0,87155.55,21526.29235
2024-11-12 12:00:00,87155.55,87860.0,85072.0,86632.0,19109.59223
2024-11-12 16:00:00,86632.0,89764.38,85730.35,88704.28,14486.43433
2024-11-12 20:00:00,88704.28,89876.94,87379.59,87952.01,9317.21093
2024-11-13 00:00:00,87952.0,88562.94,87004.0,87136.0,10008.6189
2024-11-13 04:00:00,87136.0,87692.69,86127.99,87356.0,9544.53162
2024-11-13 08:00:00,87356.01,88083.0,87082.42,87669.39,6000.39557
2024-11-13 12:00:00,87669.4,92690.0,87502.49,92540.01,25126.849483
2024-11-13 16:00:00,92540.0,93265.64,89969.87,90193.51,22766.283954
2024-11-13 20:00:00,90193.5,91184.02,87970.98,90375.2,13317.1746
2024-11-14 00:00:00,90375.21,90566.0,89458.13,89937.02,7354.10555
2024-11-14 04:00:00,89937.03,90850.0,89104.54,90769.42,6197.35157
2024-11-14 08:00:00,90769.42,91657.77,90329.8,91491.86,8132.00542
2024-11-14 12:00:00,91491.85,91790.0,87829.57,87947.99,15118.0437
2024-11-14 16:00:00,87947.99,89775.24,87526.74,89463.99,8531.95926
2024-11-14 20:00:00,89463.99,89464.0,86668.21,87325.59,11396.04536
2024-11-15 00:00:00,87325.59,88473.7,87252.0,88218.21,6032.5219
2024-11-15 04:00:00,88218.22,88391.99,87073.38,87612.0,6883.97605
2024-11-15 08:00:00,87612.01,89771.99,87368.0,89741.25,6640.4585
2024-11-15 12:00:00,89741.24,90709.74,87754.45,88445.41,11903.82559
2024-11-15 16:00:00,88445.4,90844.9,88386.99,90377.89,8672.84127
2024-11-15 20:00:00,90377.89,91850.0,90324.85,91032.07,7794.32737
2024-11-16 00:00:00,91032.08,91709.06,90850.0,91252.03,4249.95392
2024-11-16 04:00:00,91252.04,91779.66,91064.24,91117.53,3028.27512
2024-11-16 08:00:00,91117.52,91598.13,90993.15,91169.69,3972.70297
2024-11-16 12:00:00,91169.69,91320.0,90056.17,90521.2,5422.19653
2024-11-16 16:00:00,90521.2,91396.03,90186.64,91100.24,3466.38119
2024-11-16 20:00:00,91100.23,91181.82,90300.0,90586.92,2578.36716
2024-11-17 00:00:00,90587.98,90888.0,89364.0,90247.86,4950.72397
2024-11-17 04:00:00,90247.86,90888.0,90158.56,90550.8,2974.11564
2024-11-17 08:00:00,90550.8,91449.99,90478.99,90684.19,3929.09518
2024-11-17 12:00:00,90684.19,91189.88,89925.91,90260.01,4166.81415
2024-11-17 16:00:00,90260.01,90640.18,89664.34,90044.0,3112.39163
2024-11-17 20:00:00,90044.0,90212.13,88722.0,89855.99,4734.41552
2024-11-18 00:00:00,89855.98,90935.44,89617.96,90668.58,3252.23252
2024-11-18 04:00:00,90668.58,92300.0,90438.85,91719.9,6378.66485
2024-11-18 08:00:00,91719.9,92211.99,90051.1,90275.13,6488.59666
2024-11-18 12:00:00,90275.13,92594.0,89376.9,92309.51,12873.97296
2024-11-18 16:00:00,92309.51,92584.95,89667.66,90608.26,9954.79626
2024-11-18 20:00:00,90608.26,91980.0,90224.02,90464.08,7596.77123
2024-11-19 00:00:00,90464.07,91529.0,90357.0,91428.0,3575.26612
2024-11-19 04:00:00,91428.0,92000.0,91238.09,91620.01,3893.80469
2024-11-19 08:00:00,91620.0,91950.0,91200.0,91652.02,3730.94665
2024-11-19 12:00:00,91652.01,92788.0,90975.8,92391.99,13823.62822
2024-11-19 16:00:00,92391.99,93905.51,92147.12,93227.87,11450.7773
2024-11-19 20:00:00,93227.87,93571.08,91320.0,92310.79,7185.62384
2024-11-20 00:00:00,92310.8,92418.68,91500.0,92039.99,4096.22399
2024-11-20 04:00:00,92039.99,92851.09,91850.0,92850.38,3477.17855
2024-11-20 08:00:00,92850.38,93669.98,92720.0,93454.65,6216.74888
2024-11-20 12:00:00,93454.65,94807.62,93314.49,94739.97,12702.544432
2024-11-20 16:00:00,94739.98,94831.97,93138.0,94000.0,10761.1069
2024-11-20 20:00:00,94000.0,94599.98,93770.07,94286.56,4949.39596
2024-11-21 00:00:00,94286.56,95904.0,94040.0,95798.12,9339.057505
2024-11-21 04:00:00,95798.12,97852.0,95798.11,96912.01,13220.183819
2024-11-21 08:00:00,96912.01,98384.86,96723.96,97974.99,10048.90103
2024-11-21 12:00:00,97975.0,98250.0,95600.0,96672.0,16850.11898
2024-11-21 16:00:00,96672.0,98988.0,96276.69,97829.83,13009.781133
2024-11-21 20:00:00,97829.84,98723.65,97533.18,98317.12,6760.31801
2024-11-22 00:00:00,98317.12,99299.99,97840.0,98836.5,7532.474903
2024-11-22 04:00:00,98836.49,99419.99,98517.21,99173.7,6632.8656
2024-11-22 08:00:00,99173.7,99267.19,98219.84,98870.38,6290.74803
2024-11-22 12:00:00,98870.39,98949.0,97122.11,98664.0,11263.93551
2024-11-22 16:00:00,98663.99,99588.01,98220.0,99079.74,9541.05621
2024-11-22 20:00:00,99079.74,99449.0,98535.0,98892.0,4928.22899
2024-11-23 00:00:00,98892.0,98908.85,98300.0,98666.67,3918.314
2024-11-23 04:00:00,98666.66,98800.0,98284.61,98560.85,3360.38068
2024-11-23 08:00:00,98560.84,98623.76,98300.0,98429.99,3176.75105
2024-11-23 12:00:00,98430.0,98847.68,98400.0,98400.0,4138.68982
2024-11-23 16:00:00,98400.01,98459.56,97336.06,97504.0,7486.78427
2024-11-23 20:00:00,97504.0,98015.82,97136.0,97672.4,2676.92385
2024-11-24 00:00:00,97672.4,98564.0,97620.74,98200.1,3989.58138
2024-11-24 04:00:00,98200.1,98431.06,97872.2,98431.05,3583.35015
2024-11-24 08:00:00,98431.05,98472.98,97239.29,97280.03,3606.92172
2024-11-24 12:00:00,97280.04,97606.52,95900.01,95901.51,9382.31921
2024-11-24 16:00:00,95901.52,96747.98,95734.77,96320.02,5662.8696
2024-11-24 20:00:00,96320.01,98369.46,96195.47,97900.04,4975.93632
2024-11-25 00:00:00,97900.05,98050.0,96888.0,97898.8,3838.26336
2024-11-25 04:00:00,97898.81,98376.99,97491.66,98047.34,5230.71565
2024-11-25 08:00:00,98047.34,98871.8,97850.0,98188.09,5195.73129
2024-11-25 12:00:00,98188.09,98313.08,94525.0,96000.56,14345.48831
2024-11-25 16:00:00,96000.57,96500.0,94400.0,94669.48,10283.14008
2024-11-25 20:00:00,94669.49,95300.0,92600.19,93010.01,11954.11227
2024-11-26 00:00:00,93010.01,94923.69,92727.9,94464.0,6245.66011
2024-11-26 04:00:00,94464.0,94973.37,93500.08,93785.71,4722.02616
2024-11-26 08:00:00,93785.72,93785.72,91466.52,92356.85,13592.93588
2024-11-26 12:00:00,92356.84,93559.0,91739.7,92813.0,13179.13015
2024-11-26 16:00:00,92812.99,94685.6,91554.11,91683.89,10628.56926
2024-11-26 20:00:00,91683.9,92364.0,90791.1,91965.16,9490.40982
2024-11-27 00:00:00,91965.16,93037.38,91792.14,92588.0,5555.58018
2024-11-27 04:00:00,92588.0,93648.0,92361.66,93597.16,4840.27212
2024-11-27 08:00:00,93597.16,93885.6,93109.12,93367.99,3994.01189
2024-11-27 12:00:00,93367.99,95850.0,92847.84,95556.01,9868.59893
2024-11-27 16:00:00,95556.0,96631.68,95184.79,96627.99,9525.88556
2024-11-27 20:00:00,96627.99,97208.21,95731.72,95863.11,7369.07866
2024-11-28 00:00:00,95863.11,96564.0,94822.54,95471.43,6275.70277
2024-11-28 04:00:00,95471.44,95922.39,95063.15,95299.66,5014.99892
2024-11-28 08:00:00,95299.66,95780.0,94640.0,95452.01,4752.0259
2024-11-28 12:00:00,95452.0,96221.8,94900.0,95007.14,5548.28802
2024-11-28 16:00:00,95007.15,95435.68,94817.0,95119.48,3678.82621
2024-11-28 20:00:00,95119.48,96023.48,94698.0,95643.98,3544.70175
2024-11-29 00:00:00,95643.99,96859.0,95364.99,96590.36,3208.77651
2024-11-29 04:00:00,96590.35,96630.09,95600.03,95625.05,2916.98299
2024-11-29 08:00:00,95625.05,97358.21,95616.0,97237.91,4164.43477
2024-11-29 12:00:00,97237.91,98619.99,96768.0,98019.47,8857.57633
2024-11-29 16:00:00,98019.46,98440.0,96853.82,97329.73,5993.35722
2024-11-29 20:00:00,97329.73,97624.62,96981.01,97460.0,2560.65449
2024-11-30 00:00:00,97460.0,97463.95,96309.85,96640.02,3052.5744
2024-11-30 04:00:00,96640.02,97234.02,96532.7,96783.38,3397.39114
2024-11-30 08:00:00,96783.38,96968.78,96092.01,96267.99,2445.61538
2024-11-30 12:00:00,96267.99,96732.15,96242.14,96645.41,2060.42388
2024-11-30 16:00:00,96645.42,97062.5,96531.35,97019.68,1822.59102
2024-11-30 20:00:00,97019.69,97040.0,96320.99,96407.99,1725.23724
2024-12-01 00:00:00,96407.99,96672.49,95693.88,96336.75,3622.03491
2024-12-01 04:00:00,96336.76,96515.52,96195.99,96472.97,1284.90142
2024-12-01 08:00:00,96472.97,97179.04,96424.99,97108.89,2803.36709
2024-12-01 12:00:00,97108.89,97388.78,96660.88,97028.02,3260.08114
2024-12-01 16:00:00,97028.02,97523.41,96958.48,97178.73,2968.12339
2024-12-01 20:00:00,97178.73,97836.0,96800.01,97185.18,3000.09657
2024-12-02 00:00:00,97185.17,98130.0,96350.0,96483.75,5392.949
2024-12-02 04:00:00,96483.75,96924.0,95749.97,95999.99,5378.4519
2024-12-02 08:00:00,95999.99,96112.0,94820.41,95128.68,6299.85507
2024-12-02 12:00:00,95128.67,97214.77,94766.0,97048.0,8297.68046
2024-12-02 16:00:00,97048.01,97356.69,94395.0,95816.0,8796.99302
2024-12-02 20:00:00,95816.01,96327.87,95112.01,95840.62,3792.74036
2024-12-03 00:00:00,95840.61,96305.52,95400.0,96079.36,3671.38924
2024-12-03 04:00:00,96079.36,96238.1,95277.35,95550.0,3510.45774
2024-12-03 08:00:00,95550.0,95662.94,94595.38,94988.01,4056.48891
2024-12-03 12:00:00,94988.0,96250.0,93578.17,95682.54,13543.07849
2024-12-03 16:00:00,95682.54,96169.99,94860.0,95428.6,5936.97324
2024-12-03 20:00:00,95428.61,96140.01,95272.5,95849.69,5108.93521
2024-12-04 00:00:00,95849.69,96614.16,95224.17,95770.32,4788.30848
2024-12-04 04:00:00,95770.32,96714.41,95717.54,96588.81,3607.43743
2024-12-04 08:00:00,96588.81,96950.0,96172.0,96190.41,3780.1103
2024-12-04 12:00:00,96190.41,96560.0,95352.41,95742.81,7959.19099
2024-12-04 16:00:00,95742.8,97232.01,94587.83,97209.64,9467.01122
2024-12-04 20:00:00,97209.64,99000.0,97128.52,98587.32,14248.47886
2024-12-05 00:00:00,98587.32,104088.0,97888.89,102964.0,29911.489432
2024-12-05 04:00:00,102964.0,103544.71,101324.16,102236.1,14930.57327
2024-12-05 08:00:00,102236.1,103159.76,102236.1,102566.91,9004.86605
2024-12-05 12:00:00,102566.91,103550.0,100925.97,101292.01,15250.81785
2024-12-05 16:00:00,101292.0,101999.0,98599.36,99028.0,14788.63995
2024-12-05 20:00:00,99028.01,99479.72,90500.0,96945.63,26035.34311
2024-12-06 00:00:00,96945.63,98828.7,95981.72,97735.29,10502.77687
2024-12-06 04:00:00,97735.29,98288.0,97370.19,98138.54,4600.17485
2024-12-06 08:00:00,98138.53,98705.23,97622.86,98069.62,5508.51297
2024-12-06 12:00:00,98069.61,99483.81,97512.26,99309.99,9368.1804
2024-12-06 16:00:00,99310.0,101799.0,98762.6,101439.99,9652.35617
2024-12-06 20:00:00,101439.99,101898.99,99053.03,99740.84,5417.53184
2024-12-07 00:00:00,99740.84,100428.0,99285.71,99299.63,2803.39835
2024-12-07 04:00:00,99299.64,99666.31,98844.0,99405.2,3254.00298
2024-12-07 08:00:00,99405.2,99821.83,99260.0,99620.0,2290.29479
2024-12-07 12:00:00,99620.0,99800.0,99036.01,99756.01,2409.08289
2024-12-07 16:00:00,99756.0,100263.64,99460.37,100077.45,2257.58478
2024-12-07 20:00:00,100077.45,100439.18,99595.11,99831.99,1917.58211
2024-12-08 00:00:00,99831.99,100328.88,99632.28,99934.82,1688.21452
2024-12-08 04:00:00,99934.83,100030.0,99336.0,99675.11,1590.3559
2024-12-08 08:00:00,99675.11,99844.28,98657.7,99701.16,2557.39593
2024-12-08 12:00:00,99701.17,100500.0,99357.16,99912.01,3388.44325
2024-12-08 16:00:00,99912.01,100198.0,99480.0,100100.98,2219.63339
2024-12-08 20:00:00,100100.99,101351.0,99736.06,101109.59,3168.95389
2024-12-09 00:00:00,101109.6,101215.93,98432.18,99090.84,6131.57247
2024-12-09 04:00:00,99090.84,99729.88,98328.0,99576.51,4641.05371
2024-12-09 08:00:00,99576.51,99679.71,98035.57,98088.47,5754.936
2024-12-09 12:00:00,98088.47,100421.8,97508.58,97812.0,10565.60263
2024-12-09 16:00:00,97812.0,98398.0,97000.0,97070.32,7646.39206
2024-12-09 20:00:00,97070.33,97572.52,94150.05,97276.47,19209.55908
2024-12-10 00:00:00,97276.48,98138.0,95565.41,96931.99,7967.90111
2024-12-10 04:00:00,96931.99,97519.2,95900.0,97196.44,4851.30267
2024-12-10 08:00:00,97196.44,97937.5,96938.19,97722.52,3732.90811
2024-12-10 12:00:00,97722.53,98270.0,95555.0,95658.79,11589.32855
2024-12-10 16:00:00,95658.79,96500.0,94256.54,95856.5,17282.11364
2024-12-10 20:00:00,95856.5,97200.7,95616.0,96593.0,6285.13525
2024-12-11 00:00:00,96593.0,97625.76,95658.24,97398.43,6101.81371
2024-12-11 04:00:00,97398.42,97790.36,97181.7,97334.6,2882.63101
2024-12-11 08:00:00,97334.59,98472.57,97316.78,98292.61,3915.0582
2024-12-11 12:00:00,98292.61,100800.0,98072.33,100361.64,10646.28169
2024-12-11 16:00:00,100361.64,101141.01,99608.23,101122.71,9214.79257
2024-12-11 20:00:00,101122.71,101888.0,100866.42,101125.0,4993.20573
2024-12-12 00:00:00,101125.0,101829.0,100331.61,101025.87,4584.27765
2024-12-12 04:00:00,101025.88,101191.85,100402.82,100499.99,3018.02596
2024-12-12 08:00:00,100499.99,101126.54,100178.32,100358.42,2593.08394
2024-12-12 12:00:00,100358.42,101861.6,100348.35,101797.14,7527.72986
2024-12-12 16:00:00,101797.14,102540.0,99311.64,99481.32,7934.57131
2024-12-12 20:00:00,99481.33,100476.19,99465.33,100004.29,3574.39873
2024-12-13 00:00:00,100004.29,100356.85,99205.0,99729.09,3169.68724
2024-12-13 04:00:00,99729.09,100225.52,99500.0,100130.0,2722.44317
2024-12-13 08:00:00,100130.01,100789.0,99896.0,100353.37,2260.04806
2024-12-13 12:00:00,100353.37,101375.26,99700.0,99873.16,4395.11384
2024-12-13 16:00:00,99873.16,101895.26,99800.0,101462.34,6176.84479
2024-12-13 20:00:00,101462.34,101879.98,101090.9,101424.25,3179.90213
2024-12-14 00:00:00,101424.24,102650.0,101148.35,102088.0,4102.31163
2024-12-14 04:00:00,102088.0,102138.0,101590.9,101824.0,2355.50886
2024-12-14 08:00:00,101824.0,101863.64,101321.0,101583.99,1246.03828
2024-12-14 12:00:00,101584.0,101742.43,100826.38,101625.12,2737.98405
2024-12-14 16:00:00,101625.12,101737.7,100831.63,101313.54,2313.84837
2024-12-14 20:00:00,101313.54,101499.08,100609.41,101420.0,1436.01207
2024-12-15 00:00:00,101420.0,102196.97,101237.14,101733.82,2717.2499
2024-12-15 04:00:00,101733.83,102850.0,101534.01,101732.09,3091.00658
2024-12-15 08:00:00,101732.09,102691.01,101581.07,102671.44,1800.59415
2024-12-15 12:00:00,102671.44,103359.97,102473.01,102704.01,4918.19696
2024-12-15 16:00:00,102704.0,103490.0,102583.65,103252.95,2441.92022
2024-12-15 20:00:00,103252.96,105250.0,102621.5,104463.99,7259.953965
2024-12-16 00:00:00,104463.99,106648.0,104259.48,104582.28,8803.848246
2024-12-16 04:00:00,104582.28,105420.76,104469.89,104992.79,3083.27266
2024-12-16 08:00:00,104992.79,105016.85,103625.78,103757.99,3972.26006
2024-12-16 12:00:00,103758.0,106499.99,103333.0,106332.01,9289.30941
2024-12-16 16:00:00,106332.0,107793.07,105797.41,106583.12,11995.104264
2024-12-16 20:00:00,106583.13,106648.48,105480.02,106058.66,4158.6081
2024-12-17 00:00:00,106058.65,107000.0,105657.34,106866.49,3882.88127
2024-12-17 04:00:00,106866.5,107143.29,106368.45,106805.75,2937.82223
2024-12-17 08:00:00,106805.75,107550.02,106708.86,106808.31,3622.94784
2024-12-17 12:00:00,106808.31,108353.0,105725.99,106478.47,8939.180456
2024-12-17 16:00:00,106478.48,107633.0,106148.0,106475.89,5875.35581
2024-12-17 20:00:00,106475.89,106903.99,105321.49,106133.74,3806.74886
2024-12-18 00:00:00,106133.74,106524.98,104581.58,104763.98,5784.93924
2024-12-18 04:00:00,104763.99,104763.99,103137.82,104250.75,7256.63713
2024-12-18 08:00:00,104250.75,105033.33,103729.18,105028.33,2927.64166
2024-12-18 12:00:00,105028.33,105350.0,103650.0,104428.54,7242.86665
2024-12-18 16:00:00,104428.54,104999.98,102817.82,102817.82,9166.33778
2024-12-18 20:00:00,102817.82,102997.77,100000.0,100204.01,17929.57509
2024-12-19 00:00:00,100204.01,101310.25,98802.0,101193.15,11011.14924
2024-12-19 04:00:00,101193.15,101727.28,100629.99,101656.57,3199.07619
2024-12-19 08:00:00,101656.57,102609.72,101380.1,102449.99,4074.86626
2024-12-19 12:00:00,102450.0,102800.11,99500.0,100679.86,10496.80787
2024-12-19 16:00:00,100679.86,101200.0,96251.32,97199.72,15856.49892
2024-12-19 20:00:00,97199.72,98500.0,95700.0,97461.86,10508.99952
2024-12-20 00:00:00,97461.86,97814.09,96000.0,97106.02,8712.02871
2024-12-20 04:00:00,97106.02,98233.0,96374.03,97832.53,6871.39877
2024-12-20 08:00:00,97832.52,97864.91,92612.1,92723.98,19009.19125
2024-12-20 12:00:00,92723.99,97572.0,92232.54,96991.62,16343.30766
2024-12-20 16:00:00,96991.63,97748.0,96300.0,97116.0,7186.02296
2024-12-20 20:00:00,97116.0,97816.44,95393.84,97805.44,4762.18635
2024-12-21 00:00:00,97805.44,97813.59,97188.09,97487.46,2878.66863
2024-12-21 04:00:00,97487.47,99540.61,97378.5,99040.0,5467.95008
2024-12-21 08:00:00,99040.0,99187.95,97800.0,98262.08,3434.11954
2024-12-21 12:00:00,98262.08,98283.95,96398.39,97527.97,5930.1048
2024-12-21 16:00:00,97527.96,97723.18,96819.36,97269.03,2933.73741
2024-12-21 20:00:00,97269.03,98057.51,96539.91,97291.99,2838.96097
2024-12-22 00:00:00,97292.0,97448.08,96549.37,96994.37,1848.52784
2024-12-22 04:00:00,96994.37,97071.97,95890.28,96210.24,2981.41637
2024-12-22 08:00:00,96210.25,97351.57,96196.85,97101.28,2184.9888
2024-12-22 12:00:00,97101.29,97300.0,95109.13,95377.72,4444.90674
2024-12-22 16:00:00,95377.71,96444.45,94700.0,94836.55,3910.30845
2024-12-22 20:00:00,94836.55,95824.0,94250.35,95186.27,3983.68216
2024-12-23 00:00:00,95186.28,96043.99,93700.42,96025.15,6028.4424
2024-12-23 04:00:00,96025.15,96509.98,94705.07,95404.01,3919.1348
2024-12-23 08:00:00,95404.01,96538.92,95036.77,95932.42,3020.85272
2024-12-23 12:00:00,95932.41,96423.0,93107.52,93250.37,8316.98998
2024-12-23 16:00:00,93250.38,94260.0,92690.0,93044.79,6236.29663
2024-12-23 20:00:00,93044.79,95509.09,92520.0,94881.47,5289.0505
2024-12-24 00:00:00,94881.47,94881.47,93569.02,94348.75,3135.824
2024-12-24 04:00:00,94348.75,94653.45,93810.45,94233.19,1999.49298
2024-12-24 08:00:00,94233.2,94635.7,93840.0,94398.6,1936.10063
2024-12-24 12:00:00,94398.6,98300.0,94075.1,98300.0,6970.36477
2024-12-24 16:00:00,98299.99,99487.99,97546.57,97581.09,6446.91305
2024-12-24 20:00:00,97581.1,99068.9,97250.0,98663.58,3185.52945
2024-12-25 00:00:00,98663.58,98878.44,97725.27,98029.48,2347.026
2024-12-25 04:00:00,98029.49,98581.9,97844.18,98084.33,1454.63832
2024-12-25 08:00:00,98084.33,99349.31,97773.83,97907.61,3026.36685
2024-12-25 12:00:00,97907.61,98832.89,97632.02,98519.98,2843.35507
2024-12-25 16:00:00,98519.99,99299.99,98134.4,99018.52,2094.84554
2024-12-25 20:00:00,99018.52,99569.15,98384.61,99429.6,2707.93332
2024-12-26 00:00:00,99429.61,99963.7,98468.26,98995.17,3339.03441
2024-12-26 04:00:00,98995.18,98995.18,97711.17,97719.99,2538.93374
2024-12-26 08:00:00,97719.99,97772.13,95199.14,95695.81,6056.25765
2024-12-26 12:00:00,95695.81,96280.25,95234.93,96042.88,4267.56835
2024-12-26 16:00:00,96042.89,96621.95,95444.44,96102.25,2892.18792
2024-12-26 20:00:00,96102.24,96114.46,95302.0,95791.6,2098.3852
2024-12-27 00:00:00,95791.6,96443.68,95401.03,96417.84,2935.2441
2024-12-27 04:00:00,96417.84,96604.24,94646.03,95104.76,4600.52902
2024-12-27 08:00:00,95104.76,97544.58,95104.76,96952.38,4963.50857
2024-12-27 12:00:00,96952.38,97035.8,94011.11,94573.75,6425.73336
2024-12-27 16:00:00,94573.75,94996.16,93500.01,94750.0,5278.97717
2024-12-27 20:00:00,94750.11,94823.09,94100.6,94299.03,2297.27207
2024-12-28 00:00:00,94299.03,94720.0,94135.66,94594.91,1341.52605
2024-12-28 04:00:00,94594.91,94800.0,94307.0,94381.99,971.18403
2024-12-28 08:00:00,94381.98,94883.0,94312.67,94754.83,1063.67759
2024-12-28 12:00:00,94754.83,95340.36,94375.8,94447.29,2013.14298
2024-12-28 16:00:00,94447.28,95245.24,94389.45,95027.76,1698.97945
2024-12-28 20:00:00,95027.75,95733.99,94878.26,95300.0,1297.3828
2024-12-29 00:00:00,95300.0,95340.0,94808.0,95172.4,1053.11164
2024-12-29 04:00:00,95172.41,95283.99,94971.44,95272.04,875.93086
2024-12-29 08:00:00,95272.05,95315.5,95010.0,95032.57,788.50288
2024-12-29 12:00:00,95032.58,95231.58,94010.0,94511.12,2881.2142
2024-12-29 16:00:00,94511.11,94578.89,93367.52,93612.89,4040.48021
2024-12-29 20:00:00,93612.89,93949.52,93009.52,93738.2,3936.76599
2024-12-30 00:00:00,93738.19,94274.29,93368.93,93722.71,2898.63024
2024-12-30 04:00:00,93722.72,94060.35,93240.03,93731.65,2439.98241
2024-12-30 08:00:00,93731.66,94068.56,93469.56,93923.14,1683.90269
2024-12-30 12:00:00,93923.14,94277.23,91530.45,92130.21,9295.9625
2024-12-30 16:00:00,92130.21,94684.09,91800.0,94417.04,6130.98017
2024-12-30 20:00:00,94417.04,95024.5,91901.57,92792.05,5169.96449
2024-12-31 00:00:00,92792.05,92907.03,92033.73,92509.59,2673.26662
2024-12-31 04:00:00,92509.6,93040.1,92344.07,92860.75,1910.77295
2024-12-31 08:00:00,92860.75,94741.68,92842.88,94232.68,3728.42811
2024-12-31 12:00:00,94232.68,96250.0,94232.67,95412.0,5922.39263
2024-12-31 16:00:00,95412.0,95590.52,93189.59,94166.88,3654.49229
2024-12-31 20:00:00,94166.88,94222.5,93375.38,93576.0,1722.68129
2025-01-01 00:00:00,93576.0,94509.42,93489.03,93838.04,1840.29813
2025-01-01 04:00:00,93838.04,93937.19,93500.0,93684.1,958.86153
2025-01-01 08:00:00,93684.11,93756.02,92888.0,93444.64,1867.48363
2025-01-01 12:00:00,93444.65,94500.0,93407.07,94432.94,2077.71092
2025-01-01 16:00:00,94432.94,94823.75,93760.93,94627.07,1721.05382
2025-01-01 20:00:00,94627.08,95151.15,94542.0,94591.79,1907.9181
2025-01-02 00:00:00,94591.78,95516.0,94392.0,95010.33,3071.06776
2025-01-02 04:00:00,95010.34,96000.0,94984.84,95822.0,2597.83185
2025-01-02 08:00:00,95822.01,96876.38,95640.05,96732.99,3181.19751
2025-01-02 12:00:00,96733.0,97440.91,95924.6,96455.01,6594.73113
2025-01-02 16:00:00,96455.01,97777.0,96040.04,97317.74,4552.1019
2025-01-02 20:00:00,97317.74,97839.5,96666.66,96984.79,1973.55933
2025-01-03 00:00:00,96984.79,97342.44,96650.0,97062.3,1301.75815
2025-01-03 04:00:00,97062.3,97066.18,96280.65,96304.0,1511.25736
2025-01-03 08:00:00,96304.0,96830.0,96100.01,96757.58,1875.17783
2025-01-03 12:00:00,96757.57,97660.0,96472.43,97521.35,3996.57846
2025-01-03 16:00:00,97521.36,98976.91,97406.54,98592.01,4583.69677
2025-01-03 20:00:00,98592.02,98748.0,98067.99,98174.18,1985.36079
2025-01-04 00:00:00,98174.17,98314.15,97800.0,98200.0,1400.83188
2025-01-04 04:00:00,98200.01,98350.04,97862.87,98271.88,1220.86223
2025-01-04 08:00:00,98271.87,98306.22,97532.58,97889.39,1585.26406
2025-01-04 12:00:00,97889.4,98152.02,97514.79,97657.94,1867.22331
2025-01-04 16:00:00,97657.95,98350.0,97549.99,98166.26,1394.26571
2025-01-04 20:00:00,98166.26,98778.43,98143.2,98220.5,1521.60932
2025-01-05 00:00:00,98220.51,98391.59,98050.0,98187.96,830.57053
2025-01-05 04:00:00,98187.97,98522.76,98187.96,98268.77,719.22974
2025-01-05 08:00:00,98268.77,98268.78,97600.0,97641.63,1371.38309
2025-01-05 12:00:00,97641.62,98281.89,97276.79,98028.98,1867.30793
2025-01-05 16:00:00,98028.98,98332.54,97577.46,98079.63,1421.36695
2025-01-05 20:00:00,98079.64,98836.85,98024.0,98363.61,1885.77899
2025-01-06 00:00:00,98363.61,99333.0,97920.0,99037.57,3197.2233
2025-01-06 04:00:00,99037.57,99892.0,99037.57,99318.7,2944.63327
2025-01-06 08:00:00,99318.7,99625.69,98709.28,99259.99,2315.45844
2025-01-06 12:00:00,99259.99,102468.92,98711.94,102147.95,8408.22358
2025-01-06 16:00:00,102147.95,102480.0,101250.0,101817.22,5128.12803
2025-01-06 20:00:00,101817.22,102329.98,101600.05,102235.6,3269.76713
2025-01-07 00:00:00,102235.6,102724.38,101512.91,101708.08,2357.41538
2025-01-07 04:00:00,101708.09,102015.01,101582.79,101664.81,1492.76799
2025-01-07 08:00:00,101664.81,101995.64,100472.45,100830.86,3234.87532
2025-01-07 12:00:00,100830.86,100960.06,97153.5,97952.26,12652.02745
2025-01-07 16:00:00,97952.26,98347.81,96323.67,96451.98,7820.91705
2025-01-07 20:00:00,96451.99,97220.76,96181.81,96954.61,4501.87218
2025-01-08 00:00:00,96954.6,97268.65,96216.83,96525.2,3503.85267
2025-01-08 04:00:00,96525.2,96654.61,95250.76,95657.09,5008.27213
2025-01-08 08:00:00,95657.09,96132.47,94543.86,95134.92,4080.06431
2025-01-08 12:00:00,95134.92,96079.32,94624.43,95493.77,7524.11163
2025-01-08 16:00:00,95493.77,95555.25,92500.9,94243.89,10263.38282
2025-01-08 20:00:00,94243.89,95310.94,93600.0,95060.61,3324.99538
2025-01-09 00:00:00,95060.61,95382.32,93422.89,94027.9,5419.68508
2025-01-09 04:00:00,94027.91,94618.63,93186.38,93221.59,2824.32014
2025-01-09 08:00:00,93221.59,93877.46,92750.0,93465.23,4574.38662
2025-01-09 12:00:00,93465.23,94588.23,91800.0,94244.02,9108.35063
2025-01-09 16:00:00,94244.02,94685.25,91900.01,91909.59,6624.66398
2025-01-09 20:00:00,91909.59,92720.67,91203.67,92552.49,5993.4304
2025-01-10 00:00:00,92552.49,93727.83,92431.73,93696.13,2928.04066
2025-01-10 04:00:00,93696.13,95000.0,93500.0,94492.63,3602.28378
2025-01-10 08:00:00,94492.62,95293.4,94388.5,95073.95,2846.56733
2025-01-10 12:00:00,95073.95,95117.26,92206.02,93730.92,12008.10901
2025-01-10 16:00:00,93730.93,95836.0,93177.4,95327.06,7960.59139
2025-01-10 20:00:00,95327.07,95442.15,94586.02,94726.11,2137.27207
2025-01-11 00:00:00,94726.1,94746.37,94106.49,94206.95,1275.83371
2025-01-11 04:00:00,94206.96,94441.87,93831.73,94246.36,989.55966
2025-01-11 08:00:00,94246.36,94791.67,94031.22,94625.65,1009.69139
2025-01-11 12:00:00,94625.66,94655.2,94307.25,94410.26,891.77961
2025-01-11 16:00:00,94410.26,94708.12,93984.55,94249.26,1016.34928
2025-01-11 20:00:00,94249.27,95050.94,94200.89,94599.99,1864.69065
2025-01-12 00:00:00,94599.99,94699.0,94296.99,94622.4,984.48539
2025-01-12 04:00:00,94622.4,94650.0,94274.01,94323.85,555.17676
2025-01-12 08:00:00,94323.85,94393.57,93711.19,94255.1,1542.32088
2025-01-12 12:00:00,94255.1,95450.1,94173.48,95071.9,2128.13742
2025-01-12 16:00:00,95071.91,95314.12,94578.54,94650.26,1321.59389
2025-01-12 20:00:00,94650.26,94800.0,93800.0,94545.06,2075.15188
2025-01-13 00:00:00,94545.07,95940.0,93899.99,94269.23,3486.55763
2025-01-13 04:00:00,94269.23,94913.03,93281.0,93590.24,2651.8386
2025-01-13 08:00:00,93590.24,93661.55,90833.12,90851.22,10070.64435
2025-01-13 12:00:00,90851.23,93100.0,89256.69,92123.75,15768.82719
2025-01-13 16:00:00,92123.75,92534.1,91250.0,92312.18,5597.12697
2025-01-13 20:00:00,92312.18,94727.15,91908.2,94536.1,5044.56949
2025-01-14 00:00:00,94536.11,95280.8,94346.22,94861.4,3303.28378
2025-01-14 04:00:00,94861.39,95464.71,94753.42,94864.0,2358.7602
2025-01-14 08:00:00,94863.99,97371.0,94860.11,96548.04,6495.82711
2025-01-14 12:00:00,96548.04,97265.48,95748.93,96471.65,8394.33223
2025-01-14 16:00:00,96471.65,97088.57,95351.76,96537.8,5134.58254
2025-01-14 20:00:00,96537.23,96921.13,96152.31,96560.86,2159.83167
2025-01-15 00:00:00,96560.85,97554.63,96500.0,97317.12,3289.96951
2025-01-15 04:00:00,97317.12,97724.96,96750.0,97301.35,3059.85859
2025-01-15 08:00:00,97301.35,97524.0,96521.0,96762.18,2662.70368
2025-01-15 12:00:00,96762.19,99799.98,96539.77,98992.42,11578.95097
2025-01-15 16:00:00,98992.42,99990.0,98602.05,99844.9,5037.81977
2025-01-15 20:00:00,99844.91,100681.94,99460.8,100497.35,4880.68927
2025-01-16 00:00:00,100497.35,100866.66,99170.0,99478.03,4764.75349
2025-01-16 04:00:00,99478.04,99921.86,99322.19,99799.99,1971.85838
2025-01-16 08:00:00,99800.0,99820.0,98617.55,99158.71,4224.49604
2025-01-16 12:00:00,99158.7,99517.93,97335.13,99296.17,7952.93002
2025-01-16 16:00:00,99296.17,100448.72,99079.05,100417.2,5345.71609
2025-01-16 20:00:00,100417.2,100641.99,99377.0,99987.3,3573.09915
2025-01-17 00:00:00,99987.3,102148.13,99950.77,101051.73,6891.54414
2025-01-17 04:00:00,101051.73,101899.49,100952.1,101440.5,3198.4853
2025-01-17 08:00:00,101440.51,102581.45,101439.77,102237.6,5380.48317
2025-01-17 12:00:00,102237.6,104254.19,102195.9,104000.0,9298.37508
2025-01-17 16:00:00,104000.0,105865.22,103841.18,105834.93,9336.85365
2025-01-17 20:00:00,105834.93,105847.02,104065.25,104077.48,5066.11158
2025-01-18 00:00:00,104077.47,104656.87,103000.25,103559.82,3518.82558
2025-01-18 04:00:00,103559.82,103771.21,102602.48,102821.75,4937.1314
2025-01-18 08:00:00,102821.75,103883.01,102277.55,103589.29,4114.11548
2025-01-18 12:00:00,103589.29,104988.88,103107.65,104568.96,5002.17801
2025-01-18 16:00:00,104568.96,104719.29,103156.02,104382.01,4197.15572
2025-01-18 20:00:00,104382.0,104750.0,103765.44,104556.23,2538.42379
2025-01-19 00:00:00,104556.23,105458.55,104013.51,104984.01,3271.33432
2025-01-19 04:00:00,104984.01,105634.78,104191.19,105167.12,4785.51322
2025-01-19 08:00:00,105167.11,105496.03,103450.69,104363.23,7895.87414
2025-01-19 12:00:00,104363.24,105706.48,104300.75,104936.35,6026.11475
2025-01-19 16:00:00,104936.35,106200.74,104520.01,106200.0,3579.79556
2025-01-19 20:00:00,106200.0,106422.43,99651.6,101331.57,17838.65099
2025-01-20 00:00:00,101331.57,102321.42,99550.0,101891.93,13939.26024
2025-01-20 04:00:00,101891.94,109588.0,101535.28,107120.65,21204.587662
2025-01-20 08:00:00,107120.65,109193.23,107093.33,108239.19,9010.89785
2025-01-20 12:00:00,108239.19,108700.01,104480.0,104957.99,13711.24313
2025-01-20 16:00:00,104957.99,107050.0,100333.0,103691.63,25962.9026
2025-01-20 20:00:00,103691.64,104331.0,101701.01,102260.01,5700.34025
2025-01-21 00:00:00,102260.0,103260.1,100119.04,102936.01,10133.69299
2025-01-21 04:00:00,102936.01,102974.14,101111.68,101989.05,5400.15858
2025-01-21 08:00:00,101989.06,103973.02,101740.82,103758.25,6235.66073
2025-01-21 12:00:00,103758.25,105320.0,102803.43,103943.0,9899.25066
2025-01-21 16:00:00,103942.99,107240.81,103822.02,107031.34,9757.23378
2025-01-21 20:00:00,107031.34,107199.99,105420.0,106143.82,4515.02328
2025-01-22 00:00:00,106143.82,106394.46,105448.99,105600.01,3019.25833
2025-01-22 04:00:00,105600.01,105952.0,105043.88,105084.77,2894.59275
2025-01-22 08:00:00,105084.77,105464.83,104647.75,105100.39,3008.01462
2025-01-22 12:00:00,105100.38,105584.23,103662.58,104180.01,6007.84866
2025-01-22 16:00:00,104180.01,104754.64,103339.12,104630.0,4362.47109
2025-01-22 20:00:00,104630.0,104830.12,103611.66,103706.66,2956.50709
2025-01-23 00:00:00,103706.66,103819.99,102100.0,102461.25,4960.28164
2025-01-23 04:00:00,102461.24,102968.31,101575.5,102710.27,3922.18053
2025-01-23 08:00:00,102710.28,102724.94,101262.28,101944.49,3213.96175
2025-01-23 12:00:00,101944.5,106050.86,101281.62,105263.52,17241.02811
2025-01-23 16:00:00,105263.52,106850.0,103399.98,103770.04,10175.26517
2025-01-23 20:00:00,103770.05,106421.03,102195.7,103910.34,14440.40311
2025-01-24 00:00:00,103910.35,104298.0,102750.0,103891.75,3785.23369
2025-01-24 04:00:00,103891.75,105355.0,103804.77,105046.8,3142.49691
2025-01-24 08:00:00,105046.79,105759.0,104922.41,105420.1,2980.3942
2025-01-24 12:00:00,105420.11,106321.66,104669.17,105859.98,4922.31503
2025-01-24 16:00:00,105859.99,107120.0,105589.0,105760.94,5483.37032
2025-01-24 20:00:00,105760.93,105781.0,104456.89,104870.5,3295.43002
2025-01-25 00:00:00,104870.51,105280.82,104361.89,105202.4,2029.85839
2025-01-25 04:00:00,105202.4,105202.4,104216.81,104385.98,1407.20452
2025-01-25 08:00:00,104385.99,104700.01,104106.09,104670.99,1254.5969
2025-01-25 12:00:00,104670.99,105111.11,104456.0,104897.79,1464.11662
2025-01-25 16:00:00,104897.79,105286.52,104449.75,105055.16,1831.57775
2025-01-25 20:00:00,105055.16,105250.0,104696.0,104746.85,1080.96959
2025-01-26 00:00:00,104746.86,105273.24,104503.7,105062.42,1315.60742
2025-01-26 04:00:00,105062.41,105500.0,104950.0,104998.35,1228.94709
2025-01-26 08:00:00,104998.36,105221.36,104444.01,104818.69,1340.56686
2025-01-26 12:00:00,104818.68,105126.11,104703.58,104967.01,1136.95799
2025-01-26 16:00:00,104967.02,105260.36,104896.0,105081.63,866.43502
2025-01-26 20:00:00,105081.64,105200.0,102520.44,102620.0,3923.998
2025-01-27 00:00:00,102620.01,103260.0,100720.53,101395.64,8353.88719
2025-01-27 04:00:00,101395.64,101399.99,97777.77,99048.02,12651.63419
2025-01-27 08:00:00,99048.01,99533.33,98263.49,98761.13,6790.38919
2025-01-27 12:00:00,98761.12,102317.94,98714.28,101112.03,11346.0746
2025-01-27 16:00:00,101112.03,101250.56,98864.0,99700.02,6873.59773
2025-01-27 20:00:00,99700.01,102405.0,99606.46,102082.83,4742.5512
2025-01-28 00:00:00,102082.83,102892.0,101334.55,102636.32,3670.23637
2025-01-28 04:00:00,102636.32,103371.24,102527.39,102789.72,2654.45746
2025-01-28 08:00:00,102789.72,103181.82,102393.94,102762.01,2051.60214
2025-01-28 12:00:00,102762.02,103800.0,101815.26,102777.99,5106.451
2025-01-28 16:00:00,102777.99,103108.0,101820.15,102424.24,4696.05403
2025-01-28 20:00:00,102424.24,102538.0,100272.68,101335.52,3843.25665
2025-01-29 00:00:00,101335.52,102319.69,101328.01,102038.2,1696.38336
2025-01-29 04:00:00,102038.21,102853.53,101955.51,102755.82,1764.20643
2025-01-29 08:00:00,102755.81,103000.0,102180.65,102646.0,2209.71378
2025-01-29 12:00:00,102646.0,102842.04,101582.37,101980.78,4382.66276
2025-01-29 16:00:00,101980.78,103999.0,101400.01,103583.99,7259.9178
2025-01-29 20:00:00,103584.0,104782.68,102868.0,103733.24,5842.47389
2025-01-30 00:00:00,103733.25,105300.0,103278.54,105196.0,3876.90317
2025-01-30 04:00:00,105196.0,105595.81,104799.66,105132.07,2795.08494
2025-01-30 08:00:00,105132.07,105534.0,104925.26,105300.63,1690.21583
2025-01-30 12:00:00,105300.63,106457.44,104660.0,105564.0,5586.81148
2025-01-30 16:00:00,105563.99,106013.01,104762.59,105711.27,3142.75313
2025-01-30 20:00:00,105711.28,105821.62,104693.82,104722.94,2282.30617
2025-01-31 00:00:00,104722.94,105029.72,103930.09,104344.46,2510.54787
2025-01-31 04:00:00,104344.46,104814.46,103972.13,104188.56,1868.93867
2025-01-31 08:00:00,104188.57,104848.65,103936.54,104736.0,1992.8102
2025-01-31 12:00:00,104736.01,106012.0,104106.0,105464.01,4829.65222
2025-01-31 16:00:00,105464.0,105574.4,102122.0,102312.32,6376.84832
2025-01-31 20:00:00,102312.31,102482.94,101560.0,102429.56,4404.38465
2025-02-01 00:00:00,102429.56,102783.71,102198.52,102249.19,1810.34285
2025-02-01 04:00:00,102249.19,102588.57,102118.56,102166.49,1052.21801
2025-02-01 08:00:00,102166.49,102276.99,101412.0,102028.81,2029.14504
2025-02-01 12:00:00,102028.82,102329.01,101730.79,102073.89,1704.67519
2025-02-01 16:00:00,102073.89,102297.99,101448.0,101669.6,1472.58058
2025-02-01 20:00:00,101669.6,101669.6,100279.51,100635.65,4221.9958
2025-02-02 00:00:00,100635.66,101456.6,99148.91,99206.86,4565.34638
2025-02-02 04:00:00,99206.85,100515.99,99031.19,99643.3,3478.78338
2025-02-02 08:00:00,99643.3,100100.0,98645.0,98864.6,4107.2233
2025-02-02 12:00:00,98864.6,99439.05,98157.0,99346.87,5265.38592
2025-02-02 16:00:00,99346.87,99361.97,96821.54,98273.16,9695.73736
2025-02-02 20:00:00,98273.17,98628.74,96150.0,97700.59,7507.02305
2025-02-03 00:00:00,97700.59,97782.79,91231.0,94038.74,29729.4911
2025-02-03 04:00:00,94038.75,95426.63,92646.36,95333.01,7783.318
2025-02-03 08:00:00,95333.01,95950.68,94799.29,95107.89,6292.62471
2025-02-03 12:00:00,95107.89,99500.0,94131.14,98842.0,14148.56207
2025-02-03 16:00:00,98842.0,101880.0,98038.58,101880.0,10494.44455
2025-02-03 20:00:00,101879.99,102500.01,100918.0,101328.52,6716.29807
2025-02-04 00:00:00,101328.51,101732.31,100534.03,100629.7,3827.79756
2025-02-04 04:00:00,100629.7,100764.11,98229.82,98448.02,7495.21052
2025-02-04 08:00:00,98448.01,99445.17,97860.0,98967.7,4539.23391
2025-02-04 12:00:00,98967.7,100415.0,98275.98,99347.19,8422.36725
2025-02-04 16:00:00,99347.18,100777.93,98778.58,98859.77,6617.95049
2025-02-04 20:00:00,98859.78,99444.02,96150.0,97763.13,9365.42724
2025-02-05 00:00:00,97763.14,98930.44,97131.43,98040.0,4039.38442
2025-02-05 04:00:00,98040.01,98332.41,97352.77,97864.43,3233.50156
2025-02-05 08:00:00,97864.43,98256.0,97257.05,98198.0,3128.59694
2025-02-05 12:00:00,98198.0,99149.0,97734.69,98116.24,5192.00486
2025-02-05 16:00:00,98116.24,98277.02,96500.0,97370.0,4822.00148
2025-02-05 20:00:00,97370.0,97706.37,96155.0,96612.43,5817.81518
2025-02-06 00:00:00,96612.44,97493.07,96430.78,97355.67,2552.15194
2025-02-06 04:00:00,97355.66,98436.61,97273.71,98195.61,2075.46063
2025-02-06 08:00:00,98195.6,99120.0,97910.01,98877.99,2729.43375
2025-02-06 12:00:00,98877.99,99040.09,96930.17,97333.09,6201.57209
2025-02-06 16:00:00,97333.09,97547.71,95676.64,95983.0,6034.55958
2025-02-06 20:00:00,95982.99,97093.5,95800.0,96554.35,3922.02606
2025-02-07 00:00:00,96554.35,97805.6,96409.65,97444.04,3156.6758
2025-02-07 04:00:00,97444.04,97883.12,96566.0,96757.05,2473.49968
2025-02-07 08:00:00,96757.04,97750.0,96613.24,97750.0,2223.55235
2025-02-07 12:00:00,97749.99,100137.99,97165.51,98283.98,12394.34552
2025-02-07 16:00:00,98283.98,98563.55,96856.78,96898.56,6759.22647
2025-02-07 20:00:00,96898.56,96944.1,95620.34,96506.8,4786.92083
2025-02-08 00:00:00,96506.8,96880.0,96335.42,96699.23,2006.38123
2025-02-08 04:00:00,96699.24,96699.24,95785.09,96209.92,1789.48604
2025-02-08 08:00:00,96209.92,96293.48,95865.71,96120.0,1164.01705
2025-02-08 12:00:00,96120.0,96517.52,95688.0,95843.74,2499.53256
2025-02-08 16:00:00,95843.74,96750.0,95749.88,96579.99,1536.63554
2025-02-08 20:00:00,96579.99,96712.0,96358.5,96444.74,1151.19052
2025-02-09 00:00:00,96444.75,97300.0,96360.14,97300.0,2064.373
2025-02-09 04:00:00,97299.99,97323.09,96777.77,97057.83,1130.18566
2025-02-09 08:00:00,97057.83,97294.46,96509.96,96554.01,1810.78846
2025-02-09 12:00:00,96554.01,96703.99,95700.0,96488.15,3215.85687
2025-02-09 16:00:00,96488.14,96567.8,95888.88,96064.74,1504.3182
2025-02-09 20:00:00,96064.73,96760.0,94713.0,96462.75,4395.39394
2025-02-10 00:00:00,96462.75,97131.47,95256.0,96814.98,4441.97007
2025-02-10 04:00:00,96814.97,97640.02,96632.81,97429.83,3716.17533
2025-02-10 08:00:00,97429.83,97954.69,97358.79,97661.16,3520.47325
2025-02-10 12:00:00,97661.15,98345.0,96866.66,97218.69,4536.33685
2025-02-10 16:00:00,97218.68,97643.29,96866.39,97376.0,2785.34059
2025-02-10 20:00:00,97376.0,97490.71,97128.79,97430.82,1572.57928
2025-02-11 00:00:00,97430.82,98149.92,97416.62,97607.3,2024.92177
2025-02-11 04:00:00,97607.31,98478.42,97558.99,98268.97,2586.68133
2025-02-11 08:00:00,98268.98,98330.0,97885.62,98151.52,1703.70026
2025-02-11 12:00:00,98151.51,98158.89,96595.33,97007.53,4245.10245
2025-02-11 16:00:00,97007.54,97045.53,94876.88,95040.82,4884.73711
2025-02-11 20:00:00,95040.81,96512.7,94928.47,95778.2,3202.62087
2025-02-12 00:00:00,95778.21,96263.99,95100.0,95299.27,2407.32134
2025-02-12 04:00:00,95299.28,96188.68,95267.71,96069.58,1939.80551
2025-02-12 08:00:00,96069.58,96469.78,95913.49,96094.65,2296.45775
2025-02-12 12:00:00,96094.65,96631.66,94088.23,95816.18,11805.54003
2025-02-12 16:00:00,95816.18,97700.0,95120.3,97205.06,6689.55876
2025-02-12 20:00:00,97205.06,98119.99,96854.97,97869.99,4012.48286
2025-02-13 00:00:00,97870.0,98083.91,97367.45,97498.42,2127.33742
2025-02-13 04:00:00,97498.43,97564.83,95800.0,96070.23,3383.93788
2025-02-13 08:00:00,96070.23,96336.0,95599.57,95925.11,3154.64728
2025-02-13 12:00:00,95925.12,96480.06,95336.0,95998.0,5428.60469
2025-02-13 16:00:00,95998.0,96361.58,95217.36,95627.76,3689.67744
2025-02-13 20:00:00,95627.75,96774.71,95600.0,96608.14,2137.57145
2025-02-14 00:00:00,96608.13,97190.0,96356.41,97129.98,1805.7947
2025-02-14 04:00:00,97129.98,97248.6,96561.36,96944.09,1782.53303
2025-02-14 08:00:00,96944.09,97196.0,96799.99,96887.56,1758.38512
2025-02-14 12:00:00,96887.55,97568.28,96252.82,96924.39,3999.36783
2025-02-14 16:00:00,96924.57,98826.0,96494.17,97940.45,6009.55921
2025-02-14 20:00:00,97940.44,98264.85,96697.56,97500.48,2817.38657
2025-02-15 00:00:00,97500.47,97972.26,97223.58,97653.19,1506.43225
2025-02-15 04:00:00,97653.19,97780.73,97345.5,97346.26,1029.42986
2025-02-15 08:00:00,97346.27,97731.09,97301.77,97615.59,874.17838
2025-02-15 12:00:00,97615.59,97962.51,97426.57,97633.22,2009.35817
2025-02-15 16:00:00,97633.21,97714.39,97304.38,97531.9,921.83788
2025-02-15 20:00:00,97531.91,97741.35,97414.05,97569.66,1008.14029
2025-02-16 00:00:00,97569.67,97704.47,97411.11,97547.17,935.38493
2025-02-16 04:00:00,97547.17,97682.04,97212.0,97248.98,746.42703
2025-02-16 08:00:00,97248.98,97388.89,97061.58,97336.0,1186.96965
2025-02-16 12:00:00,97335.99,97336.0,96645.35,96911.01,1883.07426
2025-02-16 16:00:00,96911.01,97169.15,96609.05,97058.47,1187.57052
2025-02-16 20:00:00,97058.47,97282.38,96046.18,96118.12,2251.99851
2025-02-17 00:00:00,96118.12,96638.05,96023.17,96215.33,1866.57226
2025-02-17 04:00:00,96215.32,96463.2,95800.0,96068.22,2725.98131
2025-02-17 08:00:00,96068.21,96395.68,95937.05,96063.18,2282.57983
2025-02-17 12:00:00,96063.17,97046.59,95564.0,95659.46,4434.60458
2025-02-17 16:00:00,95659.45,95945.49,95205.0,95531.36,3482.13274
2025-02-17 20:00:00,95531.36,96413.43,95488.9,95780.0,1700.17438
2025-02-18 00:00:00,95780.01,96322.97,95538.01,96200.0,1602.3437
2025-02-18 04:00:00,96200.0,96300.73,95254.12,95456.93,3176.48546
2025-02-18 08:00:00,95456.92,95872.17,95050.0,95640.34,2483.18123
2025-02-18 12:00:00,95640.35,96753.91,95200.0,95546.48,4474.04458
2025-02-18 16:00:00,95546.49,95633.15,93388.09,94104.14,6846.15491
2025-02-18 20:00:00,94104.15,95685.0,93730.72,95671.74,4785.98483
2025-02-19 00:00:00,95671.74,95961.54,95055.0,95710.26,2158.62817
2025-02-19 04:00:00,95710.25,95846.15,95029.99,95687.71,3441.18957
2025-02-19 08:00:00,95687.71,96468.99,95616.6,96422.6,2411.90713
2025-02-19 12:00:00,96422.6,96700.0,95536.36,95943.74,3550.14153
2025-02-19 16:00:00,95943.74,96480.0,95407.41,96206.54,2763.82004
2025-02-19 20:00:00,96206.54,96899.99,96058.38,96644.37,2112.8231
2025-02-20 00:00:00,96644.37,97362.83,96415.09,97055.25,2723.25483
2025-02-20 04:00:00,97055.24,97339.11,96781.57,96867.92,2341.17162
2025-02-20 08:00:00,96867.92,97384.03,96801.61,97207.92,1589.77673
2025-02-20 12:00:00,97207.93,98062.15,96799.42,96903.77,4401.17328
2025-02-20 16:00:00,96903.76,98518.0,96888.0,98422.8,3819.64673
2025-02-20 20:00:00,98422.8,98711.36,98000.0,98305.0,2182.36858
2025-02-21 00:00:00,98305.01,98505.0,98084.06,98141.99,2303.6398
2025-02-21 04:00:00,98141.99,98610.17,98117.73,98179.76,2056.48148
2025-02-21 08:00:00,98179.77,98896.81,98111.11,98629.3,3470.69828
2025-02-21 12:00:00,98629.31,99475.0,97177.31,98104.04,8919.82124
2025-02-21 16:00:00,98104.04,98757.0,95247.15,95285.11,9442.11583
2025-02-21 20:00:00,95285.11,96202.68,94871.95,96181.98,6056.52477
2025-02-22 00:00:00,96181.99,96455.97,95770.49,96299.07,2247.9764
2025-02-22 04:00:00,96299.08,96578.99,96273.85,96288.09,1394.90999
2025-02-22 08:00:00,96288.09,96611.53,96151.0,96580.0,2059.63477
2025-02-22 12:00:00,96580.0,96980.0,96485.37,96592.0,2290.85469
2025-02-22 16:00:00,96592.01,96823.53,96345.49,96639.99,2305.94545
2025-02-22 20:00:00,96640.0,96700.0,96472.22,96551.01,968.85578
2025-02-23 00:00:00,96551.01,96650.0,96355.17,96414.0,1326.63672
2025-02-23 04:00:00,96414.0,96558.01,96143.99,96508.85,1245.52389
2025-02-23 08:00:00,96508.85,96508.86,96083.33,96115.99,1223.25286
2025-02-23 12:00:00,96115.99,96158.5,95414.25,95436.18,2752.94714
2025-02-23 16:00:00,95436.19,95876.0,95227.94,95755.99,2646.03752
2025-02-23 20:00:00,95756.0,96332.44,95522.78,96258.0,1690.451
2025-02-24 00:00:00,96258.0,96500.0,95311.0,95433.21,2641.40258
2025-02-24 04:00:00,95433.21,95945.0,95078.01,95872.02,3077.64753
2025-02-24 08:00:00,95872.02,96177.18,95355.0,95821.45,3284.07984
2025-02-24 12:00:00,95821.45,96095.32,93817.06,94323.95,7573.60951
2025-02-24 16:00:00,94323.95,95194.59,93666.22,93943.51,5598.80012
2025-02-24 20:00:00,93943.52,94571.43,91349.26,91552.88,9374.56341
2025-02-25 00:00:00,91552.88,92540.69,90912.01,92153.93,8746.45217
2025-02-25 04:00:00,92153.93,92327.88,88200.0,89320.01,14740.56517
2025-02-25 08:00:00,89320.01,90000.0,86888.1,89239.39,17685.20523
2025-02-25 12:00:00,89239.39,89544.4,86050.99,87231.26,18057.2139
2025-02-25 16:00:00,87231.63,88065.45,86157.69,87947.25,10667.84575
2025-02-25 20:00:00,87947.24,89460.17,87622.64,88680.4,8435.82889
2025-02-26 00:00:00,88680.39,89414.15,88148.48,88900.0,3505.34849
2025-02-26 04:00:00,88900.01,89245.29,88392.45,88720.02,3843.49941
2025-02-26 08:00:00,88720.01,89314.45,88138.0,88616.8,4175.40587
2025-02-26 12:00:00,88616.8,88674.0,85418.72,87567.53,13226.48272
2025-02-26 16:00:00,87567.53,87806.62,83418.0,83856.99,17635.66389
2025-02-26 20:00:00,83856.98,85400.0,82256.01,84250.09,14507.14371
2025-02-27 00:00:00,84250.09,85466.55,84026.96,85226.32,6905.3983
2025-02-27 04:00:00,85226.32,86737.0,84694.29,86272.01,5489.64417
2025-02-27 08:00:00,86272.01,87078.46,85846.87,86698.6,4102.58827
2025-02-27 12:00:00,86698.6,86795.9,84640.75,85500.84,12382.79075
2025-02-27 16:00:00,85500.84,85691.51,83614.75,84113.98,6757.93459
2025-02-27 20:00:00,84113.98,84927.84,82716.49,84708.58,6867.09831
2025-02-28 00:00:00,84708.57,84892.85,79532.0,80452.44,24103.21319
2025-02-28 04:00:00,80452.89,80969.69,78820.06,79204.59,17998.86851
2025-02-28 08:00:00,79204.6,80854.46,78258.52,80513.38,11953.82317
2025-02-28 12:00:00,80512.97,84425.89,80075.47,84005.05,15625.08311
2025-02-28 16:00:00,84005.05,85120.0,83196.71,84449.99,9640.81267
2025-02-28 20:00:00,84450.0,84795.03,83600.0,84349.94,4326.23904
2025-03-01 00:00:00,84349.95,85678.11,83824.78,85330.84,5097.79792
2025-03-01 04:00:00,85330.83,86558.0,84740.15,84740.15,7178.39161
2025-03-01 08:00:00,84740.16,85508.79,84382.62,84632.79,4837.66151
2025-03-01 12:00:00,84632.79,84943.08,84334.39,84800.0,3556.79693
2025-03-01 16:00:00,84800.01,85591.84,84700.0,85485.41,2835.4461
2025-03-01 20:00:00,85485.41,86262.74,85285.88,86064.53,2278.96057
2025-03-02 00:00:00,86064.54,86498.0,85611.79,85873.07,2403.83782
2025-03-02 04:00:00,85873.06,86589.97,85531.87,86232.42,2216.14356
2025-03-02 08:00:00,86232.42,86263.23,85633.13,86105.89,2080.95926
2025-03-02 12:00:00,86105.88,88673.09,85050.6,87427.99,9943.16012
2025-03-02 16:00:00,87428.0,95000.0,87278.51,93522.0,30318.42056
2025-03-02 20:00:00,93522.01,94883.51,93502.0,94270.0,7926.56913
2025-03-03 00:00:00,94269.99,94416.46,92433.5,92709.98,6622.76466
2025-03-03 04:00:00,92709.98,93361.46,91181.0,92363.58,5852.51871
2025-03-03 08:00:00,92363.58,92917.99,91142.0,92739.99,6314.25279
2025-03-03 12:00:00,92740.0,93721.37,89117.0,90035.37,14548.25192
2025-03-03 16:00:00,90035.38,91000.0,85555.45,85606.0,16115.70068
2025-03-03 20:00:00,85606.01,87038.46,85117.11,86220.61,9717.61342
2025-03-04 00:00:00,86221.16,86807.98,82464.84,83983.72,13267.80873
2025-03-04 04:00:00,83983.73,84581.6,83140.0,83186.4,4955.79624
2025-03-04 08:00:00,83186.4,84373.84,83040.29,83937.94,4466.29804
2025-03-04 12:00:00,83937.93,84977.65,81500.0,82985.06,14268.19869
2025-03-04 16:00:00,82985.05,88487.91,82013.11,88206.19,12128.06081
2025-03-04 20:00:00,88206.19,88967.52,86582.27,87281.98,6522.94455
2025-03-05 00:00:00,87281.98,87888.88,86334.53,86843.4,4769.77721
2025-03-05 04:00:00,86843.4,87727.27,86722.81,87619.49,3883.84662
2025-03-05 08:00:00,87619.49,90660.0,87600.0,89814.26,6751.29829
2025-03-05 12:00:00,89814.26,90933.82,87926.06,88344.25,12224.27232
2025-03-05 16:00:00,88344.25,90475.3,87600.0,89750.0,7755.99208
2025-03-05 20:00:00,89750.0,91000.0,89677.8,90606.01,2878.82511
2025-03-06 00:00:00,90606.0,92025.0,89986.73,91605.01,5338.79627
2025-03-06 04:00:00,91605.02,92810.64,91265.96,91346.48,4492.39994
2025-03-06 08:00:00,91346.49,91667.5,90613.17,91350.0,3894.92912
2025-03-06 12:00:00,91350.0,91457.03,89117.68,90820.69,8433.9883
2025-03-06 16:00:00,90820.69,91066.44,87836.0,88526.18,7147.7059
2025-03-06 20:00:00,88526.23,90781.2,88461.22,89931.89,5034.62949
2025-03-07 00:00:00,89931.88,91283.02,84667.03,86991.25,18693.33541
2025-03-07 04:00:00,86991.26,88612.96,86857.14,88365.18,3950.73454
2025-03-07 08:00:00,88365.19,89704.0,87985.3,88966.96,3368.87599
2025-03-07 12:00:00,88966.96,91100.0,88022.47,88457.99,12333.35824
2025-03-07 16:00:00,88457.99,89023.41,86554.77,87820.1,11414.32329
2025-03-07 20:00:00,87820.09,88511.0,85573.07,86801.75,8219.72966
2025-03-08 00:00:00,86801.74,86897.25,85218.47,85919.12,3430.23845
2025-03-08 04:00:00,85919.12,86662.0,85653.66,86197.14,1971.12967
2025-03-08 08:00:00,86197.14,86450.01,85762.72,85955.88,1775.33163
2025-03-08 12:00:00,85955.89,86627.51,85808.82,86400.0,2447.16492
2025-03-08 16:00:00,86400.0,86500.0,85661.76,86233.52,2221.39349
2025-03-08 20:00:00,86233.52,86500.0,85852.12,86222.45,1143.97238
2025-03-09 00:00:00,86222.46,86500.0,85939.85,86115.71,1223.4792
2025-03-09 04:00:00,86115.71,86158.83,85809.48,86004.61,1375.32537
2025-03-09 08:00:00,86004.61,86098.0,84625.01,85024.01,2983.48178
2025-03-09 12:00:00,85024.0,85058.34,82711.5,83080.41,6724.19753
2025-03-09 16:00:00,83080.4,83758.22,82223.0,82640.86,6255.15784
2025-03-09 20:00:00,82640.86,83539.66,80000.0,80734.37,7553.75173
2025-03-10 00:00:00,80734.48,82744.0,80037.62,82047.49,6631.01803
2025-03-10 04:00:00,82047.49,82797.95,81977.27,82318.77,2861.97669
2025-03-10 08:00:00,82318.78,84123.46,81151.0,83582.0,6692.07202
2025-03-10 12:00:00,83582.0,83771.94,79177.03,80043.85,12861.56913
2025-03-10 16:00:00,80043.84,80250.0,77459.91,79060.84,13469.61921
2025-03-10 20:00:00,79060.84,79886.03,78409.4,78595.86,5117.12897
2025-03-11 00:00:00,78595.86,79938.27,76606.0,79522.29,11122.24369
2025-03-11 04:00:00,79522.29,80614.89,79439.9,80424.95,4567.35903
2025-03-11 08:00:00,80424.94,82092.34,80325.22,81720.34,5598.25972
2025-03-11 12:00:00,81720.33,82225.21,79058.0,81232.24,16633.75229
2025-03-11 16:00:00,81232.23,83617.4,80609.96,83104.01,8085.50399
2025-03-11 20:00:00,83104.01,83306.87,82550.52,82932.99,2762.94981
2025-03-12 00:00:00,82932.99,83783.26,82100.61,82127.72,4711.9387
2025-03-12 04:00:00,82127.73,82541.47,81296.0,82447.79,4065.50034
2025-03-12 08:00:00,82447.78,83076.79,82000.29,83004.45,4874.62168
2025-03-12 12:00:00,83004.45,84539.85,80607.65,81738.97,11813.60583
2025-03-12 16:00:00,81738.97,83165.46,81626.64,82915.93,4215.51153
2025-03-12 20:00:00,82915.94,83887.26,82709.36,83680.12,2252.80792
2025-03-13 00:00:00,83680.12,84336.33,83312.92,83577.14,3767.48722
2025-03-13 04:00:00,83577.14,83709.03,82851.0,83151.99,3084.39535
2025-03-13 08:00:00,83152.0,83522.61,82400.04,82975.86,3199.56767
2025-03-13 12:00:00,82975.86,83900.0,80954.29,81044.72,7631.10248
2025-03-13 16:00:00,81044.72,81264.73,79939.9,80211.4,7395.86973
2025-03-13 20:00:00,80210.4,81484.23,80189.89,81115.78,2467.85167
2025-03-14 00:00:00,81115.78,82270.51,80818.84,81888.77,2746.60637
2025-03-14 04:00:00,81888.77,82454.5,81780.08,82170.85,2021.59745
2025-03-14 08:00:00,82170.84,83348.46,82170.84,83253.15,3340.43802
2025-03-14 12:00:00,83253.15,85309.71,82640.59,84724.58,11416.8729
2025-03-14 16:00:00,84724.58,84950.0,83949.19,84554.0,4662.53549
2025-03-14 20:00:00,84554.0,84554.01,83717.69,83983.2,2670.47732
2025-03-15 00:00:00,83983.19,84676.28,83964.57,84491.99,1801.07938
2025-03-15 04:00:00,84492.0,84559.0,83791.09,83827.31,1787.51614
2025-03-15 08:00:00,83827.32,84184.58,83618.0,84103.74,2551.69547
2025-03-15 12:00:00,84103.74,84499.74,84010.58,84346.02,2795.90086
2025-03-15 16:00:00,84346.03,84498.72,84076.92,84299.98,1681.69068
2025-03-15 20:00:00,84299.99,84467.7,84237.58,84338.44,706.85067
2025-03-16 00:00:00,84338.44,84393.72,83733.86,84332.34,1213.99013
2025-03-16 04:00:00,84332.35,84418.0,83972.57,84273.96,964.71247
2025-03-16 08:00:00,84273.95,84335.43,82381.46,82410.02,2982.64569
2025-03-16 12:00:00,82410.01,83508.95,82400.0,83320.83,3782.45365
2025-03-16 16:00:00,83320.83,85117.04,82562.36,83098.47,5881.93983
2025-03-16 20:00:00,83098.47,83453.01,81981.12,82574.53,2770.38354
2025-03-17 00:00:00,82574.52,83725.39,82523.0,83675.65,2140.41723
2025-03-17 04:00:00,83675.64,83869.77,82682.62,83567.87,2436.57299
2025-03-17 08:00:00,83567.88,83783.02,83220.11,83514.73,1904.26795
2025-03-17 12:00:00,83514.73,84000.0,82456.0,83531.06,5473.06801
2025-03-17 16:00:00,83531.07,84756.83,83103.6,84482.55,3834.07195
2025-03-17 20:00:00,84482.55,84506.8,83746.12,84010.03,1426.34545
2025-03-18 00:00:00,84010.02,84021.74,82960.0,83147.6,2227.16043
2025-03-18 04:00:00,83147.6,83280.0,82244.68,83163.81,3791.82354
2025-03-18 08:00:00,83163.81,83452.3,82500.0,82581.1,1859.60834
2025-03-18 12:00:00,82581.09,82821.6,81134.66,81610.21,5242.8777
2025-03-18 16:00:00,81610.22,82476.26,81245.65,82317.21,3040.4539
2025-03-18 20:00:00,82317.2,82810.95,81870.23,82715.03,1448.97492
2025-03-19 00:00:00,82715.03,83280.0,82547.16,83037.17,2751.69748
2025-03-19 04:00:00,83037.17,83364.16,82792.91,83190.0,1888.77416
2025-03-19 08:00:00,83190.0,84119.09,83178.74,83881.4,3556.56382
2025-03-19 12:00:00,83881.4,84888.0,83510.21,84733.05,5832.94768
2025-03-19 16:00:00,84733.05,85950.0,83578.32,85433.38,9865.43804
2025-03-19 20:00:00,85433.38,87000.0,85200.1,86845.94,4255.63256
2025-03-20 00:00:00,86845.93,87453.67,85619.56,85891.02,4306.12355
2025-03-20 04:00:00,85891.01,86013.05,85430.38,85816.39,2389.67499
2025-03-20 08:00:00,85816.39,86300.0,84755.14,85502.17,3049.10665
2025-03-20 12:00:00,85502.16,86532.04,84565.16,84691.76,5937.94941
2025-03-20 16:00:00,84691.27,84908.0,83655.23,84174.79,4615.68665
2025-03-20 20:00:00,84176.87,84609.21,83922.01,84223.39,1791.76338
2025-03-21 00:00:00,84223.38,84850.33,84180.09,84451.96,1402.80368
2025-03-21 04:00:00,84451.97,84798.93,83700.47,83937.98,2156.9138
2025-03-21 08:00:00,83937.99,84337.66,83732.09,84046.52,1486.42515
2025-03-21 12:00:00,84046.52,84358.51,83175.25,83565.48,3473.84885
2025-03-21 16:00:00,83565.47,84435.87,83379.0,83956.36,2229.62892
2025-03-21 20:00:00,83956.35,84584.0,83813.21,84088.79,1207.35403
2025-03-22 00:00:00,84088.79,84338.98,83989.58,84256.74,1006.94162
2025-03-22 04:00:00,84256.73,84429.09,84153.21,84274.72,754.99674
2025-03-22 08:00:00,84274.71,84539.17,84109.0,84239.25,871.57177
2025-03-22 12:00:00,84239.24,84296.39,83975.42,84109.09,1017.55631
2025-03-22 16:00:00,84109.08,84320.0,84063.53,84171.59,818.77482
2025-03-22 20:00:00,84171.59,84204.19,83625.1,83840.59,950.37988
2025-03-23 00:00:00,83840.59,84277.07,83809.75,84224.39,735.1977
2025-03-23 04:00:00,84224.39,84328.24,84070.22,84279.82,537.08204
2025-03-23 08:00:00,84279.82,85027.32,84263.05,84679.99,1637.95361
2025-03-23 12:00:00,84680.0,85254.17,84573.4,85189.41,1965.74104
2025-03-23 16:00:00,85189.41,85413.05,84800.0,85011.19,1581.19041
2025-03-23 20:00:00,85011.2,86129.64,84923.91,86082.5,2004.81333
2025-03-24 00:00:00,86082.5,86641.13,85519.09,86532.07,3571.64325
2025-03-24 04:00:00,86532.07,87300.0,86532.06,86874.52,4177.26747
2025-03-24 08:00:00,86874.52,87909.99,86838.76,87689.52,3734.28314
2025-03-24 12:00:00,87689.52,88765.43,87138.6,88350.01,8345.49659
2025-03-24 16:00:00,88350.01,88536.0,87690.59,88222.0,5650.83508
2025-03-24 20:00:00,88222.01,88481.14,87050.6,87498.16,4636.09558
2025-03-25 00:00:00,87498.16,87679.25,86330.66,86520.88,2967.91856
2025-03-25 04:00:00,86520.89,86879.77,86310.0,86436.82,2925.77929
2025-03-25 08:00:00,86436.82,87500.0,86406.49,87370.43,2680.08356
2025-03-25 12:00:00,87370.44,88258.8,86929.46,87774.37,5630.54013
2025-03-25 16:00:00,87774.37,88321.27,87588.59,88116.23,3269.38058
2025-03-25 20:00:00,88116.23,88539.63,87132.65,87392.87,5169.55036
2025-03-26 00:00:00,87392.88,87892.14,87030.56,87153.51,2376.15356
2025-03-26 04:00:00,87153.5,88275.0,87052.0,88140.45,2854.78166
2025-03-26 08:00:00,88140.45,88259.81,87837.49,87954.96,2414.73419
2025-03-26 12:00:00,87954.97,88000.0,86434.36,86752.52,5637.1011
2025-03-26 16:00:00,86752.52,87058.4,85860.0,86567.19,3006.95989
2025-03-26 20:00:00,86567.18,87404.34,86520.1,86909.17,2119.05445
2025-03-27 00:00:00,86909.17,87756.39,86796.26,87670.18,1891.16422
2025-03-27 04:00:00,87670.17,87691.34,87249.68,87399.99,1775.1179
2025-03-27 08:00:00,87399.99,87597.6,86787.0,86943.52,2195.77495
2025-03-27 12:00:00,86943.51,87575.0,85800.0,86974.07,7540.76727
2025-03-27 16:00:00,86974.07,87429.21,86796.0,87060.41,2215.08868
2025-03-27 20:00:00,87060.4,87728.27,86943.04,87232.01,1480.12595
2025-03-28 00:00:00,87232.01,87515.67,86750.0,86787.16,1911.72045
2025-03-28 04:00:00,86787.17,86832.64,85162.48,85212.99,5671.09628
2025-03-28 08:00:00,85212.98,85441.25,84800.0,85255.26,4950.75977
2025-03-28 12:00:00,85255.25,85609.74,83953.86,84051.16,8382.63832
2025-03-28 16:00:00,84051.15,84217.61,83585.0,83790.73,3857.86312
2025-03-28 20:00:00,83790.74,84538.69,83697.83,84424.38,2408.65375
2025-03-29 00:00:00,84424.38,84624.73,83709.67,84166.3,1526.01379
2025-03-29 04:00:00,84166.3,84258.45,83662.86,83731.82,1103.52164
2025-03-29 08:00:00,83731.83,83947.42,82007.0,82293.56,3638.90117
2025-03-29 12:00:00,82293.56,82882.01,82145.22,82414.23,1960.74799
2025-03-29 16:00:00,82414.22,82758.41,81644.81,82758.4,2509.70729
2025-03-29 20:00:00,82758.4,82787.29,82258.86,82648.54,957.50676
2025-03-30 00:00:00,82648.53,83503.53,82500.0,83088.81,1605.64112
2025-03-30 04:00:00,83088.82,83321.16,82868.96,83076.59,1238.4393
2025-03-30 08:00:00,83076.58,83534.64,82975.36,83111.76,1206.11965
2025-03-30 12:00:00,83111.76,83268.05,82543.83,82729.57,2154.4379
2025-03-30 16:00:00,82729.57,82908.11,82050.4,82548.81,1581.53343
2025-03-30 20:00:00,82548.8,82757.7,81565.0,82389.99,2078.32368
2025-03-31 00:00:00,82390.0,82444.89,81278.52,81530.0,3137.45901
2025-03-31 04:00:00,81530.0,82305.57,81400.0,81933.51,2427.84969
2025-03-31 08:00:00,81933.51,82272.0,81290.88,82205.51,3422.93239
2025-03-31 12:00:00,82205.5,83943.08,81656.0,83418.78,6957.92675
2025-03-31 16:00:00,83418.78,83694.29,82400.0,82462.27,2934.61931
2025-03-31 20:00:00,82462.26,82886.8,82265.1,82550.01,1688.3517
2025-04-01 00:00:00,82550.0,83256.8,82432.74,82962.84,2015.98624
2025-04-01 04:00:00,82962.84,83597.07,82886.87,83445.5,1822.06805
2025-04-01 08:00:00,83445.5,84504.74,83410.0,83930.3,4005.56934
2025-04-01 12:00:00,83930.31,85499.55,82544.0,85280.87,6895.46482
2025-04-01 16:00:00,85280.88,85493.0,84720.0,84972.01,3624.09611
2025-04-01 20:00:00,84972.0,85579.46,84773.58,85158.34,1827.21241
2025-04-02 00:00:00,85158.35,85255.95,84504.21,84550.0,2397.00391
2025-04-02 04:00:00,84550.0,84726.42,83904.72,84426.33,2284.55226
2025-04-02 08:00:00,84426.32,85450.0,84262.73,84566.91,2502.47319
2025-04-02 12:00:00,84566.91,87333.0,84462.69,86757.67,11182.5669
2025-04-02 16:00:00,86757.67,87333.0,86186.19,86900.02,6072.59633
2025-04-02 20:00:00,86900.01,88500.0,82320.0,82516.29,15492.26441
2025-04-03 00:00:00,82516.28,83998.02,82175.98,83483.97,5644.57078
2025-04-03 04:00:00,83483.97,83735.85,83000.0,83456.75,2431.18004
2025-04-03 08:00:00,83456.76,83788.23,83047.0,83096.01,3208.79996
2025-04-03 12:00:00,83096.01,83147.95,81211.24,82039.31,8823.0587
2025-04-03 16:00:00,82039.32,82448.21,81540.0,82008.7,4137.47371
2025-04-03 20:00:00,82009.76,83332.2,81800.0,83213.09,3092.75816
2025-04-04 00:00:00,83213.09,83413.46,82577.63,82818.52,3041.69884
2025-04-04 04:00:00,82818.53,84000.0,82615.36,83992.85,3091.86585
2025-04-04 08:00:00,83992.85,84720.0,81659.0,82680.45,9682.53553
2025-04-04 12:00:00,82680.44,83716.0,81849.05,82860.0,10092.60459
2025-04-04 16:00:00,82860.0,84620.01,82736.0,84009.99,5374.18478
2025-04-04 20:00:00,84010.0,84450.0,83492.95,83889.87,1632.65017
2025-04-05 00:00:00,83889.87,84266.0,83395.46,83624.01,1705.75257
2025-04-05 04:00:00,83624.01,83868.0,83297.66,83525.34,1280.95023
2025-04-05 08:00:00,83525.33,83894.7,83359.64,83452.69,1233.29028
2025-04-05 12:00:00,83452.69,83550.68,82379.95,82618.26,2576.97263
2025-04-05 16:00:00,82618.25,83146.0,82607.05,82860.0,974.18344
2025-04-05 20:00:00,82859.99,83688.0,82833.0,83537.99,1589.25553
2025-04-06 00:00:00,83537.99,83817.63,83163.45,83344.14,1209.45565
2025-04-06 04:00:00,83344.14,83533.01,83024.96,83024.96,1005.20003
2025-04-06 08:00:00,83024.97,83172.0,82666.0,82855.99,1208.00762
2025-04-06 12:00:00,82855.99,82981.14,82217.83,82548.36,2530.9727
2025-04-06 16:00:00,82548.36,82554.15,78694.99,79614.35,10204.27054
2025-04-06 20:00:00,79614.34,79890.16,77153.83,78430.0,11784.80782
2025-04-07 00:00:00,78430.0,79347.46,77354.0,77707.77,8315.40751
2025-04-07 04:00:00,77707.78,77984.0,74508.0,75126.01,18943.308
2025-04-07 08:00:00,75126.01,77577.88,75085.74,76685.62,10044.53318
2025-04-07 12:00:00,76685.62,81243.58,75789.01,78479.9,27708.97146
2025-04-07 16:00:00,78479.91,79365.46,77313.2,78130.44,8830.92097
2025-04-07 20:00:00,78130.43,80218.88,78102.91,79163.24,4544.38977
2025-04-08 00:00:00,79163.24,80867.99,78772.14,79904.0,4941.96291
2025-04-08 04:00:00,79904.0,80413.49,79219.9,79496.0,3302.12711
2025-04-08 08:00:00,79496.01,80077.65,78819.65,79982.0,4257.73055
2025-04-08 12:00:00,79982.0,80375.0,78175.14,78497.99,8857.72421
2025-04-08 16:00:00,78498.0,78522.72,76334.65,76854.05,10762.74484
2025-04-08 20:00:00,76854.05,77285.5,76239.9,76322.42,3195.03101
2025-04-09 00:00:00,76322.42,76868.28,74620.0,75073.33,9779.68513
2025-04-09 04:00:00,75073.34,77979.3,75000.0,77694.12,9140.27184
2025-04-09 08:00:00,77694.12,77880.0,75756.86,76230.01,7898.75408
2025-04-09 12:00:00,76230.01,78318.46,76010.21,77258.0,9835.2769
2025-04-09 16:00:00,77258.01,82990.0,77136.0,82332.08,26584.65756
2025-04-09 20:00:00,82332.08,83588.0,81987.89,82615.22,12249.64221
2025-04-10 00:00:00,82615.22,82753.21,81472.84,81775.2,5457.92235
2025-04-10 04:00:00,81775.2,82344.3,81292.99,81595.81,3599.59614
2025-04-10 08:00:00,81595.81,82130.43,81349.0,81882.01,3109.18957
2025-04-10 12:00:00,81882.0,82466.35,78606.06,78757.0,12186.07063
2025-04-10 16:00:00,78757.24,80058.96,78464.36,79649.34,6868.94347
2025-04-10 20:00:00,79647.37,80035.54,79377.04,79607.3,2063.08502
2025-04-11 00:00:00,79607.3,80906.63,78969.58,80842.99,4616.06429
2025-04-11 04:00:00,80843.0,81440.73,80512.22,81266.76,3739.3645
2025-04-11 08:00:00,81266.76,82985.71,80782.43,82129.67,7672.7781
2025-04-11 12:00:00,82129.67,83333.0,81341.22,82521.74,8580.71054
2025-04-11 16:00:00,82521.74,84220.0,82015.08,83858.28,6974.07284
2025-04-11 20:00:00,83858.28,84300.0,83162.0,83423.84,2852.4477
2025-04-12 00:00:00,83423.83,83572.0,82792.95,82973.13,2097.25786
2025-04-12 04:00:00,82973.14,83830.62,82856.86,83724.92,2219.56474
2025-04-12 08:00:00,83724.92,84031.87,83305.91,83528.3,2026.01827
2025-04-12 12:00:00,83528.3,85402.9,83474.94,85008.4,7502.18643
2025-04-12 16:00:00,85008.4,85258.29,84421.95,84943.4,2205.95168
2025-04-12 20:00:00,84943.39,85905.0,84877.61,85276.9,2419.76539
2025-04-13 00:00:00,85276.91,86100.0,84724.91,85432.31,6091.99475
2025-04-13 04:00:00,85432.31,85436.68,84399.42,84413.1,5329.09879
2025-04-13 08:00:00,84413.1,84949.86,84216.15,84528.66,2109.38782
2025-04-13 12:00:00,84528.66,84700.0,83480.67,83849.66,3752.76
2025-04-13 16:00:00,83849.66,84990.22,83050.0,83981.31,4094.28687
2025-04-13 20:00:00,83981.32,84446.31,83034.23,83760.0,3302.51358
2025-04-14 00:00:00,83760.0,85544.3,83678.0,84566.03,9144.98601
2025-04-14 04:00:00,84566.04,85110.0,84211.06,84580.76,3626.62247
2025-04-14 08:00:00,84580.77,84965.34,84250.0,84927.55,2672.53505
2025-04-14 12:00:00,84927.56,85799.99,83709.25,84101.16,6912.0794
2025-04-14 16:00:00,84101.16,85208.1,83863.63,84923.07,4493.01122
2025-04-14 20:00:00,84923.07,84971.7,84424.52,84591.58,1809.85933
2025-04-15 00:00:00,84591.58,85415.1,84347.97,85379.96,2777.45814
2025-04-15 04:00:00,85379.97,85879.1,85157.6,85716.77,3160.5593
2025-04-15 08:00:00,85716.77,86000.0,85351.0,85589.23,3075.38498
2025-04-15 12:00:00,85589.23,86496.42,84623.73,84918.14,6756.03523
2025-04-15 16:00:00,84918.15,85146.55,83921.19,83998.52,2674.08979
2025-04-15 20:00:00,83998.51,84235.85,83600.0,83643.99,2467.46784
2025-04-16 00:00:00,83643.99,83960.0,83111.64,83695.66,2463.72865
2025-04-16 04:00:00,83695.66,83814.0,83212.64,83363.17,3071.39491
2025-04-16 08:00:00,83363.17,84127.05,83140.89,84048.11,2832.84259
2025-04-16 12:00:00,84048.36,85270.27,83512.2,84846.58,4587.02932
2025-04-16 16:00:00,84846.58,85500.0,83275.0,84334.01,6228.17039
2025-04-16 20:00:00,84334.0,84679.53,84024.0,84030.38,1684.07933
2025-04-17 00:00:00,84030.38,84496.0,83814.48,83994.23,1420.43568
2025-04-17 04:00:00,83994.23,85053.38,83900.0,84669.98,2038.72764
2025-04-17 08:00:00,84669.98,84764.44,84191.17,84562.0,1333.31709
2025-04-17 12:00:00,84562.0,84862.93,83736.26,84531.71,3721.70869
2025-04-17 16:00:00,84531.72,85470.01,84393.59,84849.06,4072.8227
2025-04-17 20:00:00,84849.05,85140.0,84720.21,84947.91,1141.83592
2025-04-18 00:00:00,84947.92,85132.08,84724.6,84828.0,1247.74402
2025-04-18 04:00:00,84827.99,84838.52,84413.23,84654.68,1523.46331
2025-04-18 08:00:00,84654.68,84764.0,84472.25,84669.11,1166.67376
2025-04-18 12:00:00,84669.11,84769.95,84338.0,84374.59,1234.717
2025-04-18 16:00:00,84374.6,84649.99,84303.96,84562.83,718.53494
2025-04-18 20:00:00,84562.83,84684.49,84342.15,84474.69,638.83012
2025-04-19 00:00:00,84474.7,84986.76,84364.45,84883.71,1105.44308
2025-04-19 04:00:00,84883.72,85300.0,84883.71,85217.39,2259.71458
2025-04-19 08:00:00,85217.38,85436.72,85115.45,85217.4,1378.37688
2025-04-19 12:00:00,85217.4,85677.99,85070.0,85191.19,2584.44918
2025-04-19 16:00:00,85191.18,85330.06,84694.49,85085.55,1789.11723
2025-04-19 20:00:00,85085.56,85367.93,85015.63,85077.01,549.48058
2025-04-20 00:00:00,85077.0,85320.76,85050.27,85168.81,882.54344
2025-04-20 04:00:00,85168.82,85248.0,84678.18,84784.01,1167.69622
2025-04-20 08:00:00,84784.01,84785.0,83949.52,84129.83,1885.40107
2025-04-20 12:00:00,84129.82,84664.0,84099.3,84344.66,1721.01989
2025-04-20 16:00:00,84344.65,84664.09,84272.74,84651.61,769.05869
2025-04-20 20:00:00,84651.61,85298.0,84616.73,85179.24,1665.95794
2025-04-21 00:00:00,85179.24,87640.0,85144.76,87205.56,9533.33738
2025-04-21 04:00:00,87205.56,87738.0,87038.0,87434.78,2859.73764
2025-04-21 08:00:00,87434.79,87795.26,86644.29,86971.92,3305.90555
2025-04-21 12:00:00,86971.92,88465.99,86779.97,88044.8,8328.4863
2025-04-21 16:00:00,88044.81,88270.88,86389.78,87415.1,5561.20336
2025-04-21 20:00:00,87415.09,87625.68,86887.15,87516.23,2184.70239
2025-04-22 00:00:00,87516.22,88877.0,87076.03,88157.55,5948.6986
2025-04-22 04:00:00,88157.55,88486.0,87953.86,88476.83,2721.14964
2025-04-22 08:00:00,88476.82,88701.93,88241.33,88614.1,2659.83331
2025-04-22 12:00:00,88614.09,91439.46,88482.0,90934.61,15352.18318
2025-04-22 16:00:00,90934.61,91695.0,90624.03,91414.79,6380.71134
2025-04-22 20:00:00,91414.78,93888.0,91060.0,93442.99,10810.17098
2025-04-23 00:00:00,93442.99,93909.05,92580.18,93168.91,5215.33691
2025-04-23 04:00:00,93168.91,94264.0,93017.46,94133.82,3753.14233
2025-04-23 08:00:00,94133.82,94521.79,93324.45,93466.01,4309.7212
2025-04-23 12:00:00,93466.01,94696.05,91935.41,93195.28,8544.8591
2025-04-23 16:00:00,93195.28,94219.93,92913.04,93497.88,4018.92317
2025-04-23 20:00:00,93497.88,93917.53,93238.1,93691.08,1562.18537
2025-04-24 00:00:00,93691.07,93787.65,92650.0,92673.95,2768.12366
2025-04-24 04:00:00,92673.95,92903.94,92101.63,92203.55,3429.85771
2025-04-24 08:00:00,92203.54,92657.69,91660.01,92619.94,3940.58829
2025-04-24 12:00:00,92619.94,93450.0,92434.78,93202.51,4447.23602
2025-04-24 16:00:00,93202.52,93649.56,92666.62,93556.12,2504.05999
2025-04-24 20:00:00,93556.12,94005.0,93024.0,93980.47,2407.19504
2025-04-25 00:00:00,93980.47,94444.0,92855.96,93311.83,4492.13804
2025-04-25 04:00:00,93311.83,93860.0,93013.56,93772.26,3463.8711
2025-04-25 08:00:00,93772.27,94660.0,93539.82,94635.67,3498.44872
2025-04-25 12:00:00,94635.67,95758.04,93929.41,95061.22,10872.54033
2025-04-25 16:00:00,95061.21,95554.99,94370.35,95291.0,3536.11021
2025-04-25 20:00:00,95291.0,95345.45,94441.61,94638.68,1637.55808
2025-04-26 00:00:00,94638.68,95199.0,94527.84,94739.99,2542.70188
2025-04-26 04:00:00,94739.99,94830.93,94380.72,94570.31,1410.05819
2025-04-26 08:00:00,94570.31,94733.54,93990.6,94144.06,1747.48781
2025-04-26 12:00:00,94144.07,94394.0,93870.69,94373.24,1638.82978
2025-04-26 16:00:00,94373.24,94378.87,94041.0,94307.5,832.25743
2025-04-26 20:00:00,94307.51,94888.0,94087.0,94628.0,1243.73366
2025-04-27 00:00:00,94628.0,95369.0,94041.6,94156.21,3925.87324
2025-04-27 04:00:00,94156.22,94288.65,93655.0,94065.98,1858.72082
2025-04-27 08:00:00,94065.99,94331.85,93883.81,93920.01,1343.02543
2025-04-27 12:00:00,93920.0,94173.91,93602.58,93901.08,1432.64566
2025-04-27 16:00:00,93901.09,94434.79,93727.08,94433.5,1354.62397
2025-04-27 20:00:00,94433.49,94545.45,93641.7,93749.3,1247.95188
2025-04-28 00:00:00,93749.29,93987.3,92800.01,93849.93,3829.2548
2025-04-28 04:00:00,93849.93,94800.0,93849.93,94692.49,3173.45503
2025-04-28 08:00:00,94692.49,95550.0,94339.48,95319.99,4407.81686
2025-04-28 12:00:00,95319.99,95630.0,93583.9,93833.51,6874.85491
2025-04-28 16:00:00,93833.5,94920.0,93444.0,94787.2,2284.50465
2025-04-28 20:00:00,94786.73,95180.0,94305.95,95011.18,1587.64726
2025-04-29 00:00:00,95011.18,95461.53,94443.7,94658.76,2355.42851
2025-04-29 04:00:00,94658.75,94960.0,94200.0,94917.61,3096.90198
2025-04-29 08:00:00,94917.61,95285.71,94743.01,95129.74,2370.90825
2025-04-29 12:00:00,95129.74,95300.0,94531.85,94843.1,2872.24836
2025-04-29 16:00:00,94843.1,95459.99,94658.99,95300.79,3091.57412
2025-04-29 20:00:00,95300.79,95408.0,93742.54,94256.82,3168.27898
2025-04-30 00:00:00,94256.82,95111.01,94136.48,95032.84,1764.9576
2025-04-30 04:00:00,95032.84,95180.0,94500.0,94620.99,1847.65644
2025-04-30 08:00:00,94620.99,95228.45,94527.58,95176.66,1661.24557
2025-04-30 12:00:00,95176.66,95214.9,92910.0,94004.63,8257.162
2025-04-30 16:00:00,94004.63,94500.0,93528.71,94152.01,2035.58804
2025-04-30 20:00:00,94152.01,94784.1,94005.0,94172.0,2094.66545
2025-05-01 00:00:00,94172.0,95040.3,94130.43,94782.6,2877.4378
2025-05-01 04:00:00,94782.6,95180.0,94714.38,95025.84,1880.34885
2025-05-01 08:00:00,95025.84,96396.31,94913.04,96180.01,4237.08588
2025-05-01 12:00:00,96180.01,97424.02,95769.66,96854.3,7399.49215
2025-05-01 16:00:00,96854.31,97367.26,96424.44,96523.26,3200.80242
2025-05-01 20:00:00,96523.26,96885.77,96184.19,96489.91,1785.28633
2025-05-02 00:00:00,96489.9,97233.1,96466.21,97102.32,2134.18118
2025-05-02 04:00:00,97102.32,97309.78,96350.0,96350.0,2432.89056
2025-05-02 08:00:00,96350.01,97100.0,96350.0,96928.97,1860.2708
2025-05-02 12:00:00,96928.97,97895.68,96650.94,97330.19,5047.18173
2025-05-02 16:00:00,97330.19,97783.02,96769.84,96924.23,2332.70775
2025-05-02 20:00:00,96924.23,97136.0,96561.57,96887.14,1098.51609
2025-05-03 00:00:00,96887.13,96935.67,96300.02,96337.5,2058.72462
2025-05-03 04:00:00,96337.5,96593.0,96132.67,96322.68,1508.87428
2025-05-03 08:00:00,96322.68,96421.91,95852.29,95942.02,2622.43769
2025-05-03 12:00:00,95942.01,96509.44,95880.65,96418.68,1447.96366
2025-05-03 16:00:00,96418.68,96428.33,95869.68,96354.34,899.94616
2025-05-03 20:00:00,96354.34,96441.49,95753.01,95856.42,1185.40197
2025-05-04 00:00:00,95856.42,96304.48,95588.0,95722.23,1523.29654
2025-05-04 04:00:00,95722.22,96142.86,95692.7,95879.99,1780.05807
2025-05-04 08:00:00,95879.99,95923.54,95286.78,95423.2,2146.9622
2025-05-04 12:00:00,95423.19,95690.48,95209.07,95467.6,1981.94879
2025-05-04 16:00:00,95467.6,95640.98,95239.33,95584.07,863.77274
2025-05-04 20:00:00,95584.07,95758.08,94151.38,94277.62,2740.34508
2025-05-05 00:00:00,94277.61,94808.4,93514.1,94031.47,4140.14024
2025-05-05 04:00:00,94031.47,94825.46,94020.66,94761.91,2335.74375
2025-05-05 08:00:00,94761.91,94798.01,93888.0,94038.18,2541.09717
2025-05-05 12:00:00,94038.19,94531.74,93613.66,93770.31,4184.72517
2025-05-05 16:00:00,93770.32,94900.0,93759.63,94347.17,2339.27872
2025-05-05 20:00:00,94347.16,95199.0,93876.0,94733.68,1710.19684
2025-05-06 00:00:00,94733.68,94926.99,94012.78,94454.01,1586.4337
2025-05-06 04:00:00,94454.01,94638.01,94308.63,94400.99,1310.52658
2025-05-06 08:00:00,94400.98,94400.99,93720.63,93812.54,2666.58253
2025-05-06 12:00:00,93812.53,94733.38,93377.0,94558.95,3922.63869
2025-05-06 16:00:00,94558.94,95157.0,94216.0,94963.5,2336.80706
2025-05-06 20:00:00,94963.5,96920.65,94452.75,96834.02,4299.65657
2025-05-07 00:00:00,96834.02,97732.0,96208.1,96506.9,5180.41253
2025-05-07 04:00:00,96506.9,97013.53,96310.89,96994.82,2170.95622
2025-05-07 08:00:00,96994.82,97111.0,96833.33,97047.43,1298.75814
2025-05-07 12:00:00,97047.43,97478.27,96713.14,96923.91,2791.58426
2025-05-07 16:00:00,96923.91,96961.04,95784.61,96180.01,3605.87038
2025-05-07 20:00:00,96180.0,97390.0,96076.92,97030.5,1597.25701
2025-05-08 00:00:00,97030.5,99222.22,96876.29,99152.79,6410.02899
2025-05-08 04:00:00,99152.79,99419.0,98723.25,99252.34,4129.30669
2025-05-08 08:00:00,99252.34,99888.0,99209.04,99409.14,3702.67483
2025-05-08 12:00:00,99409.15,101525.03,99090.66,100758.08,7963.43171
2025-05-08 16:00:00,100758.08,101707.02,100596.0,101299.99,5099.76086
2025-05-08 20:00:00,101300.0,104145.76,101285.71,103261.6,7656.82539
2025-05-09 00:00:00,103261.61,103268.44,102364.0,102451.04,3733.8534
2025-05-09 04:00:00,102451.04,104361.3,102374.03,103628.77,5971.49947
2025-05-09 08:00:00,103628.76,103930.0,102421.0,102958.31,8403.08937
2025-05-09 12:00:00,102958.31,103793.66,102411.99,102895.99,5841.22214
2025-05-09 16:00:00,102895.99,103370.54,102315.14,103189.17,2349.89886
2025-05-09 20:00:00,103189.17,103408.0,102727.25,102971.99,1317.83583
2025-05-10 00:00:00,102971.99,103265.82,102818.76,103226.24,1788.89448
2025-05-10 04:00:00,103226.25,104100.0,103034.5,103759.71,2472.72488
2025-05-10 08:00:00,103759.71,104079.37,103366.0,103434.94,2876.2662
2025-05-10 12:00:00,103434.94,103825.4,103100.0,103138.77,1933.54411
2025-05-10 16:00:00,103138.76,103619.68,103005.33,103191.35,2330.41287
2025-05-10 20:00:00,103191.35,104984.57,103068.87,104809.53,3922.94357
2025-05-11 00:00:00,104809.53,104972.0,103466.05,104007.03,3855.57081
2025-05-11 04:00:00,104007.03,104400.0,103345.06,103385.47,2952.77072
2025-05-11 08:00:00,103385.46,104777.0,103380.95,104652.01,2472.65506
2025-05-11 12:00:00,104652.01,104888.0,103775.91,104150.0,4500.51294
2025-05-11 16:00:00,104150.0,104832.82,103750.0,104420.0,2312.17239
2025-05-11 20:00:00,104420.0,104578.62,103569.77,104118.0,1893.44005
2025-05-12 00:00:00,104118.0,105086.42,103702.15,104100.13,4046.32885
2025-05-12 04:00:00,104100.13,105819.45,103750.0,104467.99,6956.58682
2025-05-12 08:00:00,104467.99,104736.45,103625.0,103762.9,4195.60245
2025-05-12 12:00:00,103762.89,104629.96,102388.0,102527.26,7882.24448
2025-05-12 16:00:00,102527.27,103088.88,100718.37,101860.0,6054.64243
2025-05-12 20:00:00,101859.99,103127.92,101770.2,102791.32,2137.37289
2025-05-13 00:00:00,102791.32,102791.32,101429.7,101719.4,3352.34144
2025-05-13 04:00:00,101719.4,102943.28,101610.56,102665.5,3546.89229
2025-05-13 08:00:00,102665.5,103822.03,102540.18,103729.2,2797.46591
2025-05-13 12:00:00,103729.2,103966.0,102811.32,103682.55,4451.38278
2025-05-13 16:00:00,103682.54,104976.25,103532.18,104792.22,5053.45199
2025-05-13 20:00:00,104792.21,104928.0,103869.01,104103.72,2051.88968
2025-05-14 00:00:00,104103.72,104115.86,103453.26,103587.44,3010.71837
2025-05-14 04:00:00,103587.44,103971.0,103381.02,103716.55,2102.25399
2025-05-14 08:00:00,103716.55,104145.0,102875.22,103944.93,3535.76301
2025-05-14 12:00:00,103944.93,104356.95,102833.55,103514.24,5202.04446
2025-05-14 16:00:00,103514.24,103720.44,102602.05,103321.72,1856.97684
2025-05-14 20:00:00,103321.73,103667.52,103304.66,103507.82,745.15143
2025-05-15 00:00:00,103507.83,103866.51,102720.0,102753.63,1797.79721
2025-05-15 04:00:00,102753.62,102962.38,101724.17,101779.99,2353.66229
2025-05-15 08:00:00,101779.99,102441.0,101500.0,102371.61,2612.10704
2025-05-15 12:00:00,102371.62,103291.99,101383.07,103251.35,4312.54952
2025-05-15 16:00:00,103251.36,104192.7,102552.35,103157.26,4442.22626
2025-05-15 20:00:00,103157.26,103980.84,102708.46,103763.71,2480.64372
2025-05-16 00:00:00,103763.71,104466.01,103467.91,104023.49,3294.14952
2025-05-16 04:00:00,104023.49,104190.48,103694.18,103710.17,2338.96041
2025-05-16 08:00:00,103710.17,103900.0,103100.49,103651.71,3118.57852
2025-05-16 12:00:00,103651.72,104286.0,103343.07,104183.33,3503.77985
2025-05-16 16:00:00,104183.32,104550.33,103587.0,104032.6,2352.84073
2025-05-16 20:00:00,104032.6,104032.6,103397.5,103463.9,1075.57121
2025-05-17 00:00:00,103463.9,103600.0,102612.5,103508.48,2858.83928
2025-05-17 04:00:00,103508.48,103709.86,103285.71,103451.14,1318.92723
2025-05-17 08:00:00,103451.13,103568.58,102753.67,102994.17,2720.30154
2025-05-17 12:00:00,102994.18,103180.0,102640.02,102939.53,1272.66735
2025-05-17 16:00:00,102939.52,103350.0,102761.9,103158.6,1287.9669
2025-05-17 20:00:00,103158.6,103477.87,102900.72,103126.65,1792.19392
2025-05-18 00:00:00,103126.65,103409.98,103105.09,103295.7,913.9652
2025-05-18 04:00:00,103295.7,103988.0,103295.69,103919.39,1414.68073
2025-05-18 08:00:00,103919.39,104088.2,103800.0,103800.54,1574.15623
2025-05-18 12:00:00,103800.55,105680.0,103701.4,105518.0,4982.50382
2025-05-18 16:00:00,105518.0,105980.0,103851.01,103883.97,5395.35549
2025-05-18 20:00:00,103883.98,106660.0,103285.71,106454.26,7319.32579
2025-05-19 00:00:00,106454.27,107108.62,103534.47,103605.88,5830.4141
2025-05-19 04:00:00,103605.9,103779.99,102000.0,103226.29,7899.03768
2025-05-19 08:00:00,103226.29,103425.53,102782.6,102963.41,2683.33916
2025-05-19 12:00:00,102963.4,104968.75,102126.16,104786.41,6071.83103
2025-05-19 16:00:00,104786.42,105561.76,104491.53,105517.7,4503.35567
2025-05-19 20:00:00,105517.64,105829.99,105016.27,105573.74,3272.0576
2025-05-20 00:00:00,105573.73,106853.27,105533.01,105761.92,5750.55327
2025-05-20 04:00:00,105761.92,106399.0,104928.44,105021.71,3035.55334
2025-05-20 08:00:00,105021.7,105416.66,104847.16,105203.76,2326.54242
2025-05-20 12:00:00,105203.75,105391.27,104184.72,105333.68,3799.70194
2025-05-20 16:00:00,105333.67,107238.37,105090.9,107026.47,5057.29953
2025-05-20 20:00:00,107026.47,107320.0,105935.83,106849.99,3735.83225
2025-05-21 00:00:00,106850.0,107206.94,106186.79,106843.59,2584.02606
2025-05-21 04:00:00,106843.6,107985.05,106454.54,106527.16,5791.25242
2025-05-21 08:00:00,106527.17,106797.98,106100.01,106546.44,2982.12972
2025-05-21 12:00:00,106546.43,109458.0,106329.47,108973.35,11705.49449
2025-05-21 16:00:00,108973.34,109845.0,106117.67,108603.79,14958.19983
2025-05-21 20:00:00,108603.79,110797.38,107725.0,109643.99,7509.937825
2025-05-22 00:00:00,109643.99,111880.0,109177.37,111780.84,9017.73168
2025-05-22 04:00:00,111780.84,111795.04,110461.87,111045.45,7103.40338
2025-05-22 08:00:00,111045.45,111326.2,110272.72,110981.97,4014.18788
2025-05-22 12:00:00,110981.98,111626.43,110550.0,111290.86,6086.26018
2025-05-22 16:00:00,111290.85,111980.0,110916.4,111188.0,3260.6327
2025-05-22 20:00:00,111188.0,111717.34,110763.27,111696.21,2148.55731
2025-05-23 00:00:00,111696.22,111800.0,111000.13,111100.01,2834.29482
2025-05-23 04:00:00,111100.0,111181.82,110407.89,110715.42,3226.515
2025-05-23 08:00:00,110715.41,111381.61,108888.0,109076.35,4204.18634
2025-05-23 12:00:00,109076.36,109992.75,107316.0,108940.0,13163.25808
2025-05-23 16:00:00,108940.0,109809.53,108001.0,108716.07,4951.18081
2025-05-23 20:00:00,108714.01,108727.28,106800.0,107318.3,3358.28804
2025-05-24 00:00:00,107318.3,108367.54,106875.41,108366.3,2321.32073
2025-05-24 04:00:00,108366.31,108582.33,107566.37,107587.75,1982.27366
2025-05-24 08:00:00,107587.75,109506.03,107587.74,109208.56,5417.04518
2025-05-24 12:00:00,109208.57,109282.81,108540.0,108929.7,2666.17903
2025-05-24 16:00:00,108929.71,109200.0,108682.36,108960.0,1015.55537
2025-05-24 20:00:00,108960.0,109125.0,107500.0,107761.91,3380.15732
2025-05-25 00:00:00,107761.9,108257.14,107206.0,108095.75,2495.88081
2025-05-25 04:00:00,108095.76,108288.69,107454.54,107681.81,1293.71165
2025-05-25 08:00:00,107681.82,107700.65,106708.98,107260.0,3399.35699
2025-05-25 12:00:00,107259.99,107743.34,106600.64,106967.97,5093.14772
2025-05-25 16:00:00,106967.97,107940.95,106640.52,107717.01,2103.88371
2025-05-25 20:00:00,107717.02,109299.99,107176.0,109004.19,3324.06607
2025-05-26 00:00:00,109004.2,109844.91,108670.58,109623.53,3090.7964
2025-05-26 04:00:00,109623.54,110228.11,109365.29,110094.62,2472.4091
2025-05-26 08:00:00,110094.62,110173.92,109556.69,109772.72,1654.27634
2025-05-26 12:00:00,109772.73,110420.74,109494.74,110009.82,3113.22041
2025-05-26 16:00:00,110009.83,110422.22,108858.28,109130.44,3037.99696
2025-05-26 20:00:00,109130.44,109888.89,108940.0,109434.79,1280.41672
2025-05-27 00:00:00,109434.78,109666.0,107516.57,108892.16,4704.3073
2025-05-27 04:00:00,108892.15,109636.37,108550.0,109547.16,3340.1595
2025-05-27 08:00:00,109540.0,109899.0,109428.98,109585.49,1886.45358
2025-05-27 12:00:00,109585.49,110718.0,108670.29,110140.11,6777.89203
2025-05-27 16:00:00,110140.11,110499.64,109574.46,109877.87,2624.04806
2025-05-27 20:00:00,109877.87,109897.49,108600.0,108938.17,1943.79588
2025-05-28 00:00:00,108938.17,109284.7,108400.0,108863.64,2003.85357
2025-05-28 04:00:00,108863.64,109089.68,108624.43,108816.44,1391.51979
2025-05-28 08:00:00,108816.44,109130.44,108258.01,108870.38,1891.22828
2025-05-28 12:00:00,108870.39,109053.39,107045.45,107107.31,5751.05895
2025-05-28 16:00:00,107107.31,107842.29,106938.24,106946.01,2757.68701
2025-05-28 20:00:00,106946.0,108043.95,106769.43,107781.78,1838.44069
2025-05-29 00:00:00,107781.78,108484.61,107421.12,108044.88,3012.04609
2025-05-29 04:00:00,108044.87,108106.94,106948.01,107880.72,2287.08404
2025-05-29 08:00:00,107880.73,108891.91,107681.81,108779.84,2525.30968
2025-05-29 12:00:00,108779.83,108797.25,106474.0,107019.89,5170.87467
2025-05-29 16:00:00,107019.9,107168.23,105639.3,105731.74,4682.29852
2025-05-29 20:00:00,105731.74,106470.69,105322.86,105589.75,2157.08816
2025-05-30 00:00:00,105589.75,106214.93,104600.5,106024.33,4390.94984
2025-05-30 04:00:00,106024.33,106313.12,104727.72,105028.02,4187.15493
2025-05-30 08:00:00,105028.03,105981.75,104606.01,105880.51,3463.58178
2025-05-30 12:00:00,105880.5,106000.0,105047.61,105543.0,4176.35736
2025-05-30 16:00:00,105543.0,105560.98,103706.71,104640.5,5203.39187
2025-05-30 20:00:00,104640.49,104878.05,103621.0,103985.48,2285.06221
2025-05-31 00:00:00,103985.47,104292.69,103068.55,103684.01,3246.32605
2025-05-31 04:00:00,103684.0,103911.1,103487.99,103747.02,1424.77118
2025-05-31 08:00:00,103747.03,103809.51,103285.71,103498.18,1462.02815
2025-05-31 12:00:00,103498.17,104846.15,103480.11,104556.08,2862.31641
2025-05-31 16:00:00,104556.08,104780.49,104261.39,104698.02,1237.73843
2025-05-31 20:00:00,104698.03,104900.0,104473.2,104591.88,1056.179
2025-06-01 00:00:00,104591.88,104647.11,103924.52,104381.03,1332.51766
2025-06-01 04:00:00,104381.03,104729.99,104195.12,104275.95,935.26236
2025-06-01 08:00:00,104275.95,104459.07,103752.49,104082.68,1515.57248
2025-06-01 12:00:00,104082.67,104809.53,103783.01,104715.1,1868.98228
2025-06-01 16:00:00,104715.1,105299.21,104319.79,105121.94,2430.98984
2025-06-01 20:00:00,105121.95,105866.91,104893.72,105642.93,1626.37544
2025-06-02 00:00:00,105642.93,105735.42,104571.42,104829.27,1887.57513
2025-06-02 04:00:00,104829.27,105438.87,104610.13,105387.67,1324.62784
2025-06-02 08:00:00,105387.67,105935.63,103941.0,104047.64,3133.90977
2025-06-02 12:00:00,104047.63,104679.25,103659.88,104438.79,3457.5451
2025-06-02 16:00:00,104438.79,104731.95,104030.01,104425.63,1581.04916
2025-06-02 20:00:00,104425.64,105931.44,104425.64,105857.99,2069.28113
2025-06-03 00:00:00,105858.0,106500.0,105340.18,105482.02,2370.68744
2025-06-03 04:00:00,105482.03,105513.02,105116.2,105170.75,1808.4499
2025-06-03 08:00:00,105170.76,105349.94,104872.5,105287.24,1581.41246
2025-06-03 12:00:00,105287.24,106794.67,105031.6,106610.66,3944.17196
2025-06-03 16:00:00,106610.66,106666.67,105592.17,106238.81,2007.43502
2025-06-03 20:00:00,106238.81,106254.92,105266.02,105376.89,1547.36956
2025-06-04 00:00:00,105376.9,105839.63,105132.27,105519.27,1468.56182
2025-06-04 04:00:00,105519.26,105611.96,105250.0,105320.75,2243.32025
2025-06-04 08:00:00,105320.75,106000.0,105080.26,105084.36,3840.76425
2025-06-04 12:00:00,105084.36,105542.0,104179.0,105298.27,3906.47888
2025-06-04 16:00:00,105298.26,105483.14,104865.25,104913.52,1452.09412
2025-06-04 20:00:00,104913.52,105045.79,104407.16,104696.86,1123.6755
2025-06-05 00:00:00,104696.86,105240.84,104651.16,105047.15,1126.54275
2025-06-05 04:00:00,105047.15,105226.14,104380.0,104518.05,1593.6961
2025-06-05 08:00:00,104518.05,104920.0,104424.52,104827.8,1061.75675
2025-06-05 12:00:00,104827.79,105909.71,103900.0,104531.49,5067.78387
2025-06-05 16:00:00,104531.5,104598.87,101596.62,101914.77,6187.5316
2025-06-05 20:00:00,101914.76,102171.44,100372.26,101508.68,7284.19047
2025-06-06 00:00:00,101508.69,102520.0,101095.8,102493.3,2752.42188
2025-06-06 04:00:00,102493.3,103468.66,102387.38,103150.44,2278.64268
2025-06-06 08:00:00,103150.44,103991.45,103150.43,103927.99,2218.22642
2025-06-06 12:00:00,103927.99,105333.0,103513.7,105092.28,4660.37233
2025-06-06 16:00:00,105092.28,105284.0,104013.21,104219.8,2762.90707
2025-06-06 20:00:00,104219.8,104617.56,104167.98,104288.44,1166.50347
2025-06-07 00:00:00,104288.43,104910.77,103871.09,104871.58,1400.16428
2025-06-07 04:00:00,104871.59,105319.13,104643.62,104867.04,1309.06461
2025-06-07 08:00:00,104867.03,105264.0,104689.81,105150.01,1180.35371
2025-06-07 12:00:00,105150.01,105800.0,105150.0,105558.11,2197.72958
2025-06-07 16:00:00,105558.11,105884.46,105279.06,105725.91,1536.04392
2025-06-07 20:00:00,105725.91,105900.0,105534.88,105552.15,721.57596
2025-06-08 00:00:00,105552.15,105786.33,105394.03,105471.59,1084.68276
2025-06-08 04:00:00,105471.59,105653.13,105408.38,105426.45,623.06268
2025-06-08 08:00:00,105426.46,105720.94,104964.14,105686.71,1672.01298
2025-06-08 12:00:00,105686.71,106160.19,105520.25,105984.52,2200.98155
2025-06-08 16:00:00,105984.53,106360.0,105943.91,106289.99,1099.96633
2025-06-08 20:00:00,106289.99,106488.14,105545.71,105734.0,1367.35675
2025-06-09 00:00:00,105734.01,105966.33,105318.37,105659.13,1795.0497
2025-06-09 04:00:00,105659.14,105717.3,105319.0,105560.71,1470.33986
2025-06-09 08:00:00,105560.71,107806.0,105473.57,107759.21,4424.95656
2025-06-09 12:00:00,107759.21,108020.0,106860.0,107635.91,3544.41855
2025-06-09 16:00:00,107635.91,108767.24,107635.91,108564.72,2689.46607
2025-06-09 20:00:00,108565.86,110530.17,108456.08,110263.02,6051.14377
2025-06-10 00:00:00,110263.02,110311.82,109381.24,109568.02,2356.61975
2025-06-10 04:00:00,109568.03,109737.68,109095.67,109205.14,2317.07387
2025-06-10 08:00:00,109205.14,109851.8,109056.9,109541.28,2344.90457
2025-06-10 12:00:00,109541.93,109900.81,108331.03,109015.42,5247.00781
2025-06-10 16:00:00,109015.41,110400.0,108518.86,109526.3,2639.86004
2025-06-10 20:00:00,109526.3,110299.73,109239.68,110274.39,2166.36235
2025-06-11 00:00:00,110274.39,110274.4,109533.97,109722.95,1393.61311
2025-06-11 04:00:00,109722.95,109745.29,109373.67,109446.74,1000.47435
2025-06-11 08:00:00,109446.74,109675.69,109193.89,109252.09,1633.7552
2025-06-11 12:00:00,109252.1,110392.01,109008.82,109735.7,4399.26765
2025-06-11 16:00:00,109735.7,109815.84,108412.01,108742.37,2837.53217
2025-06-11 20:00:00,108742.37,109219.51,108064.0,108645.12,1851.2739
2025-06-12 00:00:00,108645.13,108813.55,107730.0,107860.05,3756.8345
2025-06-12 04:00:00,107860.04,107993.58,107320.0,107633.53,2337.6809
2025-06-12 08:00:00,107633.53,107835.83,106874.47,106900.95,1866.42836
2025-06-12 12:00:00,106900.95,107822.5,106600.0,107020.95,3201.2854
2025-06-12 16:00:00,107020.96,108450.16,106680.0,106788.8,2559.00784
2025-06-12 20:00:00,106789.8,106960.77,105671.72,105671.73,4057.43518
2025-06-13 00:00:00,105671.74,105694.0,102664.31,104277.22,11535.37443
2025-06-13 04:00:00,104277.22,104970.12,103782.75,104895.0,3355.01643
2025-06-13 08:00:00,104895.01,105434.34,104425.79,105039.48,3146.66203
2025-06-13 12:00:00,105039.48,105747.47,104118.0,105436.87,3901.15519
2025-06-13 16:00:00,105436.87,105981.0,104668.73,105110.0,2950.53869
2025-06-13 20:00:00,105110.01,106179.53,105020.87,106066.59,1292.07057
2025-06-14 00:00:00,106066.59,106252.0,105197.96,105228.82,3017.48753
2025-06-14 04:00:00,105228.83,105397.06,104792.98,105076.59,1002.68077
2025-06-14 08:00:00,105076.59,105132.36,104836.06,105082.01,786.7679
2025-06-14 12:00:00,105082.01,105131.25,104615.38,104841.3,1045.14048
2025-06-14 16:00:00,104841.29,105045.78,104359.08,104645.67,1687.29248
2025-06-14 20:00:00,104645.66,105480.0,104300.0,105414.64,1259.57053
2025-06-15 00:00:00,105414.63,105680.0,105264.75,105473.55,759.41728
2025-06-15 04:00:00,105473.54,106128.57,105200.0,105428.0,1381.52981
2025-06-15 08:00:00,105428.0,105482.4,104867.64,104970.51,1057.15319
2025-06-15 12:00:00,104970.51,105838.24,104955.48,105564.0,1245.40098
2025-06-15 16:00:00,105563.99,105777.09,105082.97,105294.19,975.97763
2025-06-15 20:00:00,105294.19,105617.82,104494.53,105594.01,1744.72158
2025-06-16 00:00:00,105594.02,105970.59,104980.37,105921.84,1680.0381
2025-06-16 04:00:00,105921.85,107262.31,105874.48,107061.8,2778.21159
2025-06-16 08:00:00,107061.8,107255.01,106582.25,106883.99,2148.92551
2025-06-16 12:00:00,106884.0,107784.26,106495.09,107424.96,2538.358
2025-06-16 16:00:00,107424.96,108888.0,107309.15,108652.0,2748.12533
2025-06-16 20:00:00,108652.01,108952.38,106700.0,106794.53,3029.00687
2025-06-17 00:00:00,106794.53,107771.34,106115.35,107590.41,3025.95246
2025-06-17 04:00:00,107590.41,107711.06,106481.6,106758.52,1696.95424
2025-06-17 08:00:00,106758.52,106822.78,105508.23,105641.47,2408.54535
2025-06-17 12:00:00,105641.48,105862.03,104130.95,104241.63,4308.26392
2025-06-17 16:00:00,104241.62,105336.82,103371.02,104686.12,4719.96669
2025-06-17 20:00:00,104686.12,104898.81,104203.85,104551.17,1706.64759
2025-06-18 00:00:00,104551.17,105240.0,104379.52,105184.84,1346.38636
2025-06-18 04:00:00,105184.84,105550.27,104713.24,104973.24,1758.92527
2025-06-18 08:00:00,104973.24,105310.62,104175.87,104840.59,1900.45623
2025-06-18 12:00:00,104840.58,105325.83,103814.04,104801.01,4024.47787
2025-06-18 16:00:00,104801.01,104836.64,103500.0,103808.41,3290.4773
2025-06-18 20:00:00,103808.41,105139.87,103652.0,104886.78,1647.91864
2025-06-19 00:00:00,104886.79,105226.17,104457.12,105100.02,1479.10507
2025-06-19 04:00:00,105100.01,105220.0,104617.69,104642.85,1132.25759
2025-06-19 08:00:00,104642.85,105073.53,104631.26,104776.23,949.58523
2025-06-19 12:00:00,104776.23,104917.05,104078.0,104096.93,1595.4989
2025-06-19 16:00:00,104096.94,104814.73,103929.27,104250.44,1624.22301
2025-06-19 20:00:00,104250.45,104898.31,104150.0,104658.59,897.93757
2025-06-20 00:00:00,104658.59,104820.0,104391.38,104596.63,1026.45735
2025-06-20 04:00:00,104596.64,105825.66,104238.02,105811.74,1878.07017
2025-06-20 08:00:00,105811.74,106524.65,105757.48,105977.82,2862.78664
2025-06-20 12:00:00,105977.82,106149.17,103888.0,104217.99,3668.86931
2025-06-20 16:00:00,104218.0,104269.64,102345.0,103307.22,5227.49835
2025-06-20 20:00:00,103307.21,103828.0,102963.67,103297.99,1755.38101
2025-06-21 00:00:00,103297.98,103691.67,103127.48,103495.87,750.73411
2025-06-21 04:00:00,103495.86,103599.04,103330.0,103458.5,686.61118
2025-06-21 08:00:00,103458.5,103982.64,103458.49,103874.64,1188.56205
2025-06-21 12:00:00,103874.63,103946.47,103281.82,103560.9,1449.27436
2025-06-21 16:00:00,103560.9,103640.0,102210.43,102245.1,2365.40427
2025-06-21 20:00:00,102245.11,102888.88,100837.9,102120.01,4713.62735
2025-06-22 00:00:00,102120.02,103399.62,101839.96,102375.4,4339.90882
2025-06-22 04:00:00,102375.4,102946.47,102256.01,102424.61,1481.73109
2025-06-22 08:00:00,102424.61,102804.05,102080.0,102739.48,1801.30685
2025-06-22 12:00:00,102739.47,102831.0,98889.35,98906.21,12422.58545
2025-06-22 16:00:00,98906.21,100380.0,98673.66,98882.84,4419.40202
2025-06-22 20:00:00,98882.85,101034.65,98200.0,100963.87,4281.47649
2025-06-23 00:00:00,100963.87,101620.0,100494.25,101154.14,2930.22354
2025-06-23 04:00:00,101154.13,102137.0,100980.0,101931.04,2509.06943
2025-06-23 08:00:00,101931.04,102080.0,101102.76,101289.01,2527.52051
2025-06-23 12:00:00,101289.0,102613.09,100792.16,101420.7,4451.665
2025-06-23 16:00:00,101420.71,103300.0,99613.33,103161.29,7496.3725
2025-06-23 20:00:00,103161.3,106074.2,102880.0,105333.93,7751.65511
2025-06-24 00:00:00,105333.94,105500.0,104720.82,104919.6,2882.14256
2025-06-24 04:00:00,104919.6,105811.0,104704.91,104933.74,3158.97987
2025-06-24 08:00:00,104933.74,105571.4,104622.02,105170.0,2216.8644
2025-06-24 12:00:00,105169.99,105731.92,104800.98,105244.73,2933.73072
2025-06-24 16:00:00,105244.72,106290.0,105172.64,105643.19,2366.40087
2025-06-24 20:00:00,105643.2,106119.11,105435.45,106083.0,1093.57493
2025-06-25 00:00:00,106083.0,106791.18,105808.03,106232.01,2385.0945
2025-06-25 04:00:00,106232.01,106702.0,106001.0,106600.01,1317.62334
2025-06-25 08:00:00,106600.0,107237.44,106343.13,107198.02,2272.81569
2025-06-25 12:00:00,107198.02,108135.3,106752.36,107028.0,7497.00314
2025-06-25 16:00:00,107027.99,107905.37,106931.0,107761.68,2109.69446
2025-06-25 20:00:00,107761.67,108000.0,107079.9,107340.58,1118.92438
2025-06-26 00:00:00,107340.59,108272.45,107105.43,107853.79,1896.83706
2025-06-26 04:00:00,107853.79,108085.92,107520.0,107813.99,1290.81871
2025-06-26 08:00:00,107813.99,108174.86,107117.65,107325.41,2010.44306
2025-06-26 12:00:00,107325.42,107765.55,106562.5,107313.6,2623.12904
2025-06-26 16:00:00,107313.61,107669.74,107009.28,107532.98,1252.6466
2025-06-26 20:00:00,107532.97,108000.0,106850.0,106947.06,1499.39832
2025-06-27 00:00:00,106947.06,107515.28,106438.33,107477.76,1472.30428
2025-06-27 04:00:00,107477.76,107735.34,106850.0,106869.71,1946.05962
2025-06-27 08:00:00,106869.72,107159.95,106679.98,106983.6,2318.07544
2025-06-27 12:00:00,106983.6,107407.14,106356.76,107308.25,3704.52866
2025-06-27 16:00:00,107308.25,107709.22,106446.45,106801.02,1987.48356
2025-06-27 20:00:00,106801.02,107277.99,106794.33,107047.59,803.98886
2025-06-28 00:00:00,107047.58,107347.1,106811.51,107300.13,775.04704
2025-06-28 04:00:00,107300.13,107496.12,107183.29,107485.0,497.62159
2025-06-28 08:00:00,107485.01,107493.07,107252.6,107373.39,416.2984
2025-06-28 12:00:00,107373.39,107577.75,107084.15,107449.28,714.87392
2025-06-28 16:00:00,107449.28,107542.5,107225.74,107225.74,499.08961
2025-06-28 20:00:00,107225.74,107378.37,107154.62,107296.79,379.24296
2025-06-29 00:00:00,107296.79,107500.0,107172.52,107210.78,534.03453
2025-06-29 04:00:00,107210.78,107402.18,107205.82,107402.18,340.57663
2025-06-29 08:00:00,107402.17,108484.0,107402.17,108477.11,1988.92767
2025-06-29 12:00:00,108477.12,108528.5,107650.0,107750.72,1320.45894
2025-06-29 16:00:00,107750.72,107792.05,107316.46,107406.81,1188.5295
2025-06-29 20:00:00,107406.8,108436.47,107250.0,108356.93,1459.20913
2025-06-30 00:00:00,108356.93,108789.99,108255.81,108503.74,1564.16827
2025-06-30 04:00:00,108503.74,108538.76,107481.31,107614.08,1581.27553
2025-06-30 08:00:00,107614.07,107964.33,107400.0,107654.2,1242.20442
2025-06-30 12:00:00,107654.21,107858.79,106733.33,107580.46,2980.03437
2025-06-30 16:00:00,107580.47,107807.94,107116.4,107745.97,1314.82691
2025-06-30 20:00:00,107745.97,107764.73,106900.02,107146.5,1071.61541
2025-07-01 00:00:00,107146.51,107540.0,107026.93,107192.38,973.46
2025-07-01 04:00:00,107192.39,107203.11,106615.97,107178.99,1267.97836
2025-07-01 08:00:00,107178.99,107178.99,106301.86,106605.8,1434.81634
2025-07-01 12:00:00,106605.79,107179.99,105623.39,105955.18,3974.69567
2025-07-01 16:00:00,105955.19,106287.95,105387.68,105398.53,1690.90273
2025-07-01 20:00:00,105398.52,106100.0,105250.85,105681.14,1163.77127
2025-07-02 00:00:00,105681.13,106216.08,105100.19,106194.7,1453.64233
2025-07-02 04:00:00,106194.7,107186.78,106131.55,107080.0,1903.51108
2025-07-02 08:00:00,107080.0,107860.23,107080.0,107479.99,2147.6808
2025-07-02 12:00:00,107479.98,108759.2,107186.1,108737.74,3227.14121
2025-07-02 16:00:00,108737.75,109730.0,108650.97,109676.14,5656.10907
2025-07-02 20:00:00,109676.14,109676.14,108720.0,108849.6,3303.81143
2025-07-03 00:00:00,108849.59,109115.03,108530.4,108628.21,1439.99562
2025-07-03 04:00:00,108628.2,109548.0,108566.14,109280.0,1560.58968
2025-07-03 08:00:00,109279.99,110273.21,109279.99,109599.19,3249.5488
2025-07-03 12:00:00,109599.18,110529.18,108749.99,109127.84,4201.7259
2025-07-03 16:00:00,109127.85,109910.1,109020.8,109803.41,1688.44383
2025-07-03 20:00:00,109803.41,110000.0,109510.0,109584.78,906.77842
2025-07-04 00:00:00,109584.77,109767.59,109103.71,109235.57,1002.72236
2025-07-04 04:00:00,109235.58,109329.6,108700.0,108700.0,1609.06105
2025-07-04 08:00:00,108700.0,109111.0,108518.83,108888.0,1086.39121
2025-07-04 12:00:00,108888.0,108978.64,107505.0,107573.29,3616.08946
2025-07-04 16:00:00,107573.29,107922.5,107245.0,107469.23,3431.70312
2025-07-04 20:00:00,107469.22,108279.33,107440.63,107984.24,1047.89895
2025-07-05 00:00:00,107984.25,108259.99,107756.31,108154.72,766.63785
2025-07-05 04:00:00,108154.72,108420.56,108000.0,108053.46,660.13042
2025-07-05 08:00:00,108053.46,108219.19,107870.42,108112.21,675.37974
2025-07-05 12:00:00,108112.2,108232.29,107971.0,108058.0,564.4708
2025-07-05 16:00:00,108058.0,108167.23,107864.75,108141.78,586.1961
2025-07-05 20:00:00,108141.78,108250.0,107993.39,108198.12,484.16079
2025-07-06 00:00:00,108198.12,108268.35,108025.97,108050.49,397.25464
2025-07-06 04:00:00,108050.49,108218.0,107930.45,108040.31,497.89684
2025-07-06 08:00:00,108040.31,108111.0,107800.01,108076.01,740.99603
2025-07-06 12:00:00,108076.0,109127.03,108045.76,108905.99,2193.35606
2025-07-06 16:00:00,108906.0,108966.62,108266.67,108538.46,922.00834
2025-07-06 20:00:00,108538.45,109700.0,108536.86,109203.84,1696.09509
2025-07-07 00:00:00,109203.85,109700.0,108679.75,109389.47,1313.66179
2025-07-07 04:00:00,109389.46,109447.54,108654.94,109061.08,1068.89272
2025-07-07 08:00:00,109061.07,109087.86,108572.52,108642.01,1793.43934
2025-07-07 12:00:00,108642.01,108660.0,107970.0,108292.59,2516.39623
2025-07-07 16:00:00,108292.59,108493.56,107513.2,108056.68,1826.11433
2025-07-07 20:00:00,108056.67,108300.0,107800.01,108262.94,886.8716
2025-07-08 00:00:00,108262.94,108525.0,107429.57,107901.52,2011.55999
2025-07-08 04:00:00,107901.52,108499.0,107750.0,108484.61,1010.06569
2025-07-08 08:00:00,108484.61,109005.0,108229.15,108756.37,1314.23794
2025-07-08 12:00:00,108756.37,109216.56,108217.07,108268.35,1848.45054
2025-07-08 16:00:00,108268.35,109147.56,108096.55,108771.88,2426.90745
2025-07-08 20:00:00,108771.87,108974.0,108624.0,108922.98,604.79919
2025-07-09 00:00:00,108922.99,109136.0,108348.0,108376.41,994.80226
2025-07-09 04:00:00,108376.41,108942.2,108324.53,108714.39,1001.59915
2025-07-09 08:00:00,108714.39,109117.0,108553.18,109058.27,1275.99616
2025-07-09 12:00:00,109058.27,109769.39,108503.0,109071.32,4108.39131
2025-07-09 16:00:00,109071.32,111999.79,109047.49,111750.0,6338.57455
2025-07-09 20:00:00,111749.99,111952.33,110559.4,111233.99,3562.92307
2025-07-10 00:00:00,111234.0,111581.0,110880.0,111074.51,1687.73466
2025-07-10 04:00:00,111074.52,111432.46,110898.0,111230.0,1667.11413
2025-07-10 08:00:00,111229.99,111398.96,110870.33,111019.99,1407.79297
2025-07-10 12:00:00,111019.99,111408.41,110500.0,111408.4,2221.21737
2025-07-10 16:00:00,111408.4,113788.23,111322.32,113301.81,7461.037691
2025-07-10 20:00:00,113301.8,116868.0,113270.98,116010.0,10438.553844
2025-07-11 00:00:00,116010.01,116950.0,115222.22,116881.7,4456.671301
2025-07-11 04:00:00,116881.69,118404.22,116500.0,117526.88,7940.173377
2025-07-11 08:00:00,117526.88,118869.98,117526.88,117821.91,4664.06161
2025-07-11 12:00:00,117821.91,118259.24,116724.66,116902.59,4711.37408
2025-07-11 16:00:00,116902.58,118138.75,116604.87,118108.81,2754.72647
2025-07-11 20:00:00,118108.81,118108.81,117146.8,117527.66,1346.51431
2025-07-12 00:00:00,117527.66,117847.66,117141.13,117774.42,1268.81982
2025-07-12 04:00:00,117774.42,118054.79,117506.37,117731.99,1157.69575
2025-07-12 08:00:00,117731.99,118200.0,117625.0,117810.0,1459.36466
2025-07-12 12:00:00,117810.0,117861.19,116900.05,117100.01,2887.39027
2025-07-12 16:00:00,117100.0,117639.98,117045.86,117550.96,961.54328
2025-07-12 20:00:00,117550.96,117563.75,117000.01,117420.0,711.79059
2025-07-13 00:00:00,117420.0,117824.76,117224.79,117753.6,696.41148
2025-07-13 04:00:00,117753.59,118054.79,117684.22,117999.0,867.97982
2025-07-13 08:00:00,117998.99,118086.66,117689.63,118072.01,685.44893
2025-07-13 12:00:00,118072.01,119376.0,117989.53,118672.24,3891.104317
2025-07-13 16:00:00,118672.23,119488.0,118382.56,118961.08,1749.40157
2025-07-13 20:00:00,118961.09,119367.37,118243.68,119086.64,1660.44683
2025-07-14 00:00:00,119086.65,121492.48,118905.18,120750.24,5418.532886
2025-07-14 04:00:00,120750.25,123218.0,120557.63,122736.04,6981.800221
2025-07-14 08:00:00,122736.04,122769.19,121355.55,121467.24,3279.33527
2025-07-14 12:00:00,121467.23,122120.0,119611.7,119878.23,6047.71252
2025-07-14 16:00:00,119878.22,120526.03,119202.0,119939.41,4127.24496
2025-07-14 20:00:00,119939.42,120447.0,119522.72,119841.18,1414.72302
2025-07-15 00:00:00,119841.17,119940.83,116840.01,117148.47,6623.40172
2025-07-15 04:00:00,117148.46,117765.4,116250.0,116779.12,5478.80575
2025-07-15 08:00:00,116779.13,117224.08,116300.0,117113.98,3612.34292
2025-07-15 12:00:00,117113.98,118490.71,115736.92,116391.43,8662.27705
2025-07-15 16:00:00,116391.43,117800.6,116019.05,116416.07,5395.39361
2025-07-15 20:00:00,116416.07,117972.86,116192.27,117758.09,2246.23978
2025-07-16 00:00:00,117758.08,118195.0,117017.29,117482.67,2060.70862
2025-07-16 04:00:00,117482.67,118300.0,117275.63,118189.25,1653.72862
2025-07-16 08:00:00,118189.24,119310.75,118113.82,118769.06,2658.37376
2025-07-16 12:00:00,118769.06,119794.8,118181.14,119095.76,4851.16642
2025-07-16 16:00:00,119095.76,119904.13,118471.38,119230.16,2877.33424
2025-07-16 20:00:00,119230.16,120063.84,118420.0,118630.43,2938.59685
2025-07-17 00:00:00,118630.44,119158.28,117683.53,118128.8,2234.06203
2025-07-17 04:00:00,118128.8,118772.0,117857.03,118311.75,2080.63383
2025-07-17 08:00:00,118311.75,119192.0,117974.99,117995.0,2041.88316
2025-07-17 12:00:00,117995.0,119073.46,117453.57,118881.99,3175.79483
2025-07-17 16:00:00,118881.99,119880.13,118333.6,118959.66,2433.94045
2025-07-17 20:00:00,118959.66,120998.71,118383.97,119177.56,3762.26221
2025-07-18 00:00:00,119177.56,120785.49,119020.48,120223.09,2672.86935
2025-07-18 04:00:00,120223.08,120820.71,119287.72,119339.51,3649.17934
2025-07-18 08:00:00,119339.51,119469.21,118395.0,119171.34,3814.49483
2025-07-18 12:00:00,119171.35,119531.48,117315.69,117860.25,5020.77844
2025-07-18 16:00:00,117860.24,118054.92,117120.53,117374.76,2564.58563
2025-07-18 20:00:00,117374.75,118021.62,116812.76,117924.84,2202.75507
2025-07-19 00:00:00,117924.84,118371.42,117613.35,118322.54,1323.00452
2025-07-19 04:00:00,118322.53,118364.0,118044.19,118163.06,828.72543
2025-07-19 08:00:00,118163.07,118499.9,117943.25,118327.06,1123.42732
2025-07-19 12:00:00,118327.05,118327.06,117627.71,118058.11,1656.6673
2025-07-19 16:00:00,118058.1,118161.51,117605.26,118007.88,780.27633
2025-07-19 20:00:00,118007.88,118141.0,117277.34,117840.0,923.70216
2025-07-20 00:00:00,117840.01,118165.38,117650.0,117958.01,1216.03617
2025-07-20 04:00:00,117958.0,118218.0,117760.67,118029.49,940.72723
2025-07-20 08:00:00,118029.49,118277.17,117819.88,117878.46,1800.2823
2025-07-20 12:00:00,117878.46,118799.8,117723.23,118671.11,3280.10469
2025-07-20 16:00:00,118671.12,118856.8,117960.0,118155.01,2119.12806
2025-07-20 20:00:00,118155.0,118263.0,116467.02,117265.12,3606.65044
2025-07-21 00:00:00,117265.11,118614.7,116515.0,118404.0,2794.62163
2025-07-21 04:00:00,118404.01,119676.73,118188.95,119362.67,2783.66639
2025-07-21 08:00:00,119364.18,119500.0,118070.16,118070.17,2511.88984
2025-07-21 12:00:00,118070.17,119233.71,117778.7,118313.16,3505.38294
2025-07-21 16:00:00,118313.16,118399.1,116666.0,116767.67,3816.98929
2025-07-21 20:00:00,116767.67,117633.66,116656.88,117380.36,1694.78119
2025-07-22 00:00:00,117380.36,117950.0,116128.0,117210.0,3707.46413
2025-07-22 04:00:00,117210.0,118594.55,116552.18,117983.68,4279.84175
2025-07-22 08:00:00,117983.69,119188.3,117488.19,119154.99,3376.79135
2025-07-22 12:00:00,119154.99,119573.53,117550.0,118912.04,4597.23931
2025-07-22 16:00:00,118912.04,120183.96,118368.19,119282.1,3067.62854
2025-07-22 20:00:00,119282.11,120247.8,119203.2,119954.42,1930.16465
2025-07-23 00:00:00,119954.43,120090.0,118532.96,118614.17,2068.11927
2025-07-23 04:00:00,118614.16,119006.05,118288.2,118350.35,1564.23355
2025-07-23 08:00:00,118350.35,118619.79,117844.24,118538.46,1801.10341
2025-07-23 12:00:00,118538.46,118708.24,117301.0,118567.39,4037.18842
2025-07-23 16:00:00,118567.39,118567.39,117331.63,118393.64,2651.82367
2025-07-23 20:00:00,118393.64,118756.0,117381.8,118755.99,2436.28251
2025-07-24 00:00:00,118756.0,119273.36,118466.71,118488.92,1878.28334
2025-07-24 04:00:00,118488.92,118610.25,117103.1,118416.21,3786.93245
2025-07-24 08:00:00,118416.21,118814.47,117955.59,118600.0,2404.15809
2025-07-24 12:00:00,118600.0,119450.0,117832.32,119092.65,4139.29216
2025-07-24 16:00:00,119092.65,119395.81,118350.0,118943.42,2166.82662
2025-07-24 20:00:00,118943.42,119010.64,118166.94,118340.99,1431.39777
2025-07-25 00:00:00,118340.98,118451.57,115330.86,115419.66,11127.20493
2025-07-25 04:00:00,115419.65,116144.63,114723.16,115320.01,8835.25163
2025-07-25 08:00:00,115320.01,116782.13,115008.85,116543.58,7216.21136
2025-07-25 12:00:00,116543.59,116656.99,114908.0,115727.08,6361.79335
2025-07-25 16:00:00,115727.07,116997.21,115455.46,116688.6,3089.40882
2025-07-25 20:00:00,116688.6,117630.0,116578.02,117614.31,1776.47864
2025-07-26 00:00:00,117614.31,117750.0,117138.38,117489.62,1222.24277
2025-07-26 04:00:00,117489.61,117547.92,117304.46,117304.47,1006.48005
2025-07-26 08:00:00,117304.47,118217.45,117304.46,117776.11,1549.30958
2025-07-26 12:00:00,117776.1,118220.0,117772.13,118130.1,1303.59734
2025-07-26 16:00:00,118130.1,118297.35,117941.96,118232.11,1051.39337
2025-07-26 20:00:00,118232.11,118276.66,117883.86,117919.99,858.64895
2025-07-27 00:00:00,117919.99,118358.18,117825.5,118182.83,1007.50696
2025-07-27 04:00:00,118182.83,118438.83,118066.74,118095.95,808.21213
2025-07-27 08:00:00,118095.95,118292.86,117859.98,118072.71,835.9696
2025-07-27 12:00:00,118072.71,118588.0,117890.0,118585.74,1586.05165
2025-07-27 16:00:00,118585.75,119540.01,118585.75,118960.0,3418.37234
2025-07-27 20:00:00,118960.01,119766.65,118713.74,119415.55,1672.19651
2025-07-28 00:00:00,119415.56,119800.0,118960.5,119287.99,1824.53168
2025-07-28 04:00:00,119287.99,119701.07,118774.31,118900.0,2360.0622
2025-07-28 08:00:00,118900.01,119102.69,118475.47,118827.49,2060.1822
2025-07-28 12:00:00,118827.49,119093.68,117895.73,118174.9,3792.61028
2025-07-28 16:00:00,118174.89,118376.61,117427.5,118068.73,2575.55527
2025-07-28 20:00:00,118068.73,118350.01,117500.09,118062.32,1348.80591
2025-07-29 00:00:00,118062.32,118800.0,117450.0,118764.85,2242.87768
2025-07-29 04:00:00,118764.85,119273.36,118416.66,118882.37,2579.99271
2025-07-29 08:00:00,118882.37,119051.0,118160.87,118592.38,1962.95351
2025-07-29 12:00:00,118592.38,119080.81,117272.0,117400.01,4173.95638
2025-07-29 16:00:00,117400.02,118057.05,116950.75,117525.29,2441.06334
2025-07-29 20:00:00,117525.28,118000.0,117094.96,117950.76,1737.09083
2025-07-30 00:00:00,117950.75,118250.0,117412.53,118161.87,1226.38506
2025-07-30 04:00:00,118161.86,118412.11,117667.33,118123.01,1232.08963
2025-07-30 08:00:00,118123.0,118481.81,117358.84,117579.99,2228.01795
2025-07-30 12:00:00,117579.99,118792.0,117358.84,118000.01,3794.91612
2025-07-30 16:00:00,118000.01,118037.18,115796.23,116916.73,5721.15052
2025-07-30 20:00:00,116916.73,117908.4,116880.64,117840.3,1384.17703
2025-07-31 00:00:00,117840.29,118600.0,117781.87,118466.14,2307.57332
2025-07-31 04:00:00,118466.15,118922.45,118287.63,118665.97,1907.96734
2025-07-31 08:00:00,118665.98,118770.07,118278.91,118371.25,1290.20631
2025-07-31 12:00:00,118371.25,118702.1,117807.35,118306.18,3457.28095
2025-07-31 16:00:00,118306.18,118879.14,116763.43,116785.79,4228.22018
2025-07-31 20:00:00,116785.78,116990.04,115500.0,115764.08,3818.7592
2025-08-01 00:00:00,115764.07,116052.0,114313.13,115648.03,5440.32571
2025-08-01 04:00:00,115648.03,115916.43,114633.18,115081.77,2952.50734
2025-08-01 08:00:00,115081.76,115340.0,114116.0,115305.65,3338.52917
2025-08-01 12:00:00,115305.64,116019.3,113988.47,115357.82,5325.96286
2025-08-01 16:00:00,115357.82,115695.52,113221.93,113328.68,4135.47502
2025-08-01 20:00:00,113328.67,114094.08,112722.58,113297.93,3294.30196
2025-08-02 00:00:00,113297.92,113921.94,113198.63,113909.86,1422.97261
2025-08-02 04:00:00,113909.87,114063.49,113469.43,113982.49,1674.39001
2025-08-02 08:00:00,113982.49,114040.29,113425.58,113787.12,1135.36227
2025-08-02 12:00:00,113787.11,113787.12,112802.31,112840.71,1922.72871
2025-08-02 16:00:00,112840.7,113420.0,112003.0,112229.42,3414.70659
2025-08-02 20:00:00,112229.42,113058.82,112069.86,112546.35,1937.17409
2025-08-03 00:00:00,112546.35,113740.69,111920.0,113604.2,2106.5441
2025-08-03 04:00:00,113604.2,113720.16,113341.06,113700.0,764.27697
2025-08-03 08:00:00,113700.0,114260.31,113551.0,113862.18,1260.20877
2025-08-03 12:00:00,113862.19,114098.45,113579.69,113959.06,1131.56686
2025-08-03 16:00:00,113959.06,114799.97,113775.55,114313.19,1254.96509
2025-08-03 20:00:00,114313.19,114612.24,114066.56,114208.8,880.19867
2025-08-04 00:00:00,114208.81,115000.0,114107.6,114570.61,1525.00586
2025-08-04 04:00:00,114570.61,114778.5,114148.58,114652.97,1221.27307
2025-08-04 08:00:00,114652.98,114750.0,114217.97,114493.09,1188.64494
2025-08-04 12:00:00,114493.09,115466.0,114121.0,114826.0,2885.46126
2025-08-04 16:00:00,114826.01,115720.0,114732.65,114777.62,1843.11618
2025-08-04 20:00:00,114777.62,115340.0,114616.33,115055.03,1004.17785
2025-08-05 00:00:00,115055.03,115127.81,114256.85,114256.85,1398.92395
2025-08-05 04:00:00,114256.85,114500.66,113725.72,113969.7,2125.54323
2025-08-05 08:00:00,113969.7,115096.73,113928.87,114827.07,1593.56232
2025-08-05 12:00:00,114827.07,114893.13,112650.0,112934.0,4590.4684
2025-08-05 16:00:00,112934.0,113763.27,112815.68,113616.52,1434.52074
2025-08-05 20:00:00,113616.51,114228.88,113304.0,114129.75,899.77214
2025-08-06 00:00:00,114129.75,114139.38,113400.0,113509.97,1061.53764
2025-08-06 04:00:00,113509.98,114417.02,113355.13,114227.91,1437.03071
2025-08-06 08:00:00,114227.9,114404.23,113727.57,114226.69,1280.29764
2025-08-06 12:00:00,114226.68,115515.09,113579.9,115413.87,3509.68013
2025-08-06 16:00:00,115413.87,115716.0,114942.18,115259.99,1727.95909
2025-08-06 20:00:00,115260.0,115260.0,114793.01,114992.27,744.64797
2025-08-07 00:00:00,114992.27,115185.58,114404.22,114546.03,1192.91433
2025-08-07 04:00:00,114546.03,114876.79,114259.0,114787.99,1290.96115
2025-08-07 08:00:00,114787.99,116828.93,114787.98,116519.53,3698.10885
2025-08-07 12:00:00,116519.54,116791.11,116035.84,116689.81,2746.73177
2025-08-07 16:00:00,116689.8,117520.0,115632.31,117461.98,2735.62556
2025-08-07 20:00:00,117461.99,117621.0,117012.0,117472.01,1804.22097
2025-08-08 00:00:00,117472.02,117630.0,116694.28,116737.35,2393.91974
2025-08-08 04:00:00,116737.34,116973.3,116401.0,116817.19,1456.27491
2025-08-08 08:00:00,116817.2,116914.6,116317.08,116891.51,1108.98011
2025-08-08 12:00:00,116891.51,117271.73,115878.71,116207.69,2540.81848
2025-08-08 16:00:00,116207.7,116900.0,116006.14,116453.41,1690.79713
2025-08-08 20:00:00,116453.41,116980.0,116319.06,116674.74,854.52241
2025-08-09 00:00:00,116674.74,116750.0,116299.13,116384.01,971.89236
2025-08-09 04:00:00,116384.01,116980.0,116339.45,116756.01,2021.01259
2025-08-09 08:00:00,116756.0,117944.05,116756.0,117110.0,2353.3714
2025-08-09 12:00:00,117110.0,117238.04,116700.01,116892.47,1382.66437
2025-08-09 16:00:00,116892.48,116947.16,116500.0,116535.69,1202.78039
2025-08-09 20:00:00,116535.68,117021.16,116359.89,116462.25,1582.41033
2025-08-10 00:00:00,116462.25,118500.0,116460.63,118500.0,3892.68324
2025-08-10 04:00:00,118500.0,118741.77,117466.34,117808.3,2444.0838
2025-08-10 08:00:00,117808.29,118500.0,117608.01,118330.58,1506.32503
2025-08-10 12:00:00,118330.58,119113.94,118232.0,118815.0,2809.2276
2025-08-10 16:00:00,118815.0,118944.24,118433.8,118663.08,995.85812
2025-08-10 20:00:00,118663.09,119311.11,118074.99,119294.01,2674.59294
2025-08-11 00:00:00,119294.27,122164.07,118972.59,121728.99,7626.19257
2025-08-11 04:00:00,121729.0,122335.16,121466.08,121537.15,4279.8879
2025-08-11 08:00:00,121537.14,121823.0,120286.4,120561.54,4216.26732
2025-08-11 12:00:00,120561.53,120667.54,119382.91,120314.4,5236.26223
2025-08-11 16:00:00,120314.4,120794.05,118604.17,119089.3,2812.92272
2025-08-11 20:00:00,119089.3,119172.63,118050.11,118686.0,2322.80155
2025-08-12 00:00:00,118686.0,119275.46,118593.39,118857.7,1894.63528
2025-08-12 04:00:00,118857.7,119158.06,118424.86,118986.72,3135.38397
2025-08-12 08:00:00,118986.73,119058.43,118207.47,118522.22,2346.379
2025-08-12 12:00:00,118522.22,119960.0,118285.0,119933.0,4914.05441
2025-08-12 16:00:00,119933.0,120192.1,119172.62,119665.27,2309.07117
2025-08-12 20:00:00,119665.27,120324.43,119485.84,120134.08,2120.5851
2025-08-13 00:00:00,120134.09,120192.1,119094.28,119482.01,2361.00135
2025-08-13 04:00:00,119482.01,119820.18,118920.92,119580.4,2324.10298
2025-08-13 08:00:00,119580.4,120732.94,119446.22,120570.41,3213.18528
2025-08-13 12:00:00,120570.41,122200.0,120106.02,120920.62,7228.67197
2025-08-13 16:00:00,120920.61,122839.47,120920.61,122744.21,4167.90157
2025-08-13 20:00:00,122744.22,123667.79,122298.2,123306.43,3915.20787
2025-08-14 00:00:00,123306.44,124474.0,123250.5,123337.14,3481.676316
2025-08-14 04:00:00,123337.14,123428.6,121313.86,121725.31,3755.65744
2025-08-14 08:00:00,121725.31,122045.9,120694.0,120949.67,3456.28874
2025-08-14 12:00:00,120949.66,121183.06,117632.0,118257.25,11617.06761
2025-08-14 16:00:00,118257.26,118535.0,117180.0,117945.92,3545.40524
2025-08-14 20:00:00,117945.92,118516.81,117302.33,118295.09,2124.85224
2025-08-15 00:00:00,118295.09,119077.71,118032.32,118968.91,1883.55436
2025-08-15 04:00:00,118968.91,119216.82,118629.58,118956.45,1732.90691
2025-08-15 08:00:00,118956.45,119144.5,118600.0,119006.01,1129.82607
2025-08-15 12:00:00,119006.01,119130.77,116827.29,117275.22,5128.8936
2025-08-15 16:00:00,117275.23,117882.35,116803.99,116936.27,2393.46089
2025-08-15 20:00:00,116936.28,117761.88,116862.5,117342.05,1354.69691
2025-08-16 00:00:00,117342.04,117898.99,117231.14,117429.63,1420.5255
2025-08-16 04:00:00,117429.63,117884.0,117278.0,117596.07,925.25596
2025-08-16 08:00:00,117596.07,117703.92,117143.98,117378.52,1206.0413
2025-08-16 12:00:00,117378.52,117825.0,117327.63,117676.7,1191.50027
2025-08-16 16:00:00,117676.7,117817.65,117629.94,117672.12,817.42683
2025-08-16 20:00:00,117672.13,117713.51,117219.34,117380.66,832.93131
2025-08-17 00:00:00,117380.66,117771.37,117172.21,117684.95,770.53091
2025-08-17 04:00:00,117684.96,118230.82,117684.95,118005.98,1109.68335
2025-08-17 08:00:00,118005.98,118484.0,117922.0,118308.01,1007.67549
2025-08-17 12:00:00,118308.0,118575.0,118059.12,118246.16,974.27271
2025-08-17 16:00:00,118246.15,118316.01,117321.53,117570.07,1326.17558
2025-08-17 20:00:00,117570.07,117995.37,117371.65,117405.01,710.30388
2025-08-18 00:00:00,117405.01,117543.75,115000.0,115319.0,5801.42298
2025-08-18 04:00:00,115319.0,115712.49,114878.71,115205.98,3433.42415
2025-08-18 08:00:00,115205.99,115402.51,114640.14,114947.27,2793.98984
2025-08-18 12:00:00,114947.27,116186.97,114825.0,116145.34,2772.17945
2025-08-18 16:00:00,116145.34,116800.0,115818.86,116313.99,1731.37273
2025-08-18 20:00:00,116314.0,116980.0,115980.32,116227.05,1213.55039
2025-08-19 00:00:00,116227.05,116725.69,114787.23,114810.0,2390.89748
2025-08-19 04:00:00,114810.01,115483.24,114366.0,114978.14,2499.12321
2025-08-19 08:00:00,114978.15,115650.0,114804.0,115508.71,1471.04277
2025-08-19 12:00:00,115508.71,115875.84,113587.68,113786.38,5294.46316
2025-08-19 16:00:00,113786.39,113897.58,112767.06,113132.48,3784.35052
2025-08-19 20:00:00,113132.49,113589.48,112732.58,112872.94,2625.5971
2025-08-20 00:00:00,112872.95,113636.13,112566.01,113525.91,3116.70576
2025-08-20 04:00:00,113525.9,113837.93,113432.0,113490.13,1367.41482
2025-08-20 08:00:00,113490.14,114016.77,113060.08,113666.68,2352.50644
2025-08-20 12:00:00,113666.69,114326.35,112380.0,113353.94,4605.43198
2025-08-20 16:00:00,113353.94,114444.0,113264.01,114276.66,2624.00614
2025-08-20 20:00:00,114276.66,114615.38,114000.0,114271.24,1570.2768
2025-08-21 00:00:00,114271.23,114821.76,113906.01,113954.62,1626.72781
2025-08-21 04:00:00,113954.62,114033.84,113582.43,113896.03,1612.36321
2025-08-21 08:00:00,113896.03,113990.0,113000.0,113148.66,1509.65106
2025-08-21 12:00:00,113148.65,113995.11,112608.64,112792.08,2521.11028
2025-08-21 16:00:00,112792.08,112969.47,112015.67,112193.71,2468.80417
2025-08-21 20:00:00,112193.71,112870.94,112067.46,112500.0,1101.03582
2025-08-22 00:00:00,112500.0,113525.0,112335.6,112929.24,1610.19525
2025-08-22 04:00:00,112929.24,113394.76,112708.81,113094.83,1656.2572
2025-08-22 08:00:00,113094.83,113319.3,112177.27,112320.0,1932.43574
2025-08-22 12:00:00,112320.01,117296.12,111684.79,116370.75,11505.26127
2025-08-22 16:00:00,116370.75,117429.05,116116.0,116655.79,4307.94644
2025-08-22 20:00:00,116655.79,117174.43,116550.96,116935.99,2115.99447
2025-08-23 00:00:00,116936.0,117030.0,115458.2,115568.77,2647.58419
2025-08-23 04:00:00,115568.77,116034.53,115551.2,115799.47,2258.18362
2025-08-23 08:00:00,115799.46,115861.8,115223.43,115310.13,1313.89391
2025-08-23 12:00:00,115310.13,115486.97,114560.0,114812.87,3027.56166
2025-08-23 16:00:00,114812.88,115190.74,114684.11,115133.91,1105.55067
2025-08-23 20:00:00,115133.92,115454.12,115001.88,115438.05,976.58792
2025-08-24 00:00:00,115438.06,115666.68,114934.21,115036.0,1995.92433
2025-08-24 04:00:00,115036.01,115283.21,114846.14,114888.19,1715.6873
2025-08-24 08:00:00,114888.19,115060.99,114600.0,114730.22,2223.47925
2025-08-24 12:00:00,114730.22,114869.41,114350.57,114400.0,2662.01905
2025-08-24 16:00:00,114400.01,114917.1,110680.0,112600.0,8322.01988
2025-08-24 20:00:00,112600.0,113692.97,111632.85,113493.59,4256.85481
2025-08-25 00:00:00,113493.59,113667.28,112159.0,112916.84,2384.9729
2025-08-25 04:00:00,112916.84,113059.52,111284.05,111511.55,4054.02521
2025-08-25 08:00:00,111511.56,111850.13,110929.48,111214.97,4028.25788
2025-08-25 12:00:00,111214.97,112580.0,110588.0,112200.64,4593.3206
2025-08-25 16:00:00,112200.65,112937.26,110655.01,110716.13,3109.40411
2025-08-25 20:00:00,110716.13,111092.54,109274.1,110111.98,7012.81309
2025-08-26 00:00:00,110111.98,110111.98,108666.66,109879.56,4155.39206
2025-08-26 04:00:00,109879.57,110547.31,109765.93,110303.2,1910.05232
2025-08-26 08:00:00,110303.2,110455.13,109570.34,109876.52,1852.10166
2025-08-26 12:00:00,109876.53,110818.6,109393.93,109666.33,4559.68511
2025-08-26 16:00:00,109666.34,111162.59,109450.0,111116.03,3548.51055
2025-08-26 20:00:00,111116.03,112371.0,110918.26,111763.22,2426.69707
2025-08-27 00:00:00,111763.22,111825.16,110918.26,111418.15,2172.27313
2025-08-27 04:00:00,111418.15,111737.26,110622.5,110725.18,1809.80294
2025-08-27 08:00:00,110725.19,111374.45,110345.42,111322.07,1594.26753
2025-08-27 12:00:00,111322.07,112625.0,111019.02,112000.0,3310.1006
2025-08-27 16:00:00,111999.99,112600.0,111541.23,112080.69,1902.42552
2025-08-27 20:00:00,112080.68,112452.05,110921.79,111262.01,2603.73903
2025-08-28 00:00:00,111262.01,112042.04,110862.42,112000.01,1203.77782
2025-08-28 04:00:00,112000.0,113360.0,111945.07,113114.11,2481.91862
2025-08-28 08:00:00,113114.11,113351.51,112826.22,112909.18,1419.04336
2025-08-28 12:00:00,112909.18,113485.9,112391.56,112678.53,3088.9335
2025-08-28 16:00:00,112678.53,113186.56,111901.35,111901.36,1813.29699
2025-08-28 20:00:00,111901.36,112575.98,111872.06,112566.9,1097.30715
2025-08-29 00:00:00,112566.9,112638.64,111302.27,111704.23,2123.00621
2025-08-29 04:00:00,111704.24,111850.56,109899.99,110019.38,4260.9718
2025-08-29 08:00:00,110019.38,110270.3,109414.18,110098.81,2848.31026
2025-08-29 12:00:00,110098.81,111517.07,108103.0,108386.23,7729.2804
2025-08-29 16:00:00,108386.23,108832.0,107934.24,108212.01,2605.64538
2025-08-29 20:00:00,108212.01,108549.99,107463.9,108377.4,3013.0964
2025-08-30 00:00:00,108377.4,108436.21,107350.1,108436.2,3244.13736
2025-08-30 04:00:00,108436.21,108697.28,108120.0,108524.26,3052.32523
2025-08-30 08:00:00,108524.26,108777.43,108400.0,108680.01,1416.9539
2025-08-30 12:00:00,108680.01,108926.15,108190.52,108869.98,1540.53972
2025-08-30 16:00:00,108869.98,108900.0,108625.46,108828.33,677.58629
2025-08-30 20:00:00,108828.32,108838.27,108468.77,108816.33,776.84909
2025-08-31 00:00:00,108816.33,109480.02,108801.35,109223.84,1756.83146
2025-08-31 04:00:00,109223.84,109231.41,108523.49,108708.26,1177.25929
2025-08-31 08:00:00,108708.25,109100.0,108303.21,108389.76,1590.89462
2025-08-31 12:00:00,108389.77,108858.43,108191.29,108818.69,2441.88905
2025-08-31 16:00:00,108818.69,109237.51,108555.0,108930.0,1232.50315
2025-08-31 20:00:00,108930.0,109230.0,108076.93,108246.35,1290.13839
2025-09-01 00:00:00,108246.36,108482.98,107393.0,107660.01,3206.34097
2025-09-01 04:00:00,107660.0,109432.99,107255.0,109432.99,2904.1728
2025-09-01 08:00:00,109432.99,109912.4,108186.41,108782.88,3111.29125
2025-09-01 12:00:00,108782.89,109520.0,108566.0,108784.33,2266.34513
2025-09-01 16:00:00,108784.33,109329.65,108391.3,109217.64,1553.15049
2025-09-01 20:00:00,109217.65,109442.95,107459.49,109237.42,3012.30155
2025-09-02 00:00:00,109237.43,110623.97,108883.8,110322.18,3166.02008
2025-09-02 04:00:00,110322.19,110610.5,110000.0,110233.92,1952.71608
2025-09-02 08:00:00,110233.91,110711.1,109563.87,109733.34,2462.01591
2025-09-02 12:00:00,109733.33,111771.52,108393.39,110829.17,6768.89317
2025-09-02 16:00:00,110829.16,111119.58,110200.0,110806.0,2585.23037
2025-09-02 20:00:00,110806.01,111538.17,110716.77,111240.01,1575.41195
2025-09-03 00:00:00,111240.01,111782.21,110892.14,111054.01,2263.61693
2025-09-03 04:00:00,111054.0,111151.99,110528.71,111099.88,1539.69973
2025-09-03 08:00:00,111099.87,111708.0,110889.29,111437.77,1514.83708
2025-09-03 12:00:00,111437.77,112500.0,111031.61,112222.74,3550.00487
2025-09-03 16:00:00,112222.73,112575.27,111686.24,112193.74,1957.30873
2025-09-03 20:00:00,112193.74,112250.0,111613.98,111705.71,948.2535
2025-09-04 00:00:00,111705.72,112180.0,111136.0,111148.97,1484.75903
2025-09-04 04:00:00,111148.97,111318.84,110279.68,110463.36,2293.72804
2025-09-04 08:00:00,110463.36,111154.93,110415.72,110810.0,1251.00126
2025-09-04 12:00:00,110810.0,111123.99,109329.12,109510.31,3057.95062
2025-09-04 16:00:00,109510.32,110218.39,109363.26,109799.99,2124.63495
2025-09-04 20:00:00,109800.0,111765.31,109755.59,110730.87,1991.06146
2025-09-05 00:00:00,110730.87,111482.09,110435.75,111311.77,1665.5758
2025-09-05 04:00:00,111311.78,112999.0,111144.51,112954.32,3481.17531
2025-09-05 08:00:00,112954.32,112985.0,112131.02,112354.0,1956.82884
2025-09-05 12:00:00,112354.0,113384.62,110286.91,110716.82,9805.88987
2025-09-05 16:00:00,110716.82,111627.51,110206.96,111614.54,2167.09419
2025-09-05 20:00:00,111614.54,111700.0,110375.6,110659.99,2510.84487
2025-09-06 00:00:00,110660.0,111307.7,110552.56,111082.22,800.18218
2025-09-06 04:00:00,111082.23,111082.23,110687.69,110825.6,687.98406
2025-09-06 08:00:00,110825.59,110968.0,110675.58,110781.02,621.90211
2025-09-06 12:00:00,110781.03,110999.83,110358.11,110384.15,886.00942
2025-09-06 16:00:00,110384.16,110402.0,109977.0,110038.41,1391.66059
2025-09-06 20:00:00,110038.42,110282.82,110034.44,110187.97,612.56061
2025-09-07 00:00:00,110187.98,110733.12,110180.0,110629.15,948.63792
2025-09-07 04:00:00,110629.15,110911.42,110463.1,110753.42,872.74711
2025-09-07 08:00:00,110753.41,111377.19,110720.01,111292.13,1214.41306
2025-09-07 12:00:00,111292.12,111412.0,111042.6,111329.99,837.52385
2025-09-07 16:00:00,111329.99,111371.35,110861.2,111259.99,940.48526
2025-09-07 20:00:00,111259.99,111600.0,111001.45,111137.34,867.49224
2025-09-08 00:00:00,111137.35,111372.0,110621.78,111052.11,1701.47085
2025-09-08 04:00:00,111052.11,111609.04,110899.69,111280.39,1330.12513
2025-09-08 08:00:00,111280.4,112186.98,111252.9,112052.43,2723.68786
2025-09-08 12:00:00,112052.43,112924.37,111877.64,112631.75,3018.22348
2025-09-08 16:00:00,112631.74,112670.06,111978.67,112097.31,1681.81458
2025-09-08 20:00:00,112097.31,112512.71,111896.0,112065.23,1127.08021
2025-09-09 00:00:00,112065.23,112104.41,111111.0,111708.0,2091.77038
2025-09-09 04:00:00,111708.01,113293.29,111624.12,112991.11,2906.5944
2025-09-09 08:00:00,112991.11,113176.51,112403.91,112433.59,1848.92022
2025-09-09 12:00:00,112433.59,112950.0,110766.66,110880.76,4662.13241
2025-09-09 16:00:00,110880.76,111388.04,110788.0,111301.53,2121.49527
2025-09-09 20:00:00,111301.53,111745.69,111090.07,111546.39,1748.3698
2025-09-10 00:00:00,111546.38,111586.26,110917.45,111545.88,1667.04272
2025-09-10 04:00:00,111545.88,112602.35,111372.42,112553.65,2477.2586
2025-09-10 08:00:00,112553.65,112859.8,112097.2,112299.99,2579.59736
2025-09-10 12:00:00,112300.0,114313.13,112299.99,113853.99,6630.72074
2025-09-10 16:00:00,113853.99,114074.46,113155.03,113574.52,2628.46871
2025-09-10 20:00:00,113574.53,114025.78,113528.01,113960.0,1534.3301
2025-09-11 00:00:00,113960.0,114434.23,113669.82,114400.01,1596.62879
2025-09-11 04:00:00,114400.01,114459.65,113957.2,114083.58,1954.14285
2025-09-11 08:00:00,114083.58,114200.0,113776.0,113999.99,1512.60333
2025-09-11 12:00:00,113999.99,114715.02,113430.0,114180.31,5143.69337
2025-09-11 16:00:00,114180.32,114605.54,114102.0,114419.99,1437.71411
2025-09-11 20:00:00,114420.0,115488.09,114246.04,115482.69,2031.94874
2025-09-12 00:00:00,115482.69,116331.81,115045.45,115194.14,3703.00155
2025-09-12 04:00:00,115194.14,115656.87,115086.7,115086.7,1630.41759
2025-09-12 08:00:00,115086.7,115273.12,114888.01,114913.45,1958.78975
2025-09-12 12:00:00,114913.45,115500.95,114740.99,115121.18,2042.13901
2025-09-12 16:00:00,115121.18,116665.63,115030.3,116632.51,3863.84437
2025-09-12 20:00:00,116632.51,116632.51,115752.68,116029.42,2125.91492
2025-09-13 00:00:00,116029.41,116298.78,115576.26,115957.0,2254.31226
2025-09-13 04:00:00,115957.0,115957.01,115657.81,115778.71,1062.2047
2025-09-13 08:00:00,115778.72,116166.71,115767.33,115974.11,1228.90503
2025-09-13 12:00:00,115974.11,116060.0,115603.98,115768.68,1373.33567
2025-09-13 16:00:00,115768.68,115817.37,115127.27,115797.12,1589.96184
2025-09-13 20:00:00,115797.12,115991.29,115797.11,115918.29,760.68444
2025-09-14 00:00:00,115918.29,116109.0,115651.99,115679.98,879.64203
2025-09-14 04:00:00,115679.99,115936.0,115449.59,115805.39,914.78349
2025-09-14 08:00:00,115805.39,116165.19,115748.78,115794.91,840.40714
2025-09-14 12:00:00,115794.92,115878.49,115141.8,115224.01,2036.51269
2025-09-14 16:00:00,115224.01,115657.5,115193.9,115634.99,869.12927
2025-09-14 20:00:00,115634.99,116087.35,115135.0,115268.01,1167.12735
2025-09-15 00:00:00,115268.01,115594.9,114825.0,115445.45,1291.49944
2025-09-15 04:00:00,115445.46,116757.99,115400.0,115806.62,2645.45158
2025-09-15 08:00:00,115806.62,115806.62,114625.87,115070.0,3497.27876
2025-09-15 12:00:00,115070.01,115099.0,114384.0,114842.9,2995.41636
2025-09-15 16:00:00,114842.9,115570.0,114600.0,115307.78,1872.69025
2025-09-15 20:00:00,115307.78,115605.07,115200.07,115349.71,910.1751
2025-09-16 00:00:00,115349.71,115520.0,114945.01,115307.25,864.47636
2025-09-16 04:00:00,115307.26,116009.62,114930.0,115840.0,1899.99942
2025-09-16 08:00:00,115839.99,115981.17,115206.15,115287.83,1345.53241
2025-09-16 12:00:00,115287.84,115905.89,114737.11,115905.88,2622.65829
2025-09-16 16:00:00,115905.88,116870.76,115608.28,116800.12,2955.38019
2025-09-16 20:00:00,116800.13,116964.27,116584.45,116788.96,1238.86273
2025-09-17 00:00:00,116788.96,117077.16,116371.81,116372.04,1657.75299
2025-09-17 04:00:00,116372.05,117286.73,116160.22,117162.48,2485.03317
2025-09-17 08:00:00,117162.48,117189.86,116253.27,116258.13,1655.0881
2025-09-17 12:00:00,116258.12,116516.93,115432.0,115875.32,2848.33061
2025-09-17 16:00:00,115875.33,116333.33,114720.81,115652.02,5738.81221
2025-09-17 20:00:00,115652.02,116990.68,115307.33,116447.59,2369.22832
2025-09-18 00:00:00,116447.6,117896.0,116092.76,117581.66,3081.68078
2025-09-18 04:00:00,117581.67,117750.0,116888.02,117086.01,1789.62789
2025-09-18 08:00:00,117086.01,117413.04,117010.59,117063.4,1165.75229
2025-09-18 12:00:00,117063.41,117843.83,116977.59,117583.56,2416.33194
2025-09-18 16:00:00,117583.56,117900.0,117196.33,117450.21,1828.6235
2025-09-18 20:00:00,117450.21,117657.17,116612.03,117073.53,1375.21725
2025-09-19 00:00:00,117073.53,117459.99,116871.61,116977.58,1326.38784
2025-09-19 04:00:00,116977.58,117100.0,116633.86,116909.97,1538.09106
2025-09-19 08:00:00,116909.98,117090.36,116300.0,116394.72,1243.82831
2025-09-19 12:00:00,116394.72,116529.08,115464.19,115884.03,2657.87565
2025-09-19 16:00:00,115884.03,116136.0,115112.58,115125.12,1413.65495
2025-09-19 20:00:00,115125.13,115657.28,115100.0,115632.38,812.25284
2025-09-20 00:00:00,115632.39,115730.41,115408.47,115445.0,717.06298
2025-09-20 04:00:00,115445.0,115985.2,115409.08,115968.56,759.46126
2025-09-20 08:00:00,115968.56,115968.57,115664.11,115894.06,793.04586
2025-09-20 12:00:00,115894.05,116121.81,115804.47,115986.69,836.91424
2025-09-20 16:00:00,115986.7,116079.46,115698.08,115702.0,898.20806
2025-09-20 20:00:00,115702.0,115944.7,115603.42,115685.63,670.23512
2025-09-21 00:00:00,115685.63,115732.94,115441.83,115669.41,919.05922
2025-09-21 04:00:00,115669.42,115815.98,115487.56,115815.97,806.9398
2025-09-21 08:00:00,115815.98,115819.06,115329.03,115603.45,786.85295
2025-09-21 12:00:00,115603.45,115747.23,115473.19,115531.61,671.3204
2025-09-21 16:00:00,115531.62,115665.52,115209.02,115480.05,781.11646
2025-09-21 20:00:00,115480.05,115545.43,115188.0,115232.29,546.23336
2025-09-22 00:00:00,115232.29,115379.25,114150.0,114649.89,3078.59053
2025-09-22 04:00:00,114649.89,114649.9,111800.0,112519.99,7290.80289
2025-09-22 08:00:00,112520.0,112976.02,112173.52,112876.97,3052.23045
2025-09-22 12:00:00,112876.97,113432.76,112380.0,112815.5,3313.50245
2025-09-22 16:00:00,112815.5,112888.0,111936.4,112122.9,2731.51753
2025-09-22 20:00:00,112122.9,112977.41,111975.28,112650.99,1315.06971
2025-09-23 00:00:00,112650.99,112833.09,111478.0,112339.99,2398.09582
2025-09-23 04:00:00,112339.99,113114.01,111876.15,113090.13,2504.81638
2025-09-23 08:00:00,113090.13,113281.5,112683.33,112975.99,1814.57634
2025-09-23 12:00:00,112975.99,113290.5,112496.61,112882.19,1948.83266
2025-09-23 16:00:00,112882.2,112958.58,111540.2,111655.29,2394.18192
2025-09-23 20:00:00,111655.29,112220.54,111458.73,111998.8,1240.81718
2025-09-24 00:00:00,111998.8,112500.0,111683.09,111683.09,2848.03309
2025-09-24 04:00:00,111683.1,112779.37,111042.66,112583.54,2905.68984
2025-09-24 08:00:00,112583.54,113162.17,112405.62,113029.46,1567.72874
2025-09-24 12:00:00,113029.45,113890.0,112808.0,113346.41,2535.05067
2025-09-24 16:00:00,113346.4,113940.0,113163.21,113420.01,1318.69585
2025-09-24 20:00:00,113420.0,113647.58,113204.71,113307.0,1194.06148
2025-09-25 00:00:00,113307.01,113510.23,112214.74,112546.21,3049.61418
2025-09-25 04:00:00,112546.22,112614.43,111450.42,111766.72,2930.2095
2025-09-25 08:00:00,111766.73,112246.46,111283.63,111348.0,2287.76235
2025-09-25 12:00:00,111347.99,111729.52,110629.99,111580.77,4734.75828
2025-09-25 16:00:00,111580.77,111672.58,108631.51,109360.0,6129.42446
2025-09-25 20:00:00,109360.0,109685.72,108765.0,108994.49,2099.3808
2025-09-26 00:00:00,108994.49,109798.84,108809.24,109580.01,2323.19574
2025-09-26 04:00:00,109580.0,109625.94,108913.0,109320.02,3055.89804
2025-09-26 08:00:00,109320.02,109690.98,108620.07,109133.5,2675.46214
2025-09-26 12:00:00,109133.5,109779.73,108764.76,109027.78,3241.9244
2025-09-26 16:00:00,109027.79,110300.0,109027.78,109172.2,2093.42859
2025-09-26 20:00:00,109172.21,109687.69,109087.57,109643.46,853.107
2025-09-27 00:00:00,109643.46,109743.91,109324.42,109553.77,1041.65919
2025-09-27 04:00:00,109553.77,109742.27,109332.02,109411.2,908.84116
2025-09-27 08:00:00,109411.19,109477.69,109064.4,109310.21,1356.29029
2025-09-27 12:00:00,109310.22,109477.59,109193.0,109402.24,1151.38343
2025-09-27 16:00:00,109402.25,109440.0,109243.89,109424.2,590.81859
2025-09-27 20:00:00,109424.21,109699.98,109362.72,109635.85,452.79377
2025-09-28 00:00:00,109635.85,109787.75,109325.05,109436.0,822.14827
2025-09-28 04:00:00,109436.0,109537.8,109260.0,109513.06,569.05076
2025-09-28 08:00:00,109513.06,109585.39,109250.0,109369.02,862.93461
2025-09-28 12:00:00,109369.02,110037.93,109189.99,110037.93,1349.20291
2025-09-28 16:00:00,110037.92,110393.63,110008.54,110337.6,1215.77694
2025-09-28 20:00:00,110337.61,112350.0,110294.78,112163.95,2723.21811
2025-09-29 00:00:00,112163.96,112310.0,111588.07,111857.51,2297.47362
2025-09-29 04:00:00,111857.51,111904.34,111560.65,111865.95,1831.36016
2025-09-29 08:00:00,111865.96,112421.99,111865.95,112100.0,2126.24195
2025-09-29 12:00:00,112100.0,114231.56,111901.26,113815.57,5064.79852
2025-09-29 16:00:00,113815.57,114390.93,113449.74,114265.55,2716.40525
2025-09-29 20:00:00,114265.56,114400.0,114020.0,114311.96,1504.84055
2025-09-30 00:00:00,114311.97,114792.0,114040.35,114376.39,2494.38118
2025-09-30 04:00:00,114376.39,114376.4,113585.0,113699.23,2326.82117
2025-09-30 08:00:00,113699.24,113741.37,112656.27,113055.01,2869.29172
2025-09-30 12:00:00,113055.0,113677.23,112866.11,113106.16,2840.28661
2025-09-30 16:00:00,113106.15,114563.46,112800.0,114359.99,2535.88761
2025-09-30 20:00:00,114359.99,114754.87,113765.42,114048.93,1977.48804
2025-10-01 00:00:00,114048.94,114551.76,113966.67,114176.92,2042.57116
2025-10-01 04:00:00,114176.93,114740.0,114151.0,114539.02,1996.43364
2025-10-01 08:00:00,114539.02,116795.85,114484.43,116789.58,5217.93036
2025-10-01 12:00:00,116789.57,117649.99,116363.38,117423.73,4518.346
2025-10-01 16:00:00,117423.73,118199.0,116724.56,117439.53,3814.32316
2025-10-01 20:00:00,117439.53,118649.1,117163.25,118594.99,2446.79084
2025-10-02 00:00:00,118594.99,119456.92,118368.05,118733.99,4187.34775
2025-10-02 04:00:00,118733.99,118930.29,118279.31,118489.76,1772.36438
2025-10-02 08:00:00,118489.76,118926.49,118354.61,118765.73,1460.00845
2025-10-02 12:00:00,118765.72,119910.79,118516.39,119910.78,5099.16626
2025-10-02 16:00:00,119910.78,121022.07,119359.63,120836.49,4869.11141
2025-10-02 20:00:00,120836.49,120914.0,120072.46,120529.35,2282.83678
2025-10-03 00:00:00,120529.35,120550.9,119820.0,120225.89,2268.65523
2025-10-03 04:00:00,120225.88,120324.53,119610.59,119640.21,2293.91523
2025-10-03 08:00:00,119640.22,120515.89,119248.3,120334.5,3467.40526
2025-10-03 12:00:00,120334.51,122366.0,119881.24,122258.05,4929.42106
2025-10-03 16:00:00,122258.04,123894.99,121466.25,122660.99,9447.66952
2025-10-03 20:00:00,122661.0,122734.92,121999.33,122232.0,1529.2617
2025-10-04 00:00:00,122232.21,122325.6,121684.97,122243.99,1730.5772
2025-10-04 04:00:00,122243.99,122800.0,122219.3,122324.08,1516.17531
2025-10-04 08:00:00,122324.08,122539.83,121962.81,121973.26,1268.73633
2025-10-04 12:00:00,121973.26,122509.52,121698.88,121791.31,1464.05666
2025-10-04 16:00:00,121791.31,121964.95,121510.0,121959.25,1443.23464
2025-10-04 20:00:00,121959.25,122410.0,121871.01,122391.0,785.38664
2025-10-05 00:00:00,122390.99,124362.28,122136.0,123776.22,4212.02615
2025-10-05 04:00:00,123776.23,125708.42,123734.0,124713.63,7342.549203
2025-10-05 08:00:00,124713.63,124838.37,122520.24,123464.64,4455.30964
2025-10-05 12:00:00,123464.64,123464.65,122675.0,122803.17,2233.09004
2025-10-05 16:00:00,122803.17,123464.0,122301.63,122591.79,2386.1605
2025-10-05 20:00:00,122591.8,123548.83,122473.62,123482.31,1413.96202
2025-10-06 00:00:00,123482.32,124358.46,123084.0,123839.09,3025.28443
2025-10-06 04:00:00,123839.09,124165.56,123280.49,123390.47,2210.62835
2025-10-06 08:00:00,123390.47,124531.66,123390.46,124215.0,2768.21181
2025-10-06 12:00:00,124215.0,125408.29,124178.0,125000.0,4567.6948
2025-10-06 16:00:00,125000.0,126199.63,124800.0,125410.81,4722.172353
2025-10-06 20:00:00,125410.8,125534.0,124511.15,124658.54,2200.63705
2025-10-07 00:00:00,124658.54,125082.27,124101.26,124329.74,1773.60979
2025-10-07 04:00:00,124329.74,124654.47,123567.6,123667.99,2455.2259
2025-10-07 08:00:00,123668.0,124509.6,123322.9,124453.38,2444.73415
2025-10-07 12:00:00,124453.37,125126.0,121172.89,121846.01,7360.01455
2025-10-07 16:00:00,121846.01,122084.14,120574.94,121637.17,5726.896
2025-10-07 20:00:00,121637.18,122292.62,121258.08,121332.95,1873.51346
2025-10-08 00:00:00,121332.96,122229.66,121200.0,121374.75,2406.76826
2025-10-08 04:00:00,121374.76,121910.24,121066.14,121597.06,2670.85944
2025-10-08 08:00:00,121597.05,123200.0,121524.01,122884.14,3408.74044
2025-10-08 12:00:00,122884.14,123350.0,121649.68,122189.72,3373.3683
2025-10-08 16:00:00,122189.72,124197.25,122110.08,123450.0,3795.53021
2025-10-08 20:00:00,123450.01,123737.0,122794.4,123306.0,1357.35135
2025-10-09 00:00:00,123306.01,123348.32,121475.98,122038.01,2319.17839
2025-10-09 04:00:00,122038.01,122264.0,121724.71,121906.1,1451.1479
2025-10-09 08:00:00,121906.09,122833.02,121145.49,122737.57,2689.44106
2025-10-09 12:00:00,122737.56,123762.94,120673.99,121147.14,6566.062
2025-10-09 16:00:00,121147.15,121481.9,119651.47,120951.72,6174.05969
2025-10-09 20:00:00,120951.72,121900.0,120838.0,121662.4,2359.47103
2025-10-10 00:00:00,121662.41,121874.13,120900.0,121026.01,2094.68145
2025-10-10 04:00:00,121026.0,121754.34,120855.41,120932.05,2566.54979
2025-10-10 08:00:00,120932.05,121777.07,120916.44,121554.55,1553.83694
2025-10-10 12:00:00,121554.55,122550.0,118500.0,119018.98,7767.59253
2025-10-10 16:00:00,119018.99,119456.28,115952.47,116661.5,8454.54427
2025-10-10 20:00:00,116661.5,117214.64,102000.0,112774.5,41734.73429
2025-10-11 00:00:00,112774.49,113322.39,111019.43,112300.01,11533.52669
2025-10-11 04:00:00,112300.0,112991.16,110090.29,110384.61,7142.76272
2025-10-11 08:00:00,110384.6,112359.67,110162.23,112280.0,5929.13992
2025-10-11 12:00:00,112280.01,112500.0,111793.2,111793.2,3681.24351
2025-10-11 16:00:00,111793.21,112185.53,110865.82,111178.31,3138.91159
2025-10-11 20:00:00,111178.3,111368.29,109561.59,110644.4,4022.93209
2025-10-12 00:00:00,110644.4,111368.14,109565.06,110676.0,4785.58424
2025-10-12 04:00:00,110676.0,112125.51,110617.1,111525.2,2731.29761
2025-10-12 08:00:00,111525.19,112133.33,111139.87,111848.36,2810.82095
2025-10-12 12:00:00,111848.35,113745.84,111177.75,113198.2,9020.41664
2025-10-12 16:00:00,113198.2,114700.0,113198.2,114342.28,6635.34892
2025-10-12 20:00:00,114342.28,115770.0,114217.75,114958.8,6271.83436
2025-10-13 00:00:00,114958.81,115963.81,114619.45,114821.12,4123.60858
2025-10-13 04:00:00,114821.13,115554.83,114398.24,115399.67,3437.01313
2025-10-13 08:00:00,115399.66,115438.17,113616.5,114180.0,4560.86246
2025-10-13 12:00:00,114180.0,115530.0,113800.01,114312.1,5538.12887
2025-10-13 16:00:00,114312.09,115891.3,114215.79,115792.84,3368.92301
2025-10-13 20:00:00,115792.84,115868.0,115005.44,115166.0,1528.70428
2025-10-14 00:00:00,115166.0,115409.96,113279.76,113500.0,3456.84461
2025-10-14 04:00:00,113500.0,113691.0,111355.01,111724.41,6286.29915
2025-10-14 08:00:00,111724.41,112140.0,110012.24,111313.98,5281.83478
2025-10-14 12:00:00,111313.98,112943.82,109866.0,112900.43,7186.98731
2025-10-14 16:00:00,112900.44,113544.53,111692.31,112613.7,7436.01163
2025-10-14 20:00:00,112613.69,113577.0,112230.46,113028.14,2222.35226
2025-10-15 00:00:00,113028.13,113612.35,111825.93,112024.29,3526.54912
2025-10-15 04:00:00,112024.3,112680.0,111746.76,112584.5,3442.20374
2025-10-15 08:00:00,112584.49,113520.88,111693.26,111905.73,3699.08334
2025-10-15 12:00:00,111905.72,112238.41,110400.0,110798.01,6590.50038
2025-10-15 16:00:00,110798.01,111557.7,110164.0,111271.73,3317.74779
2025-10-15 20:00:00,111271.73,111556.27,110500.0,110763.28,2410.40374
2025-10-16 00:00:00,110763.28,111867.17,110361.0,111329.48,2715.42468
2025-10-16 04:00:00,111329.48,111773.7,110553.19,110584.2,3097.1426
2025-10-16 08:00:00,110584.21,111728.7,109635.15,111404.72,5282.11808
2025-10-16 12:00:00,111404.73,111982.45,108361.69,108549.21,8252.81169
2025-10-16 16:00:00,108549.21,109254.0,107577.57,108197.66,8255.26892
2025-10-16 20:00:00,108197.67,108500.0,107427.0,108194.28,2254.40655
2025-10-17 00:00:00,108194.27,109240.0,107934.4,109176.74,2417.89309
2025-10-17 04:00:00,109176.74,109236.01,105542.09,105633.75,8020.07533
2025-10-17 08:00:00,105633.75,106651.22,103528.23,105683.72,13908.33322
2025-10-17 12:00:00,105683.71,106852.14,104533.21,106803.53,7847.34313
2025-10-17 16:00:00,106803.52,107575.6,106071.42,106454.72,3916.46744
2025-10-17 20:00:00,106457.24,107440.02,106342.47,106431.68,1810.55617
2025-10-18 00:00:00,106431.68,107306.06,106322.2,107070.4,2668.3034
2025-10-18 04:00:00,107070.41,107499.0,106439.38,106665.0,2976.33507
2025-10-18 08:00:00,106665.01,107222.0,106605.93,107208.6,2336.72819
2025-10-18 12:00:00,107208.61,107300.0,106739.33,106948.75,1425.61863
2025-10-18 16:00:00,106948.75,107091.87,106484.0,107080.14,911.25891
2025-10-18 20:00:00,107080.14,107339.03,106851.84,107185.01,804.94346
2025-10-19 00:00:00,107185.0,107367.16,106734.17,107275.78,1058.1121
2025-10-19 04:00:00,107275.79,107290.0,106558.61,106786.0,1247.19589
2025-10-19 08:00:00,106786.0,108260.5,106103.36,107783.47,5059.55867
2025-10-19 12:00:00,107783.47,108621.68,107355.02,108486.7,3636.47308
2025-10-19 16:00:00,108486.71,109450.07,108240.0,108908.43,2430.56297
2025-10-19 20:00:00,108908.43,109370.99,108471.1,108642.78,2048.76152
2025-10-20 00:00:00,108642.77,110427.86,107402.52,110145.44,3683.55508
2025-10-20 04:00:00,110145.45,111445.67,109951.96,111169.92,3967.97672
2025-10-20 08:00:00,111169.91,111679.25,110608.27,111016.75,3452.86704
2025-10-20 12:00:00,111016.75,111705.56,110588.23,111144.55,3006.20504
2025-10-20 16:00:00,111144.55,111303.05,109855.83,110803.22,3716.65669
2025-10-20 20:00:00,110803.22,111272.0,110418.25,110532.09,1366.18103
2025-10-21 00:00:00,110532.09,110532.09,109052.09,109059.22,2405.81342
2025-10-21 04:00:00,109059.23,109059.23,107473.72,108086.37,4930.3268
2025-10-21 08:00:00,108086.38,108811.47,107484.22,108580.01,2989.72657
2025-10-21 12:00:00,108580.0,113557.62,107922.06,113422.61,10002.10737
2025-10-21 16:00:00,113422.6,114000.0,111324.29,111780.39,10731.47816
2025-10-21 20:00:00,111780.4,111801.41,108045.81,108297.67,6168.56427
2025-10-22 00:00:00,108297.66,108678.21,107841.2,108216.02,4851.56459
2025-10-22 04:00:00,108216.03,108638.99,107610.0,108321.63,3883.15964
2025-10-22 08:00:00,108321.64,108358.76,106708.18,107555.05,4012.65986
2025-10-22 12:00:00,107555.04,109163.88,107443.01,108416.5,7925.67327
2025-10-22 16:00:00,108416.5,108796.42,107463.29,107870.35,4008.05438
2025-10-22 20:00:00,107870.35,108069.93,106666.69,107567.44,3929.67277
2025-10-23 00:00:00,107567.45,108720.39,107500.0,108377.96,2373.50317
2025-10-23 04:00:00,108377.96,110298.29,108350.36,109269.9,3314.78585
2025-10-23 08:00:00,109269.9,109903.83,109100.4,109253.89,2204.01103
2025-10-23 12:00:00,109253.88,110109.99,108685.72,109908.28,4284.59025
2025-10-23 16:00:00,109908.29,111293.61,109647.34,110200.0,3640.32069
2025-10-23 20:00:00,110200.01,110200.01,109341.28,110078.18,1755.88195
2025-10-24 00:00:00,110078.19,110829.67,109983.93,110441.46,1538.88446
2025-10-24 04:00:00,110441.46,111522.3,110332.0,111054.61,2705.19443
2025-10-24 08:00:00,111054.61,111482.99,110600.0,111066.29,1981.64658
2025-10-24 12:00:00,111066.29,112104.98,109700.01,110046.91,5533.12257
2025-10-24 16:00:00,110046.92,110945.39,109797.13,110615.07,1470.06782
2025-10-24 20:00:00,110615.07,111138.62,110478.0,111004.89,1776.25327
2025-10-25 00:00:00,111004.9,111226.67,110672.86,111029.99,829.34913
2025-10-25 04:00:00,111029.99,111820.87,111029.99,111489.6,1417.09029
2025-10-25 08:00:00,111489.59,111850.13,111375.81,111563.81,1378.18654
2025-10-25 12:00:00,111563.81,111943.19,111311.19,111385.18,1254.08497
2025-10-25 16:00:00,111385.18,111731.78,111164.39,111623.45,963.51944
2025-10-25 20:00:00,111623.46,111683.64,111342.25,111646.27,565.73827
2025-10-26 00:00:00,111646.27,111899.56,111260.45,111260.46,1026.78183
2025-10-26 04:00:00,111260.46,111724.96,111260.46,111723.98,665.50994
2025-10-26 08:00:00,111723.98,113466.23,111708.63,113286.09,2987.57218
2025-10-26 12:00:00,113286.09,114000.0,113279.85,113694.97,3506.31151
2025-10-26 16:00:00,113694.97,113793.93,113290.62,113585.99,1360.11589
2025-10-26 20:00:00,113585.98,115466.8,112901.0,114559.4,3908.18602
2025-10-27 00:00:00,114559.41,115445.39,114362.26,114958.51,3281.65267
2025-10-27 04:00:00,114958.52,116400.0,114938.01,115554.6,5478.9455
2025-10-27 08:00:00,115554.59,115607.48,114814.69,115362.02,3701.92326
2025-10-27 12:00:00,115362.02,115437.48,114503.99,114969.68,4493.43933
2025-10-27 16:00:00,114969.68,115790.0,114790.81,114942.64,2258.20754
2025-10-27 20:00:00,114942.64,114942.64,113830.01,114107.65,2236.06411
2025-10-28 00:00:00,114107.65,114547.2,113569.91,113908.24,2184.14279
2025-10-28 04:00:00,113908.25,114364.99,113483.3,114188.37,2190.6787
2025-10-28 08:00:00,114188.38,114673.68,114113.3,114357.73,1236.93368
2025-10-28 12:00:00,114357.72,116086.0,114138.06,114641.38,4008.51256
2025-10-28 16:00:00,114641.38,115591.41,113566.44,113689.99,2719.79536
2025-10-28 20:00:00,113689.0,113703.32,112211.0,112898.45,3183.35948
2025-10-29 00:00:00,112898.44,112975.75,112100.0,112523.49,2076.22141
2025-10-29 04:00:00,112523.49,113577.9,112505.58,113577.9,2036.63326
2025-10-29 08:00:00,113577.9,113624.12,112732.91,113132.36,1970.99326
2025-10-29 12:00:00,113132.35,113643.73,111401.5,111509.74,4606.39611
2025-10-29 16:00:00,111509.74,112030.23,109200.0,110640.0,7741.83881
2025-10-29 20:00:00,110640.0,111800.0,109733.22,110021.29,2647.63091
2025-10-30 00:00:00,110021.3,111011.99,109703.43,110751.47,2342.18582
2025-10-30 04:00:00,110751.48,111592.0,107925.06,111366.72,6581.76635
2025-10-30 08:00:00,111366.72,111467.01,109692.3,109717.29,2970.54213
2025-10-30 12:00:00,109717.19,109777.93,107328.0,107711.56,6544.11088
2025-10-30 16:00:00,107711.56,108214.85,106304.34,106536.39,4367.26208
2025-10-30 20:00:00,106536.39,108334.53,106316.17,108322.88,3182.96112
2025-10-31 00:00:00,108322.87,110042.16,108275.28,109227.86,4174.2813
2025-10-31 04:00:00,109227.87,110215.0,109114.88,109449.31,3598.46922
2025-10-31 08:00:00,109449.32,110550.0,109214.13,110415.61,2439.82294
2025-10-31 12:00:00,110415.62,111190.0,109366.91,110202.9,6113.3169
2025-10-31 16:00:00,110202.9,110300.0,108635.0,109828.78,3864.41061
2025-10-31 20:00:00,109828.78,109828.79,109329.15,109608.01,1327.90342
2025-11-01 00:00:00,109608.01,110315.54,109394.81,110226.37,1329.53082
2025-11-01 04:00:00,110226.38,110564.49,109933.86,110071.4,1273.91172
2025-11-01 08:00:00,110071.4,110270.9,109854.72,110137.59,1127.98746
2025-11-01 12:00:00,110137.59,110348.0,109702.66,110310.65,1527.00509
2025-11-01 16:00:00,110310.65,110529.99,110192.0,110299.99,1247.33562
2025-11-01 20:00:00,110300.0,110516.17,109858.44,110098.1,872.7336
2025-11-02 00:00:00,110098.1,110263.91,109879.39,110053.23,856.27323
2025-11-02 04:00:00,110053.22,111045.09,110030.06,110895.53,4429.20302
2025-11-02 08:00:00,110895.53,111229.78,110346.15,111196.99,2428.29839
2025-11-02 12:00:00,111196.99,111250.01,110096.32,110117.48,1689.37947
2025-11-02 16:00:00,110117.49,110331.0,109735.59,110180.84,1185.47603
2025-11-02 20:00:00,110180.85,110742.26,109471.34,110540.68,1518.37073
2025-11-03 00:00:00,110540.69,110750.0,107907.44,107937.45,3966.5295
2025-11-03 04:00:00,107937.45,108075.0,107006.05,107468.23,3863.52296
2025-11-03 08:00:00,107468.23,107920.92,106726.63,107787.42,3470.56341
2025-11-03 12:00:00,107787.42,108333.0,105511.0,105745.71,6164.15776
2025-11-03 16:00:00,105745.71,107783.2,105306.56,107090.0,7788.41484
2025-11-03 20:00:00,107090.0,107169.68,105755.59,106583.04,3427.99932
2025-11-04 00:00:00,106583.05,107298.74,105852.37,107158.79,4088.97853
2025-11-04 04:00:00,107158.79,107299.0,104200.0,104490.72,8029.86674
2025-11-04 08:00:00,104490.73,104699.07,103605.0,104584.76,5321.10046
2025-11-04 12:00:00,104584.75,104842.63,102915.05,103197.01,7422.89891
2025-11-04 16:00:00,103197.02,103500.05,100010.73,100542.64,13452.93585
2025-11-04 20:00:00,100542.64,101893.09,98944.36,101497.22,12219.09327
2025-11-05 00:00:00,101497.23,102272.23,98966.8,102130.0,11012.84461
2025-11-05 04:00:00,102130.0,102370.0,101500.0,101993.02,4661.84078
2025-11-05 08:00:00,101993.03,102203.48,101176.47,102070.61,3577.50149
2025-11-05 12:00:00,102070.62,103798.37,101916.77,103728.3,6345.91865
2025-11-05 16:00:00,103728.3,104529.41,103057.56,104008.09,5492.77185
2025-11-05 20:00:00,104008.09,104534.74,103305.05,103885.16,2687.89833
2025-11-06 00:00:00,103885.16,103933.33,102716.26,103636.03,3781.79437
2025-11-06 04:00:00,103636.92,104200.0,102910.66,103185.48,2970.86552
2025-11-06 08:00:00,103184.75,103440.0,102651.63,103227.58,2657.25315
2025-11-06 12:00:00,103227.59,103626.46,101630.0,102014.48,6680.54627
2025-11-06 16:00:00,102014.49,102393.51,100300.95,101388.81,6059.2639
2025-11-06 20:00:00,101388.82,101643.28,100541.17,101346.04,3664.89818
2025-11-07 00:00:00,101346.04,102500.0,100749.94,101916.29,3965.61372
2025-11-07 04:00:00,101916.3,102527.0,101582.92,102010.0,3062.61099
2025-11-07 08:00:00,102009.99,102050.0,99803.58,100411.89,6600.41114
2025-11-07 12:00:00,100411.89,101253.99,99260.86,100797.95,8633.01674
2025-11-07 16:00:00,100797.95,103395.25,100517.06,103395.25,6836.56812
2025-11-07 20:00:00,103395.92,104096.36,102958.0,103339.08,2961.28871
2025-11-08 00:00:00,103339.09,103406.22,102539.49,102592.76,2401.80651
2025-11-08 04:00:00,102592.76,102836.0,101902.64,102352.96,2041.96251
2025-11-08 08:00:00,102352.96,102687.72,101715.76,101857.1,1838.21057
2025-11-08 12:00:00,101857.1,102186.99,101454.0,101711.45,3063.13156
2025-11-08 16:00:00,101711.46,102219.39,101522.08,101989.65,2120.40711
2025-11-08 20:00:00,101989.65,102482.2,101957.94,102312.94,925.26159
2025-11-09 00:00:00,102312.95,102337.89,101400.0,101662.05,2156.33613
2025-11-09 04:00:00,101662.05,102130.61,101635.96,101944.59,1101.66332
2025-11-09 08:00:00,101944.6,102307.68,101500.0,102239.41,1825.56978
2025-11-09 12:00:00,102239.41,104168.0,102050.64,103762.17,4687.64884
2025-11-09 16:00:00,103762.18,104805.57,103316.23,104805.57,2824.51417
2025-11-09 20:00:00,104805.57,105495.62,104058.59,104722.96,3743.23872
2025-11-10 00:00:00,104722.95,106670.11,104265.02,106027.97,6501.34292
2025-11-10 04:00:00,106027.97,106539.4,105846.26,106461.45,2684.13909
2025-11-10 08:00:00,106461.46,106599.47,105836.0,106176.5,2356.44228
2025-11-10 12:00:00,106176.5,106589.89,104667.0,105079.99,5720.78074
2025-11-10 16:00:00,105079.99,106094.31,104784.36,105817.99,2756.40939
2025-11-10 20:00:00,105818.0,106299.22,105280.0,106011.13,2663.14231
2025-11-11 00:00:00,106011.13,107500.0,105500.0,106456.0,4935.02762
2025-11-11 04:00:00,106456.0,106546.0,104741.2,104783.98,3316.23424
2025-11-11 08:00:00,104783.99,105497.99,104762.23,105311.9,1804.62899
2025-11-11 12:00:00,105311.9,105500.0,103170.33,103455.99,8851.069
2025-11-11 16:00:00,103455.99,103730.0,102840.22,103126.39,2547.95909
2025-11-11 20:00:00,103126.39,103224.29,102476.09,103058.99,2741.58824
2025-11-12 00:00:00,103059.0,103440.96,102687.72,103310.0,2672.05561
2025-11-12 04:00:00,103310.0,103654.38,103011.0,103112.66,2165.62446
2025-11-12 08:00:00,103112.65,105200.0,103112.24,105020.83,3543.70691
2025-11-12 12:00:00,105020.82,105333.33,101961.97,102173.51,5192.00313
2025-11-12 16:00:00,102173.51,102285.18,100813.59,101297.31,4869.26591
2025-11-12 20:00:00,101297.31,101999.35,101141.03,101654.37,2014.98304
2025-11-13 00:00:00,101654.37,102604.0,100922.55,102130.21,3586.47221
2025-11-13 04:00:00,102130.21,104085.01,101665.59,103475.66,4325.82278
2025-11-13 08:00:00,103475.66,103811.49,102553.63,102936.5,3138.63943
2025-11-13 12:00:00,102936.49,103483.83,101184.14,101382.64,6264.43277
2025-11-13 16:00:00,101382.63,101540.93,98147.4,98682.14,12921.08077
2025-11-13 20:00:00,98682.13,100501.31,98000.4,99692.02,5962.05975
2025-11-14 00:00:00,99692.03,99866.02,98700.0,99139.38,5839.81569
2025-11-14 04:00:00,99139.38,99178.58,95933.75,97151.98,11116.73192
2025-11-14 08:00:00,97151.97,97553.7,95711.0,96167.44,5255.60132
2025-11-14 12:00:00,96167.45,97322.35,94560.48,96796.14,14312.72078
2025-11-14 16:00:00,96796.14,97411.11,94800.55,95778.29,5605.64502
2025-11-14 20:00:00,95778.3,95940.0,94012.45,94594.0,5157.63008
2025-11-15 00:00:00,94594.0,96846.68,94558.49,96417.12,4376.79077
2025-11-15 04:00:00,96417.12,96570.65,95921.21,96333.86,2543.94362
2025-11-15 08:00:00,96333.87,96350.52,95630.0,95696.87,2336.22638
2025-11-15 12:00:00,95696.86,96471.22,95565.17,96260.0,1987.28578
2025-11-15 16:00:00,96259.99,96419.65,95731.32,96012.01,1880.65231
2025-11-15 20:00:00,96012.01,96012.01,95119.94,95596.24,1985.99505
2025-11-16 00:00:00,95596.23,95979.79,94841.62,95825.02,1896.67006
2025-11-16 04:00:00,95825.02,96192.0,95650.72,96099.99,1279.33932
2025-11-16 08:00:00,96099.98,96635.11,95500.0,95627.13,2585.38054
2025-11-16 12:00:00,95627.13,95900.0,94368.24,94573.46,2546.31874
2025-11-16 16:00:00,94573.46,95567.79,93770.48,94020.0,9045.25375
2025-11-16 20:00:00,94020.49,94739.74,93005.55,94261.44,6536.44269
2025-11-17 00:00:00,94261.45,95559.99,93767.27,95496.77,4124.53725
2025-11-17 04:00:00,95496.77,95880.0,94849.37,95653.77,3839.84656
2025-11-17 08:00:00,95653.78,96026.71,95309.68,95565.38,3415.65942
2025-11-17 12:00:00,95565.38,96043.0,93571.3,93959.67,8085.63652
2025-11-17 16:00:00,93959.68,94419.88,91588.0,91678.93,11700.57582
2025-11-17 20:00:00,91678.93,92399.48,91220.0,92215.14,8052.34249
2025-11-18 00:00:00,92215.14,92357.51,89700.0,90842.72,10647.23561
2025-11-18 04:00:00,90842.72,90851.66,89253.78,90512.1,9028.06735
2025-11-18 08:00:00,90512.1,91617.17,90509.79,91517.82,5777.46408
2025-11-18 12:00:00,91517.83,93049.91,90905.7,92910.1,7097.51563
2025-11-18 16:00:00,92910.1,93836.01,92579.23,93195.61,4917.36921
2025-11-18 20:00:00,93195.61,93423.74,92462.72,92960.83,2367.49581
2025-11-19 00:00:00,92960.83,92980.22,91660.49,91874.52,3065.15376
2025-11-19 04:00:00,91874.51,92028.92,90025.06,91863.64,5635.23952
2025-11-19 08:00:00,91863.64,91950.0,91072.41,91410.22,2540.86239
2025-11-19 12:00:00,91410.23,92384.61,89880.0,89951.7,6014.09197
2025-11-19 16:00:00,89951.7,90232.56,88630.71,88884.56,8787.19485
2025-11-19 20:00:00,88884.56,91594.0,88608.0,91554.96,6244.09511
2025-11-20 00:00:00,91554.96,92798.14,91185.26,92440.32,3929.05974
2025-11-20 04:00:00,92440.33,93160.0,91687.07,92320.18,3791.89
2025-11-20 08:00:00,92320.18,92400.94,91440.55,91934.0,3200.83736
2025-11-20 12:00:00,91934.01,92541.92,89835.34,89869.88,6162.85424
2025-11-20 16:00:00,89869.88,89911.73,86100.0,86921.28,17595.68288
2025-11-20 20:00:00,86921.27,88250.0,86325.23,86637.23,5052.86651
2025-11-21 00:00:00,86637.22,87498.94,85360.0,85821.34,6428.51913
2025-11-21 04:00:00,85821.35,86459.53,82000.0,84049.39,14205.49105
2025-11-21 08:00:00,84049.38,84709.89,81648.0,82309.66,16184.92659
2025-11-21 12:00:00,82309.67,85496.0,80600.0,82932.47,23041.35364
2025-11-21 16:00:00,82932.46,85572.82,82333.0,84209.3,8107.54282
2025-11-21 20:00:00,84209.3,85416.66,83464.96,85129.43,4288.29356
2025-11-22 00:00:00,85129.42,85620.0,84212.39,84440.47,2923.21557
2025-11-22 04:00:00,84440.48,84799.54,83832.91,84580.06,2218.31844
2025-11-22 08:00:00,84580.06,84586.62,83500.0,84098.94,3342.45829
2025-11-22 12:00:00,84098.94,84755.83,83620.16,84284.01,2668.44444
2025-11-22 16:00:00,84284.01,84899.0,84219.62,84609.76,1351.08151
2025-11-22 20:00:00,84609.77,85260.0,84237.7,84739.74,1690.41438
2025-11-23 00:00:00,84739.75,86349.84,84667.57,86308.54,4004.15131
2025-11-23 04:00:00,86308.54,86860.0,85420.0,85782.19,2913.01357
2025-11-23 08:00:00,85782.18,86465.24,85768.22,86331.28,2087.40357
2025-11-23 12:00:00,86331.28,87244.51,86271.1,87087.44,3471.36676
2025-11-23 16:00:00,87087.44,87689.47,86502.47,87325.01,3711.9574
2025-11-23 20:00:00,87325.01,88127.64,86701.54,86830.0,3546.57157
2025-11-24 00:00:00,86830.0,88059.44,85946.65,87460.02,4318.16094
2025-11-24 04:00:00,87460.03,87837.57,86450.0,87050.39,3276.3396
2025-11-24 08:00:00,87050.39,87050.39,85696.56,86264.72,3484.50939
2025-11-24 12:00:00,86264.71,86741.5,85272.0,86616.44,4635.50962
2025-11-24 16:00:00,86616.44,88834.62,86616.43,88327.29,6003.91247
2025-11-24 20:00:00,88327.29,89228.0,88252.5,88300.01,2944.69593
2025-11-25 00:00:00,88300.01,88300.01,87457.53,87822.12,2506.39849
2025-11-25 04:00:00,87822.12,88519.99,87300.0,87384.81,3032.60485
2025-11-25 08:00:00,87384.81,87606.57,86666.0,87361.71,3402.11161
2025-11-25 12:00:00,87361.71,87792.2,86116.0,86988.94,4897.6285
2025-11-25 16:00:00,86988.93,88155.65,86182.49,86882.85,3228.35208
2025-11-25 20:00:00,86882.84,87889.38,86565.48,87369.96,2499.94557
2025-11-26 00:00:00,87369.97,88224.0,87069.97,87119.92,2235.2732
2025-11-26 04:00:00,87119.93,87970.0,86909.99,87935.05,1828.65169
2025-11-26 08:00:00,87935.05,87941.58,86670.36,87095.79,2199.53135
2025-11-26 12:00:00,87095.78,87693.21,86306.77,86978.0,4198.26229
2025-11-26 16:00:00,86977.99,90418.39,86956.61,89957.36,7510.43418
2025-11-26 20:00:00,89957.37,90656.08,89508.85,90484.02,3703.66968
2025-11-27 00:00:00,90484.01,91950.0,90089.91,91091.68,5743.81731
2025-11-27 04:00:00,91091.68,91554.49,90889.11,91408.34,2443.78349
2025-11-27 08:00:00,91408.34,91940.18,91221.17,91371.88,2353.99141
2025-11-27 12:00:00,91371.87,91457.36,90438.43,90958.3,2921.51001
2025-11-27 16:00:00,90958.29,91843.59,90850.77,91528.21,2279.61546
2025-11-27 20:00:00,91528.22,91600.0,91114.52,91333.95,1090.79164
2025-11-28 00:00:00,91333.94,91417.99,90652.55,91208.85,1930.05393
2025-11-28 04:00:00,91208.85,91707.79,90867.43,90910.87,1873.92377
2025-11-28 08:00:00,90910.87,92030.0,90907.98,91437.64,3175.31997
2025-11-28 12:00:00,91437.64,93092.0,91380.94,92362.49,5046.613
2025-11-28 16:00:00,92362.5,92376.0,90180.63,91157.44,5779.19663
2025-11-28 20:00:00,91157.44,91247.16,90705.57,90890.7,1025.75282
2025-11-29 00:00:00,90890.71,91119.99,90546.36,90680.26,940.81817
2025-11-29 04:00:00,90680.26,90931.56,90311.92,90567.67,1229.54953
2025-11-29 08:00:00,90567.66,90738.17,90376.37,90673.19,957.44805
2025-11-29 12:00:00,90673.2,91110.36,90530.93,91063.5,1148.02698
2025-11-29 16:00:00,91063.5,91165.65,90155.47,90640.78,2192.51887
2025-11-29 20:00:00,90640.77,91051.87,90400.21,90802.44,961.52131
2025-11-30 00:00:00,90802.44,91055.5,90471.0,90909.35,1115.17062
2025-11-30 04:00:00,90909.35,91037.72,90670.4,90968.16,549.91781
2025-11-30 08:00:00,90968.16,91632.0,90927.16,91048.78,2515.69204
2025-11-30 12:00:00,91048.79,92000.01,91009.0,91435.31,2629.14986
2025-11-30 16:00:00,91435.31,91850.0,91159.42,91460.79,1049.01646
2025-11-30 20:00:00,91460.79,91626.75,90336.9,90360.0,1828.79496
2025-12-01 00:00:00,90360.01,90417.0,86161.61,86346.13,10249.65966
2025-12-01 04:00:00,86346.13,86578.06,85604.0,86550.3,4937.16707
2025-12-01 08:00:00,86550.3,86938.01,86131.01,86149.15,3005.76787
2025-12-01 12:00:00,86146.59,86674.0,83822.76,84677.87,8124.37241
2025-12-01 16:00:00,84677.87,85555.0,84030.95,85024.5,4598.10295
2025-12-01 20:00:00,85024.5,86860.0,85007.69,86286.01,3593.94231
2025-12-02 00:00:00,86286.01,87350.0,86184.39,86976.99,3245.81604
2025-12-02 04:00:00,86977.0,87288.48,86818.14,87012.65,1733.23534
2025-12-02 08:00:00,87012.64,87628.78,86296.21,87368.92,3361.03567
2025-12-02 12:00:00,87368.92,91200.0,87032.75,90850.01,9300.50019
2025-12-02 16:00:00,90850.01,92307.65,90201.0,91903.39,6152.68006
2025-12-02 20:00:00,91903.38,92000.0,90720.87,91277.88,4416.96002
2025-12-03 00:00:00,91277.88,93087.09,90990.23,92628.91,4425.07634
2025-12-03 04:00:00,92628.91,93958.58,92625.0,92999.99,4546.45939
2025-12-03 08:00:00,93000.0,93389.62,92666.0,93005.68,2770.10259
2025-12-03 12:00:00,93005.68,93700.0,91697.0,92373.3,6523.23972
2025-12-03 16:00:00,92373.3,93500.0,91786.99,93024.99,3624.68485
2025-12-03 20:00:00,93025.0,94150.0,92825.56,93429.95,3822.96296
2025-12-04 00:00:00,93429.95,94080.0,92669.82,93543.04,3844.7002
2025-12-04 04:00:00,93543.03,93588.48,92775.0,93397.67,3070.50786
2025-12-04 08:00:00,93397.67,93621.31,92736.9,92948.31,1917.02375
2025-12-04 12:00:00,92948.32,93257.0,91801.0,92971.49,4296.15789
2025-12-04 16:00:00,92971.49,93174.55,90889.0,91975.44,4860.7112
2025-12-04 20:00:00,91975.43,92718.53,91688.92,92078.06,1814.83969
2025-12-05 00:00:00,92078.06,92692.36,91959.92,92142.75,1751.29187
2025-12-05 04:00:00,92142.75,92497.51,91813.37,92258.65,1387.19156
2025-12-05 08:00:00,92258.64,92258.65,90956.25,91351.43,2431.69816
2025-12-05 12:00:00,91351.44,91478.67,89874.7,90459.35,5344.16253
2025-12-05 16:00:00,90459.34,90498.59,88056.0,89629.26,6507.53794
2025-12-05 20:00:00,89629.27,89745.37,88901.6,89330.04,2371.09012
2025-12-06 00:00:00,89330.04,89806.43,89030.67,89688.35,1531.03301
2025-12-06 04:00:00,89688.35,89764.19,89459.19,89597.13,769.5235
2025-12-06 08:00:00,89597.14,89750.01,89217.59,89631.28,1504.70502
2025-12-06 12:00:00,89631.29,90289.97,89490.98,89758.77,2052.08066
2025-12-06 16:00:00,89758.77,89981.2,89077.6,89405.64,1483.59614
2025-12-06 20:00:00,89405.65,89615.34,88908.01,89236.79,1068.56183
2025-12-07 00:00:00,89236.8,89749.59,89176.52,89722.37,712.48717
2025-12-07 04:00:00,89722.37,89799.96,89200.0,89379.72,739.06202
2025-12-07 08:00:00,89379.73,89538.7,89050.01,89149.18,786.60016
2025-12-07 12:00:00,89149.18,89707.54,87719.28,89554.52,3916.92116
2025-12-07 16:00:00,89554.52,91760.0,89115.85,91425.52,3838.31073
2025-12-07 20:00:00,91425.51,91510.4,88995.33,90395.31,3027.73061
2025-12-08 00:00:00,90395.32,91700.0,89860.0,91068.29,2453.60415
2025-12-08 04:00:00,91068.3,91868.76,91023.06,91565.46,1592.48822
2025-12-08 08:00:00,91565.46,92287.15,91486.46,91968.29,1953.05465
2025-12-08 12:00:00,91968.29,92122.08,89612.0,89961.37,5223.15445
2025-12-08 16:00:00,89961.36,90527.3,89679.79,90124.48,2589.84253
2025-12-08 20:00:00,90124.49,91374.0,90124.49,90634.34,1981.49487
2025-12-09 00:00:00,90634.35,90846.26,89795.84,90405.01,2355.41188
2025-12-09 04:00:00,90405.02,90528.67,89500.0,90496.8,1867.61874
2025-12-09 08:00:00,90496.8,90600.0,89912.48,90384.55,1562.48442
2025-12-09 12:00:00,90384.54,92876.92,90004.73,92707.51,4917.67396
2025-12-09 16:00:00,92707.5,94588.99,92693.5,93800.83,7304.45224
2025-12-09 20:00:00,93800.83,93857.47,92254.92,92678.8,3232.7889
2025-12-10 00:00:00,92678.81,92786.35,91976.0,92410.62,1996.9993
2025-12-10 04:00:00,92410.62,92782.92,92386.83,92782.91,1363.84988
2025-12-10 08:00:00,92782.91,93291.5,91763.69,92120.45,2623.05995
2025-12-10 12:00:00,92120.45,92226.0,91563.15,92063.69,2523.14963
2025-12-10 16:00:00,92063.69,93243.59,91684.39,92957.67,5420.4848
2025-12-10 20:00:00,92957.67,94476.0,91878.0,92015.37,5071.13727
2025-12-11 00:00:00,92015.38,92080.32,89389.63,89880.01,4081.1469
2025-12-11 04:00:00,89880.0,90480.14,89694.81,90272.75,2245.33099
2025-12-11 08:00:00,90272.76,90504.19,89971.11,90242.35,1503.95888
2025-12-11 12:00:00,90242.36,90653.33,89260.63,89872.51,3541.05902
2025-12-11 16:00:00,89872.51,91538.26,89333.0,90839.81,3643.99089
2025-12-11 20:00:00,90839.81,93555.0,90797.76,92513.38,4957.1009
2025-12-12 00:00:00,92513.38,92754.0,91448.31,92283.4,2164.71329
2025-12-12 04:00:00,92283.4,92720.0,92078.91,92425.34,1494.20203
2025-12-12 08:00:00,92425.33,92650.01,92044.8,92418.19,1624.00539
2025-12-12 12:00:00,92418.19,92660.74,89780.0,89935.14,5560.13281
2025-12-12 16:00:00,89935.13,90666.0,89480.0,90198.22,4659.32825
2025-12-12 20:00:00,90198.23,90404.13,89898.61,90268.42,1176.80992
2025-12-13 00:00:00,90268.43,90469.71,90120.0,90345.54,648.76329
2025-12-13 04:00:00,90345.55,90410.5,90268.91,90329.97,451.53525
2025-12-13 08:00:00,90329.98,90634.55,90290.0,90330.36,1525.87319
2025-12-13 12:00:00,90330.36,90470.3,89932.99,90092.16,1906.98893
2025-12-13 16:00:00,90092.17,90268.13,89981.0,90178.16,675.23738
2025-12-13 20:00:00,90178.17,90280.76,89766.39,90240.01,687.30984
2025-12-14 00:00:00,90240.0,90472.4,90117.05,90258.98,710.94131
2025-12-14 04:00:00,90258.99,90329.24,90050.74,90245.6,689.83584
2025-12-14 08:00:00,90245.6,90280.01,88687.27,89360.0,2036.12797
2025-12-14 12:00:00,89360.01,89666.0,88882.66,89022.91,1729.70637
2025-12-14 16:00:00,89022.92,89398.71,88497.02,88644.88,1685.20822
2025-12-14 20:00:00,88644.88,88827.71,87577.36,88172.17,2565.12033
2025-12-15 00:00:00,88172.16,90052.64,88074.37,89282.6,2699.66065
2025-12-15 04:00:00,89282.6,89918.48,89272.88,89753.42,1316.93789
2025-12-15 08:00:00,89753.43,89986.68,89572.05,89641.28,1524.38986
2025-12-15 12:00:00,89641.28,89876.42,86621.91,87033.22,5888.02922
2025-12-15 16:00:00,87033.21,87220.0,85146.64,86149.96,5789.22914
2025-12-15 20:00:00,86149.96,86472.7,85530.01,86432.08,2560.44514
2025-12-16 00:00:00,86432.08,86535.22,85386.0,85875.92,2272.8575
2025-12-16 04:00:00,85875.91,86615.38,85266.0,86021.51,2433.06768
2025-12-16 08:00:00,86021.51,87330.0,85930.97,87261.45,2417.24589
2025-12-16 12:00:00,87261.46,88175.98,86107.43,87977.43,6730.13202
2025-12-16 16:00:00,87977.44,88050.17,87061.23,87585.77,3497.7582
2025-12-16 20:00:00,87585.76,87931.48,87343.75,87863.42,1104.98888
2025-12-17 00:00:00,87863.43,87950.0,87150.01,87213.59,1179.65134
2025-12-17 04:00:00,87213.6,87398.54,86209.11,87045.59,2094.81095
2025-12-17 08:00:00,87045.59,87137.42,86238.91,86983.26,1681.2327
2025-12-17 12:00:00,86983.26,90365.85,86817.27,87233.44,8132.27731
2025-12-17 16:00:00,87233.44,87769.23,85314.0,86018.53,5045.61646
2025-12-17 20:00:00,86018.53,86431.14,85644.09,86243.22,1700.52853
2025-12-18 00:00:00,86243.23,86863.75,85863.93,86618.34,1716.00096
2025-12-18 04:00:00,86618.35,86901.4,86384.61,86833.84,1551.20199
2025-12-18 08:00:00,86833.83,87453.63,86685.14,87300.74,1894.81711
2025-12-18 12:00:00,87300.5,89477.61,87109.76,88513.44,7315.08784
2025-12-18 16:00:00,88513.43,88533.61,84481.31,84483.79,9332.10895
2025-12-18 20:00:00,84483.8,85835.9,84450.01,85516.41,3596.20078
2025-12-19 00:00:00,85516.41,87568.99,85110.24,86891.39,3311.66901
2025-12-19 04:00:00,86891.39,88449.06,86647.51,87953.4,3713.59538
2025-12-19 08:00:00,87953.39,88385.06,87742.6,88198.7,1797.82182
2025-12-19 12:00:00,88198.7,89399.97,87514.59,87951.87,5988.71834
2025-12-19 16:00:00,87951.86,88882.55,86846.16,87845.92,4584.61046
2025-12-19 20:00:00,87845.92,88426.85,87614.79,88136.94,1860.23503
2025-12-20 00:00:00,88136.95,88339.27,87961.6,88214.98,984.44715
2025-12-20 04:00:00,88214.98,88573.07,88123.07,88275.41,797.87192
2025-12-20 08:00:00,88275.41,88428.0,88107.35,88277.66,821.72303
2025-12-20 12:00:00,88277.66,88343.73,87795.76,88178.71,1315.67537
2025-12-20 16:00:00,88178.72,88418.73,88103.54,88232.92,574.10491
2025-12-20 20:00:00,88232.92,88443.44,88154.06,88360.9,629.30956
2025-12-21 00:00:00,88360.91,88433.64,87869.35,88070.64,991.41687
2025-12-21 04:00:00,88070.64,88201.59,88050.0,88174.79,455.57319
2025-12-21 08:00:00,88174.79,89081.77,88141.87,88601.57,1439.81605
2025-12-21 12:00:00,88601.57,88920.01,87600.04,88067.95,2206.50881
2025-12-21 16:00:00,88067.96,88600.0,87950.0,88484.01,1240.46771
2025-12-21 20:00:00,88484.01,88823.52,88091.96,88658.86,799.08995
2025-12-22 00:00:00,88658.87,89627.24,87900.0,88774.12,2619.97992
2025-12-22 04:00:00,88774.13,89200.0,88712.11,89170.1,1290.70342
2025-12-22 08:00:00,89170.1,90118.0,89093.44,89945.43,2622.90199
2025-12-22 12:00:00,89945.43,90588.23,89196.42,89726.92,3942.72215
2025-12-22 16:00:00,89726.93,90127.0,87965.76,88052.43,2609.5493
2025-12-22 20:00:00,88052.42,88833.33,87911.79,88620.79,1587.36292
2025-12-23 00:00:00,88620.79,88940.0,87800.0,88170.0,1505.70483
2025-12-23 04:00:00,88170.0,88368.1,87051.52,87574.79,1996.43062
2025-12-23 08:00:00,87574.78,87890.0,87297.69,87856.65,1432.37853
2025-12-23 12:00:00,87856.66,87963.03,86601.9,87443.45,3407.99312
2025-12-23 16:00:00,87443.45,88275.4,87162.39,87752.87,3220.82979
2025-12-23 20:00:00,87752.88,88372.35,87180.0,87486.0,2346.99215
2025-12-24 00:00:00,87486.0,87839.66,86863.88,87336.23,1598.88886
2025-12-24 04:00:00,87336.23,87458.54,86796.65,86911.53,1349.63742
2025-12-24 08:00:00,86911.53,87359.59,86724.05,87203.94,1188.37005
2025-12-24 12:00:00,87203.94,87478.59,86420.0,87049.99,2300.52897
2025-12-24 16:00:00,87050.0,87670.0,86917.25,87566.06,1746.44928
2025-12-24 20:00:00,87566.07,88049.89,87516.77,87669.45,956.96862
2025-12-25 00:00:00,87669.44,87967.5,87508.52,87840.42,652.86225
2025-12-25 04:00:00,87840.42,87862.2,87661.17,87837.59,568.68423
2025-12-25 08:00:00,87837.59,87888.0,87251.6,87519.44,1203.75216
2025-12-25 12:00:00,87519.45,88592.74,87398.78,88371.27,1933.47252
2025-12-25 16:00:00,88371.27,88478.0,87993.21,88151.18,1039.54656
2025-12-25 20:00:00,88151.19,88167.65,86934.72,87225.27,1698.26463
2025-12-26 00:00:00,87225.27,89440.0,86891.7,88844.87,4964.62578
2025-12-26 04:00:00,88844.88,89567.75,88347.45,88470.75,3154.47608
2025-12-26 08:00:00,88470.75,88918.59,88414.81,88533.42,1250.32549
2025-12-26 12:00:00,88533.43,89050.0,86655.08,87137.81,5932.37434
2025-12-26 16:00:00,87137.81,87580.29,86818.18,87501.83,1940.76351
2025-12-26 20:00:00,87501.83,87792.7,87321.4,87369.56,1102.04985
2025-12-27 00:00:00,87369.56,87532.0,87253.05,87514.22,675.35016
2025-12-27 04:00:00,87514.23,87702.0,87417.93,87539.26,515.35353
2025-12-27 08:00:00,87539.26,87677.0,87370.73,87475.98,1077.75463
2025-12-27 12:00:00,87475.99,87589.99,87308.05,87551.25,749.39054
2025-12-27 16:00:00,87551.26,87591.0,87442.08,87569.39,566.59122
2025-12-27 20:00:00,87569.39,87984.0,87499.99,87877.01,885.11148
2025-12-28 00:00:00,87877.0,87961.37,87705.97,87740.01,672.08653
2025-12-28 04:00:00,87740.0,87837.99,87614.79,87730.85,442.23022
2025-12-28 08:00:00,87730.86,88010.0,87720.0,87883.25,760.04376
2025-12-28 12:00:00,87883.25,88088.75,87794.86,87836.27,821.25662
2025-12-28 16:00:00,87836.27,87931.59,87500.26,87520.75,881.83702
2025-12-28 20:00:00,87520.75,88049.53,87435.0,87952.71,868.8387
2025-12-29 00:00:00,87952.71,90169.06,87813.17,90123.55,4759.05691
2025-12-29 04:00:00,90123.55,90406.08,89507.03,89617.71,3502.98691
2025-12-29 08:00:00,89617.71,89825.01,87567.65,87567.66,4608.77018
2025-12-29 12:00:00,87567.65,88190.71,86806.5,87691.62,4178.35066
2025-12-29 16:00:00,87691.62,87996.22,87312.34,87366.23,1457.68333
2025-12-29 20:00:00,87366.23,87597.59,87071.49,87237.13,1388.13776
2025-12-30 00:00:00,87237.13,87423.65,86845.66,87379.0,1520.57005
2025-12-30 04:00:00,87378.99,87600.0,87157.07,87502.85,1077.59137
2025-12-30 08:00:00,87502.85,88224.76,87502.84,87903.89,2468.25039
2025-12-30 12:00:00,87903.89,89159.52,87834.01,89016.35,3882.44573
2025-12-30 16:00:00,89016.36,89400.0,87960.2,88226.16,2912.38545
2025-12-30 20:00:00,88226.15,88573.65,87886.46,88485.49,1244.66702
2025-12-31 00:00:00,88485.5,88819.8,88172.15,88453.04,1131.98072
2025-12-31 04:00:00,88453.04,88638.76,88325.06,88613.12,972.41187
2025-12-31 08:00:00,88613.11,89046.6,88393.52,89011.52,1674.66744
2025-12-31 12:00:00,89011.51,89200.0,87766.59,87953.97,3261.85615
2025-12-31 16:00:00,87953.97,88053.49,87400.41,87541.85,2936.14316
2025-12-31 20:00:00,87541.85,87879.04,87250.0,87648.22,1581.56113
2026-01-01 00:00:00,87648.21,88088.1,87632.74,87846.02,833.74412
2026-01-01 04:00:00,87846.01,87854.81,87550.43,87631.88,1108.52485
2026-01-01 08:00:00,87631.88,88024.64,87631.87,88024.64,819.82493
2026-01-01 12:00:00,88024.64,88113.45,87810.66,88032.18,1005.89204
2026-01-01 16:00:00,88032.17,88500.0,87879.03,88391.15,1140.33499
2026-01-01 20:00:00,88391.16,88919.45,88240.0,88839.04,1371.2504
2026-01-02 00:00:00,88839.05,89120.01,88379.88,88950.65,1615.06136
2026-01-02 04:00:00,88950.64,89079.44,88576.56,88857.61,1190.3172
2026-01-02 08:00:00,88857.6,89942.44,88758.94,89502.95,3334.56621
2026-01-02 12:00:00,89502.94,90135.0,88459.96,89418.11,4573.8437
2026-01-02 16:00:00,89418.1,90961.81,89205.92,89897.23,5155.47201
2026-01-02 20:00:00,89897.23,90400.0,89636.77,89995.13,1527.71253
2026-01-03 00:00:00,89995.14,90418.32,89966.48,90321.22,1026.19409
2026-01-03 04:00:00,90321.23,90480.62,89314.01,89577.13,1777.4168
2026-01-03 08:00:00,89577.13,89982.11,89420.75,89752.74,1301.1092
2026-01-03 12:00:00,89752.75,90249.99,89664.93,89969.31,1115.15116
2026-01-03 16:00:00,89969.31,90219.67,89918.59,90123.77,516.07827
2026-01-03 20:00:00,90123.76,90741.16,90017.23,90628.01,1321.51764
2026-01-04 00:00:00,90628.01,91610.17,90628.0,91236.78,2719.43418
2026-01-04 04:00:00,91236.78,91810.0,91183.15,91532.0,1833.66412
2026-01-04 08:00:00,91532.0,91620.5,91174.46,91300.0,2596.25909
2026-01-04 12:00:00,91300.01,91419.22,91014.1,91334.94,1316.31831
2026-01-04 16:00:00,91334.94,91455.9,90863.47,91138.07,1140.52954
2026-01-04 20:00:00,91138.06,91590.0,91132.0,91529.73,820.32446
2026-01-05 00:00:00,91529.74,93388.0,91514.81,92878.22,5548.56251
2026-01-05 04:00:00,92878.22,92947.87,92155.0,92520.63,1838.8669
2026-01-05 08:00:00,92520.63,93151.0,92320.17,93134.26,2498.18846
2026-01-05 12:00:00,93134.25,94000.0,92407.13,93957.73,4224.09624
2026-01-05 16:00:00,93957.74,94500.0,93250.0,94303.4,4190.38211
2026-01-05 20:00:00,94303.4,94789.08,93800.0,93859.71,2373.49962
2026-01-06 00:00:00,93859.71,94161.86,93529.18,93769.24,1527.94713
2026-01-06 04:00:00,93769.25,94000.0,93137.98,93255.08,2037.39443
2026-01-06 08:00:00,93255.08,93895.0,93167.29,93840.0,1360.24604
2026-01-06 12:00:00,93839.99,94444.44,93352.01,93648.99,3747.64759
2026-01-06 16:00:00,93649.0,93775.6,91262.94,92104.5,6154.50415
2026-01-06 20:00:00,92104.49,93845.03,92098.29,93747.97,3718.67895
2026-01-07 00:00:00,93747.97,93747.97,92236.07,92815.83,2673.21579
2026-01-07 04:00:00,92815.83,92930.35,92500.0,92879.13,1043.57297
2026-01-07 08:00:00,92879.14,92961.53,91600.0,92087.21,2601.79745
2026-01-07 12:00:00,92087.21,92299.4,91024.0,91349.96,3623.32777
2026-01-07 16:00:00,91349.95,91790.0,90675.52,91186.07,2653.80915
2026-01-07 20:00:00,91186.07,91489.6,90778.32,91364.16,1680.76712
2026-01-08 00:00:00,91364.16,91687.99,90616.36,90813.4,1794.84191
2026-01-08 04:00:00,90813.4,91188.0,89641.84,90548.02,3107.77644
2026-01-08 08:00:00,90548.02,90917.22,89777.25,90226.77,2431.28077
2026-01-08 12:00:00,90226.77,90847.52,89311.0,90781.57,4384.25882
2026-01-08 16:00:00,90781.57,91469.0,90312.89,90937.41,2656.5893
2026-01-08 20:00:00,90937.42,91493.0,90568.11,91099.99,1758.04393
2026-01-09 00:00:00,91100.0,91632.1,90850.0,91220.23,1573.86844
2026-01-09 04:00:00,91220.24,91236.72,90738.34,90741.84,1493.55612
2026-01-09 08:00:00,90741.85,90843.77,89694.66,90463.11,2586.72373
2026-01-09 12:00:00,90463.12,92082.55,89850.0,91176.47,5694.3606
2026-01-09 16:00:00,91176.48,91783.32,90190.0,90332.15,2962.09045
2026-01-09 20:00:00,90332.14,90732.01,90113.87,90641.28,1279.68005
2026-01-10 00:00:00,90641.27,90782.23,90527.99,90626.14,528.98968
2026-01-10 04:00:00,90626.15,90682.7,90408.23,90678.5,491.62648
2026-01-10 08:00:00,90678.5,90832.0,90618.28,90723.86,647.39632
2026-01-10 12:00:00,90723.87,90788.78,90538.46,90665.75,414.48163
2026-01-10 16:00:00,90665.76,90746.0,90504.55,90626.54,530.14761
2026-01-10 20:00:00,90626.54,90659.03,90404.0,90504.7,491.4755
2026-01-11 00:00:00,90504.7,90737.95,90451.1,90733.5,463.88039
2026-01-11 04:00:00,90733.49,90850.0,90585.34,90710.79,546.84342
2026-01-11 08:00:00,90710.8,90816.0,90610.27,90754.99,694.37617
2026-01-11 12:00:00,90754.99,91191.5,90708.25,90875.79,1144.02813
2026-01-11 16:00:00,90875.79,91283.89,90673.3,90690.8,961.40735
2026-01-11 20:00:00,90690.81,91041.79,90236.0,91013.65,1666.60048
2026-01-12 00:00:00,91013.66,92519.95,90700.29,91808.12,3786.46912
2026-01-12 04:00:00,91808.12,92290.81,91381.36,91408.09,1706.23351
2026-01-12 08:00:00,91408.09,91630.13,90370.0,90620.96,2761.14204
2026-01-12 12:00:00,90620.95,91665.0,90128.44,91665.0,2904.06995
2026-01-12 16:00:00,91664.99,92332.0,91000.53,91861.27,3629.97324
2026-01-12 20:00:00,91861.27,92046.23,90938.2,91296.2,1400.19482
2026-01-13 00:00:00,91296.2,91546.08,91042.66,91408.91,1312.52459
2026-01-13 04:00:00,91408.9,92275.38,91350.71,91942.0,2568.59009
2026-01-13 08:00:00,91941.99,92672.11,91924.27,92000.74,2545.21662
2026-01-13 12:00:00,92000.73,93450.0,91787.61,93449.99,4336.89557
2026-01-13 16:00:00,93449.99,94231.82,93078.31,94226.84,4752.59807
2026-01-13 20:00:00,94226.85,96495.0,94062.0,95414.0,7505.68988
2026-01-14 00:00:00,95413.99,95722.01,95116.03,95720.99,2381.89992
2026-01-14 04:00:00,95720.99,95799.22,94559.28,95205.1,2873.6342
2026-01-14 08:00:00,95205.11,95315.15,94737.95,94792.99,1756.03488
2026-01-14 12:00:00,94793.0,97084.68,94680.67,96764.57,6031.62524
2026-01-14 16:00:00,96764.57,97777.0,96246.56,97267.42,6680.63165
2026-01-14 20:00:00,97267.42,97924.49,96772.02,96951.78,3128.06839
2026-01-15 00:00:00,96951.78,97000.0,95777.0,95985.1,2821.68199
2026-01-15 04:00:00,95985.11,96760.15,95952.89,96630.48,2056.29256
2026-01-15 08:00:00,96630.47,97193.34,96289.98,96581.08,2793.34386
2026-01-15 12:00:00,96581.07,97165.03,95435.91,96737.04,4818.18164
2026-01-15 16:00:00,96737.04,97163.0,95183.13,95516.01,7868.89039
2026-01-15 20:00:00,95516.01,95871.0,95134.48,95604.8,1367.42325
2026-01-16 00:00:00,95604.81,95855.12,95321.58,95354.69,1207.1411
2026-01-16 04:00:00,95354.69,95816.83,95133.03,95653.16,2294.926
2026-01-16 08:00:00,95653.16,95871.47,95261.43,95429.09,1614.38797
2026-01-16 12:00:00,95429.09,95809.08,94293.46,94585.98,3014.1328
2026-01-16 16:00:00,94585.99,95215.74,94508.0,95002.09,1854.59442
2026-01-16 20:00:00,95002.09,95600.0,94682.0,95550.94,1182.53231
2026-01-17 00:00:00,95550.94,95578.2,95200.0,95372.95,520.98136
2026-01-17 04:00:00,95372.94,95373.64,95041.7,95101.67,558.53587
2026-01-17 08:00:00,95101.67,95323.86,95021.67,95323.86,614.83515
2026-01-17 12:00:00,95323.85,95639.45,95198.81,95573.64,1450.99515
2026-01-17 16:00:00,95573.65,95576.14,95212.25,95291.38,636.49063
2026-01-17 20:00:00,95291.37,95412.86,95050.0,95147.77,498.96321
2026-01-18 00:00:00,95147.77,95250.0,94876.33,95200.29,721.03445
2026-01-18 04:00:00,95200.29,95260.0,95028.27,95028.27,705.29271
2026-01-18 08:00:00,95028.27,95295.39,95021.44,95168.06,960.00602
2026-01-18 12:00:00,95168.06,95376.24,94910.0,95119.28,1177.17902
2026-01-18 16:00:00,95119.27,95521.71,95073.02,95380.99,921.46243
2026-01-18 20:00:00,95380.99,95531.12,93615.4,93673.14,2410.20356
2026-01-19 00:00:00,93673.14,93673.14,91910.2,92690.09,6141.54249
2026-01-19 04:00:00,92690.08,92861.41,92385.07,92841.62,1712.23708
2026-01-19 08:00:00,92841.62,93368.44,92702.56,93191.96,1908.98628
2026-01-19 12:00:00,93191.96,93226.44,92700.0,93068.62,1798.82427
2026-01-19 16:00:00,93068.62,93420.0,92930.0,93105.85,1153.18382
2026-01-19 20:00:00,93105.85,93342.36,92158.48,92631.0,1580.75353
2026-01-20 00:00:00,92630.99,92870.0,92264.7,92434.92,1260.14088
2026-01-20 04:00:00,92434.93,92470.37,90771.78,91177.98,4648.13308
2026-01-20 08:00:00,91177.99,91442.88,90693.0,91218.99,2254.1302
2026-01-20 12:00:00,91218.99,91371.11,89859.06,90684.95,5038.30665
2026-01-20 16:00:00,90684.95,90974.49,89292.48,89725.76,4114.75823
2026-01-20 20:00:00,89725.77,89854.2,87895.98,88427.66,4691.85706
2026-01-21 00:00:00,88427.66,89598.8,88250.0,89432.33,2980.55061
2026-01-21 04:00:00,89432.33,90120.44,89093.28,89213.95,2049.62852
2026-01-21 08:00:00,89213.96,89493.46,88700.0,88789.99,2010.929
2026-01-21 12:00:00,88789.99,90574.0,88196.72,90288.04,4684.20136
2026-01-21 16:00:00,90288.04,90450.0,87263.53,90355.56,6425.20187
2026-01-21 20:00:00,90355.56,90377.0,89344.98,89454.73,2466.99236
2026-01-22 00:00:00,89454.73,90359.99,89454.72,89899.51,1561.80923
2026-01-22 04:00:00,89899.51,90215.79,89802.0,89818.79,1213.67268
2026-01-22 08:00:00,89818.79,90150.0,89760.0,89941.26,1125.90639
2026-01-22 12:00:00,89941.26,90340.0,88515.37,89000.01,3512.25665
2026-01-22 16:00:00,89000.0,89924.46,88676.95,89777.9,2304.40726
2026-01-22 20:00:00,89777.89,89946.13,89140.13,89559.67,1107.45271
2026-01-23 00:00:00,89559.68,89979.97,89450.48,89924.78,1144.14106
2026-01-23 04:00:00,89924.78,90088.94,89400.0,89549.45,1729.71757
2026-01-23 08:00:00,89549.45,89632.18,88860.44,89202.48,1992.68771
2026-01-23 12:00:00,89202.47,89865.53,88578.36,89761.61,2836.93325
2026-01-23 16:00:00,89761.61,91224.99,89489.0,89982.79,4430.77605
2026-01-23 20:00:00,89982.79,90156.06,89200.68,89600.26,1784.23355
2026-01-24 00:00:00,89600.26,89957.39,89424.39,89770.02,760.9766
2026-01-24 04:00:00,89770.03,89853.38,89572.81,89620.1,954.94709
2026-01-24 08:00:00,89620.11,89686.43,89577.97,89595.4,513.59579
2026-01-24 12:00:00,89595.41,89595.41,89171.75,89275.77,1016.91516
2026-01-24 16:00:00,89275.77,89461.4,89162.08,89331.36,560.08706
2026-01-24 20:00:00,89331.36,89489.84,89215.59,89225.34,420.04567
2026-01-25 00:00:00,89225.34,89319.13,88838.72,88960.35,949.82753
2026-01-25 04:00:00,88960.36,89090.13,88635.84,88659.99,1365.03813
2026-01-25 08:00:00,88659.99,88760.0,88136.0,88570.17,1276.76207
2026-01-25 12:00:00,88570.17,88971.89,88340.75,88446.5,1271.25718
2026-01-25 16:00:00,88446.51,88448.85,86194.85,86495.16,6164.82689
2026-01-25 20:00:00,86495.17,87013.79,86074.72,86670.36,3398.50839
2026-01-26 00:00:00,86670.36,87973.11,86509.63,87282.05,4005.56746
2026-01-26 04:00:00,87282.04,88074.48,87244.27,88000.64,3558.66159
2026-01-26 08:00:00,88000.64,88424.45,87600.69,87855.0,1820.3712
2026-01-26 12:00:00,87855.01,88860.0,87325.03,87641.41,4437.30175
2026-01-26 16:00:00,87641.41,88537.95,87035.51,88013.19,2334.22752
2026-01-26 20:00:00,88013.19,88659.09,87542.05,88347.08,1610.38501
2026-01-27 00:00:00,88347.08,88898.0,88194.82,88788.0,1649.23753
2026-01-27 04:00:00,88787.99,89010.0,88278.03,88320.41,1448.31937
2026-01-27 08:00:00,88320.41,88397.85,87743.52,87992.74,1462.63908
2026-01-27 12:00:00,87992.74,88474.23,87578.67,88047.46,2499.9435
2026-01-27 16:00:00,88047.46,88819.89,87304.33,88408.77,3647.91175
2026-01-27 20:00:00,88408.78,89523.16,88373.49,89250.0,2417.35302
2026-01-28 00:00:00,89249.99,89497.96,88985.0,89126.67,1094.38637
2026-01-28 04:00:00,89126.68,89400.0,88840.0,89134.35,1349.92307
2026-01-28 08:00:00,89134.35,90156.72,88833.65,90080.0,2787.07391
2026-01-28 12:00:00,90079.99,90488.0,88904.61,89479.66,4428.88675
2026-01-28 16:00:00,89479.66,90600.0,89006.36,89402.58,3310.08413
2026-01-28 20:00:00,89402.57,89896.0,88878.01,89299.99,1361.83079
2026-01-29 00:00:00,89300.0,89348.0,87704.0,88053.71,2923.10988
2026-01-29 04:00:00,88053.71,88430.05,87901.23,88352.97,1476.91111
2026-01-29 08:00:00,88352.96,88500.0,87750.01,87846.5,2299.04104
2026-01-29 12:00:00,87846.5,88182.29,84366.56,84934.02,10107.55386
2026-01-29 16:00:00,84934.02,85638.3,83383.33,84012.11,10787.89043
2026-01-29 20:00:00,84012.11,84737.69,83824.9,84650.16,2836.87569
2026-01-30 00:00:00,84650.16,84735.75,81118.0,82676.43,12245.12313
2026-01-30 04:00:00,82676.42,83332.2,82056.08,82816.98,4789.41822
2026-01-30 08:00:00,82816.98,83314.85,82160.0,83151.36,3255.07609
2026-01-30 12:00:00,83151.36,83797.99,82382.01,82883.94,4751.88055
2026-01-30 16:00:00,82882.84,84621.16,81871.37,84242.99,6116.25601
2026-01-30 20:00:00,84243.0,84523.11,83539.2,84260.49,4038.09393
2026-01-31 00:00:00,84260.5,84270.02,83815.02,84022.69,1727.33956
2026-01-31 04:00:00,84022.7,84146.22,83404.67,83546.81,1349.94572
2026-01-31 08:00:00,83546.82,83629.08,82560.75,83020.0,2408.78889
2026-01-31 12:00:00,83020.0,83140.0,80825.76,81302.15,6811.82932
2026-01-31 16:00:00,81302.16,82200.0,75719.9,77750.01,22029.61555
2026-01-31 20:00:00,77750.01,79240.0,77092.34,78741.09,5164.37229
2026-02-01 00:00:00,78741.1,79424.0,78284.0,78868.28,4258.38184
2026-02-01 04:00:00,78868.29,79119.3,77967.69,78343.0,2563.1542
2026-02-01 08:00:00,78343.0,79220.72,78148.1,78743.56,2450.30839
2026-02-01 12:00:00,78743.57,78768.68,76761.98,77593.4,4807.63006
2026-02-01 16:00:00,77593.4,78443.1,77000.01,77174.78,2883.53084
2026-02-01 20:00:00,77174.77,77779.63,75700.0,76968.21,8432.47635
2026-02-02 00:00:00,76968.22,78231.26,74604.0,76292.98,11449.76567
2026-02-02 04:00:00,76292.98,76958.0,74911.14,76660.79,9568.39849
2026-02-02 08:00:00,76660.78,77970.62,76628.28,77759.99,5651.50758
2026-02-02 12:00:00,77760.0,79360.0,77564.62,78850.06,7522.81805
2026-02-02 16:00:00,78850.06,79288.28,78283.27,78341.5,5462.07718
2026-02-02 20:00:00,78341.5,78962.78,77888.0,78738.61,2619.02319
2026-02-03 00:00:00,78738.6,79186.81,77644.09,78753.32,4012.52848
2026-02-03 04:00:00,78753.32,78999.99,77950.0,78794.67,2886.84787
2026-02-03 08:00:00,78794.67,79084.29,77950.0,78079.5,2794.97467
2026-02-03 12:00:00,78079.5,78458.89,77055.54,78132.33,5543.61818
2026-02-03 16:00:00,78132.34,78134.53,72945.5,74935.0,18839.6377
2026-02-03 20:00:00,74935.0,76960.0,74586.54,75770.21,5042.50199
2026-02-04 00:00:00,75770.21,76971.52,75467.22,76698.17,3573.68321
2026-02-04 04:00:00,76698.17,76830.69,76105.3,76514.3,2837.0505
2026-02-04 08:00:00,76514.3,76607.69,75666.0,76017.25,2912.66082
2026-02-04 12:00:00,76017.25,76260.85,73794.11,74136.36,8952.94529
2026-02-04 16:00:00,74136.48,74249.83,72169.0,73923.29,13944.22381
2026-02-04 20:00:00,73923.3,74144.0,71888.0,73165.83,6154.79637
2026-02-05 00:00:00,73165.84,73341.18,71152.78,71223.25,8356.43633
2026-02-05 04:00:00,71223.25,71622.82,70140.0,70756.85,13229.00492
2026-02-05 08:00:00,70756.86,71978.58,69922.0,70318.35,9382.74194
2026-02-05 12:00:00,70318.35,70872.04,66720.15,67489.07,25214.85527
2026-02-05 16:00:00,67489.08,68681.81,65200.0,65265.65,21297.2321
2026-02-05 20:00:00,65265.66,65700.0,62345.0,62909.86,28818.55843
2026-02-06 00:00:00,62909.87,66010.0,60000.0,64168.33,28980.40325
2026-02-06 04:00:00,64168.33,66826.5,63914.62,64856.0,13204.36329
2026-02-06 08:00:00,64856.0,66755.13,64500.0,66631.32,9652.84585
2026-02-06 12:00:00,66631.32,69192.0,66114.49,68626.0,17606.82465
2026-02-06 16:00:00,68625.99,71500.0,68428.19,70731.46,17283.69927
2026-02-06 20:00:00,70731.45,71751.33,69837.35,70580.26,5811.079
2026-02-07 00:00:00,70580.26,70928.75,69718.0,70918.99,4687.77364
2026-02-07 04:00:00,70918.99,71690.07,67300.0,68087.14,13271.32166
2026-02-07 08:00:00,68087.13,68790.0,67582.48,67972.65,8689.01558
2026-02-07 12:00:00,67972.65,69999.99,67901.89,69151.5,9290.84055
2026-02-07 16:00:00,69151.5,69898.0,68531.5,69373.61,6393.31777
2026-02-07 20:00:00,69373.61,69728.83,68787.34,69289.38,1923.21116
2026-02-08 00:00:00,69289.37,69696.57,68888.0,69099.99,2026.40929
2026-02-08 04:00:00,69100.0,69719.07,68952.01,69710.69,2878.17149
2026-02-08 08:00:00,69710.69,71220.0,69514.15,70999.98,5309.31519
2026-02-08 12:00:00,70999.99,71554.95,70707.39,71188.99,3659.2176
2026-02-08 16:00:00,71188.99,71538.05,70251.33,71422.97,2720.17356
2026-02-08 20:00:00,71422.96,72271.41,70000.0,70330.38,4827.24455
2026-02-09 00:00:00,70330.38,71453.53,70068.18,71307.56,4021.31441
2026-02-09 04:00:00,71307.56,71359.37,70311.7,70422.59,2930.6054
2026-02-09 08:00:00,70422.59,70608.83,68420.58,68928.72,6108.89766
2026-02-09 12:00:00,68928.71,69884.82,68308.0,69563.37,6863.78788
2026-02-09 16:00:00,69563.37,71075.31,69100.0,70957.01,6239.20348
2026-02-09 20:00:00,70957.01,71126.0,69823.52,70138.0,2988.91959
2026-02-10 00:00:00,70138.0,70527.59,69208.61,69511.83,2469.62773
2026-02-10 04:00:00,69511.83,69906.5,68682.0,68919.66,3133.48778
2026-02-10 08:00:00,68919.66,69417.7,68459.89,68535.01,3589.46371
2026-02-10 12:00:00,68535.02,69591.2,67800.0,69293.37,5843.11364
2026-02-10 16:00:00,69293.37,69993.65,68604.63,69062.01,3997.49855
2026-02-10 20:00:00,69062.0,69136.91,68362.0,68841.29,1340.57931
2026-02-11 00:00:00,68841.28,69292.88,68011.11,68187.99,1918.23444
2026-02-11 04:00:00,68188.0,68325.0,66557.99,67032.72,5175.02607
2026-02-11 08:00:00,67032.71,67134.42,66369.49,67053.03,3914.08731
2026-02-11 12:00:00,67053.03,68834.34,65756.0,66519.73,9148.58414
2026-02-11 16:00:00,66519.72,67860.44,65876.0,67586.67,5004.8715
2026-02-11 20:00:00,67586.66,68369.77,66787.7,67082.52,3557.44256
2026-02-12 00:00:00,67082.52,68047.48,67055.53,67580.99,2100.97039
2026-02-12 04:00:00,67581.0,67682.69,66670.45,67217.72,2710.60187
2026-02-12 08:00:00,67217.71,68299.0,66891.6,68076.01,3668.0563
2026-02-12 12:00:00,68076.01,68410.52,67014.98,67134.74,4824.24216
2026-02-12 16:00:00,67134.74,67232.04,65118.0,65788.36,7933.48282
2026-02-12 20:00:00,65788.36,66488.9,65215.06,66272.17,3034.38929
2026-02-13 00:00:00,66272.17,66814.0,65872.46,66553.08,2583.39216
2026-02-13 04:00:00,66553.09,66671.62,66002.98,66208.96,2428.41994
2026-02-13 08:00:00,66208.96,67226.66,66191.52,67171.42,2201.58479
2026-02-13 12:00:00,67171.41,69309.8,66867.47,68692.12,6886.55091
2026-02-13 16:00:00,68692.12,69482.97,68540.83,68938.91,4320.62247
2026-02-13 20:00:00,68938.91,69079.4,68683.32,68853.96,1823.97928
2026-02-14 00:00:00,68853.97,69137.5,68768.56,68981.99,1291.93003
2026-02-14 04:00:00,68982.0,69343.0,68730.13,69219.26,2188.37379
2026-02-14 08:00:00,69219.27,70560.01,69218.71,70505.74,3530.97709
2026-02-14 12:00:00,70505.74,70533.67,69064.6,69778.28,7103.62124
2026-02-14 16:00:00,69778.28,69930.9,69283.02,69873.99,2295.28058
2026-02-14 20:00:00,69873.99,70250.46,69668.05,69822.95,1704.6012
2026-02-15 00:00:00,69822.94,69990.02,69251.5,69954.5,1764.94129
2026-02-15 04:00:00,69954.5,70926.42,69459.35,70828.42,4747.14422
2026-02-15 08:00:00,70828.43,70983.0,70182.31,70295.22,2073.25418
2026-02-15 12:00:00,70295.22,70418.48,68772.2,69099.99,3852.56524
2026-02-15 16:00:00,69100.0,69100.0,68000.0,68286.63,8139.52235
2026-02-15 20:00:00,68286.64,69078.49,68120.0,68832.58,1712.6248
2026-02-16 00:00:00,68832.59,69065.5,68143.22,68424.82,1757.09824
2026-02-16 04:00:00,68424.82,68900.0,68228.76,68587.9,1421.8609
2026-02-16 08:00:00,68587.89,69060.77,68338.9,68812.83,1609.09509
2026-02-16 12:00:00,68812.84,70126.67,67294.11,67539.52,6563.57157
2026-02-16 16:00:00,67539.53,68245.34,67513.94,67913.43,2266.56859
2026-02-16 20:00:00,67913.44,68978.88,67827.11,68892.43,1897.57095
2026-02-17 00:00:00,68892.43,69241.5,68387.2,68474.9,1970.0963
2026-02-17 04:00:00,68474.9,68707.49,67892.0,68388.12,1507.90265
2026-02-17 08:00:00,68388.12,68479.17,67690.0,67854.6,1702.22977
2026-02-17 12:00:00,67854.6,68360.5,66621.06,67392.05,5962.49538
2026-02-17 16:00:00,67392.06,68235.39,66881.08,67793.32,4203.96684
2026-02-17 20:00:00,67793.32,67928.08,67394.0,67503.52,1142.37827
2026-02-18 00:00:00,67503.52,67705.65,66892.03,67629.11,1226.88759
2026-02-18 04:00:00,67629.1,68219.81,67500.1,68106.44,1433.81961
2026-02-18 08:00:00,68106.44,68476.22,67076.9,67369.75,1922.15458
2026-02-18 12:00:00,67369.75,68347.72,66717.3,67694.01,4330.13695
2026-02-18 16:00:00,67694.01,67706.94,65870.0,66177.14,4311.92393
2026-02-18 20:00:00,66177.15,66550.0,66053.6,66461.0,2267.51573
2026-02-19 00:00:00,66461.0,66997.07,66345.0,66980.91,1337.23292
2026-02-19 04:00:00,66980.91,67320.0,66679.76,67206.45,1593.15988
2026-02-19 08:00:00,67206.45,67206.45,66478.02,66496.02,1879.33579
2026-02-19 12:00:00,66496.03,66755.39,65631.83,66398.0,4451.59374
2026-02-19 16:00:00,66398.01,67198.1,65899.25,67050.0,3411.99791
2026-02-19 20:00:00,67050.0,67168.86,66652.34,67003.73,1868.94964
2026-02-20 00:00:00,67003.73,67488.67,66949.41,67366.25,1472.92111
2026-02-20 04:00:00,67366.25,68006.0,67115.38,67825.91,2411.4783
2026-02-20 08:00:00,67825.91,68318.39,67280.6,67318.41,3414.63472
2026-02-20 12:00:00,67318.41,68083.98,66280.2,67582.95,16088.45139
2026-02-20 16:00:00,67582.95,68000.0,66952.11,67646.03,9574.1468
2026-02-20 20:00:00,67646.03,68233.99,67520.3,68020.01,2390.23859
2026-02-21 00:00:00,68020.0,68099.54,67534.69,67667.77,1582.09541
2026-02-21 04:00:00,67667.77,67924.39,67593.99,67856.01,716.23217
2026-02-21 08:00:00,67856.01,68314.54,67807.3,68092.45,1384.49772
2026-02-21 12:00:00,68092.45,68698.7,67915.0,68615.0,1818.30536
2026-02-21 16:00:00,68615.01,68658.5,68101.78,68543.51,1410.16439
2026-02-21 20:00:00,68543.51,68605.63,67900.0,67975.93,1121.54626
2026-02-22 00:00:00,67975.93,68222.16,67809.78,68041.43,1114.48202
2026-02-22 04:00:00,68041.42,68178.79,67881.81,68005.3,923.792
2026-02-22 08:00:00,68005.3,68245.0,67912.02,68219.97,733.14137
2026-02-22 12:00:00,68219.97,68232.4,67303.5,67684.14,2531.23331
2026-02-22 16:00:00,67684.15,67718.13,67190.0,67428.32,1575.66204
2026-02-22 20:00:00,67428.32,67751.44,67350.0,67643.4,1296.8241
2026-02-23 00:00:00,67643.39,67684.86,64290.71,64934.17,11022.665
2026-02-23 04:00:00,64934.18,66015.22,64685.64,65958.94,4119.82727
2026-02-23 08:00:00,65958.94,66600.0,65565.78,66207.23,3194.00092
2026-02-23 12:00:00,66207.23,66511.51,65529.73,65660.1,3796.34009
2026-02-23 16:00:00,65660.1,65724.28,64048.71,64295.1,7179.94577
2026-02-23 20:00:00,64295.11,65035.98,63888.79,64656.02,3763.13018
2026-02-24 00:00:00,64656.01,65026.75,63342.9,63595.51,4752.76382
2026-02-24 04:00:00,63595.51,63628.52,62700.8,63192.96,4939.8898
2026-02-24 08:00:00,63192.79,63444.66,62908.92,63227.1,2234.59315
2026-02-24 12:00:00,63227.11,64031.76,62510.28,63973.97,5539.65443
2026-02-24 16:00:00,63973.98,64743.11,63689.54,64435.03,3972.72259
2026-02-24 20:00:00,64435.03,64591.99,63820.5,64058.15,1663.21243
2026-02-25 00:00:00,64058.15,66310.0,63913.27,65391.73,5187.17213
2026-02-25 04:00:00,65391.74,65650.0,64755.26,65028.3,2632.47033
2026-02-25 08:00:00,65028.3,65692.62,64955.79,65430.04,1997.89784
2026-02-25 12:00:00,65430.04,67578.0,65324.62,67412.33,7879.83719
2026-02-25 16:00:00,67412.32,69550.0,67404.0,69038.26,8300.46334
2026-02-25 20:00:00,69038.26,69988.83,67600.0,67988.04,4752.15176
2026-02-26 00:00:00,67988.04,68700.0,67727.52,68216.86,2995.4703
2026-02-26 04:00:00,68216.87,68860.0,67817.87,67825.04,2533.15622
2026-02-26 08:00:00,67825.05,68722.64,67792.0,68051.31,3268.6173
2026-02-26 12:00:00,68051.3,68303.83,66761.16,67382.0,5206.19537
2026-02-26 16:00:00,67382.0,67903.12,66500.0,67589.22,5230.45057
2026-02-26 20:00:00,67589.21,67831.11,67150.14,67485.18,1503.88816
2026-02-27 00:00:00,67485.19,67712.16,66885.0,67600.84,2159.8345
2026-02-27 04:00:00,67600.84,68216.8,67459.3,67690.6,3025.27268
2026-02-27 08:00:00,67690.6,68149.93,65960.01,66126.99,4904.69534
2026-02-27 12:00:00,66126.99,66344.9,65649.34,66095.4,5494.9383
2026-02-27 16:00:00,66095.4,66121.03,65113.72,65392.18,3875.92624
2026-02-27 20:00:00,65392.18,65953.2,64914.46,65872.1,1767.91718
2026-02-28 00:00:00,65872.09,66025.52,65721.13,65797.42,1045.74408
2026-02-28 04:00:00,65797.42,65818.44,63030.0,63826.0,5914.91449
2026-02-28 08:00:00,63825.99,64307.44,63372.1,63844.2,4734.32265
2026-02-28 12:00:00,63844.2,65360.51,63827.2,64841.18,4286.48357
2026-02-28 16:00:00,64841.17,66666.65,64681.81,66362.01,2999.13046
2026-02-28 20:00:00,66362.01,67760.0,66190.61,66973.26,3568.12124
2026-03-01 00:00:00,66973.26,68199.99,66042.72,67502.16,4690.36208
2026-03-01 04:00:00,67502.16,67612.14,66749.35,67141.39,3167.39554
2026-03-01 08:00:00,67141.4,67292.3,66215.71,66468.03,3250.92047
2026-03-01 12:00:00,66468.04,67360.57,66132.27,66842.42,3640.03253
2026-03-01 16:00:00,66842.42,67112.37,65699.98,65962.17,3900.17922
2026-03-01 20:00:00,65962.16,66491.43,65056.0,65776.47,4552.96875
2026-03-02 00:00:00,65776.48,67079.0,65761.04,66820.03,2940.58836
2026-03-02 04:00:00,66820.03,66995.64,65542.6,66007.52,3610.46533
2026-03-02 08:00:00,66007.8,66720.84,65654.54,66359.68,4361.76571
2026-03-02 12:00:00,66359.67,69617.74,65259.21,69130.2,10831.61306
2026-03-02 16:00:00,69130.2,70096.0,68576.18,68966.53,6828.10762
2026-03-02 20:00:00,68966.52,69539.77,68584.9,68830.06,3437.84423
2026-03-03 00:00:00,68830.06,69258.08,68210.71,68377.94,2362.09713
2026-03-03 04:00:00,68377.94,68617.42,67800.0,68172.8,3337.11294
2026-03-03 08:00:00,68172.79,68311.83,66340.14,67026.61,6082.75912
2026-03-03 12:00:00,67026.6,67973.2,66158.0,67725.81,5443.2888
2026-03-03 16:00:00,67725.82,68999.0,67473.09,68435.0,5484.70019
2026-03-03 20:00:00,68435.0,68860.0,67832.3,68338.0,2262.28362
2026-03-04 00:00:00,68338.01,68909.34,67400.0,67732.2,3814.8635
2026-03-04 04:00:00,67732.19,69668.0,67467.6,69493.13,5088.84069
2026-03-04 08:00:00,69493.14,71893.0,69098.91,71111.4,12146.09777
2026-03-04 12:00:00,71111.4,73479.75,70588.0,73396.88,11378.24344
2026-03-04 16:00:00,73396.87,74050.0,72541.69,73611.1,8665.00622
2026-03-04 20:00:00,73611.67,73716.0,72313.04,72666.77,3826.02448
2026-03-05 00:00:00,72666.77,73306.82,72336.76,72497.89,3122.96483
2026-03-05 04:00:00,72497.89,73081.08,71759.95,72055.5,4346.02458
2026-03-05 08:00:00,72055.5,73558.15,71757.17,72915.79,6262.38044
2026-03-05 12:00:00,72915.8,73063.38,71168.65,71652.77,5607.55823
2026-03-05 16:00:00,71652.77,71654.65,70645.47,70918.07,4306.65518
2026-03-05 20:00:00,70918.08,71572.3,70777.0,70890.72,2944.92927
2026-03-06 00:00:00,70891.02,71419.98,70344.03,71080.38,3031.93266
2026-03-06 04:00:00,71080.37,71192.76,70143.19,71056.44,3088.31108
2026-03-06 08:00:00,71056.44,71067.58,70184.01,70212.95,2441.15545
2026-03-06 12:00:00,70212.94,70341.76,68176.47,68504.71,8554.35815
2026-03-06 16:00:00,68504.71,68795.44,67744.78,68131.79,3324.41432
2026-03-06 20:00:00,68131.79,68440.92,67777.0,68114.02,2189.71556
2026-03-07 00:00:00,68114.02,68551.04,68060.6,68095.5,1736.7267
2026-03-07 04:00:00,68095.5,68147.73,67446.41,67842.67,2373.66763
2026-03-07 08:00:00,67842.67,68232.27,67720.98,68010.01,1490.07738
2026-03-07 12:00:00,68010.0,68085.41,67609.44,67877.45,1728.39414
2026-03-07 16:00:00,67877.45,67935.01,66915.26,67080.34,3059.42816
2026-03-07 20:00:00,67080.33,67483.05,67068.01,67262.91,2331.24914
2026-03-08 00:00:00,67262.91,67481.96,66833.58,67000.26,2883.43952
2026-03-08 04:00:00,67000.26,67465.11,66547.15,67319.91,2866.09804
2026-03-08 08:00:00,67319.9,68200.0,67156.93,67515.0,3303.40428
2026-03-08 12:00:00,67515.0,67650.94,66761.68,67218.23,4464.48396
2026-03-08 16:00:00,67218.23,67485.24,66745.54,67337.42,2550.26884
2026-03-08 20:00:00,67337.41,67609.08,65618.49,65971.2,5525.94437
2026-03-09 00:00:00,65971.2,67668.64,65821.97,67205.05,5224.01016
2026-03-09 04:00:00,67205.06,68069.29,66853.48,67555.13,3826.34806
2026-03-09 08:00:00,67555.13,68460.09,67344.45,67764.98,4105.57826
2026-03-09 12:00:00,67764.99,69480.0,67759.57,68863.66,7802.97956
2026-03-09 16:00:00,68863.67,69516.65,68179.12,68991.93,5039.37719
2026-03-09 20:00:00,68991.93,69145.28,68384.69,68432.16,2898.42807
2026-03-10 00:00:00,68432.16,70578.29,68391.41,69429.85,5314.5727
2026-03-10 04:00:00,69429.85,70546.74,69429.85,70406.01,4907.28195
2026-03-10 08:00:00,70406.01,71300.0,70369.0,70580.94,6270.5173
2026-03-10 12:00:00,70580.95,71777.0,69266.06,71346.16,7000.10748
2026-03-10 16:00:00,71346.17,71700.0,69739.0,70043.63,5504.97942
2026-03-10 20:00:00,70043.63,70417.3,69452.42,69948.63,3605.11841
2026-03-11 00:00:00,69948.64,70173.25,69488.7,69551.91,4402.46797
2026-03-11 04:00:00,69551.91,70281.87,69420.0,69648.29,3080.54464
2026-03-11 08:00:00,69648.28,69786.32,69150.28,69173.0,3538.73168
2026-03-11 12:00:00,69172.99,71091.18,68977.91,70227.91,7789.43505
2026-03-11 16:00:00,70227.92,71321.0,70161.78,70641.82,5738.49617
2026-03-11 20:00:00,70641.81,70950.0,70125.83,70191.86,2699.59991
2026-03-12 00:00:00,70191.86,70353.87,69226.52,69446.61,2576.17397
2026-03-12 04:00:00,69446.61,69865.98,69205.91,69826.19,2721.97342
2026-03-12 08:00:00,69826.19,70800.0,69580.0,70427.91,4649.38407
2026-03-12 12:00:00,70427.9,70660.69,69355.34,70334.88,6097.47646
2026-03-12 16:00:00,70334.89,70569.15,69770.85,70432.32,3616.058
2026-03-12 20:00:00,70432.33,70734.25,70013.17,70541.34,2336.09458
2026-03-13 00:00:00,70541.34,72000.0,70386.01,71405.75,5755.69452
2026-03-13 04:00:00,71405.76,71672.76,71180.19,71612.22,4181.63698
2026-03-13 08:00:00,71612.23,72575.98,71385.28,72228.82,5105.1507
2026-03-13 12:00:00,72228.81,73913.74,71736.34,71831.46,12303.83944
2026-03-13 16:00:00,71831.46,72249.99,70841.23,71189.95,5469.31306
2026-03-13 20:00:00,71189.96,71491.03,70559.02,70930.0,3180.98208
2026-03-14 00:00:00,70930.01,71185.23,70481.7,71081.3,3513.45361
2026-03-14 04:00:00,71081.31,71307.92,70317.0,70596.68,2929.58232
2026-03-14 08:00:00,70596.68,70784.38,70389.08,70751.42,2494.95824
2026-03-14 12:00:00,70751.42,70941.17,70501.0,70580.09,2537.57782
2026-03-14 16:00:00,70580.09,70740.34,70500.0,70700.0,686.93095
2026-03-14 20:00:00,70699.99,71253.17,70650.09,71211.95,854.74443
2026-03-15 00:00:00,71211.95,71634.08,70858.82,71363.14,2591.56425
2026-03-15 04:00:00,71363.13,71800.68,71330.66,71453.59,2377.69395
2026-03-15 08:00:00,71453.59,71940.49,71453.59,71839.42,2170.1455
2026-03-15 12:00:00,71839.41,71839.42,71263.99,71481.24,2095.3494
2026-03-15 16:00:00,71481.24,71989.93,71320.08,71549.94,1241.1248
2026-03-15 20:00:00,71549.94,73199.0,71433.75,72815.24,3561.42914
2026-03-16 00:00:00,72815.25,74330.34,72270.41,73573.32,5313.15699
2026-03-16 04:00:00,73573.31,74451.03,73385.18,73456.68,5517.22506
2026-03-16 08:00:00,73456.69,73838.76,72888.8,73552.77,3812.93394
2026-03-16 12:00:00,73552.78,74509.52,72990.52,73274.76,5744.41989
2026-03-16 16:00:00,73274.75,74418.6,73160.66,73963.0,4131.80846
2026-03-16 20:00:00,73963.0,74909.08,73863.2,74884.67,3889.98585
2026-03-17 00:00:00,74884.67,76000.0,74268.73,74463.98,6925.21053
2026-03-17 04:00:00,74463.98,74712.89,73784.0,74249.32,4918.92532
2026-03-17 08:00:00,74249.32,74452.97,73560.98,74033.11,3022.84272
2026-03-17 12:00:00,74033.1,74893.94,73399.19,73914.39,4507.55719
2026-03-17 16:00:00,73914.4,74800.0,73855.24,74512.17,3050.04683
2026-03-17 20:00:00,74511.21,74799.0,73871.74,73909.36,2096.68377
2026-03-18 00:00:00,73909.37,74672.34,73535.36,74446.14,2220.38681
2026-03-18 04:00:00,74446.14,74486.3,73700.01,73883.8,2292.66886
2026-03-18 08:00:00,73883.8,74281.33,72800.0,72952.85,3439.26859
2026-03-18 12:00:00,72952.85,72981.79,70857.21,71467.82,8373.20589
2026-03-18 16:00:00,71467.82,72000.5,70933.85,71072.38,4336.24884
2026-03-18 20:00:00,71072.38,71451.22,70500.0,71246.54,2731.10194
2026-03-19 00:00:00,71246.55,71613.79,70902.37,71215.39,2427.94963
2026-03-19 04:00:00,71215.39,71215.39,69478.51,70191.17,4492.82933
2026-03-19 08:00:00,70191.16,70560.91,69900.0,69952.75,3434.1741
2026-03-19 12:00:00,69952.75,70179.53,68793.35,69412.51,6707.39933
2026-03-19 16:00:00,69412.52,70596.42,69122.03,70271.99,3251.17683
2026-03-19 20:00:00,70272.0,70695.6,69718.23,69930.0,2051.28897
2026-03-20 00:00:00,69930.01,70809.43,69837.1,70729.92,2423.03588
2026-03-20 04:00:00,70729.93,70969.71,70160.06,70854.66,2609.94577
2026-03-20 08:00:00,70854.66,71367.0,70218.68,70478.71,3112.13588
2026-03-20 12:00:00,70478.71,70685.63,69480.0,69860.09,4715.91571
2026-03-20 16:00:00,69860.09,70190.18,69388.0,70177.86,3079.98123
2026-03-20 20:00:00,70177.85,70923.75,69754.71,70510.73,2180.15298
2026-03-21 00:00:00,70510.73,70826.0,70431.67,70657.35,1194.32406
2026-03-21 04:00:00,70657.35,70879.76,70617.05,70727.33,2717.2463
2026-03-21 08:00:00,70727.33,70753.79,70492.02,70652.72,2045.34328
2026-03-21 12:00:00,70652.73,71100.94,70453.09,70630.02,1644.14012
2026-03-21 16:00:00,70630.02,70652.64,70210.0,70396.0,1221.39503
2026-03-21 20:00:00,70396.01,70516.82,68571.42,68918.12,4574.71871
2026-03-22 00:00:00,68918.12,69588.79,68228.5,69339.99,4148.48971
2026-03-22 04:00:00,69340.0,69526.85,68892.93,68919.38,1759.92655
2026-03-22 08:00:00,68919.37,68990.67,68110.55,68217.95,2582.06971
2026-03-22 12:00:00,68217.94,69005.71,68199.04,68847.96,1809.03421
2026-03-22 16:00:00,68847.97,68885.53,68145.01,68199.93,1323.42339
2026-03-22 20:00:00,68199.93,68498.4,67360.66,67859.0,3220.84325
2026-03-23 00:00:00,67859.0,68585.12,67445.18,68074.6,2495.61558
2026-03-23 04:00:00,68074.6,68915.4,67502.48,68333.16,4814.40128
2026-03-23 08:00:00,68333.16,71499.0,67916.14,70122.15,9165.95784
2026-03-23 12:00:00,70122.15,71817.09,69671.95,70131.48,7343.07463
2026-03-23 16:00:00,70131.48,71246.01,70131.47,70679.05,3251.32187
2026-03-23 20:00:00,70679.04,70998.0,70404.39,70906.45,1264.71999
2026-03-24 00:00:00,70906.45,71099.96,70278.46,70542.9,2279.09671
2026-03-24 04:00:00,70542.9,71400.0,70119.06,71291.7,3689.3445
2026-03-24 08:00:00,71291.7,71368.61,70850.11,71157.77,2477.92852
2026-03-24 12:00:00,71157.77,71177.66,69507.34,69873.04,5583.13531
2026-03-24 16:00:00,69873.04,70001.92,68923.07,69377.33,3539.49609
2026-03-24 20:00:00,69377.33,70832.54,69296.15,70556.74,3133.42131
2026-03-25 00:00:00,70556.74,71100.28,70408.0,70716.7,2504.53992
2026-03-25 04:00:00,70716.7,71345.0,70703.83,70926.88,2879.13545
2026-03-25 08:00:00,70926.88,72026.09,70800.0,71678.97,3287.51237
2026-03-25 12:00:00,71678.97,71963.71,70530.47,70832.99,4210.48461
2026-03-25 16:00:00,70832.99,71752.88,70681.07,70883.31,2995.16787
2026-03-25 20:00:00,70883.32,71594.11,70646.34,71336.53,1842.66044
2026-03-26 00:00:00,71336.53,71436.82,70672.37,70921.47,2157.03878
2026-03-26 04:00:00,70921.47,70921.47,69805.0,70087.44,3434.08444
2026-03-26 08:00:00,70087.44,70144.44,69192.96,69276.01,3321.72857
2026-03-26 12:00:00,69276.01,69877.45,68632.4,69082.64,4699.85538
2026-03-26 16:00:00,69082.64,69162.0,68153.0,68534.36,4026.59411
2026-03-26 20:00:00,68534.37,69478.42,68436.74,68820.31,3181.1564
2026-03-27 00:00:00,68820.31,69179.05,68531.37,68767.51,2714.9612
2026-03-27 04:00:00,68767.5,68955.53,68304.14,68540.48,3934.07819
2026-03-27 08:00:00,68540.49,68635.07,66231.96,66702.78,7325.96218
2026-03-27 12:00:00,66702.78,66773.25,65730.17,66112.82,8273.04177
2026-03-27 16:00:00,66112.82,66290.0,65548.25,66040.66,3963.05735
2026-03-27 20:00:00,66040.65,66420.75,65817.44,66407.28,2392.59488
2026-03-28 00:00:00,66407.28,66520.46,65932.09,66240.0,2309.42704
2026-03-28 04:00:00,66240.0,66573.61,66110.0,66561.48,2351.82142
2026-03-28 08:00:00,66561.49,66570.09,66124.4,66319.47,1871.98665
2026-03-28 12:00:00,66319.46,67288.94,66240.87,67014.91,2726.87142
2026-03-28 16:00:00,67014.92,67096.77,66704.0,66916.52,1090.61096
2026-03-28 20:00:00,66916.52,67010.0,66283.38,66377.03,1111.68098
2026-03-29 00:00:00,66377.04,67130.5,66281.4,66912.0,1535.14396
2026-03-29 04:00:00,66912.0,66936.6,66556.78,66671.0,1351.87148
2026-03-29 08:00:00,66671.0,66988.01,66418.0,66816.28,1084.63055
2026-03-29 12:00:00,66816.29,66875.24,66334.37,66523.0,1436.58796
2026-03-29 16:00:00,66523.01,66665.05,66158.26,66348.62,994.8232
2026-03-29 20:00:00,66348.61,66793.83,65000.0,66010.93,3649.79869
2026-03-30 00:00:00,66010.93,67450.0,65800.59,67173.8,3701.61439
2026-03-30 04:00:00,67173.8,67800.0,67167.92,67624.39,2742.98319
2026-03-30 08:00:00,67624.39,68042.3,67360.41,67680.45,3383.09323
2026-03-30 12:00:00,67680.44,68169.65,67088.73,67629.4,4177.92296
2026-03-30 16:00:00,67629.4,67641.65,66233.13,66550.05,2673.9969
2026-03-30 20:00:00,66550.06,66994.17,66419.79,66797.37,1673.77908
2026-03-31 00:00:00,66797.38,68408.37,66544.51,67704.74,2940.06225
2026-03-31 04:00:00,67704.74,67979.38,67103.32,67367.69,3894.57803
2026-03-31 08:00:00,67367.7,67496.0,65998.05,66685.69,4187.99082
2026-03-31 12:00:00,66685.69,67767.87,66427.53,66736.8,4137.18923
2026-03-31 16:00:00,66736.79,68589.49,66729.28,67838.8,4391.49464
2026-03-31 20:00:00,67838.79,68410.3,67831.7,68284.48,2554.09165
2026-04-01 00:00:00,68284.49,68378.64,67578.75,68170.67,3175.60054
2026-04-01 04:00:00,68170.67,69310.0,68005.33,68692.0,4308.24633
2026-04-01 08:00:00,68692.0,68851.35,68389.21,68712.52,3486.85039
2026-04-01 12:00:00,68712.52,68965.0,67918.83,68918.52,4091.84986
2026-04-01 16:00:00,68918.52,69171.77,67939.28,68176.84,2610.209
2026-04-01 20:00:00,68176.84,68534.0,67964.48,68113.92,1347.43378
2026-04-02 00:00:00,68113.92,68653.38,66500.0,66576.25,4290.09553
2026-04-02 04:00:00,66576.25,66961.26,66217.07,66930.79,2994.81146
2026-04-02 08:00:00,66930.79,66930.79,66167.1,66220.28,2840.44212
2026-04-02 12:00:00,66220.28,67104.86,65712.12,66852.91,4983.19383
2026-04-02 16:00:00,66852.91,67430.99,66596.8,66975.99,3741.79932
2026-04-02 20:00:00,66976.0,67100.0,66731.08,66901.99,1353.1369
2026-04-03 00:00:00,66901.99,67000.0,66282.0,66579.97,2208.57089
2026-04-03 04:00:00,66579.98,67247.38,66416.68,67042.08,2873.22499
2026-04-03 08:00:00,67042.08,67288.0,66674.72,67017.44,1439.81595
2026-04-03 12:00:00,67017.43,67370.42,66508.1,66827.15,2358.77199
2026-04-03 16:00:00,66827.15,67069.0,66751.86,66885.74,1215.72021
2026-04-03 20:00:00,66885.73,66970.18,66826.13,66964.3,1333.02728
2026-04-04 00:00:00,66964.29,66968.28,66814.0,66832.18,803.20366
2026-04-04 04:00:00,66832.18,67052.99,66775.91,67014.96,1728.28038
2026-04-04 08:00:00,67014.95,67232.72,66918.0,67156.93,1347.31961
2026-04-04 12:00:00,67156.93,67562.93,67029.07,67383.66,1507.29551
2026-04-04 16:00:00,67383.66,67543.6,67265.0,67288.42,858.41299
2026-04-04 20:00:00,67288.42,67504.54,67186.62,67300.42,1129.00398
2026-04-05 00:00:00,67300.42,67307.28,66955.72,67145.98,1216.87122
2026-04-05 04:00:00,67145.98,67188.51,66611.66,66820.64,1903.42714
2026-04-05 08:00:00,66820.64,67150.0,66819.42,66999.0,1062.42874
2026-04-05 12:00:00,66998.99,67856.16,66680.57,67306.64,2736.41551
2026-04-05 16:00:00,67306.65,67560.45,67173.4,67361.01,965.55771
2026-04-05 20:00:00,67361.01,69136.2,67332.66,69034.18,3848.7672
2026-04-06 00:00:00,69034.18,69588.0,68776.61,69123.69,4502.91561
2026-04-06 04:00:00,69123.69,69354.26,68806.53,69115.91,2814.82721
2026-04-06 08:00:00,69115.91,70283.32,69081.88,69614.91,3999.04132
2026-04-06 12:00:00,69614.91,69973.25,69163.86,69968.87,3409.36539
2026-04-06 16:00:00,69968.87,70351.46,69282.02,69739.53,3175.25769
2026-04-06 20:00:00,69739.52,69974.08,68300.0,68853.66,2380.20322
2026-04-07 00:00:00,68853.66,69128.2,68273.34,68779.21,2422.31591
2026-04-07 04:00:00,68779.2,68981.83,68443.0,68624.61,1823.63549
2026-04-07 08:00:00,68624.6,69247.9,68071.96,68345.75,2273.58534
2026-04-07 12:00:00,68345.75,68633.87,67732.01,68168.1,4041.29436
2026-04-07 16:00:00,68168.11,69098.44,68085.01,69011.29,3817.42066
2026-04-07 20:00:00,69011.29,72761.0,69011.29,71924.22,9372.24485
2026-04-08 00:00:00,71924.22,72110.65,71240.99,71287.39,3370.06511
2026-04-08 04:00:00,71287.39,71941.42,71287.38,71627.59,3297.9557
2026-04-08 08:00:00,71627.59,71955.0,71407.77,71675.12,2214.64952
2026-04-08 12:00:00,71675.12,72857.0,70707.23,71310.0,6816.03917
2026-04-08 16:00:00,71309.99,71963.94,71019.0,71318.48,2617.29334
2026-04-08 20:00:00,71318.47,71748.0,70901.89,71069.93,1486.68343
2026-04-09 00:00:00,71069.93,71198.8,70466.0,70992.39,2645.29554
2026-04-09 04:00:00,70992.37,71116.0,70689.38,70982.01,2261.38499
2026-04-09 08:00:00,70982.01,71575.0,70865.42,71150.17,1825.96774
2026-04-09 12:00:00,71150.17,72358.0,70522.77,72141.99,4001.11726
2026-04-09 16:00:00,72142.0,72550.0,71729.66,72096.32,4013.80807
2026-04-09 20:00:00,72096.33,73145.0,71585.25,71787.97,3410.84799
2026-04-10 00:00:00,71787.98,72387.0,71573.35,71868.67,2706.87605
2026-04-10 04:00:00,71868.67,72267.89,71428.0,71481.85,2293.26674
2026-04-10 08:00:00,71481.85,72261.93,71426.15,72127.59,1565.72366
2026-04-10 12:00:00,72127.59,73289.96,71899.51,72460.51,5093.36163
2026-04-10 16:00:00,72460.52,73264.76,72387.41,73236.11,2498.15366
2026-04-10 20:00:00,73236.11,73434.0,72700.6,72962.7,3215.25114
2026-04-11 00:00:00,72962.71,73094.89,72670.0,72866.63,1637.40665
2026-04-11 04:00:00,72866.62,72954.28,72612.16,72745.38,1432.18692
2026-04-11 08:00:00,72745.38,72915.95,72617.75,72907.05,905.10314
2026-04-11 12:00:00,72907.05,72982.4,72513.09,72858.17,1133.77392
2026-04-11 16:00:00,72858.18,73790.0,72812.94,73687.15,2377.30473
2026-04-11 20:00:00,73687.16,73689.97,72907.4,73043.16,1585.16838
2026-04-12 00:00:00,73043.16,73137.24,71310.0,71593.19,4092.12587
2026-04-12 04:00:00,71593.18,71781.0,71417.22,71665.0,1969.72049
2026-04-12 08:00:00,71664.99,71805.85,71357.76,71468.55,1780.81611
2026-04-12 12:00:00,71468.54,71500.0,70604.07,70892.03,2361.32179
2026-04-12 16:00:00,70892.04,71222.58,70821.05,71084.18,991.98626
2026-04-12 20:00:00,71084.18,71452.0,70505.88,70740.98,2276.49749
2026-04-13 00:00:00,70741.56,71271.78,70615.3,70976.0,1886.6472
2026-04-13 04:00:00,70975.99,71144.0,70672.72,70813.88,2674.10149
2026-04-13 08:00:00,70813.88,70997.12,70566.99,70929.68,1023.04479
2026-04-13 12:00:00,70929.68,72464.28,70758.5,71866.59,5445.44909
2026-04-13 16:00:00,71866.59,73480.0,71679.8,73322.82,6766.75131
2026-04-13 20:00:00,73322.0,74900.0,73007.08,74417.99,6434.22237
2026-04-14 00:00:00,74418.0,74579.32,73954.86,74444.43,3586.04231
2026-04-14 04:00:00,74444.44,74924.64,74150.6,74546.0,3393.84035
2026-04-14 08:00:00,74545.99,74910.0,74307.35,74376.52,2697.70497
2026-04-14 12:00:00,74376.52,76038.0,74277.19,75317.07,9779.47075
2026-04-14 16:00:00,75317.06,75688.0,73795.47,74223.18,4920.10933
2026-04-14 20:00:00,74223.3,74434.33,73806.09,74131.55,2155.77685
2026-04-15 00:00:00,74131.55,74786.72,74126.32,74345.97,2142.74367
2026-04-15 04:00:00,74345.98,74434.51,73514.0,73730.43,3073.4123
2026-04-15 08:00:00,73730.43,74256.44,73675.96,74201.78,1889.67298
2026-04-15 12:00:00,74201.78,74506.84,73580.85,73844.08,2744.86135
2026-04-15 16:00:00,73844.07,75281.0,73762.89,75002.6,2728.37363
2026-04-15 20:00:00,75002.6,75425.0,74512.06,74809.99,1845.97774
2026-04-16 00:00:00,74809.99,75267.85,74451.49,74888.21,1937.97594
2026-04-16 04:00:00,74888.21,75174.38,74636.0,74707.03,2185.42777
2026-04-16 08:00:00,74707.02,74901.5,74277.34,74574.79,2687.27336
2026-04-16 12:00:00,74574.8,75030.39,73309.85,74697.19,5210.02393
2026-04-16 16:00:00,74697.2,75410.71,73912.23,75342.99,3497.56
2026-04-16 20:00:00,75343.0,75534.76,74789.5,75154.29,1570.42677
2026-04-17 00:00:00,75154.28,75154.77,74529.4,74615.82,2160.86835
2026-04-17 04:00:00,74615.82,75089.51,74555.12,75074.77,1339.49148
2026-04-17 08:00:00,75074.76,76370.25,74993.24,75589.7,4979.26567
2026-04-17 12:00:00,75589.7,78052.49,75531.97,77785.02,11844.17586
2026-04-17 16:00:00,77785.03,78333.0,77000.0,77393.58,3865.48754
2026-04-17 20:00:00,77393.58,77611.68,76911.0,77072.0,1752.07804
2026-04-18 00:00:00,77072.01,77420.08,76962.67,77005.47,1127.42699
2026-04-18 04:00:00,77005.47,77278.58,76884.1,76997.8,1126.90915
2026-04-18 08:00:00,76997.79,77048.0,75763.76,76039.05,2670.18059
2026-04-18 12:00:00,76039.06,76363.75,75797.53,76167.34,1672.54902
2026-04-18 16:00:00,76167.33,76211.57,75445.16,75649.85,1564.20833
2026-04-18 20:00:00,75649.86,75891.64,75599.64,75691.76,980.57048
2026-04-19 00:00:00,75691.76,75847.42,75357.0,75515.77,1006.37687
2026-04-19 04:00:00,75515.76,75782.63,74867.72,75252.34,1626.173
2026-04-19 08:00:00,75252.33,75641.99,74921.74,75604.11,1388.70023
2026-04-19 12:00:00,75604.11,76240.66,75401.44,75846.63,2918.88485
2026-04-19 16:00:00,75846.63,75853.26,74608.0,74965.47,2037.3962
2026-04-19 20:00:00,74965.46,74965.47,73762.9,73801.79,2392.29117
2026-04-20 00:00:00,73801.8,74746.93,73724.31,74634.0,2498.4367
2026-04-20 04:00:00,74634.01,75572.0,74095.18,74837.17,2480.55303
2026-04-20 08:00:00,74837.18,75404.63,74619.41,75192.71,1646.53372
2026-04-20 12:00:00,75192.72,75772.72,74702.0,75716.77,3717.10765
2026-04-20 16:00:00,75716.78,76486.67,75289.92,76296.96,4186.21296
2026-04-20 20:00:00,76296.97,76558.62,75617.6,75840.97,2464.56628
2026-04-21 00:00:00,75840.97,76263.4,75474.77,75710.3,1612.43915
2026-04-21 04:00:00,75710.31,76300.0,75600.0,76084.34,2226.77918
2026-04-21 08:00:00,76084.34,76927.57,76063.98,76452.94,2659.19547
2026-04-21 12:00:00,76452.94,76595.3,75430.62,75834.65,3598.9457
2026-04-21 16:00:00,75834.66,76190.72,74821.57,75023.43,2902.15339
2026-04-21 20:00:00,75023.43,76425.37,74967.58,76336.15,1913.05843
2026-04-22 00:00:00,76336.14,77733.11,76132.95,77521.48,3427.92326
2026-04-22 04:00:00,77521.47,78452.18,77364.25,78012.79,4391.05885
2026-04-22 08:00:00,78012.78,78399.0,77941.59,78300.0,2316.44812
2026-04-22 12:00:00,78300.0,79400.0,78114.04,79272.9,5465.82641
2026-04-22 16:00:00,79272.91,79472.82,78632.37,78846.62,2393.5344
2026-04-22 20:00:00,78846.62,78915.84,78155.83,78178.23,1742.72121
2026-04-23 00:00:00,78178.22,78574.44,77453.43,77746.46,3482.97564
2026-04-23 04:00:00,77746.47,78339.35,77675.8,78048.62,1711.42731
2026-04-23 08:00:00,78048.61,78175.52,77174.01,77704.62,3562.23716
2026-04-23 12:00:00,77704.61,78662.5,77379.92,78376.76,3163.89025
2026-04-23 16:00:00,78376.77,78509.82,76960.0,77727.26,3947.74807
2026-04-23 20:00:00,77727.25,78331.0,77637.5,78257.48,1102.51658
2026-04-24 00:00:00,78257.48,78581.93,77555.0,77737.85,2050.74535
2026-04-24 04:00:00,77737.84,78057.65,77457.0,77644.6,2006.47598
2026-04-24 08:00:00,77644.59,78372.58,77402.01,78240.26,2919.1254
2026-04-24 12:00:00,78240.27,78479.37,77577.22,78038.62,2850.11432
2026-04-24 16:00:00,78038.63,78060.29,77363.63,77628.85,1634.32254
2026-04-24 20:00:00,77628.84,77757.14,77264.08,77437.13,1214.35956
2026-04-25 00:00:00,77437.13,77711.87,77309.92,77679.07,943.00804
2026-04-25 04:00:00,77679.08,77691.23,77450.0,77501.19,894.01774
2026-04-25 08:00:00,77501.19,77885.35,77491.36,77682.3,753.19705
2026-04-25 12:00:00,77682.29,77752.54,77299.89,77330.26,1006.59668
2026-04-25 16:00:00,77330.25,77454.31,77140.23,77330.01,1247.67486
2026-04-25 20:00:00,77330.0,77650.0,77311.05,77625.0,840.61983
2026-04-26 00:00:00,77625.0,77642.43,77326.51,77400.21,671.17692
2026-04-26 04:00:00,77400.21,78200.0,77383.46,78102.53,1405.76785
2026-04-26 08:00:00,78102.53,78210.0,77926.59,78101.44,721.69853
2026-04-26 12:00:00,78101.43,78173.15,77770.0,78049.0,1130.54235
2026-04-26 16:00:00,78049.0,78500.0,77850.0,78221.16,1505.06004
2026-04-26 20:00:00,78221.17,78961.0,77843.75,78657.55,2529.31593
2026-04-27 00:00:00,78657.55,79485.66,78400.03,79105.49,3042.99628
2026-04-27 04:00:00,79105.5,79160.0,77465.05,77606.6,3608.39615
2026-04-27 08:00:00,77606.59,77980.0,77553.23,77844.26,1607.93582
2026-04-27 12:00:00,77844.25,78265.34,76564.33,76793.09,3804.78309
2026-04-27 16:00:00,76793.1,76990.43,76459.64,76878.07,2644.9239
2026-04-27 20:00:00,76878.23,77450.0,76763.71,77371.32,1337.88894
2026-04-28 00:00:00,77371.32,77478.0,76672.0,76815.18,1448.26407
2026-04-28 04:00:00,76815.18,77154.0,76424.9,76879.28,2882.71195
2026-04-28 08:00:00,76879.28,77013.63,76130.1,76229.0,2842.73206
2026-04-28 12:00:00,76228.99,76421.94,75666.6,76066.38,3776.77215
2026-04-28 16:00:00,76066.37,76380.83,75881.28,76330.97,1381.80454
2026-04-28 20:00:00,76330.97,76481.3,76197.02,76342.77,878.43906
2026-04-29 00:00:00,76342.78,77127.62,76187.75,76994.78,1891.92924
2026-04-29 04:00:00,76994.77,77455.71,76880.0,77053.64,2974.5751
2026-04-29 08:00:00,77053.65,77904.93,76972.32,77590.03,2697.20554
2026-04-29 12:00:00,77590.04,77596.39,75705.32,75924.25,5263.52444
2026-04-29 16:00:00,75924.24,76274.8,74937.52,75563.86,3962.49362
2026-04-29 20:00:00,75563.87,76088.9,75497.43,75780.0,1490.20228
2026-04-30 00:00:00,75780.0,76473.26,75494.7,75928.1,1613.44526
2026-04-30 04:00:00,75928.09,76179.91,75323.65,76161.67,1807.58096
2026-04-30 08:00:00,76161.67,76339.38,75876.29,76059.43,1712.03014
2026-04-30 12:00:00,76059.42,76669.14,76042.75,76473.6,3506.19966
2026-04-30 16:00:00,76473.6,76514.8,76111.0,76412.8,930.96663
2026-04-30 20:00:00,76412.8,76568.9,76206.02,76346.57,811.59342
2026-05-01 00:00:00,76346.58,77453.74,76320.42,77131.08,2250.38749
2026-05-01 04:00:00,77131.08,77206.38,76653.6,77130.54,2352.39487
2026-05-01 08:00:00,77130.54,77600.0,77048.0,77463.98,1968.27324
2026-05-01 12:00:00,77463.98,78914.12,77408.73,78445.89,6731.19551
2026-05-01 16:00:00,78445.88,78683.23,78131.02,78360.0,2194.42574
2026-05-01 20:00:00,78360.01,78422.81,77752.0,78231.13,1818.78817
2026-05-02 00:00:00,78231.13,78514.82,78166.48,78400.0,1196.13639
2026-05-02 04:00:00,78399.99,78448.99,78040.0,78220.0,1475.03871
2026-05-02 08:00:00,78220.0,78394.0,78094.43,78143.08,868.1323
2026-05-02 12:00:00,78143.09,78487.68,78108.41,78487.67,726.08154
2026-05-02 16:00:00,78487.67,78596.61,78310.54,78486.0,708.03792
2026-05-02 20:00:00,78486.23,79199.48,78418.32,78686.85,1177.44956
2026-05-03 00:00:00,78686.84,78754.55,78108.75,78203.08,1047.76325
2026-05-03 04:00:00,78203.07,78483.67,78084.08,78363.25,794.16967
2026-05-03 08:00:00,78363.24,78849.22,78354.53,78656.01,948.77514
2026-05-03 12:00:00,78656.01,78878.77,78586.99,78668.36,1137.8563
2026-05-03 16:00:00,78668.36,78853.32,78558.65,78760.32,916.2637
2026-05-03 20:00:00,78760.32,79447.0,78484.42,78568.57,2580.96484
2026-05-04 00:00:00,78568.58,80458.0,78288.88,80316.31,5091.61332
2026-05-04 04:00:00,80316.3,80635.51,79500.0,79696.75,3632.41236
2026-05-04 08:00:00,79696.75,79930.0,78202.0,78793.67,5989.03806
2026-05-04 12:00:00,78793.67,80545.17,78500.0,80028.85,5918.14009
2026-05-04 16:00:00,80028.85,80776.99,79619.33,80053.31,3742.49503
2026-05-04 20:00:00,80053.31,80397.19,79744.91,79861.01,1669.26249
2026-05-05 00:00:00,79861.01,81083.98,79808.72,80893.08,2402.14099
2026-05-05 04:00:00,80893.08,81323.52,80725.0,80855.59,2974.59341
2026-05-05 08:00:00,80855.59,81095.48,80527.76,81014.05,2484.57226
2026-05-05 12:00:00,81014.05,81712.32,80932.54,81525.19,4561.19169
2026-05-05 16:00:00,81525.19,81680.0,81050.04,81606.35,1780.45876
2026-05-05 20:00:00,81606.35,81791.48,80790.0,80905.52,2744.22284
2026-05-06 00:00:00,80905.53,81760.84,80731.14,81581.69,3011.74344
2026-05-06 04:00:00,81581.7,81649.99,81060.0,81359.82,2300.70653
2026-05-06 08:00:00,81359.82,82850.0,81328.68,82522.89,5188.93186
2026-05-06 12:00:00,82522.88,82539.33,81136.0,81704.25,4508.6602
2026-05-06 16:00:00,81704.25,81907.51,81200.0,81464.87,2369.91746
2026-05-06 20:00:00,81464.86,81700.0,81000.0,81447.01,1418.81447
2026-05-07 00:00:00,81447.01,81490.03,80830.23,80834.91,2068.1731
2026-05-07 04:00:00,80834.92,81708.32,80725.09,81518.58,2038.83969
2026-05-07 08:00:00,81518.57,81590.0,80572.4,80866.65,2364.09693
2026-05-07 12:00:00,80866.65,81180.0,79699.52,79890.63,4826.66306
2026-05-07 16:00:00,79890.0,80269.06,79500.0,80146.11,3315.14425
2026-05-07 20:00:00,80146.77,80371.23,79582.95,80006.0,1541.88635
2026-05-08 00:00:00,80006.0,80142.84,79181.48,79578.85,3093.73664
2026-05-08 04:00:00,79578.84,79778.95,79248.58,79682.4,2410.56518
2026-05-08 08:00:00,79682.4,80340.94,79666.05,80231.22,2348.19703
2026-05-08 12:00:00,80231.22,80500.0,79549.54,80142.14,3741.40163
2026-05-08 16:00:00,80142.13,80299.99,79738.75,80179.94,3047.90033
2026-05-08 20:00:00,80180.0,80409.09,80089.76,80193.17,1359.50928
2026-05-09 00:00:00,80193.18,80550.67,80129.85,80383.95,1093.10948
2026-05-09 04:00:00,80383.96,80666.66,80135.0,80228.89,1481.48785
2026-05-09 08:00:00,80228.88,80452.44,80166.26,80345.46,1009.73824
2026-05-09 12:00:00,80345.47,80600.0,80234.0,80527.92,1439.92073
2026-05-09 16:00:00,80527.92,81080.0,80487.4,80938.53,1533.85565
2026-05-09 20:00:00,80938.53,80938.53,80621.88,80678.4,990.30982
2026-05-10 00:00:00,80678.41,80887.15,80572.77,80775.0,1332.26793
2026-05-10 04:00:00,80774.99,80840.0,80658.97,80736.03,1238.41638
2026-05-10 08:00:00,80736.03,80975.4,80691.0,80821.21,1108.70905
2026-05-10 12:00:00,80821.21,81442.81,80784.2,81418.01,1642.67937
2026-05-10 16:00:00,81418.01,81583.11,81148.0,81437.83,1798.22732
2026-05-10 20:00:00,81437.83,82479.32,80279.77,82210.07,4914.01877
2026-05-11 00:00:00,82210.07,82380.0,80525.0,80736.01,3139.85094
2026-05-11 04:00:00,80736.0,81049.51,80639.99,80740.4,1595.10256
2026-05-11 08:00:00,80740.4,81200.0,80621.87,81196.94,1639.3936
2026-05-11 12:00:00,81196.95,81458.0,80462.97,81445.9,2668.23418
2026-05-11 16:00:00,81445.89,82137.26,81344.72,81961.99,2673.46567
2026-05-11 20:00:00,81961.99,82078.91,81596.31,81745.65,1235.71361
2026-05-12 00:00:00,81745.66,81788.0,80714.28,81058.8,1860.32116
2026-05-12 04:00:00,81058.79,81305.24,80800.77,80865.4,1779.90239
2026-05-12 08:00:00,80865.4,80964.13,80496.57,80784.87,1973.06446
2026-05-12 12:00:00,80784.86,80999.0,80188.65,80336.01,3205.73752
2026-05-12 16:00:00,80336.01,80874.42,79843.59,80834.64,2673.67675
2026-05-12 20:00:00,80835.3,80896.25,80439.91,80504.47,893.55448
2026-05-13 00:00:00,80504.47,81299.99,80412.15,81249.99,1575.91837
2026-05-13 04:00:00,81249.99,81281.07,80889.12,81026.92,1495.76347
2026-05-13 08:00:00,81026.92,81324.64,80494.98,80501.22,1841.28298
2026-05-13 12:00:00,80501.22,80592.65,78807.22,78827.21,5073.46241
2026-05-13 16:00:00,78827.21,79800.0,78754.65,79642.41,3344.60077
2026-05-13 20:00:00,79642.41,79760.0,79228.0,79313.61,1479.02843
2026-05-14 00:00:00,79313.61,79681.73,78922.0,79044.85,2209.55472
2026-05-14 04:00:00,79044.86,79998.0,78982.06,79745.98,2068.97946
2026-05-14 08:00:00,79745.99,79936.98,79234.0,79258.27,1846.46215
2026-05-14 12:00:00,79258.27,81332.23,79230.31,81301.23,5702.09728
2026-05-14 16:00:00,81301.22,82048.13,81080.25,81419.74,6279.93607
2026-05-14 20:00:00,81419.75,81590.19,81059.93,81089.99,1620.83839
2026-05-15 00:00:00,81090.0,81664.45,80750.0,81059.15,2453.72559
2026-05-15 04:00:00,81059.15,81100.0,80314.0,80814.88,3091.1014
2026-05-15 08:00:00,80814.88,80822.95,80369.0,80628.53,1706.25967
2026-05-15 12:00:00,80628.52,80635.44,78659.0,79150.27,6208.56941
2026-05-15 16:00:00,79150.26,79561.94,79051.0,79146.5,1959.36078
2026-05-15 20:00:00,79146.5,79217.07,78911.42,79113.21,1932.25394
2026-05-16 00:00:00,79113.2,79227.77,79010.0,79083.18,1248.1828
2026-05-16 04:00:00,79083.19,79129.71,78066.0,78369.77,2404.82958
2026-05-16 08:00:00,78369.78,78530.52,77640.0,78081.71,3846.10003
2026-05-16 12:00:00,78080.46,78346.0,77833.4,78238.67,2684.35726
2026-05-16 16:00:00,78238.68,78364.65,78119.72,78259.66,1260.04581
2026-05-16 20:00:00,78259.67,78318.94,78125.32,78148.05,689.34644
2026-05-17 00:00:00,78148.05,78243.19,77721.19,78028.88,1284.92928
2026-05-17 04:00:00,78028.88,78323.96,78003.35,78180.01,952.09545
2026-05-17 08:00:00,78180.0,78599.99,78033.01,78415.99,1136.18338
2026-05-17 12:00:00,78415.99,78550.0,77850.0,78051.41,1115.91599
2026-05-17 16:00:00,78051.42,78468.46,77856.69,78415.3,837.07576
2026-05-17 20:00:00,78415.29,78485.36,76735.16,77457.67,3116.50234
2026-05-18 00:00:00,77457.67,77477.99,76707.61,76924.65,2888.01155
2026-05-18 04:00:00,76924.66,77089.29,76583.33,77073.69,2702.66726
2026-05-18 08:00:00,77073.69,77403.48,76668.58,77285.83,2052.55387
2026-05-18 12:00:00,77285.83,77800.0,76051.0,76409.46,6216.09738
2026-05-18 16:00:00,76409.46,76995.0,76144.24,76928.0,3295.85681
2026-05-18 20:00:00,76928.0,77222.79,76800.0,77001.87,1590.32991
2026-05-19 00:00:00,77001.88,77414.62,76487.83,76787.11,2006.76014
2026-05-19 04:00:00,76787.1,77278.57,76644.98,77233.69,1508.45954
2026-05-19 08:00:00,77233.68,77317.02,76633.83,76714.62,1745.68912
2026-05-19 12:00:00,76714.61,77048.72,76144.71,76521.23,3363.76947
2026-05-19 16:00:00,76521.24,77065.8,76407.72,76818.74,1634.99916
2026-05-19 20:00:00,76818.73,77040.83,76642.95,76834.36,765.18235
2026-05-20 00:00:00,76834.36,76922.46,76516.74,76723.54,1561.801
2026-05-20 04:00:00,76723.55,77472.21,76692.0,77282.64,2218.09189
2026-05-20 08:00:00,77282.65,77663.0,77210.33,77382.49,1682.41191
2026-05-20 12:00:00,77382.5,77853.04,76891.61,77455.46,3039.76807
2026-05-20 16:00:00,77455.45,77713.66,77018.38,77667.49,1712.28825
2026-05-20 20:00:00,77667.49,77766.6,77226.61,77552.23,1081.90195
2026-05-21 00:00:00,77552.24,78173.15,77525.0,78078.72,2263.9569
2026-05-21 04:00:00,78078.72,78180.01,77521.0,77889.01,1454.09234
2026-05-21 08:00:00,77889.01,78200.0,77147.15,77189.1,1934.87402
2026-05-21 12:00:00,77189.1,77402.12,76719.47,77259.46,2353.9044
2026-05-21 16:00:00,77259.45,78098.16,77008.75,77690.56,2693.31851
2026-05-21 20:00:00,77690.56,77813.35,77534.43,77615.52,618.11224
2026-05-22 00:00:00,77615.52,77817.8,77327.28,77779.98,884.30161
2026-05-22 04:00:00,77779.98,77900.0,77288.77,77408.06,1756.84353
2026-05-22 08:00:00,77408.07,77535.0,77184.45,77428.84,1436.53453
2026-05-22 12:00:00,77428.83,77584.94,76570.0,76790.59,2613.83665
2026-05-22 16:00:00,76790.6,77093.72,75668.76,75860.44,2815.05544
2026-05-22 20:00:00,75860.44,76087.85,75359.18,75539.5,1765.78958
2026-05-23 00:00:00,75539.5,75664.62,75220.0,75635.22,1896.10926
2026-05-23 04:00:00,75635.22,75650.63,74289.6,74609.36,2690.99014
2026-05-23 08:00:00,74609.37,74873.55,74303.56,74789.99,2509.09623
2026-05-23 12:00:00,74789.99,75726.3,74660.05,75520.0,2943.5001
2026-05-23 16:00:00,75519.99,76012.22,75371.72,75983.45,1772.27259
2026-05-23 20:00:00,75983.45,77404.18,75953.94,76752.01,3274.91982
2026-05-24 00:00:00,76752.0,77011.62,76629.02,76750.0,1051.70404
2026-05-24 04:00:00,76750.01,77065.94,76651.59,76799.99,817.66826
2026-05-24 08:00:00,76799.99,77543.15,76734.42,77320.06,1746.24676
2026-05-24 12:00:00,77320.06,77325.72,76195.36,76371.59,1982.25663
2026-05-24 16:00:00,76371.59,76799.99,76371.59,76773.34,882.04437
2026-05-24 20:00:00,76773.33,77225.97,76108.0,77064.96,1918.0815
2026-05-25 00:00:00,77064.96,77485.0,76914.25,77026.67,1368.4044
2026-05-25 04:00:00,77026.68,77650.0,76990.78,77401.12,1348.52945
2026-05-25 08:00:00,77401.11,77699.97,77280.32,77357.5,1214.44703
2026-05-25 12:00:00,77357.5,77905.52,77286.5,77628.82,1563.39696
2026-05-25 16:00:00,77628.82,77807.29,77343.61,77441.86,1121.16576
2026-05-25 20:00:00,77441.85,77500.0,77019.82,77322.01,1056.37837
2026-05-26 00:00:00,77322.01,77345.0,76475.59,76664.01,2145.81269
2026-05-26 04:00:00,76664.0,77059.74,76603.73,76730.84,2043.2043
2026-05-26 08:00:00,76730.84,77621.75,76586.94,77183.55,1896.99632
2026-05-26 12:00:00,77183.56,78080.0,76272.63,76518.1,4834.0846
2026-05-26 16:00:00,76518.1,76710.01,75779.3,76052.0,4688.69854
2026-05-26 20:00:00,76052.0,76180.0,75677.97,75930.01,1344.67984
2026-05-27 00:00:00,75930.01,76104.02,75607.62,75683.0,2404.25109
2026-05-27 04:00:00,75683.0,75980.0,75310.9,75977.17,2224.40852
2026-05-27 08:00:00,75977.16,76071.41,75710.76,75769.18,1291.66875
2026-05-27 12:00:00,75769.18,76174.15,74758.33,75326.01,5186.20338
2026-05-27 16:00:00,75326.02,75408.01,74663.45,75066.08,3165.53822
2026-05-27 20:00:00,75066.09,75415.81,74243.99,74449.3,2605.70487
2026-05-28 00:00:00,74449.31,74590.77,73060.59,73258.01,5727.94403
2026-05-28 04:00:00,73258.0,73512.14,72728.85,73498.0,4799.6102
2026-05-28 08:00:00,73498.0,73616.0,73193.13,73505.66,1994.38372
2026-05-28 12:00:00,73505.65,73580.75,72582.82,72928.73,4632.38493
2026-05-28 16:00:00,72928.73,73749.69,72741.4,73419.32,2524.28664
2026-05-28 20:00:00,73419.31,73949.22,73241.48,73617.51,1595.41074
2026-05-29 00:00:00,73617.52,73868.33,73189.11,73301.52,2123.30407
2026-05-29 04:00:00,73301.53,73939.19,73210.21,73528.56,2641.80699
2026-05-29 08:00:00,73528.55,73902.85,73341.85,73487.98,2197.79295
2026-05-29 12:00:00,73487.98,74200.0,72512.49,73808.26,4624.93207
2026-05-29 16:00:00,73808.25,74514.1,73187.25,73520.28,5596.86593
2026-05-29 20:00:00,73520.29,73844.0,73320.0,73460.78,1502.0394
2026-05-30 00:00:00,73460.78,73796.43,73408.62,73524.01,1539.64276
2026-05-30 04:00:00,73524.01,73709.91,73216.0,73548.6,1487.87007
2026-05-30 08:00:00,73548.6,73680.75,73500.02,73602.02,1076.47863
2026-05-30 12:00:00,73602.01,74100.0,73594.4,73930.14,1485.09864
2026-05-30 16:00:00,73930.13,74143.76,73811.3,74016.65,836.20775
2026-05-30 20:00:00,74016.64,74054.0,73781.3,73884.38,1090.11124
2026-05-31 00:00:00,73884.38,74275.66,73858.56,74150.64,1099.56261
2026-05-31 04:00:00,74150.64,74221.33,73836.0,73871.24,869.39106
2026-05-31 08:00:00,73871.25,74024.0,73699.2,73937.79,1250.59286
2026-05-31 12:00:00,73937.63,74023.99,73483.05,73655.21,1349.33176
2026-05-31 16:00:00,73655.2,73734.0,73400.0,73563.42,985.40321
2026-05-31 20:00:00,73563.41,74198.0,73500.0,73674.39,1432.17557
2026-06-01 00:00:00,73674.39,74092.0,73222.0,73769.06,1797.97503
2026-06-01 04:00:00,73769.06,73841.37,72704.0,72818.0,2313.7758
2026-06-01 08:00:00,72818.0,73095.64,72290.0,72479.99,4064.81004
2026-06-01 12:00:00,72480.0,72610.0,71066.33,71129.62,8608.45364
2026-06-01 16:00:00,71129.62,71800.73,70686.68,71595.24,4920.23395
2026-06-01 20:00:00,71595.24,71690.0,70840.9,71408.9,2215.84338
2026-06-02 00:00:00,71408.9,71408.9,70111.0,70953.69,3525.64758
2026-06-02 04:00:00,70953.7,71048.0,69733.0,70118.42,4217.43297
2026-06-02 08:00:00,70118.42,70172.0,69324.65,69461.72,3766.33037
2026-06-02 12:00:00,69461.73,69548.13,67076.0,67304.28,9534.68154
2026-06-02 16:00:00,67304.29,68146.3,66432.0,67315.14,5955.1383
2026-06-02 20:00:00,67315.14,67923.24,66193.0,66760.83,5858.9651
2026-06-03 00:00:00,66760.84,67204.15,65426.34,65849.9,5876.92165
2026-06-03 04:00:00,65849.9,67516.0,65834.0,67220.03,5699.32885
2026-06-03 08:00:00,67220.03,67476.69,66656.48,67067.37,3840.69634
2026-06-03 12:00:00,67067.37,67244.62,66076.0,66076.01,4537.71513
2026-06-03 16:00:00,66076.01,66373.18,65251.0,65462.0,4242.73831
2026-06-03 20:00:00,65461.99,65860.0,64092.49,64142.75,5940.90622
2026-06-04 00:00:00,64142.75,64540.3,61383.56,64363.49,16957.23407
2026-06-04 04:00:00,64363.49,64764.32,63492.89,63603.15,5000.68767
2026-06-04 08:00:00,63603.15,63904.63,62205.0,62545.99,8595.49118
2026-06-04 12:00:00,62546.0,64494.92,62392.0,63896.17,6185.98937
2026-06-04 16:00:00,63896.16,64163.93,62944.91,63629.38,3723.72569
2026-06-04 20:00:00,63629.38,63918.0,63106.04,63885.99,3114.04773
2026-06-05 00:00:00,63885.99,63978.0,62339.0,62730.0,4162.99809
2026-06-05 04:00:00,62730.0,63688.0,61126.01,63115.99,10733.42354
2026-06-05 08:00:00,63115.99,63259.9,61964.98,61964.99,4297.16406
2026-06-05 12:00:00,61964.99,62457.86,60000.0,60438.01,14801.01342
2026-06-05 16:00:00,60438.0,61547.24,59130.91,60300.24,13747.59231
2026-06-05 20:00:00,60300.24,62000.0,59940.01,61056.47,7285.09665
2026-06-06 00:00:00,61056.47,61530.05,60520.0,60687.04,2945.07914
2026-06-06 04:00:00,60687.05,61276.95,59500.0,61004.95,7062.57386
2026-06-06 08:00:00,61004.95,61500.0,60198.0,60802.91,3473.55766
2026-06-06 12:00:00,60802.9,61185.26,60396.0,60784.0,2291.49519
2026-06-06 16:00:00,60784.01,60971.24,60393.96,60600.01,2446.99506
2026-06-06 20:00:00,60600.0,61000.0,60429.09,60884.62,1575.88786
2026-06-07 00:00:00,60884.62,61778.33,60746.0,61701.07,2959.18911
2026-06-07 04:00:00,61701.06,62416.26,61482.46,62404.73,4903.20395
2026-06-07 08:00:00,62404.72,62960.0,62259.37,62621.96,4723.06235
2026-06-07 12:00:00,62621.97,62643.97,61577.12,62093.99,4554.1389
2026-06-07 16:00:00,62093.99,62332.0,61184.0,61328.0,2477.20723
2026-06-07 20:00:00,61327.99,64234.68,61217.17,63332.01,6995.30289
2026-06-08 00:00:00,63332.01,63863.06,62720.86,63130.12,3315.4618
2026-06-08 04:00:00,63130.12,63350.0,62408.0,63283.99,2834.18452
2026-06-08 08:00:00,63284.0,63873.08,62992.01,63479.61,3752.47446
2026-06-08 12:00:00,63479.62,64200.0,62718.3,63774.48,8126.80733
2026-06-08 16:00:00,63774.48,64046.86,63268.01,63372.01,2713.14128
2026-06-08 20:00:00,63372.01,63850.0,62978.66,63085.99,2311.31685
2026-06-09 00:00:00,63086.0,63184.0,62423.07,62875.17,3759.28744
2026-06-09 04:00:00,62875.18,63526.01,62748.0,63198.44,3708.0084
2026-06-09 08:00:00,63198.44,63208.86,62498.75,62711.12,2528.63515
2026-06-09 12:00:00,62711.12,62895.18,61037.0,61131.84,6183.44756
2026-06-09 16:00:00,61131.85,62103.39,60780.0,62098.09,4007.5249
2026-06-09 20:00:00,62098.09,62272.0,61556.0,61730.0,1449.31614
2026-06-10 00:00:00,61730.0,61974.7,61235.29,61549.64,1721.50899
2026-06-10 04:00:00,61549.64,61813.34,61080.0,61687.56,2220.41887
2026-06-10 08:00:00,61687.56,61736.0,60755.0,61034.04,2813.24386
2026-06-10 12:00:00,61034.04,62857.99,60960.0,62639.23,4783.79909
2026-06-10 16:00:00,62639.23,62646.0,61588.8,61942.44,2675.36915
2026-06-10 20:00:00,61942.45,61949.21,61104.24,61510.99,1784.37656
2026-06-11 00:00:00,61510.99,62848.0,61510.99,62689.48,2852.15258
2026-06-11 04:00:00,62689.47,62997.53,62544.89,62719.39,2483.01428
2026-06-11 08:00:00,62719.39,63257.21,62719.38,63108.0,2178.0981
2026-06-11 12:00:00,63108.01,63239.43,62500.0,62749.44,4338.30998
2026-06-11 16:00:00,62749.44,63933.02,62348.0,63605.68,4125.82489
2026-06-11 20:00:00,63605.69,63700.0,63270.0,63625.99,1403.54659
2026-06-12 00:00:00,63626.0,63810.01,63301.53,63524.82,2654.11007
2026-06-12 04:00:00,63524.81,63863.98,62829.81,63100.8,3225.69245
2026-06-12 08:00:00,63100.8,63953.84,63100.8,63766.01,2378.6864
2026-06-12 12:00:00,63766.01,64394.44,63045.29,63593.02,4102.13697
2026-06-12 16:00:00,63593.02,64111.1,63510.16,63589.27,2256.79665
2026-06-12 20:00:00,63589.28,63696.41,63400.0,63580.01,1779.62986
2026-06-13 00:00:00,63580.0,63840.0,63418.66,63532.0,1807.91855
2026-06-13 04:00:00,63532.0,63883.47,63484.0,63846.0,1539.29828
2026-06-13 08:00:00,63845.99,63984.53,63726.57,63971.28,1197.2171
2026-06-13 12:00:00,63971.28,64350.0,63921.33,64296.15,2169.16248
2026-06-13 16:00:00,64296.15,64333.62,63920.05,64296.59,1609.94419
2026-06-13 20:00:00,64296.59,64762.77,64226.38,64458.01,1637.20103
2026-06-14 00:00:00,64458.01,64710.0,64380.7,64545.3,1832.15643
2026-06-14 04:00:00,64545.3,64563.48,64214.0,64429.39,1779.79489
2026-06-14 08:00:00,64429.39,64664.0,64321.18,64546.0,842.29439
2026-06-14 12:00:00,64546.01,64560.66,63866.66,64025.07,1790.92239
2026-06-14 16:00:00,64025.06,64208.92,63678.83,63802.0,1240.64937
2026-06-14 20:00:00,63801.99,65800.0,63794.09,65746.45,5717.21628
2026-06-15 00:00:00,65746.45,65995.0,65354.0,65927.1,3254.30382
2026-06-15 04:00:00,65927.11,66000.0,65611.01,65674.76,1981.09056
2026-06-15 08:00:00,65674.76,66385.12,65512.0,66233.9,2545.824
2026-06-15 12:00:00,66233.89,67292.15,66106.0,67292.14,5314.33714
2026-06-15 16:00:00,67292.15,67292.15,66348.0,66614.35,3808.29082
2026-06-15 20:00:00,66615.98,66681.3,66076.56,66328.74,1655.95468
2026-06-16 00:00:00,66328.74,66463.26,65650.0,66165.21,2681.099
2026-06-16 04:00:00,66165.21,66572.99,65802.0,66372.0,2376.27499
2026-06-16 08:00:00,66372.0,66992.0,66345.06,66481.73,2144.18658
2026-06-16 12:00:00,66481.73,66818.0,65360.92,65859.76,4190.74899
2026-06-16 16:00:00,65859.76,66248.69,65560.0,65675.88,1862.21148
2026-06-16 20:00:00,65675.89,65938.0,65592.0,65675.01,1047.53697
2026-06-17 00:00:00,65675.02,66200.0,65477.5,65851.99,2420.24
2026-06-17 04:00:00,65852.0,66048.19,65251.0,65539.5,2085.47507
2026-06-17 08:00:00,65539.51,65574.0,64565.0,64810.01,3091.21134
2026-06-17 12:00:00,64810.01,65855.66,64590.53,65752.0,3491.08992
2026-06-17 16:00:00,65751.99,66445.93,63998.35,64301.85,6215.6405
2026-06-17 20:00:00,64301.85,64529.2,63915.77,64509.4,1744.99726
2026-06-18 00:00:00,64509.4,64806.0,64267.86,64282.82,1652.26355
2026-06-18 04:00:00,64282.82,64510.5,63696.29,64510.44,2721.52451
2026-06-18 08:00:00,64510.45,64646.75,63878.14,63974.4,1838.10092
2026-06-18 12:00:00,63974.4,64445.19,62293.76,62369.44,5194.48784
2026-06-18 16:00:00,62369.43,63008.33,62272.07,62950.79,3580.0956
2026-06-18 20:00:00,62950.79,63274.19,62742.0,62958.01,1949.12419
2026-06-19 00:00:00,62958.01,63110.29,62386.9,62773.51,2468.91953
2026-06-19 04:00:00,62773.52,62917.32,62409.55,62629.99,1641.95094
2026-06-19 08:00:00,62630.0,62782.0,62316.44,62626.0,3116.66446
2026-06-19 12:00:00,62626.0,63419.27,62353.0,63214.01,2901.51359
2026-06-19 16:00:00,63214.01,63387.8,62866.99,63021.6,2487.59549
2026-06-19 20:00:00,63021.6,63666.0,62958.59,63543.91,1630.77999
2026-06-20 00:00:00,63543.9,63777.0,63320.14,63476.79,1616.55782
2026-06-20 04:00:00,63476.79,63907.07,63402.0,63655.21,1346.24836
2026-06-20 08:00:00,63655.21,63798.76,63392.41,63688.0,1481.37623
2026-06-20 12:00:00,63688.0,64388.0,63184.21,64160.04,2723.36068
2026-06-20 16:00:00,64160.04,64167.26,63730.21,63936.0,1179.02142
2026-06-20 20:00:00,63935.99,64350.0,63853.31,64298.01,1175.53873
2026-06-21 00:00:00,64298.01,64472.99,64206.17,64426.0,1550.54505
2026-06-21 04:00:00,64426.0,64588.0,64173.08,64191.07,991.47913
2026-06-21 08:00:00,64191.06,64483.95,63900.17,64176.0,1273.61935
2026-06-21 12:00:00,64176.0,64355.88,63952.0,64224.0,1101.09932
2026-06-21 16:00:00,64224.0,64298.84,63933.47,64207.12,902.04873
2026-06-21 20:00:00,64207.13,64271.21,63270.0,63311.99,2215.87175
2026-06-22 00:00:00,63312.0,64823.52,63312.0,63974.01,3208.60773
2026-06-22 04:00:00,63974.01,64397.57,63868.41,64211.19,2188.39984
2026-06-22 08:00:00,64211.2,64768.46,64044.0,64657.22,1871.87312
2026-06-22 12:00:00,64657.22,65622.83,64579.08,64836.95,4214.1224
2026-06-22 16:00:00,64836.95,64862.0,64276.0,64472.0,2332.89568
2026-06-22 20:00:00,64472.51,64659.43,63804.59,64020.01,1607.20974
2026-06-23 00:00:00,64020.01,64275.38,63828.93,64065.35,1775.89841
2026-06-23 04:00:00,64065.34,64095.55,62568.9,62886.03,3954.74479
2026-06-23 08:00:00,62886.04,62945.08,61938.0,62507.06,6446.41259
2026-06-23 12:00:00,62507.05,62855.98,61960.0,62487.79,4100.47989
2026-06-23 16:00:00,62487.79,62846.0,62104.7,62388.49,2461.76341
2026-06-23 20:00:00,62388.49,62799.99,62380.25,62734.57,1483.69383
2026-06-24 00:00:00,62734.57,63119.45,62461.87,62729.78,2762.4008
2026-06-24 04:00:00,62729.78,63073.44,62525.49,62657.99,1825.36336
2026-06-24 08:00:00,62658.0,63239.06,62318.88,62921.19,2314.92971
2026-06-24 12:00:00,62921.19,62973.2,60249.82,60250.0,9369.88622
2026-06-24 16:00:00,60250.0,60678.1,59102.7,59958.3,10843.6224
2026-06-24 20:00:00,59958.3,61276.0,59854.0,61077.99,3562.08294
2026-06-25 00:00:00,61078.0,61163.16,60684.94,60883.65,2441.96666
2026-06-25 04:00:00,60883.66,61962.4,60792.0,61911.04,3236.44626
2026-06-25 08:00:00,61911.03,61920.0,61066.0,61282.01,1957.14848
2026-06-25 12:00:00,61282.0,61761.35,58115.01,59557.99,15979.29296
2026-06-25 16:00:00,59557.99,60067.0,59139.96,59320.0,4724.02547
2026-06-25 20:00:00,59319.99,60273.81,59319.99,59794.0,2047.12711
2026-06-26 00:00:00,59794.64,60131.37,58337.0,60036.01,6229.08405
2026-06-26 04:00:00,60036.0,60759.99,59702.0,60532.0,5385.16495
2026-06-26 08:00:00,60532.0,60580.0,59239.78,59413.24,3735.38397
2026-06-26 12:00:00,59413.24,60500.0,58500.1,60328.32,7768.84215
2026-06-26 16:00:00,60328.18,60583.0,59556.0,59751.97,2887.79333
2026-06-26 20:00:00,59751.96,60117.64,59571.31,60097.27,1397.28878
2026-06-27 00:00:00,60097.27,60412.0,59876.22,60305.73,1740.1281
2026-06-27 04:00:00,60305.73,60574.0,60093.33,60548.07,2155.72828
2026-06-27 08:00:00,60548.06,60548.74,60198.94,60363.65,1191.76765
2026-06-27 12:00:00,60363.65,60941.17,60257.03,60840.06,1696.07546
2026-06-27 16:00:00,60840.06,60855.03,60085.88,60175.95,1431.99252
2026-06-27 20:00:00,60175.95,60482.18,59855.16,60029.0,1371.53715
2026-06-28 00:00:00,60029.01,60339.99,59986.0,60197.04,1389.16748
2026-06-28 04:00:00,60197.03,60259.68,59753.48,60219.99,1116.37628
2026-06-28 08:00:00,60220.0,60545.01,60068.0,60342.0,1120.25594
2026-06-28 12:00:00,60341.99,60457.02,59817.28,59890.0,1367.98594
2026-06-28 16:00:00,59890.35,59943.9,59270.26,59481.79,1660.7754
2026-06-28 20:00:00,59481.78,59906.0,58905.0,59577.01,2252.57692
2026-06-29 00:00:00,59577.01,60233.0,58900.01,60049.46,3201.11997
2026-06-29 04:00:00,60049.45,60346.27,59392.02,60026.0,2078.32745
2026-06-29 08:00:00,60026.01,60311.95,59745.46,59956.05,2255.33546
2026-06-29 12:00:00,59956.05,60780.57,59011.0,59824.01,8111.4911
2026-06-29 16:00:00,59824.01,60683.84,59584.48,60433.49,3485.29528
2026-06-29 20:00:00,60433.5,60585.99,60194.01,60260.21,1071.57252
2026-06-30 00:00:00,60260.2,60276.54,59600.0,59627.48,1857.16279
2026-06-30 04:00:00,59627.47,59712.88,59360.0,59524.01,3053.94506
2026-06-30 08:00:00,59524.01,59551.03,59123.01,59192.7,2089.47276
2026-06-30 12:00:00,59192.71,59276.6,58201.0,58381.99,7891.0473
2026-06-30 16:00:00,58382.0,58839.16,58241.79,58818.05,3095.15267
2026-06-30 20:00:00,58818.0,58874.99,58509.99,58624.71,1653.04729
2026-07-01 00:00:00,58624.71,59318.0,57800.19,59197.13,5065.96033
2026-07-01 04:00:00,59197.12,59457.0,58534.31,58768.65,2186.41376
2026-07-01 08:00:00,58768.64,59091.99,58500.0,58622.03,1602.12145
2026-07-01 12:00:00,58622.02,60536.55,58326.0,60147.15,10086.67787
2026-07-01 16:00:00,60147.15,60352.93,59787.35,60028.67,2234.35255
2026-07-01 20:00:00,60029.39,61334.0,59876.0,60024.0,3917.92066
2026-07-02 00:00:00,60024.0,61121.78,59588.0,61058.0,2904.94504
2026-07-02 04:00:00,61057.99,61058.0,60104.0,60149.99,3061.89549
2026-07-02 08:00:00,60149.99,61437.49,60132.51,61358.01,4003.42248
2026-07-02 12:00:00,61358.0,62200.0,61147.23,61612.93,6769.2125
2026-07-02 16:00:00,61612.93,61962.43,61108.99,61479.6,3294.70341
2026-07-02 20:00:00,61479.59,61653.43,61342.0,61560.0,1347.96271
2026-07-03 00:00:00,61560.0,61733.11,61248.86,61434.0,2479.18215
2026-07-03 04:00:00,61434.0,61864.99,61332.76,61750.47,3163.90756
2026-07-03 08:00:00,61750.47,62103.1,61510.01,62024.02,1709.37837
2026-07-03 12:00:00,62024.01,62400.0,61700.0,61922.72,2814.47654
2026-07-03 16:00:00,61922.71,62317.64,61911.65,62210.0,1297.39519
2026-07-03 20:00:00,62210.0,62979.86,62186.01,62583.26,2584.64646
2026-07-04 00:00:00,62583.26,62946.0,62404.25,62627.29,1753.66085
2026-07-04 04:00:00,62627.28,62749.97,62328.24,62576.0,1478.55581
2026-07-04 08:00:00,62576.0,62674.47,62415.87,62482.01,1079.64345
2026-07-04 12:00:00,62482.0,63075.46,62482.0,62943.29,1355.98937
2026-07-04 16:00:00,62943.29,63461.99,62786.0,63294.72,1874.87989
2026-07-04 20:00:00,63294.72,63448.0,62927.98,63144.01,1597.09803
2026-07-05 00:00:00,63144.01,63144.01,62596.08,62769.04,1315.64704
2026-07-05 04:00:00,62769.03,63059.99,62659.65,63020.21,1264.39586
2026-07-05 08:00:00,63020.21,63104.0,62436.59,62658.92,1351.262
2026-07-05 12:00:00,62658.92,62943.59,62569.37,62740.01,1095.17438
2026-07-05 16:00:00,62740.01,62888.14,62590.02,62768.88,1289.13194
2026-07-05 20:00:00,62768.87,63999.0,62609.47,63650.0,2856.46636
2026-07-06 00:00:00,63650.01,63920.0,63136.01,63294.0,2106.27228
2026-07-06 04:00:00,63294.0,63402.77,62890.0,63089.42,2133.18277
2026-07-06 08:00:00,63089.42,63244.0,62483.83,62483.84,2033.95739
2026-07-06 12:00:00,62483.84,63550.0,61306.84,63545.98,9407.7266
2026-07-06 16:00:00,63545.98,63976.16,63386.01,63738.52,3288.31371
2026-07-06 20:00:00,63738.52,64700.0,63589.41,64042.02,2465.83162
2026-07-07 00:00:00,64042.93,64314.0,63150.0,63191.01,2149.22919
2026-07-07 04:00:00,63191.01,63445.7,62800.0,63083.18,2868.37826
2026-07-07 08:00:00,63083.19,63467.15,62984.58,63406.0,1660.52847
2026-07-07 12:00:00,63405.99,64105.0,62671.39,63930.51,5487.16202
2026-07-07 16:00:00,63930.5,64243.75,63379.69,63817.99,3152.55165
2026-07-07 20:00:00,63818.0,63901.75,63218.0,63363.99,1516.35864
2026-07-08 00:00:00,63364.0,63761.99,62525.47,62766.0,2945.00889
2026-07-08 04:00:00,62766.0,62901.49,62477.04,62888.35,2093.37251
2026-07-08 08:00:00,62888.34,62941.46,61743.83,62299.99,5277.16067
2026-07-08 12:00:00,62300.0,62451.08,61544.56,61704.01,4480.13744
2026-07-08 16:00:00,61704.01,62394.32,61692.0,62277.98,1878.09343
2026-07-08 20:00:00,62277.98,62350.63,61956.0,62290.0,1946.32502
2026-07-09 00:00:00,62290.01,62642.0,61705.29,61974.34,2507.70329
2026-07-09 04:00:00,61974.34,63283.26,61956.46,63000.0,3076.31626
2026-07-09 08:00:00,62999.99,63100.1,62614.66,62786.34,2526.25001
2026-07-09 12:00:00,62786.33,63261.0,62465.39,62868.05,4882.96602
2026-07-09 16:00:00,62868.06,63500.0,62559.59,63248.1,2646.20845
2026-07-09 20:00:00,63248.09,63418.0,63060.91,63230.0,1103.36269
2026-07-10 00:00:00,63230.01,64050.23,62926.01,63947.2,3284.75486
2026-07-10 04:00:00,63947.2,64200.0,63802.02,63963.0,1994.74883
2026-07-10 08:00:00,63963.0,64494.84,63962.99,64425.18,2735.04064
2026-07-10 12:00:00,64425.18,64692.83,63793.43,64040.0,3985.18915
2026-07-10 16:00:00,64039.99,64220.0,63732.66,63917.88,2956.75614
2026-07-10 20:00:00,63917.88,64222.61,63656.0,64161.72,2632.5116
2026-07-11 00:00:00,64161.72,64310.0,63984.07,64150.42,1101.49145
2026-07-11 04:00:00,64150.42,64278.0,64080.26,64162.18,1485.01598
2026-07-11 08:00:00,64162.18,64300.0,64129.99,64198.0,1355.34719
2026-07-11 12:00:00,64197.99,64504.11,63896.18,64175.75,2497.55472
2026-07-11 16:00:00,64175.75,64402.0,64084.0,64286.0,1218.04674
2026-07-11 20:00:00,64286.0,64463.83,63819.0,63819.0,1494.51824
2026-07-12 00:00:00,63819.01,64223.74,63702.16,64223.73,4094.275
2026-07-12 04:00:00,64223.73,64245.87,63640.83,63885.27,1737.49927
2026-07-12 08:00:00,63885.28,64100.32,63764.0,64018.01,4848.30942
2026-07-12 12:00:00,64018.0,64290.11,63958.71,64176.0,1182.12771
2026-07-12 16:00:00,64176.0,64270.0,64018.69,64228.59,890.36957
2026-07-12 20:00:00,64228.59,64254.0,63668.0,63780.0,1162.25606
2026-07-13 00:00:00,63780.0,64425.0,62741.04,62806.41,3939.38182
2026-07-13 04:00:00,62806.41,63070.01,62500.76,62985.52,3347.70751
2026-07-13 08:00:00,62985.53,63302.88,62862.28,62901.99,3803.06989
2026-07-13 12:00:00,62901.99,62990.04,62101.0,62618.01,5871.90146
2026-07-13 16:00:00,62618.0,62629.35,61824.97,62288.23,3298.41917
2026-07-13 20:00:00,62288.23,62347.46,61882.88,62334.52,1422.02219
2026-07-14 00:00:00,62334.52,62666.66,62272.2,62572.89,2249.30225
2026-07-14 04:00:00,62572.88,62872.0,62516.93,62560.92,2088.33647
2026-07-14 08:00:00,62560.92,62923.06,62500.0,62844.99,1732.53672
2026-07-14 12:00:00,62844.99,64966.43,62780.84,64743.99,8796.6211
2026-07-14 16:00:00,64744.0,64896.86,64231.77,64569.59,3290.30049
2026-07-14 20:00:00,64569.59,65100.0,64419.99,65043.98,2395.31681
2026-07-15 00:00:00,65043.99,65065.01,64488.0,64792.01,1693.44003
2026-07-15 04:00:00,64792.0,65277.37,64485.0,64549.34,3159.56545
2026-07-15 08:00:00,64549.33,64917.94,64549.33,64732.15,2317.38966
2026-07-15 12:00:00,64732.15,65600.0,64606.0,65427.61,6119.9158
2026-07-15 16:00:00,65427.6,65470.0,64738.49,64977.34,3997.71829
2026-07-15 20:00:00,64977.34,65055.39,64691.89,64756.28,1113.86818
2026-07-16 00:00:00,64756.28,64845.5,64392.01,64619.95,1773.62269
2026-07-16 04:00:00,64619.96,64997.52,64086.12,64238.0,2728.61151
2026-07-16 08:00:00,64238.0,64380.0,63888.0,64256.53,8083.54555
2026-07-16 12:00:00,64256.52,64896.0,63838.28,64704.73,3169.90689
2026-07-16 16:00:00,64704.73,64712.0,63984.09,64271.84,1783.88455
2026-07-16 20:00:00,64271.85,64276.0,63748.74,63830.2,1224.9556
2026-07-17 00:00:00,63830.2,64067.69,63380.28,63570.0,2665.58621
2026-07-17 04:00:00,63570.0,63576.0,62710.0,62828.11,4170.00651
2026-07-17 08:00:00,62828.11,63361.7,62666.0,63298.01,2593.38028
2026-07-17 12:00:00,63298.0,63518.0,62537.56,63452.0,3902.37074
2026-07-17 16:00:00,63452.0,64387.99,63312.01,64160.8,3432.25523
2026-07-17 20:00:00,64160.8,64216.61,63884.35,63931.67,1426.29492
2026-07-18 00:00:00,63931.67,64032.6,63886.65,64017.84,1370.3565
2026-07-18 04:00:00,64017.84,64026.03,63926.39,64002.75,949.10008
2026-07-18 08:00:00,64002.75,64097.22,63887.73,64069.89,1103.50008
2026-07-18 12:00:00,64069.89,64274.47,63963.0,64123.12,1241.58814
2026-07-18 16:00:00,64123.13,64669.5,64091.48,64552.79,1723.19086
2026-07-18 20:00:00,64552.8,64865.0,64528.69,64834.22,1643.44446
2026-07-19 00:00:00,64834.21,64967.25,64620.44,64706.18,1644.28469
2026-07-19 04:00:00,64706.18,64815.65,64610.89,64711.05,1101.66102
2026-07-19 08:00:00,64711.04,64743.0,64445.0,64467.64,1538.93439
2026-07-19 12:00:00,64467.65,64663.04,64285.24,64585.32,1464.507
2026-07-19 16:00:00,64585.33,64752.0,64280.0,64462.58,1160.57272
2026-07-19 20:00:00,64462.58,64900.0,64347.89,64722.54,1469.95492
2026-07-20 00:00:00,64722.55,65107.99,64416.0,64869.8,1856.81248
2026-07-20 04:00:00,64869.79,64869.99,63765.83,64280.01,3162.272
2026-07-20 08:00:00,64280.01,65068.0,63100.0,65002.01,5789.67423
2026-07-20 12:00:00,65002.0,65666.8,64077.76,65598.75,5847.5969
2026-07-20 16:00:00,65598.75,65799.0,65041.05,65142.0,3294.38969
2026-07-20 20:00:00,65142.0,65445.27,65061.92,65255.51,1372.74172
2026-07-21 00:00:00,65255.51,65658.78,65148.75,65566.78,2285.39592
2026-07-21 04:00:00,65566.77,66245.64,65471.69,66186.86,3537.73944
2026-07-21 08:00:00,66186.86,66420.65,66129.19,66345.59,3436.96959
2026-07-21 12:00:00,66345.59,66956.15,66255.73,66676.54,5031.99712
2026-07-21 16:00:00,66676.53,66764.0,66052.63,66444.76,2940.41455
2026-07-21 20:00:00,66444.76,66576.0,66204.0,66556.16,1385.76425
2026-07-22 00:00:00,66556.15,66739.89,66176.0,66210.0,2882.6636
2026-07-22 04:00:00,66209.99,66424.0,65701.0,65843.48,4124.6914
2026-07-22 08:00:00,65843.48,66164.57,65843.47,66013.36,5171.31096
2026-07-22 12:00:00,66013.36,66204.98,65553.67,66047.39,3002.09745
2026-07-22 16:00:00,66047.38,66384.0,65691.93,65923.19,1521.20312
2026-07-22 20:00:00,65923.19,66138.24,65791.79,66114.49,1372.89949
2026-07-23 00:00:00,66114.5,66313.14,65585.11,65662.53,2738.22182
2026-07-23 04:00:00,65662.53,65821.17,65351.02,65442.13,1755.71203
2026-07-23 08:00:00,65442.12,65792.09,65419.75,65555.21,1697.46856
2026-07-23 12:00:00,65555.21,65589.41,64728.0,64958.36,4309.94067
2026-07-23 16:00:00,64958.37,64961.15,64650.0,64846.94,2433.46243
2026-07-23 20:00:00,64846.93,65235.43,64834.52,65098.97,1763.42122
2026-07-24 00:00:00,65098.98,65464.35,64762.18,65456.7,1824.8823
2026-07-24 04:00:00,65456.7,65808.59,65248.0,65499.95,2805.86714
2026-07-24 08:00:00,65499.94,65508.17,64857.14,65083.43,2252.49673
2026-07-24 12:00:00,65083.42,65133.99,63739.75,64093.85,6045.41604
2026-07-24 16:00:00,64093.86,64292.44,63881.46,64225.32,2025.41669
2026-07-24 20:00:00,64225.32,64288.02,64121.86,64139.99,1867.1929
2026-07-25 00:00:00,64140.0,64179.03,64006.55,64085.36,1828.72886
2026-07-25 04:00:00,64085.36,64205.67,63964.57,64003.2,1073.91838
2026-07-25 08:00:00,64003.2,64113.0,63810.0,64064.01,2748.18699
2026-07-25 12:00:00,64064.01,64272.0,64043.0,64182.0,929.05963
2026-07-25 16:00:00,64182.01,64475.28,64123.0,64388.38,848.44532
2026-07-25 20:00:00,64388.39,64430.0,64263.03,64375.0,1434.71112
2026-07-26 00:00:00,64375.01,64582.0,64350.0,64557.0,955.90385
2026-07-26 04:00:00,64557.0,64599.95,64293.81,64370.0,1238.04277
2026-07-26 08:00:00,64370.0,64573.73,64353.0,64507.35,680.86616
2026-07-26 12:00:00,64507.36,64827.0,64414.0,64768.0,1456.55849
2026-07-26 16:00:00,64768.0,64940.51,64668.91,64695.52,1252.18356
2026-07-26 20:00:00,64695.52,65577.0,64631.57,65399.99,2349.50606
2026-07-27 00:00:00,65400.0,65418.81,64892.03,65284.0,1939.56217
2026-07-27 04:00:00,65284.0,65744.6,65217.16,65221.99,2549.79202
2026-07-27 08:00:00,65221.99,65432.0,65092.0,65100.79,2902.58585
2026-07-27 12:00:00,65100.79,65718.0,64418.01,64554.01,3393.0404
2026-07-27 16:00:00,64554.0,65090.0,64517.78,64984.0,1492.95286
2026-07-27 20:00:00,64983.99,65056.0,63605.56,63755.86,2513.97213
2026-07-28 00:00:00,63755.86,63827.49,63059.39,63343.83,3113.97473
2026-07-28 04:00:00,63343.82,63668.71,63221.26,63505.99,2180.40039
2026-07-28 08:00:00,63506.0,63593.0,63294.0,63450.0,1418.41424
2026-07-28 12:00:00,63449.99,64026.62,62742.47,63928.47,3870.99997
2026-07-28 16:00:00,63928.46,64100.0,63504.0,63904.0,1689.97924
2026-07-28 20:00:00,63904.0,64073.3,63562.0,63915.0,1616.06139
2026-07-29 00:00:00,63915.0,64200.0,63658.0,63753.03,2347.04425
2026-07-29 04:00:00,63753.04,64575.99,63598.0,64561.0,2719.58943
2026-07-29 08:00:00,64561.01,64744.81,64283.83,64507.54,1788.0597
2026-07-29 12:00:00,64507.53,64718.87,63886.0,63964.01,2735.29639
2026-07-29 16:00:00,63964.01,64648.79,63511.0,63589.46,4593.92101
2026-07-29 20:00:00,63589.46,64131.44,63267.34,63984.28,2596.20834
2026-07-30 00:00:00,63984.29,64411.76,63603.92,64161.98,2334.02034
2026-07-30 04:00:00,64161.98,64182.0,63907.85,64026.0,3046.62914
2026-07-30 08:00:00,64026.0,64885.18,63980.54,64788.0,4792.79575
2026-07-30 12:00:00,64788.01,65176.6,64607.31,64730.3,3737.13198
2026-07-30 16:00:00,64730.29,64988.0,64688.0,64800.0,1688.5901
2026-07-30 20:00:00,64800.0,65086.4,64668.91,64780.02,1532.41755
2026-07-31 00:00:00,64780.03,65409.56,64172.0,64370.0,3281.13705
2026-07-31 04:00:00,64370.0,64496.64,63878.11,63950.01,4513.26941
2026-07-31 08:00:00,63950.01,64011.99,63610.0,63805.51,2006.05406
2026-07-31 12:00:00,63805.5,63849.19,62466.0,62716.57,6622.15348
2026-07-31 16:00:00,62716.57,63302.0,62709.01,62972.0,2772.32321
2026-07-31 20:00:00,62972.0,63062.47,62846.0,62887.88,1280.66965
2026-08-01 00:00:00,62887.88,63106.55,62887.87,63004.48,1641.61546
2026-08-01 04:00:00,63004.47,63142.85,62992.82,63050.46,1267.77262
2026-08-01 08:00:00,63050.45,63150.0,62986.31,63076.0,834.60912
2026-08-01 12:00:00,63076.0,63127.07,63007.05,63007.06,1057.87378
2026-08-01 16:00:00,63007.06,63027.65,62275.0,62529.82,1931.00222
2026-08-01 20:00:00,62529.81,62866.62,62482.99,62823.64,830.21584
2026-08-02 00:00:00,62823.65,63550.0,62806.58,63461.95,2070.02486
2026-08-02 04:00:00,63461.95,63634.0,63415.26,63506.24,1136.19822
2026-08-02 08:00:00,63506.23,63530.0,62982.38,63031.99,1393.24586
2026-08-02 12:00:00,63031.99,63231.67,63010.0,63109.14,1015.40932
2026-08-02 16:00:00,63109.13,63610.01,63064.01,63456.01,1352.52922
2026-08-02 20:00:00,63456.0,63796.33,63344.0,63570.0,1419.60406
2026-08-03 00:00:00,63570.01,63596.0,62786.04,62870.49,1580.29042
2026-08-03 04:00:00,62870.48,63001.77,62552.04,62621.1,2528.15637
2026-08-03 08:00:00,62621.1,62863.1,62300.0,62560.01,1968.81583
2026-08-03 12:00:00,62560.01,63992.71,62445.26,63694.91,5314.98583
2026-08-03 16:00:00,63694.9,64080.0,63664.0,63869.38,2341.4127
2026-08-03 20:00:00,63869.38,64023.61,63392.01,63520.0,1809.63628
2026-08-04 00:00:00,63520.0,63972.0,63322.01,63800.01,2284.2087
2026-08-04 04:00:00,63800.01,64243.81,63506.78,63685.74,2203.45481
2026-08-04 08:00:00,63685.73,63950.0,63451.8,63926.0,1840.43901
2026-08-04 12:00:00,63926.0,64238.0,63615.38,64125.14,3355.49264
2026-08-04 16:00:00,64125.14,64413.21,63892.0,64233.36,2494.3487
2026-08-04 20:00:00,64233.35,64549.16,64001.68,64106.56,1512.53523
2026-08-05 00:00:00,64106.55,64504.0,63950.0,64183.27,2051.27242
2026-08-05 04:00:00,64183.27,64525.97,63995.89,64163.99,1638.18668
2026-08-05 08:00:00,64164.0,64280.0,64020.0,64075.28,1165.7803
2026-08-05 12:00:00,64075.28,64744.0,63880.0,64388.01,4094.61341
2026-08-05 16:00:00,64388.01,64936.18,64388.0,64840.28,1995.16889
2026-08-05 20:00:00,64840.27,65025.22,64579.15,64665.23,1797.83358
2026-08-06 00:00:00,64665.24,64724.38,64439.34,64531.03,1501.18098
2026-08-06 04:00:00,64531.03,64996.0,64496.27,64809.7,1782.75525
2026-08-06 08:00:00,64809.7,64999.0,64503.54,64622.09,1307.61434
2026-08-06 12:00:00,64622.08,64987.26,64172.0,64631.87,2760.61479
2026-08-06 16:00:00,64631.88,64834.0,64365.0,64446.0,1460.95594
2026-08-06 20:00:00,64446.01,64536.32,64200.0,64323.61,1051.31154
2026-08-07 00:00:00,64323.61,64544.0,64230.59,64289.99,1225.13149
2026-08-07 04:00:00,64289.99,64463.75,64166.0,64319.84,1378.76331
2026-08-07 08:00:00,64319.84,65213.33,64304.22,65029.98,2365.76634
2026-08-07 12:00:00,65029.98,65390.99,64788.0,64912.72,4134.62946
2026-08-07 16:00:00,64912.71,65072.31,64525.0,64960.47,1712.98766
2026-08-07 20:00:00,64960.46,65102.0,64846.0,64923.19,990.12577
2026-08-08 00:00:00,64923.2,65074.18,64784.19,65033.0,1310.57126
2026-08-08 04:00:00,65033.0,65071.15,64951.34,64960.0,786.13996
2026-08-08 08:00:00,64959.99,65050.0,64948.56,64967.35,776.81012
2026-08-08 12:00:00,64967.36,65192.54,64924.0,65080.82,965.25235
2026-08-08 16:00:00,65080.83,65150.0,65017.39,65075.41,690.47872
2026-08-08 20:00:00,65075.4,65100.61,64936.01,64962.6,1230.89057
2026-08-09 00:00:00,64962.6,65002.0,64730.08,64788.8,953.95674
2026-08-09 04:00:00,64788.8,64867.11,64777.0,64826.14,905.46471
2026-08-09 08:00:00,64826.15,65000.0,64792.1,64950.0,878.41777
2026-08-09 12:00:00,64950.01,65300.0,64914.73,65228.68,1218.78551
2026-08-09 16:00:00,65228.68,65266.06,65179.72,65180.66,760.315
2026-08-09 20:00:00,65180.66,65474.46,64842.59,64901.59,2314.29633
2026-08-10 00:00:00,64901.59,65391.14,64826.78,64982.01,1735.05442
2026-08-10 04:00:00,64982.0,65379.13,64924.0,65202.73,1621.07764
2026-08-10 08:00:00,65202.72,65328.73,64958.87,65125.98,1294.99105
2026-08-10 12:00:00,65125.99,65237.8,64203.15,64299.99,3640.00431
2026-08-10 16:00:00,64299.99,64354.0,63806.27,64045.7,4275.95165
2026-08-10 20:00:00,64045.7,64215.21,63920.69,63970.01,1071.3297
2026-08-11 00:00:00,63970.01,64176.0,63895.64,64155.01,1832.7232
2026-08-11 04:00:00,64155.0,64159.65,63852.0,64065.99,1640.19253
2026-08-11 08:00:00,64066.0,64400.0,64044.72,64389.57,1568.1186
2026-08-11 12:00:00,64389.58,64515.43,63451.0,63609.87,4376.77905
2026-08-11 16:00:00,63609.86,63660.0,63238.0,63536.0,2424.73673
2026-08-11 20:00:00,63536.0,63768.58,63536.0,63600.0,1049.08237
2026-08-12 00:00:00,63600.01,63908.01,63534.01,63835.59,1898.48961
2026-08-12 04:00:00,63835.58,63891.42,63606.15,63837.99,2130.54232
2026-08-12 08:00:00,63838.0,64249.5,63768.01,64240.04,2267.09134
2026-08-12 12:00:00,64240.04,64500.0,63316.0,63441.47,3959.44035
2026-08-12 16:00:00,63441.48,63578.0,63310.34,63421.11,1558.61566
2026-08-12 20:00:00,63421.11,63661.24,63370.0,63479.99,1812.88894
2026-08-13 00:00:00,63479.99,63717.31,63380.0,63646.99,1584.53762
2026-08-13 04:00:00,63647.0,64010.0,63591.56,63865.84,1512.6667
2026-08-13 08:00:00,63865.84,63915.0,63350.0,63484.3,1451.07714
2026-08-13 12:00:00,63484.31,63999.0,63420.0,63420.01,2120.87883
2026-08-13 16:00:00,63420.01,63568.97,62802.27,63407.99,3071.89552
2026-08-13 20:00:00,63408.0,63640.0,63368.0,63490.86,1052.80272
2026-08-14 00:00:00,63490.86,63617.45,63301.58,63310.0,1474.95395
2026-08-14 04:00:00,63310.0,63472.5,62920.0,62920.78,2090.34251
2026-08-14 08:00:00,62920.78,62997.83,62700.0,62868.83,2437.10701
2026-08-14 12:00:00,62868.83,63089.18,62535.24,62990.95,3460.64272
2026-08-14 16:00:00,62990.94,63247.05,62830.0,62968.05,1783.03596
2026-08-14 20:00:00,62968.06,63066.13,62800.0,63043.56,1094.74684
2026-08-15 00:00:00,63043.56,63187.98,62992.91,63051.25,1121.88969
2026-08-15 04:00:00,63051.25,63155.76,63027.89,63075.43,1448.06787
2026-08-15 08:00:00,63075.43,63085.8,62920.0,63022.01,617.28318
2026-08-15 12:00:00,63022.01,63120.09,62946.58,63100.55,700.44395
2026-08-15 16:00:00,63100.55,63127.4,63044.37,63126.08,1110.25742
2026-08-15 20:00:00,63126.07,63175.0,63076.96,63086.01,407.21827
2026-08-16 00:00:00,63086.01,63151.59,63012.0,63130.0,626.426
2026-08-16 04:00:00,63130.01,63158.8,63040.0,63061.02,792.70018
2026-08-16 08:00:00,63061.03,63079.76,62968.45,63013.66,746.76545
2026-08-16 12:00:00,63013.66,63146.4,62997.77,63146.39,558.13323
2026-08-16 16:00:00,63146.39,63390.0,63100.89,63108.81,861.07496
2026-08-16 20:00:00,63108.8,63140.0,62716.0,62900.0,1152.13153
2026-08-17 00:00:00,62900.0,63520.0,62751.1,63429.21,2170.22745
2026-08-17 04:00:00,63429.21,63717.17,63429.21,63514.45,2494.00927
2026-08-17 08:00:00,63514.45,63781.69,63295.0,63631.1,1942.91539
2026-08-17 12:00:00,63631.11,64227.27,63444.17,64200.0,2930.57098
2026-08-17 16:00:00,64200.0,64610.01,63979.3,64309.96,3583.96885
2026-08-17 20:00:00,64309.95,64578.0,64266.0,64532.1,1133.95519
2026-08-18 00:00:00,64532.11,64568.46,64047.73,64185.01,1731.23124
2026-08-18 04:00:00,64185.0,64446.0,64090.0,64198.97,3151.98283
2026-08-18 08:00:00,64198.97,64402.35,64087.98,64351.19,1202.18477
2026-08-18 12:00:00,64351.18,65058.81,64027.85,64855.06,3687.2214
2026-08-18 16:00:00,64855.06,64891.81,64642.36,64643.26,1223.7468
2026-08-18 20:00:00,64643.27,64780.0,64562.25,64725.42,793.54608
2026-08-19 00:00:00,64725.42,64736.27,64278.0,64330.71,1368.72937
2026-08-19 04:00:00,64330.7,64409.93,64166.0,64296.0,1822.44544
2026-08-19 08:00:00,64296.01,64539.05,64255.0,64515.63,1158.29773
2026-08-19 12:00:00,64515.62,69500.0,64474.86,68554.0,14033.00336
2026-08-19 16:00:00,68554.0,68997.0,67825.03,68429.44,5078.58687
2026-08-19 20:00:00,68429.44,70000.0,68390.0,69334.79,5593.23699
2026-08-20 00:00:00,69334.78,69894.5,68902.22,69195.64,4128.11593
2026-08-20 04:00:00,69195.64,70022.0,69166.0,69816.45,5427.46046
2026-08-20 08:00:00,69816.45,72490.0,69772.36,71927.07,11048.6274
2026-08-20 12:00:00,71927.07,72830.0,71132.0,72470.83,8096.54953
2026-08-20 16:00:00,72470.84,72966.0,72205.88,72690.76,4379.48083
2026-08-20 20:00:00,72690.76,73400.0,72498.0,73025.15,2824.55872
2026-08-21 00:00:00,73027.02,75785.82,73027.02,74510.77,7849.2251
2026-08-21 04:00:00,74510.77,76916.95,74510.77,76308.65,7121.86416
2026-08-21 08:00:00,76308.66,79500.0,76235.76,76722.32,12525.47553
2026-08-21 12:00:00,76722.31,77871.33,76243.04,77221.98,7874.81907
2026-08-21 16:00:00,77221.98,77722.12,76643.72,77028.94,4866.29326
2026-08-21 20:00:00,77028.94,78760.68,76863.56,78338.03,4101.88856
2026-08-22 00:00:00,78338.03,78828.15,77683.37,78410.98,3135.03861
2026-08-22 04:00:00,78410.98,78818.0,76500.0,77289.18,6027.36717
2026-08-22 08:00:00,77289.18,77445.6,76533.87,77130.02,3748.00174
2026-08-22 12:00:00,77130.01,77387.99,76880.0,76978.83,2000.76926
2026-08-22 16:00:00,76978.83,77547.96,76956.36,77418.25,1412.16364
2026-08-22 20:00:00,77418.26,77467.53,76772.0,77074.93,2201.16805
2026-08-23 00:00:00,77074.94,77400.0,76837.0,76927.87,1553.06668
2026-08-23 04:00:00,76927.87,77036.58,75545.67,76007.13,4450.70459
2026-08-23 08:00:00,76007.12,77400.0,75952.09,77311.02,2438.39979
2026-08-23 12:00:00,77311.02,77765.8,76802.0,77156.13,2980.37095
2026-08-23 16:00:00,77156.14,77487.04,77116.0,77346.01,1664.50999
2026-08-23 20:00:00,77346.0,78052.85,77200.03,77734.0,2280.17985
2026-08-24 00:00:00,77734.0,77742.0,76883.61,76933.02,3664.03678
2026-08-24 04:00:00,76933.02,77790.19,76670.01,77307.15,3503.20007
2026-08-24 08:00:00,77307.14,78600.0,76838.0,78443.65,3882.01996
2026-08-24 12:00:00,78443.65,80000.0,77851.9,79100.01,12055.74657
2026-08-24 16:00:00,79100.01,79877.87,78468.61,78758.0,5362.11449
2026-08-24 20:00:00,78757.99,79049.4,78560.0,78992.75,1712.17604
2026-08-25 00:00:00,78992.76,81272.62,78715.63,80488.01,6875.1249
2026-08-25 04:00:00,80488.01,80923.69,79369.17,79705.79,3945.93467
2026-08-25 08:00:00,79705.79,80249.0,78888.0,79117.99,3717.84169
2026-08-25 12:00:00,79118.0,79527.09,78120.74,79502.01,4751.6108
2026-08-25 16:00:00,79502.01,79563.71,78728.35,78925.95,2595.83028
2026-08-25 20:00:00,78925.96,79000.0,77851.0,78539.14,2886.1716
2026-08-26 00:00:00,78539.13,79251.6,78312.0,79088.62,2212.08248
2026-08-26 04:00:00,79088.61,79206.0,78638.0,78925.56,1973.77004
2026-08-26 08:00:00,78925.57,79119.37,78244.83,78487.26,2329.51988
2026-08-26 12:00:00,78487.26,78713.79,77632.58,78011.65,3729.56026
2026-08-26 16:00:00,78011.64,78650.26,77858.0,78475.49,1989.76733
2026-08-26 20:00:00,78475.49,79174.12,78200.0,79023.75,2379.05888
2026-08-27 00:00:00,79023.75,79028.49,78546.13,78830.68,1834.8573
2026-08-27 04:00:00,78830.68,79095.99,78600.0,79082.17,1224.03365
2026-08-27 08:00:00,79082.18,80520.0,79048.0,79477.67,4143.28822
2026-08-27 12:00:00,79477.66,80799.91,78920.0,80302.32,4528.8285
2026-08-27 16:00:00,80302.32,80848.74,79749.7,79910.19,3109.17529
2026-08-27 20:00:00,79910.19,80432.36,79882.86,80249.58,1425.35399
2026-08-28 00:00:00,80249.59,81478.87,79723.02,79810.49,3700.54747
2026-08-28 04:00:00,79810.48,79999.0,79558.11,79660.0,2266.68768
2026-08-28 08:00:00,79660.0,79840.0,79001.01,79604.13,2010.80327
2026-08-28 12:00:00,79604.12,79838.73,78312.64,78331.13,5428.42383
2026-08-28 16:00:00,78331.13,78404.0,76888.0,77580.03,4754.79211
2026-08-28 20:00:00,77580.03,77846.72,77255.69,77845.87,1595.1821
2026-08-29 00:00:00,77845.88,77963.92,77507.16,77507.17,1163.39213
2026-08-29 04:00:00,77507.17,77716.12,77382.37,77626.01,1664.15625
2026-08-29 08:00:00,77626.01,77754.23,77487.73,77584.67,991.9736
2026-08-29 12:00:00,77584.66,78150.0,77506.63,77865.36,1283.2584
2026-08-29 16:00:00,77865.36,78330.0,77858.29,78182.0,1024.87084
2026-08-29 20:00:00,78181.99,78298.0,78062.0,78230.0,888.65135
2026-08-30 00:00:00,78230.0,78330.0,77994.02,78144.68,816.30414
2026-08-30 04:00:00,78144.68,78310.71,77990.0,78118.0,723.01311
2026-08-30 08:00:00,78118.0,78242.0,77962.49,78166.0,649.28997
2026-08-30 12:00:00,78165.99,78966.76,78165.99,78823.63,2296.08087
2026-08-30 16:00:00,78823.62,79400.0,78721.98,78856.39,1654.26061
2026-08-30 20:00:00,78856.39,78931.49,77000.0,77682.0,2946.47535
2026-08-31 00:00:00,77682.0,78185.89,77392.0,77756.71,2131.01907
2026-08-31 04:00:00,77756.7,78322.56,77458.83,78196.01,2746.00452
2026-08-31 08:00:00,78196.01,78802.0,77982.0,78315.43,2466.58638
2026-08-31 12:00:00,78315.43,78777.9,77675.04,78580.42,4388.20343
2026-08-31 16:00:00,78580.43,79250.0,78494.0,78898.06,2077.9423
2026-08-31 20:00:00,78898.06,79172.0,78405.01,78581.29,1494.15032
2026-09-01 00:00:00,78581.3,78900.01,78189.93,78679.01,2030.75476
2026-09-01 04:00:00,78679.01,79220.61,78500.0,78632.37,1861.50805
2026-09-01 08:00:00,78632.37,78658.01,77758.69,78098.97,2651.84197
2026-09-01 12:00:00,78098.96,78424.0,77510.0,77919.06,3120.33071
2026-09-01 16:00:00,77919.07,77976.0,76420.0,77312.0,3107.9414
2026-09-01 20:00:00,77312.0,77638.18,76920.36,77439.0,1358.2626
2026-09-02 00:00:00,77439.01,77792.0,76718.48,77563.5,2069.66828
2026-09-02 04:00:00,77563.5,77765.99,77294.56,77473.85,1554.71407
2026-09-02 08:00:00,77473.86,77546.0,76264.0,76828.76,3307.82033
2026-09-02 12:00:00,76828.75,77490.0,76611.67,77288.98,2775.08568
2026-09-02 16:00:00,77288.97,77582.0,76950.56,77341.47,2309.35456
2026-09-02 20:00:00,77341.48,77520.0,77007.36,77340.01,1054.33528
2026-09-03 00:00:00,77340.01,77900.0,76968.0,77708.0,1810.06511
2026-09-03 04:00:00,77708.01,78183.91,77101.01,77663.15,2058.03609
2026-09-03 08:00:00,77663.14,78066.0,77478.0,77948.39,1507.39929
2026-09-03 12:00:00,77948.39,81370.33,77896.07,81348.0,7602.37953
2026-09-03 16:00:00,81348.0,81790.0,80613.52,81755.41,3813.87114
2026-09-03 20:00:00,81755.41,82300.0,80905.05,81270.37,3014.67131
2026-09-04 00:00:00,81270.37,81427.75,80669.45,80850.0,2106.35935
2026-09-04 04:00:00,80850.01,81288.0,80573.21,80656.87,2337.64732
2026-09-04 08:00:00,80656.86,81423.03,80502.87,81224.86,2718.76274
2026-09-04 12:00:00,81224.86,81350.0,78660.0,79429.33,8378.55183
2026-09-04 16:00:00,79429.33,79877.07,79378.19,79793.34,2107.66351
2026-09-04 20:00:00,79793.35,79862.15,79512.0,79660.77,1549.64074
2026-09-05 00:00:00,79660.77,79721.57,79472.22,79582.0,879.54469
2026-09-05 04:00:00,79581.99,79763.41,79442.0,79709.96,1299.56191
2026-09-05 08:00:00,79709.96,79735.97,79568.0,79609.28,1317.25002
2026-09-05 12:00:00,79609.29,79816.0,79545.96,79806.01,1515.20832
2026-09-05 16:00:00,79806.0,80200.0,79712.86,79754.0,2187.26566
2026-09-05 20:00:00,79753.99,79947.99,79694.0,79831.75,1918.4096
2026-09-06 00:00:00,79831.75,80107.99,79829.98,80028.01,959.7761
2026-09-06 04:00:00,80028.01,80107.99,79577.0,79805.0,1634.23504
2026-09-06 08:00:00,79804.68,80020.0,79752.7,79919.17,1709.90126
2026-09-06 12:00:00,79919.17,80010.0,79233.0,79716.5,1691.87965
2026-09-06 16:00:00,79716.51,79970.0,79584.73,79829.99,859.21256
2026-09-06 20:00:00,79830.0,80559.99,79647.04,80341.83,1999.81366
2026-09-07 00:00:00,80341.83,80443.99,79568.6,79596.39,1737.92416
2026-09-07 04:00:00,79596.38,79926.04,79001.1,79397.83,2737.571
2026-09-07 08:00:00,79397.83,79550.0,79282.0,79420.16,1414.08125
2026-09-07 12:00:00,79420.16,79643.5,78680.0,78821.99,2336.60558
2026-09-07 16:00:00,78822.0,79419.17,78807.69,79365.82,1219.11153
2026-09-07 20:00:00,79365.81,79394.92,78781.07,79112.01,1127.16143
2026-09-08 00:00:00,79112.0,79485.0,78725.1,78906.28,2314.63248
2026-09-08 04:00:00,78906.27,78929.24,78179.98,78482.0,6753.06421
2026-09-08 08:00:00,78482.0,78994.5,78271.63,78430.01,2614.92047
2026-09-08 12:00:00,78430.0,78910.88,77620.01,78904.0,4668.00227
2026-09-08 16:00:00,78904.0,78978.39,78271.49,78446.0,1484.59996
2026-09-08 20:00:00,78445.99,78662.75,78406.0,78455.8,1399.84666
2026-09-09 00:00:00,78455.8,78928.65,78455.79,78638.01,1609.73359
2026-09-09 04:00:00,78638.01,79400.0,78638.0,79277.43,1973.28668
2026-09-09 08:00:00,79277.44,79760.0,78725.29,79324.75,2523.95974
2026-09-09 12:00:00,79324.75,79678.84,78060.03,78596.7,4602.5023
2026-09-09 16:00:00,78596.7,78938.55,78150.0,78234.94,1739.43655
2026-09-09 20:00:00,78234.94,78340.01,77770.0,78306.43,1681.00141
2026-09-10 00:00:00,78306.43,78550.0,77952.0,78328.08,1876.38897
2026-09-10 04:00:00,78328.08,78564.39,77906.48,78112.0,1876.70487
2026-09-10 08:00:00,78112.0,78229.22,77688.0,77840.8,2184.29873
2026-09-10 12:00:00,77840.64,77959.2,76676.07,77250.0,6058.77233
2026-09-10 16:00:00,77250.0,77544.0,76804.99,77160.83,1862.81881
2026-09-10 20:00:00,77160.83,77347.45,76464.0,76568.72,1461.38533
2026-09-11 00:00:00,76568.73,77013.62,76563.01,76891.8,2190.99695
2026-09-11 04:00:00,76891.81,77431.48,76889.23,77230.7,1495.30957
2026-09-11 08:00:00,77230.7,77500.0,76746.95,77036.12,1673.60711
2026-09-11 12:00:00,77036.12,79890.0,76046.58,77732.25,9334.31018
2026-09-11 16:00:00,77732.25,78068.01,76883.0,77286.01,2837.74262
2026-09-11 20:00:00,77286.0,77504.01,76967.13,77225.7,2181.31086
2026-09-12 00:00:00,77225.71,77378.37,77207.65,77268.09,1050.82498
2026-09-12 04:00:00,77268.09,77359.2,77164.06,77269.55,1868.18666
2026-09-12 08:00:00,77269.54,77400.75,77269.54,77356.04,911.81159
2026-09-12 12:00:00,77356.05,77505.67,77255.19,77380.37,1868.75181
2026-09-12 16:00:00,77380.38,77414.01,77059.75,77114.99,1414.87519
2026-09-12 20:00:00,77115.0,77300.0,77114.99,77278.73,945.99432
2026-09-13 00:00:00,77278.73,77341.37,77162.36,77192.01,909.67679
2026-09-13 04:00:00,77192.0,77325.82,77058.42,77127.99,1137.82395
2026-09-13 08:00:00,77127.99,77182.0,76500.0,76792.32,1396.22788
2026-09-13 12:00:00,76792.31,77254.45,76560.0,77134.83,1488.47423
2026-09-13 16:00:00,77134.82,77413.52,77125.66,77284.0,690.96129
2026-09-13 20:00:00,77284.01,77450.0,76622.97,76842.01,1336.51952
2026-09-14 00:00:00,76842.01,77869.82,76388.72,77596.33,3263.31484
2026-09-14 04:00:00,77596.32,77895.35,77379.41,77892.24,1674.13901
2026-09-14 08:00:00,77892.24,78374.01,77593.8,77776.0,1944.20806
2026-09-14 12:00:00,77776.0,78712.29,77481.98,78578.02,3774.64146
2026-09-14 16:00:00,78578.02,79325.0,78426.17,78982.0,2707.30125
2026-09-14 20:00:00,78982.01,79600.0,78131.3,78189.21,2049.88509
2026-09-15 00:00:00,78189.2,78250.46,77658.0,77676.99,1582.25659
2026-09-15 04:00:00,77676.99,77744.31,76889.22,76930.01,2492.09601
2026-09-15 08:00:00,76930.0,77223.32,76703.59,76940.01,2305.84645
2026-09-15 12:00:00,76940.01,77143.15,75605.0,76512.0,6696.64322
2026-09-15 16:00:00,76512.01,77343.44,74967.97,76186.48,6485.18573
2026-09-15 20:00:00,76186.48,76245.98,75140.64,75644.48,2120.68934
2026-09-16 00:00:00,75644.48,76111.0,75457.52,75824.01,1612.51371
2026-09-16 04:00:00,75824.0,76097.54,75677.64,75766.63,1815.54445
2026-09-16 08:00:00,75766.62,76304.01,75350.0,76250.0,1984.5471
2026-09-16 12:00:00,76250.0,76300.0,75423.04,75788.41,2571.68452
2026-09-16 16:00:00,75788.41,76560.76,75064.82,76080.0,5061.39529
2026-09-16 20:00:00,76080.0,76422.01,75632.7,76206.01,1842.29924
2026-09-17 00:00:00,76206.0,76774.08,76055.34,76441.99,1903.83757
2026-09-17 04:00:00,76442.0,76682.01,76187.0,76462.76,1250.01649
2026-09-17 08:00:00,76462.77,76770.0,76179.0,76482.0,1544.37385
2026-09-17 12:00:00,76482.0,77179.47,76000.0,76780.01,3397.26109
2026-09-17 16:00:00,76780.01,76970.01,76470.4,76594.01,1893.4651
2026-09-17 20:00:00,76594.01,76732.99,76259.98,76417.01,936.06809
2026-09-18 00:00:00,76417.01,77597.83,76296.0,77383.47,2587.0135
2026-09-18 04:00:00,77383.47,77850.0,77216.76,77798.01,3187.0833
2026-09-18 08:00:00,77798.0,78490.79,77660.0,78062.0,3241.48376
2026-09-18 12:00:00,78062.01,81154.67,77972.3,80834.04,8770.20827
