timestamp,open,high,low,close,volume
2019-11-14 16:00:00,184.56,185.32,183.34,183.66,38778.35693
2019-11-14 20:00:00,183.66,185.88,183.64,184.92,21279.19426
2019-11-15 00:00:00,184.93,185.28,180.63,182.18,68814.49807
2019-11-15 04:00:00,182.18,183.66,181.0,182.73,40621.51176
2019-11-15 08:00:00,182.73,186.7,182.69,183.34,112462.62533
2019-11-15 12:00:00,183.34,184.28,177.67,179.9,125552.94409
2019-11-15 16:00:00,179.89,180.36,177.95,179.63,41222.93125
2019-11-15 20:00:00,179.61,181.06,179.2,180.0,18792.27914
2019-11-16 00:00:00,179.99,180.93,179.3,180.03,22343.19047
2019-11-16 04:00:00,180.01,181.9,179.97,181.28,31945.88572
2019-11-16 08:00:00,181.28,182.64,180.73,181.65,41895.95411
2019-11-16 12:00:00,181.65,182.89,180.98,182.64,36626.81742
2019-11-16 16:00:00,182.67,183.13,182.15,182.4,21567.59289
2019-11-16 20:00:00,182.4,183.46,181.89,182.37,18422.08515
2019-11-17 00:00:00,182.37,183.18,181.34,181.81,23187.80378
2019-11-17 04:00:00,181.81,181.82,180.21,180.77,23114.69669
2019-11-17 08:00:00,180.79,185.25,180.0,184.19,71802.33739
2019-11-17 12:00:00,184.18,185.75,183.6,184.25,37677.86211
2019-11-17 16:00:00,184.25,185.6,184.2,185.07,19950.01692
2019-11-17 20:00:00,185.06,186.09,183.47,183.82,23159.72031
2019-11-18 00:00:00,183.82,183.95,182.23,183.07,38731.48705
2019-11-18 04:00:00,183.06,184.06,182.63,183.31,28274.64082
2019-11-18 08:00:00,183.3,183.87,181.85,182.37,35033.0532
2019-11-18 12:00:00,182.37,182.9,180.61,180.98,43125.95715
2019-11-18 16:00:00,181.01,181.8,175.01,178.81,123458.33405
2019-11-18 20:00:00,178.8,178.86,177.27,178.2,24927.76405
2019-11-19 00:00:00,178.2,178.52,176.93,177.15,25827.72835
2019-11-19 04:00:00,177.15,177.45,175.34,176.1,49730.28942
2019-11-19 08:00:00,176.09,177.45,173.15,174.65,61356.93252
2019-11-19 12:00:00,174.65,175.89,173.3,174.95,76575.75709
2019-11-19 16:00:00,174.96,175.95,172.65,174.18,37306.38254
2019-11-19 20:00:00,174.15,176.44,172.88,175.94,25089.55118
2019-11-20 00:00:00,175.93,176.95,175.01,175.76,28437.28161
2019-11-20 04:00:00,175.77,177.41,174.64,176.63,47051.11368
2019-11-20 08:00:00,176.62,177.1,173.53,174.93,44434.89064
2019-11-20 12:00:00,174.92,177.35,174.5,176.0,34401.42041
2019-11-20 16:00:00,175.99,177.37,173.5,174.65,43746.22636
2019-11-20 20:00:00,174.63,175.88,173.95,174.72,18245.00039
2019-11-21 00:00:00,174.75,175.85,174.03,175.51,22798.02937
2019-11-21 04:00:00,175.5,175.51,174.0,174.64,28522.79247
2019-11-21 08:00:00,174.63,174.8,166.91,168.23,128155.88254
2019-11-21 12:00:00,168.23,169.43,157.26,161.26,184260.89556
2019-11-21 16:00:00,161.3,162.16,158.3,160.42,75348.73601
2019-11-21 20:00:00,160.42,161.1,158.32,161.01,34809.59397
2019-11-22 00:00:00,161.02,162.79,159.97,160.12,61880.83776
2019-11-22 04:00:00,160.11,161.17,153.52,157.87,132013.83437
2019-11-22 08:00:00,157.85,162.0,145.11,148.87,324749.11003
2019-11-22 12:00:00,148.87,150.03,138.0,148.06,256081.67274
2019-11-22 16:00:00,148.06,153.27,146.3,152.62,139470.13176
2019-11-22 20:00:00,152.63,154.74,147.61,149.56,63781.65128
2019-11-23 00:00:00,149.55,151.99,146.11,151.52,67644.12565
2019-11-23 04:00:00,151.52,152.16,148.92,150.01,55473.14433
2019-11-23 08:00:00,150.0,150.94,146.6,148.91,66844.72134
2019-11-23 12:00:00,148.91,153.08,148.0,152.07,71634.24722
2019-11-23 16:00:00,152.07,154.33,151.37,151.58,80373.30238
2019-11-23 20:00:00,151.58,152.94,150.03,151.84,27751.55868
2019-11-24 00:00:00,151.84,152.86,149.4,149.74,32921.02487
2019-11-24 04:00:00,149.74,150.74,148.64,149.34,32906.13597
2019-11-24 08:00:00,149.34,151.2,148.78,149.99,45141.05174
2019-11-24 12:00:00,149.99,150.0,142.69,143.54,89407.75208
2019-11-24 16:00:00,143.53,145.58,141.25,143.91,89948.59765
2019-11-24 20:00:00,143.93,144.9,138.62,139.96,61994.65327
2019-11-25 00:00:00,139.99,142.37,134.85,137.62,111978.53975
2019-11-25 04:00:00,137.61,137.64,131.45,135.26,168775.6316
2019-11-25 08:00:00,135.26,147.0,134.28,142.51,155799.16654
2019-11-25 12:00:00,142.46,150.29,142.19,149.59,199996.37078
2019-11-25 16:00:00,149.66,151.5,146.38,146.85,76029.15568
2019-11-25 20:00:00,146.86,148.1,144.88,145.69,37096.54868
2019-11-26 00:00:00,145.81,149.97,144.06,149.47,67867.4228
2019-11-26 04:00:00,149.47,149.85,145.58,146.84,80612.2367
2019-11-26 08:00:00,146.83,147.96,143.37,146.07,65942.22449
2019-11-26 12:00:00,146.03,146.98,143.47,145.73,64723.87191
2019-11-26 16:00:00,145.75,146.44,143.86,144.99,34423.57295
2019-11-26 20:00:00,144.99,148.72,144.99,147.47,40453.71413
2019-11-27 00:00:00,147.47,148.53,144.83,145.23,56706.74142
2019-11-27 04:00:00,145.22,147.8,143.5,146.28,78963.41847
2019-11-27 08:00:00,146.28,147.0,140.84,146.5,156090.99286
2019-11-27 12:00:00,146.49,151.62,145.93,150.65,105888.08938
2019-11-27 16:00:00,150.67,155.49,148.3,153.86,132391.16109
2019-11-27 20:00:00,153.86,155.54,152.01,152.62,34756.02518
2019-11-28 00:00:00,152.61,154.55,152.05,152.13,36848.92786
2019-11-28 04:00:00,152.11,153.3,150.42,152.21,61811.93326
2019-11-28 08:00:00,152.23,153.04,149.82,151.57,77878.93347
2019-11-28 12:00:00,151.59,154.63,150.19,153.99,59212.50574
2019-11-28 16:00:00,153.97,154.22,152.79,153.69,33883.78679
2019-11-28 20:00:00,153.69,154.23,149.09,150.72,48078.47614
2019-11-29 00:00:00,150.69,153.13,150.23,152.53,42967.38661
2019-11-29 04:00:00,152.42,153.1,151.13,152.72,28786.7478
2019-11-29 08:00:00,152.77,155.57,152.26,153.58,56548.50557
2019-11-29 12:00:00,153.58,157.26,151.01,156.86,93789.10676
2019-11-29 16:00:00,156.86,157.6,154.0,154.24,56326.6144
2019-11-29 20:00:00,154.2,155.16,152.19,154.57,50293.89444
2019-11-30 00:00:00,154.54,155.25,153.28,153.97,23496.76937
2019-11-30 04:00:00,153.97,154.9,152.98,154.82,29871.73426
2019-11-30 08:00:00,154.81,154.83,152.6,152.77,49140.91144
2019-11-30 12:00:00,152.77,153.68,150.51,151.56,57241.15815
2019-11-30 16:00:00,151.54,152.6,149.7,150.56,43485.36179
2019-11-30 20:00:00,150.56,152.29,150.16,151.37,23627.47798
2019-12-01 00:00:00,151.43,151.43,145.84,147.14,110608.8016
2019-12-01 04:00:00,147.13,148.67,146.49,146.86,39560.14007
2019-12-01 08:00:00,146.85,148.44,145.79,147.33,63380.12122
2019-12-01 12:00:00,147.34,152.49,147.32,149.39,72989.33891
2019-12-01 16:00:00,149.43,150.72,149.1,150.22,26980.36343
2019-12-01 20:00:00,150.16,152.05,149.56,150.73,30659.37565
2019-12-02 00:00:00,150.72,151.42,149.76,150.04,28155.2528
2019-12-02 04:00:00,150.05,150.52,146.71,148.37,64116.5187
2019-12-02 08:00:00,148.39,150.41,147.26,148.92,53729.98092
2019-12-02 12:00:00,148.91,149.66,147.47,148.43,40060.38229
2019-12-02 16:00:00,148.43,148.93,146.84,147.52,25276.95768
2019-12-02 20:00:00,147.53,149.5,147.48,148.65,22500.00491
2019-12-03 00:00:00,148.66,149.93,148.38,149.21,32222.85809
2019-12-03 04:00:00,149.2,149.5,148.01,148.35,28402.6044
2019-12-03 08:00:00,148.35,148.93,145.77,146.82,49137.78339
2019-12-03 12:00:00,146.79,148.98,146.64,148.17,46073.56431
2019-12-03 16:00:00,148.14,148.6,147.5,147.72,22002.04647
2019-12-03 20:00:00,147.72,148.08,147.04,147.17,18490.36837
2019-12-04 00:00:00,147.19,147.28,143.15,144.64,66387.65685
2019-12-04 04:00:00,144.64,144.79,143.31,144.11,27965.38578
2019-12-04 08:00:00,144.12,146.46,143.28,145.55,67425.94106
2019-12-04 12:00:00,145.53,151.98,145.53,149.11,132746.49438
2019-12-04 16:00:00,149.12,149.8,149.0,149.68,28945.09331
2019-12-04 20:00:00,149.68,150.01,144.35,145.38,111019.89383
2019-12-05 00:00:00,145.45,146.03,143.64,144.96,47957.58372
2019-12-05 04:00:00,144.99,146.5,143.88,145.65,61396.90605
2019-12-05 08:00:00,145.66,147.03,145.31,146.51,63902.54721
2019-12-05 12:00:00,146.51,149.02,146.51,147.03,64788.46651
2019-12-05 16:00:00,147.02,147.97,146.3,147.6,35810.46053
2019-12-05 20:00:00,147.6,148.6,147.37,148.1,25217.5757
2019-12-06 00:00:00,148.11,148.37,146.91,147.26,27447.3323
2019-12-06 04:00:00,147.28,147.89,147.01,147.73,22167.14581
2019-12-06 08:00:00,147.76,147.87,145.74,146.49,53909.23186
2019-12-06 12:00:00,146.43,147.73,146.14,147.21,36314.09307
2019-12-06 16:00:00,147.23,149.77,146.81,148.11,59085.27809
2019-12-06 20:00:00,148.1,148.88,147.75,148.45,21751.60468
2019-12-07 00:00:00,148.46,148.93,148.05,148.39,20244.20985
2019-12-07 04:00:00,148.37,149.49,148.37,148.48,24431.94446
2019-12-07 08:00:00,148.47,148.72,147.14,147.92,41084.33963
2019-12-07 12:00:00,147.94,148.55,147.46,148.28,25786.69449
2019-12-07 16:00:00,148.25,148.42,147.31,147.86,14739.56495
2019-12-07 20:00:00,147.86,147.86,146.85,147.14,14184.9325
2019-12-08 00:00:00,147.16,147.63,146.11,146.69,28000.18677
2019-12-08 04:00:00,146.69,147.28,146.36,147.01,13086.18636
2019-12-08 08:00:00,147.0,148.75,146.89,148.14,46831.93248
2019-12-08 12:00:00,148.16,151.5,147.8,150.68,49532.17518
2019-12-08 16:00:00,150.68,151.62,149.89,150.42,45154.25859
2019-12-08 20:00:00,150.42,151.4,150.12,150.44,22696.86322
2019-12-09 00:00:00,150.44,151.09,149.42,150.31,34574.3664
2019-12-09 04:00:00,150.3,150.96,149.1,149.31,36952.47141
2019-12-09 08:00:00,149.31,149.7,148.79,149.12,35235.53353
2019-12-09 12:00:00,149.14,151.19,147.0,148.02,74728.4613
2019-12-09 16:00:00,148.03,148.33,147.0,147.33,31595.38308
2019-12-09 20:00:00,147.34,147.83,146.56,147.38,30689.77677
2019-12-10 00:00:00,147.4,148.57,146.18,147.23,41719.21009
2019-12-10 04:00:00,147.23,147.48,146.8,147.27,28132.93679
2019-12-10 08:00:00,147.26,147.46,146.67,147.23,29370.52324
2019-12-10 12:00:00,147.23,147.41,144.99,145.14,52728.39563
2019-12-10 16:00:00,145.15,145.69,144.39,144.97,30935.46894
2019-12-10 20:00:00,144.91,145.92,143.81,145.56,20329.31468
2019-12-11 00:00:00,145.53,146.34,144.98,145.49,14376.76464
2019-12-11 04:00:00,145.52,145.81,144.84,145.67,16870.60197
2019-12-11 08:00:00,145.67,146.17,145.3,145.61,22984.67664
2019-12-11 12:00:00,145.57,146.21,142.12,142.8,59688.9744
2019-12-11 16:00:00,142.81,143.58,142.19,142.79,30949.7625
2019-12-11 20:00:00,142.78,143.45,142.45,143.39,12972.32469
2019-12-12 00:00:00,143.41,144.11,139.24,142.08,71279.57845
2019-12-12 04:00:00,142.06,142.71,141.64,141.99,24942.66734
2019-12-12 08:00:00,141.95,144.45,141.12,144.15,63141.897
2019-12-12 12:00:00,144.13,144.79,141.85,143.85,43196.63322
2019-12-12 16:00:00,143.85,145.66,143.44,145.06,33563.00003
2019-12-12 20:00:00,145.05,145.85,144.5,144.87,25491.52833
2019-12-13 00:00:00,144.87,145.28,144.22,144.6,22039.34145
2019-12-13 04:00:00,144.6,145.05,144.26,144.45,17657.59388
2019-12-13 08:00:00,144.47,146.0,142.8,144.44,47793.14329
2019-12-13 12:00:00,144.41,144.78,143.83,144.59,28573.15224
2019-12-13 16:00:00,144.58,145.25,144.35,144.48,30260.69457
2019-12-13 20:00:00,144.48,144.82,143.94,144.8,14371.26013
2019-12-14 00:00:00,144.8,145.07,144.28,144.58,11535.79899
2019-12-14 04:00:00,144.58,144.78,143.62,143.96,14900.82559
2019-12-14 08:00:00,143.97,144.0,142.3,143.22,30718.28981
2019-12-14 12:00:00,143.23,143.26,141.19,141.7,29105.57297
2019-12-14 16:00:00,141.75,142.65,141.18,142.16,29982.61731
2019-12-14 20:00:00,142.14,142.4,141.64,141.79,9989.48734
2019-12-15 00:00:00,141.79,141.97,139.92,141.02,31283.91884
2019-12-15 04:00:00,141.01,144.12,140.57,143.25,40269.10224
2019-12-15 08:00:00,143.28,143.97,142.27,142.75,27656.69354
2019-12-15 12:00:00,142.75,143.44,142.01,143.14,25739.84698
2019-12-15 16:00:00,143.14,143.28,142.39,142.85,13911.23403
2019-12-15 20:00:00,142.85,143.17,142.02,142.46,12328.86314
2019-12-16 00:00:00,142.46,142.72,141.04,141.39,18427.64349
2019-12-16 04:00:00,141.4,141.99,140.86,141.27,25536.78779
2019-12-16 08:00:00,141.28,141.58,140.3,141.1,33342.06145
2019-12-16 12:00:00,141.12,142.29,140.7,140.97,43879.82606
2019-12-16 16:00:00,140.96,141.29,127.93,131.79,249885.64851
2019-12-16 20:00:00,131.76,132.98,130.95,132.73,99946.89212
2019-12-17 00:00:00,132.72,132.98,130.8,131.97,37233.03463
2019-12-17 04:00:00,131.98,132.2,130.82,131.05,52397.11426
2019-12-17 08:00:00,131.05,132.32,130.8,132.23,43057.15502
2019-12-17 12:00:00,132.27,132.45,126.49,127.23,155655.16124
2019-12-17 16:00:00,127.23,128.54,122.5,122.85,166841.55954
2019-12-17 20:00:00,122.83,123.33,119.11,121.88,108073.33532
2019-12-18 00:00:00,121.88,125.78,121.33,123.9,76793.22382
2019-12-18 04:00:00,123.89,124.48,120.67,121.69,77164.25529
2019-12-18 08:00:00,121.68,123.98,121.33,121.67,86415.70582
2019-12-18 12:00:00,121.68,128.69,116.26,127.32,339740.14364
2019-12-18 16:00:00,127.37,129.4,125.67,128.74,123825.57511
2019-12-18 20:00:00,128.7,134.87,128.26,132.78,181022.00966
2019-12-19 00:00:00,132.8,134.0,126.5,129.02,123082.11205
2019-12-19 04:00:00,129.02,129.03,127.24,127.45,49214.91773
2019-12-19 08:00:00,127.46,128.47,125.69,126.05,77885.23575
2019-12-19 12:00:00,126.07,127.91,125.86,127.35,69892.35849
2019-12-19 16:00:00,127.33,128.69,126.43,127.5,49467.413
2019-12-19 20:00:00,127.52,128.39,126.01,128.1,51132.78018
2019-12-20 00:00:00,128.1,128.6,126.25,126.88,39549.05608
2019-12-20 04:00:00,126.88,127.37,125.84,127.18,29147.74479
2019-12-20 08:00:00,127.18,127.5,126.5,127.37,34610.98361
2019-12-20 12:00:00,127.39,129.39,126.72,127.41,60275.69681
2019-12-20 16:00:00,127.41,128.5,126.98,128.03,31664.60109
2019-12-20 20:00:00,128.03,128.6,127.74,128.19,18649.38492
2019-12-21 00:00:00,128.19,128.4,126.97,127.31,26395.16905
2019-12-21 04:00:00,127.31,127.8,126.84,127.02,24673.7469
2019-12-21 08:00:00,127.03,127.87,126.5,127.39,29467.89196
2019-12-21 12:00:00,127.4,127.8,126.64,127.34,28235.03061
2019-12-21 16:00:00,127.33,127.53,126.77,127.01,11844.541
2019-12-21 20:00:00,127.03,127.59,126.77,126.99,14579.73689
2019-12-22 00:00:00,127.0,127.45,126.82,127.14,12937.49508
2019-12-22 04:00:00,127.15,129.4,126.87,129.27,29219.81714
2019-12-22 08:00:00,129.3,130.99,128.56,129.05,53002.751
2019-12-22 12:00:00,129.03,130.0,129.02,129.53,22740.64493
2019-12-22 16:00:00,129.57,132.5,129.31,131.94,84940.66311
2019-12-22 20:00:00,131.94,133.07,131.19,132.09,50299.35287
2019-12-23 00:00:00,132.12,135.1,132.1,133.87,86402.71507
2019-12-23 04:00:00,133.85,133.99,130.87,131.67,60396.00282
2019-12-23 08:00:00,131.67,133.52,131.47,132.97,47626.43829
2019-12-23 12:00:00,132.97,133.92,132.44,133.26,51211.55359
2019-12-23 16:00:00,133.22,134.42,128.16,129.08,120922.67301
2019-12-23 20:00:00,129.06,129.14,126.0,127.8,55041.37377
2019-12-24 00:00:00,127.8,128.53,127.29,127.67,36234.04195
2019-12-24 04:00:00,127.68,128.37,126.61,127.15,33770.72865
2019-12-24 08:00:00,127.17,129.04,126.7,128.62,33720.76499
2019-12-24 12:00:00,128.62,129.69,127.08,127.88,40009.23138
2019-12-24 16:00:00,127.88,128.52,126.8,127.8,39639.60512
2019-12-24 20:00:00,127.84,128.44,127.3,127.75,17262.72889
2019-12-25 00:00:00,127.7,127.84,125.11,125.74,43232.3271
2019-12-25 04:00:00,125.72,126.45,123.07,125.66,42223.86157
2019-12-25 08:00:00,125.67,126.12,124.08,124.38,33182.93001
2019-12-25 12:00:00,124.38,125.56,123.35,124.42,44404.7648
2019-12-25 16:00:00,124.42,125.82,123.41,125.43,40741.51645
2019-12-25 20:00:00,125.44,125.97,124.91,125.09,21219.09097
2019-12-26 00:00:00,125.09,125.43,124.32,124.52,17019.466
2019-12-26 04:00:00,124.52,125.08,124.37,124.96,19861.16426
2019-12-26 08:00:00,124.96,126.08,124.91,125.14,24661.11897
2019-12-26 12:00:00,125.15,126.69,124.99,126.18,29940.72332
2019-12-26 16:00:00,126.18,132.26,125.55,128.97,119777.37179
2019-12-26 20:00:00,128.92,129.59,124.33,125.58,63726.67663
2019-12-27 00:00:00,125.58,126.63,125.12,126.45,24291.22232
2019-12-27 04:00:00,126.47,126.54,124.47,124.99,37397.85854
2019-12-27 08:00:00,124.99,125.37,121.91,123.66,56238.67029
2019-12-27 12:00:00,123.66,126.6,122.97,126.11,65440.82683
2019-12-27 16:00:00,126.09,127.1,124.56,125.35,40119.50122
2019-12-27 20:00:00,125.35,126.76,125.14,126.29,16524.29531
2019-12-28 00:00:00,126.28,128.31,125.84,127.08,33053.03344
2019-12-28 04:00:00,127.08,128.59,126.69,127.26,36952.72514
2019-12-28 08:00:00,127.25,128.0,126.6,127.34,24806.14657
2019-12-28 12:00:00,127.31,128.49,126.96,127.42,22563.64807
2019-12-28 16:00:00,127.44,129.68,126.84,129.04,57033.85921
2019-12-28 20:00:00,129.04,129.27,127.9,128.11,22484.11034
2019-12-29 00:00:00,128.11,128.16,127.52,127.94,16121.34435
2019-12-29 04:00:00,127.97,128.87,127.61,128.43,19191.9311
2019-12-29 08:00:00,128.43,129.42,127.99,129.39,24854.72658
2019-12-29 12:00:00,129.38,132.44,128.97,131.99,79602.10923
2019-12-29 16:00:00,131.98,134.95,131.86,134.85,68122.10168
2019-12-29 20:00:00,134.85,138.07,132.87,134.36,108455.05372
2019-12-30 00:00:00,134.36,134.66,133.14,134.0,44829.29349
2019-12-30 04:00:00,134.0,136.24,133.99,135.59,49636.89
2019-12-30 08:00:00,135.62,135.62,132.45,133.11,80861.58595
2019-12-30 12:00:00,133.1,133.7,130.3,130.63,79506.02749
2019-12-30 16:00:00,130.64,131.99,130.35,131.32,34803.76383
2019-12-30 20:00:00,131.31,132.69,131.05,131.59,30709.6588
2019-12-31 00:00:00,131.61,131.96,130.76,131.26,25129.15648
2019-12-31 04:00:00,131.25,133.07,131.07,132.2,44162.78572
2019-12-31 08:00:00,132.17,132.23,131.22,131.92,32555.05368
2019-12-31 12:00:00,131.96,133.68,128.9,129.73,93106.70137
2019-12-31 16:00:00,129.71,130.51,128.42,128.49,51027.12357
2019-12-31 20:00:00,128.47,129.46,128.17,129.16,18953.16336
2020-01-01 00:00:00,129.16,130.98,128.68,130.2,31685.73908
2020-01-01 04:00:00,130.21,130.75,130.11,130.24,15457.58966
2020-01-01 08:00:00,130.24,131.87,129.87,130.74,27822.94195
2020-01-01 12:00:00,130.74,132.4,130.7,132.08,24010.28657
2020-01-01 16:00:00,132.08,133.05,131.57,131.86,20158.22421
2020-01-01 20:00:00,131.86,132.37,129.74,130.77,25635.7405
2020-01-02 00:00:00,130.72,130.78,128.77,129.1,38485.79425
2020-01-02 04:00:00,129.09,129.99,128.69,129.26,27580.21466
2020-01-02 08:00:00,129.23,130.28,129.21,129.53,25341.92023
2020-01-02 12:00:00,129.52,130.01,128.9,129.59,23157.01214
2020-01-02 16:00:00,129.58,129.78,126.38,127.62,85534.55202
2020-01-02 20:00:00,127.63,127.87,126.79,127.19,13657.56476
2020-01-03 00:00:00,127.19,127.6,125.88,126.89,40142.23049
2020-01-03 04:00:00,126.89,130.15,126.83,128.86,87499.1273
2020-01-03 08:00:00,128.86,133.26,128.8,132.46,118287.73343
2020-01-03 12:00:00,132.49,133.95,130.93,132.53,57993.70937
2020-01-03 16:00:00,132.52,134.9,131.94,133.49,70186.34496
2020-01-03 20:00:00,133.48,135.14,132.16,134.35,38946.0434
2020-01-04 00:00:00,134.37,134.81,132.79,133.34,29800.56324
2020-01-04 04:00:00,133.34,134.31,133.0,133.91,24369.40889
2020-01-04 08:00:00,133.9,134.18,133.07,133.77,23918.50927
2020-01-04 12:00:00,133.76,133.79,132.5,133.26,29237.72486
2020-01-04 16:00:00,133.26,135.85,132.8,133.72,59872.55619
2020-01-04 20:00:00,133.71,134.54,133.44,134.2,17077.40857
2020-01-05 00:00:00,134.2,136.2,134.19,136.16,48831.80763
2020-01-05 04:00:00,136.17,137.24,135.62,136.02,37286.06571
2020-01-05 08:00:00,136.04,136.24,134.7,135.07,33422.08707
2020-01-05 12:00:00,135.06,137.96,135.06,137.26,42242.22893
2020-01-05 16:00:00,137.24,138.19,136.64,137.97,45304.34466
2020-01-05 20:00:00,137.97,138.06,134.21,135.37,47033.91943
2020-01-06 00:00:00,135.37,139.67,134.86,139.49,81445.25944
2020-01-06 04:00:00,139.49,140.0,138.54,138.87,31894.33568
2020-01-06 08:00:00,138.87,143.06,138.81,141.54,87065.38988
2020-01-06 12:00:00,141.54,143.22,139.08,140.2,101925.464
2020-01-06 16:00:00,140.19,141.86,140.0,141.35,35540.05181
2020-01-06 20:00:00,141.35,144.41,141.26,144.15,70149.77294
2020-01-07 00:00:00,144.14,145.31,143.16,143.5,84551.69867
2020-01-07 04:00:00,143.5,143.62,142.15,142.87,42983.64715
2020-01-07 08:00:00,142.87,143.78,142.45,142.62,45824.82864
2020-01-07 12:00:00,142.62,142.66,139.0,139.48,85723.91095
2020-01-07 16:00:00,139.48,144.3,138.76,143.19,120461.92484
2020-01-07 20:00:00,143.19,145.0,141.31,142.8,68216.16256
2020-01-08 00:00:00,142.8,147.77,142.71,144.48,159159.79692
2020-01-08 04:00:00,144.54,145.25,142.68,143.56,63852.27131
2020-01-08 08:00:00,143.53,144.5,142.97,143.5,41296.85943
2020-01-08 12:00:00,143.52,143.69,140.39,141.42,108153.28432
2020-01-08 16:00:00,141.42,141.91,137.71,137.84,135381.27344
2020-01-08 20:00:00,137.89,141.5,137.03,140.72,62622.09222
2020-01-09 00:00:00,140.76,141.5,139.43,139.94,48045.14801
2020-01-09 04:00:00,139.96,140.39,138.69,139.93,46062.9573
2020-01-09 08:00:00,139.91,140.06,137.68,138.24,55831.97865
2020-01-09 12:00:00,138.24,138.93,137.75,138.2,38213.33663
2020-01-09 16:00:00,138.19,138.49,135.3,137.54,86229.7553
2020-01-09 20:00:00,137.52,139.33,136.06,137.74,91692.8898
2020-01-10 00:00:00,137.73,137.98,136.32,136.98,31293.60499
2020-01-10 04:00:00,136.99,137.14,135.32,136.63,39397.41753
2020-01-10 08:00:00,136.62,139.03,135.34,138.43,70483.8208
2020-01-10 12:00:00,138.42,143.0,138.05,142.51,99766.17131
2020-01-10 16:00:00,142.53,145.17,140.62,143.42,128205.94818
2020-01-10 20:00:00,143.42,145.0,141.6,144.84,40256.63226
2020-01-11 00:00:00,144.83,145.33,142.8,143.47,60605.83939
2020-01-11 04:00:00,143.47,144.05,142.09,142.93,40379.42314
2020-01-11 08:00:00,142.93,144.0,142.36,142.63,47925.81196
2020-01-11 12:00:00,142.63,143.72,142.1,143.41,35999.3517
2020-01-11 16:00:00,143.41,148.05,142.6,146.29,96688.13102
2020-01-11 20:00:00,146.27,147.65,142.23,142.38,86752.02218
2020-01-12 00:00:00,142.4,144.5,141.76,143.93,50820.85119
2020-01-12 04:00:00,143.97,145.88,143.36,144.54,42226.75116
2020-01-12 08:00:00,144.55,145.4,143.2,143.48,33570.53538
2020-01-12 12:00:00,143.48,145.4,143.33,144.92,39475.81486
2020-01-12 16:00:00,144.93,145.61,143.57,144.46,42500.10928
2020-01-12 20:00:00,144.46,146.6,144.31,146.54,20947.7995
2020-01-13 00:00:00,146.56,147.0,142.57,143.38,55573.01486
2020-01-13 04:00:00,143.39,144.03,142.27,142.87,29322.38282
2020-01-13 08:00:00,142.88,144.44,142.54,142.77,41106.34042
2020-01-13 12:00:00,142.76,143.74,142.6,142.83,30017.63392
2020-01-13 16:00:00,142.83,143.95,142.55,143.5,23716.78384
2020-01-13 20:00:00,143.5,144.66,143.42,143.58,28260.46279
2020-01-14 00:00:00,143.58,149.34,143.51,148.94,151274.82324
2020-01-14 04:00:00,148.94,150.74,148.0,149.0,94573.55009
2020-01-14 08:00:00,149.0,151.75,148.93,151.56,82788.79616
2020-01-14 12:00:00,151.56,157.69,150.75,156.04,248079.89442
2020-01-14 16:00:00,155.89,171.7,153.09,165.42,409962.06726
2020-01-14 20:00:00,165.42,168.0,160.31,165.64,121797.18069
2020-01-15 00:00:00,165.6,171.98,162.64,162.64,224802.32614
2020-01-15 04:00:00,162.63,163.8,159.2,161.54,117864.30015
2020-01-15 08:00:00,161.48,167.8,161.0,164.43,95587.6489
2020-01-15 12:00:00,164.49,168.92,162.0,162.41,124284.15347
2020-01-15 16:00:00,162.41,165.2,160.52,164.61,80778.00758
2020-01-15 20:00:00,164.62,167.34,163.91,166.4,78371.36757
2020-01-16 00:00:00,166.4,167.4,157.8,159.85,136033.58201
2020-01-16 04:00:00,159.87,162.6,159.28,161.0,48395.02249
2020-01-16 08:00:00,161.0,164.08,159.65,164.07,66603.0619
2020-01-16 12:00:00,164.01,165.62,160.2,162.52,82647.83991
2020-01-16 16:00:00,162.51,164.26,160.65,163.57,66267.63311
2020-01-16 20:00:00,163.56,165.88,162.31,164.21,56223.72777
2020-01-17 00:00:00,164.24,167.44,162.14,165.14,95399.287
2020-01-17 04:00:00,165.14,171.51,164.85,171.08,190482.44857
2020-01-17 08:00:00,171.08,174.81,169.66,169.99,157524.37148
2020-01-17 12:00:00,169.98,170.24,165.13,168.34,101606.09506
2020-01-17 16:00:00,168.31,173.72,167.02,169.23,161847.09908
2020-01-17 20:00:00,169.23,173.38,168.42,169.85,60321.37734
2020-01-18 00:00:00,169.92,173.69,169.0,171.93,80500.66068
2020-01-18 04:00:00,171.91,171.97,164.92,168.07,108080.20752
2020-01-18 08:00:00,168.1,170.11,167.21,169.07,44265.8363
2020-01-18 12:00:00,169.12,179.5,168.84,175.53,266976.18709
2020-01-18 16:00:00,175.54,177.6,172.73,174.97,132076.9813
2020-01-18 20:00:00,174.95,177.04,173.87,174.14,56883.30693
2020-01-19 00:00:00,174.1,178.05,173.29,176.25,102103.65747
2020-01-19 04:00:00,176.26,176.9,174.6,176.55,59068.41919
2020-01-19 08:00:00,176.55,177.3,164.0,166.62,175056.12278
2020-01-19 12:00:00,166.61,166.61,161.66,164.81,137153.59993
2020-01-19 16:00:00,164.75,166.18,163.88,164.92,67871.14047
2020-01-19 20:00:00,164.95,167.5,163.56,166.79,83428.3462
2020-01-20 00:00:00,166.79,167.6,165.1,165.66,47995.664
2020-01-20 04:00:00,165.65,166.4,164.29,165.63,43112.18531
2020-01-20 08:00:00,165.62,166.25,161.88,163.04,57953.5849
2020-01-20 12:00:00,163.05,167.04,161.24,166.83,94533.85325
2020-01-20 16:00:00,166.88,167.79,165.96,167.67,59096.94886
2020-01-20 20:00:00,167.66,169.33,166.6,166.87,55400.64778
2020-01-21 00:00:00,166.86,168.4,165.61,168.3,43195.98364
2020-01-21 04:00:00,168.32,168.86,166.17,166.53,45753.14593
2020-01-21 08:00:00,166.51,168.7,165.86,167.93,59330.45841
2020-01-21 12:00:00,167.92,169.25,167.32,168.1,35651.63268
2020-01-21 16:00:00,168.09,168.48,164.8,165.12,58105.51505
2020-01-21 20:00:00,165.13,170.32,165.12,169.49,65970.89959
2020-01-22 00:00:00,169.48,170.05,167.79,168.69,35923.95804
2020-01-22 04:00:00,168.69,171.47,168.62,169.2,72123.02613
2020-01-22 08:00:00,169.25,169.55,167.31,168.0,68841.08758
2020-01-22 12:00:00,168.0,168.31,166.03,167.42,41794.51926
2020-01-22 16:00:00,167.43,169.04,166.62,168.0,36763.70026
2020-01-22 20:00:00,167.97,168.23,167.5,168.07,16794.61159
2020-01-23 00:00:00,168.07,168.2,164.18,165.44,68790.27107
2020-01-23 04:00:00,165.44,165.57,162.71,164.88,71120.72779
2020-01-23 08:00:00,164.86,165.69,162.5,162.7,62768.27365
2020-01-23 12:00:00,162.7,163.9,161.08,163.15,64252.37778
2020-01-23 16:00:00,163.17,163.47,159.21,160.63,68009.80621
2020-01-23 20:00:00,160.62,163.46,159.85,162.81,38472.89335
2020-01-24 00:00:00,162.85,163.42,157.5,158.99,72563.75256
2020-01-24 04:00:00,158.99,159.98,158.25,159.25,43247.07417
2020-01-24 08:00:00,159.24,161.02,155.55,160.63,111919.12377
2020-01-24 12:00:00,160.7,163.32,160.0,162.62,97650.82676
2020-01-24 16:00:00,162.67,164.45,160.6,163.71,67213.29973
2020-01-24 20:00:00,163.7,164.37,162.0,162.54,37419.12203
2020-01-25 00:00:00,162.51,162.58,157.61,159.05,69837.78268
2020-01-25 04:00:00,159.0,160.61,158.65,159.53,24339.51967
2020-01-25 08:00:00,159.53,161.52,158.8,159.29,43622.15031
2020-01-25 12:00:00,159.3,161.0,158.7,160.41,25015.67605
2020-01-25 16:00:00,160.43,161.6,159.95,161.0,24774.52771
2020-01-25 20:00:00,161.0,162.79,160.14,160.35,32331.99555
2020-01-26 00:00:00,160.36,161.78,159.41,161.22,29271.42445
2020-01-26 04:00:00,161.22,161.69,160.46,161.23,17225.08052
2020-01-26 08:00:00,161.24,163.63,160.87,163.14,56736.30919
2020-01-26 12:00:00,163.17,164.1,162.78,163.37,36517.27056
2020-01-26 16:00:00,163.35,167.05,163.19,166.18,70824.72197
2020-01-26 20:00:00,166.12,168.08,166.0,167.86,41007.75089
2020-01-27 00:00:00,167.91,169.75,167.38,167.7,51706.813
2020-01-27 04:00:00,167.69,168.67,166.39,167.32,43720.05329
2020-01-27 08:00:00,167.32,168.9,165.22,168.6,65938.95519
2020-01-27 12:00:00,168.57,170.9,168.16,170.03,76917.10186
2020-01-27 16:00:00,170.01,172.56,169.09,171.2,84025.98689
2020-01-27 20:00:00,171.2,172.04,169.63,170.08,43585.90894
2020-01-28 00:00:00,170.04,174.0,170.03,173.12,76342.65998
2020-01-28 04:00:00,173.12,173.72,170.65,172.0,74993.9427
2020-01-28 08:00:00,171.98,173.13,170.23,171.95,62803.23365
2020-01-28 12:00:00,171.93,174.55,170.51,172.35,129087.90764
2020-01-28 16:00:00,172.34,172.96,170.04,171.23,51331.05247
2020-01-28 20:00:00,171.18,176.2,171.15,175.64,78875.09965
2020-01-29 00:00:00,175.58,177.56,175.14,176.47,74660.16993
2020-01-29 04:00:00,176.47,178.45,175.86,178.08,56266.6031
2020-01-29 08:00:00,178.03,178.35,174.53,176.17,72312.79611
2020-01-29 12:00:00,176.19,176.54,174.8,175.09,40602.23941
2020-01-29 16:00:00,175.1,177.13,174.59,176.63,35446.02544
2020-01-29 20:00:00,176.63,177.24,173.33,173.72,38095.06762
2020-01-30 00:00:00,173.68,174.0,170.93,173.44,52564.59869
2020-01-30 04:00:00,173.44,176.55,173.37,176.09,51845.75545
2020-01-30 08:00:00,176.07,176.8,174.3,175.27,39928.76052
2020-01-30 12:00:00,175.28,177.66,175.04,177.63,68133.78325
2020-01-30 16:00:00,177.62,182.24,175.0,181.5,170583.86195
2020-01-30 20:00:00,181.49,187.0,181.49,184.69,94664.90104
2020-01-31 00:00:00,184.71,185.82,181.65,183.42,58562.18072
2020-01-31 04:00:00,183.42,183.67,180.52,182.48,57440.54327
2020-01-31 08:00:00,182.47,183.58,180.25,180.9,62903.84299
2020-01-31 12:00:00,180.86,180.88,175.22,180.04,117421.47775
2020-01-31 16:00:00,180.01,180.63,177.53,179.41,49406.8051
2020-01-31 20:00:00,179.41,182.44,179.21,179.99,39861.68382
2020-02-01 00:00:00,179.94,184.28,179.23,183.51,54651.82918
2020-02-01 04:00:00,183.46,183.94,181.46,183.13,38692.35102
2020-02-01 08:00:00,183.13,183.32,179.8,180.94,56658.17802
2020-02-01 12:00:00,180.92,182.65,179.81,181.48,43155.44123
2020-02-01 16:00:00,181.48,183.9,181.32,182.81,41070.25286
2020-02-01 20:00:00,182.81,184.19,182.23,183.6,25142.07671
2020-02-02 00:00:00,183.63,183.68,179.81,180.58,48773.49333
2020-02-02 04:00:00,180.58,188.02,179.1,187.17,128164.63674
2020-02-02 08:00:00,187.17,192.25,186.26,191.71,125475.67866
2020-02-02 12:00:00,191.76,193.43,189.48,192.49,120538.08302
2020-02-02 16:00:00,192.47,193.23,190.36,191.5,58535.50907
2020-02-02 20:00:00,191.56,192.5,188.04,188.44,71133.73537
2020-02-03 00:00:00,188.48,195.19,187.21,191.39,137679.79387
2020-02-03 04:00:00,191.39,192.11,189.5,190.04,45720.21456
2020-02-03 08:00:00,190.04,190.81,187.68,189.84,59631.56507
2020-02-03 12:00:00,189.84,191.5,187.42,187.58,73483.30728
2020-02-03 16:00:00,187.59,190.24,186.62,190.17,60438.68613
2020-02-03 20:00:00,190.2,191.8,188.13,189.69,40222.3909
2020-02-04 00:00:00,189.74,191.6,188.0,188.04,49106.57764
2020-02-04 04:00:00,188.08,189.13,186.18,188.28,64796.78527
2020-02-04 08:00:00,188.28,188.48,184.69,186.91,106400.75682
2020-02-04 12:00:00,186.87,188.85,184.77,188.37,77373.10437
2020-02-04 16:00:00,188.37,189.8,187.77,187.92,42882.4712
2020-02-04 20:00:00,187.93,189.52,186.9,188.91,25830.00156
2020-02-05 00:00:00,188.91,190.28,188.19,189.86,43892.82413
2020-02-05 04:00:00,189.85,192.17,189.1,190.87,77581.19475
2020-02-05 08:00:00,190.83,197.89,190.29,197.53,111749.90942
2020-02-05 12:00:00,197.57,199.22,195.61,198.86,113315.40994
2020-02-05 16:00:00,198.86,204.93,198.3,202.02,133532.36441
2020-02-05 20:00:00,202.03,207.61,202.0,203.78,70870.41152
2020-02-06 00:00:00,203.78,206.6,201.02,206.53,71578.25124
2020-02-06 04:00:00,206.59,212.06,204.81,209.26,93539.61062
2020-02-06 08:00:00,209.28,210.99,207.6,210.41,101681.88016
2020-02-06 12:00:00,210.38,216.33,205.19,212.41,220569.02835
2020-02-06 16:00:00,212.4,214.33,210.86,211.83,73276.42712
2020-02-06 20:00:00,211.83,214.26,211.15,213.19,47595.02581
2020-02-07 00:00:00,213.16,221.0,213.14,217.2,145747.50115
2020-02-07 04:00:00,217.2,219.57,216.11,218.96,80040.46875
2020-02-07 08:00:00,218.93,225.0,217.6,220.4,149906.76239
2020-02-07 12:00:00,220.38,223.9,217.81,221.59,130618.13914
2020-02-07 16:00:00,221.61,222.97,219.63,221.41,62845.72632
2020-02-07 20:00:00,221.48,224.26,218.64,223.33,60202.55691
2020-02-08 00:00:00,223.36,224.6,213.22,217.32,136212.72486
2020-02-08 04:00:00,217.35,221.78,217.15,220.45,82036.95602
2020-02-08 08:00:00,220.42,227.61,220.39,226.18,141140.07403
2020-02-08 12:00:00,226.24,227.75,223.57,225.1,91104.23714
2020-02-08 16:00:00,225.07,225.98,222.12,224.8,60574.39994
2020-02-08 20:00:00,224.8,224.9,222.0,223.05,37483.48266
2020-02-09 00:00:00,223.01,228.63,222.86,228.53,65802.67689
2020-02-09 04:00:00,228.56,230.65,226.41,229.66,66800.45707
2020-02-09 08:00:00,229.66,230.18,226.82,228.1,61443.20077
2020-02-09 12:00:00,228.1,229.13,224.0,226.84,69067.39436
2020-02-09 16:00:00,226.83,228.36,225.68,226.76,45515.02971
2020-02-09 20:00:00,226.78,228.85,224.19,228.49,41707.48519
2020-02-10 00:00:00,228.53,229.4,224.72,225.41,55990.25632
2020-02-10 04:00:00,225.41,225.76,218.69,223.64,112606.12951
2020-02-10 08:00:00,223.64,223.87,216.37,218.65,132720.69457
2020-02-10 12:00:00,218.58,225.12,217.6,223.34,101616.86497
2020-02-10 16:00:00,223.34,224.15,220.28,220.9,64952.49467
2020-02-10 20:00:00,220.91,225.0,220.91,222.89,42529.05945
2020-02-11 00:00:00,222.89,223.53,218.38,219.03,71490.74057
2020-02-11 04:00:00,219.0,220.74,218.17,218.61,46810.28383
2020-02-11 08:00:00,218.62,222.8,218.23,222.6,62363.61085
2020-02-11 12:00:00,222.6,230.49,222.0,228.8,149471.10515
2020-02-11 16:00:00,228.82,239.15,227.8,238.09,204134.85333
2020-02-11 20:00:00,238.12,238.75,235.1,236.69,61306.30903
2020-02-12 00:00:00,236.69,247.5,236.69,244.22,144367.76531
2020-02-12 04:00:00,244.2,256.83,244.07,253.27,151167.56184
2020-02-12 08:00:00,253.23,257.9,249.25,255.61,182007.52923
2020-02-12 12:00:00,255.61,257.99,251.3,254.25,134534.684
2020-02-12 16:00:00,254.24,267.0,253.39,265.31,194244.53575
2020-02-12 20:00:00,265.31,275.34,262.0,265.74,231751.67169
2020-02-13 00:00:00,265.74,274.48,265.0,269.03,174082.02905
2020-02-13 04:00:00,269.11,273.73,265.27,266.27,118270.86243
2020-02-13 08:00:00,266.25,268.31,256.08,262.82,299876.81901
2020-02-13 12:00:00,262.81,277.69,261.25,270.4,325943.86843
2020-02-13 16:00:00,270.54,272.5,264.23,269.04,108262.29252
2020-02-13 20:00:00,269.08,269.5,262.5,268.32,63243.28226
2020-02-14 00:00:00,268.34,270.12,264.0,266.76,81264.59311
2020-02-14 04:00:00,266.64,270.15,260.28,262.86,96150.18017
2020-02-14 08:00:00,262.77,273.08,262.26,270.95,128975.66717
2020-02-14 12:00:00,270.94,275.0,269.0,272.91,119470.30502
2020-02-14 16:00:00,272.9,285.0,272.17,282.5,217970.53675
2020-02-14 20:00:00,282.45,287.15,280.59,285.15,91113.04044
2020-02-15 00:00:00,285.11,288.41,277.71,282.1,129342.90257
2020-02-15 04:00:00,282.18,282.57,277.58,279.48,74906.05796
2020-02-15 08:00:00,279.4,285.5,279.0,281.54,78870.33496
2020-02-15 12:00:00,281.54,283.65,267.67,274.06,154904.32335
2020-02-15 16:00:00,274.05,279.3,261.86,266.63,359399.50455
2020-02-15 20:00:00,266.63,269.35,262.73,264.88,63390.01935
2020-02-16 00:00:00,264.91,274.0,257.24,271.3,122412.27348
2020-02-16 04:00:00,271.3,273.8,268.3,270.25,67791.80238
2020-02-16 08:00:00,270.24,272.99,265.9,265.98,87206.46313
2020-02-16 12:00:00,265.89,268.24,256.06,258.83,223257.29407
2020-02-16 16:00:00,258.84,262.44,237.41,249.76,470643.49876
2020-02-16 20:00:00,249.75,263.3,248.56,258.85,138807.13213
2020-02-17 00:00:00,258.89,261.5,246.23,249.48,144650.01266
2020-02-17 04:00:00,249.43,253.74,242.0,248.64,187172.23265
2020-02-17 08:00:00,248.64,254.06,242.58,248.17,216013.5982
2020-02-17 12:00:00,248.17,258.49,243.3,256.48,261783.55274
2020-02-17 16:00:00,256.5,262.91,254.38,260.4,179065.97916
2020-02-17 20:00:00,260.47,268.77,257.72,267.85,121686.01553
2020-02-18 00:00:00,267.9,271.63,263.23,269.18,163939.83756
2020-02-18 04:00:00,269.16,271.53,265.73,268.71,119921.07911
2020-02-18 08:00:00,268.71,268.82,262.1,267.5,158274.48968
2020-02-18 12:00:00,267.5,275.1,258.0,273.66,238206.08946
2020-02-18 16:00:00,273.67,285.56,272.93,284.68,288032.01441
2020-02-18 20:00:00,284.68,285.88,276.34,282.61,147149.9297
2020-02-19 00:00:00,282.64,282.94,277.28,280.15,72124.40269
2020-02-19 04:00:00,280.15,281.16,274.68,276.65,86697.31126
2020-02-19 08:00:00,276.68,282.81,274.2,281.5,100503.93617
2020-02-19 16:00:00,281.5,285.0,276.05,276.63,76356.85945
2020-02-19 20:00:00,276.72,277.58,251.56,258.45,370291.22031
2020-02-20 00:00:00,258.44,264.33,256.5,260.79,156981.85521
2020-02-20 04:00:00,260.8,262.0,257.31,261.0,92398.00835
2020-02-20 08:00:00,260.99,261.09,252.24,253.32,150054.59533
2020-02-20 12:00:00,253.34,259.24,246.85,254.98,264059.22855
2020-02-20 16:00:00,254.98,260.0,245.34,256.0,216309.4058
2020-02-20 20:00:00,255.94,262.0,254.03,256.96,93166.62367
2020-02-21 00:00:00,256.97,262.99,253.61,262.03,99209.16379
2020-02-21 04:00:00,262.0,263.83,259.0,260.21,69703.5556
2020-02-21 08:00:00,260.22,263.25,257.57,261.83,82922.25658
2020-02-21 12:00:00,261.81,266.53,261.71,265.19,106676.18014
2020-02-21 16:00:00,265.15,268.24,262.58,264.07,75262.39527
2020-02-21 20:00:00,264.12,266.64,259.72,265.27,92054.32202
2020-02-22 00:00:00,265.32,266.81,261.5,262.65,47854.817
2020-02-22 04:00:00,262.64,262.81,256.0,258.33,69144.09973
2020-02-22 08:00:00,258.31,262.14,257.61,261.85,51496.4556
2020-02-22 12:00:00,261.86,264.5,259.78,260.99,58051.47776
2020-02-22 16:00:00,261.05,263.74,258.54,260.73,55663.12559
2020-02-22 20:00:00,260.73,262.93,260.63,261.57,30852.54565
2020-02-23 00:00:00,261.55,265.71,261.02,265.61,43002.00541
2020-02-23 04:00:00,265.62,271.89,265.57,270.36,112007.68581
2020-02-23 08:00:00,270.36,275.0,266.99,268.12,120083.1581
2020-02-23 12:00:00,268.12,272.77,268.01,270.0,80099.98831
2020-02-23 16:00:00,270.0,271.82,268.7,270.64,37119.48397
2020-02-23 20:00:00,270.62,275.68,269.35,274.48,52428.50723
2020-02-24 00:00:00,274.5,277.2,265.23,268.03,145340.06787
2020-02-24 04:00:00,267.95,268.74,263.67,267.6,84145.82207
2020-02-24 08:00:00,267.58,272.28,265.35,271.99,77043.05576
2020-02-24 12:00:00,271.9,272.74,266.09,267.58,111587.47035
2020-02-24 16:00:00,267.57,270.58,257.09,263.36,206468.67929
2020-02-24 20:00:00,263.27,266.52,258.78,265.52,72006.63449
2020-02-25 00:00:00,265.47,266.22,260.75,261.7,47889.6622
2020-02-25 04:00:00,261.71,262.66,254.85,257.69,124804.62726
2020-02-25 08:00:00,257.63,263.32,255.97,262.51,102449.78346
2020-02-25 12:00:00,262.52,264.73,250.13,252.19,205655.61908
2020-02-25 16:00:00,252.18,255.12,245.93,250.4,184736.51179
2020-02-25 20:00:00,250.4,253.2,244.44,246.67,109254.80648
2020-02-26 00:00:00,246.67,250.32,236.26,239.01,221944.12395
2020-02-26 04:00:00,239.03,242.32,237.36,237.93,117724.61948
2020-02-26 08:00:00,237.94,240.32,234.74,235.64,160641.53682
2020-02-26 12:00:00,235.64,241.85,225.98,226.35,352804.26178
2020-02-26 16:00:00,226.4,232.67,215.66,229.73,414239.42063
2020-02-26 20:00:00,229.77,231.6,221.69,223.93,128525.45241
2020-02-27 00:00:00,223.98,224.1,210.0,218.85,322519.28013
2020-02-27 04:00:00,218.85,226.37,216.7,225.43,172750.60438
2020-02-27 08:00:00,225.42,231.4,223.3,226.69,195376.10304
2020-02-27 12:00:00,226.72,233.35,225.27,231.01,207494.33412
2020-02-27 16:00:00,231.02,238.3,231.02,234.89,201287.63613
2020-02-27 20:00:00,234.89,234.95,222.38,227.79,174365.15878
2020-02-28 00:00:00,227.73,234.67,226.73,229.77,124340.47393
2020-02-28 04:00:00,229.74,230.84,222.6,223.97,129877.61686
2020-02-28 08:00:00,224.03,226.85,217.03,220.57,232430.53516
2020-02-28 12:00:00,220.53,227.76,214.01,227.28,289156.50612
2020-02-28 16:00:00,227.23,228.55,220.0,222.56,194241.73287
2020-02-28 20:00:00,222.57,230.66,222.12,226.76,84948.05903
2020-02-29 00:00:00,226.76,231.93,226.66,230.01,99502.10694
2020-02-29 04:00:00,230.0,233.0,227.35,229.18,104843.77038
2020-02-29 08:00:00,229.2,230.0,222.0,226.14,116257.14913
2020-02-29 12:00:00,226.16,226.34,221.0,223.93,101109.50117
2020-02-29 16:00:00,223.87,225.94,222.07,225.17,57771.31928
2020-02-29 20:00:00,225.14,225.18,217.0,217.21,67382.8382
2020-03-01 00:00:00,217.29,225.69,216.1,223.6,137295.33142
2020-03-01 04:00:00,223.6,224.87,218.7,220.01,82536.43768
2020-03-01 08:00:00,220.02,224.7,218.9,224.3,83941.78754
2020-03-01 12:00:00,224.32,227.89,219.61,220.38,133713.11108
2020-03-01 16:00:00,220.41,221.45,212.36,216.34,175840.59134
2020-03-01 20:00:00,216.34,221.32,213.58,217.81,101688.76035
2020-03-02 00:00:00,217.81,222.23,216.07,218.8,122561.80498
2020-03-02 04:00:00,218.78,222.9,218.67,220.01,117624.53997
2020-03-02 08:00:00,220.0,225.76,219.62,224.7,120992.68263
2020-03-02 12:00:00,224.7,229.8,222.5,228.36,190687.46067
2020-03-02 16:00:00,228.34,234.4,227.64,232.08,179406.15727
2020-03-02 20:00:00,232.08,233.69,229.31,231.97,78778.83778
2020-03-03 00:00:00,232.1,232.2,227.58,231.55,109133.30392
2020-03-03 04:00:00,231.54,231.54,226.26,226.77,107511.99735
2020-03-03 08:00:00,226.71,231.68,226.0,231.12,113540.91212
2020-03-03 12:00:00,231.13,232.46,222.32,224.55,230709.94496
2020-03-03 16:00:00,224.58,225.45,219.57,223.66,125993.13298
2020-03-03 20:00:00,223.6,225.37,221.56,223.91,54609.25692
2020-03-04 00:00:00,223.84,228.85,222.51,226.03,127984.24583
2020-03-04 04:00:00,226.03,228.08,224.13,226.64,76579.78822
2020-03-04 08:00:00,226.64,227.22,221.51,223.25,41910.77572
2020-03-04 12:00:00,223.26,225.38,220.86,221.71,99695.54559
2020-03-04 16:00:00,221.71,223.65,220.23,222.41,63394.528
2020-03-04 20:00:00,222.44,224.49,220.81,224.26,34215.45436
2020-03-05 00:00:00,224.26,228.08,224.23,226.38,109081.08781
2020-03-05 04:00:00,226.38,229.58,226.21,227.83,87535.32363
2020-03-05 08:00:00,227.82,233.08,227.45,232.25,125256.53711
2020-03-05 12:00:00,232.25,234.09,229.07,231.38,126133.2158
2020-03-05 16:00:00,231.38,233.38,230.49,232.71,71654.75095
2020-03-05 20:00:00,232.73,232.85,226.43,228.38,81818.96057
2020-03-06 00:00:00,228.38,230.81,227.33,229.16,55381.33756
2020-03-06 04:00:00,229.12,237.43,228.69,235.52,139525.98161
2020-03-06 08:00:00,235.54,241.4,234.0,240.05,149053.33335
2020-03-06 12:00:00,240.04,240.04,234.34,234.66,124814.22933
2020-03-06 16:00:00,234.65,238.87,234.65,237.74,65043.88983
2020-03-06 20:00:00,237.74,245.16,237.5,244.88,94328.55402
2020-03-07 00:00:00,244.93,246.11,242.15,243.85,77906.78219
2020-03-07 04:00:00,243.84,244.71,241.1,243.06,70835.60628
2020-03-07 08:00:00,243.05,245.35,242.82,243.66,64075.2156
2020-03-07 12:00:00,243.69,247.26,242.46,246.83,81417.82887
2020-03-07 16:00:00,246.83,251.93,236.0,238.59,287128.03
2020-03-07 20:00:00,238.65,240.64,236.6,237.23,52385.43368
2020-03-08 00:00:00,237.23,237.23,229.27,231.62,132834.80636
2020-03-08 04:00:00,231.6,232.0,227.1,229.87,92219.86725
2020-03-08 08:00:00,229.85,232.71,228.4,231.54,86264.62585
2020-03-08 12:00:00,231.54,231.83,212.0,216.73,304503.89919
2020-03-08 16:00:00,216.75,218.0,203.11,212.94,415745.17095
2020-03-08 20:00:00,213.05,213.89,195.5,199.43,247405.16781
2020-03-09 00:00:00,199.43,207.47,197.71,201.42,308517.14999
2020-03-09 04:00:00,201.47,208.62,196.12,205.76,350624.5799
2020-03-09 08:00:00,205.76,208.6,199.11,201.04,189597.03499
2020-03-09 12:00:00,201.04,205.05,190.0,194.5,417650.72439
2020-03-09 16:00:00,194.63,201.0,191.3,197.63,263324.92534
2020-03-09 20:00:00,197.65,203.33,194.33,202.81,131617.42092
2020-03-10 00:00:00,202.79,204.9,199.84,202.46,151326.70188
2020-03-10 04:00:00,202.44,203.88,197.18,198.99,140661.78531
2020-03-10 08:00:00,199.01,205.14,197.65,203.09,174825.69694
2020-03-10 12:00:00,203.1,206.2,195.97,196.64,256601.33116
2020-03-10 16:00:00,196.72,202.39,195.54,202.1,171324.14872
2020-03-10 20:00:00,202.13,204.01,199.92,200.7,125520.44299
2020-03-11 00:00:00,200.74,203.18,199.92,201.79,74742.67576
2020-03-11 04:00:00,201.79,202.1,197.16,199.03,108419.5662
2020-03-11 08:00:00,199.03,200.83,194.59,196.46,138352.58515
2020-03-11 12:00:00,196.46,198.5,190.3,191.86,170181.42286
2020-03-11 16:00:00,191.87,193.96,181.73,189.94,412036.17791
2020-03-11 20:00:00,189.91,195.6,188.24,194.61,176092.47379
2020-03-12 00:00:00,194.61,195.55,181.9,183.08,240175.43651
2020-03-12 04:00:00,183.02,183.06,167.61,171.61,391331.08939
2020-03-12 08:00:00,171.65,172.36,123.0,136.59,920884.91674
2020-03-12 12:00:00,136.45,142.97,126.75,141.1,889051.77413
2020-03-12 16:00:00,141.11,145.22,134.41,138.37,523334.22911
2020-03-12 20:00:00,138.4,139.09,101.2,107.82,849755.69458
2020-03-13 00:00:00,107.67,138.0,86.0,124.24,1409602.23684
2020-03-13 04:00:00,124.17,128.47,106.0,127.28,807965.2017
2020-03-13 08:00:00,127.18,133.5,119.99,127.6,651023.38181
2020-03-13 12:00:00,127.6,139.68,114.87,123.7,819152.28858
2020-03-13 16:00:00,123.72,130.62,114.84,128.32,624260.92608
2020-03-13 20:00:00,128.26,136.99,125.0,134.06,351235.8936
2020-03-14 00:00:00,134.06,134.68,129.42,133.32,247334.10202
2020-03-14 04:00:00,133.34,133.56,129.8,132.18,177057.63724
2020-03-14 08:00:00,132.19,132.3,125.18,128.7,269164.33492
2020-03-14 12:00:00,128.7,128.85,125.29,126.67,173521.18449
2020-03-14 16:00:00,126.68,130.46,125.66,127.18,166452.81122
2020-03-14 20:00:00,127.19,128.06,120.0,122.54,204144.81653
2020-03-15 00:00:00,122.54,123.7,120.8,121.16,167947.61162
2020-03-15 04:00:00,121.13,124.37,121.13,123.22,145894.47126
2020-03-15 08:00:00,123.23,127.51,121.67,126.1,194060.31948
2020-03-15 12:00:00,126.1,129.53,122.8,124.0,197016.63774
2020-03-15 16:00:00,124.02,125.05,122.56,123.21,117042.57855
2020-03-15 20:00:00,123.22,133.5,120.16,123.78,490989.28272
2020-03-16 00:00:00,123.82,124.33,120.31,122.46,204386.8745
2020-03-16 04:00:00,122.49,122.54,105.69,107.01,529191.70362
2020-03-16 08:00:00,107.02,112.08,101.1,104.04,539809.46497
2020-03-16 12:00:00,104.04,116.0,102.33,114.66,672489.59304
2020-03-16 16:00:00,114.67,115.78,108.71,110.02,275716.6306
2020-03-16 20:00:00,109.97,111.63,107.01,111.02,220469.87775
2020-03-17 00:00:00,111.02,120.8,109.38,117.63,346072.311
2020-03-17 04:00:00,117.59,119.82,115.25,117.85,181777.4444
2020-03-17 08:00:00,117.87,119.78,114.13,115.96,211622.53297
2020-03-17 12:00:00,115.96,118.37,112.41,117.49,264503.78438
2020-03-17 16:00:00,117.5,119.71,116.0,117.42,174116.07797
2020-03-17 20:00:00,117.43,119.7,115.65,115.67,117016.33408
2020-03-18 00:00:00,115.67,117.9,115.0,117.46,114101.78143
2020-03-18 04:00:00,117.46,118.0,110.57,112.22,192831.3916
2020-03-18 08:00:00,112.23,114.11,110.21,112.77,200197.4335
2020-03-18 12:00:00,112.77,117.05,109.86,115.8,363064.93216
2020-03-18 16:00:00,115.79,116.28,112.77,116.06,218078.97646
2020-03-18 20:00:00,116.07,118.5,114.64,118.11,113575.7976
2020-03-19 00:00:00,118.11,119.89,115.46,115.92,152319.52636
2020-03-19 04:00:00,115.93,120.1,115.63,118.83,152986.73819
2020-03-19 08:00:00,118.87,125.1,118.3,123.89,293639.28172
2020-03-19 12:00:00,123.88,129.0,123.57,127.99,379154.31039
2020-03-19 16:00:00,128.0,139.99,126.21,136.14,607313.44429
2020-03-19 20:00:00,136.12,143.13,135.07,136.3,215657.88721
2020-03-20 00:00:00,136.3,139.88,133.18,134.79,175590.15701
2020-03-20 04:00:00,134.79,140.63,133.65,139.67,188756.1462
2020-03-20 08:00:00,139.67,152.55,139.6,145.67,658346.78806
2020-03-20 12:00:00,145.71,146.34,136.57,142.8,402105.93401
2020-03-20 16:00:00,142.8,144.8,130.11,131.17,430433.00215
2020-03-20 20:00:00,131.24,137.56,116.74,133.48,648825.61056
2020-03-21 00:00:00,133.49,137.49,129.42,134.34,234710.23289
2020-03-21 04:00:00,134.35,135.94,127.79,131.22,178236.31281
2020-03-21 08:00:00,131.2,131.85,125.69,130.56,224086.48281
2020-03-21 12:00:00,130.52,134.21,129.8,132.94,187090.46465
2020-03-21 16:00:00,132.94,134.17,128.44,132.74,181119.22687
2020-03-21 20:00:00,132.72,137.45,131.11,132.66,226599.39118
2020-03-22 00:00:00,132.63,136.06,130.49,135.91,116853.84976
2020-03-22 04:00:00,135.92,137.13,133.91,134.42,118150.86036
2020-03-22 08:00:00,134.39,134.89,130.1,130.89,131096.54465
2020-03-22 12:00:00,130.93,130.96,124.73,127.97,267740.85665
2020-03-22 16:00:00,127.97,129.13,123.3,123.65,201107.95903
2020-03-22 20:00:00,123.64,128.94,121.1,122.32,220749.79487
2020-03-23 00:00:00,122.31,126.04,119.5,125.18,204783.58795
2020-03-23 04:00:00,125.19,126.45,123.65,123.69,103435.84449
2020-03-23 08:00:00,123.71,124.84,120.56,122.79,168947.69023
2020-03-23 12:00:00,122.8,137.5,122.78,129.42,581562.84184
2020-03-23 16:00:00,129.44,132.71,129.01,130.07,191425.65781
2020-03-23 20:00:00,130.06,136.15,129.8,135.92,186640.50217
2020-03-24 00:00:00,135.89,137.0,133.7,133.84,214655.8434
2020-03-24 04:00:00,133.84,137.32,132.2,135.63,155907.70653
2020-03-24 08:00:00,135.59,143.36,135.32,140.67,357949.91236
2020-03-24 12:00:00,140.71,140.8,134.15,135.98,249393.42806
2020-03-24 16:00:00,135.99,139.83,134.25,139.42,147591.57913
2020-03-24 20:00:00,139.42,140.15,136.01,138.42,118878.69386
2020-03-25 00:00:00,138.42,141.66,135.05,136.09,184453.53893
2020-03-25 04:00:00,136.11,139.08,135.42,138.27,122363.5092
2020-03-25 08:00:00,138.27,142.33,132.54,134.37,343216.98456
2020-03-25 12:00:00,134.38,137.99,133.33,135.47,196526.13761
2020-03-25 16:00:00,135.49,136.62,134.75,135.77,92691.18497
2020-03-25 20:00:00,135.77,136.44,133.52,136.1,94997.38842
2020-03-26 00:00:00,136.11,137.89,135.12,137.04,124752.36444
2020-03-26 04:00:00,137.02,138.58,133.92,134.87,161862.25019
2020-03-26 08:00:00,134.88,136.26,134.08,134.6,96728.93909
2020-03-26 12:00:00,134.6,135.7,133.26,134.57,144662.28669
2020-03-26 16:00:00,134.6,135.36,133.61,135.14,72998.67788
2020-03-26 20:00:00,135.12,139.74,134.87,138.4,150056.11273
2020-03-27 00:00:00,138.4,141.27,137.85,139.3,150742.6857
2020-03-27 04:00:00,139.29,140.47,136.03,137.44,129690.50147
2020-03-27 08:00:00,137.43,137.45,134.62,135.71,112171.42765
2020-03-27 12:00:00,135.72,136.4,134.4,136.01,98820.54235
2020-03-27 16:00:00,136.03,137.38,135.08,136.7,83631.6743
2020-03-27 20:00:00,136.71,137.56,129.68,131.33,131891.71412
2020-03-28 00:00:00,131.33,131.33,124.88,126.12,239500.71959
2020-03-28 04:00:00,126.14,128.69,125.54,128.04,131709.43238
2020-03-28 08:00:00,128.06,129.83,127.55,128.0,110125.7233
2020-03-28 12:00:00,127.98,129.24,126.62,128.13,93774.80382
2020-03-28 16:00:00,128.11,128.91,125.11,128.31,162435.63388
2020-03-28 20:00:00,128.32,132.97,128.27,130.98,158485.79297
2020-03-29 00:00:00,130.94,131.84,129.13,129.96,60909.91175
2020-03-29 04:00:00,129.95,130.12,128.5,129.49,44514.4978
2020-03-29 08:00:00,129.47,130.27,128.12,129.18,96082.26401
2020-03-29 12:00:00,129.19,129.46,128.0,129.03,67201.98847
2020-03-29 16:00:00,129.01,129.26,124.55,125.02,162315.74686
2020-03-29 20:00:00,125.01,126.4,123.81,124.5,112972.59111
2020-03-30 00:00:00,124.47,127.13,124.06,126.92,84545.5773
2020-03-30 04:00:00,126.93,131.5,126.54,130.02,181673.91838
2020-03-30 08:00:00,130.03,134.66,130.0,133.43,148693.31277
2020-03-30 12:00:00,133.44,133.98,131.06,132.15,137509.02892
2020-03-30 16:00:00,132.15,133.27,131.36,132.15,71077.59616
2020-03-30 20:00:00,132.17,135.42,131.82,132.06,141332.49394
2020-03-31 00:00:00,132.09,134.1,130.89,132.14,110876.35499
2020-03-31 04:00:00,132.13,132.36,130.38,131.91,85452.13735
2020-03-31 08:00:00,131.9,133.29,131.14,131.88,94610.52622
2020-03-31 12:00:00,131.87,133.58,131.0,132.75,94460.61087
2020-03-31 16:00:00,132.75,133.62,131.65,133.27,67768.12708
2020-03-31 20:00:00,133.26,135.0,132.71,132.72,94501.52138
2020-04-01 00:00:00,132.72,133.36,130.85,132.84,97731.67162
2020-04-01 04:00:00,132.87,133.2,131.66,132.42,63754.31806
2020-04-01 08:00:00,132.41,132.43,131.4,132.3,62598.90377
2020-04-01 12:00:00,132.3,133.25,130.37,131.1,110779.56155
2020-04-01 16:00:00,131.08,131.08,128.62,129.94,99545.69698
2020-04-01 20:00:00,129.93,136.99,129.63,135.69,246512.09549
2020-04-02 00:00:00,135.65,139.23,135.01,136.31,155019.88961
2020-04-02 04:00:00,136.3,137.84,135.57,137.37,87216.37393
2020-04-02 08:00:00,137.38,138.0,136.47,137.64,97180.27368
2020-04-02 12:00:00,137.67,139.8,136.11,139.29,168900.65742
2020-04-02 16:00:00,139.3,149.76,139.05,140.85,484560.97208
2020-04-02 20:00:00,140.85,142.94,138.12,141.28,146099.49442
2020-04-03 00:00:00,141.27,142.74,140.32,141.55,88849.64661
2020-04-03 04:00:00,141.55,145.1,141.0,144.65,118781.25549
2020-04-03 08:00:00,144.64,146.72,142.85,146.15,171590.26863
2020-04-03 12:00:00,146.14,146.5,140.17,141.39,198961.26681
2020-04-03 16:00:00,141.37,142.38,137.26,142.32,159288.47152
2020-04-03 20:00:00,142.31,142.76,139.69,141.31,60075.2054
2020-04-04 00:00:00,141.3,142.27,138.88,139.73,65231.12275
2020-04-04 04:00:00,139.73,141.37,139.31,140.98,54585.89134
2020-04-04 08:00:00,140.99,144.16,140.0,140.81,143684.40128
2020-04-04 12:00:00,140.81,142.85,140.05,142.3,83876.40271
2020-04-04 16:00:00,142.28,144.4,142.0,142.81,87682.08551
2020-04-04 20:00:00,142.85,146.28,141.1,144.1,138448.23727
2020-04-05 00:00:00,144.1,145.58,143.45,143.89,66916.28949
2020-04-05 04:00:00,143.88,144.29,142.01,142.79,62847.68849
2020-04-05 08:00:00,142.78,143.75,142.11,142.93,56495.15569
2020-04-05 12:00:00,142.91,144.2,142.63,143.64,56476.98443
2020-04-05 16:00:00,143.66,143.95,140.68,143.24,120290.98528
2020-04-05 20:00:00,143.25,143.56,141.77,142.68,51960.34908
2020-04-06 00:00:00,142.69,144.94,142.6,144.06,77662.8227
2020-04-06 04:00:00,144.1,151.0,144.07,149.47,328509.89629
2020-04-06 08:00:00,149.47,155.55,149.1,154.24,246346.39313
2020-04-06 12:00:00,154.24,161.4,153.56,161.28,360552.42581
2020-04-06 16:00:00,161.3,167.27,160.15,165.11,383961.66119
2020-04-06 20:00:00,165.09,172.0,161.37,171.32,239305.53198
2020-04-07 00:00:00,171.32,176.22,167.51,170.99,422592.63747
2020-04-07 04:00:00,170.99,174.44,168.59,173.78,220148.28635
2020-04-07 08:00:00,173.78,175.27,171.58,172.41,240422.14305
2020-04-07 12:00:00,172.37,174.89,167.27,169.08,324169.52729
2020-04-07 16:00:00,169.08,173.37,168.87,169.09,193334.00006
2020-04-07 20:00:00,169.09,169.15,162.22,164.63,317296.23116
2020-04-08 00:00:00,164.62,173.14,163.59,172.16,269260.37502
2020-04-08 04:00:00,172.2,174.48,168.82,170.21,220250.87158
2020-04-08 08:00:00,170.28,170.94,166.06,168.65,169603.49951
2020-04-08 12:00:00,168.65,170.47,166.6,169.12,123458.07257
2020-04-08 16:00:00,169.12,171.56,168.15,170.34,131379.69994
2020-04-08 20:00:00,170.34,173.56,170.27,173.11,109623.40214
2020-04-09 00:00:00,173.15,173.38,169.78,170.16,102170.45619
2020-04-09 04:00:00,170.21,172.5,168.14,172.43,90618.70151
2020-04-09 08:00:00,172.4,173.25,167.0,167.96,155736.6765
2020-04-09 12:00:00,167.96,171.64,165.19,169.96,218154.10696
2020-04-09 16:00:00,169.96,170.62,168.0,169.17,91881.42063
2020-04-09 20:00:00,169.18,170.87,168.49,169.52,61275.88244
2020-04-10 00:00:00,169.56,170.1,162.8,163.37,162576.1097
2020-04-10 04:00:00,163.37,164.04,156.51,158.05,410277.49542
2020-04-10 08:00:00,158.0,159.5,155.9,157.84,177381.33452
2020-04-10 12:00:00,157.83,158.99,152.11,153.06,238781.58163
2020-04-10 16:00:00,153.01,158.96,152.15,158.12,207746.95139
2020-04-10 20:00:00,158.19,160.44,156.39,157.81,118077.88934
2020-04-11 00:00:00,157.81,160.41,157.64,160.02,100872.70793
2020-04-11 04:00:00,160.03,161.37,157.97,158.67,135425.52687
2020-04-11 08:00:00,158.65,159.42,156.92,158.92,95979.068
2020-04-11 12:00:00,158.94,159.39,156.56,157.35,78672.07153
2020-04-11 16:00:00,157.35,158.14,154.87,155.61,106870.19889
2020-04-11 20:00:00,155.6,158.61,153.91,158.33,103780.03967
2020-04-12 00:00:00,158.33,159.5,155.55,155.59,67224.17474
2020-04-12 04:00:00,155.62,157.38,155.0,157.05,64051.47389
2020-04-12 08:00:00,157.03,158.84,157.0,158.02,86013.52118
2020-04-12 12:00:00,158.0,162.08,158.0,161.97,199084.56489
2020-04-12 16:00:00,161.98,164.78,161.57,163.72,254325.48965
2020-04-12 20:00:00,163.72,164.75,158.3,158.59,138401.02159
2020-04-13 00:00:00,158.56,158.57,150.0,152.36,349894.11426
2020-04-13 04:00:00,152.32,153.87,151.11,152.43,119777.27423
2020-04-13 08:00:00,152.43,156.5,150.55,155.27,173617.10582
2020-04-13 12:00:00,155.22,155.31,151.03,154.01,167174.74039
2020-04-13 16:00:00,154.01,155.5,152.92,154.6,79370.54307
2020-04-13 20:00:00,154.62,158.97,154.62,156.29,152257.25845
2020-04-14 00:00:00,156.28,158.47,155.4,157.97,86713.87924
2020-04-14 04:00:00,157.97,158.97,156.18,156.55,95625.91272
2020-04-14 08:00:00,156.5,158.14,155.23,156.74,92501.78728
2020-04-14 12:00:00,156.71,161.04,155.91,159.84,190055.44418
2020-04-14 16:00:00,159.84,161.85,159.0,160.07,152047.19113
2020-04-14 20:00:00,160.04,160.69,157.5,158.45,81086.43634
2020-04-15 00:00:00,158.46,160.59,155.83,160.34,134819.79738
2020-04-15 04:00:00,160.34,161.29,159.19,159.51,101489.20435
2020-04-15 08:00:00,159.5,159.9,156.86,157.73,108490.06584
2020-04-15 12:00:00,157.71,157.95,155.16,155.77,159587.3145
2020-04-15 16:00:00,155.78,158.04,155.48,156.94,75675.79526
2020-04-15 20:00:00,156.92,158.01,152.0,152.73,149057.48772
2020-04-16 00:00:00,152.74,153.65,148.33,153.03,200503.80032
2020-04-16 04:00:00,153.06,168.0,152.36,164.55,363406.32664
2020-04-16 08:00:00,164.55,174.5,164.55,170.01,474781.88929
2020-04-16 12:00:00,170.03,172.8,167.45,172.54,266401.18519
2020-04-16 16:00:00,172.48,173.13,169.37,172.43,159771.70989
2020-04-16 20:00:00,172.42,174.79,170.12,172.29,182342.68858
2020-04-17 00:00:00,172.31,173.21,169.87,171.5,146172.68376
2020-04-17 04:00:00,171.5,171.5,168.31,169.72,138445.77223
2020-04-17 08:00:00,169.73,172.62,168.54,169.34,136830.17907
2020-04-17 12:00:00,169.34,170.86,168.6,169.81,107126.48635
2020-04-17 16:00:00,169.81,171.34,169.09,170.94,61573.65356
2020-04-17 20:00:00,170.96,174.96,169.5,170.69,133388.98094
2020-04-18 00:00:00,170.61,174.36,170.48,172.9,108324.87513
2020-04-18 04:00:00,172.91,173.94,172.71,173.23,73426.94634
2020-04-18 08:00:00,173.24,174.46,171.39,174.12,95679.16422
2020-04-18 12:00:00,174.12,184.8,173.34,184.5,458740.35154
2020-04-18 16:00:00,184.5,185.32,181.07,182.5,163519.54336
2020-04-18 20:00:00,182.5,189.54,182.29,187.4,227605.4892
2020-04-19 00:00:00,187.4,188.35,184.51,186.82,166545.53944
2020-04-19 04:00:00,186.81,187.49,178.59,182.22,212628.26069
2020-04-19 08:00:00,182.18,184.6,180.82,182.95,137945.88966
2020-04-19 12:00:00,182.95,183.18,175.75,178.78,243039.84273
2020-04-19 16:00:00,178.78,182.72,178.0,181.17,127008.95072
2020-04-19 20:00:00,181.15,184.4,179.38,180.03,108591.09426
2020-04-20 00:00:00,180.02,184.25,178.3,183.95,136143.73384
2020-04-20 04:00:00,183.97,186.46,182.31,184.02,160619.75263
2020-04-20 08:00:00,184.02,184.2,174.74,175.78,258373.86753
2020-04-20 12:00:00,175.8,180.68,172.8,179.35,319747.99797
2020-04-20 16:00:00,179.38,180.13,167.14,167.42,475293.44528
2020-04-20 20:00:00,167.52,173.19,166.7,170.2,197642.73012
2020-04-21 00:00:00,170.21,173.55,169.55,171.78,139800.10356
2020-04-21 04:00:00,171.78,174.7,170.97,173.05,121182.4428
2020-04-21 08:00:00,173.03,173.43,168.0,169.15,212454.6845
2020-04-21 12:00:00,169.15,173.5,168.86,170.31,194629.68355
2020-04-21 16:00:00,170.32,173.3,169.87,171.81,160778.91072
2020-04-21 20:00:00,171.8,173.05,170.04,170.74,77535.82885
2020-04-22 00:00:00,170.73,172.27,169.78,171.55,83227.48561
2020-04-22 04:00:00,171.55,176.0,170.9,175.1,177653.70255
2020-04-22 08:00:00,175.12,175.87,174.22,175.51,127321.62986
2020-04-22 12:00:00,175.53,183.0,174.79,182.69,331878.73635
2020-04-22 16:00:00,182.71,184.0,180.6,181.62,176764.72603
2020-04-22 20:00:00,181.61,183.1,180.83,182.7,91852.11036
2020-04-23 00:00:00,182.7,187.03,181.4,182.43,208220.00153
2020-04-23 04:00:00,182.42,183.56,178.16,179.93,190135.74072
2020-04-23 08:00:00,179.9,184.17,179.02,183.57,148497.83657
2020-04-23 12:00:00,183.56,193.63,183.0,189.25,558065.09082
2020-04-23 16:00:00,189.23,190.8,186.75,189.22,170614.33478
2020-04-23 20:00:00,189.21,190.75,182.83,185.51,182334.08271
2020-04-24 00:00:00,185.57,189.4,185.0,188.27,138721.68876
2020-04-24 04:00:00,188.28,189.66,186.38,189.33,134183.52611
2020-04-24 08:00:00,189.34,189.8,185.4,186.2,169005.9516
2020-04-24 12:00:00,186.18,187.97,184.72,187.58,179387.19234
2020-04-24 16:00:00,187.55,188.99,186.41,188.48,88988.49711
2020-04-24 20:00:00,188.46,189.09,186.03,187.59,70617.35665
2020-04-25 00:00:00,187.6,187.71,185.76,186.51,44191.29534
2020-04-25 04:00:00,186.53,196.9,186.53,194.78,262543.09583
2020-04-25 08:00:00,194.76,195.95,192.39,193.53,171643.44125
2020-04-25 12:00:00,193.52,198.36,192.89,193.37,198794.00035
2020-04-25 16:00:00,193.37,195.0,191.84,194.06,111838.55352
2020-04-25 20:00:00,194.09,194.59,191.5,194.21,77467.66299
2020-04-26 00:00:00,194.21,195.69,193.61,194.87,79402.06314
2020-04-26 04:00:00,194.86,194.89,192.3,193.61,73586.44117
2020-04-26 08:00:00,193.58,198.0,193.0,196.85,151160.46467
2020-04-26 12:00:00,196.85,200.0,193.6,193.96,244559.69249
2020-04-26 16:00:00,193.94,195.44,193.27,195.13,98798.85305
2020-04-26 20:00:00,195.13,197.5,194.11,197.38,111018.30081
2020-04-27 00:00:00,197.39,199.05,195.93,197.18,158183.08252
2020-04-27 04:00:00,197.19,197.69,193.6,196.13,168350.61137
2020-04-27 08:00:00,196.13,197.1,194.4,195.9,119023.32044
2020-04-27 12:00:00,195.91,196.19,189.29,192.73,242663.03404
2020-04-27 16:00:00,192.71,194.15,191.17,193.94,101465.22985
2020-04-27 20:00:00,193.86,197.0,193.17,196.34,106942.09449
2020-04-28 00:00:00,196.33,196.49,192.5,194.57,118972.07069
2020-04-28 04:00:00,194.57,195.75,192.36,195.33,114789.84503
2020-04-28 08:00:00,195.31,196.99,193.88,195.94,109598.34391
2020-04-28 12:00:00,195.94,198.5,194.05,195.54,164338.10172
2020-04-28 16:00:00,195.55,197.03,195.01,195.59,65631.47426
2020-04-28 20:00:00,195.59,197.61,195.03,196.24,63500.05836
2020-04-29 00:00:00,196.24,199.42,196.22,198.05,141992.81381
2020-04-29 04:00:00,198.06,207.11,197.51,205.29,327394.81074
2020-04-29 08:00:00,205.29,209.74,204.74,207.48,247477.83189
2020-04-29 12:00:00,207.47,210.99,207.38,209.72,270039.10168
2020-04-29 16:00:00,209.74,218.77,208.66,215.9,513649.51274
2020-04-29 20:00:00,215.9,216.95,212.6,215.36,119868.65345
2020-04-30 00:00:00,215.4,226.12,214.3,225.57,265142.91017
2020-04-30 04:00:00,225.59,227.3,216.3,220.31,368292.61408
2020-04-30 08:00:00,220.3,220.82,202.0,211.77,489449.61517
2020-04-30 12:00:00,211.71,213.34,206.3,208.05,202456.81216
2020-04-30 16:00:00,208.04,212.89,202.07,211.38,297239.00963
2020-04-30 20:00:00,211.37,212.41,205.23,206.08,127110.0403
2020-05-01 00:00:00,206.07,210.43,205.91,208.88,102557.98386
2020-05-01 04:00:00,208.92,215.0,208.89,212.56,162313.41793
2020-05-01 08:00:00,212.54,217.14,211.55,215.23,161586.23803
2020-05-01 12:00:00,215.27,215.52,209.57,209.8,170369.0203
2020-05-01 16:00:00,209.8,211.83,208.26,209.33,121942.71181
2020-05-01 20:00:00,209.33,213.81,208.25,212.02,76144.58635
2020-05-02 00:00:00,212.01,213.39,211.02,212.95,69923.2944
2020-05-02 04:00:00,212.94,213.71,210.58,211.12,55497.62895
2020-05-02 08:00:00,211.09,213.13,210.36,212.13,69987.26467
2020-05-02 12:00:00,212.12,214.07,211.79,212.96,86505.74289
2020-05-02 16:00:00,213.02,215.37,211.6,213.54,112613.51844
2020-05-02 20:00:00,213.54,214.4,212.79,213.9,48967.22313
2020-05-03 00:00:00,213.89,219.3,213.43,217.89,152128.26988
2020-05-03 04:00:00,217.89,218.39,211.7,213.7,123018.0801
2020-05-03 08:00:00,213.66,215.9,213.08,214.04,69437.72078
2020-05-03 12:00:00,214.04,214.18,203.92,208.11,249622.77388
2020-05-03 16:00:00,208.09,209.73,206.89,208.81,83706.46991
2020-05-03 20:00:00,208.8,211.5,206.81,209.86,70470.59856
2020-05-04 00:00:00,209.86,210.65,202.03,203.6,183009.95865
2020-05-04 04:00:00,203.6,203.64,194.88,199.34,307919.1483
2020-05-04 08:00:00,199.34,202.28,198.0,199.63,164927.93359
2020-05-04 12:00:00,199.63,207.0,199.2,206.0,215428.13115
2020-05-04 16:00:00,205.99,206.83,201.96,203.69,135588.01891
2020-05-04 20:00:00,203.67,208.89,203.64,206.48,107376.13598
2020-05-05 00:00:00,206.47,208.63,204.4,206.05,99227.89099
2020-05-05 04:00:00,206.02,211.68,205.94,208.45,145490.71129
2020-05-05 08:00:00,208.45,209.77,201.0,203.37,162030.29255
2020-05-05 12:00:00,203.36,206.0,202.3,203.64,113186.70244
2020-05-05 16:00:00,203.63,204.88,203.0,204.2,57829.19399
2020-05-05 20:00:00,204.2,205.81,203.73,205.29,62879.87142
2020-05-06 00:00:00,205.3,208.86,202.0,206.79,122180.02456
2020-05-06 04:00:00,206.8,208.56,205.71,207.53,109555.77688
2020-05-06 08:00:00,207.53,210.65,206.17,210.06,198037.22543
2020-05-06 12:00:00,210.04,210.77,206.48,208.22,146617.0639
2020-05-06 16:00:00,208.22,208.9,204.41,204.57,104052.49488
2020-05-06 20:00:00,204.54,206.6,197.71,198.97,182258.09284
2020-05-07 00:00:00,198.92,208.31,196.43,205.87,255214.27981
2020-05-07 04:00:00,205.82,206.8,202.85,204.84,97855.33633
2020-05-07 08:00:00,204.83,206.18,203.33,203.99,101175.04452
2020-05-07 12:00:00,204.0,208.84,203.58,206.02,249084.42502
2020-05-07 16:00:00,206.03,215.1,204.3,212.88,435426.88525
2020-05-07 20:00:00,212.88,214.17,210.66,212.0,167022.76671
2020-05-08 00:00:00,212.01,216.61,211.0,212.88,223499.21192
2020-05-08 04:00:00,212.9,212.91,206.9,209.35,165948.00208
2020-05-08 08:00:00,209.36,212.0,208.82,211.4,111470.47713
2020-05-08 12:00:00,211.4,212.73,209.24,211.39,147429.26809
2020-05-08 16:00:00,211.44,215.0,210.56,212.87,165073.83074
2020-05-08 20:00:00,212.87,214.81,210.63,211.31,104487.40444
2020-05-09 00:00:00,211.32,214.6,209.44,213.84,111826.69982
2020-05-09 04:00:00,213.86,214.28,210.33,210.76,110145.02188
2020-05-09 08:00:00,210.74,212.3,208.4,210.29,103886.6312
2020-05-09 12:00:00,210.3,213.28,209.55,213.0,98333.42199
2020-05-09 16:00:00,213.01,214.28,210.59,212.37,95128.60389
2020-05-09 20:00:00,212.41,213.3,209.8,210.07,68551.60195
2020-05-10 00:00:00,210.09,210.18,179.59,185.93,591262.61929
2020-05-10 04:00:00,185.92,191.16,183.28,190.73,202503.96368
2020-05-10 08:00:00,190.73,193.0,188.13,189.76,135490.32474
2020-05-10 12:00:00,189.79,190.96,185.88,188.34,121129.68881
2020-05-10 16:00:00,188.3,189.59,180.36,185.22,276506.40248
2020-05-10 20:00:00,185.32,190.76,184.5,187.54,146333.05575
2020-05-11 00:00:00,187.62,191.04,187.54,188.46,93785.8564
2020-05-11 04:00:00,188.45,189.0,185.4,187.31,83937.48481
2020-05-11 08:00:00,187.31,189.94,183.84,189.11,174236.67899
2020-05-11 12:00:00,189.1,193.5,186.13,188.28,239462.70448
2020-05-11 16:00:00,188.33,188.89,176.0,187.2,395973.93775
2020-05-11 20:00:00,187.3,188.34,183.37,185.73,105903.15684
2020-05-12 00:00:00,185.8,189.38,185.48,188.5,97414.45456
2020-05-12 04:00:00,188.57,189.42,186.81,188.07,114766.47301
2020-05-12 08:00:00,188.07,191.02,187.73,190.81,126692.27347
2020-05-12 12:00:00,190.83,192.24,188.4,190.89,125788.85106
2020-05-12 16:00:00,190.91,192.22,189.21,189.5,101656.21568
2020-05-12 20:00:00,189.53,190.36,186.77,189.76,103437.52789
2020-05-13 00:00:00,189.77,191.49,189.27,190.85,72207.80944
2020-05-13 04:00:00,190.83,190.98,189.71,189.79,63175.65458
2020-05-13 08:00:00,189.8,191.12,188.35,190.99,149181.58056
2020-05-13 12:00:00,191.02,198.42,190.59,198.15,276221.62547
2020-05-13 16:00:00,198.14,199.24,195.38,196.78,97708.7474
2020-05-13 20:00:00,196.79,201.0,196.55,199.58,147647.58959
2020-05-14 00:00:00,199.61,200.9,196.62,199.12,86640.89773
2020-05-14 04:00:00,199.11,200.82,195.67,199.8,147480.06018
2020-05-14 08:00:00,199.8,206.02,198.67,202.54,351063.82515
2020-05-14 12:00:00,202.53,203.19,200.7,202.44,116217.23609
2020-05-14 16:00:00,202.45,204.65,196.21,203.47,306110.38429
2020-05-14 20:00:00,203.46,205.2,202.03,203.29,107187.84593
2020-05-15 00:00:00,203.29,204.08,197.21,199.41,185370.3983
2020-05-15 04:00:00,199.42,201.88,198.42,201.23,144260.96585
2020-05-15 08:00:00,201.21,201.66,198.78,201.0,138920.1757
2020-05-15 12:00:00,201.01,201.01,196.6,197.85,131482.40388
2020-05-15 16:00:00,197.94,199.02,193.8,194.76,152015.37167
2020-05-15 20:00:00,194.76,197.94,191.66,194.86,152700.3203
2020-05-16 00:00:00,194.87,199.78,193.21,198.63,100410.35454
2020-05-16 04:00:00,198.56,202.44,198.5,199.5,151877.83295
2020-05-16 08:00:00,199.51,201.24,198.53,200.27,118340.26842
2020-05-16 12:00:00,200.29,203.5,200.0,200.7,139679.33681
2020-05-16 16:00:00,200.7,201.38,197.85,200.07,103694.19355
2020-05-16 20:00:00,200.11,202.0,199.55,200.45,55898.05127
2020-05-17 00:00:00,200.44,202.58,199.68,201.53,85415.38155
2020-05-17 04:00:00,201.52,202.69,200.52,202.14,68813.32879
2020-05-17 08:00:00,202.15,202.29,200.8,201.29,65103.36957
2020-05-17 12:00:00,201.29,209.75,201.28,208.77,339072.24213
2020-05-17 16:00:00,208.78,209.21,206.57,207.89,64510.85948
2020-05-17 20:00:00,207.9,209.85,206.12,207.0,85796.71163
2020-05-18 00:00:00,207.02,216.18,207.0,215.07,327466.0617
2020-05-18 04:00:00,215.1,217.07,213.49,214.21,179217.70854
2020-05-18 08:00:00,214.19,215.29,209.24,212.03,226884.08027
2020-05-18 12:00:00,212.07,213.13,210.0,211.34,116362.75484
2020-05-18 16:00:00,211.34,213.46,208.91,213.1,132654.84499
2020-05-18 20:00:00,213.09,215.31,212.6,214.91,81553.79816
2020-05-19 00:00:00,214.92,215.05,209.65,210.3,146708.63097
2020-05-19 04:00:00,210.32,212.68,209.45,211.5,86779.86479
2020-05-19 08:00:00,211.47,215.95,211.47,212.9,156186.77206
2020-05-19 12:00:00,212.9,213.09,210.59,212.38,104123.34853
2020-05-19 16:00:00,212.37,214.49,211.4,211.5,70442.29283
2020-05-19 20:00:00,211.5,214.73,210.3,214.58,79462.07931
2020-05-20 00:00:00,214.6,214.76,212.4,212.9,78987.60063
2020-05-20 04:00:00,212.9,215.75,211.9,213.36,119893.20827
2020-05-20 08:00:00,213.38,214.4,212.65,212.92,64671.10801
2020-05-20 12:00:00,212.92,214.8,204.27,207.95,232134.90118
2020-05-20 16:00:00,207.95,210.1,206.57,209.62,115021.63677
2020-05-20 20:00:00,209.59,210.77,209.0,209.98,68824.15551
2020-05-21 00:00:00,209.99,211.64,208.95,209.35,105823.83425
2020-05-21 04:00:00,209.35,210.0,208.42,208.51,72118.58341
2020-05-21 08:00:00,208.56,209.7,204.69,207.76,176127.34273
2020-05-21 12:00:00,207.76,207.93,196.6,199.21,305008.70401
2020-05-21 16:00:00,199.21,200.43,191.71,198.57,247687.45689
2020-05-21 20:00:00,198.61,200.74,197.64,198.74,97157.51291
2020-05-22 00:00:00,198.72,199.95,196.24,197.22,129747.67941
2020-05-22 04:00:00,197.23,202.63,196.67,201.81,141277.86355
2020-05-22 08:00:00,201.82,204.12,200.85,203.23,134792.21085
2020-05-22 12:00:00,203.22,205.5,201.14,205.18,126416.11603
2020-05-22 16:00:00,205.2,209.19,204.5,207.65,184050.09152
2020-05-22 20:00:00,207.64,209.0,206.1,207.36,71388.39945
2020-05-23 00:00:00,207.36,211.2,207.36,210.0,114325.29728
2020-05-23 04:00:00,210.0,210.45,207.2,208.24,77916.37101
2020-05-23 08:00:00,208.24,208.27,205.3,207.15,99435.38433
2020-05-23 12:00:00,207.16,208.12,204.55,207.7,88146.00388
2020-05-23 16:00:00,207.72,208.45,205.64,207.14,53793.03006
2020-05-23 20:00:00,207.13,208.36,206.28,206.6,44943.8335
2020-05-24 00:00:00,206.6,209.71,205.9,208.58,102380.34674
2020-05-24 04:00:00,208.58,210.55,207.95,209.56,71471.39281
2020-05-24 08:00:00,209.56,210.48,205.91,205.91,92659.45931
2020-05-24 12:00:00,205.91,207.54,203.67,205.53,119056.49972
2020-05-24 16:00:00,205.46,206.89,201.7,206.44,154407.51831
2020-05-24 20:00:00,206.41,207.83,199.5,199.9,133559.84095
2020-05-25 00:00:00,199.9,203.26,198.01,202.33,101571.70986
2020-05-25 04:00:00,202.32,204.33,201.25,204.23,65198.52922
2020-05-25 08:00:00,204.2,204.99,201.17,202.39,114630.99005
2020-05-25 12:00:00,202.39,204.41,202.03,202.75,78130.92321
2020-05-25 16:00:00,202.75,205.67,202.37,204.68,74489.86716
2020-05-25 20:00:00,204.68,205.11,203.3,204.15,35909.60542
2020-05-26 00:00:00,204.22,205.0,202.59,204.45,42946.22208
2020-05-26 04:00:00,204.45,204.5,201.5,203.6,64754.47611
2020-05-26 08:00:00,203.6,204.23,201.6,202.11,80177.1564
2020-05-26 12:00:00,202.11,202.62,197.12,197.63,135587.29683
2020-05-26 16:00:00,197.65,200.47,196.9,199.3,87056.166
2020-05-26 20:00:00,199.3,202.63,199.29,200.89,66655.41788
2020-05-27 00:00:00,200.92,202.48,200.76,201.65,62313.32589
2020-05-27 04:00:00,201.68,204.2,201.4,202.88,70649.328
2020-05-27 08:00:00,202.87,206.78,202.83,206.48,138159.06338
2020-05-27 12:00:00,206.48,207.78,205.05,206.02,106238.08412
2020-05-27 16:00:00,206.05,207.58,205.81,206.5,60886.52939
2020-05-27 20:00:00,206.5,208.44,205.11,208.29,56570.39649
2020-05-28 00:00:00,208.29,208.97,206.23,206.39,57174.5846
2020-05-28 04:00:00,206.36,206.98,204.74,205.32,58091.35138
2020-05-28 08:00:00,205.32,207.8,204.67,207.57,63672.58
2020-05-28 12:00:00,207.59,214.65,207.35,214.26,206879.94719
2020-05-28 16:00:00,214.26,215.58,213.39,214.66,121482.63358
2020-05-28 20:00:00,214.68,220.5,213.53,220.21,136644.88094
2020-05-29 00:00:00,220.24,224.79,220.14,221.89,173109.46142
2020-05-29 04:00:00,221.89,222.47,219.32,221.35,106248.67735
2020-05-29 08:00:00,221.35,223.55,217.57,219.04,128639.13383
2020-05-29 12:00:00,219.05,220.79,218.17,219.5,63072.18508
2020-05-29 16:00:00,219.49,222.55,219.23,219.96,86773.07305
2020-05-29 20:00:00,219.97,221.4,218.67,220.67,45215.54517
2020-05-30 00:00:00,220.63,222.71,218.8,222.7,64507.63529
2020-05-30 04:00:00,222.69,233.84,222.4,232.18,291884.7133
2020-05-30 08:00:00,232.15,238.08,231.16,236.78,177847.08967
2020-05-30 12:00:00,236.78,238.87,233.51,235.61,168567.74619
2020-05-30 16:00:00,235.61,237.99,234.23,237.12,87585.36373
2020-05-30 20:00:00,237.12,247.0,234.16,243.66,229158.20328
2020-05-31 00:00:00,243.71,245.39,235.15,237.37,175124.98481
2020-05-31 04:00:00,237.33,240.74,236.0,239.83,122235.63849
2020-05-31 08:00:00,239.84,239.99,235.28,238.78,132277.79204
2020-05-31 12:00:00,238.78,240.0,231.82,233.71,188065.37098
2020-05-31 16:00:00,233.72,237.0,233.2,236.55,88547.47432
2020-05-31 20:00:00,236.58,236.68,229.58,231.57,115357.4282
2020-06-01 00:00:00,231.56,239.98,230.66,238.79,131508.84697
2020-06-01 04:00:00,238.79,242.5,237.2,238.72,102698.26555
2020-06-01 08:00:00,238.71,239.2,235.52,236.06,83338.09376
2020-06-01 12:00:00,236.07,240.98,234.96,238.22,123476.65655
2020-06-01 16:00:00,238.22,240.15,237.64,237.83,57206.36655
2020-06-01 20:00:00,237.83,250.68,237.24,248.23,325588.46998
2020-06-02 00:00:00,248.23,249.01,245.66,247.25,138426.61276
2020-06-02 04:00:00,247.26,249.5,246.6,248.85,81003.93818
2020-06-02 08:00:00,248.85,253.8,248.3,252.18,137647.04543
2020-06-02 12:00:00,252.18,253.07,225.0,233.64,401771.70347
2020-06-02 16:00:00,233.63,236.74,232.2,236.23,103996.62133
2020-06-02 20:00:00,236.22,239.49,234.65,237.71,92674.99746
2020-06-03 00:00:00,237.71,238.66,234.75,235.86,76475.84825
2020-06-03 04:00:00,235.87,237.47,232.71,236.81,78316.99888
2020-06-03 08:00:00,236.82,240.68,236.24,239.73,102301.56915
2020-06-03 12:00:00,239.75,240.49,237.0,239.27,86279.55555
2020-06-03 16:00:00,239.3,243.0,238.6,240.8,89705.14135
2020-06-03 20:00:00,240.85,245.0,240.11,244.52,69849.02053
2020-06-04 00:00:00,244.54,246.6,242.84,245.33,93384.76473
2020-06-04 04:00:00,245.34,245.45,242.24,243.37,78052.2146
2020-06-04 08:00:00,243.37,243.92,236.0,243.1,163865.32143
2020-06-04 12:00:00,243.1,246.29,241.48,245.0,153354.86694
2020-06-04 16:00:00,245.02,245.5,240.0,241.47,99014.20496
2020-06-04 20:00:00,241.43,244.64,239.08,243.21,81697.96654
2020-06-05 00:00:00,243.22,245.3,241.65,243.09,72623.3443
2020-06-05 04:00:00,243.09,244.4,242.16,243.56,62739.03317
2020-06-05 08:00:00,243.59,247.87,241.0,243.15,163415.35912
2020-06-05 12:00:00,243.13,243.42,239.14,241.82,92217.50901
2020-06-05 16:00:00,241.81,242.85,241.06,242.0,52434.46484
2020-06-05 20:00:00,242.0,242.47,239.39,240.03,59117.70059
2020-06-06 00:00:00,240.04,241.59,237.83,240.63,82501.82366
2020-06-06 04:00:00,240.6,241.37,239.2,240.21,40753.32194
2020-06-06 08:00:00,240.21,243.9,239.5,243.35,71231.7236
2020-06-06 12:00:00,243.37,244.7,241.22,242.32,83290.06863
2020-06-06 16:00:00,242.31,243.41,239.77,241.33,74620.37835
2020-06-06 20:00:00,241.32,243.11,240.95,241.94,37025.7618
2020-06-07 00:00:00,241.94,244.08,240.3,242.9,47387.69529
2020-06-07 04:00:00,242.92,243.69,241.5,242.29,37447.59139
2020-06-07 08:00:00,242.28,242.6,238.43,238.89,91008.53311
2020-06-07 12:00:00,238.9,239.98,234.6,237.43,158809.15331
2020-06-07 16:00:00,237.37,242.5,235.19,242.13,108496.79393
2020-06-07 20:00:00,242.12,245.37,241.01,244.56,127952.78812
2020-06-08 00:00:00,244.57,245.32,242.91,244.12,84525.61966
2020-06-08 04:00:00,244.12,244.72,242.99,243.69,49242.21389
2020-06-08 08:00:00,243.68,244.74,242.23,243.69,62236.57307
2020-06-08 12:00:00,243.71,243.84,240.59,243.0,67281.58008
2020-06-08 16:00:00,243.0,243.41,241.55,242.18,45693.75206
2020-06-08 20:00:00,242.16,247.7,241.9,246.4,74136.80843
2020-06-09 00:00:00,246.37,249.82,238.0,243.06,164852.52993
2020-06-09 04:00:00,243.1,243.82,242.43,243.33,44760.28943
2020-06-09 08:00:00,243.3,243.73,241.25,243.32,51431.15354
2020-06-09 12:00:00,243.32,244.66,242.5,243.32,52046.24787
2020-06-09 16:00:00,243.32,243.7,240.68,243.19,50708.58637
2020-06-09 20:00:00,243.21,245.15,242.05,243.8,56528.36419
2020-06-10 00:00:00,243.79,244.67,243.32,243.65,37634.36713
2020-06-10 04:00:00,243.63,244.88,242.8,243.58,43964.08539
2020-06-10 08:00:00,243.59,243.85,242.2,242.57,49473.25224
2020-06-10 12:00:00,242.57,243.95,242.29,243.47,36743.72098
2020-06-10 16:00:00,243.49,250.28,242.0,246.75,203416.03665
2020-06-10 20:00:00,246.76,248.58,245.92,247.78,60054.15476
2020-06-11 00:00:00,247.78,250.09,247.72,248.18,107420.56722
2020-06-11 04:00:00,248.17,248.76,245.12,246.16,74666.00116
2020-06-11 08:00:00,246.16,246.87,244.1,245.52,54242.26596
2020-06-11 12:00:00,245.52,245.52,238.0,238.98,184621.15537
2020-06-11 16:00:00,238.97,239.88,226.2,232.37,293690.92179
2020-06-11 20:00:00,232.38,233.62,229.02,230.51,101815.98011
2020-06-12 00:00:00,230.46,234.37,228.19,233.56,92547.48144
2020-06-12 04:00:00,233.57,236.51,232.52,235.48,71378.10955
2020-06-12 08:00:00,235.49,237.77,235.44,237.37,118684.39023
2020-06-12 12:00:00,237.37,239.38,235.44,236.33,85716.99798
2020-06-12 16:00:00,236.32,237.47,233.98,236.83,46893.28356
2020-06-12 20:00:00,236.82,238.48,236.53,237.55,31295.07848
2020-06-13 00:00:00,237.55,238.0,235.53,235.73,44164.17608
2020-06-13 04:00:00,235.69,236.84,234.66,236.6,36537.75476
2020-06-13 08:00:00,236.6,237.32,235.0,235.49,35982.75284
2020-06-13 12:00:00,235.5,238.39,235.06,237.12,57822.62731
2020-06-13 16:00:00,237.13,238.73,236.11,236.85,44156.44641
2020-06-13 20:00:00,236.82,238.48,235.8,238.11,35134.0235
2020-06-14 00:00:00,238.13,238.59,237.24,237.66,31575.35111
2020-06-14 04:00:00,237.67,237.87,233.71,235.2,56948.16637
2020-06-14 08:00:00,235.2,237.0,234.62,236.22,33418.78172
2020-06-14 12:00:00,236.22,236.58,232.95,235.39,64491.91261
2020-06-14 16:00:00,235.37,235.6,233.92,234.96,27535.8713
2020-06-14 20:00:00,234.95,235.24,229.83,231.77,90973.12877
2020-06-15 00:00:00,231.74,232.36,224.07,225.71,155938.95655
2020-06-15 04:00:00,225.72,227.62,218.27,224.56,258152.18176
2020-06-15 08:00:00,224.59,224.95,222.02,223.48,90736.18928
2020-06-15 12:00:00,223.47,226.55,220.3,226.43,129749.10406
2020-06-15 16:00:00,226.43,233.55,225.8,232.31,165792.05673
2020-06-15 20:00:00,232.33,233.31,229.54,230.86,74658.43219
2020-06-16 00:00:00,230.86,234.17,228.7,233.08,94863.37276
2020-06-16 04:00:00,233.09,233.49,231.24,232.97,78694.31282
2020-06-16 08:00:00,232.96,235.6,232.06,234.38,103637.8781
2020-06-16 12:00:00,234.38,236.0,231.64,232.99,128486.90193
2020-06-16 16:00:00,233.0,234.44,232.6,233.97,49231.07039
2020-06-16 20:00:00,233.97,235.67,233.5,235.3,44281.13158
2020-06-17 00:00:00,235.31,235.7,232.11,233.0,56395.94815
2020-06-17 04:00:00,233.01,235.31,232.5,234.82,67491.07375
2020-06-17 08:00:00,234.82,235.15,233.28,233.66,47037.4397
2020-06-17 12:00:00,233.69,237.3,230.86,231.59,143803.10007
2020-06-17 16:00:00,231.58,232.65,229.38,229.42,86031.42038
2020-06-17 20:00:00,229.43,234.33,227.65,233.82,77428.30965
2020-06-18 00:00:00,233.82,234.65,232.91,233.51,49328.67945
2020-06-18 04:00:00,233.55,234.0,232.45,233.46,39135.58192
2020-06-18 08:00:00,233.48,234.08,232.11,233.08,44484.91334
2020-06-18 12:00:00,233.09,233.34,230.72,231.23,63334.78232
2020-06-18 16:00:00,231.24,232.23,229.67,231.27,51818.77638
2020-06-18 20:00:00,231.28,232.69,227.93,231.27,86245.06576
2020-06-19 00:00:00,231.26,231.43,226.74,227.58,99087.1328
2020-06-19 04:00:00,227.54,229.4,227.16,228.37,55321.8902
2020-06-19 08:00:00,228.38,231.3,227.62,230.29,74511.32698
2020-06-19 12:00:00,230.3,231.95,230.21,230.88,55110.83828
2020-06-19 16:00:00,230.88,231.14,228.05,228.84,67606.78093
2020-06-19 20:00:00,228.94,230.49,227.9,229.0,45646.62889
2020-06-20 00:00:00,229.0,230.85,228.6,230.34,38252.54266
2020-06-20 04:00:00,230.34,230.44,229.19,229.81,35437.59548
2020-06-20 08:00:00,229.81,229.81,225.62,229.02,78475.60575
2020-06-20 12:00:00,229.02,229.22,225.89,226.64,71366.3091
2020-06-20 16:00:00,226.63,227.72,226.23,226.81,35062.26255
2020-06-20 20:00:00,226.83,229.64,226.83,228.89,45110.67272
2020-06-21 00:00:00,228.88,230.3,228.52,229.66,37517.5938
2020-06-21 04:00:00,229.66,231.49,229.27,230.24,46726.91218
2020-06-21 08:00:00,230.26,230.88,229.43,230.01,35687.42818
2020-06-21 12:00:00,230.02,230.89,228.76,230.61,45199.83577
2020-06-21 16:00:00,230.61,230.8,229.1,229.97,44042.17593
2020-06-21 20:00:00,229.97,230.08,227.11,228.04,47131.29148
2020-06-22 00:00:00,228.03,234.65,227.51,234.33,124736.53942
2020-06-22 04:00:00,234.34,235.97,233.73,234.88,112494.54272
2020-06-22 08:00:00,234.89,236.89,234.81,236.58,80639.80914
2020-06-22 12:00:00,236.58,241.68,236.25,241.49,149948.13173
2020-06-22 16:00:00,241.49,245.07,240.85,242.36,174213.16265
2020-06-22 20:00:00,242.37,246.89,241.75,243.13,106997.92548
2020-06-23 00:00:00,243.11,244.66,240.75,242.72,89761.57966
2020-06-23 04:00:00,242.7,244.49,241.32,244.15,74472.7946
2020-06-23 08:00:00,244.15,244.25,241.97,243.37,63714.6127
2020-06-23 12:00:00,243.37,244.4,241.32,244.4,98381.17347
2020-06-23 16:00:00,244.39,244.87,242.75,243.73,70626.27886
2020-06-23 20:00:00,243.73,244.28,242.35,243.14,45339.87548
2020-06-24 00:00:00,243.15,245.96,242.85,245.41,72024.14822
2020-06-24 04:00:00,245.39,249.24,242.03,242.41,208598.79795
2020-06-24 08:00:00,242.4,243.5,236.8,238.06,194908.12667
2020-06-24 12:00:00,238.06,240.98,231.07,232.1,267912.92814
2020-06-24 16:00:00,232.1,235.21,231.32,233.82,110539.76894
2020-06-24 20:00:00,233.81,235.77,233.5,234.58,67650.28348
2020-06-25 00:00:00,234.57,235.39,227.56,229.67,170919.48523
2020-06-25 04:00:00,229.69,232.69,229.47,231.31,116492.00861
2020-06-25 08:00:00,231.33,235.38,231.33,234.41,104160.72371
2020-06-25 12:00:00,234.39,234.81,231.71,233.72,104075.30118
2020-06-25 16:00:00,233.7,234.58,232.46,233.75,61876.66092
2020-06-25 20:00:00,233.74,234.87,231.26,232.5,56224.41383
2020-06-26 00:00:00,232.49,233.61,230.85,232.32,77223.21451
2020-06-26 04:00:00,232.31,233.02,228.3,229.2,142359.10393
2020-06-26 08:00:00,229.21,232.38,228.52,230.88,126054.23559
2020-06-26 12:00:00,230.88,232.05,227.75,230.04,166424.73374
2020-06-26 16:00:00,230.04,230.3,228.15,230.14,75253.10171
2020-06-26 20:00:00,230.14,231.59,229.42,229.64,41025.68059
2020-06-27 00:00:00,229.66,230.36,228.51,229.64,60028.00746
2020-06-27 04:00:00,229.65,230.78,228.89,230.52,42951.3344
2020-06-27 08:00:00,230.52,231.42,229.0,229.59,58261.02253
2020-06-27 12:00:00,229.59,230.1,226.4,227.56,100023.51444
2020-06-27 16:00:00,227.55,228.0,216.0,217.84,246018.26539
2020-06-27 20:00:00,217.81,222.53,216.62,220.94,138668.47016
2020-06-28 00:00:00,220.94,220.94,218.87,219.32,42088.08093
2020-06-28 04:00:00,219.32,221.19,218.32,220.58,47616.54539
2020-06-28 08:00:00,220.58,224.89,219.95,223.32,109967.85117
2020-06-28 12:00:00,223.32,226.66,222.05,226.15,93076.56298
2020-06-28 16:00:00,226.17,227.96,223.84,224.08,94475.66804
2020-06-28 20:00:00,224.09,225.81,223.84,224.93,57541.8603
2020-06-29 00:00:00,224.89,226.86,224.08,224.56,69586.85523
2020-06-29 04:00:00,224.56,226.15,222.42,222.9,125251.722
2020-06-29 08:00:00,222.89,224.45,221.26,223.67,90065.15059
2020-06-29 12:00:00,223.68,225.13,221.72,223.96,119388.85037
2020-06-29 16:00:00,223.96,227.2,223.58,226.06,81208.42027
2020-06-29 20:00:00,226.07,229.96,226.07,227.93,112414.52396
2020-06-30 00:00:00,227.98,228.7,226.78,227.02,58878.6273
2020-06-30 04:00:00,227.01,227.51,225.84,226.81,67563.23347
2020-06-30 08:00:00,226.82,227.76,226.0,227.64,56605.25021
2020-06-30 12:00:00,227.62,227.67,222.91,226.37,145729.26521
2020-06-30 16:00:00,226.37,226.49,224.41,224.9,51739.68878
2020-06-30 20:00:00,224.9,226.49,224.71,225.6,34519.9648
2020-07-01 00:00:00,225.59,226.0,224.16,225.44,65497.22434
2020-07-01 04:00:00,225.45,226.35,224.8,225.58,54059.2823
2020-07-01 08:00:00,225.58,228.91,225.56,227.66,100051.8013
2020-07-01 12:00:00,227.66,229.42,226.8,229.42,94187.61415
2020-07-01 16:00:00,229.42,232.71,228.7,231.1,140283.09676
2020-07-01 20:00:00,231.1,232.2,230.29,230.99,63272.5698
2020-07-02 00:00:00,230.99,232.01,230.39,231.06,54951.68667
2020-07-02 04:00:00,231.04,231.61,227.63,228.6,89716.96043
2020-07-02 08:00:00,228.63,229.47,227.0,228.19,94045.84155
2020-07-02 12:00:00,228.19,231.42,224.5,225.07,164492.6658
2020-07-02 16:00:00,225.09,226.72,222.87,225.72,122040.37426
2020-07-02 20:00:00,225.73,228.35,225.1,226.46,67238.38244
2020-07-03 00:00:00,226.46,228.13,225.32,226.28,56934.11559
2020-07-03 04:00:00,226.29,227.52,225.65,227.21,46926.62391
2020-07-03 08:00:00,227.23,228.11,225.5,227.14,62634.83049
2020-07-03 12:00:00,227.12,228.11,226.25,226.92,55286.7516
2020-07-03 16:00:00,226.92,227.41,225.75,226.39,43466.189
2020-07-03 20:00:00,226.4,226.91,223.97,224.87,49329.98981
2020-07-04 00:00:00,224.86,226.86,224.43,226.08,57157.96044
2020-07-04 04:00:00,226.09,226.66,225.84,226.09,30058.42572
2020-07-04 08:00:00,226.09,226.46,225.4,225.63,33437.91855
2020-07-04 12:00:00,225.63,226.55,225.11,225.86,41545.77313
2020-07-04 16:00:00,225.85,230.71,225.42,228.98,114578.43481
2020-07-04 20:00:00,228.99,229.5,228.35,229.17,30947.95328
2020-07-05 00:00:00,229.24,229.85,227.39,228.24,50750.5582
2020-07-05 04:00:00,228.23,228.37,226.33,226.67,56343.92885
2020-07-05 08:00:00,226.67,227.11,223.05,225.14,75548.12313
2020-07-05 12:00:00,225.14,226.26,224.25,225.0,46671.08178
2020-07-05 16:00:00,224.96,225.84,224.75,225.18,31778.54461
2020-07-05 20:00:00,225.18,228.24,223.22,227.56,94654.88349
2020-07-06 00:00:00,227.54,228.8,226.93,227.86,60464.14001
2020-07-06 04:00:00,227.88,234.15,227.67,232.8,212981.75768
2020-07-06 08:00:00,232.82,235.93,232.45,235.69,126348.10194
2020-07-06 12:00:00,235.69,238.86,234.59,238.79,203618.9697
2020-07-06 16:00:00,238.78,240.77,237.87,238.42,140061.41046
2020-07-06 20:00:00,238.39,242.0,237.29,241.6,121343.12721
2020-07-07 00:00:00,241.6,243.77,237.86,239.25,134063.56335
2020-07-07 04:00:00,239.25,239.57,235.93,237.04,99200.33978
2020-07-07 08:00:00,237.03,237.99,234.4,237.55,94969.32426
2020-07-07 12:00:00,237.58,239.61,236.45,238.82,128061.10717
2020-07-07 16:00:00,238.81,240.24,237.66,237.98,72236.34424
2020-07-07 20:00:00,237.98,239.86,236.58,239.39,71894.29329
2020-07-08 00:00:00,239.39,242.28,237.78,241.9,146602.47484
2020-07-08 04:00:00,241.91,242.66,238.23,240.76,136165.81397
2020-07-08 08:00:00,240.76,244.6,240.11,244.07,161696.3106
2020-07-08 12:00:00,244.07,247.63,241.28,245.73,247969.66625
2020-07-08 16:00:00,245.73,248.8,245.0,248.56,139652.82744
2020-07-08 20:00:00,248.6,248.88,245.69,246.95,126098.74398
2020-07-09 00:00:00,246.94,247.03,243.0,244.68,99480.74842
2020-07-09 04:00:00,244.65,247.9,244.37,246.71,93132.46454
2020-07-09 08:00:00,246.7,246.79,244.39,246.53,78828.02931
2020-07-09 12:00:00,246.54,247.6,237.88,239.87,226993.0883
2020-07-09 16:00:00,239.86,240.94,238.28,239.98,91947.08444
2020-07-09 20:00:00,239.98,242.2,239.43,241.98,57260.1679
2020-07-10 00:00:00,241.97,242.16,239.9,240.52,60542.53849
2020-07-10 04:00:00,240.53,240.59,235.72,238.02,140039.47545
2020-07-10 08:00:00,238.04,240.35,237.89,238.01,72787.43513
2020-07-10 12:00:00,237.97,240.79,237.97,240.62,76479.81174
2020-07-10 16:00:00,240.61,240.79,238.44,239.53,52693.78527
2020-07-10 20:00:00,239.51,241.6,238.59,241.26,52482.07777
2020-07-11 00:00:00,241.27,241.67,240.21,240.54,59520.90761
2020-07-11 04:00:00,240.52,240.92,239.54,240.46,40773.73329
2020-07-11 08:00:00,240.47,240.61,237.54,238.5,68475.03428
2020-07-11 12:00:00,238.49,240.29,238.25,239.57,48376.47966
2020-07-11 16:00:00,239.56,240.4,237.58,237.9,45000.47119
2020-07-11 20:00:00,237.91,239.81,237.9,239.19,32329.38023
2020-07-12 00:00:00,239.19,241.36,239.0,240.81,57970.70737
2020-07-12 04:00:00,240.82,241.45,240.13,240.45,40660.96042
2020-07-12 08:00:00,240.44,240.89,239.3,239.55,45426.82391
2020-07-12 12:00:00,239.54,244.0,236.52,237.7,184291.24348
2020-07-12 16:00:00,237.7,238.9,236.85,238.54,55919.42943
2020-07-12 20:00:00,238.54,243.09,238.28,242.79,85045.95259
2020-07-13 00:00:00,242.76,243.55,241.31,241.68,94016.56083
2020-07-13 04:00:00,241.69,243.17,241.43,242.77,75311.79686
2020-07-13 08:00:00,242.76,245.17,242.75,244.62,125989.17627
2020-07-13 12:00:00,244.62,245.33,242.0,242.7,95662.75763
2020-07-13 16:00:00,242.7,243.72,237.33,238.42,146326.39879
2020-07-13 20:00:00,238.41,240.14,237.81,239.5,66786.35207
2020-07-14 00:00:00,239.5,240.15,238.35,238.66,64611.68618
2020-07-14 04:00:00,238.67,238.88,237.0,238.4,84904.09428
2020-07-14 08:00:00,238.39,240.71,237.75,240.61,82005.54134
2020-07-14 12:00:00,240.56,241.33,238.48,240.23,79464.99816
2020-07-14 16:00:00,240.21,241.66,239.47,241.46,70170.9901
2020-07-14 20:00:00,241.42,242.09,240.03,240.44,45163.58182
2020-07-15 00:00:00,240.45,241.45,239.25,239.26,52807.19393
2020-07-15 04:00:00,239.26,240.38,238.7,239.66,58655.32704
2020-07-15 08:00:00,239.66,240.2,238.25,239.16,72255.15509
2020-07-15 12:00:00,239.16,240.03,238.02,238.1,67336.4994
2020-07-15 16:00:00,238.12,238.81,236.83,237.49,78490.92936
2020-07-15 20:00:00,237.49,239.02,237.39,238.61,38805.56036
2020-07-16 00:00:00,238.59,239.39,237.9,238.44,45951.09235
2020-07-16 04:00:00,238.42,238.95,230.02,232.63,196620.14678
2020-07-16 08:00:00,232.59,233.33,230.17,231.68,149462.8576
2020-07-16 12:00:00,231.69,233.5,231.65,233.18,72405.89121
2020-07-16 16:00:00,233.18,234.43,232.04,232.42,72439.95246
2020-07-16 20:00:00,232.45,234.1,231.8,233.57,50281.79854
2020-07-17 00:00:00,233.58,234.49,232.62,233.17,46930.69646
2020-07-17 04:00:00,233.17,233.81,231.65,233.12,65739.79055
2020-07-17 08:00:00,233.13,233.76,231.91,233.35,69176.49121
2020-07-17 12:00:00,233.34,234.84,232.71,233.15,74976.84179
2020-07-17 16:00:00,233.15,233.58,232.37,233.11,41455.04237
2020-07-17 20:00:00,233.1,233.56,232.39,232.67,27321.35206
2020-07-18 00:00:00,232.66,233.54,232.32,233.01,66469.02846
2020-07-18 04:00:00,233.02,233.55,232.85,233.26,31536.06435
2020-07-18 08:00:00,233.25,235.53,233.01,234.97,92401.19652
2020-07-18 12:00:00,234.97,235.48,234.22,234.94,51556.51933
2020-07-18 16:00:00,234.95,236.8,234.39,235.58,64566.63716
2020-07-18 20:00:00,235.57,236.49,235.33,235.67,34827.17238
2020-07-19 00:00:00,235.67,236.11,234.69,235.01,38433.25345
2020-07-19 04:00:00,235.01,235.24,233.33,234.6,50907.37255
2020-07-19 08:00:00,234.6,234.94,233.28,233.74,58225.65448
2020-07-19 12:00:00,233.74,234.31,233.36,233.68,44361.4662
2020-07-19 16:00:00,233.68,235.51,233.5,235.23,54286.90909
2020-07-19 20:00:00,235.21,239.92,234.93,239.11,102588.86496
2020-07-20 00:00:00,239.12,239.72,237.72,238.71,73577.15722
2020-07-20 04:00:00,238.71,239.27,238.19,238.6,46566.40251
2020-07-20 08:00:00,238.59,239.54,237.0,237.51,72363.22614
2020-07-20 12:00:00,237.51,238.27,237.19,237.91,67263.57132
2020-07-20 16:00:00,237.92,238.83,234.05,235.36,90413.48911
2020-07-20 20:00:00,235.37,236.83,235.01,236.01,46474.07308
2020-07-21 00:00:00,236.0,237.43,235.57,237.02,51688.62669
2020-07-21 04:00:00,237.04,242.58,236.66,241.77,122084.1702
2020-07-21 08:00:00,241.77,243.27,241.24,243.0,134040.13769
2020-07-21 12:00:00,243.0,245.11,242.69,243.6,167309.45666
2020-07-21 16:00:00,243.61,246.66,243.2,245.31,97150.82559
2020-07-21 20:00:00,245.3,245.76,243.74,245.59,65188.86391
2020-07-22 00:00:00,245.53,245.69,243.23,244.45,62870.73281
2020-07-22 04:00:00,244.44,244.51,241.51,242.25,71169.26417
2020-07-22 08:00:00,242.21,244.41,241.65,243.91,80993.40021
2020-07-22 12:00:00,243.92,245.1,242.73,244.56,67936.14953
2020-07-22 16:00:00,244.56,245.74,243.45,245.17,62137.70556
2020-07-22 20:00:00,245.19,269.61,244.73,263.74,373310.43068
2020-07-23 00:00:00,263.75,266.01,262.88,263.77,146074.46065
2020-07-23 04:00:00,263.77,263.86,259.7,262.46,117394.74013
2020-07-23 08:00:00,262.45,264.63,262.16,264.25,120413.59548
2020-07-23 12:00:00,264.26,270.0,261.85,268.27,240276.62866
2020-07-23 16:00:00,268.27,279.98,267.48,274.64,348403.16954
2020-07-23 20:00:00,274.63,276.11,271.27,275.3,96211.98433
2020-07-24 00:00:00,275.31,275.35,271.67,272.86,84750.12765
2020-07-24 04:00:00,272.85,273.6,266.0,270.79,145032.05282
2020-07-24 08:00:00,270.78,276.54,269.5,275.14,127809.1395
2020-07-24 12:00:00,275.14,279.32,272.0,278.19,162025.07347
2020-07-24 16:00:00,278.18,284.31,274.74,283.11,224683.25704
2020-07-24 20:00:00,283.1,287.34,277.57,279.15,181733.41644
2020-07-25 00:00:00,279.15,284.58,279.09,282.89,118999.60726
2020-07-25 04:00:00,282.87,285.88,281.75,283.01,99369.68146
2020-07-25 08:00:00,283.01,284.99,281.38,282.6,92817.28048
2020-07-25 12:00:00,282.61,288.0,281.8,286.08,154076.72559
2020-07-25 16:00:00,286.08,297.46,283.88,296.51,305508.39713
2020-07-25 20:00:00,296.51,308.94,296.35,305.26,288155.61362
2020-07-26 00:00:00,305.31,305.32,299.0,302.73,151346.18361
2020-07-26 04:00:00,302.73,312.04,301.02,311.59,161041.75202
2020-07-26 08:00:00,311.61,318.75,303.0,309.36,420846.16779
2020-07-26 12:00:00,309.33,313.76,300.0,310.79,260452.07381
2020-07-26 16:00:00,310.79,314.06,303.77,307.05,187357.5117
2020-07-26 20:00:00,307.05,313.09,305.94,311.0,89325.06407
2020-07-27 00:00:00,311.02,329.3,310.9,324.93,372904.76432
2020-07-27 04:00:00,324.9,327.91,319.51,320.15,182441.61536
2020-07-27 08:00:00,320.11,326.0,316.79,325.0,191932.96854
2020-07-27 12:00:00,325.0,326.75,310.78,313.16,326975.32711
2020-07-27 16:00:00,313.16,325.0,312.84,324.21,271738.78617
2020-07-27 20:00:00,324.19,333.31,315.89,321.93,290128.88577
2020-07-28 00:00:00,321.95,326.8,316.1,319.23,175078.36922
2020-07-28 04:00:00,319.21,321.53,315.0,315.73,133399.48575
2020-07-28 08:00:00,315.72,317.93,305.86,316.98,289102.04833
2020-07-28 12:00:00,316.97,321.98,312.03,321.7,218852.40876
2020-07-28 16:00:00,321.7,323.5,313.53,318.33,184690.99204
2020-07-28 20:00:00,318.33,321.73,315.58,316.77,92108.25168
2020-07-29 00:00:00,316.77,318.82,312.38,316.48,98215.39556
2020-07-29 04:00:00,316.48,322.76,314.12,321.11,155834.61266
2020-07-29 08:00:00,321.1,325.0,319.25,323.08,170870.24939
2020-07-29 12:00:00,323.07,325.0,318.0,321.51,151959.62264
2020-07-29 16:00:00,321.51,323.45,319.76,321.67,108197.17235
2020-07-29 20:00:00,321.68,323.5,315.6,317.71,107725.26888
2020-07-30 00:00:00,317.76,319.46,315.25,316.1,113101.35113
2020-07-30 04:00:00,316.09,320.17,314.05,318.99,113248.58554
2020-07-30 08:00:00,319.02,320.07,316.54,317.85,80076.10893
2020-07-30 12:00:00,317.84,319.86,315.4,319.21,129059.66484
2020-07-30 16:00:00,319.18,335.58,318.0,333.25,351523.43817
2020-07-30 20:00:00,333.28,342.0,333.03,334.87,221818.41837
2020-07-31 00:00:00,334.82,336.58,328.4,329.05,102531.92671
2020-07-31 04:00:00,329.03,338.38,328.67,336.81,124543.06813
2020-07-31 08:00:00,336.8,346.71,335.78,343.86,221284.30299
2020-07-31 12:00:00,343.85,347.61,338.71,344.38,221106.74875
2020-07-31 16:00:00,344.38,345.91,340.32,343.71,144777.97765
2020-07-31 20:00:00,343.72,349.45,342.6,346.33,133844.42559
2020-08-01 00:00:00,346.32,352.85,343.07,352.26,161693.03638
2020-08-01 04:00:00,352.26,358.33,350.5,354.99,217640.42702
2020-08-01 08:00:00,354.99,360.52,352.0,356.13,188942.74454
2020-08-01 12:00:00,356.13,358.0,352.79,357.89,111660.49627
2020-08-01 16:00:00,357.9,388.8,357.48,383.3,513086.77817
2020-08-01 20:00:00,383.35,392.67,378.08,387.0,247819.85965
2020-08-02 00:00:00,387.01,408.0,385.6,407.41,304704.03588
2020-08-02 04:00:00,407.35,415.85,325.0,380.21,825067.58448
2020-08-02 08:00:00,380.29,381.5,354.32,361.55,378184.27815
2020-08-02 12:00:00,361.64,372.44,357.5,368.13,268495.07727
2020-08-02 16:00:00,368.18,388.61,367.88,379.22,361903.71269
2020-08-02 20:00:00,379.2,381.3,368.1,372.42,186554.40769
2020-08-03 00:00:00,372.45,385.82,366.5,379.62,187071.32251
2020-08-03 04:00:00,379.62,387.2,379.15,384.65,117775.16169
2020-08-03 08:00:00,384.64,392.66,380.22,390.93,203592.73724
2020-08-03 12:00:00,390.97,398.0,386.55,393.67,277085.57663
2020-08-03 16:00:00,393.66,397.96,389.01,393.57,207949.56384
2020-08-03 20:00:00,393.57,394.55,379.91,385.94,198090.73198
2020-08-04 00:00:00,385.91,402.98,385.77,391.08,302264.29696
2020-08-04 04:00:00,391.07,395.6,388.52,394.73,137414.40814
2020-08-04 08:00:00,394.71,397.21,381.58,385.8,248096.76779
2020-08-04 12:00:00,385.8,391.67,380.77,390.3,251581.05153
2020-08-04 16:00:00,390.31,392.55,385.18,386.61,124065.48211
2020-08-04 20:00:00,386.61,393.95,386.61,389.61,117370.41726
2020-08-05 00:00:00,389.59,392.0,384.11,389.39,121175.78179
2020-08-05 04:00:00,389.39,394.0,387.08,390.04,150310.96191
2020-08-05 08:00:00,390.05,397.75,388.7,397.35,192508.05896
2020-08-05 12:00:00,397.34,401.43,390.22,395.3,260260.02759
2020-08-05 16:00:00,395.3,402.0,393.6,398.56,172677.47663
2020-08-05 20:00:00,398.56,407.0,391.0,400.72,227186.76032
2020-08-06 00:00:00,400.72,403.66,394.58,395.23,143325.02209
2020-08-06 04:00:00,395.27,397.11,392.3,394.9,115969.44112
2020-08-06 08:00:00,394.91,397.9,393.11,394.5,117216.18299
2020-08-06 12:00:00,394.51,400.87,394.34,399.15,186191.4152
2020-08-06 16:00:00,399.18,400.09,394.33,396.73,138418.67007
2020-08-06 20:00:00,396.72,398.1,390.51,394.77,120258.3525
2020-08-07 00:00:00,394.77,398.26,393.74,395.43,87458.02135
2020-08-07 04:00:00,395.45,396.2,393.21,394.13,69150.18619
2020-08-07 08:00:00,394.14,397.43,392.17,394.13,110397.69887
2020-08-07 12:00:00,394.11,395.54,376.75,385.49,226583.73175
2020-08-07 16:00:00,385.47,386.89,362.85,374.36,439164.07288
2020-08-07 20:00:00,374.36,383.23,373.06,379.34,108453.64842
2020-08-08 00:00:00,379.34,382.73,375.79,378.01,85569.18678
2020-08-08 04:00:00,378.01,381.56,377.13,379.97,58069.07853
2020-08-08 08:00:00,379.96,392.23,377.95,391.61,134430.48152
2020-08-08 12:00:00,391.62,393.22,387.56,390.46,126405.77167
2020-08-08 16:00:00,390.47,392.55,385.79,389.26,124513.0315
2020-08-08 20:00:00,389.26,397.05,386.52,397.03,94042.23053
2020-08-09 00:00:00,397.05,400.0,392.77,394.87,150999.82845
2020-08-09 04:00:00,394.86,395.72,392.3,395.34,61359.93827
2020-08-09 08:00:00,395.34,396.37,383.36,391.89,116537.84893
2020-08-09 12:00:00,391.88,391.9,384.0,386.66,106859.45849
2020-08-09 16:00:00,386.64,391.38,384.34,389.48,87802.92103
2020-08-09 20:00:00,389.48,394.3,387.2,390.14,71340.58616
2020-08-10 00:00:00,390.14,398.37,390.14,397.17,184015.06455
2020-08-10 04:00:00,397.18,399.18,393.02,395.02,144949.43933
2020-08-10 08:00:00,395.04,396.6,385.13,391.02,159726.4798
2020-08-10 12:00:00,391.01,397.0,390.33,396.79,131865.2188
2020-08-10 16:00:00,396.78,398.6,393.0,395.55,133992.91877
2020-08-10 20:00:00,395.57,396.73,391.56,395.44,72420.78508
2020-08-11 00:00:00,395.43,398.21,392.7,394.17,109477.06011
2020-08-11 04:00:00,394.17,396.35,388.68,390.98,118516.07244
2020-08-11 08:00:00,390.98,392.4,387.41,391.49,109918.02048
2020-08-11 12:00:00,391.46,391.46,377.4,382.28,265943.76522
2020-08-11 16:00:00,382.26,386.56,376.24,380.53,163004.66606
2020-08-11 20:00:00,380.53,381.9,367.0,379.0,225553.01799
2020-08-12 00:00:00,378.99,380.53,372.38,377.38,119271.24829
2020-08-12 04:00:00,377.36,380.68,365.85,379.09,174688.78478
2020-08-12 08:00:00,379.1,384.8,377.45,381.72,141506.9891
2020-08-12 12:00:00,381.72,386.99,379.74,385.01,121648.70999
2020-08-12 16:00:00,385.09,388.85,380.06,386.93,121529.11201
2020-08-12 20:00:00,386.97,389.23,382.41,387.18,73203.95413
2020-08-13 00:00:00,387.18,394.9,386.48,394.54,178656.07296
2020-08-13 04:00:00,394.54,396.1,388.81,389.55,137494.1244
2020-08-13 08:00:00,389.55,397.5,376.59,393.79,337292.66499
2020-08-13 12:00:00,393.85,395.26,384.38,392.59,193794.10891
2020-08-13 16:00:00,392.57,395.0,387.66,393.77,96841.85141
2020-08-13 20:00:00,393.78,431.49,393.78,424.54,567251.95053
2020-08-14 00:00:00,424.54,430.0,417.05,421.05,217792.64232
2020-08-14 04:00:00,421.02,425.33,418.87,422.22,148572.14511
2020-08-14 08:00:00,422.2,428.68,421.4,428.04,164632.00356
2020-08-14 12:00:00,428.02,437.45,422.03,436.4,186077.87385
2020-08-14 16:00:00,436.5,444.71,433.74,440.84,284931.74635
2020-08-14 20:00:00,440.85,442.4,434.44,438.11,107664.53205
2020-08-15 00:00:00,438.12,442.94,435.45,439.12,107238.31961
2020-08-15 04:00:00,439.13,440.26,435.5,437.02,86013.2131
2020-08-15 08:00:00,437.07,438.65,427.02,434.13,135306.61322
2020-08-15 12:00:00,434.13,438.0,428.37,435.59,165227.76039
2020-08-15 16:00:00,435.59,439.1,431.87,431.9,89135.57674
2020-08-15 20:00:00,431.92,435.66,428.56,432.32,98777.11404
2020-08-16 00:00:00,432.3,433.3,421.48,426.75,115650.86146
2020-08-16 04:00:00,426.75,429.65,425.66,426.65,62273.51376
2020-08-16 08:00:00,426.64,428.16,416.25,417.86,144859.05462
2020-08-16 12:00:00,417.84,432.04,412.47,430.34,185561.96967
2020-08-16 16:00:00,430.33,436.99,428.64,429.27,124478.97885
2020-08-16 20:00:00,429.26,434.74,426.52,433.62,83841.87422
2020-08-17 00:00:00,433.61,435.0,421.56,425.66,120934.72889
2020-08-17 04:00:00,425.7,426.35,420.37,423.6,85932.83975
2020-08-17 08:00:00,423.6,429.96,423.26,428.14,110710.50448
2020-08-17 12:00:00,428.15,440.88,422.35,440.87,264707.07177
2020-08-17 16:00:00,440.87,446.0,434.84,437.37,181543.58908
2020-08-17 20:00:00,437.39,439.85,428.0,430.89,105041.91599
2020-08-18 00:00:00,430.89,433.81,427.74,429.94,105149.91469
2020-08-18 04:00:00,429.93,430.58,426.18,429.5,89102.42681
2020-08-18 08:00:00,429.5,431.92,426.88,426.99,96631.49921
2020-08-18 12:00:00,427.0,430.3,415.0,420.12,257227.26624
2020-08-18 16:00:00,420.13,426.44,416.83,423.73,116338.07364
2020-08-18 20:00:00,423.73,429.28,421.52,421.95,78805.38959
2020-08-19 00:00:00,421.92,426.75,415.02,415.66,103538.93451
2020-08-19 04:00:00,415.66,417.01,402.0,413.4,275843.98004
2020-08-19 08:00:00,413.37,416.23,408.61,413.02,126274.31766
2020-08-19 12:00:00,412.98,415.34,406.07,409.59,118218.73266
2020-08-19 16:00:00,409.59,412.0,395.0,396.0,209312.6965
2020-08-19 20:00:00,395.89,408.93,393.25,407.46,145151.03084
2020-08-20 00:00:00,407.46,415.27,406.32,406.96,97882.90315
2020-08-20 04:00:00,406.97,409.21,402.07,404.3,91613.74895
2020-08-20 08:00:00,404.3,411.89,403.22,411.45,90077.38343
2020-08-20 12:00:00,411.47,416.09,408.41,415.37,157217.95436
2020-08-20 16:00:00,415.36,417.99,413.57,414.23,145512.57557
2020-08-20 20:00:00,414.24,418.98,413.77,415.94,81251.16899
2020-08-21 00:00:00,415.94,418.68,409.5,415.95,113392.14885
2020-08-21 04:00:00,415.95,416.62,411.7,412.8,93865.73332
2020-08-21 08:00:00,412.81,412.81,403.93,405.33,138877.24579
2020-08-21 12:00:00,405.31,407.91,399.44,404.27,165594.49178
2020-08-21 16:00:00,404.21,406.7,394.0,397.51,164352.62373
2020-08-21 20:00:00,397.57,401.5,385.1,387.97,184916.48213
2020-08-22 00:00:00,387.93,388.31,379.92,385.39,168954.56448
2020-08-22 04:00:00,385.39,392.5,381.58,391.11,104645.99659
2020-08-22 08:00:00,391.1,395.29,388.2,389.97,102213.33423
2020-08-22 12:00:00,390.0,393.6,388.6,390.31,108275.78459
2020-08-22 16:00:00,390.33,391.87,388.29,389.28,76876.24282
2020-08-22 20:00:00,389.29,397.04,387.33,395.24,82269.84272
2020-08-23 00:00:00,395.23,396.95,388.69,389.85,82440.54413
2020-08-23 04:00:00,389.85,392.49,387.35,390.93,56972.73273
2020-08-23 08:00:00,390.94,391.33,383.15,383.92,98363.19246
2020-08-23 12:00:00,383.99,392.97,383.29,392.61,91181.68067
2020-08-23 16:00:00,392.66,394.43,388.84,393.96,65528.87035
2020-08-23 20:00:00,393.96,395.25,390.35,390.71,50830.79955
2020-08-24 00:00:00,390.72,393.97,387.44,393.24,80958.98067
2020-08-24 04:00:00,393.22,398.97,391.56,398.44,120554.83881
2020-08-24 08:00:00,398.48,408.5,398.43,406.97,170968.15652
2020-08-24 12:00:00,406.93,408.53,400.8,403.1,110518.8148
2020-08-24 16:00:00,403.1,405.63,398.08,403.52,105834.01066
2020-08-24 20:00:00,403.52,410.42,400.94,407.68,128569.01731
2020-08-25 00:00:00,407.68,409.06,400.34,401.43,85591.93576
2020-08-25 04:00:00,401.42,403.47,392.0,395.3,122154.64733
2020-08-25 08:00:00,395.3,398.87,389.61,395.26,123150.2089
2020-08-25 12:00:00,395.27,395.27,380.4,385.56,252223.34039
2020-08-25 16:00:00,385.56,386.77,370.0,379.41,302230.35468
2020-08-25 20:00:00,379.41,384.87,375.64,382.93,85094.89689
2020-08-26 00:00:00,382.91,387.95,377.45,386.29,113642.11415
2020-08-26 04:00:00,386.29,387.69,379.3,381.39,110138.96121
2020-08-26 08:00:00,381.39,385.78,380.15,382.43,107133.61626
2020-08-26 12:00:00,382.43,390.0,377.37,389.86,207167.3751
2020-08-26 16:00:00,389.86,392.91,386.18,387.02,116827.05131
2020-08-26 20:00:00,387.0,390.77,385.22,385.81,83781.66137
2020-08-27 00:00:00,385.81,389.13,382.8,384.1,99674.83599
2020-08-27 04:00:00,384.1,386.69,380.55,385.89,87535.33388
2020-08-27 08:00:00,385.88,388.1,382.0,382.0,115506.59765
2020-08-27 12:00:00,382.01,397.1,380.95,383.79,270357.39882
2020-08-27 16:00:00,383.75,386.7,371.48,377.81,224449.11627
2020-08-27 20:00:00,377.81,383.65,376.66,383.27,80240.45397
2020-08-28 00:00:00,383.31,388.65,379.75,387.39,113699.15194
2020-08-28 04:00:00,387.39,391.75,386.2,387.28,111404.74194
2020-08-28 08:00:00,387.3,394.14,386.25,393.68,137929.62554
2020-08-28 12:00:00,393.68,397.0,389.68,396.23,149335.07677
2020-08-28 16:00:00,396.23,398.0,392.7,395.94,136576.04272
2020-08-28 20:00:00,395.93,396.39,390.85,395.11,83656.83014
2020-08-29 00:00:00,395.1,395.94,391.88,394.38,83468.80175
2020-08-29 04:00:00,394.37,404.15,393.23,403.32,127638.93721
2020-08-29 08:00:00,403.32,404.22,396.29,397.75,135824.3097
2020-08-29 12:00:00,397.76,403.2,395.72,402.47,108670.7863
2020-08-29 16:00:00,402.49,405.69,400.72,402.81,115319.40709
2020-08-29 20:00:00,402.8,405.57,398.3,398.65,88880.39139
2020-08-30 00:00:00,398.65,407.0,398.3,404.91,127874.661
2020-08-30 04:00:00,404.93,406.1,402.85,405.39,87819.63872
2020-08-30 08:00:00,405.39,407.65,402.8,406.66,104395.31222
2020-08-30 12:00:00,406.66,418.63,404.83,416.81,224148.3281
2020-08-30 16:00:00,416.81,427.9,415.06,425.07,205484.165
2020-08-30 20:00:00,425.06,429.89,420.38,428.94,145257.61284
2020-08-31 00:00:00,428.94,430.55,423.83,425.05,129932.18361
2020-08-31 04:00:00,425.05,427.99,418.04,420.92,145991.18637
2020-08-31 08:00:00,420.92,434.78,418.56,432.37,199094.82191
2020-08-31 12:00:00,432.36,439.0,430.7,434.14,248940.79645
2020-08-31 16:00:00,434.15,438.7,431.3,436.75,150078.26641
2020-08-31 20:00:00,436.73,438.35,428.9,433.79,166711.43406
2020-09-01 00:00:00,433.8,444.4,429.03,443.64,224617.28224
2020-09-01 04:00:00,443.63,466.68,442.1,463.4,416518.5283
2020-09-01 08:00:00,463.4,473.46,456.77,468.5,304955.18355
2020-09-01 12:00:00,468.54,486.05,460.55,481.96,348011.6464
2020-09-01 16:00:00,481.92,483.16,473.63,475.71,246008.61636
2020-09-01 20:00:00,475.7,488.84,471.18,475.4,211243.32034
2020-09-02 00:00:00,475.4,478.9,464.85,470.01,233040.95474
2020-09-02 04:00:00,470.01,481.39,465.98,466.97,214431.80338
2020-09-02 08:00:00,466.98,472.0,420.0,441.88,531107.85036
2020-09-02 12:00:00,441.85,448.29,426.0,432.49,458891.35693
2020-09-02 16:00:00,432.5,437.55,421.0,435.71,300262.50774
2020-09-02 20:00:00,435.71,444.99,430.96,439.5,142907.99538
2020-09-03 00:00:00,439.5,450.7,437.55,442.71,214378.42437
2020-09-03 04:00:00,442.71,445.59,423.7,436.89,336789.17456
2020-09-03 08:00:00,436.9,438.76,421.0,422.65,284183.41169
2020-09-03 12:00:00,422.68,425.65,391.01,403.64,717046.96536
2020-09-03 16:00:00,403.56,407.72,391.42,401.47,466464.41992
2020-09-03 20:00:00,401.43,407.53,372.0,381.4,389706.94561
2020-09-04 00:00:00,381.35,391.48,373.71,383.25,357264.62513
2020-09-04 04:00:00,383.25,388.87,375.0,386.01,206688.31634
2020-09-04 08:00:00,386.0,400.21,385.85,394.63,285337.86263
2020-09-04 12:00:00,394.63,398.7,357.0,384.34,515383.04921
2020-09-04 16:00:00,384.34,392.59,376.27,391.24,295850.63657
2020-09-04 20:00:00,391.27,393.1,384.19,385.26,145963.73486
2020-09-05 00:00:00,385.3,395.0,384.18,387.19,179745.09461
2020-09-05 04:00:00,387.19,389.38,378.31,380.61,172979.40743
2020-09-05 08:00:00,380.6,380.6,347.42,356.01,503963.27841
2020-09-05 12:00:00,356.05,360.65,335.01,357.31,580513.15343
2020-09-05 16:00:00,357.31,359.58,308.42,323.31,895149.23799
2020-09-05 20:00:00,323.31,337.9,316.24,335.01,444816.34202
2020-09-06 00:00:00,335.04,343.08,322.35,327.85,340008.69546
2020-09-06 04:00:00,327.88,342.39,316.1,340.03,344914.83557
2020-09-06 08:00:00,340.0,356.0,336.38,354.6,458948.73714
2020-09-06 12:00:00,354.58,358.5,337.0,344.49,357845.82427
2020-09-06 16:00:00,344.49,355.55,340.68,353.45,283116.83992
2020-09-06 20:00:00,353.44,360.0,348.2,352.8,232976.21485
2020-09-07 00:00:00,352.85,358.51,344.27,348.25,198402.75768
2020-09-07 04:00:00,348.22,351.39,338.15,343.5,257526.84784
2020-09-07 08:00:00,343.51,349.54,332.55,335.72,323773.69127
2020-09-07 12:00:00,335.77,347.39,323.0,346.19,532644.32358
2020-09-07 16:00:00,346.14,353.15,344.36,345.94,256614.78039
2020-09-07 20:00:00,345.94,355.42,342.2,353.59,171656.02386
2020-09-08 00:00:00,353.59,356.58,347.05,348.8,159946.49162
2020-09-08 04:00:00,348.79,350.5,343.86,346.74,164574.17935
2020-09-08 08:00:00,346.74,350.96,330.2,333.77,305105.9836
2020-09-08 12:00:00,333.75,345.0,331.83,341.27,331794.05222
2020-09-08 16:00:00,341.34,346.38,332.5,334.42,204057.30493
2020-09-08 20:00:00,334.52,341.38,325.38,337.39,234768.8179
2020-09-09 00:00:00,337.41,341.76,330.51,333.95,125985.53962
2020-09-09 04:00:00,333.97,342.84,332.28,342.4,114270.69826
2020-09-09 08:00:00,342.35,350.0,339.67,347.56,164995.14788
2020-09-09 12:00:00,347.59,354.85,344.86,352.46,202258.44952
2020-09-09 16:00:00,352.48,359.0,348.55,355.97,168709.01858
2020-09-09 20:00:00,355.99,357.11,350.21,350.85,103541.70869
2020-09-10 00:00:00,350.85,371.5,349.91,370.21,231798.95675
2020-09-10 04:00:00,370.36,375.48,361.37,363.83,204792.28554
2020-09-10 08:00:00,363.94,368.34,360.0,365.41,175631.77137
2020-09-10 12:00:00,365.41,377.25,365.05,370.91,269060.80612
2020-09-10 16:00:00,370.96,373.1,361.41,363.21,162353.76471
2020-09-10 20:00:00,363.19,369.3,362.75,367.93,90650.02688
2020-09-11 00:00:00,367.93,372.0,356.61,357.05,148377.25935
2020-09-11 04:00:00,357.03,364.31,355.49,362.3,143354.12233
2020-09-11 08:00:00,362.29,368.69,361.0,362.31,157613.74789
2020-09-11 12:00:00,362.3,370.82,361.38,369.94,158985.28169
2020-09-11 16:00:00,369.93,372.64,364.75,368.84,119961.86322
2020-09-11 20:00:00,368.8,375.27,367.81,373.63,115725.32518
2020-09-12 00:00:00,373.62,374.54,367.55,369.26,105271.07834
2020-09-12 04:00:00,369.26,372.27,364.73,368.41,99812.99223
2020-09-12 08:00:00,368.39,372.0,366.0,370.82,104076.78248
2020-09-12 12:00:00,370.79,374.8,365.99,373.2,138673.28084
2020-09-12 16:00:00,373.23,385.36,371.82,384.67,205188.55732
2020-09-12 20:00:00,384.68,388.57,381.74,387.78,113519.62514
2020-09-13 00:00:00,387.78,389.4,382.0,388.71,119031.68395
2020-09-13 04:00:00,388.72,390.43,385.62,387.29,102207.76371
2020-09-13 08:00:00,387.3,388.8,371.22,372.05,220805.82189
2020-09-13 12:00:00,372.05,373.0,359.74,360.75,234407.24199
2020-09-13 16:00:00,360.76,363.74,353.57,363.02,208116.84207
2020-09-13 20:00:00,363.04,366.84,350.0,366.42,104626.33686
2020-09-14 00:00:00,366.43,367.8,355.73,365.34,146591.27446
2020-09-14 04:00:00,365.34,370.25,362.11,369.38,132926.90082
2020-09-14 08:00:00,369.36,370.37,361.59,369.0,162099.34682
2020-09-14 12:00:00,368.99,384.0,366.92,383.11,282208.71175
2020-09-14 16:00:00,383.11,384.64,370.57,374.5,211844.72676
2020-09-14 20:00:00,374.51,379.67,371.04,377.12,106388.66204
2020-09-15 00:00:00,377.12,382.47,374.18,376.25,145342.78332
2020-09-15 04:00:00,376.2,377.17,372.0,375.59,97211.28329
2020-09-15 08:00:00,375.59,379.0,367.61,376.54,180466.89784
2020-09-15 12:00:00,376.55,378.49,363.01,366.0,241831.33803
2020-09-15 16:00:00,366.0,369.13,362.34,364.66,122838.04268
2020-09-15 20:00:00,364.56,369.27,362.88,364.06,96165.98489
2020-09-16 00:00:00,364.05,364.67,355.0,359.49,174157.95816
2020-09-16 04:00:00,359.47,366.49,358.71,365.63,144072.58086
2020-09-16 08:00:00,365.65,366.25,360.91,364.63,124395.36496
2020-09-16 12:00:00,364.62,370.96,362.88,370.51,166188.34839
2020-09-16 16:00:00,370.52,373.45,364.61,365.28,155110.0675
2020-09-16 20:00:00,365.28,368.9,363.61,365.11,77785.66952
2020-09-17 00:00:00,365.04,385.0,363.3,377.03,340696.91599
2020-09-17 04:00:00,377.03,382.71,376.26,379.9,178386.62988
2020-09-17 08:00:00,379.91,384.22,374.61,383.08,187307.52771
2020-09-17 12:00:00,383.08,383.77,375.83,380.22,208306.49652
2020-09-17 16:00:00,380.22,390.0,378.53,389.21,188641.7135
2020-09-17 20:00:00,389.22,394.14,386.6,389.36,152961.1274
2020-09-18 00:00:00,389.35,392.58,385.31,387.33,126561.51174
2020-09-18 04:00:00,387.32,388.8,382.26,386.1,147167.95485
2020-09-18 08:00:00,386.1,388.74,384.02,385.36,119500.96998
2020-09-18 12:00:00,385.43,387.08,379.76,382.19,143692.9271
2020-09-18 16:00:00,382.18,384.07,375.33,378.92,175012.43738
2020-09-18 20:00:00,378.9,384.7,377.97,384.39,92258.67114
2020-09-19 00:00:00,384.4,385.3,381.33,382.87,79277.69695
2020-09-19 04:00:00,382.84,383.26,377.67,377.77,88889.35602
2020-09-19 08:00:00,377.76,387.73,377.0,386.71,120807.18127
2020-09-19 12:00:00,386.71,388.72,383.25,384.59,104429.92537
2020-09-19 16:00:00,384.59,386.6,381.57,384.82,106363.87452
2020-09-19 20:00:00,384.82,386.16,383.0,385.25,71140.3014
2020-09-20 00:00:00,385.25,385.45,379.42,381.39,102931.48607
2020-09-20 04:00:00,381.38,382.15,379.93,380.9,70222.74831
2020-09-20 08:00:00,380.88,382.15,377.24,379.45,82017.345
2020-09-20 12:00:00,379.51,379.64,370.15,370.75,178282.97668
2020-09-20 16:00:00,370.74,373.39,365.0,371.23,148811.78358
2020-09-20 20:00:00,371.23,372.38,366.09,371.04,110898.0618
2020-09-21 00:00:00,371.04,376.8,368.62,374.87,105497.40299
2020-09-21 04:00:00,374.89,375.51,369.5,369.78,101720.03799
2020-09-21 08:00:00,369.79,370.87,349.05,352.49,342910.46799
2020-09-21 12:00:00,352.48,352.48,331.0,340.22,408783.6392
2020-09-21 16:00:00,340.21,346.12,336.25,345.42,176083.73885
2020-09-21 20:00:00,345.42,350.0,339.71,340.36,148950.74396
2020-09-22 00:00:00,340.31,345.52,337.44,343.41,147445.95325
2020-09-22 04:00:00,343.37,346.78,335.34,336.12,176346.26008
2020-09-22 08:00:00,336.11,342.85,336.01,339.58,154037.12004
2020-09-22 12:00:00,339.58,344.44,336.55,341.23,161961.12797
2020-09-22 16:00:00,341.25,344.44,340.56,343.58,99953.94067
2020-09-22 20:00:00,343.55,346.91,340.36,344.21,102986.72677
2020-09-23 00:00:00,344.18,344.65,340.79,341.06,87793.84659
2020-09-23 04:00:00,341.01,341.82,333.07,335.72,150151.49961
2020-09-23 08:00:00,335.69,340.49,334.18,338.71,124198.94738
2020-09-23 12:00:00,338.72,343.45,337.54,338.53,142441.87885
2020-09-23 16:00:00,338.53,341.46,325.81,327.69,178188.04175
2020-09-23 20:00:00,327.69,329.11,313.29,320.72,258130.28338
2020-09-24 00:00:00,320.72,326.66,316.67,324.95,155450.93195
2020-09-24 04:00:00,324.88,329.17,323.61,328.0,122344.29287
2020-09-24 08:00:00,327.99,340.84,325.0,338.18,208325.28775
2020-09-24 12:00:00,338.18,345.0,332.99,344.54,230447.85299
2020-09-24 16:00:00,344.49,349.48,343.13,345.99,204183.10141
2020-09-24 20:00:00,345.97,353.1,344.6,348.97,150953.63024
2020-09-25 00:00:00,348.97,350.42,344.5,344.91,134019.70642
2020-09-25 04:00:00,344.91,346.19,339.8,343.0,147859.46762
2020-09-25 08:00:00,343.01,344.74,337.58,343.69,160284.43388
2020-09-25 12:00:00,343.69,348.61,340.65,347.12,158460.63296
2020-09-25 16:00:00,347.14,355.4,345.0,353.87,148604.4166
2020-09-25 20:00:00,353.87,358.0,350.08,351.92,111415.12176
2020-09-26 00:00:00,351.93,353.94,349.67,350.8,75085.6634
2020-09-26 04:00:00,350.8,356.4,348.97,350.82,108788.80324
2020-09-26 08:00:00,350.82,352.96,347.6,351.72,117766.23579
2020-09-26 12:00:00,351.7,354.72,345.88,352.34,101681.25147
2020-09-26 16:00:00,352.34,355.9,350.42,352.39,74451.47449
2020-09-26 20:00:00,352.38,355.45,350.95,353.92,53105.77916
2020-09-27 00:00:00,353.95,362.0,353.52,359.42,140577.22511
2020-09-27 04:00:00,359.39,362.14,352.5,354.34,117406.93156
2020-09-27 08:00:00,354.34,354.34,348.85,349.18,94056.85425
2020-09-27 12:00:00,349.2,356.71,347.24,355.58,91237.81729
2020-09-27 16:00:00,355.58,357.15,351.5,354.09,77837.90916
2020-09-27 20:00:00,354.11,357.8,352.25,357.49,48451.81304
2020-09-28 00:00:00,357.58,360.69,356.68,358.05,132372.33588
2020-09-28 04:00:00,358.05,360.26,354.85,357.37,98201.85124
2020-09-28 08:00:00,357.37,360.0,356.0,358.04,114013.79308
2020-09-28 12:00:00,358.05,367.16,357.0,364.9,187149.17622
2020-09-28 16:00:00,364.91,368.2,361.0,363.19,109633.72502
2020-09-28 20:00:00,363.2,363.99,351.7,353.96,116387.54896
2020-09-29 00:00:00,353.91,355.5,351.5,353.13,103355.70417
2020-09-29 04:00:00,353.16,356.08,350.45,355.02,95982.92796
2020-09-29 08:00:00,355.01,359.21,354.17,357.62,97993.99948
2020-09-29 12:00:00,357.64,359.73,354.57,355.3,102528.43255
2020-09-29 16:00:00,355.3,357.44,351.8,356.32,113921.37634
2020-09-29 20:00:00,356.32,360.63,356.32,359.79,71360.72842
2020-09-30 00:00:00,359.78,359.98,355.07,355.66,72914.18525
2020-09-30 04:00:00,355.68,356.72,353.5,355.05,81396.22171
2020-09-30 08:00:00,355.05,356.27,352.7,352.92,83288.22851
2020-09-30 12:00:00,352.97,358.0,351.56,357.31,100675.15841
2020-09-30 16:00:00,357.4,358.7,354.59,355.31,85907.86677
2020-09-30 20:00:00,355.37,361.5,354.99,359.83,74761.57161
2020-10-01 00:00:00,359.83,363.72,358.76,362.33,86848.55623
2020-10-01 04:00:00,362.33,364.05,360.2,363.93,70209.957
2020-10-01 08:00:00,363.97,370.45,362.88,368.59,120970.2423
2020-10-01 12:00:00,368.55,369.0,361.0,361.11,98242.61815
2020-10-01 16:00:00,361.11,361.11,345.51,353.18,307090.23351
2020-10-01 20:00:00,353.14,353.19,349.5,352.85,74987.7124
2020-10-02 00:00:00,352.83,353.91,350.01,353.23,61950.26433
2020-10-02 04:00:00,353.23,354.55,340.25,342.17,200801.77929
2020-10-02 08:00:00,342.2,343.5,334.24,337.13,179611.02039
2020-10-02 12:00:00,337.09,346.64,336.7,343.12,144787.15149
2020-10-02 16:00:00,343.16,345.52,341.46,343.35,82525.52334
2020-10-02 20:00:00,343.31,347.62,341.36,345.6,63896.10327
2020-10-03 00:00:00,345.6,349.2,343.7,348.06,50978.93024
2020-10-03 04:00:00,348.11,348.57,344.58,346.14,52462.66277
2020-10-03 08:00:00,346.11,349.92,344.4,347.57,55248.2466
2020-10-03 12:00:00,347.56,347.79,345.69,347.28,41372.84099
2020-10-03 16:00:00,347.27,351.0,346.64,350.06,58451.61923
2020-10-03 20:00:00,350.04,350.55,345.62,345.95,45081.41918
2020-10-04 00:00:00,345.94,347.23,343.81,345.85,49719.09016
2020-10-04 04:00:00,345.84,349.93,345.8,348.36,48297.91509
2020-10-04 08:00:00,348.36,349.51,345.55,347.79,44598.15266
2020-10-04 12:00:00,347.79,349.65,344.91,346.69,58437.39823
2020-10-04 16:00:00,346.69,354.45,346.44,352.86,92017.9805
2020-10-04 20:00:00,352.9,354.37,350.93,352.37,50862.38048
2020-10-05 00:00:00,352.34,356.1,351.12,352.01,69378.49133
2020-10-05 04:00:00,352.01,352.52,348.54,350.93,74988.34943
2020-10-05 08:00:00,350.92,352.62,349.65,350.56,57435.64555
2020-10-05 12:00:00,350.56,354.7,350.02,352.83,77059.59828
2020-10-05 16:00:00,352.84,354.08,349.51,351.53,58702.79641
2020-10-05 20:00:00,351.53,354.14,351.11,353.62,39175.42592
2020-10-06 00:00:00,353.63,355.1,351.74,353.58,49991.53995
2020-10-06 04:00:00,353.57,354.72,350.65,350.71,61905.89499
2020-10-06 08:00:00,350.69,352.7,343.6,346.12,111342.98409
2020-10-06 12:00:00,346.12,352.95,341.0,351.34,151797.9073
2020-10-06 16:00:00,351.35,352.23,339.5,340.38,161008.00395
2020-10-06 20:00:00,340.36,341.3,336.8,340.75,104016.93923
2020-10-07 00:00:00,340.8,340.86,332.18,336.85,127637.15081
2020-10-07 04:00:00,336.85,342.42,336.03,341.31,103528.06834
2020-10-07 08:00:00,341.31,342.21,337.0,339.24,69955.14306
2020-10-07 12:00:00,339.24,342.85,339.23,340.66,87070.69596
2020-10-07 16:00:00,340.67,342.82,337.16,340.96,115476.98751
2020-10-07 20:00:00,340.98,342.0,339.23,341.58,38260.81808
2020-10-08 00:00:00,341.58,342.44,338.22,339.2,56619.41208
2020-10-08 04:00:00,339.17,340.42,334.61,336.18,95739.74224
2020-10-08 08:00:00,336.21,339.44,334.21,337.64,92310.61554
2020-10-08 12:00:00,337.64,351.0,337.12,349.2,226746.46378
2020-10-08 16:00:00,349.19,352.5,348.91,351.26,98714.53714
2020-10-08 20:00:00,351.2,353.32,349.65,350.95,61664.10482
2020-10-09 00:00:00,350.94,351.63,348.13,349.94,69096.924
2020-10-09 04:00:00,349.94,350.82,347.32,350.55,67220.01047
2020-10-09 08:00:00,350.56,361.58,349.23,359.02,173012.99192
2020-10-09 12:00:00,359.02,365.68,358.19,365.13,160899.74038
2020-10-09 16:00:00,365.13,366.22,362.0,363.26,109954.61037
2020-10-09 20:00:00,363.28,368.33,362.49,365.02,70293.91624
2020-10-10 00:00:00,365.01,378.4,364.71,376.29,161748.76814
2020-10-10 04:00:00,376.29,376.95,373.62,374.87,88790.08872
2020-10-10 08:00:00,374.89,376.18,368.3,371.93,120302.47602
2020-10-10 12:00:00,371.93,375.93,370.69,372.78,89840.94584
2020-10-10 16:00:00,372.79,375.6,371.84,373.74,61532.15056
2020-10-10 20:00:00,373.74,375.45,369.42,370.52,68790.89201
2020-10-11 00:00:00,370.51,373.39,368.87,370.57,65183.49467
2020-10-11 04:00:00,370.61,373.61,369.41,372.13,43465.07357
2020-10-11 08:00:00,372.14,377.6,371.42,374.42,76745.1679
2020-10-11 12:00:00,374.44,376.2,371.03,375.13,76342.31367
2020-10-11 16:00:00,375.11,376.31,372.51,373.14,61314.65299
2020-10-11 20:00:00,373.12,374.86,371.33,374.16,50267.53499
2020-10-12 00:00:00,374.17,375.43,372.48,374.04,51510.84965
2020-10-12 04:00:00,374.03,375.26,370.36,374.14,100616.79487
2020-10-12 08:00:00,374.18,375.34,365.58,366.34,146037.50349
2020-10-12 12:00:00,366.35,387.17,365.9,385.56,280670.48604
2020-10-12 16:00:00,385.57,389.49,384.8,388.06,124101.19022
2020-10-12 20:00:00,388.06,394.8,384.72,386.51,141485.83017
2020-10-13 00:00:00,386.51,387.75,381.35,382.89,115806.46649
2020-10-13 04:00:00,382.89,385.98,380.59,382.86,91567.74296
2020-10-13 08:00:00,382.85,387.2,378.09,384.4,126244.06251
2020-10-13 12:00:00,384.42,385.28,374.51,379.14,176305.47556
2020-10-13 16:00:00,379.14,380.44,375.86,378.17,87207.07801
2020-10-13 20:00:00,378.17,382.99,377.97,381.04,48011.08841
2020-10-14 00:00:00,381.05,385.11,379.84,381.4,66984.93455
2020-10-14 04:00:00,381.4,383.19,380.0,382.26,69644.96135
2020-10-14 08:00:00,382.27,383.09,377.69,379.01,78652.41343
2020-10-14 12:00:00,379.01,387.41,375.0,375.84,162339.49714
2020-10-14 16:00:00,375.82,377.63,373.13,375.02,118888.82365
2020-10-14 20:00:00,375.02,379.63,374.66,378.69,73047.19924
2020-10-15 00:00:00,378.69,379.07,375.47,376.63,61774.0881
2020-10-15 04:00:00,376.64,380.95,375.36,378.78,73490.18792
2020-10-15 08:00:00,378.79,379.53,370.18,372.21,170216.57373
2020-10-15 12:00:00,372.21,377.59,369.85,376.62,141333.96417
2020-10-15 16:00:00,376.63,378.99,374.12,378.3,108678.03591
2020-10-15 20:00:00,378.3,381.79,376.31,377.64,78545.2447
2020-10-16 00:00:00,377.63,379.83,375.67,378.02,54346.51369
2020-10-16 04:00:00,377.99,378.01,365.0,368.8,218320.1816
2020-10-16 08:00:00,368.8,371.37,361.18,369.94,173728.49711
2020-10-16 12:00:00,369.94,370.28,365.42,367.09,87889.39562
2020-10-16 16:00:00,367.1,369.19,365.16,365.39,66473.29058
2020-10-16 20:00:00,365.31,367.27,364.05,365.5,53271.48544
2020-10-17 00:00:00,365.5,368.5,363.36,368.25,59264.65618
2020-10-17 04:00:00,368.28,369.2,366.95,367.79,37963.81731
2020-10-17 08:00:00,367.79,368.47,366.29,368.12,37951.58089
2020-10-17 12:00:00,368.11,370.46,364.4,367.69,79563.80098
2020-10-17 16:00:00,367.7,367.98,365.72,366.85,39359.20742
2020-10-17 20:00:00,366.83,368.84,365.82,368.32,31475.18259
2020-10-18 00:00:00,368.31,370.0,367.1,368.4,40715.49552
2020-10-18 04:00:00,368.39,374.39,368.12,373.96,73100.20955
2020-10-18 08:00:00,373.96,375.87,371.42,372.77,54172.79193
2020-10-18 12:00:00,372.78,377.3,372.67,375.69,68110.4811
2020-10-18 16:00:00,375.66,376.85,374.81,375.74,41634.60186
2020-10-18 20:00:00,375.72,378.64,374.98,378.11,45734.89099
2020-10-19 00:00:00,378.12,380.0,372.5,373.0,93611.42106
2020-10-19 04:00:00,372.97,375.72,372.73,375.03,57683.79133
2020-10-19 08:00:00,375.02,377.71,374.28,375.75,63807.0544
2020-10-19 12:00:00,375.75,383.95,375.55,383.53,171503.61697
2020-10-19 16:00:00,383.54,384.32,378.28,379.43,130489.46348
2020-10-19 20:00:00,379.43,380.04,376.4,379.3,60157.55541
2020-10-20 00:00:00,379.3,380.73,377.71,379.97,52670.22804
2020-10-20 04:00:00,379.96,380.09,374.5,375.41,86960.03357
2020-10-20 08:00:00,375.45,377.5,365.27,367.99,166670.25915
2020-10-20 12:00:00,367.98,373.22,366.85,371.04,147154.86402
2020-10-20 16:00:00,371.03,372.76,367.59,368.42,96580.44411
2020-10-20 20:00:00,368.43,370.52,366.5,368.52,67273.98788
2020-10-21 00:00:00,368.53,379.28,367.74,377.98,148649.00888
2020-10-21 04:00:00,377.95,382.42,377.47,379.13,149850.43301
2020-10-21 08:00:00,379.13,380.96,376.01,379.37,101544.33241
2020-10-21 12:00:00,379.37,392.0,377.43,391.9,318169.02057
2020-10-21 16:00:00,391.9,399.46,390.75,391.03,277373.50874
2020-10-21 20:00:00,390.99,401.49,388.33,390.38,226077.33423
2020-10-22 00:00:00,390.31,397.7,390.21,392.36,114664.19064
2020-10-22 04:00:00,392.36,396.51,391.6,395.09,99582.22089
2020-10-22 08:00:00,395.08,415.89,392.97,415.34,312893.57772
2020-10-22 12:00:00,415.34,416.88,407.68,414.5,191140.5203
2020-10-22 16:00:00,414.49,419.27,413.2,415.85,201240.64626
2020-10-22 20:00:00,415.85,420.73,411.15,413.98,176376.05086
2020-10-23 00:00:00,413.94,415.72,409.22,413.5,117635.53552
2020-10-23 04:00:00,413.47,416.86,411.91,412.84,106212.8825
2020-10-23 08:00:00,412.85,419.33,411.54,416.84,136575.58834
2020-10-23 12:00:00,416.83,418.71,410.69,412.0,132969.78479
2020-10-23 16:00:00,412.01,413.4,401.3,409.22,185005.89146
2020-10-23 20:00:00,409.22,410.11,407.3,409.11,49432.63979
2020-10-24 00:00:00,409.19,413.99,407.0,411.62,60211.5044
2020-10-24 04:00:00,411.63,413.23,409.52,410.17,47951.39056
2020-10-24 08:00:00,410.16,414.42,407.8,414.22,70347.87261
2020-10-24 12:00:00,414.24,416.66,410.7,414.0,106498.36241
2020-10-24 16:00:00,414.0,414.79,411.34,413.19,77342.89338
2020-10-24 20:00:00,413.2,413.43,408.0,412.14,56884.8477
2020-10-25 00:00:00,412.14,416.2,410.21,415.1,73334.26351
2020-10-25 04:00:00,415.05,417.4,405.0,409.55,128224.2939
2020-10-25 08:00:00,409.55,409.6,405.0,407.03,72254.90365
2020-10-25 12:00:00,407.08,409.19,405.5,406.01,54395.57083
2020-10-25 16:00:00,406.0,408.71,402.5,408.1,47604.11918
2020-10-25 20:00:00,408.1,408.73,404.41,405.86,39773.82503
2020-10-26 00:00:00,405.85,411.11,402.88,408.9,103124.90792
2020-10-26 04:00:00,408.91,409.16,404.35,404.99,100896.90906
2020-10-26 08:00:00,404.94,407.67,400.0,405.1,105766.52213
2020-10-26 12:00:00,405.11,407.0,391.5,393.62,214414.73046
2020-10-26 16:00:00,393.62,395.69,382.3,391.56,284998.58597
2020-10-26 20:00:00,391.5,394.43,389.9,392.52,85941.01712
2020-10-27 00:00:00,392.52,395.92,391.59,392.9,75515.17731
2020-10-27 04:00:00,392.91,395.07,392.08,394.2,61179.34713
2020-10-27 08:00:00,394.23,403.5,389.9,402.29,170258.0932
2020-10-27 12:00:00,402.29,406.79,400.54,405.96,177115.44412
2020-10-27 16:00:00,405.98,410.25,401.54,406.16,176249.19871
2020-10-27 20:00:00,406.17,406.69,401.27,403.45,93944.48067
2020-10-28 00:00:00,403.41,409.2,402.42,405.79,115032.52316
2020-10-28 04:00:00,405.8,407.21,394.23,396.93,130311.79798
2020-10-28 08:00:00,396.91,398.6,386.5,386.86,190800.74257
2020-10-28 12:00:00,386.81,392.0,380.52,387.54,216950.51748
2020-10-28 16:00:00,387.54,387.74,380.64,384.69,134779.10137
2020-10-28 20:00:00,384.71,390.15,382.52,388.23,67400.78626
2020-10-29 00:00:00,388.22,392.0,386.36,391.98,76203.96243
2020-10-29 04:00:00,391.98,392.27,386.86,387.21,68256.87738
2020-10-29 08:00:00,387.2,388.79,383.03,383.07,89738.58564
2020-10-29 12:00:00,383.08,392.68,380.52,390.68,155930.02191
2020-10-29 16:00:00,390.71,393.72,386.39,388.51,106422.04017
2020-10-29 20:00:00,388.5,389.84,383.46,387.13,76544.52663
2020-10-30 00:00:00,387.12,391.97,383.28,385.0,123119.40855
2020-10-30 04:00:00,385.0,386.63,375.06,378.72,220486.51947
2020-10-30 08:00:00,378.76,384.19,373.29,379.44,166000.87229
2020-10-30 12:00:00,379.44,382.36,376.87,382.17,121947.64214
2020-10-30 16:00:00,382.15,383.98,379.66,383.18,83810.97662
2020-10-30 20:00:00,383.14,384.78,381.17,382.49,56385.32839
2020-10-31 00:00:00,382.59,387.86,379.9,382.94,71764.35942
2020-10-31 04:00:00,382.93,385.39,380.93,384.03,40286.11438
2020-10-31 08:00:00,384.03,394.88,383.93,390.32,154912.24468
2020-10-31 12:00:00,390.31,393.12,387.21,390.1,86499.98091
2020-10-31 16:00:00,390.09,391.35,384.1,385.51,73387.98632
2020-10-31 20:00:00,385.51,388.66,384.69,386.46,40603.12479
2020-11-01 00:00:00,386.44,390.65,384.61,386.29,63025.8001
2020-11-01 04:00:00,386.29,389.03,384.64,388.94,45920.09329
2020-11-01 08:00:00,388.96,389.41,385.74,386.74,54332.10511
2020-11-01 12:00:00,386.75,390.2,386.1,388.42,87021.16737
2020-11-01 16:00:00,388.41,390.25,387.94,388.95,44060.49739
2020-11-01 20:00:00,388.91,398.29,388.85,396.67,144593.29239
2020-11-02 00:00:00,396.68,404.5,396.44,399.09,161151.04884
2020-11-02 04:00:00,399.09,400.66,397.1,399.26,81502.90963
2020-11-02 08:00:00,399.26,399.33,381.62,384.12,232189.00368
2020-11-02 12:00:00,384.06,387.19,377.92,385.09,159707.17695
2020-11-02 16:00:00,385.04,386.9,384.22,386.36,63776.35323
2020-11-02 20:00:00,386.38,388.63,381.2,383.02,81642.08724
2020-11-03 00:00:00,383.01,385.59,371.4,374.31,173860.30676
2020-11-03 04:00:00,374.3,376.18,370.23,375.52,110237.99461
2020-11-03 08:00:00,375.52,382.41,374.3,379.61,142130.71549
2020-11-03 12:00:00,379.57,384.98,377.65,381.46,134267.12829
2020-11-03 16:00:00,381.48,384.05,380.0,383.32,74357.24719
2020-11-03 20:00:00,383.27,390.0,380.98,387.88,118100.9788
2020-11-04 00:00:00,387.88,388.42,380.79,386.11,165139.3373
2020-11-04 04:00:00,386.1,386.44,376.47,378.27,134628.4772
2020-11-04 08:00:00,378.25,383.85,376.89,381.09,89156.01258
2020-11-04 12:00:00,381.16,384.6,379.11,383.74,108178.50461
2020-11-04 16:00:00,383.75,408.39,383.06,402.46,516411.42254
2020-11-04 20:00:00,402.5,404.81,397.72,402.49,143550.59653
2020-11-05 00:00:00,402.5,406.88,400.39,404.62,177672.11235
2020-11-05 04:00:00,404.64,405.81,400.33,402.83,173447.71156
2020-11-05 08:00:00,402.83,406.8,396.14,403.4,237009.11561
2020-11-05 12:00:00,403.4,415.35,400.0,414.18,437870.73496
2020-11-05 16:00:00,414.18,418.0,406.61,413.4,247903.18024
2020-11-05 20:00:00,413.39,420.4,411.63,416.69,201236.9187
2020-11-06 00:00:00,416.73,441.61,414.76,426.68,466361.42943
2020-11-06 04:00:00,426.69,436.18,426.59,435.97,195173.87235
2020-11-06 08:00:00,435.93,446.58,426.0,443.38,345191.92367
2020-11-06 12:00:00,443.39,446.37,430.14,435.23,278290.17703
2020-11-06 16:00:00,435.23,445.42,435.09,441.27,155929.42811
2020-11-06 20:00:00,441.27,458.27,436.93,455.91,241494.12967
2020-11-07 00:00:00,455.91,468.28,454.8,458.8,288042.0048
2020-11-07 04:00:00,458.81,461.4,455.95,456.31,134279.05218
2020-11-07 08:00:00,456.31,464.27,452.41,462.67,187814.57211
2020-11-07 12:00:00,462.66,465.16,438.2,447.88,397331.6875
2020-11-07 16:00:00,447.88,454.29,424.14,431.05,439065.96451
2020-11-07 20:00:00,431.04,439.6,426.0,435.21,206883.315
2020-11-08 00:00:00,435.2,443.3,431.99,438.0,129851.08815
2020-11-08 04:00:00,437.99,442.17,434.58,435.45,93457.38888
2020-11-08 08:00:00,435.43,446.42,435.43,445.24,120721.73671
2020-11-08 12:00:00,445.24,456.77,441.74,454.11,202993.95965
2020-11-08 16:00:00,454.11,460.1,447.64,452.11,191436.53236
2020-11-08 20:00:00,452.1,457.41,446.27,454.3,102447.76266
2020-11-09 00:00:00,454.29,457.86,450.79,451.64,111174.47596
2020-11-09 04:00:00,451.65,453.61,443.67,444.85,134045.35303
2020-11-09 08:00:00,444.8,459.1,440.5,458.25,190705.47245
2020-11-09 12:00:00,458.22,458.95,437.0,437.71,370181.30375
2020-11-09 16:00:00,437.71,447.5,433.09,446.5,179215.78605
2020-11-09 20:00:00,446.55,450.39,441.32,444.32,113890.85517
2020-11-10 00:00:00,444.32,450.0,438.7,449.29,134719.71361
2020-11-10 04:00:00,449.28,452.99,445.64,449.04,129639.29383
2020-11-10 08:00:00,449.04,455.0,444.55,447.48,188846.78878
2020-11-10 12:00:00,447.48,450.47,440.3,443.12,171522.47212
2020-11-10 16:00:00,443.08,449.24,441.86,448.08,124049.77195
2020-11-10 20:00:00,448.07,454.6,447.6,450.34,118094.37079
2020-11-11 00:00:00,450.34,466.41,449.28,463.12,322033.70183
2020-11-11 04:00:00,463.12,466.0,457.29,462.14,142203.62182
2020-11-11 08:00:00,462.15,464.2,455.31,460.0,175548.83905
2020-11-11 12:00:00,460.0,463.33,458.24,461.99,119376.68421
2020-11-11 16:00:00,462.0,476.25,461.99,468.46,302201.84109
2020-11-11 20:00:00,468.49,468.74,460.11,463.09,144418.15462
2020-11-12 00:00:00,463.09,464.17,451.2,457.87,176353.05226
2020-11-12 04:00:00,457.88,466.2,457.21,464.8,106245.55317
2020-11-12 08:00:00,464.8,470.0,455.6,459.95,253273.38191
2020-11-12 12:00:00,459.95,465.0,455.01,461.16,196111.10793
2020-11-12 16:00:00,461.16,461.36,452.18,456.98,149059.89026
2020-11-12 20:00:00,456.99,464.74,456.16,462.39,109733.64359
2020-11-13 00:00:00,462.48,467.18,461.29,463.95,150507.117
2020-11-13 04:00:00,463.96,465.05,457.12,460.21,115902.93156
2020-11-13 08:00:00,460.21,468.85,458.02,464.26,208199.66038
2020-11-13 12:00:00,464.24,474.27,462.91,469.33,225815.2815
2020-11-13 16:00:00,469.32,474.94,464.68,473.56,157481.0523
2020-11-13 20:00:00,473.57,478.01,469.5,476.43,118759.05478
2020-11-14 00:00:00,476.42,477.47,469.3,471.17,104667.88357
2020-11-14 04:00:00,471.18,471.55,465.02,467.08,118595.42136
2020-11-14 08:00:00,467.06,467.89,453.65,458.74,211444.3607
2020-11-14 12:00:00,458.72,462.42,456.61,458.77,110309.56342
2020-11-14 16:00:00,458.77,461.68,452.0,459.75,137017.93887
2020-11-14 20:00:00,459.75,463.47,458.0,460.89,53217.61748
2020-11-15 00:00:00,460.9,462.89,456.51,458.13,73688.8453
2020-11-15 04:00:00,458.13,461.78,456.63,460.8,63380.37243
2020-11-15 08:00:00,460.81,462.73,455.0,455.21,95717.58121
2020-11-15 12:00:00,455.21,459.49,454.3,456.25,95547.35231
2020-11-15 16:00:00,456.25,457.04,442.75,445.31,223711.5961
2020-11-15 20:00:00,445.31,451.02,440.19,448.08,113171.81936
2020-11-16 00:00:00,448.07,451.39,445.45,449.42,91245.88588
2020-11-16 04:00:00,449.42,456.4,448.66,454.57,128499.15934
2020-11-16 08:00:00,454.57,456.45,449.64,452.07,134988.29269
2020-11-16 12:00:00,452.07,460.8,451.09,459.4,145180.94365
2020-11-16 16:00:00,459.39,464.54,457.09,462.07,191570.32119
2020-11-16 20:00:00,462.13,466.0,456.63,460.55,120575.84363
2020-11-17 00:00:00,460.51,468.85,459.8,462.04,135945.81183
2020-11-17 04:00:00,462.04,466.4,461.3,465.98,98417.62182
2020-11-17 08:00:00,465.99,467.1,461.8,466.48,138878.71501
2020-11-17 12:00:00,466.48,474.12,465.05,473.66,258344.13411
2020-11-17 16:00:00,473.63,484.88,471.7,482.96,398852.98466
2020-11-17 20:00:00,483.07,484.28,476.21,482.15,121134.10713
2020-11-18 00:00:00,482.11,488.34,481.74,488.34,229200.30084
2020-11-18 04:00:00,488.33,495.31,456.6,477.32,509215.04787
2020-11-18 08:00:00,477.31,482.6,473.0,480.73,242809.04537
2020-11-18 12:00:00,480.73,480.74,463.5,473.99,258952.05411
2020-11-18 16:00:00,473.99,476.5,468.79,473.0,132874.4931
2020-11-18 20:00:00,472.99,480.59,469.31,478.41,104645.34987
2020-11-19 00:00:00,478.43,480.75,474.08,477.72,107664.61719
2020-11-19 04:00:00,477.72,477.99,470.5,471.76,114454.90973
2020-11-19 08:00:00,471.76,473.71,464.86,473.46,211557.80775
2020-11-19 12:00:00,473.47,478.44,472.0,475.52,195623.85841
2020-11-19 16:00:00,475.51,477.04,471.31,474.1,109922.77041
2020-11-19 20:00:00,474.07,476.52,468.63,471.25,78194.56336
2020-11-20 00:00:00,471.26,487.75,470.65,484.86,183680.54194
2020-11-20 04:00:00,484.87,493.98,481.5,491.47,252024.48383
2020-11-20 08:00:00,491.48,508.08,490.0,505.19,378408.12252
2020-11-20 12:00:00,505.19,511.1,500.0,504.73,324114.10708
2020-11-20 16:00:00,504.73,514.4,503.32,509.97,242617.23962
2020-11-20 20:00:00,509.99,512.42,503.62,510.12,135517.41237
2020-11-21 00:00:00,510.12,518.68,506.67,507.99,244914.88678
2020-11-21 04:00:00,508.0,512.37,502.82,510.25,148618.96182
2020-11-21 08:00:00,510.28,518.0,507.6,509.33,183027.04813
2020-11-21 12:00:00,509.33,539.57,506.45,537.1,397390.59141
2020-11-21 16:00:00,537.11,547.33,531.2,541.63,375134.21314
2020-11-21 20:00:00,541.62,553.32,535.64,552.35,199765.58939
2020-11-22 00:00:00,552.42,561.59,536.24,549.5,370766.26738
2020-11-22 04:00:00,549.38,549.82,533.2,542.32,176983.94492
2020-11-22 08:00:00,542.32,545.37,511.28,523.0,343116.7293
2020-11-22 12:00:00,523.01,535.15,519.82,534.39,248313.42499
2020-11-22 16:00:00,534.36,574.65,532.51,573.03,380989.3275
2020-11-22 20:00:00,573.03,580.88,555.0,560.03,330148.24172
2020-11-23 00:00:00,560.03,577.23,550.12,573.76,345826.20548
2020-11-23 04:00:00,573.79,587.73,572.01,580.85,327042.09809
2020-11-23 08:00:00,580.94,597.53,580.4,590.9,339326.74791
2020-11-23 12:00:00,590.9,606.35,575.39,589.9,554410.7185
2020-11-23 16:00:00,589.9,601.7,581.18,597.98,284198.58123
2020-11-23 20:00:00,597.99,610.85,592.83,608.58,225204.49725
2020-11-24 00:00:00,608.58,621.06,600.27,613.09,305751.14535
2020-11-24 04:00:00,613.06,619.78,585.0,604.88,350282.49862
2020-11-24 08:00:00,604.87,623.0,592.0,606.73,363859.99272
2020-11-24 12:00:00,606.72,607.37,592.47,606.96,277251.47373
2020-11-24 16:00:00,606.97,613.69,602.37,607.39,172740.14176
2020-11-24 20:00:00,607.34,612.85,596.99,604.97,136565.23975
2020-11-25 00:00:00,604.98,606.0,581.0,584.74,211408.4644
2020-11-25 04:00:00,584.61,596.59,579.34,592.82,193021.46714
2020-11-25 08:00:00,592.82,604.63,591.85,601.03,142867.94436
2020-11-25 12:00:00,601.03,603.43,590.0,593.67,195067.42176
2020-11-25 16:00:00,593.67,597.04,582.32,585.91,159713.53032
2020-11-25 20:00:00,585.91,588.99,553.83,569.5,317361.19929
2020-11-26 00:00:00,569.38,577.14,505.0,532.06,504675.63426
2020-11-26 04:00:00,532.06,536.88,508.5,516.01,434673.70797
2020-11-26 08:00:00,515.88,520.18,482.0,512.69,718107.48513
2020-11-26 12:00:00,512.69,526.32,500.79,508.0,370805.97036
2020-11-26 16:00:00,508.0,512.27,481.0,500.14,425386.63419
2020-11-26 20:00:00,500.16,523.38,499.92,519.83,229811.3098
2020-11-27 00:00:00,519.83,530.62,515.0,519.35,232621.32001
2020-11-27 04:00:00,519.34,529.0,515.05,517.48,151578.67882
2020-11-27 08:00:00,517.5,517.68,502.31,507.84,263668.21578
2020-11-27 12:00:00,507.84,516.33,494.1,496.33,186229.04194
2020-11-27 16:00:00,496.33,509.0,493.72,506.7,129290.94199
2020-11-27 20:00:00,506.7,518.76,504.46,518.68,124676.0826
2020-11-28 00:00:00,518.59,520.6,512.12,515.11,115435.58295
2020-11-28 04:00:00,515.11,516.34,509.36,514.07,89330.25553
2020-11-28 08:00:00,514.07,519.85,506.59,518.5,124430.69239
2020-11-28 12:00:00,518.5,533.68,516.0,533.51,210302.55666
2020-11-28 16:00:00,533.51,546.78,533.36,545.99,233598.47969
2020-11-28 20:00:00,546.01,547.94,535.15,537.52,127411.04709
2020-11-29 00:00:00,537.5,543.8,530.32,543.08,136653.28223
2020-11-29 04:00:00,543.06,543.23,535.92,541.35,84001.17897
2020-11-29 08:00:00,541.33,558.75,540.6,551.32,207466.41973
2020-11-29 12:00:00,551.36,556.86,546.61,554.42,128474.33333
2020-11-29 16:00:00,554.4,557.38,549.04,551.79,117755.59089
2020-11-29 20:00:00,551.75,576.9,551.48,576.3,180925.66149
2020-11-30 00:00:00,576.32,593.08,576.27,588.03,231891.43497
2020-11-30 04:00:00,588.01,588.66,582.22,585.17,92459.75304
2020-11-30 08:00:00,585.17,591.68,570.07,588.26,232176.89222
2020-11-30 12:00:00,588.19,612.84,588.14,596.33,458730.10515
2020-11-30 16:00:00,596.37,614.88,595.09,602.39,311015.87657
2020-11-30 20:00:00,602.5,616.85,598.72,616.66,175715.39213
2020-12-01 00:00:00,616.65,617.49,603.08,605.14,188061.38595
2020-12-01 04:00:00,604.97,612.48,601.32,610.8,156370.16991
2020-12-01 08:00:00,610.8,635.7,585.33,615.93,489353.76472
2020-12-01 12:00:00,615.81,618.96,560.0,603.94,866742.91064
2020-12-01 16:00:00,603.81,608.77,582.17,599.5,305351.23343
2020-12-01 20:00:00,599.51,601.63,583.19,585.26,157996.34911
2020-12-02 00:00:00,585.26,597.28,575.0,585.68,213325.44622
2020-12-02 04:00:00,585.68,598.5,576.9,597.63,189004.72304
2020-12-02 08:00:00,597.62,604.93,592.88,598.62,204312.70791
2020-12-02 12:00:00,598.62,598.99,585.1,589.51,204600.30909
2020-12-02 16:00:00,589.5,597.96,583.41,596.57,157027.47023
2020-12-02 20:00:00,596.51,601.77,594.87,596.89,101267.9997
2020-12-03 00:00:00,596.88,600.0,588.84,595.24,104487.17623
2020-12-03 04:00:00,595.24,599.37,585.82,598.47,110561.37771
2020-12-03 08:00:00,598.48,615.73,595.29,613.6,258224.94118
2020-12-03 12:00:00,613.62,619.01,605.22,618.92,180474.59763
2020-12-03 16:00:00,618.92,623.44,607.55,613.76,194655.95451
2020-12-03 20:00:00,613.71,618.9,610.25,615.85,87283.86997
2020-12-04 00:00:00,615.84,620.0,601.55,602.64,141464.97203
2020-12-04 04:00:00,602.55,608.32,600.0,604.28,112807.42632
2020-12-04 08:00:00,604.28,613.0,582.76,585.57,261431.65319
2020-12-04 12:00:00,585.29,595.55,580.88,586.89,190465.83493
2020-12-04 16:00:00,586.89,593.28,581.8,590.83,135295.1096
2020-12-04 20:00:00,590.85,591.0,565.82,567.24,210987.79059
2020-12-05 00:00:00,567.24,578.36,560.88,575.9,177779.31831
2020-12-05 04:00:00,576.0,589.0,575.27,585.01,111966.19935
2020-12-05 08:00:00,585.0,597.11,585.0,589.46,123893.98503
2020-12-05 12:00:00,589.51,594.83,583.9,592.5,122371.04568
2020-12-05 16:00:00,592.43,596.0,589.33,594.77,95541.05217
2020-12-05 20:00:00,594.79,597.1,590.5,596.8,70016.3551
2020-12-06 00:00:00,596.82,607.5,594.68,597.05,137517.35492
2020-12-06 04:00:00,597.01,604.09,594.74,600.54,77452.36641
2020-12-06 08:00:00,600.56,601.74,586.0,593.26,111011.37458
2020-12-06 12:00:00,593.23,596.74,583.0,594.88,106459.9538
2020-12-06 16:00:00,594.89,598.23,591.84,595.59,74488.80241
2020-12-06 20:00:00,595.58,604.0,590.23,601.54,95567.11127
2020-12-07 00:00:00,601.59,603.15,591.41,594.62,91294.44963
2020-12-07 04:00:00,594.61,601.39,592.61,600.7,56049.35792
2020-12-07 08:00:00,600.69,600.89,590.0,590.69,78159.56601
2020-12-07 12:00:00,590.61,597.59,590.0,594.37,77039.84581
2020-12-07 16:00:00,594.41,595.65,584.22,587.31,129857.45451
2020-12-07 20:00:00,587.3,593.09,584.47,591.28,65928.70201
2020-12-08 00:00:00,591.27,591.29,585.55,588.45,61952.8528
2020-12-08 04:00:00,588.43,595.0,588.0,588.13,65478.19278
2020-12-08 08:00:00,588.13,589.1,570.73,573.79,205103.99411
2020-12-08 12:00:00,573.71,580.96,568.21,574.13,151646.10827
2020-12-08 16:00:00,574.13,577.89,570.21,571.08,86323.33338
2020-12-08 20:00:00,571.07,573.11,549.22,554.94,233938.52583
2020-12-09 00:00:00,554.92,556.78,542.0,552.12,177237.04362
2020-12-09 04:00:00,552.11,552.5,537.0,538.34,134707.23433
2020-12-09 08:00:00,538.43,565.69,530.43,561.89,278060.20504
2020-12-09 12:00:00,561.89,576.87,559.93,567.73,204216.84384
2020-12-09 16:00:00,567.72,574.76,562.25,568.83,110183.34741
2020-12-09 20:00:00,568.78,578.08,566.59,573.09,92787.49314
2020-12-10 00:00:00,573.2,575.7,565.0,567.66,85406.1234
2020-12-10 04:00:00,567.65,571.54,559.74,563.51,88365.97882
2020-12-10 08:00:00,563.52,568.79,552.33,554.99,123068.44576
2020-12-10 12:00:00,554.99,562.92,548.11,557.64,146640.61058
2020-12-10 16:00:00,557.64,565.57,555.08,565.47,98399.08304
2020-12-10 20:00:00,565.47,568.5,557.5,558.99,66534.27306
2020-12-11 00:00:00,558.99,560.8,540.13,547.27,203774.81223
2020-12-11 04:00:00,547.32,548.96,535.5,541.68,123645.54449
2020-12-11 08:00:00,541.63,548.0,536.0,538.87,132215.90566
2020-12-11 12:00:00,538.93,554.76,537.02,554.2,136253.94961
2020-12-11 16:00:00,554.19,554.39,543.0,546.25,99869.81268
2020-12-11 20:00:00,546.24,552.0,543.6,544.43,73161.7585
2020-12-12 00:00:00,544.46,557.63,543.1,554.65,103321.64826
2020-12-12 04:00:00,554.58,560.92,553.7,558.98,83687.11186
2020-12-12 08:00:00,558.95,560.65,553.92,559.49,69480.21238
2020-12-12 12:00:00,559.51,560.39,551.28,554.54,96530.71279
2020-12-12 16:00:00,554.53,569.5,551.68,568.8,124139.07757
2020-12-12 20:00:00,568.81,574.0,566.31,568.04,96755.19025
2020-12-13 00:00:00,568.09,569.68,563.22,565.42,58216.73075
2020-12-13 04:00:00,565.45,580.0,564.16,579.02,114897.85062
2020-12-13 08:00:00,579.07,586.88,577.24,585.56,157510.077
2020-12-13 12:00:00,585.59,589.71,579.66,585.22,127185.23259
2020-12-13 16:00:00,585.22,595.0,585.22,591.87,118588.11677
2020-12-13 20:00:00,591.87,593.36,583.81,590.7,81396.45385
2020-12-14 00:00:00,590.81,591.48,581.75,590.48,96364.52785
2020-12-14 04:00:00,590.48,591.17,582.9,585.99,75401.66337
2020-12-14 08:00:00,585.99,589.31,575.6,579.7,94379.72979
2020-12-14 12:00:00,579.69,588.37,576.12,583.82,98319.32998
2020-12-14 16:00:00,583.82,586.5,580.0,585.22,68993.61269
2020-12-14 20:00:00,585.2,588.77,583.04,586.29,59553.16338
2020-12-15 00:00:00,586.29,597.2,585.61,592.77,123337.60763
2020-12-15 04:00:00,592.77,593.34,578.58,585.74,111324.93959
2020-12-15 08:00:00,585.75,589.21,580.11,585.59,96835.96592
2020-12-15 12:00:00,585.49,589.0,582.52,585.82,79053.34405
2020-12-15 16:00:00,585.82,592.92,583.8,592.28,88740.53045
2020-12-15 20:00:00,592.31,593.17,585.29,588.64,69978.13247
2020-12-16 00:00:00,588.78,589.43,582.27,583.31,73372.68538
2020-12-16 04:00:00,583.31,586.5,580.71,585.02,66449.05633
2020-12-16 08:00:00,585.01,596.5,583.8,593.78,149347.07973
2020-12-16 12:00:00,593.79,625.0,590.78,620.2,433144.05906
2020-12-16 16:00:00,620.19,629.0,616.01,622.5,237956.36992
2020-12-16 20:00:00,622.51,640.0,620.96,637.18,225318.80036
2020-12-17 00:00:00,637.18,652.12,633.39,636.72,312553.29771
2020-12-17 04:00:00,636.72,649.0,636.0,648.06,189640.79402
2020-12-17 08:00:00,648.0,670.21,635.0,661.87,554016.78786
2020-12-17 12:00:00,661.88,667.45,652.52,665.31,246471.15182
2020-12-17 16:00:00,665.32,676.25,625.76,648.13,447431.9739
2020-12-17 20:00:00,648.09,653.86,626.22,642.7,256016.01444
2020-12-18 00:00:00,642.71,654.24,629.4,643.42,220426.10997
2020-12-18 04:00:00,643.43,648.86,640.1,645.64,122071.07751
2020-12-18 08:00:00,645.64,664.61,642.4,650.47,222811.92439
2020-12-18 12:00:00,650.48,654.75,632.18,637.85,216476.9572
2020-12-18 16:00:00,637.85,648.12,634.29,644.68,117220.0801
2020-12-18 20:00:00,644.72,655.18,643.34,653.85,101006.83101
2020-12-19 00:00:00,653.76,659.75,645.42,655.0,119735.2139
2020-12-19 04:00:00,655.0,657.91,647.12,648.65,85573.66566
2020-12-19 08:00:00,648.62,657.0,645.68,650.89,121963.49342
2020-12-19 12:00:00,650.86,660.53,649.3,655.39,212405.3168
2020-12-19 16:00:00,655.33,669.95,653.62,658.79,214814.05269
2020-12-19 20:00:00,658.79,668.71,655.19,658.03,104312.14212
2020-12-20 00:00:00,658.05,658.06,641.0,646.08,136915.2248
2020-12-20 04:00:00,646.09,657.2,640.28,656.87,91800.77326
2020-12-20 08:00:00,656.82,661.39,649.75,652.57,117949.40492
2020-12-20 12:00:00,652.56,654.37,642.36,654.19,129317.16726
2020-12-20 16:00:00,654.19,655.0,645.21,649.85,89467.65856
2020-12-20 20:00:00,649.74,657.89,621.01,638.18,258507.99963
2020-12-21 00:00:00,638.1,647.79,633.87,645.19,100566.85521
2020-12-21 04:00:00,645.2,648.0,636.67,646.68,101224.49266
2020-12-21 08:00:00,646.68,647.98,603.0,606.64,372376.4349
2020-12-21 12:00:00,606.64,613.29,595.9,610.45,144433.84092
2020-12-21 16:00:00,609.84,613.58,602.96,611.22,53205.37836
2020-12-21 20:00:00,611.27,618.5,607.21,607.58,71444.1636
2020-12-22 00:00:00,607.68,613.78,601.69,610.0,116779.68075
2020-12-22 04:00:00,610.0,616.12,591.46,595.73,149408.98587
2020-12-22 08:00:00,595.74,612.99,588.0,611.63,187925.45781
2020-12-22 12:00:00,611.58,633.99,608.54,626.29,207048.57043
2020-12-22 16:00:00,626.34,633.76,621.67,626.14,123130.23727
2020-12-22 20:00:00,626.15,637.73,618.22,636.45,134558.32441
2020-12-23 00:00:00,636.41,638.44,621.0,623.53,138284.98289
2020-12-23 04:00:00,623.53,624.93,608.24,615.92,174805.06128
2020-12-23 08:00:00,615.92,620.98,591.97,602.1,242463.04164
2020-12-23 12:00:00,602.06,622.79,598.4,605.82,213529.58592
2020-12-23 16:00:00,605.74,613.2,596.13,610.3,139243.49733
2020-12-23 20:00:00,610.31,613.02,551.28,585.56,300481.19612
2020-12-24 00:00:00,585.48,587.04,565.43,575.34,228845.82304
2020-12-24 04:00:00,575.3,583.36,570.22,580.52,134975.29598
2020-12-24 08:00:00,580.49,585.79,574.17,582.73,118573.06231
2020-12-24 12:00:00,582.73,599.81,577.77,592.62,154912.12095
2020-12-24 16:00:00,592.63,597.0,585.59,594.44,106086.72452
2020-12-24 20:00:00,594.53,615.02,592.32,612.31,142942.83653
2020-12-25 00:00:00,612.31,615.79,604.28,605.92,75318.99664
2020-12-25 04:00:00,605.92,616.0,604.69,612.92,94646.1452
2020-12-25 08:00:00,612.98,634.24,612.97,629.54,215743.95512
2020-12-25 12:00:00,629.53,632.42,612.1,613.42,170444.69803
2020-12-25 16:00:00,613.42,624.1,607.78,619.4,152218.54787
2020-12-25 20:00:00,619.34,628.0,615.84,626.82,89637.28629
2020-12-26 00:00:00,626.78,637.0,621.01,633.91,137391.5278
2020-12-26 04:00:00,633.9,634.59,622.0,624.95,92992.5909
2020-12-26 08:00:00,624.95,631.71,615.26,622.69,131035.51387
2020-12-26 12:00:00,622.69,633.75,620.0,628.51,155241.30771
2020-12-26 16:00:00,628.51,649.95,627.57,644.98,236211.40083
2020-12-26 20:00:00,645.06,652.91,629.07,637.44,205713.16536
2020-12-27 00:00:00,637.44,652.72,635.05,643.24,181727.94041
2020-12-27 04:00:00,643.32,655.99,642.05,650.07,135226.08769
2020-12-27 08:00:00,650.07,654.13,625.0,638.77,229626.66648
2020-12-27 12:00:00,638.77,698.77,626.63,697.81,602810.91945
2020-12-27 16:00:00,697.74,717.13,682.52,705.9,393444.77552
2020-12-27 20:00:00,705.86,705.99,660.1,685.11,317131.76074
2020-12-28 00:00:00,685.1,718.7,681.04,703.42,289334.72188
2020-12-28 04:00:00,703.41,739.0,697.48,733.47,283997.48036
2020-12-28 08:00:00,733.5,741.6,717.84,731.99,380691.70004
2020-12-28 12:00:00,732.0,740.53,715.18,729.4,269817.81431
2020-12-28 16:00:00,729.4,748.09,726.08,744.12,199586.57422
2020-12-28 20:00:00,744.24,747.58,714.23,730.41,203726.10185
2020-12-29 00:00:00,730.4,740.78,700.0,700.0,230146.657
2020-12-29 04:00:00,700.0,713.22,689.2,709.84,231754.92686
2020-12-29 08:00:00,709.84,734.47,709.53,731.29,185987.44067
2020-12-29 12:00:00,731.39,739.85,714.16,719.14,172073.20183
2020-12-29 16:00:00,719.13,732.0,704.97,730.56,178248.68276
2020-12-29 20:00:00,730.56,737.3,721.51,732.0,108665.44943
2020-12-30 00:00:00,732.0,747.5,731.01,734.22,205095.11153
2020-12-30 04:00:00,734.2,743.78,725.0,733.24,150574.38425
2020-12-30 08:00:00,733.24,737.3,716.62,725.42,171260.62228
2020-12-30 12:00:00,725.42,736.48,719.55,734.05,130471.86555
2020-12-30 16:00:00,734.05,758.74,727.1,752.97,213048.37
2020-12-30 20:00:00,752.97,755.61,740.55,752.17,138123.74545
2020-12-31 00:00:00,752.17,755.61,727.32,743.04,174236.89472
2020-12-31 04:00:00,743.04,755.74,736.36,749.72,135034.26877
2020-12-31 08:00:00,749.72,753.01,736.21,745.32,136575.05848
2020-12-31 12:00:00,745.32,747.6,722.0,736.0,233168.53335
2020-12-31 16:00:00,736.0,743.0,724.48,738.83,120344.55228
2020-12-31 20:00:00,738.76,745.0,731.83,736.42,64016.27221
2021-01-01 00:00:00,736.42,749.0,729.33,744.82,130893.19622
2021-01-01 04:00:00,744.87,747.09,734.4,737.38,72474.10311
2021-01-01 08:00:00,737.37,741.76,725.1,738.85,128108.21447
2021-01-01 12:00:00,738.85,743.33,732.12,735.39,121504.02184
2021-01-01 16:00:00,735.39,737.73,714.29,725.34,156457.71927
2021-01-01 20:00:00,725.34,731.97,722.5,728.91,65676.83838
2021-01-02 00:00:00,728.91,734.4,714.91,730.39,119184.4496
2021-01-02 04:00:00,730.39,740.49,726.26,735.12,97938.27713
2021-01-02 08:00:00,735.12,738.35,723.01,729.7,120264.73109
2021-01-02 12:00:00,729.7,772.8,728.25,768.43,428448.45842
2021-01-02 16:00:00,768.45,787.69,764.5,784.79,334396.9924
2021-01-02 20:00:00,784.79,785.48,750.12,774.56,252385.66804
2021-01-03 00:00:00,774.44,781.59,770.59,772.37,114309.37983
2021-01-03 04:00:00,772.44,805.74,768.71,799.78,285411.98757
2021-01-03 08:00:00,799.74,832.3,791.5,829.76,334288.39418
2021-01-03 12:00:00,829.77,921.73,826.38,917.72,698095.22416
2021-01-03 16:00:00,917.95,978.0,888.93,921.53,805040.39911
2021-01-03 20:00:00,921.61,1011.07,920.08,978.28,576458.5013
2021-01-04 00:00:00,978.33,1025.81,954.22,1021.41,432623.86115
2021-01-04 04:00:00,1021.41,1162.97,1012.0,1044.31,996550.05419
2021-01-04 08:00:00,1044.3,1078.93,890.0,976.8,1176111.38746
2021-01-04 12:00:00,976.97,1058.16,956.12,1040.01,815345.81432
2021-01-04 16:00:00,1040.0,1048.0,982.05,1042.28,540996.24594
2021-01-04 20:00:00,1042.16,1049.7,992.7,1041.43,283383.57698
2021-01-05 00:00:00,1041.45,1134.6,995.0,1001.76,753792.30594
2021-01-05 04:00:00,1001.75,1030.81,974.45,1003.45,525071.48466
2021-01-05 08:00:00,1003.52,1050.93,1003.51,1042.21,324534.17389
2021-01-05 12:00:00,1042.23,1064.0,1001.0,1052.82,326089.03064
2021-01-05 16:00:00,1052.83,1108.0,1036.29,1096.33,458535.68236
2021-01-05 20:00:00,1096.36,1120.0,1074.44,1099.56,318972.99776
2021-01-06 00:00:00,1100.16,1110.3,1057.26,1075.49,272291.19258
2021-01-06 04:00:00,1075.49,1135.02,1073.03,1106.59,397722.28203
2021-01-06 08:00:00,1106.61,1166.58,1091.0,1151.88,427002.85506
2021-01-06 12:00:00,1151.88,1158.96,1121.0,1143.89,356213.35095
2021-01-06 16:00:00,1144.01,1208.57,1144.01,1160.78,514560.21454
2021-01-06 20:00:00,1160.78,1213.0,1116.61,1208.42,422346.69818
2021-01-07 00:00:00,1208.75,1224.11,1179.91,1213.17,276767.00381
2021-01-07 04:00:00,1213.17,1218.04,1181.09,1186.21,223588.06912
2021-01-07 08:00:00,1186.39,1205.7,1159.03,1201.12,239241.20032
2021-01-07 12:00:00,1201.32,1249.98,1197.64,1249.83,320851.12478
2021-01-07 16:00:00,1249.84,1289.0,1131.0,1234.14,647222.06056
2021-01-07 20:00:00,1234.23,1267.33,1201.45,1224.87,265253.362
2021-01-08 00:00:00,1224.86,1233.0,1065.0,1150.1,457136.18423
2021-01-08 04:00:00,1150.1,1214.27,1125.41,1208.42,317360.18426
2021-01-08 08:00:00,1208.2,1270.24,1181.73,1255.43,340828.16003
2021-01-08 12:00:00,1255.24,1273.75,1171.72,1216.77,412593.06251
2021-01-08 16:00:00,1216.93,1242.18,1173.0,1184.75,287616.62425
2021-01-08 20:00:00,1184.75,1229.69,1135.51,1216.93,315638.70813
2021-01-09 00:00:00,1216.72,1234.67,1171.36,1226.53,256010.80317
2021-01-09 04:00:00,1226.53,1227.49,1173.65,1196.49,195105.52631
2021-01-09 08:00:00,1196.5,1237.0,1184.64,1220.64,216546.78765
2021-01-09 12:00:00,1220.65,1235.5,1207.29,1219.95,182191.76916
2021-01-09 16:00:00,1219.96,1235.69,1194.08,1229.42,193868.19879
2021-01-09 20:00:00,1229.33,1304.37,1217.54,1276.0,405148.03006
2021-01-10 00:00:00,1276.0,1340.98,1273.82,1310.97,318325.25142
2021-01-10 04:00:00,1310.91,1345.69,1305.74,1344.7,185032.87094
2021-01-10 08:00:00,1344.77,1348.33,1257.6,1259.28,340055.23108
2021-01-10 12:00:00,1259.28,1323.71,1237.0,1303.18,308278.58018
2021-01-10 16:00:00,1303.4,1325.0,1248.59,1263.17,362908.80802
2021-01-10 20:00:00,1263.32,1287.51,1170.0,1254.25,436578.60839
2021-01-11 00:00:00,1254.24,1260.0,1010.91,1104.14,631801.97474
2021-01-11 04:00:00,1105.02,1133.87,1011.1,1071.84,720369.03247
2021-01-11 08:00:00,1071.98,1149.99,1049.01,1067.87,534029.85503
2021-01-11 12:00:00,1067.65,1103.12,950.0,977.21,869009.99081
2021-01-11 16:00:00,977.21,1024.0,915.0,984.41,883171.42096
2021-01-11 20:00:00,984.15,1094.0,958.0,1087.01,461068.62645
2021-01-12 00:00:00,1087.0,1091.36,1038.34,1088.52,339890.45246
2021-01-12 04:00:00,1088.72,1150.02,1076.25,1139.05,362239.29376
2021-01-12 08:00:00,1139.25,1144.11,1065.95,1099.16,429916.10678
2021-01-12 12:00:00,1099.15,1111.54,1006.33,1053.34,574695.8558
2021-01-12 16:00:00,1053.54,1126.88,1052.79,1082.76,349691.07608
2021-01-12 20:00:00,1082.76,1088.25,1025.0,1050.16,246212.55564
2021-01-13 00:00:00,1050.36,1059.66,987.48,1046.72,401920.25192
2021-01-13 04:00:00,1046.72,1080.75,1010.79,1076.35,228998.34353
2021-01-13 08:00:00,1076.33,1096.64,1053.79,1061.6,275185.64194
2021-01-13 12:00:00,1061.64,1084.0,1045.07,1071.5,203460.13647
2021-01-13 16:00:00,1071.14,1109.78,1060.78,1102.08,217411.59435
2021-01-13 20:00:00,1102.02,1137.65,1091.25,1129.89,237226.4226
2021-01-14 00:00:00,1129.79,1147.97,1091.02,1096.39,232428.00407
2021-01-14 04:00:00,1096.39,1162.57,1086.7,1148.0,244121.19684
2021-01-14 08:00:00,1147.85,1174.73,1141.78,1166.59,239439.34481
2021-01-14 12:00:00,1166.48,1220.63,1147.51,1212.8,330253.14759
2021-01-14 16:00:00,1212.99,1247.55,1203.2,1231.53,279222.47659
2021-01-14 20:00:00,1231.2,1235.84,1163.68,1231.62,230273.21566
2021-01-15 00:00:00,1231.89,1256.98,1201.0,1219.07,261526.78997
2021-01-15 04:00:00,1219.08,1242.99,1175.41,1240.97,278007.05622
2021-01-15 08:00:00,1240.99,1247.88,1205.0,1226.12,208874.90779
2021-01-15 12:00:00,1226.28,1230.64,1126.44,1141.52,433661.50301
2021-01-15 16:00:00,1141.66,1175.34,1069.42,1133.74,570819.55179
2021-01-15 20:00:00,1133.75,1175.08,1111.52,1168.53,191149.0286
2021-01-16 00:00:00,1168.48,1198.1,1157.77,1179.34,200202.60126
2021-01-16 04:00:00,1179.23,1189.76,1151.77,1182.9,164701.47717
2021-01-16 08:00:00,1182.88,1225.52,1177.0,1219.0,254743.79593
2021-01-16 12:00:00,1219.0,1278.0,1188.0,1276.27,382893.20169
2021-01-16 16:00:00,1276.29,1298.0,1218.4,1252.59,317143.87898
2021-01-16 20:00:00,1252.4,1280.71,1200.0,1227.83,255699.48294
2021-01-17 00:00:00,1227.83,1258.0,1200.53,1241.2,193889.07217
2021-01-17 04:00:00,1241.33,1250.72,1170.0,1182.6,260092.86651
2021-01-17 08:00:00,1182.45,1228.37,1165.0,1219.52,303403.03227
2021-01-17 12:00:00,1219.52,1246.92,1191.03,1241.17,227790.01775
2021-01-17 16:00:00,1241.35,1251.0,1210.54,1218.3,160001.97705
2021-01-17 20:00:00,1218.35,1269.02,1218.33,1232.45,172108.04004
2021-01-18 00:00:00,1232.5,1247.73,1182.58,1194.07,208076.04408
2021-01-18 04:00:00,1194.07,1227.01,1188.0,1219.62,155010.00201
2021-01-18 08:00:00,1219.68,1234.23,1209.0,1225.43,151897.02037
2021-01-18 12:00:00,1225.43,1255.5,1221.0,1240.36,229889.74155
2021-01-18 16:00:00,1240.21,1248.48,1211.66,1227.67,150138.28973
2021-01-18 20:00:00,1227.68,1260.75,1222.52,1258.45,103039.01299
2021-01-19 00:00:00,1258.52,1345.0,1251.49,1321.5,466704.40297
2021-01-19 04:00:00,1321.58,1379.64,1302.18,1375.0,287149.85972
2021-01-19 08:00:00,1374.73,1433.0,1362.77,1429.56,441752.16268
2021-01-19 12:00:00,1429.47,1438.3,1371.0,1413.95,376832.82943
2021-01-19 16:00:00,1414.09,1437.59,1334.41,1359.6,423824.08728
2021-01-19 20:00:00,1359.59,1424.96,1350.0,1365.36,282589.2155
2021-01-20 00:00:00,1365.36,1407.93,1340.0,1344.03,314283.12785
2021-01-20 04:00:00,1344.11,1379.6,1316.25,1369.92,303676.79555
2021-01-20 08:00:00,1369.94,1373.46,1250.0,1265.39,572418.117
2021-01-20 12:00:00,1265.41,1321.95,1235.42,1273.29,451867.65597
2021-01-20 16:00:00,1273.17,1350.0,1248.59,1345.8,348733.00163
2021-01-20 20:00:00,1345.81,1389.42,1305.0,1376.99,228158.92344
2021-01-21 00:00:00,1376.72,1390.0,1308.3,1326.5,274089.35217
2021-01-21 04:00:00,1326.01,1336.22,1278.99,1309.62,235026.10869
2021-01-21 08:00:00,1309.53,1312.38,1222.0,1236.31,541006.14541
2021-01-21 12:00:00,1236.43,1260.0,1185.75,1188.68,523157.16118
2021-01-21 16:00:00,1188.54,1238.9,1164.0,1231.18,349964.97732
2021-01-21 20:00:00,1231.02,1235.0,1086.0,1110.96,386964.82821
2021-01-22 00:00:00,1111.98,1164.0,1042.31,1160.73,667507.41144
2021-01-22 04:00:00,1160.65,1189.0,1132.0,1143.58,318405.73175
2021-01-22 08:00:00,1143.57,1210.95,1121.49,1197.57,347883.62511
2021-01-22 12:00:00,1197.36,1242.01,1193.28,1232.88,275957.55946
2021-01-22 16:00:00,1233.14,1272.29,1214.87,1267.61,236529.01958
2021-01-22 20:00:00,1267.69,1273.79,1218.0,1232.62,174309.86939
2021-01-23 00:00:00,1232.61,1242.85,1205.7,1231.67,182335.82961
2021-01-23 04:00:00,1231.67,1268.49,1229.0,1259.62,135462.95556
2021-01-23 08:00:00,1259.61,1272.44,1212.5,1219.07,209817.2706
2021-01-23 12:00:00,1219.07,1242.08,1195.9,1230.26,183330.07763
2021-01-23 16:00:00,1230.26,1264.0,1223.75,1257.83,175610.90937
2021-01-23 20:00:00,1257.83,1259.86,1223.85,1233.6,122988.03981
2021-01-24 00:00:00,1233.46,1294.0,1220.0,1293.33,206011.15155
2021-01-24 04:00:00,1293.53,1334.88,1288.52,1314.74,302530.69855
2021-01-24 08:00:00,1314.74,1350.04,1310.0,1342.97,217886.02594
2021-01-24 12:00:00,1343.07,1348.26,1298.22,1320.5,249036.75205
2021-01-24 16:00:00,1320.5,1365.0,1304.0,1326.37,327450.59784
2021-01-24 20:00:00,1326.37,1398.83,1324.13,1392.51,207964.31224
2021-01-25 00:00:00,1392.19,1475.0,1383.12,1426.91,490092.45154
2021-01-25 04:00:00,1426.99,1445.0,1392.2,1424.61,222027.33364
2021-01-25 08:00:00,1424.65,1427.72,1379.08,1411.18,244667.19152
2021-01-25 12:00:00,1411.41,1444.36,1399.44,1434.87,291210.57348
2021-01-25 16:00:00,1434.95,1442.72,1354.86,1382.87,286266.95633
2021-01-25 20:00:00,1382.9,1383.63,1293.69,1317.88,351176.80638
2021-01-26 00:00:00,1317.6,1378.49,1297.0,1312.8,288743.11666
2021-01-26 04:00:00,1312.8,1349.0,1301.56,1317.41,217643.08348
2021-01-26 08:00:00,1317.34,1344.82,1294.83,1313.46,215797.05351
2021-01-26 12:00:00,1313.61,1319.69,1244.56,1279.95,410722.91647
2021-01-26 16:00:00,1279.94,1353.0,1267.02,1341.94,327272.10366
2021-01-26 20:00:00,1341.93,1374.22,1325.0,1365.97,222745.38421
2021-01-27 00:00:00,1366.54,1373.9,1300.0,1309.0,221868.08106
2021-01-27 04:00:00,1309.01,1320.02,1273.13,1293.36,207358.03642
2021-01-27 08:00:00,1293.37,1302.38,1245.0,1249.02,387545.07779
2021-01-27 12:00:00,1248.78,1286.15,1207.0,1281.08,507810.3222
2021-01-27 16:00:00,1281.4,1307.76,1222.17,1268.77,433346.82266
2021-01-27 20:00:00,1268.78,1297.0,1233.11,1239.03,251843.74345
2021-01-28 00:00:00,1238.93,1290.87,1217.23,1287.59,203882.77686
2021-01-28 04:00:00,1287.31,1325.0,1270.71,1284.88,213965.01458
2021-01-28 08:00:00,1284.93,1309.08,1260.0,1302.55,208220.74435
2021-01-28 12:00:00,1302.54,1358.61,1292.59,1350.43,346575.9834
2021-01-28 16:00:00,1350.43,1356.0,1320.0,1332.24,207867.54825
2021-01-28 20:00:00,1332.36,1360.0,1323.35,1329.69,184757.65218
2021-01-29 00:00:00,1329.44,1374.13,1309.04,1320.82,272864.99116
2021-01-29 04:00:00,1320.8,1326.53,1285.35,1315.9,251920.55637
2021-01-29 08:00:00,1315.86,1429.99,1295.01,1416.96,713546.56387
2021-01-29 12:00:00,1416.83,1436.9,1371.33,1396.18,409155.65427
2021-01-29 16:00:00,1396.48,1408.54,1313.12,1348.3,347182.60529
2021-01-29 20:00:00,1348.03,1409.99,1331.78,1379.5,259292.81586
2021-01-30 00:00:00,1379.56,1406.0,1326.41,1342.71,256273.10588
2021-01-30 04:00:00,1342.79,1357.0,1328.16,1346.87,165179.18701
2021-01-30 08:00:00,1347.07,1354.55,1336.18,1340.01,152348.08358
2021-01-30 12:00:00,1340.01,1380.3,1330.25,1371.27,165274.40898
2021-01-30 16:00:00,1371.26,1380.0,1345.0,1371.51,174074.53879
2021-01-30 20:00:00,1371.64,1390.0,1368.34,1378.05,126892.91206
2021-01-31 00:00:00,1378.04,1380.74,1354.0,1357.49,113053.88962
2021-01-31 04:00:00,1357.49,1365.2,1342.0,1346.28,110441.86041
2021-01-31 08:00:00,1346.28,1357.43,1338.0,1354.29,124977.58425
2021-01-31 12:00:00,1354.36,1371.85,1291.68,1311.1,278371.37483
2021-01-31 16:00:00,1311.01,1320.0,1281.12,1305.0,217327.36558
2021-01-31 20:00:00,1305.0,1321.93,1292.0,1312.55,114532.78102
2021-02-01 00:00:00,1312.45,1324.63,1269.99,1316.92,247760.76989
2021-02-01 04:00:00,1316.91,1337.83,1301.7,1316.67,187232.7562
2021-02-01 08:00:00,1316.65,1345.19,1307.52,1336.41,197638.27187
2021-02-01 12:00:00,1336.4,1345.52,1301.51,1301.73,174907.48947
2021-02-01 16:00:00,1301.96,1334.0,1300.0,1332.74,122795.5442
2021-02-01 20:00:00,1332.74,1377.99,1329.37,1374.17,166063.08699
2021-02-02 00:00:00,1374.09,1411.02,1360.28,1368.79,241546.9381
2021-02-02 04:00:00,1368.8,1425.99,1367.5,1415.0,231846.72066
2021-02-02 08:00:00,1415.0,1458.0,1405.62,1419.58,396483.64994
2021-02-02 12:00:00,1419.58,1447.71,1408.0,1427.87,244276.30368
2021-02-02 16:00:00,1427.88,1516.62,1421.56,1516.13,482312.44119
2021-02-02 20:00:00,1516.29,1547.9,1497.12,1511.87,347761.94521
2021-02-03 00:00:00,1511.93,1548.0,1508.39,1539.57,196829.19021
2021-02-03 04:00:00,1539.71,1571.0,1537.69,1547.09,231786.97229
2021-02-03 08:00:00,1547.15,1560.0,1512.38,1537.68,261018.33038
2021-02-03 12:00:00,1537.93,1599.86,1523.24,1597.25,283822.30097
2021-02-03 16:00:00,1597.56,1650.0,1580.1,1616.1,352828.19975
2021-02-03 20:00:00,1616.1,1669.35,1600.44,1664.49,209584.89441
2021-02-04 00:00:00,1664.67,1695.2,1632.51,1645.84,278025.52305
2021-02-04 04:00:00,1645.85,1683.16,1635.0,1662.83,171021.42712
2021-02-04 08:00:00,1662.52,1684.66,1570.96,1611.74,375964.91534
2021-02-04 12:00:00,1611.77,1643.21,1554.44,1580.88,333884.89947
2021-02-04 16:00:00,1580.8,1664.51,1565.0,1652.99,295847.71547
2021-02-04 20:00:00,1652.96,1670.67,1588.0,1595.67,191757.84917
2021-02-05 00:00:00,1595.53,1653.21,1591.0,1639.99,178248.23378
2021-02-05 04:00:00,1639.99,1669.5,1622.24,1662.36,142863.90595
2021-02-05 08:00:00,1662.6,1676.27,1641.22,1662.78,160819.18671
2021-02-05 12:00:00,1662.79,1748.0,1657.35,1741.99,321200.11331
2021-02-05 16:00:00,1742.0,1760.49,1682.0,1709.91,271453.99845
2021-02-05 20:00:00,1710.02,1726.45,1695.0,1719.19,119537.86126
2021-02-06 00:00:00,1718.95,1743.67,1645.48,1682.19,297581.07716
2021-02-06 04:00:00,1682.19,1682.51,1642.94,1673.32,171526.24331
2021-02-06 08:00:00,1673.21,1718.47,1672.01,1679.67,213440.11784
2021-02-06 12:00:00,1679.67,1697.52,1663.0,1673.04,156446.92209
2021-02-06 16:00:00,1673.04,1719.99,1655.23,1707.67,175524.99431
2021-02-06 20:00:00,1707.89,1718.68,1671.33,1676.35,135288.9763
2021-02-07 00:00:00,1676.35,1693.0,1609.03,1626.53,216461.56584
2021-02-07 04:00:00,1626.41,1639.67,1585.44,1632.0,168724.49349
2021-02-07 08:00:00,1632.01,1655.77,1613.48,1624.91,144775.56801
2021-02-07 12:00:00,1624.89,1629.39,1525.01,1538.21,306544.19929
2021-02-07 16:00:00,1538.19,1589.99,1490.46,1565.44,292886.05233
2021-02-07 20:00:00,1565.64,1621.46,1552.68,1611.62,152342.98918
2021-02-08 00:00:00,1611.46,1631.31,1563.89,1581.46,149634.30677
2021-02-08 04:00:00,1581.26,1647.73,1577.67,1639.59,139479.17953
2021-02-08 08:00:00,1639.52,1665.0,1625.39,1660.48,143088.62244
2021-02-08 12:00:00,1660.63,1757.0,1642.17,1734.79,433032.17835
2021-02-08 16:00:00,1734.86,1775.57,1679.65,1695.96,272281.67621
2021-02-08 20:00:00,1695.91,1752.81,1691.32,1750.15,202261.13206
2021-02-09 00:00:00,1749.68,1766.0,1708.49,1735.04,177440.57705
2021-02-09 04:00:00,1735.2,1770.0,1727.54,1750.82,183694.1022
2021-02-09 08:00:00,1750.5,1821.88,1725.01,1753.4,332495.80286
2021-02-09 12:00:00,1753.4,1769.23,1712.19,1749.0,189315.47437
2021-02-09 16:00:00,1749.01,1772.56,1720.38,1772.56,160679.29534
2021-02-09 20:00:00,1772.56,1791.58,1747.64,1769.13,141446.64411
2021-02-10 00:00:00,1769.14,1825.0,1758.24,1809.45,184938.99868
2021-02-10 04:00:00,1809.45,1825.0,1766.82,1810.84,178053.2115
2021-02-10 08:00:00,1810.84,1837.86,1771.85,1792.02,191758.35549
2021-02-10 12:00:00,1792.02,1792.46,1680.0,1714.37,381726.41538
2021-02-10 16:00:00,1714.21,1748.88,1690.8,1742.69,178282.38628
2021-02-10 20:00:00,1742.72,1758.73,1705.3,1740.78,105172.88741
2021-02-11 00:00:00,1740.76,1749.01,1703.44,1721.86,78669.51899
2021-02-11 04:00:00,1721.7,1748.76,1716.94,1737.44,79501.77313
2021-02-11 08:00:00,1737.18,1789.3,1731.03,1763.36,142357.11723
2021-02-11 12:00:00,1763.36,1819.0,1760.0,1796.17,189057.07057
2021-02-11 16:00:00,1796.4,1810.0,1776.13,1790.66,115260.50363
2021-02-11 20:00:00,1790.77,1808.5,1754.41,1785.62,130233.84344
2021-02-12 00:00:00,1785.83,1808.0,1762.98,1764.57,113825.04741
2021-02-12 04:00:00,1764.56,1773.0,1739.88,1768.28,118850.48721
2021-02-12 08:00:00,1768.38,1782.2,1749.5,1775.61,99182.72272
2021-02-12 12:00:00,1775.61,1802.0,1750.89,1789.03,193728.10339
2021-02-12 16:00:00,1789.2,1851.1,1787.08,1840.36,253823.30175
2021-02-12 20:00:00,1840.36,1864.88,1827.99,1840.26,130190.54405
2021-02-13 00:00:00,1840.24,1871.72,1840.18,1863.87,128449.80297
2021-02-13 04:00:00,1864.07,1866.19,1805.54,1806.6,123000.29078
2021-02-13 08:00:00,1806.22,1838.9,1765.0,1782.95,196237.13496
2021-02-13 12:00:00,1783.01,1823.87,1765.0,1816.54,135329.80018
2021-02-13 16:00:00,1816.43,1823.0,1782.63,1799.44,103254.75193
2021-02-13 20:00:00,1799.43,1823.99,1787.62,1814.96,81317.29203
2021-02-14 00:00:00,1815.25,1843.67,1806.85,1809.03,109846.55827
2021-02-14 04:00:00,1809.03,1850.0,1800.0,1831.7,132809.78828
2021-02-14 08:00:00,1831.63,1847.54,1824.77,1831.88,90803.37275
2021-02-14 12:00:00,1831.98,1844.28,1784.11,1799.05,161448.61067
2021-02-14 16:00:00,1799.04,1814.0,1789.03,1804.55,95435.65071
2021-02-14 20:00:00,1804.55,1832.2,1800.0,1800.42,84917.79805
2021-02-15 00:00:00,1800.03,1813.02,1655.67,1727.64,329266.37904
2021-02-15 04:00:00,1727.64,1759.95,1687.39,1749.67,173637.14864
2021-02-15 08:00:00,1749.68,1796.28,1740.52,1787.48,123091.40861
2021-02-15 12:00:00,1787.76,1814.68,1776.44,1810.28,157410.67956
2021-02-15 16:00:00,1810.32,1834.0,1805.3,1824.71,123658.41756
2021-02-15 20:00:00,1824.55,1835.72,1762.65,1779.25,146410.54538
2021-02-16 00:00:00,1779.33,1827.28,1744.92,1822.0,133902.5313
2021-02-16 04:00:00,1822.16,1827.28,1779.95,1797.57,105952.42806
2021-02-16 08:00:00,1797.79,1809.7,1777.11,1783.13,103859.20134
2021-02-16 12:00:00,1783.12,1825.0,1761.08,1773.22,202077.52653
2021-02-16 16:00:00,1773.23,1781.51,1724.0,1752.08,176254.38331
2021-02-16 20:00:00,1752.01,1784.53,1729.78,1781.99,95447.40459
2021-02-17 00:00:00,1781.99,1786.27,1742.3,1753.61,95911.79553
2021-02-17 04:00:00,1753.61,1808.0,1733.01,1806.21,134951.30387
2021-02-17 08:00:00,1806.15,1821.93,1789.25,1807.6,137092.04526
2021-02-17 12:00:00,1807.6,1842.32,1804.0,1812.0,176435.08858
2021-02-17 16:00:00,1812.18,1840.97,1800.0,1837.76,117911.85703
2021-02-17 20:00:00,1837.76,1855.0,1822.63,1849.88,133409.54284
2021-02-18 00:00:00,1849.7,1919.22,1849.69,1891.99,215406.10526
2021-02-18 04:00:00,1892.45,1910.0,1879.24,1898.85,120715.27503
2021-02-18 08:00:00,1898.9,1929.0,1882.13,1900.41,176924.4598
2021-02-18 12:00:00,1900.61,1925.0,1881.07,1907.91,175796.43015
2021-02-18 16:00:00,1908.16,1940.0,1906.44,1922.55,127186.51644
2021-02-18 20:00:00,1922.48,1950.5,1914.0,1939.61,121198.31523
2021-02-19 00:00:00,1938.91,1952.0,1891.0,1910.21,150402.99431
2021-02-19 04:00:00,1910.22,1926.91,1895.8,1919.1,114567.58628
2021-02-19 08:00:00,1919.1,1942.77,1904.02,1934.38,128561.14442
2021-02-19 12:00:00,1934.39,1940.37,1914.11,1929.91,153019.29122
2021-02-19 16:00:00,1930.07,1972.82,1930.07,1952.88,141127.82781
2021-02-19 20:00:00,1952.84,1966.54,1945.6,1955.0,105725.56746
2021-02-20 00:00:00,1955.46,2021.68,1922.51,2018.93,256409.19348
2021-02-20 04:00:00,2018.43,2042.34,1980.0,1984.73,193255.25488
2021-02-20 08:00:00,1984.8,2013.54,1984.8,1999.58,140933.47383
2021-02-20 12:00:00,1999.57,2036.9,1959.07,1978.79,236498.55494
2021-02-20 16:00:00,1978.69,2022.0,1975.52,1992.56,132820.86985
2021-02-20 20:00:00,1992.56,1994.67,1803.14,1913.0,301398.46581
2021-02-21 00:00:00,1912.9,1956.0,1883.01,1933.71,156943.74479
2021-02-21 04:00:00,1933.71,1953.76,1905.05,1912.69,114407.06093
2021-02-21 08:00:00,1913.08,1975.32,1900.19,1961.62,136697.71906
2021-02-21 12:00:00,1961.62,1969.8,1936.01,1959.9,126282.31281
2021-02-21 16:00:00,1959.82,1976.31,1938.0,1966.13,106766.14756
2021-02-21 20:00:00,1966.05,1966.05,1901.2,1933.53,115471.21228
2021-02-22 00:00:00,1933.54,1936.29,1860.15,1870.36,177214.66508
2021-02-22 04:00:00,1870.35,1891.04,1835.0,1886.63,181898.49981
2021-02-22 08:00:00,1886.61,1889.74,1775.11,1802.65,270156.63897
2021-02-22 12:00:00,1802.5,1808.19,1551.0,1733.29,703543.35827
2021-02-22 16:00:00,1733.33,1765.0,1659.0,1746.42,306309.61293
2021-02-22 20:00:00,1746.41,1803.59,1741.0,1777.58,168122.20593
2021-02-23 00:00:00,1777.42,1782.39,1657.56,1679.91,267125.77587
2021-02-23 04:00:00,1679.79,1696.0,1555.0,1586.64,448422.56637
2021-02-23 08:00:00,1586.64,1600.0,1355.0,1453.07,890131.18247
2021-02-23 12:00:00,1453.09,1601.04,1425.76,1573.99,515904.15707
2021-02-23 16:00:00,1573.99,1608.37,1446.07,1447.64,261193.55218
2021-02-23 20:00:00,1447.89,1579.36,1434.2,1577.89,165060.58672
2021-02-24 00:00:00,1577.79,1640.56,1500.2,1636.57,239838.60545
2021-02-24 04:00:00,1636.77,1653.69,1608.04,1642.33,207165.62641
2021-02-24 08:00:00,1642.33,1712.7,1630.45,1677.41,233674.32555
2021-02-24 12:00:00,1677.39,1707.65,1588.81,1660.45,332980.34266
2021-02-24 16:00:00,1660.46,1677.18,1595.84,1599.2,209392.31458
2021-02-24 20:00:00,1599.2,1629.41,1555.0,1623.39,161337.60262
2021-02-25 00:00:00,1623.16,1657.89,1602.11,1603.87,139473.76064
2021-02-25 04:00:00,1603.87,1647.17,1586.64,1633.8,156761.43544
2021-02-25 08:00:00,1633.69,1638.23,1577.88,1621.93,155786.14849
2021-02-25 12:00:00,1621.84,1671.59,1612.03,1627.57,190930.31941
2021-02-25 16:00:00,1627.37,1636.99,1567.08,1585.3,157488.44739
2021-02-25 20:00:00,1585.24,1587.84,1459.16,1481.75,232230.68272
2021-02-26 00:00:00,1482.08,1515.19,1448.0,1491.25,274724.20124
2021-02-26 04:00:00,1491.13,1530.76,1400.0,1430.39,334256.88351
2021-02-26 08:00:00,1430.59,1494.31,1430.39,1483.74,209420.67999
2021-02-26 12:00:00,1483.74,1541.39,1457.46,1532.48,180075.67062
2021-02-26 16:00:00,1532.46,1562.25,1474.1,1479.5,171552.05512
2021-02-26 20:00:00,1479.69,1484.86,1410.33,1444.59,185943.8033
2021-02-27 00:00:00,1444.56,1517.3,1438.4,1490.86,194438.12447
2021-02-27 04:00:00,1490.84,1529.0,1481.79,1490.3,136790.86009
2021-02-27 08:00:00,1490.32,1493.33,1454.2,1469.81,150279.21054
2021-02-27 12:00:00,1470.02,1494.98,1445.0,1453.55,149810.2977
2021-02-27 16:00:00,1453.57,1515.02,1445.02,1512.0,139862.42152
2021-02-27 20:00:00,1511.99,1523.48,1425.0,1458.13,156242.13318
2021-02-28 00:00:00,1458.27,1468.75,1366.43,1369.29,205459.16526
2021-02-28 04:00:00,1369.29,1398.01,1313.74,1342.5,318218.00038
2021-02-28 08:00:00,1342.43,1384.53,1342.01,1371.53,173253.85303
2021-02-28 12:00:00,1371.67,1379.9,1293.18,1318.22,269136.15715
2021-02-28 16:00:00,1318.29,1395.0,1301.71,1389.24,280190.64621
2021-02-28 20:00:00,1388.96,1442.0,1382.25,1419.18,163949.74081
2021-03-01 00:00:00,1418.67,1456.88,1409.91,1434.06,153113.84493
2021-03-01 04:00:00,1434.06,1451.92,1420.52,1437.74,115720.67733
2021-03-01 08:00:00,1437.74,1531.0,1437.7,1524.96,277769.93318
2021-03-01 12:00:00,1524.95,1555.32,1509.77,1551.73,235136.31729
2021-03-01 16:00:00,1551.75,1565.0,1502.49,1513.26,191474.33712
2021-03-01 20:00:00,1513.35,1572.0,1505.0,1569.86,121480.06854
2021-03-02 00:00:00,1570.0,1602.9,1540.0,1555.48,176457.01329
2021-03-02 04:00:00,1555.7,1583.26,1530.35,1539.03,122226.96041
2021-03-02 08:00:00,1538.9,1573.46,1538.23,1567.59,109282.92257
2021-03-02 12:00:00,1567.59,1592.84,1546.2,1553.48,161008.44954
2021-03-02 16:00:00,1553.3,1563.94,1468.01,1479.91,330020.53929
2021-03-02 20:00:00,1479.8,1493.79,1455.52,1486.78,162146.50233
2021-03-03 00:00:00,1486.79,1526.86,1475.47,1522.67,106997.16894
2021-03-03 04:00:00,1522.68,1576.2,1521.24,1566.35,131024.42857
2021-03-03 08:00:00,1566.35,1614.78,1566.35,1607.24,217630.09818
2021-03-03 12:00:00,1607.28,1656.94,1582.62,1600.57,278431.38483
2021-03-03 16:00:00,1600.58,1635.96,1587.0,1605.93,180530.64563
2021-03-03 20:00:00,1605.93,1613.44,1564.58,1567.69,140232.58856
2021-03-04 00:00:00,1567.68,1624.87,1550.0,1555.08,149180.754
2021-03-04 04:00:00,1555.06,1572.24,1535.21,1571.53,143085.17067
2021-03-04 08:00:00,1571.56,1589.68,1528.01,1561.59,165663.93606
2021-03-04 12:00:00,1561.62,1602.53,1545.48,1577.22,187438.10033
2021-03-04 16:00:00,1576.4,1599.84,1506.45,1526.71,203721.11377
2021-03-04 20:00:00,1526.83,1547.8,1506.36,1539.23,97276.59605
2021-03-05 00:00:00,1539.22,1541.65,1445.45,1481.67,197825.50911
2021-03-05 04:00:00,1481.53,1487.21,1461.56,1474.17,121446.58228
2021-03-05 08:00:00,1474.04,1481.77,1441.66,1480.15,129732.23383
2021-03-05 12:00:00,1480.24,1514.0,1460.96,1481.41,177930.88356
2021-03-05 16:00:00,1481.27,1537.64,1448.52,1533.58,181567.8818
2021-03-05 20:00:00,1533.58,1548.96,1523.43,1528.31,102283.19918
2021-03-06 00:00:00,1528.08,1549.19,1518.29,1531.7,50635.84067
2021-03-06 04:00:00,1531.73,1592.77,1520.05,1589.31,151769.00099
2021-03-06 08:00:00,1589.7,1598.0,1557.03,1564.07,145062.06553
2021-03-06 12:00:00,1564.08,1566.05,1513.03,1544.41,161079.71548
2021-03-06 16:00:00,1544.0,1627.85,1540.62,1620.71,252386.55538
2021-03-06 20:00:00,1620.72,1671.58,1620.72,1650.35,252367.76123
2021-03-07 00:00:00,1650.68,1687.0,1636.09,1648.98,176496.31174
2021-03-07 04:00:00,1648.99,1687.41,1646.93,1684.54,108598.05874
2021-03-07 08:00:00,1684.54,1696.0,1661.72,1678.36,151175.23791
2021-03-07 12:00:00,1678.37,1680.0,1630.35,1652.0,153478.48116
2021-03-07 16:00:00,1651.99,1677.61,1640.84,1658.26,112346.29219
2021-03-07 20:00:00,1658.16,1734.16,1633.0,1726.16,146376.39962
2021-03-08 00:00:00,1726.46,1752.5,1710.87,1723.68,191696.16312
2021-03-08 04:00:00,1723.7,1755.22,1681.41,1690.11,228443.31053
2021-03-08 08:00:00,1690.25,1727.74,1664.96,1723.5,183085.6051
2021-03-08 12:00:00,1723.61,1751.21,1700.0,1742.06,210014.1712
2021-03-08 16:00:00,1742.1,1780.0,1722.35,1773.6,155569.65235
2021-03-08 20:00:00,1773.61,1843.59,1764.2,1833.18,180902.49757
2021-03-09 00:00:00,1833.22,1859.61,1807.14,1848.0,209728.7714
2021-03-09 04:00:00,1848.01,1852.0,1810.34,1811.44,141014.89979
2021-03-09 08:00:00,1812.26,1840.0,1809.7,1827.21,132694.78471
2021-03-09 12:00:00,1827.25,1841.33,1798.2,1832.38,144078.56197
2021-03-09 16:00:00,1832.37,1847.31,1809.77,1828.05,111923.45187
2021-03-09 20:00:00,1828.05,1870.77,1816.47,1870.51,117789.00881
2021-03-10 00:00:00,1870.5,1877.69,1757.0,1777.33,226307.71654
2021-03-10 04:00:00,1777.52,1815.42,1767.16,1806.51,116066.36233
2021-03-10 08:00:00,1806.39,1839.96,1797.44,1814.86,120463.48631
2021-03-10 12:00:00,1815.03,1850.0,1809.78,1831.0,155383.10149
2021-03-10 16:00:00,1831.04,1870.2,1820.75,1838.92,154017.92743
2021-03-10 20:00:00,1838.92,1841.96,1762.83,1795.12,164992.03421
2021-03-11 00:00:00,1795.28,1807.38,1764.0,1802.35,128981.87988
2021-03-11 04:00:00,1802.35,1816.49,1765.0,1766.37,111149.57307
2021-03-11 08:00:00,1766.79,1781.88,1725.0,1779.14,188794.64878
2021-03-11 12:00:00,1779.38,1821.0,1765.23,1795.16,176258.15617
2021-03-11 16:00:00,1795.3,1818.54,1779.06,1793.48,157298.71258
2021-03-11 20:00:00,1793.48,1846.7,1789.28,1825.78,146528.52562
2021-03-12 00:00:00,1825.78,1841.88,1794.35,1818.09,119430.25221
2021-03-12 04:00:00,1817.73,1822.37,1786.0,1794.36,99029.99589
2021-03-12 08:00:00,1794.21,1804.49,1756.0,1773.94,151823.28219
2021-03-12 12:00:00,1773.92,1784.32,1719.72,1775.47,229815.48165
2021-03-12 16:00:00,1775.56,1785.48,1739.0,1739.0,158880.25798
2021-03-12 20:00:00,1739.0,1775.0,1723.22,1766.1,110585.36618
2021-03-13 00:00:00,1766.13,1768.3,1727.75,1759.29,95409.0819
2021-03-13 04:00:00,1759.19,1790.61,1748.24,1790.17,83455.96327
2021-03-13 08:00:00,1790.17,1889.01,1779.67,1871.8,263346.78378
2021-03-13 12:00:00,1871.8,1900.0,1848.81,1876.06,197274.07082
2021-03-13 16:00:00,1876.06,1928.52,1871.91,1926.9,145141.51033
2021-03-13 20:00:00,1926.9,1944.3,1893.44,1922.35,141655.81632
2021-03-14 00:00:00,1922.35,1933.1,1889.0,1911.0,116454.20497
2021-03-14 04:00:00,1911.27,1911.27,1880.0,1886.12,89249.36924
2021-03-14 08:00:00,1886.11,1907.87,1846.51,1878.84,137893.68577
2021-03-14 12:00:00,1878.67,1886.37,1846.72,1858.01,104290.71669
2021-03-14 16:00:00,1858.01,1878.96,1836.0,1871.16,103310.78932
2021-03-14 20:00:00,1870.98,1893.95,1846.44,1848.1,86764.87028
2021-03-15 00:00:00,1848.1,1891.44,1840.0,1885.55,99878.21727
2021-03-15 04:00:00,1884.99,1891.76,1771.48,1793.82,224977.75579
2021-03-15 08:00:00,1793.82,1809.92,1730.0,1770.0,274653.86257
2021-03-15 12:00:00,1770.0,1804.54,1745.52,1765.84,191143.30534
2021-03-15 16:00:00,1765.84,1793.84,1752.0,1785.58,125041.70192
2021-03-15 20:00:00,1785.74,1809.65,1777.58,1793.48,109631.95369
2021-03-16 00:00:00,1793.99,1804.45,1711.68,1748.59,180323.47615
2021-03-16 04:00:00,1748.59,1803.9,1737.0,1799.26,154219.45038
2021-03-16 08:00:00,1799.56,1819.5,1780.96,1792.55,131025.57858
2021-03-16 12:00:00,1792.63,1807.08,1765.46,1803.91,113637.27409
2021-03-16 16:00:00,1803.91,1813.76,1761.92,1784.08,110468.61712
2021-03-16 20:00:00,1784.42,1807.86,1780.18,1805.12,75319.00515
2021-03-17 00:00:00,1805.01,1812.81,1758.53,1766.66,92008.91379
2021-03-17 04:00:00,1766.91,1787.49,1762.25,1785.61,77361.50514
2021-03-17 08:00:00,1785.54,1794.96,1750.43,1759.71,105417.87682
2021-03-17 12:00:00,1759.71,1778.04,1741.18,1772.79,123795.46625
2021-03-17 16:00:00,1772.78,1838.79,1767.19,1827.36,136561.50668
2021-03-17 20:00:00,1827.36,1838.88,1809.06,1823.58,123204.17975
2021-03-18 00:00:00,1823.58,1850.0,1810.72,1833.66,115905.38194
2021-03-18 04:00:00,1833.66,1844.18,1808.87,1815.34,73584.34144
2021-03-18 08:00:00,1815.24,1821.87,1792.07,1799.7,87387.45632
2021-03-18 12:00:00,1799.64,1825.91,1782.0,1822.22,122050.59394
2021-03-18 16:00:00,1822.22,1832.09,1759.04,1767.72,135337.7199
2021-03-18 20:00:00,1767.73,1795.92,1759.22,1776.08,69456.11702
2021-03-19 00:00:00,1775.92,1786.49,1733.47,1780.06,94451.71391
2021-03-19 04:00:00,1780.06,1809.76,1773.78,1793.46,75052.47237
2021-03-19 08:00:00,1793.47,1821.85,1785.28,1819.02,96091.57946
2021-03-19 12:00:00,1819.13,1827.6,1800.0,1821.72,87949.0042
2021-03-19 16:00:00,1821.72,1829.0,1812.02,1826.64,73221.42699
2021-03-19 20:00:00,1826.54,1840.61,1804.01,1809.1,73492.23182
2021-03-20 00:00:00,1809.01,1835.93,1800.86,1832.88,76941.46827
2021-03-20 04:00:00,1832.89,1842.98,1816.93,1822.15,61300.31229
2021-03-20 08:00:00,1822.31,1845.9,1822.31,1841.79,66283.19643
2021-03-20 12:00:00,1841.86,1868.83,1834.83,1855.24,111185.72691
2021-03-20 16:00:00,1855.39,1859.28,1839.17,1847.84,54511.14736
2021-03-20 20:00:00,1847.85,1848.59,1802.02,1806.1,81334.25513
2021-03-21 00:00:00,1806.57,1817.16,1775.71,1787.12,100169.23912
2021-03-21 04:00:00,1787.12,1788.25,1766.21,1779.33,78704.11052
2021-03-21 08:00:00,1779.33,1786.16,1747.0,1772.52,90324.23299
2021-03-21 12:00:00,1772.57,1797.36,1758.35,1789.44,78983.12009
2021-03-21 16:00:00,1789.43,1797.88,1776.0,1795.97,60475.82971
2021-03-21 20:00:00,1795.99,1809.25,1776.43,1782.98,57297.45506
2021-03-22 00:00:00,1783.23,1788.11,1752.95,1782.93,78219.85704
2021-03-22 04:00:00,1783.14,1796.85,1779.5,1789.16,55917.76728
2021-03-22 08:00:00,1789.17,1807.51,1773.81,1795.49,74527.18673
2021-03-22 12:00:00,1795.54,1797.71,1766.32,1778.63,78719.95348
2021-03-22 16:00:00,1778.79,1783.43,1737.37,1737.86,107693.65856
2021-03-22 20:00:00,1737.76,1746.0,1655.15,1680.97,187649.06772
2021-03-23 00:00:00,1681.17,1714.0,1667.24,1702.19,98664.22513
2021-03-23 04:00:00,1702.24,1705.17,1650.0,1679.36,115949.9685
2021-03-23 08:00:00,1679.34,1696.92,1666.66,1687.35,75222.26281
2021-03-23 12:00:00,1687.34,1717.03,1687.08,1702.93,101201.83621
2021-03-23 16:00:00,1702.93,1721.17,1692.46,1705.86,92645.08891
2021-03-23 20:00:00,1705.66,1707.47,1658.5,1668.08,93530.61433
2021-03-24 00:00:00,1668.2,1685.0,1647.52,1678.89,84269.27347
2021-03-24 04:00:00,1678.89,1701.0,1660.0,1695.16,89181.07098
2021-03-24 08:00:00,1695.19,1719.19,1695.0,1714.86,88050.68849
2021-03-24 12:00:00,1714.83,1740.86,1712.65,1721.33,105581.60398
2021-03-24 16:00:00,1721.33,1726.02,1624.09,1635.56,129985.45931
2021-03-24 20:00:00,1635.35,1637.4,1536.92,1581.84,256766.4277
2021-03-25 00:00:00,1581.88,1597.94,1549.4,1572.15,130182.8498
2021-03-25 04:00:00,1572.22,1599.0,1564.0,1573.96,91027.7177
2021-03-25 08:00:00,1573.95,1622.0,1572.65,1592.46,114953.65461
2021-03-25 12:00:00,1592.45,1613.68,1554.32,1594.95,179203.83481
2021-03-25 16:00:00,1594.95,1619.0,1570.0,1605.05,111978.50256
2021-03-25 20:00:00,1605.14,1616.51,1577.31,1585.74,74350.4431
2021-03-26 00:00:00,1585.83,1628.96,1585.79,1618.73,91734.31972
2021-03-26 04:00:00,1618.73,1636.51,1610.01,1629.54,82126.94696
2021-03-26 08:00:00,1629.32,1637.1,1612.32,1617.82,93788.26552
2021-03-26 12:00:00,1617.81,1651.0,1612.91,1641.28,86864.50343
2021-03-26 16:00:00,1641.28,1668.87,1634.31,1664.4,82560.98582
2021-03-26 20:00:00,1664.4,1699.93,1661.77,1698.84,78395.90762
2021-03-27 00:00:00,1698.84,1718.48,1686.48,1693.0,83762.17583
2021-03-27 04:00:00,1693.01,1705.0,1682.51,1692.06,58135.74888
2021-03-27 08:00:00,1692.11,1701.26,1675.64,1681.12,69307.85167
2021-03-27 12:00:00,1681.15,1690.0,1666.41,1682.5,75454.76819
2021-03-27 16:00:00,1682.54,1711.94,1682.33,1704.16,86253.57885
2021-03-27 20:00:00,1704.27,1732.67,1701.74,1712.63,70931.37615
2021-03-28 00:00:00,1712.52,1717.59,1700.66,1710.97,51082.00035
2021-03-28 04:00:00,1711.0,1722.86,1708.39,1718.06,43376.55891
2021-03-28 08:00:00,1717.91,1725.66,1699.63,1703.23,56960.87425
2021-03-28 12:00:00,1703.36,1710.91,1682.06,1709.0,72829.67377
2021-03-28 16:00:00,1709.01,1714.47,1661.4,1675.03,76980.531
2021-03-28 20:00:00,1675.03,1689.24,1664.63,1687.01,47665.87486
2021-03-29 00:00:00,1687.16,1701.0,1677.85,1696.12,53518.01545
2021-03-29 04:00:00,1696.51,1707.85,1685.5,1704.24,54753.35689
2021-03-29 08:00:00,1704.24,1775.17,1704.24,1764.29,155314.23523
2021-03-29 12:00:00,1764.3,1789.99,1760.19,1787.86,113075.48886
2021-03-29 16:00:00,1787.86,1841.0,1775.98,1816.08,187412.14866
2021-03-29 20:00:00,1816.1,1823.56,1798.86,1816.74,83651.21878
2021-03-30 00:00:00,1816.76,1828.0,1786.3,1797.25,93344.86463
2021-03-30 04:00:00,1797.27,1825.0,1787.94,1818.01,81205.92428
2021-03-30 08:00:00,1818.0,1849.74,1804.3,1848.79,144383.98816
2021-03-30 12:00:00,1848.86,1849.04,1826.05,1830.61,101954.79313
2021-03-30 16:00:00,1830.61,1858.29,1827.78,1858.27,86357.1038
2021-03-30 20:00:00,1858.27,1859.13,1833.5,1840.46,61595.33126
2021-03-31 00:00:00,1840.41,1862.55,1810.99,1823.17,93688.18083
2021-03-31 04:00:00,1823.18,1855.55,1801.0,1813.89,100787.02155
2021-03-31 08:00:00,1814.04,1816.38,1768.15,1808.83,128646.17922
2021-03-31 12:00:00,1808.74,1853.92,1797.51,1849.09,96266.23067
2021-03-31 16:00:00,1849.1,1917.77,1838.28,1900.63,170800.10784
2021-03-31 20:00:00,1900.63,1947.29,1891.92,1919.37,156808.13899
2021-04-01 00:00:00,1919.37,1944.66,1912.64,1922.8,96241.04462
2021-04-01 04:00:00,1923.04,1932.01,1899.88,1926.31,99261.47761
2021-04-01 08:00:00,1926.3,1967.83,1906.0,1920.07,156516.20532
2021-04-01 12:00:00,1920.08,1947.99,1911.98,1944.39,102612.90773
2021-04-01 16:00:00,1944.39,1984.77,1885.02,1974.12,200178.83249
2021-04-01 20:00:00,1974.25,1983.36,1950.36,1968.05,86774.60489
2021-04-02 00:00:00,1968.05,2010.45,1948.48,1996.63,178168.7944
2021-04-02 04:00:00,1996.63,2008.5,1980.87,1994.71,102323.45094
2021-04-02 08:00:00,1994.66,2006.88,1982.01,2005.61,87004.70503
2021-04-02 12:00:00,2005.52,2083.5,1986.7,2073.89,213738.25903
2021-04-02 16:00:00,2073.74,2082.32,2031.11,2062.63,114830.03854
2021-04-02 20:00:00,2062.7,2146.0,2061.0,2133.69,150132.68421
2021-04-03 00:00:00,2133.69,2138.12,2079.89,2093.1,114104.77385
2021-04-03 04:00:00,2093.07,2128.48,2087.51,2111.35,86321.39282
2021-04-03 08:00:00,2111.37,2130.0,2067.28,2096.44,108987.06647
2021-04-03 12:00:00,2096.44,2117.8,2069.18,2070.98,117063.63642
2021-04-03 16:00:00,2071.0,2095.69,1996.3,2095.29,210481.60697
2021-04-03 20:00:00,2095.16,2095.44,2007.28,2008.52,133217.84539
2021-04-04 00:00:00,2008.59,2024.9,1975.24,2015.27,131711.28213
2021-04-04 04:00:00,2015.57,2034.59,2002.32,2034.58,75629.03542
2021-04-04 08:00:00,2034.59,2063.49,2028.39,2043.13,85976.67061
2021-04-04 12:00:00,2043.19,2091.83,2032.96,2077.34,94363.53891
2021-04-04 16:00:00,2077.33,2086.16,2055.13,2061.44,72141.26867
2021-04-04 20:00:00,2061.43,2081.19,2051.24,2075.69,54523.9698
2021-04-05 00:00:00,2075.7,2085.0,2022.2,2028.66,82117.84797
2021-04-05 04:00:00,2028.66,2038.0,2002.15,2028.16,119275.48995
2021-04-05 08:00:00,2028.19,2057.04,2010.99,2057.03,96668.70826
2021-04-05 12:00:00,2057.04,2125.0,2053.4,2113.18,170248.07015
2021-04-05 16:00:00,2112.91,2123.02,2087.99,2104.35,117829.36902
2021-04-05 20:00:00,2104.51,2130.64,2084.12,2107.38,98784.12959
2021-04-06 00:00:00,2107.43,2151.0,2107.43,2114.18,101582.30591
2021-04-06 04:00:00,2114.17,2136.48,2090.0,2099.45,88693.49439
2021-04-06 08:00:00,2099.42,2130.37,2084.23,2113.6,140329.89727
2021-04-06 12:00:00,2113.6,2128.98,2044.65,2084.67,152335.60689
2021-04-06 16:00:00,2084.84,2129.35,2074.88,2113.6,112841.24979
2021-04-06 20:00:00,2113.64,2123.68,2085.0,2112.21,77603.5015
2021-04-07 00:00:00,2112.22,2129.01,2080.05,2104.99,74147.10386
2021-04-07 04:00:00,2105.25,2110.0,2067.7,2074.89,107252.76331
2021-04-07 08:00:00,2074.78,2074.78,1957.59,1977.89,234154.73658
2021-04-07 12:00:00,1977.88,2012.22,1930.01,1977.04,205961.0398
2021-04-07 16:00:00,1976.91,2009.06,1937.28,1983.46,156698.96572
2021-04-07 20:00:00,1983.64,2013.97,1957.9,1963.47,114770.29495
2021-04-08 00:00:00,1963.46,1999.39,1947.35,1997.12,87129.85025
2021-04-08 04:00:00,1997.12,2034.0,1995.61,2027.76,84925.89821
2021-04-08 08:00:00,2027.79,2037.0,1982.64,1996.92,89130.92023
2021-04-08 12:00:00,1996.9,2059.92,1992.42,2059.5,99519.95574
2021-04-08 16:00:00,2059.49,2077.23,2051.34,2057.81,73899.82097
2021-04-08 20:00:00,2057.26,2084.61,2043.23,2080.46,66749.5526
2021-04-09 00:00:00,2080.39,2097.73,2068.33,2072.8,55045.29587
2021-04-09 04:00:00,2072.8,2081.76,2057.86,2077.89,56278.62776
2021-04-09 08:00:00,2077.75,2100.0,2061.21,2083.81,95379.6947
2021-04-09 12:00:00,2083.81,2088.92,2053.46,2062.24,91458.69062
2021-04-09 16:00:00,2062.25,2084.0,2047.57,2077.28,79758.86437
2021-04-09 20:00:00,2077.33,2082.4,2056.16,2066.87,48466.26458
2021-04-10 00:00:00,2067.19,2168.91,2058.0,2144.4,143793.36314
2021-04-10 04:00:00,2144.4,2200.0,2140.27,2162.93,188811.27314
2021-04-10 08:00:00,2162.94,2176.83,2150.0,2160.62,76903.44482
2021-04-10 12:00:00,2160.63,2167.0,2130.84,2156.07,93081.85679
2021-04-10 16:00:00,2156.36,2167.57,2121.61,2128.42,79137.88145
2021-04-10 20:00:00,2128.42,2140.75,2083.53,2133.49,73730.3896
2021-04-11 00:00:00,2133.49,2157.13,2123.34,2144.67,63142.67579
2021-04-11 04:00:00,2144.68,2147.0,2113.4,2130.89,66223.60891
2021-04-11 08:00:00,2131.0,2160.52,2125.94,2147.14,71033.19974
2021-04-11 12:00:00,2147.35,2155.52,2123.38,2148.4,74738.95007
2021-04-11 16:00:00,2148.6,2165.02,2130.78,2143.02,68218.16211
2021-04-11 20:00:00,2143.02,2152.0,2125.24,2151.36,48908.91111
2021-04-12 00:00:00,2151.42,2162.5,2130.0,2148.88,67522.85855
2021-04-12 04:00:00,2148.82,2203.46,2142.72,2181.1,131680.73775
2021-04-12 08:00:00,2181.1,2191.16,2119.35,2149.7,136064.19893
2021-04-12 12:00:00,2149.69,2161.38,2115.85,2121.74,98436.57236
2021-04-12 16:00:00,2121.74,2145.34,2102.0,2142.31,89246.47732
2021-04-12 20:00:00,2142.35,2152.0,2136.65,2137.69,56142.51203
2021-04-13 00:00:00,2137.86,2175.51,2135.53,2163.35,79755.29523
2021-04-13 04:00:00,2163.37,2191.85,2150.01,2163.84,104817.48327
2021-04-13 08:00:00,2163.9,2230.0,2163.9,2229.17,193909.80057
2021-04-13 12:00:00,2229.16,2277.0,2218.0,2275.7,147867.99981
2021-04-13 16:00:00,2275.69,2318.0,2250.0,2297.38,177205.16334
2021-04-13 20:00:00,2297.38,2307.8,2267.9,2299.19,79052.87868
2021-04-14 00:00:00,2299.19,2350.0,2281.33,2346.97,114311.8354
2021-04-14 04:00:00,2347.1,2400.0,2338.0,2370.5,164758.90469
2021-04-14 08:00:00,2370.49,2393.51,2310.0,2390.0,159564.28001
2021-04-14 12:00:00,2390.0,2394.08,2293.09,2348.71,205870.75223
2021-04-14 16:00:00,2349.39,2385.97,2301.89,2335.3,180789.18022
2021-04-14 20:00:00,2335.24,2447.29,2323.03,2432.6,147636.65611
2021-04-15 00:00:00,2432.59,2481.0,2400.0,2475.75,128403.25576
2021-04-15 04:00:00,2475.95,2479.94,2445.1,2469.1,95926.61995
2021-04-15 08:00:00,2468.66,2487.38,2405.08,2428.92,114279.29753
2021-04-15 12:00:00,2428.79,2477.41,2423.5,2461.49,98317.40706
2021-04-15 16:00:00,2461.42,2491.0,2433.44,2478.51,103697.02098
2021-04-15 20:00:00,2478.58,2543.47,2477.5,2514.04,141327.36517
2021-04-16 00:00:00,2514.04,2548.29,2475.28,2497.57,142763.7516
2021-04-16 04:00:00,2497.99,2498.62,2367.1,2426.59,230084.0969
2021-04-16 08:00:00,2426.59,2450.0,2321.77,2382.67,203652.56597
2021-04-16 12:00:00,2382.69,2437.24,2300.0,2428.92,212583.47619
2021-04-16 16:00:00,2428.39,2440.88,2400.73,2429.66,121457.77287
2021-04-16 20:00:00,2429.67,2461.94,2418.18,2422.67,88622.08852
2021-04-17 00:00:00,2422.38,2493.12,2422.38,2486.79,107799.72886
2021-04-17 04:00:00,2486.79,2495.0,2451.16,2461.4,77991.19622
2021-04-17 08:00:00,2461.55,2475.65,2391.16,2408.99,100048.18873
2021-04-17 12:00:00,2408.99,2420.68,2330.06,2345.0,143983.88128
2021-04-17 16:00:00,2345.0,2384.25,2310.0,2378.57,127939.29428
2021-04-17 20:00:00,2378.65,2395.54,2313.1,2317.6,66469.96631
2021-04-18 00:00:00,2317.65,2340.0,1946.8,2158.9,348722.73689
2021-04-18 04:00:00,2158.9,2229.91,2127.44,2210.29,332745.13036
2021-04-18 08:00:00,2210.1,2223.0,2038.0,2052.19,333571.91613
2021-04-18 12:00:00,2052.19,2150.0,2046.28,2144.3,213461.52634
2021-04-18 16:00:00,2143.75,2194.56,2135.0,2188.41,125433.52402
2021-04-18 20:00:00,2188.33,2248.98,2187.36,2235.64,121448.8583
2021-04-19 00:00:00,2235.65,2300.0,2198.06,2266.21,133350.60153
2021-04-19 04:00:00,2266.0,2275.0,2232.43,2268.6,85297.83907
2021-04-19 08:00:00,2268.58,2277.84,2190.0,2246.63,130900.60276
2021-04-19 12:00:00,2246.63,2252.82,2080.0,2095.32,239804.03324
2021-04-19 16:00:00,2095.58,2188.38,2082.27,2187.46,138844.24181
2021-04-19 20:00:00,2187.46,2220.0,2152.15,2161.12,92394.94714
2021-04-20 00:00:00,2161.12,2177.04,2065.0,2096.73,125491.90313
2021-04-20 04:00:00,2097.56,2147.32,2055.0,2092.03,143763.02836
2021-04-20 08:00:00,2092.54,2199.89,2087.02,2194.8,166625.65879
2021-04-20 12:00:00,2194.8,2230.0,2140.76,2186.65,172897.49043
2021-04-20 16:00:00,2187.14,2326.43,2172.48,2324.7,222650.3078
2021-04-20 20:00:00,2324.81,2346.62,2293.31,2330.03,160812.42049
2021-04-21 00:00:00,2330.26,2362.98,2279.44,2284.0,196432.4359
2021-04-21 04:00:00,2284.0,2331.0,2272.94,2294.18,134447.90874
2021-04-21 08:00:00,2294.18,2312.5,2235.16,2264.98,169295.35069
2021-04-21 12:00:00,2264.98,2450.0,2258.61,2442.8,309876.61964
2021-04-21 16:00:00,2442.79,2469.54,2396.54,2436.94,174276.4693
2021-04-21 20:00:00,2436.95,2439.88,2335.0,2357.06,193557.07743
2021-04-22 00:00:00,2357.06,2453.28,2313.46,2390.48,360102.94029
2021-04-22 04:00:00,2390.21,2496.0,2387.34,2471.44,276063.27495
2021-04-22 08:00:00,2471.02,2574.0,2409.97,2544.7,407060.74118
2021-04-22 12:00:00,2544.37,2612.14,2540.05,2610.58,311450.50791
2021-04-22 16:00:00,2610.76,2644.47,2468.0,2535.54,421303.60777
2021-04-22 20:00:00,2535.56,2535.56,2303.44,2397.94,444772.02536
2021-04-23 00:00:00,2397.94,2442.89,2116.0,2282.74,735231.27455
2021-04-23 04:00:00,2282.74,2285.64,2117.97,2132.45,558151.24377
2021-04-23 08:00:00,2132.22,2316.06,2107.0,2295.03,457982.20896
2021-04-23 12:00:00,2295.04,2339.0,2193.76,2333.84,351278.73809
2021-04-23 16:00:00,2333.69,2368.43,2278.91,2363.92,240142.21346
2021-04-23 20:00:00,2363.9,2378.03,2298.95,2367.39,189456.76302
2021-04-24 00:00:00,2367.39,2368.74,2227.21,2296.81,217216.79161
2021-04-24 04:00:00,2296.81,2328.0,2258.34,2273.34,131316.17183
2021-04-24 08:00:00,2273.22,2302.7,2154.8,2179.43,215057.75285
2021-04-24 12:00:00,2179.26,2263.43,2160.0,2250.6,192499.05909
2021-04-24 16:00:00,2250.6,2288.81,2211.87,2269.71,116207.98513
2021-04-24 20:00:00,2269.23,2297.38,2198.68,2213.35,125391.18572
2021-04-25 00:00:00,2214.08,2250.27,2181.35,2187.18,118323.36056
2021-04-25 04:00:00,2186.89,2193.45,2184.02,2193.43,161.74877
2021-04-25 08:00:00,2193.33,2294.6,2192.26,2288.0,150969.13116
2021-04-25 12:00:00,2288.0,2356.64,2279.9,2341.59,189379.58595
2021-04-25 16:00:00,2341.59,2355.32,2265.43,2268.57,146722.57588
2021-04-25 20:00:00,2268.51,2321.0,2168.0,2320.49,251960.97986
2021-04-26 00:00:00,2320.44,2473.2,2303.64,2455.16,293334.6105
2021-04-26 04:00:00,2454.9,2488.58,2428.76,2450.0,172560.61151
2021-04-26 08:00:00,2450.0,2525.0,2414.65,2517.3,167843.18062
2021-04-26 12:00:00,2517.38,2521.71,2471.1,2508.19,147713.16255
2021-04-26 16:00:00,2508.2,2531.51,2451.21,2490.91,144377.23333
2021-04-26 20:00:00,2491.22,2542.8,2430.0,2532.6,150640.21516
2021-04-27 00:00:00,2532.06,2548.0,2480.29,2493.16,89725.88316
2021-04-27 04:00:00,2493.16,2566.81,2489.31,2545.63,108139.07263
2021-04-27 08:00:00,2545.66,2577.06,2531.27,2572.7,95427.32285
2021-04-27 12:00:00,2572.69,2670.0,2531.41,2663.01,243947.03796
2021-04-27 16:00:00,2663.01,2680.0,2602.0,2622.55,143459.31122
2021-04-27 20:00:00,2622.85,2670.0,2608.0,2666.13,91029.83669
2021-04-28 00:00:00,2666.13,2716.0,2625.97,2627.29,141707.97571
2021-04-28 04:00:00,2627.3,2649.99,2559.44,2612.24,186428.79157
2021-04-28 08:00:00,2612.25,2709.43,2577.73,2692.04,158990.85599
2021-04-28 12:00:00,2692.05,2734.96,2658.04,2681.02,213267.615
2021-04-28 16:00:00,2681.02,2744.0,2667.55,2737.97,127159.43015
2021-04-28 20:00:00,2737.49,2760.0,2665.55,2748.24,171828.51678
2021-04-29 00:00:00,2748.23,2756.41,2682.07,2694.15,119751.89611
2021-04-29 04:00:00,2694.39,2738.0,2668.0,2730.63,127134.23361
2021-04-29 08:00:00,2730.63,2774.0,2705.0,2762.22,138046.90899
2021-04-29 12:00:00,2762.22,2798.0,2740.15,2777.39,186874.94601
2021-04-29 16:00:00,2777.3,2787.37,2697.63,2725.95,181265.91174
2021-04-29 20:00:00,2725.96,2773.68,2681.0,2757.04,110816.11423
2021-04-30 00:00:00,2757.04,2769.17,2725.93,2743.41,94341.57485
2021-04-30 04:00:00,2743.41,2792.0,2740.4,2774.48,120357.73094
2021-04-30 08:00:00,2774.48,2798.3,2730.11,2739.02,122999.19638
2021-04-30 12:00:00,2739.05,2767.0,2723.09,2736.46,176078.53032
2021-04-30 16:00:00,2736.47,2785.0,2731.67,2783.86,107876.33488
2021-04-30 20:00:00,2783.87,2784.49,2738.0,2772.42,73685.83745
2021-05-01 00:00:00,2772.42,2848.24,2743.41,2839.01,144371.93205
2021-05-01 04:00:00,2838.94,2870.0,2831.7,2858.74,92355.00992
2021-05-01 08:00:00,2858.77,2867.86,2805.24,2857.6,95319.10722
2021-05-01 12:00:00,2857.75,2880.83,2838.86,2866.37,105701.12018
2021-05-01 16:00:00,2866.37,2943.69,2866.07,2925.49,152417.31768
2021-05-01 20:00:00,2925.49,2954.28,2908.33,2944.77,100095.59036
2021-05-02 00:00:00,2944.83,2954.7,2891.86,2901.51,100185.44238
2021-05-02 04:00:00,2901.84,2927.07,2871.5,2892.9,105474.1189
2021-05-02 08:00:00,2892.9,2936.74,2852.26,2936.25,116319.20867
2021-05-02 12:00:00,2936.03,2940.09,2901.78,2929.15,84499.26075
2021-05-02 16:00:00,2929.14,2976.87,2920.0,2963.56,85566.0265
2021-05-02 20:00:00,2963.57,2985.0,2928.34,2949.56,79938.4873
2021-05-03 00:00:00,2949.33,3059.4,2949.32,3054.33,175033.4084
2021-05-03 04:00:00,3054.34,3147.0,3036.53,3146.95,168977.78397
2021-05-03 08:00:00,3146.95,3204.04,3125.39,3151.95,230291.33808
2021-05-03 12:00:00,3151.95,3194.15,3085.06,3163.66,202792.91782
2021-05-03 16:00:00,3163.65,3338.0,3150.89,3301.27,303932.96998
2021-05-03 20:00:00,3301.64,3454.0,3245.56,3431.04,248059.64455
2021-05-04 00:00:00,3431.04,3450.0,3180.61,3232.25,369216.38049
2021-05-04 04:00:00,3232.4,3403.99,3219.1,3313.63,182970.9468
2021-05-04 08:00:00,3314.0,3487.0,3276.7,3480.01,247097.93596
2021-05-04 12:00:00,3480.01,3527.0,3213.35,3228.49,503040.13484
2021-05-04 16:00:00,3228.36,3412.91,3160.0,3412.9,341088.09144
2021-05-04 20:00:00,3412.91,3429.31,3216.47,3239.01,182625.89605
2021-05-05 00:00:00,3239.01,3385.0,3200.23,3296.34,202733.0365
2021-05-05 04:00:00,3296.78,3357.53,3223.0,3339.51,164709.48667
2021-05-05 08:00:00,3339.51,3407.63,3316.56,3352.65,190982.44966
2021-05-05 12:00:00,3352.64,3388.58,3281.63,3305.9,210129.0489
2021-05-05 16:00:00,3305.79,3483.0,3280.62,3480.84,212136.30329
2021-05-05 20:00:00,3480.5,3549.34,3412.25,3524.26,194126.41086
2021-05-06 00:00:00,3524.33,3539.2,3440.17,3469.18,129163.66735
2021-05-06 04:00:00,3469.17,3502.0,3376.47,3439.2,128499.40587
2021-05-06 08:00:00,3439.14,3525.21,3419.21,3523.15,115499.35971
2021-05-06 12:00:00,3523.28,3577.76,3460.0,3551.25,173867.81878
2021-05-06 16:00:00,3551.26,3605.4,3400.2,3482.07,256008.90013
2021-05-06 20:00:00,3482.06,3541.15,3434.55,3489.73,117553.42522
2021-05-07 00:00:00,3489.74,3536.18,3398.29,3424.01,167560.24788
2021-05-07 04:00:00,3424.0,3480.0,3353.23,3434.17,133607.75358
2021-05-07 08:00:00,3434.09,3475.9,3408.04,3443.48,87038.74074
2021-05-07 12:00:00,3442.93,3570.0,3423.0,3560.93,147945.25741
2021-05-07 16:00:00,3560.93,3587.0,3498.28,3512.59,125591.29512
2021-05-07 20:00:00,3512.59,3525.62,3421.11,3479.53,98801.35308
2021-05-08 00:00:00,3479.79,3556.77,3449.27,3532.1,83375.90779
2021-05-08 04:00:00,3531.64,3580.0,3506.22,3527.87,125153.53504
2021-05-08 08:00:00,3527.87,3584.0,3523.03,3540.24,140536.55567
2021-05-08 12:00:00,3540.54,3680.12,3526.38,3631.16,259538.39962
2021-05-08 16:00:00,3632.01,3847.0,3631.75,3811.84,314074.64651
2021-05-08 20:00:00,3811.84,3958.33,3801.19,3910.26,207788.50389
2021-05-09 00:00:00,3910.26,3958.0,3815.02,3870.09,156908.42462
2021-05-09 04:00:00,3870.09,3983.65,3819.99,3937.76,198177.02677
2021-05-09 08:00:00,3937.62,3966.57,3851.4,3851.98,176253.78989
2021-05-09 12:00:00,3851.98,3880.94,3726.08,3878.46,228241.11074
2021-05-09 16:00:00,3878.76,3970.0,3841.19,3862.96,151854.97938
2021-05-09 20:00:00,3862.94,3941.73,3853.74,3923.95,88965.6768
2021-05-10 00:00:00,3923.95,4073.34,3885.91,4054.58,158258.61659
2021-05-10 04:00:00,4054.57,4142.85,4029.12,4105.85,188133.15452
2021-05-10 08:00:00,4105.9,4168.71,3979.0,4066.18,230075.43394
2021-05-10 12:00:00,4066.18,4169.53,4025.94,4156.37,261339.77222
2021-05-10 16:00:00,4155.88,4208.0,3968.6,3991.12,243867.81085
2021-05-10 20:00:00,3990.18,4059.67,3650.0,3945.88,424223.138
2021-05-11 00:00:00,3946.63,4030.49,3771.64,3855.52,285813.55608
2021-05-11 04:00:00,3855.53,3967.0,3832.35,3961.68,152248.98215
2021-05-11 08:00:00,3961.68,4084.13,3901.59,3971.98,181630.103
2021-05-11 12:00:00,3972.16,4035.0,3893.77,4020.99,195030.45666
2021-05-11 16:00:00,4021.0,4097.0,3990.0,4067.06,149906.11924
2021-05-11 20:00:00,4067.0,4180.22,4041.43,4173.45,131297.8869
2021-05-12 00:00:00,4173.46,4351.85,4146.62,4332.81,187074.52683
2021-05-12 04:00:00,4332.12,4370.0,4273.35,4306.42,178262.09058
2021-05-12 08:00:00,4306.42,4319.28,4180.0,4273.91,164091.83028
2021-05-12 12:00:00,4273.91,4372.72,4126.1,4189.07,255550.26738
2021-05-12 16:00:00,4188.94,4215.0,3933.2,4083.92,403329.55615
2021-05-12 20:00:00,4084.45,4245.0,3701.58,3823.21,413534.46895
2021-05-13 00:00:00,3810.15,4034.77,3500.0,3941.08,506851.45275
2021-05-13 04:00:00,3940.82,4025.69,3885.59,3968.0,177491.33971
2021-05-13 08:00:00,3968.0,3986.85,3596.02,3744.47,527059.08285
2021-05-13 12:00:00,3744.46,3900.0,3700.0,3747.02,289663.58478
2021-05-13 16:00:00,3747.01,3874.12,3541.51,3651.75,394956.3707
2021-05-13 20:00:00,3650.3,3783.34,3609.0,3717.91,172686.34348
2021-05-14 00:00:00,3717.92,3903.52,3691.35,3790.81,228873.23574
2021-05-14 04:00:00,3790.8,3900.13,3753.12,3881.66,153570.97464
2021-05-14 08:00:00,3882.09,4030.0,3856.18,3999.82,218234.51944
2021-05-14 12:00:00,3999.8,4162.4,3950.29,4131.29,239914.40667
2021-05-14 16:00:00,4131.3,4173.28,4037.45,4046.35,173435.34966
2021-05-14 20:00:00,4046.41,4110.12,3967.08,4075.01,139361.94016
2021-05-15 00:00:00,4075.02,4134.05,4010.0,4025.63,149763.86441
2021-05-15 04:00:00,4025.63,4059.99,3886.81,3907.66,167731.58471
2021-05-15 08:00:00,3907.66,3962.11,3778.69,3902.03,218912.74536
2021-05-15 12:00:00,3902.03,3934.8,3827.43,3875.52,146769.13372
2021-05-15 16:00:00,3875.52,3875.52,3651.49,3751.43,223216.9343
2021-05-15 20:00:00,3751.84,3831.0,3632.0,3646.68,132780.61832
2021-05-16 00:00:00,3646.24,3853.86,3620.15,3826.23,172396.69457
2021-05-16 04:00:00,3826.63,3879.0,3773.08,3866.75,95943.27486
2021-05-16 08:00:00,3866.62,3867.99,3786.43,3789.69,98531.00758
2021-05-16 12:00:00,3789.98,3804.49,3630.37,3633.45,207811.94195
2021-05-16 16:00:00,3633.53,3671.23,3346.72,3419.22,428663.76902
2021-05-16 20:00:00,3419.81,3588.98,3343.06,3582.1,320718.97077
2021-05-17 00:00:00,3581.81,3587.06,3212.0,3240.13,334919.94393
2021-05-17 04:00:00,3240.74,3531.08,3102.0,3520.85,452258.26937
2021-05-17 08:00:00,3520.87,3575.24,3427.78,3516.52,282566.8961
2021-05-17 12:00:00,3516.71,3544.48,3266.66,3284.75,245411.16019
2021-05-17 16:00:00,3284.99,3402.34,3121.48,3378.75,357378.03631
2021-05-17 20:00:00,3379.26,3453.0,3193.48,3282.51,231478.13408
2021-05-18 00:00:00,3282.25,3419.0,3240.0,3384.57,180542.84117
2021-05-18 04:00:00,3385.28,3559.16,3380.69,3510.02,230510.39416
2021-05-18 08:00:00,3510.07,3565.71,3432.42,3533.89,167187.95613
2021-05-18 12:00:00,3533.46,3539.99,3255.71,3345.5,362104.1217
2021-05-18 16:00:00,3345.49,3438.49,3310.06,3402.38,225177.31277
2021-05-18 20:00:00,3402.69,3464.02,3322.22,3375.07,121588.2155
2021-05-19 00:00:00,3375.08,3441.73,3042.64,3097.23,366461.24579
2021-05-19 04:00:00,3097.23,3133.18,2857.41,2985.0,656066.81564
2021-05-19 08:00:00,2985.0,3006.0,2442.82,2721.08,629923.13116
2021-05-19 12:00:00,2721.08,2780.0,1888.0,2742.61,1531897.38404
2021-05-19 16:00:00,2741.44,2920.44,2555.0,2601.13,695521.3944
2021-05-19 20:00:00,2601.13,2717.42,2427.5,2438.92,429966.34836
2021-05-20 00:00:00,2438.92,2546.03,2155.0,2472.46,821706.82258
2021-05-20 04:00:00,2472.46,2779.0,2454.82,2712.69,517110.1483
2021-05-20 08:00:00,2712.68,2758.99,2567.06,2754.41,391308.07737
2021-05-20 12:00:00,2754.4,2990.05,2708.01,2903.99,485252.54322
2021-05-20 16:00:00,2903.97,2905.7,2581.0,2782.41,490323.96123
2021-05-20 20:00:00,2782.81,2861.84,2689.0,2768.62,237076.3774
2021-05-21 00:00:00,2767.87,2938.54,2760.95,2790.86,241831.76581
2021-05-21 04:00:00,2790.86,2807.0,2679.79,2686.96,272899.22252
2021-05-21 08:00:00,2687.44,2783.21,2619.0,2712.37,274813.91882
2021-05-21 12:00:00,2712.37,2763.09,2378.0,2420.69,730193.47324
2021-05-21 16:00:00,2420.39,2518.86,2306.0,2349.5,602366.35189
2021-05-21 20:00:00,2349.95,2436.76,2101.0,2430.98,604927.20286
2021-05-22 00:00:00,2430.98,2485.0,2305.32,2329.99,288449.93399
2021-05-22 04:00:00,2329.54,2351.45,2145.0,2248.57,423369.66975
2021-05-22 08:00:00,2248.56,2478.0,2246.56,2415.54,315413.04805
2021-05-22 12:00:00,2415.29,2483.3,2290.32,2367.21,285327.17767
2021-05-22 16:00:00,2367.21,2397.0,2251.16,2255.05,213485.71384
2021-05-22 20:00:00,2255.05,2383.83,2254.58,2294.87,158272.46827
2021-05-23 00:00:00,2295.45,2381.57,2252.51,2317.8,180859.5553
2021-05-23 04:00:00,2317.8,2317.8,2127.63,2157.64,272192.37035
2021-05-23 08:00:00,2158.01,2174.82,1986.0,2115.49,672992.73125
2021-05-23 12:00:00,2115.5,2138.27,1866.29,1924.79,723915.42667
2021-05-23 16:00:00,1924.95,1999.0,1728.74,1968.09,713914.04968
2021-05-23 20:00:00,1968.1,2150.0,1967.61,2096.39,350674.598
2021-05-24 00:00:00,2096.63,2200.0,2079.94,2141.29,304731.07108
2021-05-24 04:00:00,2141.29,2297.0,2081.88,2291.1,303162.00817
2021-05-24 08:00:00,2291.44,2377.13,2221.19,2367.74,403902.17336
2021-05-24 12:00:00,2367.66,2529.87,2332.64,2509.07,500820.91559
2021-05-24 16:00:00,2509.61,2663.58,2416.1,2650.86,379326.81092
2021-05-24 20:00:00,2651.42,2675.0,2529.07,2648.43,294689.94333
2021-05-25 00:00:00,2647.92,2750.0,2536.8,2582.48,390927.7426
2021-05-25 04:00:00,2582.41,2683.65,2520.48,2660.48,262449.26941
2021-05-25 08:00:00,2660.39,2674.31,2378.54,2392.72,424054.28465
2021-05-25 12:00:00,2393.15,2650.0,2382.21,2610.47,554270.99964
2021-05-25 16:00:00,2610.6,2622.69,2484.62,2512.12,245076.68623
2021-05-25 20:00:00,2512.12,2735.0,2504.96,2705.11,238570.52192
2021-05-26 00:00:00,2705.1,2850.0,2643.0,2840.45,284810.08957
2021-05-26 04:00:00,2840.47,2898.0,2772.41,2890.62,269367.33508
2021-05-26 08:00:00,2890.61,2910.0,2773.0,2832.87,278276.80203
2021-05-26 12:00:00,2832.62,2867.64,2688.07,2744.78,305755.1503
2021-05-26 16:00:00,2744.79,2792.37,2665.56,2739.85,248923.66372
2021-05-26 20:00:00,2739.88,2887.15,2722.22,2884.94,196666.55181
2021-05-27 00:00:00,2884.82,2889.74,2633.68,2679.26,308166.10521
2021-05-27 04:00:00,2679.26,2760.0,2645.87,2735.02,168535.63864
2021-05-27 08:00:00,2735.03,2841.96,2683.93,2826.88,174176.01442
2021-05-27 12:00:00,2826.87,2867.96,2774.94,2803.99,202982.13317
2021-05-27 16:00:00,2803.85,2814.63,2734.9,2757.66,132104.00006
2021-05-27 20:00:00,2757.66,2795.0,2701.77,2742.23,113066.02056
2021-05-28 00:00:00,2742.23,2762.45,2668.01,2716.07,130071.18824
2021-05-28 04:00:00,2716.06,2716.06,2513.0,2566.13,297925.84895
2021-05-28 08:00:00,2566.69,2583.72,2419.46,2435.66,344697.89145
2021-05-28 12:00:00,2435.65,2617.78,2421.43,2558.36,306519.60616
2021-05-28 16:00:00,2558.92,2572.5,2456.25,2499.51,225177.6718
2021-05-28 20:00:00,2499.14,2525.12,2327.38,2412.1,250192.40702
2021-05-29 00:00:00,2412.34,2546.52,2394.4,2525.29,204510.98568
2021-05-29 04:00:00,2525.29,2574.27,2462.45,2488.96,188918.55019
2021-05-29 08:00:00,2488.76,2497.18,2377.27,2450.75,208435.0227
2021-05-29 12:00:00,2450.75,2451.52,2285.77,2328.92,276498.64175
2021-05-29 16:00:00,2328.84,2390.02,2216.6,2247.04,283552.29646
2021-05-29 20:00:00,2247.09,2323.23,2204.1,2278.74,217511.69173
2021-05-30 00:00:00,2278.74,2319.0,2180.53,2296.12,248160.6996
2021-05-30 04:00:00,2296.47,2463.54,2275.21,2452.33,278557.79805
2021-05-30 08:00:00,2452.32,2476.42,2386.23,2461.56,204315.60294
2021-05-30 12:00:00,2461.92,2468.0,2340.0,2382.48,167627.54288
2021-05-30 16:00:00,2382.04,2465.9,2363.9,2441.9,142086.91992
2021-05-30 20:00:00,2441.9,2460.91,2378.41,2385.98,110364.63544
2021-05-31 00:00:00,2385.82,2414.96,2271.44,2300.77,196782.59192
2021-05-31 04:00:00,2300.98,2455.31,2279.94,2450.42,203037.19605
2021-05-31 08:00:00,2450.3,2587.15,2425.04,2551.46,287631.75741
2021-05-31 12:00:00,2551.81,2643.56,2509.66,2637.48,285272.21373
2021-05-31 16:00:00,2637.47,2677.7,2572.65,2627.2,192289.8983
2021-05-31 20:00:00,2627.2,2720.0,2593.2,2706.15,142944.38327
2021-06-01 00:00:00,2706.15,2740.0,2612.63,2630.79,190770.2435
2021-06-01 04:00:00,2630.66,2716.33,2615.27,2652.53,166661.30183
2021-06-01 08:00:00,2652.37,2672.6,2547.12,2624.09,263021.10974
2021-06-01 12:00:00,2624.23,2666.0,2523.74,2568.49,294840.31972
2021-06-01 16:00:00,2568.62,2588.0,2528.0,2542.67,139025.64246
2021-06-01 20:00:00,2542.68,2650.0,2535.72,2634.57,125258.49081
2021-06-02 00:00:00,2634.31,2650.0,2550.0,2615.4,136515.80375
2021-06-02 04:00:00,2615.46,2708.0,2608.04,2692.6,164370.79365
2021-06-02 08:00:00,2692.6,2720.93,2660.54,2694.35,178191.00393
2021-06-02 12:00:00,2694.39,2798.98,2680.41,2791.24,245997.28928
2021-06-02 16:00:00,2791.07,2802.99,2741.03,2758.19,121961.23912
2021-06-02 20:00:00,2758.19,2763.59,2672.07,2706.22,123034.4059
2021-06-03 00:00:00,2706.21,2730.13,2662.4,2725.8,106261.95999
2021-06-03 04:00:00,2725.81,2849.0,2723.16,2820.32,197420.19133
2021-06-03 08:00:00,2820.03,2891.95,2799.31,2806.63,260920.83204
2021-06-03 12:00:00,2806.63,2845.0,2762.17,2788.11,245724.91264
2021-06-03 16:00:00,2788.11,2850.0,2778.72,2793.29,111808.34118
2021-06-03 20:00:00,2793.29,2875.0,2789.62,2857.25,102154.65705
2021-06-04 00:00:00,2857.25,2860.0,2682.0,2753.27,250924.98276
2021-06-04 04:00:00,2753.27,2764.86,2586.02,2619.69,266238.98751
2021-06-04 08:00:00,2619.69,2665.79,2587.5,2624.53,183275.98119
2021-06-04 12:00:00,2624.53,2674.86,2552.0,2658.01,253579.59324
2021-06-04 16:00:00,2658.01,2712.75,2650.0,2681.08,129656.77074
2021-06-04 20:00:00,2681.07,2739.0,2647.1,2689.51,104637.79647
2021-06-05 00:00:00,2689.54,2781.7,2672.33,2762.33,116490.18573
2021-06-05 04:00:00,2762.36,2812.95,2752.88,2781.06,106105.42043
2021-06-05 08:00:00,2781.44,2816.87,2623.25,2639.9,245244.76224
2021-06-05 12:00:00,2639.9,2663.96,2582.07,2654.99,258227.69787
2021-06-05 16:00:00,2654.85,2655.31,2600.0,2602.77,90248.20275
2021-06-05 20:00:00,2602.77,2646.89,2552.23,2627.73,145507.85511
2021-06-06 00:00:00,2627.63,2694.74,2614.0,2674.19,121530.71672
2021-06-06 04:00:00,2674.19,2709.84,2649.24,2689.43,96614.17808
2021-06-06 08:00:00,2689.44,2745.0,2688.02,2690.75,147658.25844
2021-06-06 12:00:00,2690.75,2733.75,2653.0,2721.0,129178.10878
2021-06-06 16:00:00,2721.01,2737.49,2671.6,2673.87,87880.51153
2021-06-06 20:00:00,2673.95,2719.62,2665.49,2711.92,90930.92014
2021-06-07 00:00:00,2711.92,2800.0,2691.24,2767.38,162320.11284
2021-06-07 04:00:00,2767.18,2797.69,2735.0,2764.42,110625.92926
2021-06-07 08:00:00,2764.61,2838.0,2743.86,2812.65,182132.81984
2021-06-07 12:00:00,2812.82,2847.55,2750.0,2783.0,192230.24518
2021-06-07 16:00:00,2782.99,2790.0,2673.53,2730.3,206430.09995
2021-06-07 20:00:00,2730.31,2741.83,2570.0,2592.05,298388.87149
2021-06-08 00:00:00,2592.05,2620.99,2427.28,2490.96,359459.60793
2021-06-08 04:00:00,2490.96,2532.0,2437.47,2516.15,301195.5638
2021-06-08 08:00:00,2516.05,2559.89,2472.12,2533.03,253549.95575
2021-06-08 12:00:00,2532.33,2539.96,2304.91,2375.36,371953.31604
2021-06-08 16:00:00,2375.37,2513.0,2357.58,2501.15,245891.75634
2021-06-08 20:00:00,2501.15,2550.0,2481.58,2507.23,161697.22773
2021-06-09 00:00:00,2507.43,2524.05,2406.99,2454.86,164120.21021
2021-06-09 04:00:00,2454.86,2548.84,2405.28,2503.09,226241.35194
2021-06-09 08:00:00,2503.08,2546.47,2467.69,2535.48,218757.48546
2021-06-09 12:00:00,2535.6,2581.49,2446.74,2566.92,342555.68582
2021-06-09 16:00:00,2566.94,2626.0,2548.8,2562.73,219019.62221
2021-06-09 20:00:00,2562.73,2626.63,2548.47,2610.18,106023.88447
2021-06-10 00:00:00,2610.2,2624.46,2560.37,2563.15,100787.07056
2021-06-10 04:00:00,2563.01,2575.88,2521.0,2548.12,100794.77666
2021-06-10 08:00:00,2548.12,2605.0,2492.23,2566.31,182534.47025
2021-06-10 12:00:00,2566.3,2570.72,2496.08,2512.02,147152.47227
2021-06-10 16:00:00,2512.01,2524.4,2447.0,2458.69,134511.87035
2021-06-10 20:00:00,2458.71,2495.75,2425.11,2471.09,75456.83917
2021-06-11 00:00:00,2471.01,2497.99,2402.51,2465.1,107294.79986
2021-06-11 04:00:00,2465.1,2490.0,2415.32,2446.08,88125.36808
2021-06-11 08:00:00,2446.08,2485.83,2439.99,2470.73,91496.04897
2021-06-11 12:00:00,2470.73,2480.0,2411.0,2416.04,88288.18002
2021-06-11 16:00:00,2416.27,2429.52,2367.42,2398.12,108808.83196
2021-06-11 20:00:00,2398.12,2411.68,2321.37,2354.01,103351.04469
2021-06-12 00:00:00,2354.09,2365.44,2256.22,2300.18,173043.88331
2021-06-12 04:00:00,2300.19,2325.44,2275.45,2322.12,123603.37461
2021-06-12 08:00:00,2322.12,2397.62,2297.1,2388.7,162050.19817
2021-06-12 12:00:00,2388.71,2454.53,2382.0,2393.08,165909.3274
2021-06-12 16:00:00,2393.05,2426.78,2381.11,2409.71,75400.86372
2021-06-12 20:00:00,2409.72,2422.78,2363.0,2370.74,67431.85119
2021-06-13 00:00:00,2370.64,2419.0,2321.97,2333.41,109171.81034
2021-06-13 04:00:00,2333.74,2347.88,2308.41,2324.25,85270.24733
2021-06-13 08:00:00,2324.25,2379.45,2320.23,2363.04,90352.93472
2021-06-13 12:00:00,2363.04,2383.0,2327.64,2351.6,77645.17801
2021-06-13 16:00:00,2351.43,2445.78,2344.39,2430.27,156282.50838
2021-06-13 20:00:00,2430.28,2548.41,2429.52,2509.33,197226.08108
2021-06-14 00:00:00,2509.33,2543.36,2466.87,2478.34,113688.44883
2021-06-14 04:00:00,2478.33,2510.0,2469.56,2499.73,88799.61459
2021-06-14 08:00:00,2499.73,2501.6,2461.0,2479.54,78948.06329
2021-06-14 12:00:00,2479.54,2580.28,2471.1,2577.17,179611.06692
2021-06-14 16:00:00,2576.66,2609.17,2520.31,2539.57,158964.8095
2021-06-14 20:00:00,2539.56,2585.0,2532.62,2580.77,64171.55309
2021-06-15 00:00:00,2580.58,2624.0,2565.89,2586.82,102326.7707
2021-06-15 04:00:00,2586.83,2640.0,2581.12,2622.58,118196.64645
2021-06-15 08:00:00,2622.62,2624.99,2562.56,2577.46,94691.90484
2021-06-15 12:00:00,2577.45,2607.95,2528.0,2551.31,96995.72697
2021-06-15 16:00:00,2551.31,2614.0,2525.0,2531.59,111920.44971
2021-06-15 20:00:00,2531.59,2566.66,2507.7,2543.54,75695.15066
2021-06-16 00:00:00,2543.55,2543.57,2500.0,2521.89,69530.60274
2021-06-16 04:00:00,2521.88,2556.19,2512.19,2528.1,70812.50105
2021-06-16 08:00:00,2528.09,2542.29,2456.78,2460.06,109176.25114
2021-06-16 12:00:00,2460.0,2468.27,2406.32,2415.95,126730.39497
2021-06-16 16:00:00,2416.44,2458.7,2377.77,2418.86,159151.2768
2021-06-16 20:00:00,2418.86,2424.62,2351.18,2367.89,89340.75688
2021-06-17 00:00:00,2368.02,2440.59,2359.17,2434.38,88067.51621
2021-06-17 04:00:00,2434.38,2460.5,2412.48,2441.01,72766.95309
2021-06-17 08:00:00,2441.01,2454.99,2421.87,2424.5,63351.03721
2021-06-17 12:00:00,2424.51,2426.54,2365.3,2417.24,112380.19715
2021-06-17 16:00:00,2417.29,2425.0,2306.0,2340.18,152794.80011
2021-06-17 20:00:00,2340.19,2380.0,2319.31,2373.28,71307.08189
2021-06-18 00:00:00,2373.28,2378.0,2312.0,2342.16,74346.50088
2021-06-18 04:00:00,2342.17,2369.43,2323.41,2341.62,65130.85262
2021-06-18 08:00:00,2341.62,2357.73,2280.0,2319.89,131815.8141
2021-06-18 12:00:00,2319.91,2325.99,2210.0,2215.0,209377.22186
2021-06-18 16:00:00,2214.99,2245.68,2139.0,2154.42,193639.48141
2021-06-18 20:00:00,2154.42,2236.11,2150.76,2234.09,104595.3311
2021-06-19 00:00:00,2234.09,2255.0,2168.08,2188.46,100561.96814
2021-06-19 04:00:00,2188.34,2248.84,2180.0,2245.51,81290.11872
2021-06-19 08:00:00,2245.49,2257.99,2218.48,2241.13,62749.06178
2021-06-19 12:00:00,2241.05,2278.82,2219.29,2246.66,104460.80473
2021-06-19 16:00:00,2246.66,2254.0,2187.93,2221.18,88550.32633
2021-06-19 20:00:00,2221.21,2229.44,2161.67,2164.67,59259.97027
2021-06-20 00:00:00,2165.34,2193.63,2143.0,2183.38,67873.65778
2021-06-20 04:00:00,2183.36,2222.22,2179.1,2203.97,66544.12608
2021-06-20 08:00:00,2203.92,2210.33,2060.17,2074.28,210074.2369
2021-06-20 12:00:00,2074.28,2126.66,2040.68,2111.21,175609.04867
2021-06-20 16:00:00,2111.2,2240.27,2102.69,2222.78,111415.01542
2021-06-20 20:00:00,2222.77,2280.01,2215.94,2243.47,112367.56256
2021-06-21 00:00:00,2243.49,2260.16,2155.22,2157.07,91853.47316
2021-06-21 04:00:00,2156.63,2162.47,1973.02,2012.43,398530.56527
2021-06-21 08:00:00,2012.53,2055.0,1891.24,1969.15,461090.24407
2021-06-21 12:00:00,1969.5,2023.28,1914.38,1983.84,285288.48407
2021-06-21 16:00:00,1983.89,2000.44,1910.02,1943.52,185709.68871
2021-06-21 20:00:00,1943.69,1956.73,1865.54,1885.49,207347.21048
2021-06-22 00:00:00,1885.27,1998.0,1857.94,1976.18,225526.292
2021-06-22 04:00:00,1976.07,1982.15,1926.88,1944.71,108596.29275
2021-06-22 08:00:00,1944.71,1945.8,1855.0,1866.94,289920.63089
2021-06-22 12:00:00,1866.94,1891.95,1700.48,1861.01,668692.92049
2021-06-22 16:00:00,1861.23,1954.0,1852.7,1895.92,276744.63625
2021-06-22 20:00:00,1895.92,1935.61,1847.76,1879.28,125857.30814
2021-06-23 00:00:00,1879.29,2033.56,1821.95,2012.22,263379.66439
2021-06-23 04:00:00,2012.21,2045.0,1989.0,2005.36,142770.10445
2021-06-23 08:00:00,2005.57,2024.5,1966.45,1991.54,139941.73173
2021-06-23 12:00:00,1991.43,2040.66,1967.42,1974.67,158285.69994
2021-06-23 16:00:00,1974.72,2002.0,1916.0,1916.52,125931.06671
2021-06-23 20:00:00,1916.52,1974.51,1907.83,1968.14,88304.03772
2021-06-24 00:00:00,1967.95,1981.99,1884.79,1905.01,112795.60246
2021-06-24 04:00:00,1905.01,1943.0,1895.37,1919.49,100448.09896
2021-06-24 08:00:00,1919.54,1969.0,1915.21,1965.25,107448.33163
2021-06-24 12:00:00,1965.25,2019.89,1956.9,1985.77,160741.3074
2021-06-24 16:00:00,1985.76,2036.61,1974.0,2011.58,142035.77172
2021-06-24 20:00:00,2011.78,2019.98,1970.0,1989.52,77762.56261
2021-06-25 00:00:00,1989.53,2019.99,1961.56,1995.45,98881.52063
2021-06-25 04:00:00,1995.45,2000.64,1927.18,1944.06,90018.9886
2021-06-25 08:00:00,1944.02,1947.37,1850.0,1852.99,162475.88134
2021-06-25 12:00:00,1852.99,1880.0,1791.22,1827.07,219893.80449
2021-06-25 16:00:00,1827.45,1869.81,1791.79,1851.44,180529.19884
2021-06-25 20:00:00,1851.44,1869.03,1797.65,1808.82,107009.15377
2021-06-26 00:00:00,1808.97,1840.69,1795.0,1819.34,94800.73191
2021-06-26 04:00:00,1819.33,1852.8,1745.0,1752.0,139467.46594
2021-06-26 08:00:00,1751.96,1810.67,1717.32,1802.17,214976.1191
2021-06-26 12:00:00,1801.96,1814.39,1728.0,1779.0,182764.91941
2021-06-26 16:00:00,1779.0,1798.8,1728.99,1784.81,125227.4079
2021-06-26 20:00:00,1785.34,1835.0,1751.9,1829.64,75078.50478
2021-06-27 00:00:00,1829.84,1889.8,1811.73,1882.48,144006.41525
2021-06-27 04:00:00,1882.7,1894.82,1845.7,1867.33,93997.51529
2021-06-27 08:00:00,1867.33,1875.62,1811.6,1839.6,98758.0789
2021-06-27 12:00:00,1839.6,1866.2,1822.74,1844.05,91323.16319
2021-06-27 16:00:00,1844.11,1852.55,1804.26,1823.0,77304.6487
2021-06-27 20:00:00,1822.88,1984.5,1812.12,1982.28,190665.97174
2021-06-28 00:00:00,1982.27,1999.99,1960.52,1967.62,122062.33436
2021-06-28 04:00:00,1967.63,2055.0,1965.0,2048.99,158283.65983
2021-06-28 08:00:00,2048.99,2083.32,1976.02,1999.84,232595.08393
2021-06-28 12:00:00,1999.84,2119.61,1986.29,2117.39,213486.52338
2021-06-28 16:00:00,2116.98,2145.0,2071.1,2114.61,199021.065
2021-06-28 20:00:00,2114.61,2144.0,2061.77,2084.41,118796.01658
2021-06-29 00:00:00,2084.42,2140.4,2073.57,2104.0,119497.05782
2021-06-29 04:00:00,2103.8,2171.35,2098.22,2130.86,141046.65459
2021-06-29 08:00:00,2130.86,2189.0,2113.98,2176.43,157948.43358
2021-06-29 12:00:00,2176.42,2235.0,2158.0,2218.29,197546.82853
2021-06-29 16:00:00,2218.28,2245.0,2202.25,2221.56,101638.12704
2021-06-29 20:00:00,2221.82,2230.0,2155.94,2165.33,113580.13121
2021-06-30 00:00:00,2165.46,2186.89,2119.39,2126.58,110021.55726
2021-06-30 04:00:00,2126.59,2168.0,2087.99,2161.76,168003.21913
2021-06-30 08:00:00,2161.88,2167.02,2106.2,2156.24,139011.71675
2021-06-30 12:00:00,2156.33,2163.75,2089.41,2103.0,127799.35377
2021-06-30 16:00:00,2103.0,2250.0,2094.21,2242.37,186416.55383
2021-06-30 20:00:00,2242.38,2287.78,2221.3,2275.68,179331.20246
2021-07-01 00:00:00,2275.68,2275.93,2183.0,2184.79,110445.08834
2021-07-01 04:00:00,2184.79,2234.81,2128.0,2129.01,150458.69267
2021-07-01 08:00:00,2129.01,2147.01,2090.0,2139.14,165602.41466
2021-07-01 12:00:00,2139.14,2146.38,2073.12,2118.23,161793.51816
2021-07-01 16:00:00,2118.5,2130.0,2075.51,2100.18,124619.9048
2021-07-01 20:00:00,2100.46,2140.0,2100.2,2106.41,74945.63274
2021-07-02 00:00:00,2106.41,2139.0,2033.96,2041.2,116968.24961
2021-07-02 04:00:00,2041.19,2070.0,2018.5,2061.49,108540.01877
2021-07-02 08:00:00,2061.49,2080.46,2018.52,2038.99,128603.09483
2021-07-02 12:00:00,2038.99,2129.0,2031.25,2124.15,150772.31554
2021-07-02 16:00:00,2124.14,2125.0,2083.45,2103.73,79184.90605
2021-07-02 20:00:00,2103.47,2160.0,2082.09,2154.13,88213.78996
2021-07-03 00:00:00,2153.95,2166.0,2112.01,2131.16,71111.63213
2021-07-03 04:00:00,2131.16,2207.41,2124.4,2195.95,118562.36925
2021-07-03 08:00:00,2195.62,2224.33,2187.14,2213.56,130899.41101
2021-07-03 12:00:00,2213.55,2240.0,2206.18,2224.75,97920.4776
2021-07-03 16:00:00,2224.89,2237.72,2209.13,2225.35,65783.84215
2021-07-03 20:00:00,2225.36,2233.29,2187.12,2226.99,84987.06886
2021-07-04 00:00:00,2226.99,2231.07,2189.58,2209.73,56266.80294
2021-07-04 04:00:00,2209.72,2347.75,2208.55,2334.96,163236.66545
2021-07-04 08:00:00,2334.47,2346.29,2309.54,2330.97,89919.66155
2021-07-04 12:00:00,2330.98,2333.31,2306.61,2330.77,66674.73957
2021-07-04 16:00:00,2330.85,2375.0,2327.44,2357.02,102842.64373
2021-07-04 20:00:00,2357.01,2389.93,2300.0,2322.69,111715.73745
2021-07-05 00:00:00,2322.69,2324.64,2243.0,2264.2,130676.14265
2021-07-05 04:00:00,2264.45,2293.49,2250.34,2273.77,106304.70429
2021-07-05 08:00:00,2273.77,2308.91,2175.0,2194.91,176654.9168
2021-07-05 12:00:00,2194.91,2234.96,2185.0,2206.24,115830.54662
2021-07-05 16:00:00,2206.25,2251.0,2157.32,2245.3,162073.15708
2021-07-05 20:00:00,2245.3,2255.0,2193.02,2196.53,90266.84861
2021-07-06 00:00:00,2196.85,2250.0,2193.0,2238.17,79253.82659
2021-07-06 04:00:00,2238.17,2343.71,2237.63,2336.72,146178.23915
2021-07-06 08:00:00,2336.77,2350.0,2253.82,2293.91,218453.28398
2021-07-06 12:00:00,2293.49,2339.91,2278.03,2305.73,163226.99067
2021-07-06 16:00:00,2305.91,2336.28,2284.68,2327.67,102547.54315
2021-07-06 20:00:00,2327.67,2332.0,2273.1,2322.5,75670.28798
2021-07-07 00:00:00,2322.51,2343.72,2291.9,2339.47,137112.72048
2021-07-07 04:00:00,2339.47,2409.0,2329.44,2376.82,167202.9088
2021-07-07 08:00:00,2377.06,2399.0,2363.01,2384.33,86004.53517
2021-07-07 12:00:00,2384.36,2398.0,2320.0,2341.97,128589.33153
2021-07-07 16:00:00,2341.96,2371.52,2327.59,2366.28,67115.91307
2021-07-07 20:00:00,2366.28,2367.83,2306.08,2316.57,80475.94667
2021-07-08 00:00:00,2316.25,2325.6,2235.07,2253.36,156198.27762
2021-07-08 04:00:00,2253.36,2253.37,2165.0,2182.08,182782.66739
2021-07-08 08:00:00,2182.08,2195.0,2124.21,2168.59,190207.92981
2021-07-08 12:00:00,2168.59,2180.06,2130.6,2174.38,137272.7693
2021-07-08 16:00:00,2174.38,2179.47,2135.29,2157.75,104867.75771
2021-07-08 20:00:00,2157.99,2161.66,2084.79,2116.33,108935.63941
2021-07-09 00:00:00,2116.32,2134.26,2046.51,2121.42,154614.59568
2021-07-09 04:00:00,2121.21,2160.0,2105.4,2126.22,121075.61003
2021-07-09 08:00:00,2126.14,2126.79,2071.88,2081.03,114893.99218
2021-07-09 12:00:00,2080.97,2189.4,2064.22,2171.63,198835.26695
2021-07-09 16:00:00,2171.86,2184.17,2121.16,2133.67,84464.66549
2021-07-09 20:00:00,2133.69,2168.53,2123.36,2146.99,64727.23271
2021-07-10 00:00:00,2146.99,2194.82,2123.46,2133.98,96358.88383
2021-07-10 04:00:00,2133.68,2142.84,2096.01,2121.91,83332.98275
2021-07-10 08:00:00,2122.16,2139.02,2085.66,2109.94,88017.77671
2021-07-10 12:00:00,2109.77,2127.0,2092.35,2118.8,61291.36995
2021-07-10 16:00:00,2118.8,2160.0,2074.16,2093.42,111804.37811
2021-07-10 20:00:00,2093.37,2129.0,2077.2,2110.69,58266.46769
2021-07-11 00:00:00,2110.68,2138.61,2084.47,2091.1,55654.30875
2021-07-11 04:00:00,2091.35,2108.15,2081.02,2099.84,43825.45911
2021-07-11 08:00:00,2099.74,2135.0,2090.28,2129.0,64282.7769
2021-07-11 12:00:00,2128.99,2150.5,2113.0,2145.01,64752.82166
2021-07-11 16:00:00,2145.01,2155.71,2128.02,2134.93,48672.31796
2021-07-11 20:00:00,2134.93,2174.0,2123.73,2140.45,65106.71864
2021-07-12 00:00:00,2140.54,2167.55,2125.82,2163.8,59562.76437
2021-07-12 04:00:00,2163.79,2167.83,2140.0,2146.17,52040.71925
2021-07-12 08:00:00,2146.17,2157.66,2100.62,2100.98,80767.20929
2021-07-12 12:00:00,2100.72,2111.18,2083.88,2087.5,82554.66709
2021-07-12 16:00:00,2087.51,2097.3,2006.68,2020.31,173674.74056
2021-07-12 20:00:00,2020.12,2043.21,2009.43,2031.58,92030.00686
2021-07-13 00:00:00,2031.57,2043.91,2013.72,2030.01,64084.11632
2021-07-13 04:00:00,2030.01,2034.45,1976.91,2027.72,138863.78365
2021-07-13 08:00:00,2027.73,2047.35,1993.01,1997.43,98797.52445
2021-07-13 12:00:00,1997.43,2007.63,1960.18,1998.94,147118.1192
2021-07-13 16:00:00,1998.93,2007.57,1918.0,1924.32,118708.52078
2021-07-13 20:00:00,1924.33,1956.88,1919.01,1940.15,79816.18529
2021-07-14 00:00:00,1940.44,1945.55,1865.0,1884.33,143230.85257
2021-07-14 04:00:00,1884.21,1906.88,1865.31,1899.7,97014.98822
2021-07-14 08:00:00,1899.7,1958.62,1871.44,1949.0,141611.54308
2021-07-14 12:00:00,1949.04,2019.18,1938.72,1995.82,169832.65641
2021-07-14 16:00:00,1995.4,2014.97,1971.58,1980.22,84429.13883
2021-07-14 20:00:00,1980.41,2010.46,1979.84,1994.58,54386.43026
2021-07-15 00:00:00,1994.41,2042.88,1972.43,1979.28,112931.80314
2021-07-15 04:00:00,1979.06,1985.46,1942.61,1954.02,84180.8882
2021-07-15 08:00:00,1954.01,1978.41,1905.0,1912.97,130058.97708
2021-07-15 12:00:00,1912.96,1940.88,1884.34,1913.79,152490.81805
2021-07-15 16:00:00,1913.86,1930.45,1881.0,1917.38,113519.72941
2021-07-15 20:00:00,1917.59,1935.81,1900.41,1919.51,52089.10975
2021-07-16 00:00:00,1919.54,1957.71,1895.86,1949.04,86074.39561
2021-07-16 04:00:00,1949.03,1965.0,1897.1,1912.47,70547.74995
2021-07-16 08:00:00,1912.47,1913.02,1850.0,1852.27,136016.30106
2021-07-16 12:00:00,1852.26,1935.0,1850.12,1934.47,142847.1977
2021-07-16 16:00:00,1934.47,1940.0,1903.58,1913.17,77846.86426
2021-07-16 20:00:00,1913.37,1920.94,1870.11,1876.26,63736.38866
2021-07-17 00:00:00,1876.47,1900.56,1857.57,1867.0,83172.48899
2021-07-17 04:00:00,1867.0,1895.0,1861.73,1877.98,54872.59286
2021-07-17 08:00:00,1877.94,1909.46,1844.45,1864.47,92320.92553
2021-07-17 12:00:00,1864.47,1894.64,1860.0,1886.86,75094.65333
2021-07-17 16:00:00,1886.86,1919.19,1880.43,1908.0,79348.32103
2021-07-17 20:00:00,1908.01,1915.82,1889.0,1899.59,45491.53404
2021-07-18 00:00:00,1899.5,1993.79,1896.55,1981.77,153948.90636
2021-07-18 04:00:00,1981.77,1989.5,1953.53,1959.0,77600.76172
2021-07-18 08:00:00,1959.0,1973.77,1949.46,1965.59,60350.11981
2021-07-18 12:00:00,1965.59,1973.24,1880.23,1890.86,108676.2857
2021-07-18 16:00:00,1891.0,1911.42,1877.1,1901.04,62395.46717
2021-07-18 20:00:00,1900.75,1928.57,1881.0,1891.64,71866.09578
2021-07-19 00:00:00,1891.65,1908.05,1865.47,1885.59,72589.78963
2021-07-19 04:00:00,1885.3,1919.0,1881.25,1891.56,64015.14601
2021-07-19 08:00:00,1891.56,1900.77,1855.16,1862.2,91952.22107
2021-07-19 12:00:00,1862.2,1868.3,1805.0,1820.25,209408.88411
2021-07-19 16:00:00,1820.25,1832.63,1808.0,1824.98,68962.44306
2021-07-19 20:00:00,1824.98,1829.37,1810.52,1818.73,40491.45383
2021-07-20 00:00:00,1818.73,1841.34,1706.0,1728.59,259552.63229
2021-07-20 04:00:00,1728.6,1769.39,1723.82,1762.07,128689.53799
2021-07-20 08:00:00,1762.06,1764.56,1718.64,1755.99,130488.70695
2021-07-20 12:00:00,1756.0,1812.0,1734.48,1805.29,136351.14686
2021-07-20 16:00:00,1805.16,1819.88,1776.5,1789.39,73605.76058
2021-07-20 20:00:00,1789.32,1804.99,1765.43,1786.03,57569.48733
2021-07-21 00:00:00,1786.03,1808.88,1747.55,1801.87,95711.88385
2021-07-21 04:00:00,1801.87,1881.23,1800.78,1875.25,194047.94738
2021-07-21 08:00:00,1875.25,1913.69,1860.01,1906.84,173702.2574
2021-07-21 12:00:00,1906.97,1958.91,1893.55,1954.5,174780.61511
2021-07-21 16:00:00,1954.83,2035.23,1936.16,1937.23,352954.55232
2021-07-21 20:00:00,1937.1,1995.5,1931.29,1995.5,124752.56427
2021-07-22 00:00:00,1995.5,2024.47,1959.88,1976.59,146140.02971
2021-07-22 04:00:00,1976.59,2013.44,1964.0,1991.88,113459.85425
2021-07-22 08:00:00,1991.88,2018.0,1968.0,1983.99,129500.33275
2021-07-22 12:00:00,1983.99,2043.45,1947.62,2033.56,216679.23271
2021-07-22 16:00:00,2033.57,2046.0,2013.84,2029.14,95263.50042
2021-07-22 20:00:00,2029.18,2029.99,1989.45,2024.56,67811.41606
2021-07-23 00:00:00,2024.27,2077.98,2014.45,2059.91,119585.73821
2021-07-23 04:00:00,2059.91,2094.28,2054.36,2064.95,111189.11273
2021-07-23 08:00:00,2064.95,2073.39,2039.22,2054.49,96431.06342
2021-07-23 12:00:00,2054.49,2078.0,2045.78,2047.75,87435.92005
2021-07-23 16:00:00,2047.75,2050.0,1993.22,2020.58,133747.17449
2021-07-23 20:00:00,2020.58,2130.9,2014.83,2124.25,159771.90432
2021-07-24 00:00:00,2124.26,2140.0,2105.58,2138.61,98721.33033
2021-07-24 04:00:00,2138.62,2146.01,2123.21,2132.3,82481.55738
2021-07-24 08:00:00,2132.3,2168.0,2115.6,2154.86,109274.01993
2021-07-24 12:00:00,2154.85,2180.0,2144.13,2150.59,120905.26702
2021-07-24 16:00:00,2150.56,2199.5,2140.18,2145.72,145338.68955
2021-07-24 20:00:00,2145.71,2188.93,2126.99,2184.75,76354.32171
2021-07-25 00:00:00,2184.9,2194.8,2136.5,2151.96,87382.51021
2021-07-25 04:00:00,2151.77,2186.0,2145.21,2175.3,78095.04032
2021-07-25 08:00:00,2175.47,2183.7,2152.0,2159.98,80617.26147
2021-07-25 12:00:00,2159.98,2159.98,2105.93,2138.18,127709.46245
2021-07-25 16:00:00,2138.19,2165.0,2121.54,2153.13,80267.98815
2021-07-25 20:00:00,2153.13,2197.41,2144.73,2189.79,81558.0074
2021-07-26 00:00:00,2189.82,2340.0,2171.57,2317.03,409170.64766
2021-07-26 04:00:00,2317.02,2390.0,2301.75,2325.59,229377.09196
2021-07-26 08:00:00,2325.6,2360.12,2296.58,2341.51,140309.07056
2021-07-26 12:00:00,2341.37,2358.58,2308.29,2341.58,121732.21747
2021-07-26 16:00:00,2341.66,2433.65,2335.11,2362.68,196156.63287
2021-07-26 20:00:00,2362.48,2367.91,2205.47,2228.08,296992.50248
2021-07-27 00:00:00,2227.81,2241.3,2150.5,2172.81,195179.65344
2021-07-27 04:00:00,2172.81,2212.0,2165.43,2202.02,131519.78252
2021-07-27 08:00:00,2201.87,2278.36,2193.02,2278.35,124652.16618
2021-07-27 12:00:00,2278.35,2319.26,2241.16,2277.35,216011.14621
2021-07-27 16:00:00,2277.35,2283.68,2201.66,2229.34,131120.12052
2021-07-27 20:00:00,2229.36,2311.72,2228.41,2299.49,107876.36591
2021-07-28 00:00:00,2299.47,2335.0,2265.36,2288.26,146180.97529
2021-07-28 04:00:00,2288.27,2304.21,2243.15,2296.14,113650.19293
2021-07-28 08:00:00,2296.0,2345.0,2276.01,2330.42,129517.78041
2021-07-28 12:00:00,2330.43,2333.21,2268.15,2292.3,119588.73987
2021-07-28 16:00:00,2292.31,2328.97,2251.02,2309.76,150905.80139
2021-07-28 20:00:00,2309.92,2313.88,2281.73,2300.9,58359.08738
2021-07-29 00:00:00,2300.9,2307.77,2266.12,2277.71,66017.33786
2021-07-29 04:00:00,2277.71,2306.0,2271.0,2295.13,54423.33649
2021-07-29 08:00:00,2295.13,2328.97,2283.23,2293.9,91817.83644
2021-07-29 12:00:00,2293.9,2335.0,2283.57,2323.91,90511.60409
2021-07-29 16:00:00,2323.92,2343.0,2302.0,2311.41,74448.47308
2021-07-29 20:00:00,2311.37,2400.0,2305.01,2382.92,122146.247
2021-07-30 00:00:00,2382.93,2450.0,2366.14,2422.21,171443.04816
2021-07-30 04:00:00,2422.22,2429.37,2384.49,2404.31,97061.70815
2021-07-30 08:00:00,2404.49,2406.17,2315.92,2334.84,148580.57649
2021-07-30 12:00:00,2335.15,2357.99,2322.84,2346.66,83774.84715
2021-07-30 16:00:00,2346.64,2379.11,2334.0,2378.91,66598.18
2021-07-30 20:00:00,2378.9,2471.7,2374.67,2461.81,195118.92802
2021-07-31 00:00:00,2461.77,2483.38,2438.7,2463.18,96627.47836
2021-07-31 04:00:00,2463.18,2467.57,2420.68,2442.16,68157.97233
2021-07-31 08:00:00,2442.03,2477.63,2439.0,2458.58,93356.57499
2021-07-31 12:00:00,2458.29,2467.66,2432.0,2458.01,59689.29223
2021-07-31 16:00:00,2458.01,2466.17,2434.5,2456.6,58139.89817
2021-07-31 20:00:00,2456.58,2553.86,2444.51,2531.05,131629.83418
2021-08-01 00:00:00,2531.1,2619.99,2511.24,2616.5,132279.95627
2021-08-01 04:00:00,2616.51,2636.91,2580.46,2586.18,140631.51625
2021-08-01 08:00:00,2586.42,2611.61,2561.64,2587.01,93109.85426
2021-08-01 12:00:00,2587.0,2607.92,2571.31,2583.21,89344.98586
2021-08-01 16:00:00,2583.21,2664.9,2530.0,2655.56,188893.55802
2021-08-01 20:00:00,2655.7,2697.61,2528.05,2555.69,209236.07012
2021-08-02 00:00:00,2555.5,2579.41,2507.0,2560.0,126076.72727
2021-08-02 04:00:00,2560.17,2639.47,2542.61,2617.74,109631.22528
2021-08-02 08:00:00,2617.75,2624.28,2557.49,2590.6,117159.91711
2021-08-02 12:00:00,2590.6,2658.8,2561.23,2633.26,153511.86954
2021-08-02 16:00:00,2633.4,2666.0,2595.62,2602.07,121127.78082
2021-08-02 20:00:00,2602.06,2637.98,2582.32,2606.93,99194.3295
2021-08-03 00:00:00,2606.92,2632.44,2517.22,2533.69,140408.34213
2021-08-03 04:00:00,2533.68,2545.03,2442.32,2493.22,179800.17548
2021-08-03 08:00:00,2493.1,2525.02,2459.64,2489.13,122330.1259
2021-08-03 12:00:00,2489.13,2540.55,2451.0,2496.57,162141.57076
2021-08-03 16:00:00,2496.62,2510.96,2451.14,2474.99,100306.20666
2021-08-03 20:00:00,2474.69,2530.19,2452.34,2509.04,87974.42282
2021-08-04 00:00:00,2508.51,2538.24,2482.66,2484.82,90177.34816
2021-08-04 04:00:00,2484.82,2518.0,2465.0,2478.71,84578.07066
2021-08-04 08:00:00,2478.82,2512.52,2457.68,2505.8,95347.57717
2021-08-04 12:00:00,2505.81,2697.12,2504.76,2672.58,322663.39208
2021-08-04 16:00:00,2672.57,2726.48,2665.0,2694.91,216134.20809
2021-08-04 20:00:00,2694.9,2772.71,2688.66,2724.78,145690.15744
2021-08-05 00:00:00,2724.55,2742.0,2660.84,2712.01,145832.39749
2021-08-05 04:00:00,2712.01,2721.34,2667.28,2681.7,96908.3731
2021-08-05 08:00:00,2681.81,2692.06,2574.57,2622.22,226379.19575
2021-08-05 12:00:00,2622.26,2820.0,2529.91,2755.08,492343.68631
2021-08-05 16:00:00,2755.19,2830.0,2746.55,2796.73,225265.65508
2021-08-05 20:00:00,2796.73,2843.98,2786.39,2826.99,120990.89881
2021-08-06 00:00:00,2827.01,2844.44,2751.42,2760.87,132956.11195
2021-08-06 04:00:00,2760.87,2813.5,2750.0,2767.67,95766.55677
2021-08-06 08:00:00,2767.65,2782.36,2733.33,2736.26,92147.68201
2021-08-06 12:00:00,2736.27,2848.0,2720.06,2838.27,154238.16492
2021-08-06 16:00:00,2838.27,2946.75,2836.99,2928.67,258623.65072
2021-08-06 20:00:00,2929.15,2939.43,2870.94,2891.58,91667.32
2021-08-07 00:00:00,2891.54,2938.99,2865.5,2935.12,107849.55845
2021-08-07 04:00:00,2935.12,2982.95,2927.0,2955.76,140648.28575
2021-08-07 08:00:00,2955.76,3114.5,2942.52,3105.5,256761.00176
2021-08-07 12:00:00,3105.44,3171.0,3053.38,3082.97,316791.35237
2021-08-07 16:00:00,3082.97,3100.0,2993.27,3075.02,214238.28318
2021-08-07 20:00:00,3075.0,3170.0,3057.27,3160.31,168988.61944
2021-08-08 00:00:00,3160.48,3189.99,3072.55,3119.92,200516.69176
2021-08-08 04:00:00,3119.95,3187.0,3092.76,3137.84,161980.42995
2021-08-08 08:00:00,3137.85,3160.0,3081.34,3101.3,123790.36625
2021-08-08 12:00:00,3101.31,3149.92,3014.7,3030.77,169215.75253
2021-08-08 16:00:00,3030.77,3069.98,2949.03,2984.44,183497.44908
2021-08-08 20:00:00,2984.78,3065.0,2962.0,3011.85,127349.01622
2021-08-09 00:00:00,3011.84,3035.0,2900.0,2948.31,220148.04474
2021-08-09 04:00:00,2948.3,2964.9,2893.23,2944.11,114167.22456
2021-08-09 08:00:00,2944.11,3141.64,2932.11,3133.42,251395.97427
2021-08-09 12:00:00,3133.41,3172.0,3080.16,3166.61,225710.98615
2021-08-09 16:00:00,3166.62,3186.0,3128.08,3147.74,130113.84348
2021-08-09 20:00:00,3147.74,3178.97,3036.25,3160.52,188048.54294
2021-08-10 00:00:00,3160.51,3200.0,3092.37,3115.39,140435.82888
2021-08-10 04:00:00,3115.39,3147.78,3089.42,3141.21,99607.53424
2021-08-10 08:00:00,3141.2,3172.0,3111.78,3122.97,119081.26327
2021-08-10 12:00:00,3122.97,3233.0,3093.0,3121.05,255234.09517
2021-08-10 16:00:00,3121.04,3145.0,3051.22,3142.71,144171.38953
2021-08-10 20:00:00,3142.83,3190.0,3122.0,3141.66,122145.63334
2021-08-11 00:00:00,3141.14,3186.89,3120.27,3159.11,95533.17099
2021-08-11 04:00:00,3159.21,3248.78,3146.47,3231.74,177955.22679
2021-08-11 08:00:00,3231.75,3248.47,3204.05,3214.39,110121.54124
2021-08-11 12:00:00,3214.39,3274.0,3206.25,3245.22,132981.30073
2021-08-11 16:00:00,3245.23,3257.0,3220.0,3249.65,88080.30947
2021-08-11 20:00:00,3249.66,3264.8,3150.0,3160.5,127875.05511
2021-08-12 00:00:00,3160.4,3239.0,3147.11,3211.95,84094.42459
2021-08-12 04:00:00,3211.96,3219.87,3093.14,3141.63,149304.15987
2021-08-12 08:00:00,3141.64,3171.7,3085.93,3094.34,113665.78451
2021-08-12 12:00:00,3094.31,3118.4,3020.0,3029.76,166067.7765
2021-08-12 16:00:00,3029.83,3066.97,2979.29,3048.55,144958.63204
2021-08-12 20:00:00,3048.56,3073.95,2985.91,3045.96,79537.68057
2021-08-13 00:00:00,3046.11,3097.0,3033.8,3088.22,50008.14934
2021-08-13 04:00:00,3088.23,3231.83,3088.22,3222.99,86598.86132
2021-08-13 08:00:00,3222.99,3260.25,3212.55,3213.68,130979.74776
2021-08-13 12:00:00,3213.68,3245.0,3179.49,3214.04,100034.62658
2021-08-13 16:00:00,3214.04,3243.68,3197.82,3224.98,57106.86402
2021-08-13 20:00:00,3224.98,3327.83,3211.93,3322.32,154605.15421
2021-08-14 00:00:00,3322.33,3326.0,3283.3,3295.49,69793.88276
2021-08-14 04:00:00,3295.49,3323.86,3277.04,3307.39,60828.2766
2021-08-14 08:00:00,3307.82,3330.98,3200.0,3244.76,153000.37093
2021-08-14 12:00:00,3244.84,3276.7,3210.0,3270.71,88740.60802
2021-08-14 16:00:00,3270.41,3289.0,3231.0,3262.33,57691.58441
2021-08-14 20:00:00,3262.58,3277.48,3215.01,3263.16,56047.81515
2021-08-15 00:00:00,3263.16,3289.8,3245.66,3247.62,62541.6329
2021-08-15 04:00:00,3247.63,3257.75,3155.0,3161.5,88682.40586
2021-08-15 08:00:00,3161.5,3176.69,3132.69,3160.55,100606.38297
2021-08-15 12:00:00,3160.54,3197.63,3135.0,3156.7,96285.43564
2021-08-15 16:00:00,3156.98,3218.66,3111.13,3207.88,89998.6637
2021-08-15 20:00:00,3207.87,3320.0,3201.83,3307.09,127465.15658
2021-08-16 00:00:00,3307.35,3335.0,3258.68,3260.94,110385.25126
2021-08-16 04:00:00,3260.93,3311.84,3258.68,3276.16,91075.2032
2021-08-16 08:00:00,3276.16,3310.0,3248.31,3290.26,100559.23614
2021-08-16 12:00:00,3290.27,3298.35,3182.73,3223.84,143496.18683
2021-08-16 16:00:00,3223.84,3245.0,3162.5,3176.85,72744.09637
2021-08-16 20:00:00,3177.04,3201.52,3135.22,3146.53,117407.08042
2021-08-17 00:00:00,3147.18,3210.28,3115.63,3194.69,101267.75116
2021-08-17 04:00:00,3194.97,3215.65,3135.27,3171.0,88636.87538
2021-08-17 08:00:00,3170.81,3279.99,3168.39,3257.71,115730.41558
2021-08-17 12:00:00,3257.71,3290.0,3159.92,3165.82,148097.76295
2021-08-17 16:00:00,3165.83,3190.68,3102.08,3116.91,123216.93825
2021-08-17 20:00:00,3116.92,3126.56,2991.89,3011.72,228046.32639
2021-08-18 00:00:00,3011.73,3050.61,2950.0,3049.87,146895.23483
2021-08-18 04:00:00,3049.87,3085.21,3023.08,3030.37,76794.38938
2021-08-18 08:00:00,3030.37,3068.51,2989.6,2999.84,87972.97972
2021-08-18 12:00:00,2999.85,3114.83,2995.56,3111.23,120270.25711
2021-08-18 16:00:00,3111.24,3125.81,3022.0,3030.81,113738.94116
2021-08-18 20:00:00,3030.8,3060.41,2998.02,3014.55,79431.45348
2021-08-19 00:00:00,3014.18,3051.7,2966.0,2966.99,134716.81506
2021-08-19 04:00:00,2966.14,3018.0,2958.33,2995.37,109219.90414
2021-08-19 08:00:00,2995.36,3021.39,2972.89,2973.39,70262.34248
2021-08-19 12:00:00,2973.39,3077.88,2963.37,3067.67,116034.43538
2021-08-19 16:00:00,3067.66,3163.57,3023.59,3147.58,124473.67044
2021-08-19 20:00:00,3147.59,3188.0,3142.01,3184.12,80062.75424
2021-08-20 00:00:00,3184.11,3243.6,3177.16,3217.83,117637.47955
2021-08-20 04:00:00,3217.84,3235.0,3203.79,3216.59,71737.82164
2021-08-20 08:00:00,3216.59,3227.31,3188.06,3204.33,68252.06461
2021-08-20 12:00:00,3204.33,3300.0,3202.82,3283.38,147574.62709
2021-08-20 16:00:00,3283.37,3298.0,3218.3,3252.75,87207.29568
2021-08-20 20:00:00,3252.76,3295.0,3244.74,3284.82,65718.16683
2021-08-21 00:00:00,3284.81,3287.0,3233.92,3276.44,61894.42486
2021-08-21 04:00:00,3276.45,3304.83,3255.07,3293.56,72885.43136
2021-08-21 08:00:00,3293.56,3309.16,3238.11,3249.61,103844.95214
2021-08-21 12:00:00,3249.4,3296.76,3244.0,3271.22,67786.06083
2021-08-21 16:00:00,3271.22,3292.1,3207.0,3217.41,72491.43185
2021-08-21 20:00:00,3217.41,3261.54,3212.21,3223.43,42253.7898
2021-08-22 00:00:00,3223.36,3257.26,3217.0,3226.01,39563.55664
2021-08-22 04:00:00,3226.01,3271.0,3225.0,3261.83,44033.72243
2021-08-22 08:00:00,3261.69,3272.0,3240.42,3255.71,46464.65727
2021-08-22 12:00:00,3255.71,3263.98,3154.42,3181.54,123711.83709
2021-08-22 16:00:00,3181.54,3193.0,3126.42,3175.25,70372.54645
2021-08-22 20:00:00,3175.25,3253.45,3134.08,3238.0,82332.75666
2021-08-23 00:00:00,3238.0,3355.0,3230.02,3340.22,165473.54929
2021-08-23 04:00:00,3340.22,3354.44,3312.72,3323.86,108048.04303
2021-08-23 08:00:00,3323.86,3364.59,3316.21,3342.98,78004.21068
2021-08-23 12:00:00,3342.98,3377.89,3296.58,3325.98,118646.69119
2021-08-23 16:00:00,3325.97,3355.58,3304.29,3309.62,70703.07797
2021-08-23 20:00:00,3309.63,3344.85,3280.0,3321.28,61227.87398
2021-08-24 00:00:00,3321.28,3350.0,3281.96,3324.33,67679.37504
2021-08-24 04:00:00,3324.04,3357.85,3315.95,3346.6,57269.62526
2021-08-24 08:00:00,3346.61,3352.98,3298.0,3323.01,59875.59772
2021-08-24 12:00:00,3323.01,3324.83,3200.01,3211.54,156006.81718
2021-08-24 16:00:00,3211.54,3230.0,3147.31,3217.44,138238.63543
2021-08-24 20:00:00,3217.45,3225.0,3166.6,3170.62,61410.0279
2021-08-25 00:00:00,3170.63,3216.0,3168.32,3175.0,59090.8329
2021-08-25 04:00:00,3175.0,3222.26,3160.06,3183.6,61988.71372
2021-08-25 08:00:00,3183.38,3187.92,3080.0,3139.68,132193.6485
2021-08-25 12:00:00,3139.69,3224.0,3102.67,3217.17,118217.31369
2021-08-25 16:00:00,3217.17,3248.0,3201.0,3214.5,68133.66721
2021-08-25 20:00:00,3214.49,3239.93,3198.3,3226.87,44073.51842
2021-08-26 00:00:00,3226.88,3250.0,3140.73,3148.84,74431.58494
2021-08-26 04:00:00,3148.84,3167.08,3061.01,3105.16,100581.57721
2021-08-26 08:00:00,3105.16,3118.59,3072.89,3087.54,70851.6939
2021-08-26 12:00:00,3087.55,3148.2,3053.3,3104.77,97590.28847
2021-08-26 16:00:00,3104.76,3134.0,3075.09,3108.72,58306.0674
2021-08-26 20:00:00,3109.04,3147.0,3088.25,3093.2,40537.2618
2021-08-27 00:00:00,3093.06,3144.99,3060.18,3094.26,72552.846
2021-08-27 04:00:00,3094.16,3131.42,3075.79,3127.11,55637.0664
2021-08-27 08:00:00,3126.17,3173.62,3102.5,3154.73,60235.81612
2021-08-27 12:00:00,3155.46,3250.81,3132.29,3238.97,131293.04351
2021-08-27 16:00:00,3238.96,3250.0,3220.16,3232.36,57945.3451
2021-08-27 20:00:00,3232.36,3280.0,3222.63,3273.45,73363.68998
2021-08-28 00:00:00,3273.89,3287.0,3239.23,3244.46,48552.27231
2021-08-28 04:00:00,3244.46,3258.64,3223.3,3230.16,41334.1535
2021-08-28 08:00:00,3230.28,3259.0,3210.31,3222.24,47163.7043
2021-08-28 12:00:00,3222.24,3247.93,3211.01,3246.15,53173.3935
2021-08-28 16:00:00,3246.38,3265.0,3220.0,3230.24,47637.2968
2021-08-28 20:00:00,3230.24,3254.65,3226.91,3244.48,24499.5288
2021-08-29 00:00:00,3244.75,3285.0,3160.0,3180.28,106167.7769
2021-08-29 04:00:00,3180.54,3209.18,3152.34,3206.3,59975.7508
2021-08-29 08:00:00,3206.3,3219.33,3181.35,3181.83,41172.2156
2021-08-29 12:00:00,3181.83,3206.83,3165.57,3186.99,41187.1476
2021-08-29 16:00:00,3186.99,3225.0,3180.83,3220.23,34989.7695
2021-08-29 20:00:00,3220.24,3258.37,3213.66,3223.47,52314.1223
2021-08-30 00:00:00,3223.47,3229.71,3143.0,3161.64,76271.2335
2021-08-30 04:00:00,3161.64,3186.15,3145.49,3180.11,61805.1793
2021-08-30 08:00:00,3180.12,3203.89,3166.14,3187.49,52785.1493
2021-08-30 12:00:00,3187.48,3224.56,3149.14,3217.64,88807.81
2021-08-30 16:00:00,3217.86,3343.75,3213.7,3341.16,205477.31263
2021-08-30 20:00:00,3341.17,3347.95,3211.19,3229.64,140200.59068
2021-08-31 00:00:00,3229.14,3249.82,3188.77,3237.78,89258.3084
2021-08-31 04:00:00,3237.78,3368.58,3214.28,3358.12,157908.45797
2021-08-31 08:00:00,3358.11,3439.0,3310.26,3429.95,200479.66986
2021-08-31 12:00:00,3429.9,3476.0,3365.0,3386.63,198505.05509
2021-08-31 16:00:00,3386.84,3422.57,3339.01,3414.3,127067.4868
2021-08-31 20:00:00,3414.31,3445.0,3371.01,3429.2,89852.1528
2021-09-01 00:00:00,3429.19,3447.0,3382.22,3442.15,100404.9778
2021-09-01 04:00:00,3442.45,3545.05,3428.22,3516.86,153537.54267
2021-09-01 08:00:00,3516.85,3559.4,3512.35,3530.99,123944.08751
2021-09-01 12:00:00,3530.86,3585.0,3517.0,3580.56,113340.26039
2021-09-01 16:00:00,3580.56,3790.0,3575.87,3713.11,245123.01316
2021-09-01 20:00:00,3713.1,3842.0,3710.0,3826.82,109410.07715
2021-09-02 00:00:00,3826.82,3836.8,3733.0,3763.31,111122.2644
2021-09-02 04:00:00,3763.32,3770.73,3721.42,3733.41,87182.5029
2021-09-02 08:00:00,3733.42,3767.94,3717.04,3760.62,65338.4491
2021-09-02 12:00:00,3760.62,3833.96,3739.24,3756.31,132680.9767
2021-09-02 16:00:00,3756.31,3808.3,3755.0,3783.89,69091.6571
2021-09-02 20:00:00,3783.9,3830.74,3777.0,3785.82,59749.9494
2021-09-03 00:00:00,3785.82,3818.32,3705.05,3806.83,98307.8867
2021-09-03 04:00:00,3806.83,3826.67,3778.89,3797.92,69447.2627
2021-09-03 08:00:00,3797.93,3981.12,3788.98,3953.48,205980.23144
2021-09-03 12:00:00,3953.5,4027.88,3925.0,3968.8,152671.61215
2021-09-03 16:00:00,3968.67,3984.82,3925.0,3943.85,58389.277
2021-09-03 20:00:00,3943.84,3944.43,3867.16,3938.11,71107.4874
2021-09-04 00:00:00,3938.11,3970.0,3903.12,3917.76,59456.2503
2021-09-04 04:00:00,3917.76,3937.4,3892.52,3916.75,40897.7667
2021-09-04 08:00:00,3916.75,3953.29,3885.0,3886.89,71773.1162
2021-09-04 12:00:00,3886.83,3927.3,3878.41,3917.72,61042.5005
2021-09-04 16:00:00,3917.72,3924.78,3832.5,3858.41,91323.7918
2021-09-04 20:00:00,3858.41,3900.29,3851.97,3885.52,39984.6938
2021-09-05 00:00:00,3885.61,3913.54,3844.25,3845.0,48924.6007
2021-09-05 04:00:00,3845.01,3888.92,3830.0,3870.71,41717.6616
2021-09-05 08:00:00,3870.63,3955.18,3860.83,3924.56,81508.4976
2021-09-05 12:00:00,3924.56,3953.18,3900.0,3907.68,65130.0171
2021-09-05 16:00:00,3907.69,3950.0,3900.0,3928.47,49129.0869
2021-09-05 20:00:00,3928.54,3980.0,3918.69,3950.29,79349.9958
2021-09-06 00:00:00,3950.28,3961.94,3900.0,3904.98,61119.1801
2021-09-06 04:00:00,3904.97,3953.29,3897.22,3943.76,67418.4874
2021-09-06 08:00:00,3943.77,3970.0,3900.0,3904.77,73912.5986
2021-09-06 12:00:00,3904.99,3945.0,3864.3,3924.98,93396.4744
2021-09-06 16:00:00,3924.98,3959.76,3912.04,3937.8,48403.6052
2021-09-06 20:00:00,3937.8,3969.0,3919.0,3926.77,53518.2326
2021-09-07 00:00:00,3926.67,3947.15,3888.41,3913.67,69522.17
2021-09-07 04:00:00,3913.67,3936.0,3878.37,3883.85,70996.7765
2021-09-07 08:00:00,3883.85,3883.85,3666.0,3749.18,225796.4761
2021-09-07 12:00:00,3749.21,3774.98,3005.0,3452.7,467836.63349
2021-09-07 16:00:00,3453.89,3576.0,3340.01,3411.9,250466.6535
2021-09-07 20:00:00,3411.9,3460.0,3316.97,3434.57,118917.2925
2021-09-08 00:00:00,3434.84,3541.64,3377.08,3430.32,117513.7518
2021-09-08 04:00:00,3430.12,3482.27,3246.92,3258.22,175107.8119
2021-09-08 08:00:00,3258.65,3455.0,3215.16,3406.26,172295.0099
2021-09-08 12:00:00,3406.26,3453.28,3352.21,3419.35,117940.3721
2021-09-08 16:00:00,3419.44,3544.61,3400.0,3523.14,99462.6808
2021-09-08 20:00:00,3523.15,3560.0,3441.45,3499.0,98292.1392
2021-09-09 00:00:00,3499.01,3522.0,3426.99,3469.88,103393.6509
2021-09-09 04:00:00,3469.87,3515.04,3454.16,3499.42,69003.5964
2021-09-09 08:00:00,3499.64,3567.06,3449.75,3479.99,116165.4329
2021-09-09 12:00:00,3480.0,3555.0,3390.4,3523.75,184263.7262
2021-09-09 16:00:00,3523.76,3558.0,3450.64,3463.68,92385.3475
2021-09-09 20:00:00,3463.68,3479.99,3414.96,3424.93,63342.1292
2021-09-10 00:00:00,3424.94,3514.11,3409.38,3465.02,71295.5242
2021-09-10 04:00:00,3465.02,3481.79,3392.51,3403.12,69719.6693
2021-09-10 08:00:00,3402.61,3430.0,3350.5,3401.42,106686.9902
2021-09-10 12:00:00,3401.41,3419.1,3208.6,3298.99,183157.3878
2021-09-10 16:00:00,3299.0,3344.24,3280.63,3311.26,63246.4645
2021-09-10 20:00:00,3311.25,3330.34,3150.0,3208.86,138920.2299
2021-09-11 00:00:00,3208.85,3296.69,3200.0,3241.63,85094.0451
2021-09-11 04:00:00,3241.63,3285.22,3218.49,3248.03,63369.2272
2021-09-11 08:00:00,3248.07,3317.82,3218.6,3293.12,86022.1014
2021-09-11 12:00:00,3293.14,3348.37,3283.02,3311.0,71307.7724
2021-09-11 16:00:00,3311.0,3342.67,3283.0,3298.35,58157.4244
2021-09-11 20:00:00,3298.35,3308.87,3242.93,3267.21,49573.6056
2021-09-12 00:00:00,3267.1,3329.66,3231.1,3327.54,64335.6053
2021-09-12 04:00:00,3327.54,3339.95,3292.38,3320.98,46765.4095
2021-09-12 08:00:00,3320.99,3453.0,3315.36,3438.06,98020.2887
2021-09-12 12:00:00,3438.05,3474.16,3392.25,3416.55,71405.1595
2021-09-12 16:00:00,3416.55,3440.65,3377.37,3406.59,39754.2801
2021-09-12 20:00:00,3406.59,3448.0,3303.24,3404.21,88578.2164
2021-09-13 00:00:00,3404.3,3430.3,3252.45,3257.7,91075.7625
2021-09-13 04:00:00,3257.7,3296.82,3175.62,3203.57,108055.3539
2021-09-13 08:00:00,3203.56,3256.0,3166.86,3251.24,93753.155
2021-09-13 12:00:00,3251.24,3388.22,3108.49,3202.62,231443.4005
2021-09-13 16:00:00,3202.63,3261.45,3184.26,3253.69,61092.1485
2021-09-13 20:00:00,3253.7,3310.14,3253.69,3285.35,62435.8995
2021-09-14 00:00:00,3285.09,3338.53,3269.95,3291.33,53076.835
2021-09-14 04:00:00,3291.33,3336.17,3271.91,3311.86,46739.8288
2021-09-14 08:00:00,3312.16,3363.01,3310.26,3330.01,58713.9398
2021-09-14 12:00:00,3329.97,3407.99,3292.03,3388.34,101501.4855
2021-09-14 16:00:00,3388.55,3401.8,3340.47,3350.11,49414.3237
2021-09-14 20:00:00,3350.11,3437.05,3330.04,3434.37,64188.4898
2021-09-15 00:00:00,3434.37,3450.0,3386.0,3396.19,61674.49
2021-09-15 04:00:00,3396.19,3410.1,3357.78,3404.19,50730.73
2021-09-15 08:00:00,3404.0,3435.82,3379.56,3410.76,57235.1674
2021-09-15 12:00:00,3411.22,3510.0,3396.53,3498.14,106306.4643
2021-09-15 16:00:00,3498.07,3555.0,3495.45,3534.46,81688.3518
2021-09-15 20:00:00,3534.47,3616.16,3534.47,3613.55,70872.3243
2021-09-16 00:00:00,3613.55,3621.02,3524.76,3542.91,76280.9431
2021-09-16 04:00:00,3542.92,3676.28,3538.6,3634.08,90911.9114
2021-09-16 08:00:00,3634.09,3637.0,3568.0,3619.29,62143.3374
2021-09-16 12:00:00,3619.29,3644.48,3535.32,3618.2,105753.9254
2021-09-16 16:00:00,3618.09,3635.0,3540.0,3562.9,58854.4395
2021-09-16 20:00:00,3562.9,3581.77,3481.14,3567.98,74040.9351
2021-09-17 00:00:00,3567.97,3594.17,3527.26,3563.03,44799.1999
2021-09-17 04:00:00,3563.04,3585.0,3513.27,3520.13,56106.9429
2021-09-17 08:00:00,3520.35,3542.58,3424.76,3449.03,91694.0725
2021-09-17 12:00:00,3449.03,3479.87,3404.0,3450.78,71641.3037
2021-09-17 16:00:00,3451.0,3470.61,3360.06,3424.05,82331.4041
2021-09-17 20:00:00,3423.94,3427.23,3350.07,3399.81,52315.4474
2021-09-18 00:00:00,3399.89,3453.61,3368.88,3451.42,46883.9592
2021-09-18 04:00:00,3451.36,3524.0,3447.34,3503.01,65447.3549
2021-09-18 08:00:00,3503.22,3541.96,3489.71,3496.5,46214.788
2021-09-18 12:00:00,3496.51,3518.23,3463.86,3474.61,49430.0609
2021-09-18 16:00:00,3474.62,3489.99,3420.06,3445.12,46824.2457
2021-09-18 20:00:00,3445.11,3448.5,3377.0,3435.64,60362.354
2021-09-19 00:00:00,3435.64,3441.25,3373.72,3413.47,35347.8838
2021-09-19 04:00:00,3413.55,3456.53,3397.0,3440.72,33073.4718
2021-09-19 08:00:00,3440.82,3452.98,3302.0,3326.19,73615.5043
2021-09-19 12:00:00,3326.19,3380.49,3310.0,3363.34,63449.7786
2021-09-19 16:00:00,3363.34,3381.84,3325.82,3337.93,47771.0852
2021-09-19 20:00:00,3337.94,3365.0,3277.74,3328.62,59690.2776
2021-09-20 00:00:00,3328.57,3347.82,3152.21,3187.09,118845.1042
2021-09-20 04:00:00,3187.0,3219.0,3100.0,3127.15,109861.6015
2021-09-20 08:00:00,3126.83,3178.34,3011.0,3042.45,193641.8275
2021-09-20 12:00:00,3042.2,3098.0,2913.39,3087.55,252197.51609
2021-09-20 16:00:00,3087.55,3124.1,2975.2,3072.02,137322.7332
2021-09-20 20:00:00,3072.53,3082.73,2946.6,2977.28,106070.796
2021-09-21 00:00:00,2977.32,3031.56,2807.18,2998.78,200281.25646
2021-09-21 04:00:00,2998.79,3074.45,2950.02,3073.95,84342.3943
2021-09-21 08:00:00,3073.95,3105.83,3040.0,3062.72,82870.6507
2021-09-21 12:00:00,3062.4,3085.0,2964.08,3035.24,127871.5329
2021-09-21 16:00:00,3035.26,3047.76,2863.8,2886.84,152541.1798
2021-09-21 20:00:00,2886.75,2920.0,2652.0,2765.9,323612.87525
2021-09-22 00:00:00,2766.72,2895.0,2737.54,2867.12,153611.2719
2021-09-22 04:00:00,2867.53,2960.87,2833.83,2942.07,99161.32635
2021-09-22 08:00:00,2942.31,2957.55,2883.17,2894.48,76613.443
2021-09-22 12:00:00,2894.86,3017.13,2881.57,3007.22,124006.4231
2021-09-22 16:00:00,3006.85,3088.88,2990.85,3023.73,155806.2283
2021-09-22 20:00:00,3023.73,3078.82,3006.64,3076.92,68258.9556
2021-09-23 00:00:00,3076.92,3120.0,3033.85,3118.5,81700.2097
2021-09-23 04:00:00,3118.65,3148.03,3096.9,3145.95,72439.1597
2021-09-23 08:00:00,3145.8,3149.0,3041.87,3060.24,83451.6297
2021-09-23 12:00:00,3060.31,3142.24,3047.12,3092.37,80911.8581
2021-09-23 16:00:00,3092.38,3174.5,3085.06,3147.87,93247.9588
2021-09-23 20:00:00,3147.32,3162.82,3120.52,3152.5,47543.0698
2021-09-24 00:00:00,3152.41,3158.52,3070.18,3074.93,61115.8552
2021-09-24 04:00:00,3074.93,3116.76,3038.55,3087.82,74336.523
2021-09-24 08:00:00,3087.68,3114.0,2733.0,2827.91,412183.1779
2021-09-24 12:00:00,2827.97,2942.85,2768.62,2877.13,232350.868
2021-09-24 16:00:00,2877.08,2923.16,2862.08,2901.78,77738.2157
2021-09-24 20:00:00,2901.78,2979.99,2892.59,2928.53,74366.2458
2021-09-25 00:00:00,2928.22,2955.46,2873.33,2912.15,73355.2853
2021-09-25 04:00:00,2912.16,2944.16,2882.74,2887.38,51104.9711
2021-09-25 08:00:00,2887.39,2967.52,2801.57,2913.12,138723.4744
2021-09-25 12:00:00,2913.11,2945.0,2846.0,2922.23,107287.6989
2021-09-25 16:00:00,2921.98,2932.68,2852.0,2916.77,77270.9949
2021-09-25 20:00:00,2916.77,2946.14,2893.38,2921.73,44231.598
2021-09-26 00:00:00,2921.84,2931.6,2842.21,2866.52,63817.1163
2021-09-26 04:00:00,2866.69,2866.69,2738.17,2772.77,132937.9814
2021-09-26 08:00:00,2773.06,3030.0,2738.45,2974.28,246074.0237
2021-09-26 12:00:00,2974.62,3056.76,2974.62,3053.17,110522.6814
2021-09-26 16:00:00,3053.36,3074.43,3028.87,3057.62,62575.8662
2021-09-26 20:00:00,3057.67,3115.51,3011.0,3059.37,87666.809
2021-09-27 00:00:00,3059.36,3164.94,3027.3,3131.91,108147.5575
2021-09-27 04:00:00,3131.91,3149.45,3074.65,3091.29,69566.3127
2021-09-27 08:00:00,3091.1,3137.8,3076.35,3092.79,70898.3897
2021-09-27 12:00:00,3092.94,3126.52,3032.0,3059.13,97919.539
2021-09-27 16:00:00,3059.49,3062.46,2982.83,2992.96,82931.3249
2021-09-27 20:00:00,2993.14,3028.17,2922.71,2925.59,80667.6081
2021-09-28 00:00:00,2924.76,2960.75,2896.21,2948.97,68298.6966
2021-09-28 04:00:00,2948.96,2970.82,2883.22,2894.34,77340.4887
2021-09-28 08:00:00,2894.18,2940.74,2876.12,2926.8,88470.1481
2021-09-28 12:00:00,2926.81,2959.69,2840.53,2844.4,130549.1538
2021-09-28 16:00:00,2844.4,2872.94,2803.6,2838.71,79175.926
2021-09-28 20:00:00,2839.2,2889.2,2789.0,2804.91,67491.0511
2021-09-29 00:00:00,2805.15,2900.04,2791.08,2895.95,80471.1778
2021-09-29 04:00:00,2896.01,2931.82,2889.24,2928.33,55910.9303
2021-09-29 08:00:00,2927.06,2949.51,2894.84,2933.75,54004.3632
2021-09-29 12:00:00,2933.75,2950.0,2850.0,2861.19,84435.4792
2021-09-29 16:00:00,2861.2,2872.36,2803.12,2810.16,72982.1105
2021-09-29 20:00:00,2810.15,2854.0,2782.0,2850.45,63501.0283
2021-09-30 00:00:00,2850.45,3035.71,2837.19,3027.46,128442.081
2021-09-30 04:00:00,3027.45,3048.42,2995.14,3001.59,82556.2008
2021-09-30 08:00:00,3001.6,3012.0,2941.93,2963.35,83284.4501
2021-09-30 12:00:00,2963.36,3031.1,2954.23,2985.67,86453.5511
2021-09-30 16:00:00,2985.67,3048.0,2964.47,2992.23,71382.5611
2021-09-30 20:00:00,2992.23,3021.46,2955.7,3000.61,54777.9171
2021-10-01 00:00:00,3000.62,3041.42,2969.07,3002.98,62010.6399
2021-10-01 04:00:00,3002.98,3097.0,2990.0,3091.46,78368.7823
2021-10-01 08:00:00,3091.46,3247.88,3091.45,3235.49,207614.2929
2021-10-01 12:00:00,3235.48,3278.4,3176.42,3235.7,137790.1504
2021-10-01 16:00:00,3235.7,3319.15,3223.99,3297.65,98603.1356
2021-10-01 20:00:00,3297.64,3330.0,3270.58,3309.91,64327.614
2021-10-02 00:00:00,3309.91,3344.0,3261.89,3267.31,70492.1978
2021-10-02 04:00:00,3267.03,3300.01,3257.0,3279.9,43204.4357
2021-10-02 08:00:00,3279.9,3319.0,3265.0,3296.54,40764.8926
2021-10-02 12:00:00,3296.54,3398.59,3288.87,3386.54,106357.204
2021-10-02 16:00:00,3386.55,3467.37,3370.65,3467.35,88856.2606
2021-10-02 20:00:00,3467.36,3469.0,3366.2,3387.76,72876.1904
2021-10-03 00:00:00,3387.77,3424.39,3342.51,3404.97,82837.8831
2021-10-03 04:00:00,3404.96,3425.62,3388.77,3393.07,35528.9365
2021-10-03 08:00:00,3393.08,3421.95,3369.6,3413.9,42532.2088
2021-10-03 12:00:00,3413.9,3446.95,3393.36,3404.75,53188.3909
2021-10-03 16:00:00,3404.75,3488.0,3400.0,3467.43,81091.3488
2021-10-03 20:00:00,3467.46,3473.44,3384.07,3417.73,65408.1224
2021-10-04 00:00:00,3417.73,3426.49,3322.95,3335.31,72796.1247
2021-10-04 04:00:00,3335.31,3381.81,3322.11,3378.24,48994.0844
2021-10-04 08:00:00,3378.24,3385.36,3294.38,3313.39,61590.9465
2021-10-04 12:00:00,3313.39,3425.0,3270.0,3322.51,130330.7763
2021-10-04 16:00:00,3322.46,3437.19,3310.0,3415.84,114076.049
2021-10-04 20:00:00,3415.8,3422.67,3355.0,3386.31,57416.6611
2021-10-05 00:00:00,3386.31,3417.99,3363.78,3387.96,57513.6565
2021-10-05 04:00:00,3387.96,3404.55,3365.09,3389.0,36023.3593
2021-10-05 08:00:00,3389.0,3473.89,3381.36,3445.02,90951.7729
2021-10-05 12:00:00,3445.02,3468.89,3413.48,3418.35,72010.476
2021-10-05 16:00:00,3418.67,3495.86,3407.14,3490.55,61708.9593
2021-10-05 20:00:00,3490.54,3545.0,3489.09,3515.27,75692.6578
2021-10-06 00:00:00,3515.48,3538.7,3472.72,3486.63,53829.4285
2021-10-06 04:00:00,3486.63,3501.09,3439.91,3456.12,61564.5393
2021-10-06 08:00:00,3456.13,3459.34,3342.0,3381.22,115651.1353
2021-10-06 12:00:00,3381.22,3632.11,3372.59,3613.01,239042.0563
2021-10-06 16:00:00,3613.01,3622.92,3560.0,3587.58,81448.7703
2021-10-06 20:00:00,3587.59,3609.25,3547.56,3574.89,66729.6105
2021-10-07 00:00:00,3574.88,3575.58,3470.8,3519.54,81798.4202
2021-10-07 04:00:00,3519.54,3613.77,3504.15,3611.4,74486.7981
2021-10-07 08:00:00,3611.4,3614.69,3534.19,3575.86,81526.7111
2021-10-07 12:00:00,3575.85,3642.29,3520.0,3584.99,122723.1288
2021-10-07 16:00:00,3584.8,3625.1,3555.78,3606.18,61663.3026
2021-10-07 20:00:00,3605.98,3653.98,3561.0,3587.47,63903.9983
2021-10-08 00:00:00,3587.47,3618.02,3551.51,3574.31,51897.011
2021-10-08 04:00:00,3574.3,3613.39,3547.09,3602.7,51053.3979
2021-10-08 08:00:00,3602.45,3695.0,3598.0,3610.82,99275.2567
2021-10-08 12:00:00,3610.82,3659.77,3580.0,3620.96,90902.4842
2021-10-08 16:00:00,3620.95,3646.86,3605.06,3625.25,50228.0822
2021-10-08 20:00:00,3625.25,3629.35,3532.0,3563.13,60240.9117
2021-10-09 00:00:00,3563.13,3589.8,3538.07,3579.48,42006.6735
2021-10-09 04:00:00,3579.48,3624.25,3569.19,3606.3,40766.4527
2021-10-09 08:00:00,3606.31,3620.0,3568.93,3596.98,68868.744
2021-10-09 12:00:00,3596.92,3635.0,3594.12,3600.76,78635.886
2021-10-09 16:00:00,3600.75,3609.66,3575.17,3582.54,67476.6049
2021-10-09 20:00:00,3582.54,3593.06,3556.0,3574.82,64152.3903
2021-10-10 00:00:00,3574.83,3585.65,3480.0,3530.53,117667.8336
2021-10-10 04:00:00,3530.52,3604.0,3500.62,3582.18,96674.5843
2021-10-10 08:00:00,3582.18,3598.41,3550.0,3563.3,81823.3649
2021-10-10 12:00:00,3563.3,3579.76,3523.48,3557.65,82729.743
2021-10-10 16:00:00,3557.66,3563.53,3503.05,3528.5,76100.3013
2021-10-10 20:00:00,3528.29,3572.17,3405.0,3414.22,125227.8031
2021-10-11 00:00:00,3414.22,3522.15,3371.0,3518.15,118392.2283
2021-10-11 04:00:00,3518.15,3585.0,3502.45,3577.07,60273.919
2021-10-11 08:00:00,3577.07,3623.8,3532.69,3558.71,115031.3056
2021-10-11 12:00:00,3558.72,3607.93,3547.9,3593.57,74006.2407
2021-10-11 16:00:00,3593.58,3599.99,3514.45,3515.0,57345.8003
2021-10-11 20:00:00,3515.0,3545.84,3465.7,3542.12,68472.3881
2021-10-12 00:00:00,3542.12,3543.19,3447.32,3486.21,63354.3151
2021-10-12 04:00:00,3486.22,3520.0,3454.53,3481.59,54476.9694
2021-10-12 08:00:00,3481.59,3508.31,3415.0,3456.95,66200.9285
2021-10-12 12:00:00,3456.94,3547.11,3403.21,3505.02,123610.9481
2021-10-12 16:00:00,3505.02,3526.13,3460.98,3465.67,52207.1076
2021-10-12 20:00:00,3465.67,3511.96,3418.0,3491.46,49526.9231
2021-10-13 00:00:00,3491.43,3532.37,3482.69,3501.88,42270.1229
2021-10-13 04:00:00,3501.87,3525.0,3426.04,3427.76,80541.7061
2021-10-13 08:00:00,3428.07,3469.87,3412.7,3468.68,58490.2099
2021-10-13 12:00:00,3468.67,3513.48,3413.0,3485.52,69514.2063
2021-10-13 16:00:00,3485.53,3536.42,3480.0,3521.23,59757.0772
2021-10-13 20:00:00,3521.24,3613.0,3520.02,3607.42,82889.7998
2021-10-14 00:00:00,3607.41,3655.65,3586.04,3643.0,77998.6117
2021-10-14 04:00:00,3643.0,3662.8,3613.0,3630.01,50587.2882
2021-10-14 08:00:00,3630.0,3749.33,3620.0,3735.75,97945.5861
2021-10-14 12:00:00,3735.74,3819.0,3720.04,3808.42,136487.9203
2021-10-14 16:00:00,3808.41,3824.0,3752.4,3791.77,79940.3702
2021-10-14 20:00:00,3791.77,3795.0,3755.0,3790.82,38934.3708
2021-10-15 00:00:00,3790.82,3839.89,3734.1,3820.92,100002.138
2021-10-15 04:00:00,3820.93,3859.6,3795.72,3805.05,83819.5248
2021-10-15 08:00:00,3805.05,3809.17,3744.01,3778.64,83155.895
2021-10-15 12:00:00,3778.65,3833.45,3765.11,3791.09,76315.1157
2021-10-15 16:00:00,3791.09,3891.39,3788.88,3848.9,85849.1264
2021-10-15 20:00:00,3848.91,3907.77,3820.87,3868.99,75179.9321
2021-10-16 00:00:00,3868.38,3872.98,3823.04,3842.95,41231.4342
2021-10-16 04:00:00,3842.95,3867.82,3832.22,3853.72,40341.5557
2021-10-16 08:00:00,3853.71,3966.0,3850.15,3956.75,118050.6428
2021-10-16 12:00:00,3956.75,3971.0,3876.06,3907.64,82393.3458
2021-10-16 16:00:00,3907.64,3914.75,3832.07,3838.99,52655.9447
2021-10-16 20:00:00,3839.06,3853.32,3803.56,3829.96,39054.9317
2021-10-17 00:00:00,3829.96,3888.58,3805.12,3878.16,43736.9805
2021-10-17 04:00:00,3878.11,3919.19,3854.0,3877.48,46970.4341
2021-10-17 08:00:00,3877.47,3910.0,3856.88,3858.79,37674.6417
2021-10-17 12:00:00,3858.8,3875.0,3765.96,3788.21,69265.4697
2021-10-17 16:00:00,3788.21,3814.58,3755.51,3766.35,44625.4428
2021-10-17 20:00:00,3766.36,3862.92,3640.0,3846.85,126626.0143
2021-10-18 00:00:00,3847.0,3893.14,3832.0,3852.77,54779.0911
2021-10-18 04:00:00,3852.96,3886.56,3834.24,3837.52,39956.3404
2021-10-18 08:00:00,3837.81,3861.6,3704.52,3745.45,101616.6939
2021-10-18 12:00:00,3745.7,3821.74,3676.0,3761.0,111743.8564
2021-10-18 16:00:00,3761.0,3779.81,3695.17,3747.72,60108.7156
2021-10-18 20:00:00,3747.73,3766.78,3714.81,3744.96,33615.276
2021-10-19 00:00:00,3744.96,3847.0,3732.0,3823.01,54200.4166
2021-10-19 04:00:00,3823.01,3845.0,3768.93,3809.51,42266.1983
2021-10-19 08:00:00,3809.57,3819.38,3771.62,3798.13,37970.2209
2021-10-19 12:00:00,3798.14,3860.0,3741.55,3774.98,92950.7446
2021-10-19 16:00:00,3774.99,3839.21,3774.49,3816.48,53455.7357
2021-10-19 20:00:00,3816.47,3886.89,3800.11,3877.03,60425.0562
2021-10-20 00:00:00,3876.98,3901.36,3842.0,3844.24,52922.9306
2021-10-20 04:00:00,3844.24,3861.61,3828.05,3858.27,34486.4765
2021-10-20 08:00:00,3858.27,3872.91,3845.0,3861.01,33835.8752
2021-10-20 12:00:00,3861.01,4081.0,3859.18,4080.99,238734.58261
2021-10-20 16:00:00,4081.0,4137.96,4053.62,4100.93,106943.1948
2021-10-20 20:00:00,4100.93,4169.0,4068.69,4161.15,70460.03761
2021-10-21 00:00:00,4161.37,4241.29,4136.13,4185.82,146688.65351
2021-10-21 04:00:00,4185.82,4196.88,4120.01,4162.55,70723.1362
2021-10-21 08:00:00,4162.54,4375.0,4158.71,4211.88,209870.41344
2021-10-21 12:00:00,4211.88,4276.08,4013.13,4090.0,219407.8155
2021-10-21 16:00:00,4090.0,4137.88,4043.36,4080.55,101738.3041
2021-10-21 20:00:00,4080.51,4119.49,4041.0,4052.99,50138.2353
2021-10-22 00:00:00,4053.0,4162.72,4051.31,4155.99,59824.8719
2021-10-22 04:00:00,4155.99,4167.41,4103.64,4142.15,53391.2405
2021-10-22 08:00:00,4142.15,4156.3,4086.3,4125.3,52076.9365
2021-10-22 12:00:00,4125.29,4144.97,3961.11,3966.52,140745.4201
2021-10-22 16:00:00,3966.53,3986.87,3888.0,3983.47,114407.8294
2021-10-22 20:00:00,3983.47,3998.18,3928.11,3972.2,42776.2444
2021-10-23 00:00:00,3972.19,4036.74,3945.04,4023.9,41895.8128
2021-10-23 04:00:00,4023.91,4052.89,4000.0,4012.84,40306.0352
2021-10-23 08:00:00,4012.84,4046.43,3937.51,4039.2,65143.9852
2021-10-23 12:00:00,4039.24,4097.5,4017.18,4086.6,67468.2393
2021-10-23 16:00:00,4086.61,4128.0,4065.0,4084.06,63849.2104
2021-10-23 20:00:00,4084.01,4172.0,4070.0,4167.12,47913.6772
2021-10-24 00:00:00,4167.13,4186.57,4115.19,4132.89,42961.8576
2021-10-24 04:00:00,4132.88,4136.06,4076.89,4094.13,36840.35
2021-10-24 08:00:00,4094.13,4122.31,4024.01,4026.2,60931.4457
2021-10-24 12:00:00,4026.21,4074.07,3983.75,4000.11,86885.3783
2021-10-24 16:00:00,4000.11,4047.38,3961.5,4043.03,68640.0546
2021-10-24 20:00:00,4043.02,4099.98,4036.53,4082.33,53856.7524
2021-10-25 00:00:00,4082.33,4144.26,4067.71,4134.69,49238.855
2021-10-25 04:00:00,4134.68,4177.62,4113.11,4149.33,56551.9701
2021-10-25 08:00:00,4149.33,4162.12,4105.41,4126.4,56380.5665
2021-10-25 12:00:00,4126.4,4213.0,4108.0,4210.11,67741.0904
2021-10-25 16:00:00,4210.11,4236.0,4170.44,4184.47,75728.7449
2021-10-25 20:00:00,4184.48,4224.8,4169.29,4220.37,41797.4265
2021-10-26 00:00:00,4220.36,4257.43,4204.03,4224.89,46422.4259
2021-10-26 04:00:00,4224.89,4230.97,4175.67,4198.76,44327.8187
2021-10-26 08:00:00,4198.77,4234.11,4196.3,4213.92,41748.2871
2021-10-26 12:00:00,4213.93,4222.13,4133.35,4187.64,81133.5819
2021-10-26 16:00:00,4187.64,4229.59,4138.68,4211.68,60025.3161
2021-10-26 20:00:00,4211.67,4297.0,4090.21,4131.52,140840.7302
2021-10-27 00:00:00,4131.52,4225.98,4117.48,4209.72,60249.3851
2021-10-27 04:00:00,4209.72,4307.0,4134.1,4136.34,175653.2229
2021-10-27 08:00:00,4136.34,4136.66,3931.59,3992.09,222175.1107
2021-10-27 12:00:00,3992.09,4039.98,3960.31,3993.47,101349.0219
2021-10-27 16:00:00,3993.65,4010.71,3938.39,3998.46,76907.0516
2021-10-27 20:00:00,3998.46,4024.42,3909.0,3922.0,68270.4578
2021-10-28 00:00:00,3921.99,4022.44,3890.17,3995.64,85976.341
2021-10-28 04:00:00,3995.65,4040.7,3981.23,4009.86,82247.3823
2021-10-28 08:00:00,4009.85,4174.34,4009.0,4151.95,125153.8202
2021-10-28 12:00:00,4151.95,4205.0,4136.06,4151.21,80731.5168
2021-10-28 16:00:00,4151.21,4269.54,4115.95,4259.04,159772.9158
2021-10-28 20:00:00,4259.04,4295.0,4208.39,4286.02,92496.5294
2021-10-29 00:00:00,4286.01,4405.5,4265.97,4379.83,141304.45476
2021-10-29 04:00:00,4379.84,4388.99,4289.08,4307.56,79837.3289
2021-10-29 08:00:00,4308.0,4366.34,4278.7,4320.53,81395.7306
2021-10-29 12:00:00,4320.53,4449.47,4296.64,4440.3,128112.10738
2021-10-29 16:00:00,4440.77,4460.47,4344.55,4403.97,87676.74857
2021-10-29 20:00:00,4403.96,4429.61,4388.01,4418.89,40904.7067
2021-10-30 00:00:00,4418.89,4434.06,4331.0,4342.72,50679.2133
2021-10-30 04:00:00,4342.73,4382.79,4328.0,4349.72,34491.3273
2021-10-30 08:00:00,4349.72,4357.85,4288.69,4333.35,55800.7779
2021-10-30 12:00:00,4333.35,4349.17,4232.2,4282.45,96799.0048
2021-10-30 16:00:00,4282.44,4339.58,4266.34,4336.63,47518.3809
2021-10-30 20:00:00,4336.63,4344.29,4241.0,4322.68,54934.3648
2021-10-31 00:00:00,4322.68,4399.14,4316.09,4370.49,74351.0343
2021-10-31 04:00:00,4370.49,4384.0,4299.23,4318.16,55603.5978
2021-10-31 08:00:00,4317.61,4320.0,4191.05,4207.48,97602.1019
2021-10-31 12:00:00,4207.71,4233.57,4164.35,4214.36,94539.9185
2021-10-31 16:00:00,4214.35,4259.04,4191.68,4247.82,45597.6491
2021-10-31 20:00:00,4247.81,4329.46,4230.0,4287.21,45161.9877
2021-11-01 00:00:00,4287.48,4325.0,4175.0,4190.66,75921.4935
2021-11-01 04:00:00,4191.5,4320.0,4146.3,4302.93,88831.9969
2021-11-01 08:00:00,4302.94,4354.33,4294.52,4315.0,74210.5903
2021-11-01 12:00:00,4315.0,4386.58,4308.25,4349.98,74035.472
2021-11-01 16:00:00,4349.97,4366.0,4264.63,4364.28,60730.0221
2021-11-01 20:00:00,4364.28,4365.78,4278.07,4319.43,43891.1325
2021-11-02 00:00:00,4319.43,4349.89,4284.43,4318.83,42735.6939
2021-11-02 04:00:00,4318.82,4387.81,4315.37,4340.81,55205.1559
2021-11-02 08:00:00,4340.82,4477.46,4330.02,4413.09,112240.86275
2021-11-02 12:00:00,4412.86,4519.69,4408.92,4511.42,104213.70904
2021-11-02 16:00:00,4511.43,4519.64,4473.45,4509.0,65714.7796
2021-11-02 20:00:00,4508.99,4599.6,4479.46,4589.89,88074.59182
2021-11-03 00:00:00,4589.68,4639.98,4553.3,4588.75,84358.23167
2021-11-03 04:00:00,4588.75,4615.84,4508.16,4610.62,60748.6442
2021-11-03 08:00:00,4610.62,4620.45,4550.49,4577.27,53044.4379
2021-11-03 12:00:00,4577.22,4579.7,4455.0,4545.68,94956.4425
2021-11-03 16:00:00,4545.67,4665.87,4500.0,4623.46,105549.63228
2021-11-03 20:00:00,4623.47,4635.0,4575.24,4603.35,50000.9627
2021-11-04 00:00:00,4603.35,4606.65,4540.0,4556.41,58458.9568
2021-11-04 04:00:00,4556.41,4592.83,4513.73,4516.16,42370.9817
2021-11-04 08:00:00,4516.16,4555.75,4478.0,4509.29,74786.7278
2021-11-04 12:00:00,4509.29,4580.82,4459.21,4480.33,86241.3562
2021-11-04 16:00:00,4480.33,4501.0,4420.08,4489.83,69410.81065
2021-11-04 20:00:00,4489.83,4537.0,4480.0,4532.32,36949.4238
2021-11-05 00:00:00,4532.31,4555.0,4468.23,4542.4,46362.3011
2021-11-05 04:00:00,4542.39,4570.05,4516.2,4529.35,44646.0765
2021-11-05 08:00:00,4529.35,4544.71,4462.0,4473.58,65363.5463
2021-11-05 12:00:00,4473.58,4534.99,4450.72,4462.04,58930.5726
2021-11-05 16:00:00,4462.04,4510.12,4457.68,4495.0,39818.0278
2021-11-05 20:00:00,4495.0,4496.58,4438.8,4474.24,50531.2001
2021-11-06 00:00:00,4474.24,4511.7,4455.88,4491.01,37661.226
2021-11-06 04:00:00,4491.01,4515.0,4457.05,4471.72,34245.2173
2021-11-06 08:00:00,4471.72,4495.67,4338.97,4369.52,85353.774
2021-11-06 12:00:00,4369.53,4409.98,4326.17,4398.57,58965.4779
2021-11-06 16:00:00,4398.57,4494.55,4382.53,4493.73,64068.2693
2021-11-06 20:00:00,4493.74,4530.0,4480.03,4518.0,41860.1328
2021-11-07 00:00:00,4518.0,4571.83,4502.37,4549.99,53745.2477
2021-11-07 04:00:00,4549.99,4569.62,4537.42,4541.5,28432.3151
2021-11-07 08:00:00,4541.5,4616.44,4518.61,4592.95,57295.8419
2021-11-07 12:00:00,4592.95,4626.02,4574.04,4604.05,42115.6365
2021-11-07 16:00:00,4604.04,4619.03,4587.77,4603.36,31364.1561
2021-11-07 20:00:00,4603.36,4637.98,4587.13,4612.59,30643.3979
2021-11-08 00:00:00,4612.59,4737.26,4612.0,4720.51,101597.06238
2021-11-08 04:00:00,4720.51,4764.64,4708.58,4723.29,58286.84426
2021-11-08 08:00:00,4723.3,4740.83,4708.42,4730.02,52665.7092
2021-11-08 12:00:00,4730.03,4777.22,4703.83,4763.77,62167.31995
2021-11-08 16:00:00,4763.78,4793.98,4748.68,4752.0,57619.27046
2021-11-08 20:00:00,4752.0,4822.97,4732.01,4807.98,58766.11181
2021-11-09 00:00:00,4807.98,4815.0,4776.37,4814.0,55905.3815
2021-11-09 04:00:00,4814.0,4838.28,4775.77,4783.96,47165.42768
2021-11-09 08:00:00,4783.96,4822.97,4753.46,4774.61,48515.8103
2021-11-09 12:00:00,4774.61,4833.29,4756.84,4790.99,65573.9875
2021-11-09 16:00:00,4790.98,4798.03,4713.89,4750.62,55243.5165
2021-11-09 20:00:00,4750.62,4801.67,4717.07,4732.33,38863.4565
2021-11-10 00:00:00,4732.33,4758.6,4679.98,4691.48,48787.8411
2021-11-10 04:00:00,4691.48,4743.92,4677.91,4714.6,41475.3284
2021-11-10 08:00:00,4714.6,4755.0,4700.11,4729.67,41710.6373
2021-11-10 12:00:00,4729.67,4868.0,4693.62,4846.71,97372.43773
2021-11-10 16:00:00,4846.94,4864.84,4695.55,4705.37,85796.6095
2021-11-10 20:00:00,4705.65,4722.0,4461.93,4628.78,238454.1376
2021-11-11 00:00:00,4628.68,4651.56,4576.47,4636.68,57621.7514
2021-11-11 04:00:00,4636.69,4697.66,4621.0,4691.34,42818.7762
2021-11-11 08:00:00,4691.35,4743.09,4653.86,4721.95,56906.2366
2021-11-11 12:00:00,4721.95,4760.56,4673.84,4719.81,67893.6169
2021-11-11 16:00:00,4719.82,4779.0,4714.49,4758.98,48625.8269
2021-11-11 20:00:00,4758.98,4775.64,4713.0,4719.0,29822.7685
2021-11-12 00:00:00,4719.0,4809.71,4691.0,4774.35,78634.6347
2021-11-12 04:00:00,4774.36,4785.0,4692.76,4711.39,41607.9993
2021-11-12 08:00:00,4711.4,4739.28,4573.61,4600.85,112153.1582
2021-11-12 12:00:00,4600.85,4633.39,4540.0,4571.06,97498.4777
2021-11-12 16:00:00,4571.07,4669.56,4507.85,4654.21,95563.4079
2021-11-12 20:00:00,4654.21,4693.05,4630.5,4665.46,36122.3637
2021-11-13 00:00:00,4665.47,4707.6,4622.14,4639.5,41826.8948
2021-11-13 04:00:00,4639.5,4653.24,4611.3,4645.55,23925.6539
2021-11-13 08:00:00,4645.78,4648.83,4584.08,4609.31,29394.9616
2021-11-13 12:00:00,4609.3,4698.0,4596.89,4680.23,57483.2262
2021-11-13 16:00:00,4680.24,4701.97,4620.0,4643.8,45557.9718
2021-11-13 20:00:00,4643.96,4665.39,4632.79,4644.28,22531.9528
2021-11-14 00:00:00,4644.27,4696.05,4621.81,4628.63,35263.8822
2021-11-14 04:00:00,4628.63,4656.3,4593.84,4598.4,33962.3798
2021-11-14 08:00:00,4598.77,4615.74,4567.02,4612.45,35013.6392
2021-11-14 12:00:00,4612.44,4634.64,4574.97,4583.91,31681.3983
2021-11-14 16:00:00,4583.91,4590.11,4514.12,4545.01,67357.5072
2021-11-14 20:00:00,4545.0,4631.75,4533.72,4626.5,42030.2607
2021-11-15 00:00:00,4626.5,4735.16,4625.99,4702.07,71822.7125
2021-11-15 04:00:00,4702.07,4722.41,4677.04,4680.25,31386.4881
2021-11-15 08:00:00,4680.24,4746.1,4659.29,4723.0,55374.94
2021-11-15 12:00:00,4723.0,4772.01,4628.82,4648.08,112030.366
2021-11-15 16:00:00,4648.08,4659.9,4566.6,4600.54,59763.3976
2021-11-15 20:00:00,4600.04,4600.04,4540.0,4563.78,45043.7559
2021-11-16 00:00:00,4563.77,4563.77,4252.78,4309.58,213867.8015
2021-11-16 04:00:00,4309.59,4367.27,4265.59,4312.11,100872.8403
2021-11-16 08:00:00,4312.42,4341.53,4103.0,4292.43,191117.9858
2021-11-16 12:00:00,4292.44,4345.78,4222.4,4285.82,103157.8617
2021-11-16 16:00:00,4285.82,4330.0,4230.0,4265.03,58169.8063
2021-11-16 20:00:00,4265.02,4297.51,4162.67,4209.76,68670.7674
2021-11-17 00:00:00,4209.59,4242.76,4063.48,4122.11,121662.9474
2021-11-17 04:00:00,4122.18,4218.0,4077.94,4183.67,71712.9709
2021-11-17 08:00:00,4183.62,4257.68,4101.73,4252.4,103880.8105
2021-11-17 12:00:00,4252.4,4262.0,4142.66,4174.76,62614.3473
2021-11-17 16:00:00,4174.77,4268.93,4147.03,4242.52,62616.7813
2021-11-17 20:00:00,4242.53,4299.91,4200.0,4287.8,50364.3268
2021-11-18 00:00:00,4288.07,4344.81,4270.27,4279.5,77895.6897
2021-11-18 04:00:00,4279.49,4299.51,4225.1,4247.99,60606.4525
2021-11-18 08:00:00,4248.0,4260.82,4181.94,4189.65,62475.3253
2021-11-18 12:00:00,4189.65,4235.52,4050.01,4071.77,138383.6493
2021-11-18 16:00:00,4071.76,4091.0,3960.0,4065.41,158749.1291
2021-11-18 20:00:00,4065.41,4092.6,3956.44,3996.9,78834.9378
2021-11-19 00:00:00,3996.9,4104.61,3973.01,4010.67,102007.685
2021-11-19 04:00:00,4010.63,4086.79,4006.0,4062.04,52136.783
2021-11-19 08:00:00,4062.04,4175.0,4061.41,4141.2,80638.2362
2021-11-19 12:00:00,4141.21,4238.5,4130.39,4216.17,83532.6889
2021-11-19 16:00:00,4216.72,4298.44,4207.27,4290.07,59145.2279
2021-11-19 20:00:00,4290.62,4308.97,4248.53,4294.76,42584.4687
2021-11-20 00:00:00,4294.75,4332.95,4274.49,4280.55,59445.6379
2021-11-20 04:00:00,4280.54,4318.97,4262.06,4279.99,38277.252
2021-11-20 08:00:00,4279.98,4324.7,4270.13,4317.83,35601.6039
2021-11-20 12:00:00,4317.83,4334.12,4211.38,4213.06,65274.7726
2021-11-20 16:00:00,4213.05,4399.0,4199.86,4398.39,115519.3486
2021-11-20 20:00:00,4398.38,4435.88,4388.43,4412.17,51465.963
2021-11-21 00:00:00,4412.17,4415.64,4333.85,4343.29,45959.4551
2021-11-21 04:00:00,4343.29,4381.63,4326.19,4348.13,35201.9102
2021-11-21 08:00:00,4348.13,4368.6,4303.07,4319.53,50059.9012
2021-11-21 12:00:00,4319.52,4385.0,4303.69,4366.21,56785.8642
2021-11-21 16:00:00,4366.41,4451.0,4334.0,4345.99,75936.3488
2021-11-21 20:00:00,4345.99,4389.0,4242.41,4258.31,76262.8408
2021-11-22 00:00:00,4259.7,4266.62,4094.73,4164.99,115844.2188
2021-11-22 04:00:00,4164.99,4216.79,4124.4,4188.17,55717.7903
2021-11-22 08:00:00,4188.17,4236.01,4165.07,4171.92,45430.2011
2021-11-22 12:00:00,4171.92,4320.0,4126.91,4236.6,131686.4312
2021-11-22 16:00:00,4236.59,4246.69,4051.0,4066.39,89533.6419
2021-11-22 20:00:00,4066.23,4114.96,4022.74,4085.97,80289.0505
2021-11-23 00:00:00,4086.28,4192.86,4062.61,4178.58,60105.9882
2021-11-23 04:00:00,4178.68,4190.22,4088.0,4107.09,51895.0177
2021-11-23 08:00:00,4107.1,4305.0,4059.62,4135.28,118096.3305
2021-11-23 12:00:00,4135.27,4329.37,4129.64,4269.55,117882.4477
2021-11-23 16:00:00,4270.2,4359.41,4269.86,4355.86,102664.7413
2021-11-23 20:00:00,4355.85,4385.59,4322.33,4339.44,52167.2648
2021-11-24 00:00:00,4339.45,4373.94,4231.28,4246.71,90956.561
2021-11-24 04:00:00,4246.72,4291.93,4216.75,4269.37,63881.3746
2021-11-24 08:00:00,4269.37,4342.27,4254.0,4292.28,68774.0779
2021-11-24 12:00:00,4292.28,4310.58,4167.65,4252.35,113517.632
2021-11-24 16:00:00,4252.35,4267.12,4198.84,4211.88,65344.9516
2021-11-24 20:00:00,4212.0,4282.19,4200.09,4269.36,46252.4335
2021-11-25 00:00:00,4270.1,4336.0,4248.27,4317.2,74096.8227
2021-11-25 04:00:00,4317.21,4323.97,4263.34,4295.39,49142.1093
2021-11-25 08:00:00,4295.4,4391.98,4270.65,4386.96,83307.6684
2021-11-25 12:00:00,4387.37,4500.0,4382.39,4475.65,111758.3891
2021-11-25 16:00:00,4475.65,4530.0,4459.79,4502.04,81404.1475
2021-11-25 20:00:00,4502.05,4550.0,4468.35,4524.85,46159.1064
2021-11-26 00:00:00,4524.48,4551.0,4425.27,4426.63,75548.7353
2021-11-26 04:00:00,4426.62,4447.87,4313.0,4343.45,80850.0744
2021-11-26 08:00:00,4343.45,4343.45,3980.0,3985.44,310703.4157
2021-11-26 12:00:00,3984.92,4126.69,3913.0,4063.94,139072.2232
2021-11-26 16:00:00,4063.95,4114.53,4023.0,4082.94,61768.0587
2021-11-26 20:00:00,4082.94,4127.78,4027.08,4041.2,52302.6539
2021-11-27 00:00:00,4041.2,4149.0,4028.34,4115.01,51616.6579
2021-11-27 04:00:00,4115.01,4147.73,4087.94,4123.82,36659.4451
2021-11-27 08:00:00,4123.81,4183.66,4104.94,4111.82,59057.0798
2021-11-27 12:00:00,4112.1,4160.95,4105.48,4132.82,37498.0595
2021-11-27 16:00:00,4133.08,4159.31,4112.57,4115.25,35752.7921
2021-11-27 20:00:00,4115.25,4128.88,4031.91,4095.29,54742.4858
2021-11-28 00:00:00,4095.29,4096.18,3976.75,4026.03,60550.939
2021-11-28 04:00:00,4026.04,4080.01,4005.44,4069.31,33546.3135
2021-11-28 08:00:00,4069.32,4130.78,4033.33,4096.6,36923.5382
2021-11-28 12:00:00,4096.28,4116.09,4045.53,4077.74,36011.6141
2021-11-28 16:00:00,4077.74,4127.0,3964.0,4098.9,79956.1153
2021-11-28 20:00:00,4099.01,4298.51,4098.91,4294.78,99482.835
2021-11-29 00:00:00,4294.77,4375.0,4282.07,4306.75,104398.3638
2021-11-29 04:00:00,4306.76,4366.28,4305.22,4350.74,59890.1078
2021-11-29 08:00:00,4350.66,4359.51,4276.89,4296.64,52716.1369
2021-11-29 12:00:00,4296.64,4390.0,4295.0,4336.08,59450.1267
2021-11-29 16:00:00,4336.07,4458.92,4328.32,4387.04,86104.6309
2021-11-29 20:00:00,4386.99,4457.27,4383.09,4444.53,44321.8623
2021-11-30 00:00:00,4444.54,4502.6,4401.01,4435.24,95429.2151
2021-11-30 04:00:00,4434.97,4458.74,4346.36,4412.82,76720.1239
2021-11-30 08:00:00,4412.81,4600.55,4390.94,4590.47,123842.1566
2021-11-30 12:00:00,4590.47,4753.0,4568.06,4613.85,213070.2225
2021-11-30 16:00:00,4613.85,4694.46,4520.01,4663.23,181140.0178
2021-11-30 20:00:00,4663.23,4675.0,4598.3,4630.26,52822.7303
2021-12-01 00:00:00,4630.25,4769.07,4598.77,4759.37,110086.8666
2021-12-01 04:00:00,4759.37,4778.75,4683.85,4766.69,75598.8803
2021-12-01 08:00:00,4766.69,4769.51,4651.46,4672.86,92695.8892
2021-12-01 12:00:00,4672.85,4761.41,4654.39,4725.57,80999.5734
2021-12-01 16:00:00,4725.58,4758.0,4596.42,4660.58,67546.8453
2021-12-01 20:00:00,4659.78,4661.99,4523.99,4582.95,81270.2557
2021-12-02 00:00:00,4582.95,4621.35,4451.0,4490.98,107995.0525
2021-12-02 04:00:00,4491.02,4584.88,4484.44,4560.11,51505.7244
2021-12-02 08:00:00,4560.11,4599.42,4495.37,4531.25,65102.8056
2021-12-02 12:00:00,4531.25,4634.83,4480.0,4543.06,104548.5281
2021-12-02 16:00:00,4543.05,4556.01,4433.0,4489.24,76894.4523
2021-12-02 20:00:00,4488.92,4558.11,4470.5,4511.21,45815.3916
2021-12-03 00:00:00,4511.35,4547.56,4470.0,4493.15,46448.7915
2021-12-03 04:00:00,4493.0,4592.82,4490.14,4568.57,74205.9424
2021-12-03 08:00:00,4568.56,4617.67,4545.0,4612.08,48573.6743
2021-12-03 12:00:00,4612.07,4654.88,4456.41,4468.15,105691.7377
2021-12-03 16:00:00,4468.14,4468.74,4182.78,4228.81,227135.2044
2021-12-03 20:00:00,4228.82,4288.11,4032.5,4215.73,175919.5156
2021-12-04 00:00:00,4215.01,4238.59,4055.0,4058.12,106713.6924
2021-12-04 04:00:00,4058.12,4118.35,3503.68,3893.51,549695.2756
2021-12-04 08:00:00,3893.51,3982.13,3823.98,3866.36,150103.2987
2021-12-04 12:00:00,3866.35,4070.0,3866.35,4036.54,150084.1783
2021-12-04 16:00:00,4036.55,4135.56,3975.46,4117.36,91941.8268
2021-12-04 20:00:00,4117.37,4128.56,4033.0,4117.25,63234.8733
2021-12-05 00:00:00,4117.25,4179.56,4064.2,4162.8,101434.5296
2021-12-05 04:00:00,4162.81,4229.63,4139.81,4199.52,85324.5649
2021-12-05 08:00:00,4199.52,4221.7,4161.0,4194.11,67144.8424
2021-12-05 12:00:00,4194.11,4248.19,4031.39,4070.07,136119.5601
2021-12-05 16:00:00,4070.07,4178.0,4063.36,4138.41,92350.1362
2021-12-05 20:00:00,4138.42,4204.27,4098.0,4196.44,53951.8081
2021-12-06 00:00:00,4196.44,4202.16,4101.0,4168.09,74989.3687
2021-12-06 04:00:00,4168.09,4195.78,4014.5,4071.98,76877.9517
2021-12-06 08:00:00,4071.99,4149.2,3921.0,4044.41,213165.44
2021-12-06 12:00:00,4044.42,4128.55,3983.18,4125.41,126542.9904
2021-12-06 16:00:00,4125.41,4219.01,4096.38,4194.29,102750.6254
2021-12-06 20:00:00,4194.29,4376.15,4183.74,4347.59,132416.5876
2021-12-07 00:00:00,4347.57,4386.91,4298.59,4341.57,82969.643
2021-12-07 04:00:00,4341.56,4385.22,4330.0,4352.9,59460.8961
2021-12-07 08:00:00,4352.91,4425.0,4346.24,4408.33,79190.4276
2021-12-07 12:00:00,4408.42,4417.87,4330.59,4386.59,84010.9149
2021-12-07 16:00:00,4386.59,4405.0,4280.0,4313.19,62627.202
2021-12-07 20:00:00,4313.19,4329.8,4255.92,4306.4,52490.6674
2021-12-08 00:00:00,4306.4,4347.64,4275.06,4293.57,64830.3805
2021-12-08 04:00:00,4293.57,4379.03,4293.08,4367.31,55724.4421
2021-12-08 08:00:00,4367.32,4390.0,4228.03,4267.27,86298.4912
2021-12-08 12:00:00,4267.27,4450.49,4222.95,4403.22,119098.9341
2021-12-08 16:00:00,4403.22,4422.0,4360.0,4381.37,56750.2826
2021-12-08 20:00:00,4381.37,4442.0,4371.56,4436.91,46701.4046
2021-12-09 00:00:00,4436.91,4488.0,4350.8,4359.41,76434.042
2021-12-09 04:00:00,4358.85,4410.0,4339.45,4379.22,46141.9921
2021-12-09 08:00:00,4379.22,4379.22,4271.0,4304.04,71078.47
2021-12-09 12:00:00,4304.03,4323.6,4137.91,4201.35,104557.4867
2021-12-09 16:00:00,4201.36,4234.63,4100.0,4122.46,96146.0687
2021-12-09 20:00:00,4122.46,4202.76,4076.16,4105.64,67815.6515
2021-12-10 00:00:00,4105.64,4199.87,4098.0,4140.86,64424.7069
2021-12-10 04:00:00,4140.78,4164.33,4021.49,4031.01,68043.5533
2021-12-10 08:00:00,4031.35,4170.53,4021.49,4156.82,60271.9364
2021-12-10 12:00:00,4156.67,4231.08,3985.0,4022.9,167491.3037
2021-12-10 16:00:00,4022.91,4032.88,3929.67,4016.56,114982.4705
2021-12-10 20:00:00,4016.07,4057.75,3887.37,3897.94,88022.5963
2021-12-11 00:00:00,3898.31,4041.0,3828.22,4008.53,116167.0998
2021-12-11 04:00:00,4008.53,4071.57,3929.58,3977.79,81967.1428
2021-12-11 08:00:00,3978.11,4086.9,3964.61,4013.99,97033.5164
2021-12-11 12:00:00,4014.0,4063.65,3990.04,4058.08,45200.2119
2021-12-11 16:00:00,4058.01,4097.08,4000.0,4004.01,45499.2799
2021-12-11 20:00:00,4002.29,4093.0,3977.74,4089.37,41986.1835
2021-12-12 00:00:00,4089.68,4097.27,4026.95,4042.76,39407.2425
2021-12-12 04:00:00,4042.76,4063.47,4006.02,4055.9,30661.5924
2021-12-12 08:00:00,4055.9,4059.95,3986.25,4036.09,37841.8282
2021-12-12 12:00:00,4036.09,4060.0,4015.58,4024.68,42569.2099
2021-12-12 16:00:00,4024.67,4169.95,4015.85,4139.31,73185.8811
2021-12-12 20:00:00,4139.58,4173.63,4114.23,4130.0,36869.7616
2021-12-13 00:00:00,4130.0,4142.75,3953.89,3996.32,83850.8135
2021-12-13 04:00:00,3996.32,4046.99,3972.36,3987.07,50155.2466
2021-12-13 08:00:00,3987.08,4032.0,3950.27,4011.25,39724.293
2021-12-13 12:00:00,4011.26,4021.59,3764.12,3810.99,128122.0599
2021-12-13 16:00:00,3810.99,3875.12,3671.45,3765.8,147658.6357
2021-12-13 20:00:00,3765.8,3813.26,3713.06,3781.93,83956.182
2021-12-14 00:00:00,3781.92,3833.0,3750.0,3775.14,56218.9617
2021-12-14 04:00:00,3775.13,3795.75,3685.0,3783.29,69789.4489
2021-12-14 08:00:00,3783.28,3844.7,3762.41,3839.2,70052.0972
2021-12-14 12:00:00,3839.2,3865.09,3763.01,3785.95,84528.706
2021-12-14 16:00:00,3785.95,3802.62,3723.54,3768.74,50358.262
2021-12-14 20:00:00,3768.74,3882.74,3768.06,3858.99,64198.2704
2021-12-15 00:00:00,3858.99,3896.0,3803.2,3847.45,48281.0724
2021-12-15 04:00:00,3847.45,3895.92,3824.25,3863.68,49903.995
2021-12-15 08:00:00,3863.67,3900.0,3843.0,3851.12,47105.3717
2021-12-15 12:00:00,3851.12,3871.91,3653.41,3659.38,86428.4864
2021-12-15 16:00:00,3659.38,3986.8,3643.73,3969.54,192637.337
2021-12-15 20:00:00,3969.37,4092.22,3966.01,4019.08,117711.7948
2021-12-16 00:00:00,4019.54,4058.47,4005.89,4018.08,54921.3036
2021-12-16 04:00:00,4018.09,4047.96,3978.46,4021.68,42478.5466
2021-12-16 08:00:00,4021.69,4083.26,4013.49,4069.63,49052.2161
2021-12-16 12:00:00,4069.99,4113.43,4005.95,4082.0,84094.5074
2021-12-16 16:00:00,4081.3,4110.53,3980.0,3996.82,86858.7482
2021-12-16 20:00:00,3996.81,4047.9,3942.11,3958.11,51374.7091
2021-12-17 00:00:00,3959.11,3994.1,3930.0,3968.03,39856.6015
2021-12-17 04:00:00,3967.73,3988.69,3852.0,3881.54,82642.7503
2021-12-17 08:00:00,3881.55,3896.1,3806.0,3834.36,62266.3089
2021-12-17 12:00:00,3834.36,3850.7,3700.0,3834.55,134409.483
2021-12-17 16:00:00,3834.55,3945.0,3827.17,3881.3,85799.6875
2021-12-17 20:00:00,3881.31,3941.37,3822.66,3875.42,58396.0913
2021-12-18 00:00:00,3875.43,3906.15,3767.01,3877.23,103734.6502
2021-12-18 04:00:00,3877.24,3937.0,3840.0,3890.43,55434.9334
2021-12-18 08:00:00,3890.43,3994.68,3875.74,3958.13,73391.4444
2021-12-18 12:00:00,3958.6,3983.39,3925.7,3945.41,41803.0028
2021-12-18 16:00:00,3945.41,3967.86,3907.45,3943.2,33886.0585
2021-12-18 20:00:00,3943.2,3996.93,3926.5,3959.93,31343.165
2021-12-19 00:00:00,3959.93,4032.43,3884.89,3988.58,63366.283
2021-12-19 04:00:00,3988.58,4026.99,3965.33,3977.0,41476.4571
2021-12-19 08:00:00,3976.99,3988.5,3897.6,3925.36,62224.639
2021-12-19 12:00:00,3925.36,3998.0,3898.21,3927.26,65097.5772
2021-12-19 16:00:00,3927.25,3951.89,3884.0,3914.06,35579.9468
2021-12-19 20:00:00,3914.05,3991.0,3896.51,3924.14,38261.4199
2021-12-20 00:00:00,3924.14,3983.37,3890.0,3906.62,49525.3146
2021-12-20 04:00:00,3906.62,3933.76,3807.56,3823.97,57436.0431
2021-12-20 08:00:00,3823.97,3835.0,3759.74,3813.02,52501.4287
2021-12-20 12:00:00,3813.02,3848.21,3753.0,3800.77,75513.1826
2021-12-20 16:00:00,3800.77,3883.63,3792.08,3872.19,47719.5018
2021-12-20 20:00:00,3872.18,3968.23,3872.03,3944.73,84221.0063
2021-12-21 00:00:00,3944.72,4024.11,3913.21,4007.46,77046.8077
2021-12-21 04:00:00,4007.48,4055.0,3989.32,4003.21,76917.1797
2021-12-21 08:00:00,4003.37,4037.73,3992.9,4025.32,48692.7529
2021-12-21 12:00:00,4025.32,4063.0,3959.66,3978.21,68264.2434
2021-12-21 16:00:00,3978.6,4013.11,3972.01,4007.87,31897.9621
2021-12-21 20:00:00,4007.87,4042.77,3995.53,4014.15,38007.4095
2021-12-22 00:00:00,4014.41,4074.87,3992.03,4048.6,54029.5173
2021-12-22 04:00:00,4048.6,4060.0,4030.01,4047.24,39224.4621
2021-12-22 08:00:00,4047.25,4063.07,4003.25,4022.51,41991.5107
2021-12-22 12:00:00,4022.51,4031.07,3933.4,4007.24,90475.9865
2021-12-22 16:00:00,4007.18,4033.32,3955.51,3997.5,45328.3045
2021-12-22 20:00:00,3997.5,4019.7,3973.35,3979.51,32142.0265
2021-12-23 00:00:00,3979.51,4005.0,3910.1,3960.59,65308.1526
2021-12-23 04:00:00,3960.6,3972.0,3901.0,3911.6,35726.4219
2021-12-23 08:00:00,3911.6,3958.81,3893.23,3934.32,46645.4531
2021-12-23 12:00:00,3934.31,3965.5,3925.01,3950.65,42037.3863
2021-12-23 16:00:00,3950.64,4150.0,3945.58,4133.64,137226.7122
2021-12-23 20:00:00,4133.64,4142.75,4085.22,4111.41,53263.6905
2021-12-24 00:00:00,4111.41,4129.0,4074.0,4092.03,46427.5623
2021-12-24 04:00:00,4092.02,4098.93,4060.94,4088.67,24655.3608
2021-12-24 08:00:00,4088.35,4118.05,4070.4,4079.0,33024.3436
2021-12-24 12:00:00,4079.0,4113.5,4048.22,4094.23,41144.5807
2021-12-24 16:00:00,4094.23,4134.84,4071.0,4078.29,39549.7262
2021-12-24 20:00:00,4078.28,4080.21,4017.17,4046.36,46031.5925
2021-12-25 00:00:00,4046.35,4075.86,4018.62,4038.69,32360.4793
2021-12-25 04:00:00,4038.7,4062.93,4019.02,4052.91,28103.5198
2021-12-25 08:00:00,4052.91,4062.78,4021.94,4051.59,24362.6574
2021-12-25 12:00:00,4051.74,4104.08,4049.84,4079.04,37555.5951
2021-12-25 16:00:00,4079.04,4100.0,4037.0,4076.89,43967.379
2021-12-25 20:00:00,4076.91,4137.91,4073.73,4094.83,41777.2499
2021-12-26 00:00:00,4094.36,4102.44,4005.78,4013.21,46470.2858
2021-12-26 04:00:00,4013.39,4040.02,4000.0,4037.27,27073.2055
2021-12-26 08:00:00,4037.28,4060.01,4012.0,4033.01,31658.6708
2021-12-26 12:00:00,4033.2,4068.0,4021.39,4053.85,29686.2293
2021-12-26 16:00:00,4053.84,4081.0,4048.23,4076.1,20674.5687
2021-12-26 20:00:00,4076.11,4105.0,4042.69,4063.56,33746.2949
2021-12-27 00:00:00,4063.57,4087.56,4047.37,4080.09,31512.0733
2021-12-27 04:00:00,4080.1,4080.45,4048.0,4051.01,29178.2667
2021-12-27 08:00:00,4051.02,4065.97,4031.8,4060.22,29702.275
2021-12-27 12:00:00,4060.23,4115.0,4043.42,4092.73,52697.9212
2021-12-27 16:00:00,4092.74,4127.46,4074.96,4077.78,41908.7847
2021-12-27 20:00:00,4077.78,4092.96,4031.0,4037.23,37226.0552
2021-12-28 00:00:00,4037.22,4037.23,3931.17,3960.7,73627.7941
2021-12-28 04:00:00,3960.71,3960.71,3877.0,3917.0,56536.5969
2021-12-28 08:00:00,3917.01,3933.98,3883.0,3920.9,48033.46
2021-12-28 12:00:00,3920.89,3932.28,3850.14,3897.9,53723.4594
2021-12-28 16:00:00,3897.91,3902.17,3759.36,3807.96,90483.4419
2021-12-28 20:00:00,3807.96,3844.44,3790.0,3792.75,35659.964
2021-12-29 00:00:00,3792.75,3827.78,3785.0,3816.15,35564.3332
2021-12-29 04:00:00,3816.15,3821.77,3786.52,3796.39,30144.6025
2021-12-29 08:00:00,3796.39,3825.5,3767.0,3790.96,39606.3902
2021-12-29 12:00:00,3790.9,3802.7,3696.65,3795.05,92290.0126
2021-12-29 16:00:00,3795.05,3799.32,3712.84,3725.68,34451.6824
2021-12-29 20:00:00,3725.69,3768.51,3604.2,3630.19,70696.6166
2021-12-30 00:00:00,3630.18,3670.67,3585.0,3649.41,61510.6965
2021-12-30 04:00:00,3649.4,3719.71,3646.3,3709.01,40305.8133
2021-12-30 08:00:00,3709.0,3747.57,3678.79,3737.68,40056.7494
2021-12-30 12:00:00,3737.68,3750.0,3701.03,3708.74,42020.1546
2021-12-30 16:00:00,3709.13,3769.1,3705.39,3751.06,34958.3762
2021-12-30 20:00:00,3751.06,3760.0,3681.33,3709.27,30411.9405
2021-12-31 00:00:00,3709.27,3747.44,3684.04,3742.78,35551.206
2021-12-31 04:00:00,3742.77,3761.5,3687.0,3721.88,31759.0767
2021-12-31 08:00:00,3721.88,3815.0,3714.0,3780.92,69256.289
2021-12-31 12:00:00,3780.92,3813.14,3773.44,3784.64,37346.2205
2021-12-31 16:00:00,3784.64,3788.45,3623.0,3626.27,54604.9027
2021-12-31 20:00:00,3626.21,3712.5,3622.29,3676.23,39496.5993
2022-01-01 00:00:00,3676.22,3748.45,3676.22,3723.96,26592.7693
2022-01-01 04:00:00,3723.96,3765.27,3701.0,3715.31,27251.1401
2022-01-01 08:00:00,3715.32,3733.84,3673.46,3693.37,23727.9949
2022-01-01 12:00:00,3693.38,3745.36,3691.88,3725.3,27056.8064
2022-01-01 16:00:00,3725.29,3766.0,3718.71,3747.61,27250.4199
2022-01-01 20:00:00,3747.6,3776.45,3740.0,3765.54,22264.7662
2022-01-02 00:00:00,3765.54,3771.0,3741.8,3758.55,18383.5311
2022-01-02 04:00:00,3758.13,3761.92,3717.3,3747.22,19265.868
2022-01-02 08:00:00,3747.22,3770.0,3732.39,3744.01,16876.842
2022-01-02 12:00:00,3744.06,3790.38,3730.33,3778.17,24828.1498
2022-01-02 16:00:00,3778.17,3857.44,3771.91,3798.72,54477.9169
2022-01-02 20:00:00,3799.0,3840.02,3794.24,3828.27,20959.1185
2022-01-03 00:00:00,3828.11,3828.79,3775.7,3785.0,31303.8631
2022-01-03 04:00:00,3785.24,3822.99,3780.3,3808.88,25284.967
2022-01-03 08:00:00,3808.88,3845.0,3789.66,3834.61,33876.1495
2022-01-03 12:00:00,3834.61,3853.09,3777.0,3784.04,45884.8092
2022-01-03 16:00:00,3784.04,3795.0,3735.2,3738.4,41527.3682
2022-01-03 20:00:00,3738.39,3778.67,3680.0,3765.89,58368.7016
2022-01-04 00:00:00,3765.89,3774.36,3713.11,3744.23,31746.5042
2022-01-04 04:00:00,3744.04,3764.53,3726.6,3763.87,23326.7065
2022-01-04 08:00:00,3763.88,3840.0,3757.58,3836.19,56266.2892
2022-01-04 12:00:00,3836.19,3900.73,3815.06,3849.52,70762.9494
2022-01-04 16:00:00,3849.51,3865.64,3758.4,3812.31,72941.027
2022-01-04 20:00:00,3812.05,3832.51,3783.89,3785.11,33215.0786
2022-01-05 00:00:00,3785.1,3826.05,3766.0,3809.45,28599.3967
2022-01-05 04:00:00,3809.44,3822.89,3797.49,3815.74,20741.083
2022-01-05 08:00:00,3815.73,3848.0,3781.42,3791.69,36435.1013
2022-01-05 12:00:00,3791.69,3833.0,3761.44,3820.97,46181.368
2022-01-05 16:00:00,3820.97,3823.33,3645.6,3655.3,91109.249
2022-01-05 20:00:00,3655.29,3666.14,3415.0,3540.63,174875.8383
2022-01-06 00:00:00,3539.82,3550.43,3445.75,3448.83,84114.4064
2022-01-06 04:00:00,3448.83,3480.42,3406.24,3453.12,95682.8549
2022-01-06 08:00:00,3453.04,3456.05,3300.0,3349.49,134482.5845
2022-01-06 12:00:00,3349.49,3426.0,3318.0,3397.01,88961.6632
2022-01-06 16:00:00,3397.01,3461.33,3382.11,3447.29,61229.4441
2022-01-06 20:00:00,3447.28,3458.73,3405.74,3406.81,32274.7882
2022-01-07 00:00:00,3406.81,3416.76,3227.82,3238.74,98869.0497
2022-01-07 04:00:00,3238.74,3251.42,3113.25,3202.25,182082.1687
2022-01-07 08:00:00,3201.75,3289.0,3188.01,3225.68,90340.7723
2022-01-07 12:00:00,3225.86,3268.79,3064.42,3131.69,163786.6234
2022-01-07 16:00:00,3131.69,3222.69,3091.0,3197.32,93458.9422
2022-01-07 20:00:00,3197.33,3225.24,3165.17,3199.24,41094.1699
2022-01-08 00:00:00,3198.68,3246.7,3181.0,3203.5,41016.563
2022-01-08 04:00:00,3203.77,3230.01,3191.5,3216.13,35052.4863
2022-01-08 08:00:00,3216.14,3250.0,3198.64,3219.95,47637.1342
2022-01-08 12:00:00,3219.96,3230.33,3147.09,3160.72,51005.6013
2022-01-08 16:00:00,3160.33,3180.0,3000.0,3028.75,151772.3231
2022-01-08 20:00:00,3028.75,3133.56,3003.3,3080.95,74207.9982
2022-01-09 00:00:00,3080.98,3146.25,3057.35,3120.57,57736.1282
2022-01-09 04:00:00,3120.56,3147.53,3116.38,3127.51,29104.9468
2022-01-09 08:00:00,3127.51,3140.0,3084.81,3128.42,45132.7457
2022-01-09 12:00:00,3128.42,3135.0,3072.71,3098.05,41899.3128
2022-01-09 16:00:00,3098.06,3209.64,3092.34,3203.91,67564.008
2022-01-09 20:00:00,3204.11,3211.72,3143.84,3151.97,34437.0228
2022-01-10 00:00:00,3151.97,3171.25,3128.11,3155.04,34457.6678
2022-01-10 04:00:00,3155.04,3185.0,3152.0,3163.24,37150.8992
2022-01-10 08:00:00,3163.24,3169.91,3094.39,3104.5,53386.3669
2022-01-10 12:00:00,3104.42,3110.94,2928.83,3006.26,229791.237
2022-01-10 16:00:00,3006.27,3095.0,2970.68,3029.75,130708.9406
2022-01-10 20:00:00,3029.75,3096.15,3019.17,3082.68,44323.2751
2022-01-11 00:00:00,3082.87,3128.5,3051.8,3120.2,45638.9111
2022-01-11 04:00:00,3119.79,3137.01,3097.57,3129.59,31768.8637
2022-01-11 08:00:00,3129.59,3146.98,3088.0,3110.93,53502.8076
2022-01-11 12:00:00,3110.92,3158.56,3075.48,3133.56,65918.7339
2022-01-11 16:00:00,3133.55,3263.54,3130.0,3237.18,137059.4695
2022-01-11 20:00:00,3237.17,3249.06,3223.22,3239.72,28557.9229
2022-01-12 00:00:00,3239.73,3259.99,3217.52,3234.52,37172.0549
2022-01-12 04:00:00,3234.51,3260.89,3206.2,3217.52,45127.4529
2022-01-12 08:00:00,3217.53,3295.96,3215.78,3272.51,64712.1108
2022-01-12 12:00:00,3272.5,3388.02,3268.25,3361.76,134728.0177
2022-01-12 16:00:00,3361.75,3392.94,3336.34,3382.02,50746.5163
2022-01-12 20:00:00,3382.01,3411.43,3355.51,3371.26,37979.6489
2022-01-13 00:00:00,3371.6,3384.56,3310.0,3338.04,43018.4899
2022-01-13 04:00:00,3338.03,3352.67,3324.1,3339.99,31671.6837
2022-01-13 08:00:00,3339.99,3379.0,3328.86,3333.99,42080.286
2022-01-13 12:00:00,3334.0,3410.0,3272.59,3301.43,106627.9128
2022-01-13 16:00:00,3301.42,3318.97,3247.52,3271.5,69821.5655
2022-01-13 20:00:00,3271.49,3278.73,3233.43,3240.61,43014.942
2022-01-14 00:00:00,3240.61,3275.48,3222.22,3266.43,35148.5765
2022-01-14 04:00:00,3266.43,3312.39,3263.93,3268.97,41453.7317
2022-01-14 08:00:00,3268.96,3274.38,3193.34,3202.51,58649.3317
2022-01-14 12:00:00,3202.51,3299.69,3188.0,3278.0,74726.2382
2022-01-14 16:00:00,3278.16,3327.0,3258.18,3307.55,42306.397
2022-01-14 20:00:00,3308.01,3342.79,3293.13,3307.42,33042.0754
2022-01-15 00:00:00,3307.42,3325.68,3295.14,3307.49,27181.9953
2022-01-15 04:00:00,3307.48,3320.5,3293.31,3313.52,22470.4185
2022-01-15 08:00:00,3313.53,3338.93,3310.0,3318.54,24284.7936
2022-01-15 12:00:00,3318.54,3369.94,3261.0,3361.97,75631.8312
2022-01-15 16:00:00,3361.97,3371.64,3339.32,3349.35,28685.3105
2022-01-15 20:00:00,3349.35,3370.24,3323.85,3326.04,24846.0287
2022-01-16 00:00:00,3326.51,3337.13,3295.14,3313.61,25452.5224
2022-01-16 04:00:00,3313.61,3340.04,3303.66,3331.75,24632.3274
2022-01-16 08:00:00,3332.0,3337.74,3285.49,3312.01,36056.9278
2022-01-16 12:00:00,3312.14,3362.58,3269.62,3353.5,63071.9094
2022-01-16 16:00:00,3353.49,3393.6,3312.79,3320.97,41561.4663
2022-01-16 20:00:00,3320.97,3362.26,3310.42,3346.88,20007.0744
2022-01-17 00:00:00,3346.89,3357.57,3256.01,3258.22,53176.1699
2022-01-17 04:00:00,3258.22,3299.95,3237.16,3270.7,48883.3746
2022-01-17 08:00:00,3270.71,3281.7,3251.0,3255.94,33598.8201
2022-01-17 12:00:00,3255.94,3280.6,3221.0,3236.65,45912.292
2022-01-17 16:00:00,3236.65,3246.76,3180.13,3218.96,55796.8301
2022-01-17 20:00:00,3218.79,3224.24,3141.1,3209.67,46696.1681
2022-01-18 00:00:00,3209.68,3243.87,3175.03,3182.33,39948.2753
2022-01-18 04:00:00,3182.32,3208.0,3163.17,3187.81,32002.7649
2022-01-18 08:00:00,3187.8,3191.61,3128.39,3171.21,55344.6992
2022-01-18 12:00:00,3171.22,3181.17,3100.18,3116.54,74339.4309
2022-01-18 16:00:00,3116.54,3140.25,3082.0,3127.67,53498.861
2022-01-18 20:00:00,3127.68,3193.0,3100.28,3159.85,44000.2415
2022-01-19 00:00:00,3159.85,3174.87,3088.0,3099.38,51315.9431
2022-01-19 04:00:00,3099.39,3114.49,3046.82,3062.0,53071.2368
2022-01-19 08:00:00,3062.0,3130.33,3000.0,3117.28,78622.6128
2022-01-19 12:00:00,3117.15,3161.85,3110.57,3122.68,60961.6323
2022-01-19 16:00:00,3122.69,3158.78,3082.81,3128.17,54605.4842
2022-01-19 20:00:00,3128.18,3138.64,3081.86,3084.02,34419.6611
2022-01-20 00:00:00,3084.02,3131.17,3083.0,3125.14,28682.9141
2022-01-20 04:00:00,3125.13,3153.8,3112.9,3138.91,29171.0171
2022-01-20 08:00:00,3138.79,3155.0,3116.68,3151.86,31046.5446
2022-01-20 12:00:00,3151.86,3270.52,3127.59,3261.42,90694.4331
2022-01-20 16:00:00,3261.41,3273.37,3203.77,3215.28,47401.1794
2022-01-20 20:00:00,3215.28,3219.29,2987.15,3001.48,130600.6179
2022-01-21 00:00:00,3001.48,3034.12,2810.02,2837.22,203402.8189
2022-01-21 04:00:00,2837.21,2897.07,2833.19,2882.65,100123.394
2022-01-21 08:00:00,2882.66,2900.0,2834.44,2848.17,80615.3726
2022-01-21 12:00:00,2848.18,2854.68,2730.39,2830.9,188947.2561
2022-01-21 16:00:00,2830.46,2861.58,2738.17,2741.92,99726.4679
2022-01-21 20:00:00,2741.91,2764.82,2403.0,2568.15,349206.39074
2022-01-22 00:00:00,2567.47,2626.0,2540.0,2567.26,138044.1803
2022-01-22 04:00:00,2567.69,2577.01,2423.66,2464.1,184518.7364
2022-01-22 08:00:00,2464.03,2504.84,2300.0,2431.07,311631.47123
2022-01-22 12:00:00,2431.07,2521.84,2381.0,2387.0,168409.1491
2022-01-22 16:00:00,2387.0,2464.84,2320.0,2337.35,169723.7188
2022-01-22 20:00:00,2337.65,2472.01,2320.0,2412.18,109030.2931
2022-01-23 00:00:00,2412.18,2463.87,2385.9,2416.68,69943.3331
2022-01-23 04:00:00,2416.68,2502.32,2407.08,2487.83,106708.7301
2022-01-23 08:00:00,2487.84,2556.78,2477.0,2498.26,118975.2431
2022-01-23 12:00:00,2498.26,2518.27,2405.01,2432.49,95571.9506
2022-01-23 16:00:00,2432.49,2454.44,2375.82,2384.01,68448.1766
2022-01-23 20:00:00,2384.01,2547.65,2370.8,2539.01,120850.3278
2022-01-24 00:00:00,2539.0,2539.75,2431.8,2459.69,82992.1045
2022-01-24 04:00:00,2459.69,2471.38,2380.48,2386.65,58766.0706
2022-01-24 08:00:00,2386.65,2446.2,2200.9,2238.36,288094.33409
2022-01-24 12:00:00,2238.36,2286.24,2159.0,2274.99,341314.4991
2022-01-24 16:00:00,2274.55,2406.73,2212.3,2378.92,251502.3727
2022-01-24 20:00:00,2378.92,2480.58,2368.28,2439.29,100465.3229
2022-01-25 00:00:00,2439.56,2442.9,2377.6,2415.76,63630.7996
2022-01-25 04:00:00,2415.76,2421.96,2348.96,2383.35,54009.2846
2022-01-25 08:00:00,2383.35,2453.06,2373.56,2424.33,88550.9981
2022-01-25 12:00:00,2424.32,2469.12,2365.23,2419.34,147064.4964
2022-01-25 16:00:00,2419.03,2506.55,2412.51,2466.28,94992.906
2022-01-25 20:00:00,2466.28,2471.46,2404.51,2458.83,61904.4693
2022-01-26 00:00:00,2459.04,2484.76,2414.71,2476.26,56940.2181
2022-01-26 04:00:00,2476.26,2500.0,2444.49,2461.46,55882.2239
2022-01-26 08:00:00,2461.17,2548.2,2460.37,2546.58,87523.2837
2022-01-26 12:00:00,2546.58,2668.58,2524.4,2605.44,192482.63529
2022-01-26 16:00:00,2605.44,2722.0,2560.0,2573.83,232020.7138
2022-01-26 20:00:00,2573.84,2573.84,2402.03,2462.99,181592.5481
2022-01-27 00:00:00,2463.0,2495.25,2354.02,2364.87,135651.7475
2022-01-27 04:00:00,2364.87,2419.63,2360.75,2403.78,64172.8188
2022-01-27 08:00:00,2403.78,2459.01,2385.19,2456.66,69239.5383
2022-01-27 12:00:00,2456.67,2521.0,2442.42,2479.84,100104.5277
2022-01-27 16:00:00,2479.6,2496.25,2390.5,2394.9,87427.1095
2022-01-27 20:00:00,2394.9,2431.23,2316.43,2424.25,142885.9741
2022-01-28 00:00:00,2424.02,2455.0,2360.0,2446.92,81391.24
2022-01-28 04:00:00,2446.91,2474.09,2390.0,2390.3,69083.7854
2022-01-28 08:00:00,2390.31,2420.99,2371.87,2396.84,65439.2471
2022-01-28 12:00:00,2396.84,2448.6,2357.88,2442.94,111047.4077
2022-01-28 16:00:00,2442.94,2492.26,2425.51,2461.74,76347.3362
2022-01-28 20:00:00,2461.74,2558.98,2459.44,2544.99,81840.7901
2022-01-29 00:00:00,2544.99,2585.89,2520.01,2541.48,59693.8866
2022-01-29 04:00:00,2541.48,2570.0,2522.65,2567.94,62503.0136
2022-01-29 08:00:00,2567.94,2578.62,2535.0,2554.84,38563.4848
2022-01-29 12:00:00,2554.83,2607.69,2523.65,2543.36,104068.6985
2022-01-29 16:00:00,2543.68,2605.55,2527.01,2589.99,47441.4876
2022-01-29 20:00:00,2589.99,2636.66,2580.25,2601.43,64396.2535
2022-01-30 00:00:00,2601.43,2614.97,2563.49,2570.48,44801.7225
2022-01-30 04:00:00,2570.48,2632.4,2568.0,2618.89,52402.5198
2022-01-30 08:00:00,2618.89,2640.0,2597.3,2626.24,35595.5459
2022-01-30 12:00:00,2626.24,2639.0,2585.58,2617.2,44431.9267
2022-01-30 16:00:00,2617.19,2624.66,2552.95,2560.25,42945.5536
2022-01-30 20:00:00,2560.25,2632.6,2542.5,2601.68,70592.8174
2022-01-31 00:00:00,2601.67,2608.48,2490.75,2512.07,100103.8606
2022-01-31 04:00:00,2512.07,2529.54,2476.07,2529.07,38461.9155
2022-01-31 08:00:00,2529.07,2569.75,2518.45,2558.01,43930.5862
2022-01-31 12:00:00,2558.0,2635.0,2520.0,2620.66,88049.1561
2022-01-31 16:00:00,2620.66,2706.77,2613.35,2672.72,120641.9505
2022-01-31 20:00:00,2672.5,2705.84,2662.51,2686.94,53397.3821
2022-02-01 00:00:00,2686.94,2757.9,2673.52,2751.62,68492.66632
2022-02-01 04:00:00,2751.63,2767.31,2718.22,2736.69,45243.8515
2022-02-01 08:00:00,2736.69,2796.79,2719.0,2761.32,82354.4839
2022-02-01 12:00:00,2761.31,2811.26,2732.05,2768.54,99189.5414
2022-02-01 16:00:00,2768.14,2813.0,2750.44,2751.02,60826.613
2022-02-01 20:00:00,2751.03,2804.02,2750.42,2787.23,33927.1175
2022-02-02 00:00:00,2787.48,2803.53,2741.67,2781.05,46737.2105
2022-02-02 04:00:00,2781.05,2781.43,2741.05,2749.36,40480.2419
2022-02-02 08:00:00,2749.35,2777.71,2740.0,2766.89,31003.4106
2022-02-02 12:00:00,2766.9,2810.88,2652.92,2663.9,133187.3162
2022-02-02 16:00:00,2663.9,2719.92,2638.0,2707.21,82544.5982
2022-02-02 20:00:00,2707.26,2735.0,2612.72,2680.67,113899.3454
2022-02-03 00:00:00,2680.25,2726.64,2651.56,2657.65,65217.3893
2022-02-03 04:00:00,2657.65,2677.58,2638.0,2671.4,53763.7697
2022-02-03 08:00:00,2671.35,2685.0,2582.75,2621.91,76771.1545
2022-02-03 12:00:00,2622.0,2648.4,2576.05,2640.01,91852.476
2022-02-03 16:00:00,2640.0,2659.87,2590.66,2598.11,52352.31
2022-02-03 20:00:00,2598.11,2699.0,2576.31,2695.46,65086.2936
2022-02-04 00:00:00,2695.21,2698.43,2671.4,2682.99,41240.3656
2022-02-04 04:00:00,2682.99,2808.54,2675.48,2804.55,127324.07
2022-02-04 08:00:00,2804.52,2870.0,2803.94,2828.17,108845.686
2022-02-04 12:00:00,2828.33,2928.0,2762.45,2871.78,194620.5455
2022-02-04 16:00:00,2871.79,2968.86,2867.84,2958.75,126983.3216
2022-02-04 20:00:00,2958.75,2995.0,2930.17,2994.99,64988.9441
2022-02-05 00:00:00,2994.99,3017.02,2958.01,2997.74,74486.0262
2022-02-05 04:00:00,2997.75,3037.9,2987.69,3001.43,63785.4243
2022-02-05 08:00:00,3001.43,3035.69,2988.07,3011.72,47467.1058
2022-02-05 12:00:00,3011.72,3060.47,2998.05,3051.33,70988.4959
2022-02-05 16:00:00,3051.33,3055.85,2961.0,3011.0,73311.1626
2022-02-05 20:00:00,3011.0,3036.78,2993.36,3012.65,26765.0923
2022-02-06 00:00:00,3012.64,3033.84,3008.58,3008.6,23732.3246
2022-02-06 04:00:00,3008.59,3022.07,2988.7,3010.56,29287.1599
2022-02-06 08:00:00,3010.56,3022.52,2998.05,3006.4,25619.5629
2022-02-06 12:00:00,3006.39,3047.0,2950.21,2991.65,87507.1317
2022-02-06 16:00:00,2991.66,3009.98,2978.23,3001.39,31010.3723
2022-02-06 20:00:00,3001.4,3074.56,2975.39,3054.99,52238.0452
2022-02-07 00:00:00,3055.0,3075.0,2991.8,3068.82,74840.227
2022-02-07 04:00:00,3068.82,3110.44,3055.34,3079.48,77490.9095
2022-02-07 08:00:00,3079.48,3085.82,3049.01,3067.24,53503.5356
2022-02-07 12:00:00,3067.24,3127.85,3054.09,3123.15,90836.7602
2022-02-07 16:00:00,3123.16,3186.0,3107.0,3166.64,101547.121
2022-02-07 20:00:00,3166.65,3184.64,3129.53,3139.77,56851.6996
2022-02-08 00:00:00,3139.77,3157.4,3112.0,3146.45,57427.3072
2022-02-08 04:00:00,3146.46,3232.87,3142.35,3174.11,110663.5902
2022-02-08 08:00:00,3174.11,3178.66,3073.57,3105.2,113464.809
2022-02-08 12:00:00,3105.19,3105.2,3029.2,3076.19,97760.209
2022-02-08 16:00:00,3076.18,3084.98,3025.21,3051.6,69953.605
2022-02-08 20:00:00,3051.61,3138.0,3046.31,3116.69,65504.0633
2022-02-09 00:00:00,3116.69,3132.0,3060.41,3076.52,50251.7089
2022-02-09 04:00:00,3076.52,3112.61,3055.0,3105.93,41328.148
2022-02-09 08:00:00,3105.93,3158.37,3069.0,3152.89,63183.9353
2022-02-09 12:00:00,3152.89,3216.99,3140.0,3178.45,90666.5618
2022-02-09 16:00:00,3178.44,3258.0,3163.02,3246.94,74860.4529
2022-02-09 20:00:00,3246.94,3269.7,3230.83,3243.94,49977.0844
2022-02-10 00:00:00,3243.6,3248.98,3170.87,3179.6,49659.4731
2022-02-10 04:00:00,3179.59,3197.12,3156.45,3189.9,47518.8883
2022-02-10 08:00:00,3189.9,3283.66,3183.62,3248.05,84462.28
2022-02-10 12:00:00,3248.05,3264.85,3085.5,3209.91,217178.4193
2022-02-10 16:00:00,3209.9,3247.9,3112.42,3121.07,106648.3062
2022-02-10 20:00:00,3121.08,3140.82,3056.74,3072.49,72745.4714
2022-02-11 00:00:00,3072.36,3096.8,3001.0,3081.08,82881.7576
2022-02-11 04:00:00,3080.97,3105.39,3040.34,3098.34,51334.4506
2022-02-11 08:00:00,3098.25,3115.98,3062.56,3088.3,53992.9953
2022-02-11 12:00:00,3088.3,3138.62,3079.16,3102.93,71406.7273
2022-02-11 16:00:00,3102.92,3113.33,2967.0,2992.89,103499.5438
2022-02-11 20:00:00,2992.9,3001.65,2879.0,2927.54,98910.4005
2022-02-12 00:00:00,2927.54,2959.65,2910.33,2934.2,45748.4473
2022-02-12 04:00:00,2934.2,2948.89,2880.01,2918.93,46437.5043
2022-02-12 08:00:00,2918.92,2943.01,2871.61,2931.09,49167.7298
2022-02-12 12:00:00,2931.08,2937.79,2858.3,2880.4,64466.5529
2022-02-12 16:00:00,2880.09,2978.32,2864.57,2952.51,66300.792
2022-02-12 20:00:00,2952.5,2985.98,2866.06,2918.88,64129.2868
2022-02-13 00:00:00,2918.58,2946.66,2897.69,2918.72,27612.6407
2022-02-13 04:00:00,2918.72,2929.61,2899.71,2923.09,30362.4997
2022-02-13 08:00:00,2923.07,2946.0,2908.08,2931.38,31021.2265
2022-02-13 12:00:00,2931.38,2954.4,2909.73,2919.75,48708.2881
2022-02-13 16:00:00,2919.75,2922.29,2836.7,2856.97,67446.3997
2022-02-13 20:00:00,2856.96,2908.82,2847.58,2871.13,37600.3
2022-02-14 00:00:00,2871.14,2893.7,2829.01,2865.64,46159.1628
2022-02-14 04:00:00,2865.65,2884.55,2844.29,2883.06,36251.1231
2022-02-14 08:00:00,2883.06,2890.06,2846.03,2874.39,46725.1099
2022-02-14 12:00:00,2874.39,2964.87,2856.85,2936.51,114086.2729
2022-02-14 16:00:00,2936.5,2964.97,2857.28,2879.64,94374.889
2022-02-14 20:00:00,2879.63,2948.74,2866.43,2929.75,44181.6803
2022-02-15 00:00:00,2929.75,3037.82,2912.06,3025.12,96597.4718
2022-02-15 04:00:00,3025.12,3061.76,3007.4,3049.45,48882.1191
2022-02-15 08:00:00,3049.44,3117.36,3040.9,3094.84,97137.8299
2022-02-15 12:00:00,3094.82,3149.0,3088.08,3122.6,87606.2847
2022-02-15 16:00:00,3122.61,3141.37,3085.57,3109.34,60411.103
2022-02-15 20:00:00,3109.33,3196.19,3092.05,3183.52,58336.9455
2022-02-16 00:00:00,3183.53,3184.55,3132.95,3141.0,43926.8326
2022-02-16 04:00:00,3141.0,3152.82,3105.0,3149.5,37041.2771
2022-02-16 08:00:00,3149.49,3162.86,3112.77,3135.64,36436.9901
2022-02-16 12:00:00,3135.64,3144.38,3051.28,3066.27,78718.0553
2022-02-16 16:00:00,3066.28,3186.77,3044.03,3169.28,85026.8021
2022-02-16 20:00:00,3169.28,3179.1,3116.96,3122.3,38847.6672
2022-02-17 00:00:00,3122.31,3160.0,3083.23,3083.85,42797.6579
2022-02-17 04:00:00,3083.85,3112.0,3050.0,3109.28,58975.8686
2022-02-17 08:00:00,3109.27,3137.32,3029.44,3065.52,78237.8612
2022-02-17 12:00:00,3065.53,3086.76,2961.31,2989.26,111588.6907
2022-02-17 16:00:00,2989.26,3005.75,2882.43,2910.36,120566.5194
2022-02-17 20:00:00,2910.37,2914.8,2851.55,2891.87,76526.6646
2022-02-18 00:00:00,2891.88,2920.2,2861.0,2907.36,61134.1009
2022-02-18 04:00:00,2907.31,2916.99,2876.89,2905.25,41193.5737
2022-02-18 08:00:00,2905.25,2943.97,2872.01,2878.66,54175.0302
2022-02-18 12:00:00,2878.66,2907.36,2789.0,2800.47,140043.2902
2022-02-18 16:00:00,2800.46,2825.72,2750.0,2797.87,153999.8659
2022-02-18 20:00:00,2797.87,2807.32,2753.72,2779.48,52431.546
2022-02-19 00:00:00,2779.3,2830.96,2766.37,2805.38,40409.6474
2022-02-19 04:00:00,2805.38,2825.98,2793.72,2812.05,31824.6205
2022-02-19 08:00:00,2812.05,2819.33,2707.37,2722.69,69006.2868
2022-02-19 12:00:00,2722.68,2752.39,2694.45,2746.06,67471.7061
2022-02-19 16:00:00,2746.06,2796.0,2740.0,2744.67,56228.6417
2022-02-19 20:00:00,2744.68,2767.84,2727.39,2763.63,28897.1
2022-02-20 00:00:00,2763.63,2764.64,2698.0,2713.12,39672.4529
2022-02-20 04:00:00,2713.12,2718.0,2620.0,2654.17,102126.1779
2022-02-20 08:00:00,2654.18,2654.75,2600.0,2643.0,67041.8872
2022-02-20 12:00:00,2642.99,2665.13,2600.83,2652.36,61844.4471
2022-02-20 16:00:00,2652.37,2675.18,2631.36,2649.67,42675.8212
2022-02-20 20:00:00,2649.67,2666.23,2576.0,2621.99,73024.1177
2022-02-21 00:00:00,2621.99,2739.64,2605.11,2710.89,95468.6309
2022-02-21 04:00:00,2710.9,2756.6,2710.15,2747.44,55048.6628
2022-02-21 08:00:00,2747.45,2759.51,2605.27,2626.78,104434.3652
2022-02-21 12:00:00,2626.78,2750.88,2580.3,2723.4,212572.4883
2022-02-21 16:00:00,2723.41,2745.0,2606.34,2652.76,141165.1935
2022-02-21 20:00:00,2652.76,2675.52,2558.0,2568.02,153149.6451
2022-02-22 00:00:00,2568.03,2621.7,2506.2,2519.26,140862.2894
2022-02-22 04:00:00,2519.25,2548.23,2500.0,2515.81,109551.2719
2022-02-22 08:00:00,2515.81,2608.87,2514.4,2589.35,111472.5182
2022-02-22 12:00:00,2589.34,2665.74,2566.49,2623.82,160909.5164
2022-02-22 16:00:00,2623.83,2640.0,2580.0,2632.74,106749.1566
2022-02-22 20:00:00,2632.74,2655.4,2590.85,2636.29,63094.7417
2022-02-23 00:00:00,2636.28,2654.53,2597.38,2625.07,65548.2509
2022-02-23 04:00:00,2625.06,2699.33,2620.37,2695.63,73776.3328
2022-02-23 08:00:00,2695.62,2738.83,2682.37,2719.62,93942.1704
2022-02-23 12:00:00,2719.61,2753.55,2683.27,2688.35,95166.4295
2022-02-23 16:00:00,2688.35,2729.99,2619.48,2633.14,100800.7757
2022-02-23 20:00:00,2633.14,2641.41,2575.83,2579.71,75236.1819
2022-02-24 00:00:00,2579.7,2593.24,2388.0,2397.41,204521.9133
2022-02-24 04:00:00,2397.41,2410.09,2300.0,2370.45,337011.0275
2022-02-24 08:00:00,2370.45,2431.91,2332.11,2394.51,212746.8957
2022-02-24 12:00:00,2394.52,2476.86,2349.57,2455.09,244075.7054
2022-02-24 16:00:00,2455.32,2599.99,2429.57,2596.31,200567.9331
2022-02-24 20:00:00,2596.32,2740.0,2544.44,2596.2,196809.3003
2022-02-25 00:00:00,2596.26,2649.96,2582.37,2636.92,96575.5337
2022-02-25 04:00:00,2636.92,2646.0,2585.25,2612.96,91256.0282
2022-02-25 08:00:00,2612.96,2640.84,2571.72,2632.9,91156.3372
2022-02-25 12:00:00,2632.89,2743.0,2632.65,2732.79,181779.5725
2022-02-25 16:00:00,2732.79,2745.94,2666.03,2678.81,84127.0136
2022-02-25 20:00:00,2678.81,2834.97,2668.74,2768.49,134499.691
2022-02-26 00:00:00,2768.05,2878.0,2761.31,2793.59,107214.9304
2022-02-26 04:00:00,2793.59,2821.86,2757.52,2792.94,56680.0286
2022-02-26 08:00:00,2792.89,2816.76,2727.5,2751.48,80919.0659
2022-02-26 12:00:00,2751.48,2809.51,2742.16,2785.08,61675.3016
2022-02-26 16:00:00,2785.15,2834.36,2764.44,2809.01,54956.2958
2022-02-26 20:00:00,2809.02,2855.01,2764.43,2779.47,57039.6306
2022-02-27 00:00:00,2779.47,2790.76,2678.21,2715.97,84989.9843
2022-02-27 04:00:00,2715.97,2745.01,2696.9,2736.62,39005.8022
2022-02-27 08:00:00,2736.62,2832.31,2722.37,2820.97,69750.9493
2022-02-27 12:00:00,2820.97,2836.33,2713.23,2808.77,138792.2868
2022-02-27 16:00:00,2809.14,2810.0,2600.0,2608.23,129687.3096
2022-02-27 20:00:00,2608.23,2659.97,2557.98,2616.79,187972.4463
2022-02-28 00:00:00,2616.79,2680.0,2590.0,2608.05,103665.0778
2022-02-28 04:00:00,2608.05,2653.75,2568.62,2635.32,92456.9181
2022-02-28 08:00:00,2635.32,2658.0,2611.48,2640.54,57568.631
2022-02-28 12:00:00,2640.55,2829.99,2607.38,2815.44,216167.6508
2022-02-28 16:00:00,2815.44,2830.77,2789.0,2808.25,128454.8909
2022-02-28 20:00:00,2808.24,2951.6,2796.08,2920.95,135481.2802
2022-03-01 00:00:00,2920.83,2974.3,2889.5,2911.83,113187.0244
2022-03-01 04:00:00,2911.83,2934.2,2882.33,2922.03,74606.1262
2022-03-01 08:00:00,2921.94,2932.67,2854.09,2903.08,100678.4345
2022-03-01 12:00:00,2903.08,3037.94,2899.39,2949.0,237840.3126
2022-03-01 16:00:00,2948.99,2976.48,2897.16,2945.96,97377.9856
2022-03-01 20:00:00,2945.95,2979.99,2938.42,2976.33,50211.8143
2022-03-02 00:00:00,2976.33,3028.0,2914.21,3016.64,109358.6615
2022-03-02 04:00:00,3016.65,3043.91,2955.0,2968.84,93800.1043
2022-03-02 08:00:00,2968.81,3029.0,2950.64,3004.33,96164.9884
2022-03-02 12:00:00,3004.32,3035.0,2925.64,2952.71,202150.339
2022-03-02 16:00:00,2952.7,2982.42,2914.31,2933.32,69202.7024
2022-03-02 20:00:00,2933.32,2987.62,2929.19,2947.3,43946.9505
2022-03-03 00:00:00,2947.31,2970.97,2886.77,2895.01,73220.5808
2022-03-03 04:00:00,2895.01,2920.81,2871.74,2908.03,56158.3553
2022-03-03 08:00:00,2908.02,2934.02,2878.0,2912.43,60529.6373
2022-03-03 12:00:00,2912.43,2934.98,2816.35,2828.0,109441.3652
2022-03-03 16:00:00,2827.99,2839.62,2785.0,2817.2,91567.8785
2022-03-03 20:00:00,2817.21,2849.55,2790.6,2833.99,55274.4182
2022-03-04 00:00:00,2834.0,2836.17,2687.47,2725.33,135667.2359
2022-03-04 04:00:00,2725.33,2734.0,2710.0,2733.07,42310.3725
2022-03-04 08:00:00,2733.08,2759.24,2704.5,2744.39,74345.0842
2022-03-04 12:00:00,2744.39,2755.56,2660.0,2671.72,126197.4068
2022-03-04 16:00:00,2671.73,2697.5,2610.27,2617.2,95899.1614
2022-03-04 20:00:00,2617.2,2629.99,2573.0,2622.1,81759.498
2022-03-05 00:00:00,2622.11,2630.23,2589.38,2625.44,57884.8739
2022-03-05 04:00:00,2625.43,2643.5,2609.62,2638.15,42874.0438
2022-03-05 08:00:00,2638.14,2657.79,2631.0,2648.19,48403.7664
2022-03-05 12:00:00,2648.18,2672.23,2627.34,2642.81,52112.0031
2022-03-05 16:00:00,2642.81,2685.12,2640.0,2670.71,40771.7549
2022-03-05 20:00:00,2670.72,2681.16,2650.69,2665.15,26683.8615
2022-03-06 00:00:00,2665.16,2676.29,2635.0,2639.26,26540.3981
2022-03-06 04:00:00,2639.25,2659.98,2616.14,2644.93,38548.0027
2022-03-06 08:00:00,2644.93,2647.87,2590.0,2608.26,76370.3312
2022-03-06 12:00:00,2608.25,2648.78,2605.24,2626.84,56816.0942
2022-03-06 16:00:00,2626.83,2654.79,2604.0,2607.03,50896.1929
2022-03-06 20:00:00,2607.03,2644.45,2535.0,2551.29,87316.8908
2022-03-07 00:00:00,2551.3,2558.28,2506.99,2525.51,104069.9778
2022-03-07 04:00:00,2525.52,2542.68,2513.53,2520.88,51326.193
2022-03-07 08:00:00,2520.88,2547.0,2491.0,2538.24,68614.0755
2022-03-07 12:00:00,2538.25,2649.0,2538.15,2617.0,142321.0327
2022-03-07 16:00:00,2617.01,2639.87,2448.52,2460.67,147214.7239
2022-03-07 20:00:00,2460.66,2528.16,2445.0,2491.12,106625.6758
2022-03-08 00:00:00,2491.12,2572.29,2480.15,2549.27,86862.6398
2022-03-08 04:00:00,2549.27,2564.58,2495.58,2535.86,78584.8152
2022-03-08 08:00:00,2535.86,2609.04,2527.29,2587.96,91001.4656
2022-03-08 12:00:00,2587.97,2608.29,2531.43,2559.46,126368.6914
2022-03-08 16:00:00,2559.45,2624.0,2525.26,2580.2,139074.0882
2022-03-08 20:00:00,2580.2,2589.66,2548.58,2575.97,39768.0419
2022-03-09 00:00:00,2575.98,2717.62,2567.7,2698.56,139921.729
2022-03-09 04:00:00,2698.57,2746.66,2697.96,2745.0,104749.7464
2022-03-09 08:00:00,2744.99,2775.85,2722.95,2745.27,95578.0546
2022-03-09 12:00:00,2745.26,2769.07,2711.39,2757.47,103492.7757
2022-03-09 16:00:00,2757.47,2759.41,2679.72,2714.5,69742.0523
2022-03-09 20:00:00,2714.49,2735.52,2679.79,2726.98,49287.3823
2022-03-10 00:00:00,2726.98,2733.25,2652.64,2658.38,92174.977
2022-03-10 04:00:00,2658.39,2664.72,2572.0,2593.26,138589.163
2022-03-10 08:00:00,2593.25,2610.31,2575.0,2593.9,71409.8939
2022-03-10 12:00:00,2593.91,2648.0,2550.27,2597.49,156554.8755
2022-03-10 16:00:00,2597.49,2618.1,2583.59,2613.32,68946.4983
2022-03-10 20:00:00,2613.32,2621.24,2591.41,2606.7,31354.53
2022-03-11 00:00:00,2606.69,2610.61,2522.57,2551.95,84826.4012
2022-03-11 04:00:00,2551.95,2617.53,2533.69,2608.67,70510.2841
2022-03-11 08:00:00,2608.67,2669.91,2580.0,2652.63,100824.4682
2022-03-11 12:00:00,2652.63,2676.78,2568.16,2581.11,118631.1302
2022-03-11 16:00:00,2581.11,2581.49,2545.3,2557.3,64489.4836
2022-03-11 20:00:00,2557.3,2588.12,2526.76,2556.86,55301.8895
2022-03-12 00:00:00,2556.86,2597.18,2553.39,2583.86,36373.8791
2022-03-12 04:00:00,2583.85,2600.32,2568.75,2589.25,27336.2827
2022-03-12 08:00:00,2589.25,2593.0,2573.22,2578.83,26345.3948
2022-03-12 12:00:00,2578.82,2596.35,2562.0,2584.67,40653.3779
2022-03-12 16:00:00,2584.67,2616.79,2575.48,2578.19,69454.7904
2022-03-12 20:00:00,2578.19,2592.77,2563.0,2568.8,19072.8462
2022-03-13 00:00:00,2568.8,2603.32,2558.69,2591.92,37538.1057
2022-03-13 04:00:00,2591.91,2596.75,2580.59,2580.91,16232.8187
2022-03-13 08:00:00,2580.92,2595.78,2564.39,2574.23,59590.1766
2022-03-13 12:00:00,2574.23,2591.0,2533.54,2579.71,87292.8335
2022-03-13 16:00:00,2579.71,2586.39,2562.09,2563.28,27454.4943
2022-03-13 20:00:00,2563.29,2573.89,2493.0,2515.65,88833.7313
2022-03-14 00:00:00,2515.66,2546.23,2498.67,2534.07,51172.0885
2022-03-14 04:00:00,2534.07,2605.2,2532.18,2586.58,80558.4709
2022-03-14 08:00:00,2586.58,2609.6,2576.28,2579.81,61393.9566
2022-03-14 12:00:00,2579.81,2592.68,2555.54,2573.0,67398.3059
2022-03-14 16:00:00,2573.0,2581.82,2515.0,2536.43,67281.7103
2022-03-14 20:00:00,2536.43,2596.14,2522.87,2589.41,58825.659
2022-03-15 00:00:00,2589.42,2602.72,2537.1,2544.17,77668.8805
2022-03-15 04:00:00,2544.16,2563.29,2507.0,2532.27,49968.4899
2022-03-15 08:00:00,2532.27,2544.33,2510.37,2534.8,61592.3454
2022-03-15 12:00:00,2534.8,2592.66,2520.66,2571.63,78897.9013
2022-03-15 16:00:00,2571.63,2660.96,2567.45,2659.44,134630.8229
2022-03-15 20:00:00,2659.43,2669.0,2606.1,2617.73,58443.8614
2022-03-16 00:00:00,2617.74,2735.0,2603.38,2620.4,153063.9827
2022-03-16 04:00:00,2620.41,2648.85,2606.46,2646.49,45083.8956
2022-03-16 08:00:00,2646.49,2703.66,2644.63,2688.12,83550.9171
2022-03-16 12:00:00,2688.11,2724.07,2662.05,2704.47,99922.4266
2022-03-16 16:00:00,2704.48,2756.03,2632.91,2753.17,205435.4236
2022-03-16 20:00:00,2753.16,2788.0,2740.81,2773.81,79168.0761
2022-03-17 00:00:00,2773.8,2787.4,2752.64,2766.51,53228.2807
2022-03-17 04:00:00,2766.51,2775.34,2746.42,2755.36,53945.1018
2022-03-17 08:00:00,2755.35,2778.83,2751.29,2775.26,50884.9065
2022-03-17 12:00:00,2775.27,2836.0,2771.43,2801.35,122952.1438
2022-03-17 16:00:00,2801.36,2834.35,2774.17,2828.77,63709.4322
2022-03-17 20:00:00,2828.78,2829.0,2799.17,2811.92,34592.676
2022-03-18 00:00:00,2811.91,2813.54,2765.59,2777.15,74547.8251
2022-03-18 04:00:00,2777.15,2810.11,2770.26,2794.15,58110.1302
2022-03-18 08:00:00,2794.15,2814.99,2779.75,2796.52,72615.5472
2022-03-18 12:00:00,2796.51,2901.73,2788.73,2896.67,146170.1025
2022-03-18 16:00:00,2896.66,2968.33,2882.0,2966.0,129042.4465
2022-03-18 20:00:00,2966.01,2984.0,2930.63,2938.92,76049.7451
2022-03-19 00:00:00,2938.84,2980.0,2928.55,2947.85,55586.9041
2022-03-19 04:00:00,2947.85,2955.06,2920.44,2924.4,43684.4385
2022-03-19 08:00:00,2924.41,2955.19,2922.4,2946.41,48304.2189
2022-03-19 12:00:00,2946.42,2977.86,2939.22,2967.68,62941.4543
2022-03-19 16:00:00,2967.69,2987.7,2945.0,2950.0,54490.2066
2022-03-19 20:00:00,2950.0,2966.6,2890.86,2950.84,60964.3174
2022-03-20 00:00:00,2950.85,2964.17,2907.24,2933.39,49483.7254
2022-03-20 04:00:00,2933.4,2935.68,2915.5,2925.47,28225.6407
2022-03-20 08:00:00,2925.48,2931.08,2874.61,2886.49,49698.8939
2022-03-20 12:00:00,2886.49,2899.18,2846.8,2853.93,110004.4488
2022-03-20 16:00:00,2853.94,2879.9,2817.21,2875.7,80453.2921
2022-03-20 20:00:00,2875.7,2911.48,2849.66,2861.38,59742.8205
2022-03-21 00:00:00,2861.39,2876.94,2829.81,2843.77,67594.8343
2022-03-21 04:00:00,2843.77,2895.37,2834.36,2889.68,55860.4186
2022-03-21 08:00:00,2889.38,2924.17,2873.34,2906.02,62349.0305
2022-03-21 12:00:00,2906.01,2956.67,2887.0,2955.0,135801.2783
2022-03-21 16:00:00,2955.0,2960.57,2895.0,2917.96,85986.0935
2022-03-21 20:00:00,2917.96,2923.79,2882.63,2890.03,42632.2521
2022-03-22 00:00:00,2890.03,3030.0,2886.43,3006.83,154586.2492
2022-03-22 04:00:00,3006.91,3052.85,2965.24,2993.0,129020.4476
2022-03-22 08:00:00,2993.0,3027.27,2985.0,3020.74,78938.6739
2022-03-22 12:00:00,3020.74,3030.15,2988.28,3002.76,83678.3436
2022-03-22 16:00:00,3002.75,3013.87,2981.0,2984.52,65150.3774
2022-03-22 20:00:00,2984.52,3016.39,2960.0,2969.64,53494.8922
2022-03-23 00:00:00,2969.64,2992.66,2925.3,2947.0,81312.7604
2022-03-23 04:00:00,2947.01,2962.73,2920.65,2948.94,58284.1871
2022-03-23 08:00:00,2948.95,2972.46,2933.65,2949.33,55447.9678
2022-03-23 12:00:00,2949.32,3039.38,2938.0,3031.59,106842.3
2022-03-23 16:00:00,3031.59,3045.2,2952.55,2962.96,90337.7884
2022-03-23 20:00:00,2962.97,3038.41,2960.39,3036.0,61737.7261
2022-03-24 00:00:00,3035.99,3081.07,2999.11,3016.63,125334.2117
2022-03-24 04:00:00,3016.64,3071.49,3014.27,3037.47,71066.8839
2022-03-24 08:00:00,3037.47,3067.79,3030.94,3048.58,73155.6614
2022-03-24 12:00:00,3048.57,3129.11,3002.34,3114.67,176801.9602
2022-03-24 16:00:00,3114.68,3123.45,3085.15,3108.75,91361.767
2022-03-24 20:00:00,3108.74,3119.19,3088.01,3110.76,39451.0397
2022-03-25 00:00:00,3110.75,3143.79,3093.7,3135.78,64652.7198
2022-03-25 04:00:00,3135.78,3146.8,3125.62,3128.69,58030.1633
2022-03-25 08:00:00,3128.68,3179.37,3096.69,3167.48,88388.337
2022-03-25 12:00:00,3167.49,3193.28,3108.03,3120.56,138441.0
2022-03-25 16:00:00,3120.55,3139.06,3076.0,3114.99,105359.8984
2022-03-25 20:00:00,3115.0,3129.39,3093.87,3102.14,34227.4387
2022-03-26 00:00:00,3102.13,3116.94,3084.9,3108.44,37427.5598
2022-03-26 04:00:00,3108.44,3139.0,3100.18,3134.46,31695.8857
2022-03-26 08:00:00,3134.46,3138.84,3115.87,3122.7,26216.8473
2022-03-26 12:00:00,3122.7,3128.84,3107.41,3116.37,38337.9935
2022-03-26 16:00:00,3116.38,3129.51,3109.0,3123.52,27814.4557
2022-03-26 20:00:00,3123.53,3153.2,3121.45,3145.0,45642.105
2022-03-27 00:00:00,3145.01,3170.0,3137.29,3143.76,43878.9204
2022-03-27 04:00:00,3143.77,3158.4,3133.82,3155.29,26135.6889
2022-03-27 08:00:00,3155.3,3158.93,3140.02,3146.57,29877.732
2022-03-27 12:00:00,3146.58,3176.84,3126.02,3170.51,52262.3775
2022-03-27 16:00:00,3170.5,3190.0,3165.12,3175.82,42989.7142
2022-03-27 20:00:00,3175.81,3299.37,3165.0,3295.65,140322.9815
2022-03-28 00:00:00,3295.65,3324.0,3275.01,3311.94,92617.1623
2022-03-28 04:00:00,3311.94,3339.39,3300.33,3319.25,69502.099
2022-03-28 08:00:00,3319.25,3357.99,3305.75,3346.68,73338.0921
2022-03-28 12:00:00,3346.68,3400.0,3331.1,3357.59,116888.5035
2022-03-28 16:00:00,3357.6,3431.15,3333.27,3409.82,102341.2826
2022-03-28 20:00:00,3409.83,3425.29,3315.54,3332.92,72549.9738
2022-03-29 00:00:00,3332.91,3401.85,3329.68,3369.98,57753.6618
2022-03-29 04:00:00,3369.99,3423.9,3369.98,3386.77,53906.5187
2022-03-29 08:00:00,3386.76,3471.89,3385.0,3464.92,75700.0454
2022-03-29 12:00:00,3464.92,3481.87,3393.0,3403.05,122001.4369
2022-03-29 16:00:00,3403.06,3443.0,3368.0,3429.65,98312.1493
2022-03-29 20:00:00,3429.65,3429.66,3342.03,3400.51,58226.0105
2022-03-30 00:00:00,3400.51,3400.51,3331.84,3384.11,65287.7777
2022-03-30 04:00:00,3384.11,3418.43,3361.7,3408.56,55658.6347
2022-03-30 08:00:00,3408.57,3419.0,3380.4,3408.07,51361.688
2022-03-30 12:00:00,3408.06,3410.26,3347.67,3382.63,74209.6113
2022-03-30 16:00:00,3382.62,3446.9,3372.51,3395.1,71882.9085
2022-03-30 20:00:00,3395.1,3414.99,3371.12,3385.79,37681.9029
2022-03-31 00:00:00,3385.8,3424.83,3378.0,3397.49,46562.6381
2022-03-31 04:00:00,3397.42,3408.85,3385.11,3403.13,36905.4413
2022-03-31 08:00:00,3403.14,3428.0,3396.1,3409.19,48879.9973
2022-03-31 12:00:00,3409.19,3444.83,3335.6,3350.72,139122.2927
2022-03-31 16:00:00,3350.72,3354.56,3261.35,3283.54,133465.293
2022-03-31 20:00:00,3283.55,3305.55,3262.89,3281.51,50155.5771
2022-04-01 00:00:00,3281.51,3308.67,3210.68,3250.29,101613.9369
2022-04-01 04:00:00,3250.29,3282.13,3242.95,3279.41,57171.3291
2022-04-01 08:00:00,3279.41,3303.69,3268.0,3284.96,57860.9928
2022-04-01 12:00:00,3284.96,3454.36,3262.22,3432.4,185713.8687
2022-04-01 16:00:00,3432.39,3481.29,3404.51,3469.66,91809.0044
2022-04-01 20:00:00,3469.66,3472.52,3426.41,3455.21,38000.1073
2022-04-02 00:00:00,3455.2,3525.13,3438.78,3474.98,115552.7316
2022-04-02 04:00:00,3474.97,3496.17,3462.41,3484.64,54658.5208
2022-04-02 08:00:00,3484.65,3500.0,3470.25,3488.01,54274.5481
2022-04-02 12:00:00,3488.01,3532.2,3445.0,3461.65,139179.6939
2022-04-02 16:00:00,3461.65,3488.41,3433.14,3470.65,86680.9295
2022-04-02 20:00:00,3470.66,3487.11,3434.11,3443.77,49546.8661
2022-04-03 00:00:00,3443.77,3466.95,3412.11,3456.26,55937.0631
2022-04-03 04:00:00,3456.27,3508.37,3451.49,3490.1,54464.1898
2022-04-03 08:00:00,3490.11,3510.02,3470.2,3484.97,52859.8954
2022-04-03 12:00:00,3484.96,3519.99,3477.84,3500.36,58017.6715
2022-04-03 16:00:00,3500.36,3520.78,3479.38,3487.28,57428.1017
2022-04-03 20:00:00,3487.28,3580.34,3487.0,3521.91,102874.8468
2022-04-04 00:00:00,3521.9,3523.33,3468.19,3490.09,66349.5224
2022-04-04 04:00:00,3490.09,3511.93,3479.8,3502.33,40847.024
2022-04-04 08:00:00,3502.32,3505.87,3447.64,3479.08,89167.5687
2022-04-04 12:00:00,3479.08,3494.06,3421.27,3424.73,81012.8583
2022-04-04 16:00:00,3424.74,3500.05,3405.97,3491.83,99638.2719
2022-04-04 20:00:00,3491.84,3547.0,3474.19,3519.5,72968.9133
2022-04-05 00:00:00,3519.5,3535.61,3500.36,3523.92,36687.325
2022-04-05 04:00:00,3523.91,3536.0,3508.6,3526.93,34239.869
2022-04-05 08:00:00,3526.93,3532.2,3504.48,3522.99,30027.1753
2022-04-05 12:00:00,3523.0,3555.0,3439.95,3452.49,153523.4258
2022-04-05 16:00:00,3452.5,3478.0,3418.11,3464.96,77072.0183
2022-04-05 20:00:00,3464.97,3472.58,3400.0,3406.99,66232.9303
2022-04-06 00:00:00,3407.0,3407.5,3268.0,3342.85,144012.7656
2022-04-06 04:00:00,3342.84,3373.64,3324.11,3345.65,62595.6899
2022-04-06 08:00:00,3345.66,3360.0,3280.56,3304.7,89016.6282
2022-04-06 12:00:00,3304.69,3326.19,3217.33,3257.15,170320.8517
2022-04-06 16:00:00,3257.16,3270.28,3171.26,3225.33,209741.1913
2022-04-06 20:00:00,3225.33,3240.69,3162.39,3168.51,60585.978
2022-04-07 00:00:00,3168.52,3206.59,3143.15,3185.57,95585.2566
2022-04-07 04:00:00,3185.56,3234.94,3183.13,3225.12,54601.5198
2022-04-07 08:00:00,3225.11,3262.03,3203.25,3251.67,69852.5106
2022-04-07 12:00:00,3251.66,3268.98,3159.6,3199.3,128329.1317
2022-04-07 16:00:00,3199.29,3247.52,3195.0,3217.96,70799.1659
2022-04-07 20:00:00,3217.95,3260.01,3197.6,3227.19,39011.7426
2022-04-08 00:00:00,3227.2,3276.0,3216.43,3267.66,52641.4143
2022-04-08 04:00:00,3267.65,3287.5,3244.75,3286.22,68474.0905
2022-04-08 08:00:00,3286.23,3314.02,3254.51,3258.46,90937.5059
2022-04-08 12:00:00,3258.47,3306.87,3209.99,3281.24,125827.7699
2022-04-08 16:00:00,3281.24,3291.7,3215.0,3238.55,96411.6667
2022-04-08 20:00:00,3238.55,3257.76,3173.52,3192.39,68130.0575
2022-04-09 00:00:00,3192.39,3223.01,3181.28,3209.88,49471.3204
2022-04-09 04:00:00,3209.87,3228.23,3195.69,3209.8,24539.7434
2022-04-09 08:00:00,3209.81,3217.29,3193.0,3209.59,30840.2483
2022-04-09 12:00:00,3209.58,3234.39,3199.63,3209.4,46827.0577
2022-04-09 16:00:00,3208.45,3249.08,3201.93,3233.35,32469.5428
2022-04-09 20:00:00,3233.35,3268.4,3222.01,3258.57,28296.344
2022-04-10 00:00:00,3258.57,3268.0,3246.09,3257.32,23281.3244
2022-04-10 04:00:00,3257.33,3262.83,3234.13,3243.23,18903.6287
2022-04-10 08:00:00,3243.24,3256.38,3233.16,3251.78,23044.7922
2022-04-10 12:00:00,3251.77,3262.04,3232.73,3256.04,29553.4638
2022-04-10 16:00:00,3256.04,3307.22,3251.53,3291.7,54128.708
2022-04-10 20:00:00,3291.69,3297.5,3193.0,3203.04,83391.3155
2022-04-11 00:00:00,3203.04,3213.63,3151.84,3175.31,88548.2832
2022-04-11 04:00:00,3175.31,3189.98,3165.43,3178.61,46868.3248
2022-04-11 08:00:00,3178.61,3180.68,3030.0,3051.57,202953.4221
2022-04-11 12:00:00,3051.57,3065.78,3002.36,3003.39,116365.8482
2022-04-11 16:00:00,3003.39,3040.59,2977.54,3004.6,134268.9068
2022-04-11 20:00:00,3004.6,3019.71,2950.0,2979.74,104389.5061
2022-04-12 00:00:00,2979.75,2996.93,2950.0,2983.04,69104.8851
2022-04-12 04:00:00,2983.04,3027.72,2971.38,3025.23,85782.6967
2022-04-12 08:00:00,3025.23,3047.05,3005.84,3040.97,78926.7586
2022-04-12 12:00:00,3040.96,3085.0,3014.97,3044.98,185765.2056
2022-04-12 16:00:00,3044.98,3064.0,2968.09,2972.8,103124.6146
2022-04-12 20:00:00,2972.8,3036.55,2967.02,3027.66,56818.7899
2022-04-13 00:00:00,3027.65,3068.0,3005.5,3049.09,57882.684
2022-04-13 04:00:00,3049.1,3070.0,3038.65,3051.36,44629.0454
2022-04-13 08:00:00,3051.35,3060.0,3012.0,3014.09,54085.46
2022-04-13 12:00:00,3014.09,3116.44,2996.86,3093.42,139607.7681
2022-04-13 16:00:00,3093.43,3120.48,3069.06,3086.03,73377.1557
2022-04-13 20:00:00,3086.03,3128.97,3082.44,3118.28,49519.3808
2022-04-14 00:00:00,3118.28,3145.0,3110.54,3117.9,53530.9828
2022-04-14 04:00:00,3117.9,3126.82,3099.16,3113.5,41108.7746
2022-04-14 08:00:00,3113.5,3122.16,3068.63,3072.78,64155.7574
2022-04-14 12:00:00,3072.78,3099.56,3011.97,3015.9,122344.4403
2022-04-14 16:00:00,3015.9,3025.96,2976.3,2995.75,91047.3574
2022-04-14 20:00:00,2995.75,3026.51,2983.61,3021.98,36195.2447
2022-04-15 00:00:00,3021.98,3043.29,3013.22,3042.0,42899.4516
2022-04-15 04:00:00,3042.0,3046.9,3010.85,3034.62,42157.2943
2022-04-15 08:00:00,3034.62,3040.63,3017.08,3027.28,39662.5391
2022-04-15 12:00:00,3027.28,3060.92,2993.13,3028.88,71388.846
2022-04-15 16:00:00,3028.88,3040.0,3009.23,3022.81,32432.6497
2022-04-15 20:00:00,3022.82,3044.82,3018.5,3040.56,21085.5174
2022-04-16 00:00:00,3040.57,3050.12,3034.98,3038.29,23727.2884
2022-04-16 04:00:00,3038.29,3048.52,3033.27,3034.64,17191.4187
2022-04-16 08:00:00,3034.64,3047.11,3027.71,3039.48,25401.0811
2022-04-16 12:00:00,3039.48,3058.9,3010.03,3017.5,50194.875
2022-04-16 16:00:00,3017.51,3029.04,3013.79,3024.39,20182.8318
2022-04-16 20:00:00,3024.4,3086.1,3022.71,3059.3,39654.9215
2022-04-17 00:00:00,3059.3,3064.5,3022.0,3029.38,26055.2717
2022-04-17 04:00:00,3029.37,3046.21,3028.8,3037.97,17110.9756
2022-04-17 08:00:00,3037.96,3054.83,3037.48,3048.05,20603.609
2022-04-17 12:00:00,3048.05,3083.0,3042.8,3073.0,63761.9572
2022-04-17 16:00:00,3073.01,3078.48,3022.96,3052.08,45113.1737
2022-04-17 20:00:00,3052.08,3077.46,2981.7,2988.06,71127.0868
2022-04-18 00:00:00,2988.07,3002.39,2977.0,2995.18,44570.0468
2022-04-18 04:00:00,2995.17,2995.75,2883.22,2892.12,131039.5106
2022-04-18 08:00:00,2892.13,2923.69,2888.15,2911.85,47494.3785
2022-04-18 12:00:00,2911.86,2952.79,2905.0,2914.25,92221.8587
2022-04-18 16:00:00,2914.25,3024.78,2895.0,3005.72,133399.6264
2022-04-18 20:00:00,3005.72,3069.6,3004.58,3055.56,61526.2326
2022-04-19 00:00:00,3055.56,3095.18,3035.79,3037.58,62432.3404
2022-04-19 04:00:00,3037.59,3051.97,3030.34,3039.01,34093.6295
2022-04-19 08:00:00,3039.01,3069.03,3032.64,3041.51,46278.9095
2022-04-19 12:00:00,3041.51,3131.0,3040.88,3110.52,118280.1112
2022-04-19 16:00:00,3110.53,3125.87,3079.28,3110.65,65289.1542
2022-04-19 20:00:00,3110.66,3111.43,3085.5,3101.77,33000.859
2022-04-20 00:00:00,3101.74,3106.54,3066.71,3091.62,44680.6068
2022-04-20 04:00:00,3091.63,3115.0,3078.31,3089.75,44739.1628
2022-04-20 08:00:00,3089.74,3166.5,3086.66,3152.78,81011.1373
2022-04-20 12:00:00,3152.78,3162.0,3051.16,3068.3,131827.2504
2022-04-20 16:00:00,3068.3,3088.0,3036.45,3070.0,67233.5576
2022-04-20 20:00:00,3070.0,3096.2,3058.38,3076.04,45508.3536
2022-04-21 00:00:00,3076.03,3105.0,3071.25,3096.8,36304.8582
2022-04-21 04:00:00,3096.8,3105.17,3066.66,3100.56,46968.4087
2022-04-21 08:00:00,3100.55,3159.99,3082.77,3151.15,104818.8874
2022-04-21 12:00:00,3151.15,3180.0,3101.55,3104.81,140959.6931
2022-04-21 16:00:00,3104.81,3107.43,3021.74,3026.23,108167.7973
2022-04-21 20:00:00,3026.23,3034.23,2942.31,2983.58,125480.0523
2022-04-22 00:00:00,2983.57,3009.95,2968.83,2995.41,65396.0402
2022-04-22 04:00:00,2995.41,3034.32,2986.04,3019.91,65018.48
2022-04-22 08:00:00,3019.9,3029.22,2976.72,3014.36,64631.3205
2022-04-22 12:00:00,3014.36,3022.1,2944.01,2949.53,131198.7928
2022-04-22 16:00:00,2949.53,2982.91,2930.35,2956.71,91166.7312
2022-04-22 20:00:00,2956.7,2972.36,2936.5,2962.39,35021.7173
2022-04-23 00:00:00,2962.39,2975.39,2938.02,2946.32,33256.1962
2022-04-23 04:00:00,2946.31,2964.59,2913.89,2959.8,39223.0297
2022-04-23 08:00:00,2959.8,2969.99,2952.25,2958.73,28006.3588
2022-04-23 12:00:00,2958.73,2971.76,2946.62,2966.04,32646.2935
2022-04-23 16:00:00,2966.18,2978.03,2947.36,2953.27,29279.5692
2022-04-23 20:00:00,2953.28,2969.36,2921.62,2933.03,25165.285
2022-04-24 00:00:00,2933.04,2960.0,2922.77,2955.92,36094.4213
2022-04-24 04:00:00,2955.93,2958.85,2944.0,2949.49,16790.4639
2022-04-24 08:00:00,2949.49,2955.63,2934.83,2938.86,18582.5831
2022-04-24 12:00:00,2938.86,2957.0,2912.09,2943.82,47051.2687
2022-04-24 16:00:00,2943.83,2967.06,2916.17,2959.58,65740.9608
2022-04-24 20:00:00,2959.57,2962.46,2917.82,2921.0,34697.3244
2022-04-25 00:00:00,2920.99,2925.75,2841.6,2875.59,105881.2706
2022-04-25 04:00:00,2875.58,2876.0,2797.1,2811.41,97301.2833
2022-04-25 08:00:00,2811.41,2863.94,2797.01,2861.74,80592.7434
2022-04-25 12:00:00,2861.73,2895.64,2842.0,2869.57,134790.4295
2022-04-25 16:00:00,2869.58,3015.0,2865.72,3012.41,147697.3149
2022-04-25 20:00:00,3012.41,3025.65,2989.99,3006.62,52935.3199
2022-04-26 00:00:00,3006.63,3039.54,2986.56,3001.0,48930.7858
2022-04-26 04:00:00,3001.0,3013.71,2977.93,3003.24,45911.5711
2022-04-26 08:00:00,3003.23,3020.83,2984.88,3003.04,47400.6188
2022-04-26 12:00:00,3003.04,3012.32,2853.76,2859.76,148105.0641
2022-04-26 16:00:00,2859.76,2885.86,2809.36,2838.93,144353.4686
2022-04-26 20:00:00,2838.92,2855.0,2767.0,2809.67,96482.842
2022-04-27 00:00:00,2809.68,2844.69,2794.46,2836.28,61139.7842
2022-04-27 04:00:00,2836.29,2893.0,2831.35,2892.23,57370.015
2022-04-27 08:00:00,2892.23,2914.34,2860.02,2884.79,91136.4491
2022-04-27 12:00:00,2884.8,2919.87,2820.93,2865.23,155104.3414
2022-04-27 16:00:00,2865.24,2895.0,2838.93,2852.68,78583.0751
2022-04-27 20:00:00,2852.67,2899.4,2851.0,2888.96,45617.5768
2022-04-28 00:00:00,2888.95,2915.45,2869.47,2883.85,50628.4754
2022-04-28 04:00:00,2883.85,2938.04,2875.01,2900.27,49455.2164
2022-04-28 08:00:00,2900.27,2947.47,2899.73,2928.26,74088.697
2022-04-28 12:00:00,2928.27,2946.5,2853.83,2889.53,176592.7661
2022-04-28 16:00:00,2889.53,2980.0,2875.63,2947.83,118841.8126
2022-04-28 20:00:00,2947.84,2969.69,2911.71,2936.93,67786.0303
2022-04-29 00:00:00,2936.92,2946.46,2904.14,2926.21,66122.6065
2022-04-29 04:00:00,2926.21,2935.9,2908.74,2925.85,55565.077
2022-04-29 08:00:00,2925.84,2927.79,2834.28,2843.11,83541.1143
2022-04-29 12:00:00,2843.11,2886.23,2832.07,2856.51,117031.428
2022-04-29 16:00:00,2856.51,2857.53,2776.63,2792.96,149203.8978
2022-04-29 20:00:00,2792.95,2823.17,2789.07,2817.13,54514.0234
2022-04-30 00:00:00,2817.13,2837.82,2810.45,2818.26,48071.0318
2022-04-30 04:00:00,2818.26,2841.63,2809.16,2829.79,35793.3907
2022-04-30 08:00:00,2829.79,2840.0,2817.69,2830.76,40477.3057
2022-04-30 12:00:00,2830.76,2836.66,2771.01,2816.08,75434.0623
2022-04-30 16:00:00,2816.07,2822.16,2775.03,2806.73,54863.2754
2022-04-30 20:00:00,2806.74,2807.86,2709.26,2726.66,113118.181
2022-05-01 00:00:00,2726.67,2780.62,2716.13,2777.15,90414.1142
2022-05-01 04:00:00,2777.15,2795.15,2764.18,2766.39,69045.7174
2022-05-01 08:00:00,2766.4,2782.0,2751.74,2756.8,40768.9347
2022-05-01 12:00:00,2756.79,2819.31,2753.5,2805.75,69441.6549
2022-05-01 16:00:00,2805.76,2828.93,2755.1,2765.39,77532.7702
2022-05-01 20:00:00,2765.4,2849.9,2757.81,2824.81,95341.6878
2022-05-02 00:00:00,2824.81,2849.68,2822.59,2840.72,61400.4276
2022-05-02 04:00:00,2840.72,2874.59,2832.1,2845.26,58251.0125
2022-05-02 08:00:00,2845.26,2855.86,2789.63,2795.05,65701.4999
2022-05-02 12:00:00,2795.05,2852.53,2778.78,2827.68,152893.1509
2022-05-02 16:00:00,2827.68,2850.0,2780.0,2841.71,117919.3869
2022-05-02 20:00:00,2841.72,2894.22,2824.08,2856.54,65541.3789
2022-05-03 00:00:00,2856.54,2861.47,2828.65,2851.0,54433.6191
2022-05-03 04:00:00,2851.0,2855.07,2829.9,2844.98,50785.341
2022-05-03 08:00:00,2844.98,2854.12,2824.0,2849.01,37135.7252
2022-05-03 12:00:00,2849.01,2850.81,2815.31,2822.21,76202.5592
2022-05-03 16:00:00,2822.21,2827.51,2761.03,2773.43,102207.2501
2022-05-03 20:00:00,2773.43,2800.44,2755.19,2781.7,50566.685
2022-05-04 00:00:00,2781.7,2810.58,2771.74,2798.04,38176.2714
2022-05-04 04:00:00,2798.04,2833.7,2789.04,2829.42,50987.3485
2022-05-04 08:00:00,2829.42,2888.75,2827.15,2870.54,106183.6098
2022-05-04 12:00:00,2870.53,2883.72,2826.13,2844.26,85012.8083
2022-05-04 16:00:00,2844.27,2965.85,2826.67,2955.71,203433.797
2022-05-04 20:00:00,2955.7,2958.61,2921.2,2940.64,64944.2318
2022-05-05 00:00:00,2940.65,2954.65,2937.21,2941.6,43482.2788
2022-05-05 04:00:00,2941.59,2951.63,2925.0,2934.06,34388.8211
2022-05-05 08:00:00,2934.06,2938.78,2916.48,2925.67,44779.5294
2022-05-05 12:00:00,2925.67,2935.0,2728.41,2742.85,260272.1247
2022-05-05 16:00:00,2742.85,2771.96,2683.0,2729.12,258349.4524
2022-05-05 20:00:00,2729.12,2756.51,2714.08,2747.97,93573.113
2022-05-06 00:00:00,2747.96,2758.18,2724.0,2746.39,61491.5457
2022-05-06 04:00:00,2746.38,2755.91,2694.09,2730.2,66119.5866
2022-05-06 08:00:00,2730.21,2744.88,2660.2,2676.04,111286.425
2022-05-06 12:00:00,2676.04,2727.47,2632.95,2688.25,299718.0345
2022-05-06 16:00:00,2688.15,2713.54,2669.58,2689.31,134052.7674
2022-05-06 20:00:00,2689.3,2708.0,2674.33,2692.85,38780.9642
2022-05-07 00:00:00,2692.86,2698.27,2665.05,2669.42,34369.4803
2022-05-07 04:00:00,2669.43,2678.59,2653.33,2672.45,48414.7106
2022-05-07 08:00:00,2672.45,2698.55,2667.58,2688.9,46341.0294
2022-05-07 12:00:00,2688.89,2704.36,2671.8,2692.67,58478.5647
2022-05-07 16:00:00,2692.67,2700.8,2680.65,2682.94,31774.231
2022-05-07 20:00:00,2682.95,2683.12,2584.75,2635.34,151893.4372
2022-05-08 00:00:00,2635.35,2642.0,2517.0,2545.08,236271.8151
2022-05-08 04:00:00,2545.08,2569.21,2530.0,2556.6,90464.1459
2022-05-08 08:00:00,2556.6,2577.08,2546.08,2568.09,66590.2151
2022-05-08 12:00:00,2567.97,2579.03,2512.85,2517.0,119107.3918
2022-05-08 16:00:00,2516.99,2571.78,2484.0,2562.01,177908.3564
2022-05-08 20:00:00,2562.0,2564.69,2508.8,2519.71,67273.4172
2022-05-09 00:00:00,2519.71,2530.78,2423.84,2457.56,187870.6747
2022-05-09 04:00:00,2457.56,2480.0,2423.85,2447.86,100724.4575
2022-05-09 08:00:00,2447.86,2469.72,2362.41,2406.03,248399.4031
2022-05-09 12:00:00,2406.04,2447.94,2345.0,2381.87,296405.2216
2022-05-09 16:00:00,2381.87,2404.69,2225.0,2270.68,491747.81
2022-05-09 20:00:00,2270.68,2335.23,2225.16,2228.55,249777.4124
2022-05-10 00:00:00,2229.0,2350.0,2200.0,2300.79,387958.256
2022-05-10 04:00:00,2300.78,2439.99,2297.89,2373.68,338845.2959
2022-05-10 08:00:00,2373.62,2411.63,2365.45,2402.0,187728.6733
2022-05-10 12:00:00,2402.0,2457.34,2321.11,2361.99,317622.0614
2022-05-10 16:00:00,2361.99,2410.21,2329.51,2354.28,165442.8473
2022-05-10 20:00:00,2354.55,2367.76,2260.67,2342.05,153029.0048
2022-05-11 00:00:00,2342.04,2392.99,2320.0,2360.53,162981.4763
2022-05-11 04:00:00,2360.54,2406.64,2267.69,2315.13,306640.5616
2022-05-11 08:00:00,2315.13,2451.37,2291.04,2410.22,309462.5003
2022-05-11 12:00:00,2410.22,2429.87,2129.0,2264.53,692783.83083
2022-05-11 16:00:00,2264.53,2283.14,2100.0,2117.42,293005.376
2022-05-11 20:00:00,2117.52,2151.72,2005.0,2084.99,257991.09303
2022-05-12 00:00:00,2084.99,2195.0,1971.55,1971.56,388066.28175
2022-05-12 04:00:00,1971.56,1986.12,1800.0,1916.3,850470.97901
2022-05-12 08:00:00,1916.3,2020.0,1870.31,1952.76,378746.0277
2022-05-12 12:00:00,1952.76,2056.33,1883.25,1968.23,325046.7664
2022-05-12 16:00:00,1968.23,2044.18,1900.1,1945.28,216424.0921
2022-05-12 20:00:00,1945.85,1984.12,1870.0,1960.22,146438.7614
2022-05-13 00:00:00,1960.22,2115.0,1940.23,2096.46,270038.5961
2022-05-13 04:00:00,2096.46,2145.0,2043.9,2048.16,211459.6806
2022-05-13 08:00:00,2048.17,2125.0,2048.07,2114.99,163840.8831
2022-05-13 12:00:00,2114.99,2147.54,2076.22,2093.61,235693.1065
2022-05-13 16:00:00,2093.62,2112.91,2030.0,2064.79,169413.0683
2022-05-13 20:00:00,2064.8,2085.0,2001.01,2009.69,83597.0041
2022-05-14 00:00:00,2009.69,2070.06,2001.45,2054.4,101652.3342
2022-05-14 04:00:00,2054.4,2054.9,2014.67,2031.94,66634.0553
2022-05-14 08:00:00,2031.94,2053.98,1970.75,1985.62,128678.38
2022-05-14 12:00:00,1985.62,2000.44,1951.21,1963.68,98414.7817
2022-05-14 16:00:00,1963.68,2034.99,1955.0,1996.06,96867.8152
2022-05-14 20:00:00,1996.05,2066.66,1992.16,2056.48,71540.9414
2022-05-15 00:00:00,2056.47,2079.4,2000.68,2014.2,71458.5845
2022-05-15 04:00:00,2014.2,2049.3,2002.02,2037.55,57959.0219
2022-05-15 08:00:00,2037.55,2086.65,2018.52,2080.49,84714.7743
2022-05-15 12:00:00,2080.48,2100.0,2048.11,2062.57,99816.8902
2022-05-15 16:00:00,2062.57,2105.77,2057.12,2104.05,71054.786
2022-05-15 20:00:00,2104.04,2167.0,2096.53,2145.29,129394.2018
2022-05-16 00:00:00,2145.29,2145.29,2066.71,2076.19,114247.9193
2022-05-16 04:00:00,2076.19,2082.89,1991.73,2011.92,157338.3967
2022-05-16 08:00:00,2011.92,2052.02,1980.1,2031.17,130201.7738
2022-05-16 12:00:00,2031.16,2060.09,1985.0,2014.29,203020.5991
2022-05-16 16:00:00,2014.29,2046.36,1979.12,2007.15,134453.787
2022-05-16 20:00:00,2007.14,2056.13,2005.47,2023.66,82808.3772
2022-05-17 00:00:00,2023.66,2080.0,2018.8,2073.49,84137.3876
2022-05-17 04:00:00,2073.48,2094.18,2064.57,2070.64,66859.7545
2022-05-17 08:00:00,2070.64,2099.99,2069.13,2080.72,63203.654
2022-05-17 12:00:00,2080.71,2122.42,2043.57,2061.08,159481.5617
2022-05-17 16:00:00,2061.07,2069.98,2008.0,2046.66,127456.5786
2022-05-17 20:00:00,2046.65,2102.3,2041.81,2090.72,67110.1084
2022-05-18 00:00:00,2090.72,2110.72,2033.28,2039.0,91879.3054
2022-05-18 04:00:00,2039.0,2052.76,2017.84,2038.7,83763.4734
2022-05-18 08:00:00,2038.69,2049.61,2022.24,2031.32,67741.372
2022-05-18 12:00:00,2031.32,2035.5,1943.56,1956.07,156604.4229
2022-05-18 16:00:00,1956.07,1993.9,1931.49,1981.59,122065.7162
2022-05-18 20:00:00,1981.59,1982.15,1908.0,1915.11,109522.9442
2022-05-19 00:00:00,1915.11,1969.3,1903.18,1953.7,132901.6448
2022-05-19 04:00:00,1953.71,1973.6,1940.73,1952.07,78854.3728
2022-05-19 08:00:00,1952.07,1969.04,1912.17,1965.54,123907.0309
2022-05-19 12:00:00,1965.53,2040.39,1943.14,2023.83,216153.7649
2022-05-19 16:00:00,2023.82,2028.9,1990.56,1993.56,125237.0305
2022-05-19 20:00:00,1993.55,2027.74,1991.79,2019.55,64423.1355
2022-05-20 00:00:00,2019.55,2052.94,2004.12,2023.03,74590.7729
2022-05-20 04:00:00,2023.03,2034.27,2001.1,2025.55,66981.4564
2022-05-20 08:00:00,2025.59,2064.0,2022.18,2054.51,69703.2205
2022-05-20 12:00:00,2054.5,2058.04,1952.35,1960.99,180476.1804
2022-05-20 16:00:00,1961.0,1972.82,1923.0,1968.27,134350.5016
2022-05-20 20:00:00,1968.26,1978.68,1952.83,1959.08,50879.4053
2022-05-21 00:00:00,1959.08,1973.95,1937.36,1967.75,51450.0288
2022-05-21 04:00:00,1967.74,1986.57,1961.23,1978.63,39338.3337
2022-05-21 08:00:00,1978.63,1988.48,1956.58,1970.46,33761.7569
2022-05-21 12:00:00,1970.47,1985.46,1959.18,1980.38,48002.9063
2022-05-21 16:00:00,1980.39,1990.86,1973.0,1981.4,41628.7893
2022-05-21 20:00:00,1981.4,1985.0,1965.82,1975.07,24687.9482
2022-05-22 00:00:00,1975.06,1983.98,1971.82,1974.14,29549.7285
2022-05-22 04:00:00,1974.14,1977.55,1966.33,1975.86,27158.8053
2022-05-22 08:00:00,1975.86,2037.8,1973.45,2017.36,111779.4513
2022-05-22 12:00:00,2017.36,2032.71,1991.0,2004.58,70483.1314
2022-05-22 16:00:00,2004.58,2022.8,1992.57,2007.41,49315.2338
2022-05-22 20:00:00,2007.41,2056.41,2006.26,2043.19,67448.8424
2022-05-23 00:00:00,2043.19,2057.87,2019.5,2030.84,58854.6553
2022-05-23 04:00:00,2030.85,2081.74,2025.62,2066.77,90912.7639
2022-05-23 08:00:00,2066.76,2085.0,2051.67,2068.96,78980.0532
2022-05-23 12:00:00,2068.96,2088.5,2035.71,2065.0,154097.3646
2022-05-23 16:00:00,2065.01,2078.83,1978.59,1981.0,145992.5036
2022-05-23 20:00:00,1980.99,2004.86,1957.12,1973.32,107247.6818
2022-05-24 00:00:00,1973.33,1990.75,1969.05,1987.9,47433.582
2022-05-24 04:00:00,1987.9,1993.83,1974.26,1985.22,41160.6218
2022-05-24 08:00:00,1985.22,1985.59,1952.35,1966.36,80768.0606
2022-05-24 12:00:00,1966.37,1975.55,1913.02,1962.72,178331.6137
2022-05-24 16:00:00,1962.71,1976.99,1934.9,1962.85,116591.022
2022-05-24 20:00:00,1962.85,1990.0,1951.53,1979.41,69812.0719
2022-05-25 00:00:00,1979.4,2022.34,1970.23,2014.2,83323.356
2022-05-25 04:00:00,2014.2,2015.3,1973.33,1977.04,56852.1373
2022-05-25 08:00:00,1977.04,1981.98,1942.3,1944.07,77060.594
2022-05-25 12:00:00,1944.08,1985.75,1934.61,1964.53,135701.2434
2022-05-25 16:00:00,1964.54,1982.84,1944.09,1951.59,115872.8969
2022-05-25 20:00:00,1951.59,1972.02,1940.74,1942.63,55976.0815
2022-05-26 00:00:00,1942.64,1966.01,1933.66,1948.46,59555.8422
2022-05-26 04:00:00,1948.47,1950.85,1910.0,1926.36,107439.5221
2022-05-26 08:00:00,1926.35,1927.42,1800.0,1816.57,279122.9155
2022-05-26 12:00:00,1816.56,1876.4,1735.0,1862.02,400292.75604
2022-05-26 16:00:00,1862.03,1907.58,1826.13,1826.56,180070.2646
2022-05-26 20:00:00,1826.55,1850.01,1789.38,1792.23,142259.2747
2022-05-27 00:00:00,1792.24,1808.6,1728.99,1768.0,293711.98478
2022-05-27 04:00:00,1768.01,1799.13,1712.67,1764.6,245238.14993
2022-05-27 08:00:00,1764.6,1789.47,1750.19,1771.25,176925.1648
2022-05-27 12:00:00,1771.26,1822.26,1755.75,1764.33,238136.3469
2022-05-27 16:00:00,1764.34,1774.56,1715.0,1754.32,213661.5674
2022-05-27 20:00:00,1754.33,1772.5,1703.0,1727.27,129020.07156
2022-05-28 00:00:00,1727.26,1768.01,1722.26,1765.08,138332.9568
2022-05-28 04:00:00,1765.08,1783.12,1754.68,1765.46,84534.1931
2022-05-28 08:00:00,1765.46,1788.0,1748.94,1772.97,71658.2413
2022-05-28 12:00:00,1772.97,1808.98,1769.51,1795.11,108666.6496
2022-05-28 16:00:00,1795.12,1800.0,1760.0,1793.56,111021.2154
2022-05-28 20:00:00,1793.57,1805.44,1778.68,1792.22,44057.9256
2022-05-29 00:00:00,1792.21,1795.89,1759.96,1776.46,89239.5872
2022-05-29 04:00:00,1776.46,1789.82,1769.38,1783.8,45645.9247
2022-05-29 08:00:00,1783.8,1805.0,1774.42,1802.0,73163.1579
2022-05-29 12:00:00,1801.99,1827.4,1792.8,1797.23,94978.3312
2022-05-29 16:00:00,1797.22,1810.64,1785.29,1788.53,50747.5447
2022-05-29 20:00:00,1788.53,1826.24,1787.09,1813.64,78656.0653
2022-05-30 00:00:00,1813.64,1890.0,1803.18,1880.07,167439.7294
2022-05-30 04:00:00,1880.07,1917.68,1869.81,1907.84,137058.161
2022-05-30 08:00:00,1907.83,1910.86,1891.26,1902.64,81132.1186
2022-05-30 12:00:00,1902.65,1924.0,1872.71,1912.44,146928.0849
2022-05-30 16:00:00,1912.43,1935.44,1906.0,1917.33,76673.2737
2022-05-30 20:00:00,1917.32,2013.0,1912.87,1998.78,205691.4683
2022-05-31 00:00:00,1998.78,2016.45,1976.55,1994.51,111932.3145
2022-05-31 04:00:00,1994.51,1996.24,1960.2,1970.35,105387.2534
2022-05-31 08:00:00,1970.36,1985.08,1957.82,1978.59,100652.1189
2022-05-31 12:00:00,1978.58,1995.51,1930.09,1988.62,196335.5268
2022-05-31 16:00:00,1988.62,1999.87,1925.0,1934.21,164613.2444
2022-05-31 20:00:00,1934.22,1959.69,1934.21,1941.9,72182.9646
2022-06-01 00:00:00,1941.9,1958.55,1927.6,1929.97,104283.3688
2022-06-01 04:00:00,1929.98,1945.59,1913.76,1930.71,98847.9958
2022-06-01 08:00:00,1930.72,1944.79,1924.1,1938.94,87653.6759
2022-06-01 12:00:00,1938.95,1972.58,1879.0,1880.59,259179.8865
2022-06-01 16:00:00,1880.59,1880.74,1807.83,1821.82,283820.7754
2022-06-01 20:00:00,1821.83,1843.88,1763.75,1817.95,204055.5682
2022-06-02 00:00:00,1817.96,1835.86,1805.62,1814.54,132317.8022
2022-06-02 04:00:00,1814.54,1837.35,1802.0,1826.57,103280.4319
2022-06-02 08:00:00,1826.58,1844.13,1812.64,1839.5,98559.5851
2022-06-02 12:00:00,1839.49,1841.23,1782.42,1816.52,242346.2673
2022-06-02 16:00:00,1816.53,1833.78,1800.71,1822.08,119260.4119
2022-06-02 20:00:00,1822.08,1853.05,1818.83,1834.08,93019.9033
2022-06-03 00:00:00,1834.09,1843.91,1822.3,1827.52,80096.7869
2022-06-03 04:00:00,1827.51,1829.1,1806.7,1813.92,73074.8419
2022-06-03 08:00:00,1813.91,1821.45,1753.0,1762.35,167585.084
2022-06-03 12:00:00,1762.36,1779.95,1737.0,1763.32,238129.9865
2022-06-03 16:00:00,1763.32,1767.58,1743.0,1751.18,102830.4695
2022-06-03 20:00:00,1751.18,1795.0,1749.42,1775.12,79565.3658
2022-06-04 00:00:00,1775.13,1779.66,1748.43,1752.96,73259.6979
2022-06-04 04:00:00,1752.96,1775.52,1751.73,1769.11,49823.5456
2022-06-04 08:00:00,1769.1,1780.0,1763.32,1768.24,49887.3875
2022-06-04 12:00:00,1768.23,1789.26,1757.23,1778.85,88113.9859
2022-06-04 16:00:00,1778.85,1782.86,1767.3,1772.47,55320.8142
2022-06-04 20:00:00,1772.48,1816.0,1770.5,1804.58,71874.0268
2022-06-05 00:00:00,1804.58,1810.97,1784.46,1793.85,51536.882
2022-06-05 04:00:00,1793.84,1800.0,1785.78,1785.82,33107.826
2022-06-05 08:00:00,1785.82,1795.57,1773.05,1788.2,47391.0077
2022-06-05 12:00:00,1788.2,1812.84,1780.0,1811.41,66690.4089
2022-06-05 16:00:00,1811.42,1830.17,1795.51,1821.21,99137.9453
2022-06-05 20:00:00,1821.21,1827.68,1802.55,1806.23,74110.4362
2022-06-06 00:00:00,1806.22,1884.44,1804.35,1878.29,177430.4293
2022-06-06 04:00:00,1878.3,1896.68,1867.47,1893.77,123332.9368
2022-06-06 08:00:00,1893.76,1915.47,1890.19,1909.55,121162.8275
2022-06-06 12:00:00,1909.54,1920.0,1866.0,1886.79,181046.5439
2022-06-06 16:00:00,1886.79,1888.82,1843.72,1863.83,137168.7852
2022-06-06 20:00:00,1863.83,1876.82,1846.96,1859.84,64108.834
2022-06-07 00:00:00,1859.84,1862.81,1725.13,1756.75,459637.4126
2022-06-07 04:00:00,1756.76,1764.76,1747.61,1763.03,126438.0469
2022-06-07 08:00:00,1763.04,1777.25,1747.42,1753.69,124844.6697
2022-06-07 12:00:00,1753.7,1794.26,1736.17,1781.55,192374.464
2022-06-07 16:00:00,1781.54,1874.98,1768.7,1846.97,212538.1004
2022-06-07 20:00:00,1846.97,1870.0,1753.03,1813.33,281765.5352
2022-06-08 00:00:00,1813.33,1836.07,1765.28,1779.5,213870.7831
2022-06-08 04:00:00,1779.49,1818.31,1772.27,1806.4,197629.3915
2022-06-08 08:00:00,1806.4,1817.0,1795.9,1808.61,96783.8052
2022-06-08 12:00:00,1808.62,1838.77,1783.22,1815.27,212793.0871
2022-06-08 16:00:00,1815.28,1822.0,1771.53,1790.64,149480.6365
2022-06-08 20:00:00,1790.63,1813.4,1788.27,1791.88,70952.4339
2022-06-09 00:00:00,1791.88,1801.73,1777.33,1799.31,85330.5093
2022-06-09 04:00:00,1799.31,1812.0,1794.11,1811.99,56009.2115
2022-06-09 08:00:00,1812.0,1833.0,1802.67,1805.15,99947.996
2022-06-09 12:00:00,1805.15,1811.11,1779.01,1799.35,139212.5616
2022-06-09 16:00:00,1799.35,1818.42,1782.19,1783.74,97563.7818
2022-06-09 20:00:00,1783.75,1799.5,1781.04,1788.81,57246.9016
2022-06-10 00:00:00,1788.8,1804.32,1745.01,1792.49,131683.0407
2022-06-10 04:00:00,1792.42,1800.52,1786.77,1788.63,39348.3119
2022-06-10 08:00:00,1788.63,1795.25,1763.51,1771.91,80271.8342
2022-06-10 12:00:00,1771.9,1782.0,1708.01,1727.1,335083.5895
2022-06-10 16:00:00,1727.09,1730.8,1661.0,1669.0,272249.49563
2022-06-10 20:00:00,1669.01,1685.6,1655.93,1662.91,96399.52046
2022-06-11 00:00:00,1662.91,1682.21,1658.5,1669.63,63536.4668
2022-06-11 04:00:00,1669.63,1680.07,1663.1,1667.46,64746.6366
2022-06-11 08:00:00,1667.46,1670.06,1545.0,1575.96,318704.63204
2022-06-11 12:00:00,1575.97,1591.42,1501.0,1517.6,395456.75065
2022-06-11 16:00:00,1517.61,1578.0,1496.74,1546.48,249389.12611
2022-06-11 20:00:00,1546.48,1553.19,1518.0,1532.89,128491.642
2022-06-12 00:00:00,1532.89,1542.24,1446.6,1466.97,309301.1583
2022-06-12 04:00:00,1466.97,1480.0,1423.0,1471.26,266659.45498
2022-06-12 08:00:00,1471.26,1486.9,1452.83,1468.98,184732.5848
2022-06-12 12:00:00,1468.98,1547.0,1429.0,1525.92,383107.7511
2022-06-12 16:00:00,1525.91,1532.48,1477.38,1479.59,213731.3078
2022-06-12 20:00:00,1479.58,1488.71,1433.0,1434.84,205693.1132
2022-06-13 00:00:00,1434.84,1455.0,1304.39,1350.83,687754.88231
2022-06-13 04:00:00,1350.96,1387.32,1262.76,1283.46,627659.39471
2022-06-13 08:00:00,1283.07,1288.95,1180.0,1209.23,1004306.07661
2022-06-13 12:00:00,1209.14,1258.69,1165.45,1229.97,721528.32913
2022-06-13 16:00:00,1229.75,1279.74,1209.02,1228.69,322992.6483
2022-06-13 20:00:00,1228.69,1284.33,1168.5,1209.82,262110.3343
2022-06-14 00:00:00,1209.35,1225.0,1075.8,1174.1,857560.32051
2022-06-14 04:00:00,1174.09,1254.0,1136.0,1241.16,635032.9516
2022-06-14 08:00:00,1241.15,1244.48,1154.37,1175.23,376837.5446
2022-06-14 12:00:00,1175.22,1259.99,1158.0,1250.67,471630.8884
2022-06-14 16:00:00,1250.66,1268.45,1195.17,1206.15,190445.5459
2022-06-14 20:00:00,1206.15,1221.29,1159.12,1208.9,184986.5503
2022-06-15 00:00:00,1208.9,1231.67,1169.0,1173.09,215289.046
2022-06-15 04:00:00,1173.09,1175.73,1082.37,1094.38,503061.0332
2022-06-15 08:00:00,1094.38,1136.96,1014.4,1120.05,831597.49541
2022-06-15 12:00:00,1120.05,1164.0,1093.66,1120.15,463215.783
2022-06-15 16:00:00,1120.17,1227.29,1045.0,1171.03,839493.3901
2022-06-15 20:00:00,1171.02,1250.0,1153.12,1237.52,262166.3885
2022-06-16 00:00:00,1237.53,1257.85,1202.43,1210.1,223535.2925
2022-06-16 04:00:00,1210.1,1218.62,1155.26,1165.41,189838.8469
2022-06-16 08:00:00,1165.41,1180.4,1093.71,1111.11,279869.5564
2022-06-16 12:00:00,1111.11,1153.0,1082.0,1114.41,333512.7096
2022-06-16 16:00:00,1114.41,1134.09,1092.28,1096.05,204956.8166
2022-06-16 20:00:00,1096.06,1119.5,1051.55,1068.5,215673.6084
2022-06-17 00:00:00,1068.5,1117.1,1051.11,1071.51,272670.5836
2022-06-17 04:00:00,1071.51,1118.0,1068.07,1099.31,243193.3327
2022-06-17 08:00:00,1099.31,1113.0,1086.64,1092.61,204816.8911
2022-06-17 12:00:00,1092.61,1101.49,1064.14,1084.99,247409.6299
2022-06-17 16:00:00,1084.98,1093.52,1070.93,1080.0,158402.5825
2022-06-17 20:00:00,1079.99,1099.98,1075.12,1086.94,94184.9293
2022-06-18 00:00:00,1086.93,1097.58,1071.57,1079.47,114361.6775
2022-06-18 04:00:00,1079.46,1084.81,988.95,1003.78,424908.18592
2022-06-18 08:00:00,1003.78,1017.48,975.21,1005.06,431997.7943
2022-06-18 12:00:00,1005.06,1008.87,988.02,989.48,176735.2117
2022-06-18 16:00:00,989.49,999.83,912.53,915.15,412588.74498
2022-06-18 20:00:00,915.16,1015.0,881.56,995.13,748391.9043
2022-06-19 00:00:00,995.12,1009.54,940.95,953.2,338605.4802
2022-06-19 04:00:00,953.21,973.56,936.15,955.72,239993.7358
2022-06-19 08:00:00,955.73,1078.4,953.3,1055.12,493913.0286
2022-06-19 12:00:00,1055.12,1077.13,1018.64,1071.68,326461.932
2022-06-19 16:00:00,1071.68,1128.67,1043.0,1100.77,307524.6156
2022-06-19 20:00:00,1100.77,1158.62,1098.08,1128.53,312100.6577
2022-06-20 00:00:00,1128.53,1132.75,1053.0,1080.01,303319.8287
2022-06-20 04:00:00,1080.0,1092.26,1060.22,1079.64,233412.2503
2022-06-20 08:00:00,1079.64,1170.0,1076.79,1153.05,420166.9419
2022-06-20 12:00:00,1153.04,1154.26,1107.36,1134.55,319954.3332
2022-06-20 16:00:00,1134.55,1137.0,1083.1,1106.46,270514.4389
2022-06-20 20:00:00,1106.46,1138.69,1090.74,1128.24,174405.1202
2022-06-21 00:00:00,1128.24,1143.79,1109.23,1130.89,216042.6746
2022-06-21 04:00:00,1130.89,1164.78,1118.29,1148.56,244115.1355
2022-06-21 08:00:00,1148.55,1177.77,1137.14,1141.39,255397.285
2022-06-21 12:00:00,1141.39,1194.0,1135.24,1168.13,291666.2882
2022-06-21 16:00:00,1168.14,1175.06,1121.57,1124.43,160137.7963
2022-06-21 20:00:00,1124.42,1140.87,1113.49,1125.85,138736.1961
2022-06-22 00:00:00,1125.86,1127.33,1086.5,1089.3,193333.2055
2022-06-22 04:00:00,1089.3,1106.89,1066.6,1075.24,201837.3455
2022-06-22 08:00:00,1075.25,1106.01,1069.24,1097.33,185146.4175
2022-06-22 12:00:00,1097.33,1125.0,1070.83,1075.02,336981.8861
2022-06-22 16:00:00,1075.02,1088.89,1054.06,1070.72,232959.7599
2022-06-22 20:00:00,1070.72,1074.52,1043.65,1050.19,156701.2448
2022-06-23 00:00:00,1050.19,1097.98,1045.3,1076.4,201110.6653
2022-06-23 04:00:00,1076.4,1110.0,1072.15,1091.7,186061.7221
2022-06-23 08:00:00,1091.7,1116.59,1091.17,1106.59,216374.9724
2022-06-23 12:00:00,1106.59,1131.55,1086.95,1094.22,250593.6487
2022-06-23 16:00:00,1094.21,1128.21,1082.78,1126.65,163504.0894
2022-06-23 20:00:00,1126.64,1155.0,1120.0,1144.72,260611.992
2022-06-24 00:00:00,1144.71,1168.4,1141.01,1150.39,182069.4501
2022-06-24 04:00:00,1150.39,1161.14,1132.0,1148.7,180338.6006
2022-06-24 08:00:00,1148.71,1205.52,1142.97,1195.91,290962.9183
2022-06-24 12:00:00,1195.9,1226.45,1189.57,1197.98,311401.8107
2022-06-24 16:00:00,1197.98,1232.0,1183.96,1228.04,192357.2198
2022-06-24 20:00:00,1228.05,1245.43,1215.04,1225.02,180007.4835
2022-06-25 00:00:00,1225.02,1227.3,1204.02,1223.76,126771.103
2022-06-25 04:00:00,1223.76,1239.63,1210.68,1234.4,133910.458
2022-06-25 08:00:00,1234.41,1242.3,1213.0,1217.16,108027.8191
2022-06-25 12:00:00,1217.16,1219.6,1181.83,1183.94,196706.6969
2022-06-25 16:00:00,1183.94,1214.57,1180.0,1205.57,119985.9092
2022-06-25 20:00:00,1205.57,1256.77,1201.45,1242.36,176584.6315
2022-06-26 00:00:00,1242.31,1245.9,1227.43,1233.28,82557.9762
2022-06-26 04:00:00,1233.28,1252.0,1232.42,1238.07,99453.339
2022-06-26 08:00:00,1238.06,1277.0,1235.6,1269.72,168322.9861
2022-06-26 12:00:00,1269.72,1280.0,1211.86,1223.39,248261.9584
2022-06-26 16:00:00,1223.39,1233.42,1210.12,1226.11,101232.224
2022-06-26 20:00:00,1226.11,1249.93,1194.6,1197.79,184355.7893
2022-06-27 00:00:00,1197.79,1226.7,1195.82,1219.91,154834.4399
2022-06-27 04:00:00,1219.92,1237.0,1212.71,1227.66,106477.9743
2022-06-27 08:00:00,1227.66,1238.93,1217.32,1220.01,96090.4165
2022-06-27 12:00:00,1220.01,1223.91,1175.0,1187.48,264741.8819
2022-06-27 16:00:00,1187.49,1211.32,1172.49,1196.69,139693.1538
2022-06-27 20:00:00,1196.7,1219.0,1189.24,1192.51,106896.3397
2022-06-28 00:00:00,1192.51,1199.64,1162.16,1181.94,179342.6295
2022-06-28 04:00:00,1181.94,1214.63,1179.14,1207.65,126416.8018
2022-06-28 08:00:00,1207.66,1233.82,1203.92,1223.48,178396.8091
2022-06-28 12:00:00,1223.48,1237.99,1182.0,1183.69,248894.2151
2022-06-28 16:00:00,1183.7,1193.73,1151.22,1156.23,233015.0677
2022-06-28 20:00:00,1156.22,1168.41,1136.32,1144.05,137999.6979
2022-06-29 00:00:00,1144.05,1156.8,1133.03,1144.89,147631.6731
2022-06-29 04:00:00,1144.9,1155.33,1114.5,1130.59,189568.7486
2022-06-29 08:00:00,1130.59,1142.44,1102.4,1117.95,211259.9482
2022-06-29 12:00:00,1117.94,1123.99,1090.2,1114.26,316233.4272
2022-06-29 16:00:00,1114.27,1119.0,1087.42,1117.95,189240.9753
2022-06-29 20:00:00,1117.95,1122.69,1092.73,1100.21,241583.0236
2022-06-30 00:00:00,1100.21,1106.62,1077.0,1093.93,154989.3019
2022-06-30 04:00:00,1093.92,1097.2,1052.5,1057.42,205579.3553
2022-06-30 08:00:00,1057.42,1057.57,1011.87,1018.49,296660.848
2022-06-30 12:00:00,1018.48,1041.67,998.0,1032.22,311524.0654
2022-06-30 16:00:00,1032.22,1046.0,1012.21,1020.86,201617.8043
2022-06-30 20:00:00,1020.9,1082.3,1005.24,1071.01,250298.9907
2022-07-01 00:00:00,1071.02,1117.0,1050.46,1054.52,430646.872
2022-07-01 04:00:00,1054.52,1076.43,1045.41,1066.81,275557.9328
2022-07-01 08:00:00,1066.81,1086.44,1033.44,1050.22,252105.5665
2022-07-01 12:00:00,1050.21,1074.23,1043.0,1056.86,298465.0695
2022-07-01 16:00:00,1056.86,1083.1,1054.82,1067.91,158796.2248
2022-07-01 20:00:00,1067.9,1092.0,1054.7,1059.73,146683.4783
2022-07-02 00:00:00,1059.73,1069.49,1033.77,1038.0,154333.579
2022-07-02 04:00:00,1037.99,1053.27,1036.25,1042.08,78332.3074
2022-07-02 08:00:00,1042.08,1049.05,1028.29,1043.78,134546.6841
2022-07-02 12:00:00,1043.78,1064.79,1039.76,1052.89,156797.6771
2022-07-02 16:00:00,1052.89,1078.88,1049.49,1066.04,131905.1181
2022-07-02 20:00:00,1066.05,1075.38,1060.28,1067.01,58896.7147
2022-07-03 00:00:00,1067.01,1071.48,1054.06,1062.45,78757.9287
2022-07-03 04:00:00,1062.44,1088.34,1040.78,1063.88,174617.8057
2022-07-03 08:00:00,1063.88,1065.34,1050.0,1061.08,78500.1982
2022-07-03 12:00:00,1061.08,1063.25,1040.97,1050.61,92715.0486
2022-07-03 16:00:00,1050.61,1083.33,1049.62,1077.64,102756.5322
2022-07-03 20:00:00,1077.63,1087.33,1069.47,1074.26,117398.8203
2022-07-04 00:00:00,1074.26,1076.89,1047.42,1051.72,132592.8216
2022-07-04 04:00:00,1051.72,1057.76,1045.37,1050.83,62556.9964
2022-07-04 08:00:00,1050.84,1106.14,1050.04,1101.0,205609.1031
2022-07-04 12:00:00,1101.0,1135.36,1084.35,1112.21,367821.2386
2022-07-04 16:00:00,1112.2,1135.3,1103.38,1123.47,174525.4778
2022-07-04 20:00:00,1123.46,1160.9,1117.54,1151.0,207003.3486
2022-07-05 00:00:00,1151.01,1163.31,1142.18,1153.13,152798.3236
2022-07-05 04:00:00,1153.14,1174.9,1142.17,1158.26,182227.798
2022-07-05 08:00:00,1158.26,1158.5,1107.79,1112.21,220896.7016
2022-07-05 12:00:00,1112.21,1113.0,1076.34,1092.95,363509.1048
2022-07-05 16:00:00,1092.95,1152.75,1088.28,1146.53,277114.4615
2022-07-05 20:00:00,1146.53,1170.0,1128.4,1132.5,202415.06
2022-07-06 00:00:00,1132.51,1155.5,1111.44,1130.88,215956.9439
2022-07-06 04:00:00,1130.87,1150.67,1120.81,1139.36,202347.2294
2022-07-06 08:00:00,1139.36,1155.7,1128.54,1134.11,154818.6105
2022-07-06 12:00:00,1134.12,1151.27,1123.0,1133.59,225465.4547
2022-07-06 16:00:00,1133.6,1168.24,1132.39,1153.46,211698.9451
2022-07-06 20:00:00,1153.46,1205.0,1151.04,1186.57,201480.8921
2022-07-07 00:00:00,1186.57,1189.81,1166.59,1176.17,130002.0088
2022-07-07 04:00:00,1176.16,1177.9,1163.18,1176.59,98466.9524
2022-07-07 08:00:00,1176.58,1194.0,1173.06,1186.07,140480.5482
2022-07-07 12:00:00,1186.08,1229.26,1179.26,1220.37,271468.8977
2022-07-07 16:00:00,1220.37,1254.29,1214.76,1247.79,230536.5755
2022-07-07 20:00:00,1247.8,1250.34,1225.11,1237.49,130361.0964
2022-07-08 00:00:00,1237.49,1276.46,1231.15,1259.1,201059.9742
2022-07-08 04:00:00,1259.1,1267.86,1234.48,1241.28,134491.4412
2022-07-08 08:00:00,1241.29,1244.78,1204.15,1221.33,193942.8506
2022-07-08 12:00:00,1221.34,1241.46,1193.15,1235.96,327882.525
2022-07-08 16:00:00,1235.96,1247.94,1214.0,1240.03,168610.0921
2022-07-08 20:00:00,1240.03,1254.69,1209.82,1214.04,163531.48
2022-07-09 00:00:00,1214.03,1221.79,1204.67,1217.01,147773.1735
2022-07-09 04:00:00,1217.01,1227.4,1210.69,1225.02,79680.3095
2022-07-09 08:00:00,1225.01,1228.25,1205.27,1210.28,80972.9123
2022-07-09 12:00:00,1210.28,1222.61,1206.52,1215.24,83406.7132
2022-07-09 16:00:00,1215.23,1235.4,1209.33,1218.61,89320.976
2022-07-09 20:00:00,1218.62,1226.74,1212.94,1217.02,95183.0964
2022-07-10 00:00:00,1217.02,1219.95,1182.0,1188.12,175942.1976
2022-07-10 04:00:00,1188.11,1195.46,1184.3,1189.54,110486.3043
2022-07-10 08:00:00,1189.54,1194.13,1174.0,1183.47,180767.5275
2022-07-10 12:00:00,1183.48,1187.75,1156.44,1163.58,190340.1698
2022-07-10 16:00:00,1163.59,1176.38,1153.0,1174.32,135346.6121
2022-07-10 20:00:00,1174.32,1185.01,1160.66,1168.36,225155.8393
2022-07-11 00:00:00,1168.37,1171.29,1143.77,1154.58,210572.8458
2022-07-11 04:00:00,1154.57,1155.2,1137.57,1143.37,188855.8627
2022-07-11 08:00:00,1143.37,1150.0,1141.55,1143.57,152559.4409
2022-07-11 12:00:00,1143.56,1161.75,1128.56,1143.68,246102.9794
2022-07-11 16:00:00,1143.67,1156.77,1136.34,1141.8,133509.0401
2022-07-11 20:00:00,1141.8,1145.28,1091.71,1096.4,270052.1359
2022-07-12 00:00:00,1096.37,1098.26,1081.55,1086.15,175703.336
2022-07-12 04:00:00,1086.15,1093.38,1062.71,1069.07,162877.9505
2022-07-12 08:00:00,1069.07,1072.77,1053.76,1065.83,213463.7529
2022-07-12 12:00:00,1065.83,1083.49,1061.78,1075.89,255722.3874
2022-07-12 16:00:00,1075.89,1088.83,1033.46,1041.4,268903.4086
2022-07-12 20:00:00,1041.41,1051.67,1035.3,1038.58,184678.7967
2022-07-13 00:00:00,1038.58,1059.62,1035.58,1052.34,247067.107
2022-07-13 04:00:00,1052.34,1072.48,1049.11,1069.57,190455.3123
2022-07-13 08:00:00,1069.57,1084.46,1065.7,1082.03,222293.4348
2022-07-13 12:00:00,1082.02,1103.78,1006.32,1060.21,872747.3688
2022-07-13 16:00:00,1060.2,1098.96,1049.21,1076.61,310114.9084
2022-07-13 20:00:00,1076.61,1119.18,1074.39,1115.0,192927.6986
2022-07-14 00:00:00,1115.01,1127.19,1109.0,1112.71,200647.5134
2022-07-14 04:00:00,1112.72,1114.9,1093.3,1097.58,161471.2202
2022-07-14 08:00:00,1097.57,1100.71,1072.11,1081.27,196371.8355
2022-07-14 12:00:00,1081.26,1147.97,1072.8,1140.95,403737.3239
2022-07-14 16:00:00,1140.96,1214.65,1133.14,1194.04,490261.6674
2022-07-14 20:00:00,1194.05,1201.35,1180.6,1193.42,152612.3658
2022-07-15 00:00:00,1193.42,1222.92,1181.05,1199.92,236252.9433
2022-07-15 04:00:00,1199.93,1217.96,1189.79,1211.85,202707.5101
2022-07-15 08:00:00,1211.86,1230.0,1203.28,1211.1,230969.5712
2022-07-15 12:00:00,1211.1,1237.58,1207.5,1222.13,312727.506
2022-07-15 16:00:00,1222.13,1270.42,1203.72,1266.33,291811.3813
2022-07-15 20:00:00,1266.33,1287.82,1227.42,1231.25,191568.3465
2022-07-16 00:00:00,1231.25,1235.24,1209.42,1222.16,112152.4335
2022-07-16 04:00:00,1222.16,1223.15,1191.23,1197.3,151642.577
2022-07-16 08:00:00,1197.3,1206.55,1193.22,1197.92,74663.2904
2022-07-16 12:00:00,1197.91,1277.02,1196.0,1274.33,271259.1423
2022-07-16 16:00:00,1274.34,1422.91,1272.21,1336.23,692339.3713
2022-07-16 20:00:00,1336.23,1363.1,1314.6,1355.85,191753.1081
2022-07-17 00:00:00,1355.84,1387.0,1328.17,1353.6,195063.9383
2022-07-17 04:00:00,1353.61,1377.56,1347.14,1361.67,163572.9612
2022-07-17 08:00:00,1361.66,1376.54,1337.32,1363.48,198461.5773
2022-07-17 12:00:00,1363.47,1367.0,1330.83,1351.95,222592.7278
2022-07-17 16:00:00,1351.96,1382.29,1319.04,1347.9,319640.1714
2022-07-17 20:00:00,1347.89,1376.0,1335.27,1338.65,146871.5035
2022-07-18 00:00:00,1338.65,1421.43,1336.07,1406.51,290421.8254
2022-07-18 04:00:00,1406.5,1475.66,1393.84,1467.13,406303.7327
2022-07-18 08:00:00,1467.14,1509.91,1462.57,1479.08,393186.20041
2022-07-18 12:00:00,1479.08,1529.72,1452.52,1521.35,287476.0813
2022-07-18 16:00:00,1521.34,1530.0,1450.0,1472.3,328581.3643
2022-07-18 20:00:00,1472.3,1597.47,1461.43,1581.04,323949.5611
2022-07-19 00:00:00,1581.03,1631.0,1510.94,1516.24,539046.0327
2022-07-19 04:00:00,1516.24,1542.68,1493.11,1510.58,276184.728
2022-07-19 08:00:00,1510.59,1561.45,1505.75,1541.82,226801.2291
2022-07-19 12:00:00,1541.82,1577.28,1506.41,1540.44,386838.5844
2022-07-19 16:00:00,1540.52,1589.76,1534.79,1560.79,272483.8004
2022-07-19 20:00:00,1560.78,1588.1,1526.01,1542.32,144694.307
2022-07-20 00:00:00,1542.33,1568.42,1510.47,1561.72,166067.992
2022-07-20 04:00:00,1561.72,1579.8,1528.76,1531.06,172354.4303
2022-07-20 08:00:00,1531.05,1614.0,1526.67,1602.91,280370.9474
2022-07-20 12:00:00,1602.9,1620.4,1583.0,1596.53,258643.1199
2022-07-20 16:00:00,1596.52,1597.58,1538.0,1551.79,201299.3274
2022-07-20 20:00:00,1551.79,1567.09,1484.23,1521.58,272441.6077
2022-07-21 00:00:00,1521.63,1554.7,1482.23,1487.96,198535.8104
2022-07-21 04:00:00,1487.96,1497.74,1463.56,1488.01,188299.6905
2022-07-21 08:00:00,1488.01,1520.95,1477.01,1489.19,225384.2561
2022-07-21 12:00:00,1489.19,1515.66,1481.11,1511.01,206855.8599
2022-07-21 16:00:00,1511.01,1580.0,1508.99,1578.85,259205.7457
2022-07-21 20:00:00,1578.84,1605.98,1565.09,1575.45,169046.1337
2022-07-22 00:00:00,1575.45,1595.92,1553.1,1561.45,113192.8483
2022-07-22 04:00:00,1561.45,1614.02,1555.87,1601.69,167980.8594
2022-07-22 08:00:00,1601.69,1650.05,1595.12,1639.08,306124.8898
2022-07-22 12:00:00,1639.08,1644.5,1569.05,1574.91,286637.9576
2022-07-22 16:00:00,1574.9,1591.99,1519.65,1526.2,199606.11
2022-07-22 20:00:00,1526.21,1544.54,1516.11,1535.27,97180.4222
2022-07-23 00:00:00,1535.27,1580.0,1523.45,1571.0,112331.3469
2022-07-23 04:00:00,1571.01,1596.51,1564.28,1578.35,124844.7131
2022-07-23 08:00:00,1578.35,1588.35,1519.0,1522.19,184858.7387
2022-07-23 12:00:00,1522.19,1537.3,1501.65,1523.67,142349.8844
2022-07-23 16:00:00,1523.67,1532.99,1488.0,1513.33,186605.5231
2022-07-23 20:00:00,1513.25,1555.26,1511.56,1548.67,100294.5277
2022-07-24 00:00:00,1548.66,1577.24,1545.67,1551.51,108044.0686
2022-07-24 04:00:00,1551.51,1619.99,1546.9,1604.44,209318.751
2022-07-24 08:00:00,1604.44,1628.86,1580.0,1615.85,165371.2689
2022-07-24 12:00:00,1615.84,1621.42,1573.0,1612.61,188316.0209
2022-07-24 16:00:00,1612.61,1615.38,1583.51,1602.76,116376.0563
2022-07-24 20:00:00,1602.75,1664.34,1589.01,1597.7,222509.734
2022-07-25 00:00:00,1597.7,1609.55,1498.95,1511.51,321802.8622
2022-07-25 04:00:00,1511.51,1529.84,1499.45,1522.12,151357.4575
2022-07-25 08:00:00,1522.12,1553.79,1510.7,1537.5,151747.8745
2022-07-25 12:00:00,1537.49,1538.65,1502.21,1526.03,238151.5504
2022-07-25 16:00:00,1526.02,1534.94,1455.17,1495.0,228960.8992
2022-07-25 20:00:00,1495.0,1538.51,1435.58,1440.79,326370.3371
2022-07-26 00:00:00,1440.79,1450.0,1400.46,1433.05,290515.8395
2022-07-26 04:00:00,1433.04,1438.3,1406.68,1409.46,164620.3735
2022-07-26 08:00:00,1409.46,1423.97,1385.08,1406.33,119648.9608
2022-07-26 12:00:00,1406.33,1420.39,1363.87,1368.68,254885.8894
2022-07-26 16:00:00,1368.67,1396.0,1356.86,1366.02,152127.9014
2022-07-26 20:00:00,1366.09,1454.11,1356.17,1449.12,217844.7762
2022-07-27 00:00:00,1449.12,1458.88,1420.83,1424.76,151529.5523
2022-07-27 04:00:00,1424.75,1472.0,1422.53,1464.47,154535.7859
2022-07-27 08:00:00,1464.47,1474.96,1446.93,1452.68,132656.9585
2022-07-27 12:00:00,1452.68,1496.99,1444.91,1489.2,191261.2824
2022-07-27 16:00:00,1489.2,1615.0,1477.4,1587.96,640486.4584
2022-07-27 20:00:00,1587.96,1644.44,1585.0,1635.74,242956.0038
2022-07-28 00:00:00,1635.74,1677.0,1605.29,1648.64,254233.381
2022-07-28 04:00:00,1648.64,1654.47,1614.0,1618.44,161111.9854
2022-07-28 08:00:00,1618.44,1645.04,1601.23,1641.52,158773.5459
2022-07-28 12:00:00,1641.52,1755.0,1593.27,1728.31,535052.55925
2022-07-28 16:00:00,1728.32,1750.0,1713.35,1725.98,244552.9865
2022-07-28 20:00:00,1725.98,1784.79,1712.61,1724.52,224420.6175
2022-07-29 00:00:00,1724.52,1733.98,1696.0,1727.02,144740.1656
2022-07-29 04:00:00,1727.02,1752.03,1706.14,1715.36,146530.842
2022-07-29 08:00:00,1715.35,1733.11,1664.27,1681.39,189275.7295
2022-07-29 12:00:00,1681.4,1744.0,1655.02,1721.66,315424.7364
2022-07-29 16:00:00,1721.66,1736.23,1663.44,1723.84,246227.3858
2022-07-29 20:00:00,1723.83,1765.99,1703.01,1721.68,163067.711
2022-07-30 00:00:00,1721.68,1735.31,1686.84,1707.14,145133.6224
2022-07-30 04:00:00,1707.15,1720.0,1688.69,1715.5,68455.1486
2022-07-30 08:00:00,1715.5,1723.54,1678.25,1704.77,108839.8589
2022-07-30 12:00:00,1704.77,1744.85,1696.01,1736.84,183779.0205
2022-07-30 16:00:00,1736.84,1737.49,1689.07,1691.93,103836.7588
2022-07-30 20:00:00,1691.92,1710.02,1673.01,1697.0,125088.1194
2022-07-31 00:00:00,1697.0,1712.77,1686.4,1693.74,83340.8994
2022-07-31 04:00:00,1693.75,1708.29,1689.36,1697.93,53767.3941
2022-07-31 08:00:00,1697.93,1724.19,1686.06,1718.57,95325.0782
2022-07-31 12:00:00,1718.56,1722.32,1692.42,1712.04,81433.339
2022-07-31 16:00:00,1712.05,1754.69,1687.01,1717.37,210334.3835
2022-07-31 20:00:00,1717.37,1724.93,1666.0,1678.12,172125.7137
2022-08-01 00:00:00,1678.12,1704.68,1672.63,1691.77,80181.8036
2022-08-01 04:00:00,1691.78,1697.22,1672.79,1692.87,74921.7213
2022-08-01 08:00:00,1692.88,1695.36,1641.09,1668.21,112901.8504
2022-08-01 12:00:00,1668.21,1690.59,1636.47,1672.6,192661.1554
2022-08-01 16:00:00,1672.59,1673.59,1615.99,1622.27,219598.8947
2022-08-01 20:00:00,1622.28,1644.14,1606.12,1630.28,121301.1394
2022-08-02 00:00:00,1630.28,1657.11,1568.35,1577.35,200194.5793
2022-08-02 04:00:00,1577.3,1599.99,1566.17,1593.52,121271.6683
2022-08-02 08:00:00,1593.52,1598.99,1559.28,1587.36,137174.3835
2022-08-02 12:00:00,1587.36,1637.99,1564.17,1629.93,283969.1275
2022-08-02 16:00:00,1629.92,1678.0,1622.02,1637.14,243088.0096
2022-08-02 20:00:00,1637.14,1661.04,1628.2,1630.91,96266.7422
2022-08-03 00:00:00,1630.91,1639.25,1589.71,1619.95,149046.2077
2022-08-03 04:00:00,1619.95,1643.99,1613.2,1629.09,111273.6863
2022-08-03 08:00:00,1629.08,1672.99,1628.66,1665.54,132080.6179
2022-08-03 12:00:00,1665.55,1685.03,1645.3,1655.86,164441.7162
2022-08-03 16:00:00,1655.87,1671.74,1647.24,1654.38,110664.2336
2022-08-03 20:00:00,1654.38,1657.34,1607.42,1618.16,110218.2796
2022-08-04 00:00:00,1618.16,1659.28,1615.57,1651.14,111612.711
2022-08-04 04:00:00,1651.15,1662.79,1615.15,1625.93,116602.9023
2022-08-04 08:00:00,1625.92,1630.99,1606.27,1615.71,107309.7791
2022-08-04 12:00:00,1615.72,1644.0,1596.84,1615.59,177224.3038
2022-08-04 16:00:00,1615.6,1624.44,1580.39,1590.96,147951.9275
2022-08-04 20:00:00,1590.97,1613.29,1581.09,1607.96,74850.5573
2022-08-05 00:00:00,1607.97,1669.83,1605.64,1659.65,181922.1703
2022-08-05 04:00:00,1659.66,1679.6,1646.63,1662.87,105665.7858
2022-08-05 08:00:00,1662.87,1717.87,1652.13,1713.43,152209.4
2022-08-05 12:00:00,1713.43,1725.0,1660.01,1670.05,315073.2673
2022-08-05 16:00:00,1670.06,1684.45,1656.77,1681.36,116571.9268
2022-08-05 20:00:00,1681.35,1742.07,1666.34,1736.81,134403.921
2022-08-06 00:00:00,1736.81,1749.93,1725.87,1734.47,124612.8786
2022-08-06 04:00:00,1734.47,1737.98,1713.99,1720.73,67956.0182
2022-08-06 08:00:00,1720.73,1724.41,1702.62,1712.11,93621.3898
2022-08-06 12:00:00,1712.1,1720.97,1706.6,1715.53,74418.2648
2022-08-06 16:00:00,1715.53,1720.92,1685.26,1714.73,104881.3581
2022-08-06 20:00:00,1714.73,1724.27,1687.29,1690.6,57824.7349
2022-08-07 00:00:00,1690.6,1698.49,1668.0,1684.07,101183.7146
2022-08-07 04:00:00,1684.07,1689.35,1672.71,1686.24,53709.2951
2022-08-07 08:00:00,1686.23,1694.13,1673.02,1692.6,50276.855
2022-08-07 12:00:00,1692.59,1715.18,1691.16,1698.89,87108.2785
2022-08-07 16:00:00,1698.89,1717.0,1695.18,1708.45,69471.2147
2022-08-07 20:00:00,1708.44,1729.79,1690.0,1700.19,78155.4061
2022-08-08 00:00:00,1700.2,1720.0,1693.87,1709.77,76003.8281
2022-08-08 04:00:00,1709.76,1740.0,1708.3,1732.79,102742.9922
2022-08-08 08:00:00,1732.78,1792.65,1728.28,1789.37,176964.2384
2022-08-08 12:00:00,1789.37,1818.0,1767.0,1775.31,201012.2651
2022-08-08 16:00:00,1775.31,1787.0,1755.6,1783.13,114974.7704
2022-08-08 20:00:00,1783.12,1799.32,1757.99,1777.05,109922.4501
2022-08-09 00:00:00,1777.05,1786.81,1761.44,1778.53,65393.3133
2022-08-09 04:00:00,1778.53,1790.83,1766.71,1782.02,71572.3883
2022-08-09 08:00:00,1782.01,1783.0,1692.2,1704.04,227871.3486
2022-08-09 12:00:00,1704.04,1718.0,1667.93,1684.63,231200.1821
2022-08-09 16:00:00,1684.64,1698.52,1674.58,1688.0,122767.6364
2022-08-09 20:00:00,1688.01,1716.74,1687.4,1702.76,99366.2332
2022-08-10 00:00:00,1702.76,1702.76,1656.78,1669.49,170656.0031
2022-08-10 04:00:00,1669.5,1691.49,1667.33,1686.0,90997.6447
2022-08-10 08:00:00,1686.01,1713.53,1684.22,1707.2,116768.612
2022-08-10 12:00:00,1707.2,1853.55,1703.6,1837.5,618189.3307
2022-08-10 16:00:00,1837.49,1849.66,1804.08,1818.24,179365.1269
2022-08-10 20:00:00,1818.24,1885.0,1817.72,1853.57,141790.7953
2022-08-11 00:00:00,1853.58,1918.19,1850.32,1880.37,277052.5989
2022-08-11 04:00:00,1880.38,1906.0,1870.0,1878.88,174689.2112
2022-08-11 08:00:00,1878.87,1913.49,1873.72,1903.58,123834.9538
2022-08-11 12:00:00,1903.58,1942.0,1883.78,1890.48,309919.6603
2022-08-11 16:00:00,1890.48,1908.39,1875.56,1899.16,120832.7541
2022-08-11 20:00:00,1899.16,1905.38,1867.27,1880.19,98932.7226
2022-08-12 00:00:00,1880.19,1913.9,1857.67,1903.98,118378.5432
2022-08-12 04:00:00,1903.99,1909.49,1882.56,1888.44,71772.0144
2022-08-12 08:00:00,1888.44,1904.54,1853.06,1868.61,130058.0941
2022-08-12 12:00:00,1868.61,1903.79,1867.4,1897.69,123167.1637
2022-08-12 16:00:00,1897.68,1931.19,1891.0,1926.21,123240.1195
2022-08-12 20:00:00,1926.21,1964.71,1916.67,1958.28,151012.1666
2022-08-13 00:00:00,1958.28,1998.88,1946.5,1996.57,151731.2592
2022-08-13 04:00:00,1996.57,2020.0,1986.05,1995.78,164250.8939
2022-08-13 08:00:00,1995.78,2007.64,1973.21,1985.99,119010.7334
2022-08-13 12:00:00,1986.0,1995.0,1961.99,1988.51,103793.4229
2022-08-13 16:00:00,1988.51,2004.27,1972.24,1975.62,100294.6755
2022-08-13 20:00:00,1975.63,1994.8,1967.61,1983.55,56795.0444
2022-08-14 00:00:00,1983.55,1996.0,1970.96,1985.82,57239.7978
2022-08-14 04:00:00,1985.83,2030.0,1981.0,2016.75,98390.7614
2022-08-14 08:00:00,2016.75,2017.41,1981.0,1990.15,86341.6161
2022-08-14 12:00:00,1990.16,1991.64,1970.13,1984.17,82431.1726
2022-08-14 16:00:00,1984.18,1984.81,1906.0,1931.42,161727.9001
2022-08-14 20:00:00,1931.42,1960.23,1917.0,1935.31,83452.2372
2022-08-15 00:00:00,1935.32,2012.47,1923.0,1986.33,171447.8016
2022-08-15 04:00:00,1986.33,1992.81,1884.46,1899.87,243908.1567
2022-08-15 08:00:00,1899.88,1913.1,1875.01,1891.23,150439.5942
2022-08-15 12:00:00,1891.23,1922.0,1872.31,1917.7,173982.0757
2022-08-15 16:00:00,1917.71,1933.42,1885.01,1889.57,109153.8076
2022-08-15 20:00:00,1889.57,1917.7,1875.5,1899.06,100230.8947
2022-08-16 00:00:00,1899.05,1914.95,1861.15,1887.71,129310.2591
2022-08-16 04:00:00,1887.71,1893.38,1856.98,1886.59,92398.8248
2022-08-16 08:00:00,1886.58,1915.0,1874.45,1906.64,95754.2049
2022-08-16 12:00:00,1906.64,1914.97,1863.34,1887.38,136207.7596
2022-08-16 16:00:00,1887.38,1897.96,1853.0,1879.34,117478.5269
2022-08-16 20:00:00,1879.33,1886.89,1866.6,1876.67,51579.5746
2022-08-17 00:00:00,1876.67,1904.71,1874.85,1896.0,104577.3565
2022-08-17 04:00:00,1895.99,1959.43,1888.37,1890.39,217566.7139
2022-08-17 08:00:00,1890.38,1902.6,1869.06,1876.85,102346.2368
2022-08-17 12:00:00,1876.85,1886.46,1818.74,1830.92,265662.2907
2022-08-17 16:00:00,1830.92,1870.69,1824.0,1838.51,183420.8657
2022-08-17 20:00:00,1838.51,1853.98,1824.15,1834.25,78251.4339
2022-08-18 00:00:00,1834.24,1865.63,1821.25,1848.65,95663.6377
2022-08-18 04:00:00,1848.65,1853.0,1836.22,1845.01,54457.9893
2022-08-18 08:00:00,1845.01,1866.54,1834.62,1859.49,80317.2065
2022-08-18 12:00:00,1859.49,1882.37,1848.99,1873.11,167584.0268
2022-08-18 16:00:00,1873.12,1879.0,1856.01,1870.43,112438.2899
2022-08-18 20:00:00,1870.42,1879.73,1838.0,1846.39,95792.8738
2022-08-19 00:00:00,1846.39,1848.0,1806.16,1818.02,195637.3277
2022-08-19 04:00:00,1818.02,1825.26,1723.0,1744.63,277278.6978
2022-08-19 08:00:00,1744.63,1745.0,1683.0,1707.73,284130.444
2022-08-19 12:00:00,1707.72,1707.91,1675.3,1698.17,205240.4748
2022-08-19 16:00:00,1698.17,1726.49,1680.8,1701.18,190329.1014
2022-08-19 20:00:00,1701.18,1706.39,1602.37,1609.01,267210.9058
2022-08-20 00:00:00,1609.0,1640.0,1607.89,1627.65,177688.4341
2022-08-20 04:00:00,1627.65,1657.08,1625.34,1647.76,125601.13
2022-08-20 08:00:00,1647.75,1649.82,1617.99,1631.0,84159.5326
2022-08-20 12:00:00,1631.01,1644.04,1624.19,1634.69,82096.4553
2022-08-20 16:00:00,1634.7,1639.43,1555.0,1564.23,235287.6084
2022-08-20 20:00:00,1564.23,1588.8,1523.67,1576.04,209782.7622
2022-08-21 00:00:00,1576.03,1604.23,1573.19,1585.57,124705.3136
2022-08-21 04:00:00,1585.56,1595.41,1562.34,1585.45,95989.2595
2022-08-21 08:00:00,1585.45,1629.99,1584.87,1626.75,190990.959
2022-08-21 12:00:00,1626.76,1640.8,1600.4,1621.12,112920.9034
2022-08-21 16:00:00,1621.11,1635.0,1609.9,1624.18,80709.6472
2022-08-21 20:00:00,1624.17,1646.52,1580.6,1618.13,175346.5235
2022-08-22 00:00:00,1618.13,1621.97,1593.77,1594.95,109489.0161
2022-08-22 04:00:00,1594.95,1610.5,1551.59,1556.62,147768.9863
2022-08-22 08:00:00,1556.62,1580.82,1529.92,1567.78,216485.3332
2022-08-22 12:00:00,1567.77,1595.0,1547.99,1589.78,215845.9922
2022-08-22 16:00:00,1589.77,1601.28,1549.25,1567.72,123092.224
2022-08-22 20:00:00,1567.72,1629.72,1564.55,1624.66,128511.3436
2022-08-23 00:00:00,1624.65,1638.87,1607.73,1609.26,121805.8333
2022-08-23 04:00:00,1609.26,1617.7,1563.76,1602.24,138381.9966
2022-08-23 08:00:00,1602.24,1625.1,1588.08,1620.49,185869.9781
2022-08-23 12:00:00,1620.48,1655.44,1606.68,1640.5,241992.1365
2022-08-23 16:00:00,1640.5,1676.07,1623.81,1650.62,154965.004
2022-08-23 20:00:00,1650.63,1673.0,1641.42,1665.41,97231.9835
2022-08-24 00:00:00,1665.4,1666.47,1604.92,1614.44,174982.8246
2022-08-24 04:00:00,1614.44,1649.63,1610.53,1627.06,108838.8577
2022-08-24 08:00:00,1627.06,1654.11,1626.14,1650.92,90082.179
2022-08-24 12:00:00,1650.91,1688.0,1642.44,1683.5,168398.5454
2022-08-24 16:00:00,1683.49,1694.13,1664.0,1678.59,112378.9826
2022-08-24 20:00:00,1678.59,1686.41,1651.82,1656.56,89986.2185
2022-08-25 00:00:00,1656.56,1684.99,1653.68,1669.73,87774.7737
2022-08-25 04:00:00,1669.73,1712.74,1669.28,1708.92,133966.2365
2022-08-25 08:00:00,1708.92,1716.56,1693.71,1710.11,93234.8205
2022-08-25 12:00:00,1710.11,1722.0,1688.44,1701.19,143810.628
2022-08-25 16:00:00,1701.2,1713.16,1689.53,1707.1,80521.7319
2022-08-25 20:00:00,1707.1,1712.85,1682.13,1695.11,63782.5224
2022-08-26 00:00:00,1695.11,1695.23,1671.7,1687.15,78668.8195
2022-08-26 04:00:00,1687.16,1687.69,1641.67,1660.56,116688.6567
2022-08-26 08:00:00,1660.56,1667.42,1620.5,1629.13,110359.3204
2022-08-26 12:00:00,1629.13,1706.45,1585.21,1593.53,467259.6092
2022-08-26 16:00:00,1593.53,1599.56,1538.23,1559.78,208407.6905
2022-08-26 20:00:00,1559.78,1568.72,1486.85,1508.18,168528.7329
2022-08-27 00:00:00,1508.18,1518.42,1483.2,1501.86,134000.3707
2022-08-27 04:00:00,1501.85,1509.74,1469.19,1508.02,145279.5977
2022-08-27 08:00:00,1508.02,1511.82,1494.81,1505.32,106527.4325
2022-08-27 12:00:00,1505.32,1509.15,1453.85,1469.93,150170.0088
2022-08-27 16:00:00,1469.92,1484.32,1447.52,1479.63,131885.374
2022-08-27 20:00:00,1479.62,1498.75,1457.66,1491.06,88273.8931
2022-08-28 00:00:00,1491.06,1511.0,1475.27,1491.48,70105.8237
2022-08-28 04:00:00,1491.48,1502.72,1481.59,1496.99,55840.6308
2022-08-28 08:00:00,1496.99,1504.07,1475.21,1485.72,69037.4318
2022-08-28 12:00:00,1485.72,1488.98,1458.99,1486.84,108692.5789
2022-08-28 16:00:00,1486.84,1498.0,1478.41,1483.27,84903.0319
2022-08-28 20:00:00,1483.28,1492.57,1424.0,1426.76,156266.9515
2022-08-29 00:00:00,1426.76,1463.03,1422.08,1456.88,156710.1932
2022-08-29 04:00:00,1456.88,1462.21,1439.35,1454.74,90376.4767
2022-08-29 08:00:00,1454.74,1456.39,1442.0,1449.04,75623.0013
2022-08-29 12:00:00,1449.05,1531.37,1447.01,1521.89,272964.9776
2022-08-29 16:00:00,1521.88,1545.0,1519.97,1531.36,133687.8484
2022-08-29 20:00:00,1531.36,1559.99,1529.21,1551.8,96889.5859
2022-08-30 00:00:00,1551.79,1552.66,1523.56,1544.2,92145.7571
2022-08-30 04:00:00,1544.19,1600.84,1542.73,1586.98,171149.3866
2022-08-30 08:00:00,1586.98,1606.13,1576.5,1584.88,98855.4353
2022-08-30 12:00:00,1584.89,1594.77,1509.61,1524.69,271442.965
2022-08-30 16:00:00,1524.68,1569.41,1473.61,1543.3,241181.3074
2022-08-30 20:00:00,1543.31,1565.63,1516.93,1524.59,128300.1658
2022-08-31 00:00:00,1524.59,1618.0,1524.59,1606.54,183899.8628
2022-08-31 04:00:00,1606.55,1619.78,1576.92,1584.83,149194.7551
2022-08-31 08:00:00,1584.82,1608.08,1560.0,1594.89,170367.5202
2022-08-31 12:00:00,1594.9,1610.0,1535.38,1560.68,208901.8001
2022-08-31 16:00:00,1560.68,1588.78,1528.0,1575.33,156700.7553
2022-08-31 20:00:00,1575.33,1584.66,1542.23,1554.1,80162.984
2022-09-01 00:00:00,1554.11,1573.98,1533.92,1549.91,134790.1897
2022-09-01 04:00:00,1549.92,1562.88,1531.08,1544.6,84155.5639
2022-09-01 08:00:00,1544.59,1586.34,1533.04,1577.99,110436.2039
2022-09-01 12:00:00,1577.99,1581.37,1512.77,1536.03,200258.9294
2022-09-01 16:00:00,1536.02,1572.76,1523.6,1564.64,105436.9943
2022-09-01 20:00:00,1564.65,1599.0,1561.7,1586.16,93632.6008
2022-09-02 00:00:00,1586.17,1606.19,1567.15,1595.82,108764.5461
2022-09-02 04:00:00,1595.82,1611.9,1577.94,1594.29,85051.2341
2022-09-02 08:00:00,1594.28,1603.0,1582.15,1593.63,75269.3809
2022-09-02 12:00:00,1593.62,1650.0,1580.0,1636.32,356701.2715
2022-09-02 16:00:00,1636.33,1639.42,1546.41,1561.47,214995.4822
2022-09-02 20:00:00,1561.47,1586.6,1551.0,1575.35,78227.745
2022-09-03 00:00:00,1575.35,1582.71,1554.65,1561.54,65693.0326
2022-09-03 04:00:00,1561.53,1573.12,1534.28,1544.07,61892.1953
2022-09-03 08:00:00,1544.07,1559.74,1540.0,1548.66,61461.6651
2022-09-03 12:00:00,1548.66,1565.89,1543.58,1548.24,52055.4348
2022-09-03 16:00:00,1548.24,1564.0,1535.63,1549.31,47958.8714
2022-09-03 20:00:00,1549.31,1561.91,1546.7,1557.46,32336.0197
2022-09-04 00:00:00,1557.45,1561.55,1547.45,1552.16,29994.8222
2022-09-04 04:00:00,1552.16,1556.91,1543.56,1545.44,35430.8883
2022-09-04 08:00:00,1545.44,1564.83,1540.66,1564.55,44261.31
2022-09-04 12:00:00,1564.54,1583.66,1544.82,1560.55,85584.7837
2022-09-04 16:00:00,1560.55,1576.49,1555.67,1567.1,46862.9999
2022-09-04 20:00:00,1567.1,1582.87,1563.27,1579.28,54456.3125
2022-09-05 00:00:00,1579.29,1592.87,1568.68,1575.48,72959.3499
2022-09-05 04:00:00,1575.47,1580.2,1556.56,1562.49,68182.5922
2022-09-05 08:00:00,1562.5,1569.34,1557.93,1566.86,59749.2737
2022-09-05 12:00:00,1566.85,1606.43,1562.41,1600.82,119103.8015
2022-09-05 16:00:00,1600.82,1610.0,1576.37,1586.01,100183.0365
2022-09-05 20:00:00,1586.02,1631.99,1585.51,1617.8,83314.8832
2022-09-06 00:00:00,1617.8,1676.0,1615.27,1640.38,203634.8199
2022-09-06 04:00:00,1640.37,1678.7,1637.0,1658.77,141769.0403
2022-09-06 08:00:00,1658.76,1678.58,1646.91,1668.49,91409.8646
2022-09-06 12:00:00,1668.48,1687.4,1633.31,1669.85,194320.1429
2022-09-06 16:00:00,1669.85,1674.71,1562.5,1576.67,276264.8854
2022-09-06 20:00:00,1576.67,1588.91,1555.0,1559.01,103324.1047
2022-09-07 00:00:00,1559.01,1568.32,1490.66,1510.37,175691.3751
2022-09-07 04:00:00,1510.37,1527.89,1499.29,1518.32,103464.0326
2022-09-07 08:00:00,1518.31,1525.26,1503.82,1513.79,75728.6939
2022-09-07 12:00:00,1513.79,1551.0,1500.0,1544.17,155947.7013
2022-09-07 16:00:00,1544.18,1581.36,1536.43,1570.15,111872.3125
2022-09-07 20:00:00,1570.14,1657.5,1568.8,1630.0,228287.3089
2022-09-08 00:00:00,1630.0,1637.23,1613.13,1629.79,75487.5716
2022-09-08 04:00:00,1629.78,1647.66,1595.06,1613.55,113479.9574
2022-09-08 08:00:00,1613.54,1645.0,1606.19,1635.99,91880.7676
2022-09-08 12:00:00,1635.99,1654.99,1597.88,1629.56,212200.3483
2022-09-08 16:00:00,1629.57,1650.0,1609.0,1649.6,90735.255
2022-09-08 20:00:00,1649.6,1663.56,1626.31,1635.37,61340.1086
2022-09-09 00:00:00,1635.37,1676.96,1630.51,1672.96,95528.0834
2022-09-09 04:00:00,1672.97,1717.98,1669.75,1704.93,238877.7841
2022-09-09 08:00:00,1704.93,1715.78,1684.4,1700.08,160082.1618
2022-09-09 12:00:00,1700.07,1746.13,1698.61,1719.34,168007.0276
2022-09-09 16:00:00,1719.34,1726.59,1696.0,1720.08,93990.9345
2022-09-09 20:00:00,1720.07,1731.94,1706.82,1718.23,80972.2212
2022-09-10 00:00:00,1718.24,1743.56,1706.03,1733.5,73670.4625
2022-09-10 04:00:00,1733.5,1745.46,1708.0,1711.0,68418.3568
2022-09-10 08:00:00,1711.0,1728.49,1709.5,1723.96,40265.4816
2022-09-10 12:00:00,1723.97,1734.0,1712.53,1715.77,50515.2744
2022-09-10 16:00:00,1715.76,1744.2,1709.49,1741.05,59895.8293
2022-09-10 20:00:00,1741.04,1789.0,1729.19,1774.12,118280.842
2022-09-11 00:00:00,1774.12,1779.46,1757.0,1760.87,61890.7616
2022-09-11 04:00:00,1760.87,1768.68,1743.67,1761.61,54649.8825
2022-09-11 08:00:00,1761.6,1780.0,1757.27,1770.14,60537.9929
2022-09-11 12:00:00,1770.13,1779.0,1753.37,1768.8,65047.9626
2022-09-11 16:00:00,1768.8,1789.0,1756.29,1763.55,57236.4283
2022-09-11 20:00:00,1763.55,1768.3,1720.1,1766.11,109924.6984
2022-09-12 00:00:00,1766.12,1783.0,1711.75,1726.8,127950.4715
2022-09-12 04:00:00,1726.81,1761.45,1717.45,1758.6,73889.148
2022-09-12 08:00:00,1758.61,1765.97,1729.46,1748.92,105690.9287
2022-09-12 12:00:00,1748.92,1754.99,1695.37,1706.4,136176.1987
2022-09-12 16:00:00,1706.38,1733.76,1693.0,1726.28,116216.9888
2022-09-12 20:00:00,1726.27,1731.15,1701.59,1716.37,70850.8675
2022-09-13 00:00:00,1716.37,1718.31,1675.1,1716.12,111213.5613
2022-09-13 04:00:00,1716.12,1731.66,1699.32,1715.99,109863.0017
2022-09-13 08:00:00,1715.99,1746.72,1708.3,1737.63,104066.5122
2022-09-13 12:00:00,1737.64,1760.51,1572.91,1594.45,506486.302
2022-09-13 16:00:00,1594.44,1632.11,1569.94,1605.25,180483.6721
2022-09-13 20:00:00,1605.25,1624.4,1560.54,1574.4,122436.6763
2022-09-14 00:00:00,1574.4,1611.65,1552.38,1602.92,119213.9309
2022-09-14 04:00:00,1602.91,1623.84,1596.47,1612.14,92924.775
2022-09-14 08:00:00,1612.15,1612.48,1583.2,1595.28,99930.6762
2022-09-14 12:00:00,1595.27,1613.41,1586.13,1594.94,191016.6962
2022-09-14 16:00:00,1594.94,1602.93,1560.0,1599.81,152034.112
2022-09-14 20:00:00,1599.82,1647.01,1592.63,1638.39,109442.349
2022-09-15 00:00:00,1638.4,1655.2,1583.5,1605.53,218112.9737
2022-09-15 04:00:00,1605.53,1655.0,1571.5,1636.65,374405.7664
2022-09-15 08:00:00,1636.65,1636.66,1574.46,1591.53,191046.1698
2022-09-15 12:00:00,1591.54,1600.0,1458.0,1492.94,313880.8583
2022-09-15 16:00:00,1492.95,1519.11,1483.46,1497.63,122117.7458
2022-09-15 20:00:00,1497.64,1509.62,1459.14,1472.75,115936.2907
2022-09-16 00:00:00,1472.76,1483.35,1446.7,1473.56,112039.6987
2022-09-16 04:00:00,1473.56,1480.44,1467.19,1471.7,61596.194
2022-09-16 08:00:00,1471.7,1482.18,1442.2,1478.64,123337.8908
2022-09-16 12:00:00,1478.64,1478.98,1424.28,1452.31,191434.9059
2022-09-16 16:00:00,1452.31,1452.31,1405.52,1427.6,142195.0776
2022-09-16 20:00:00,1427.6,1448.41,1423.04,1433.9,62993.4755
2022-09-17 00:00:00,1433.9,1456.6,1430.81,1440.57,75904.1048
2022-09-17 04:00:00,1440.57,1447.92,1425.0,1432.37,70809.7474
2022-09-17 08:00:00,1432.37,1435.32,1416.0,1419.64,50768.7007
2022-09-17 12:00:00,1419.64,1450.64,1409.12,1444.34,73941.6076
2022-09-17 16:00:00,1444.34,1476.13,1442.34,1464.66,87199.8916
2022-09-17 20:00:00,1464.67,1473.29,1446.52,1468.83,62767.3222
2022-09-18 00:00:00,1468.82,1469.63,1446.66,1451.81,52416.5202
2022-09-18 04:00:00,1451.8,1460.51,1448.89,1453.45,38849.7366
2022-09-18 08:00:00,1453.45,1459.55,1417.38,1434.01,90550.8417
2022-09-18 12:00:00,1434.02,1439.84,1410.1,1417.43,100673.143
2022-09-18 16:00:00,1417.44,1424.68,1367.0,1380.78,244528.0361
2022-09-18 20:00:00,1380.78,1381.62,1325.55,1334.51,277095.1904
2022-09-19 00:00:00,1334.51,1354.0,1287.71,1294.55,207107.9315
2022-09-19 04:00:00,1294.55,1313.43,1280.0,1302.21,176077.6879
2022-09-19 08:00:00,1302.22,1320.04,1289.41,1307.9,137034.2164
2022-09-19 12:00:00,1307.91,1372.33,1306.75,1341.53,221348.1172
2022-09-19 16:00:00,1341.52,1367.46,1321.84,1362.37,135309.8474
2022-09-19 20:00:00,1362.38,1393.35,1356.62,1375.98,97977.3976
2022-09-20 00:00:00,1375.98,1384.78,1342.24,1355.0,91667.9857
2022-09-20 04:00:00,1355.01,1378.51,1351.07,1358.54,87957.6267
2022-09-20 08:00:00,1358.55,1366.74,1345.14,1356.26,82740.4024
2022-09-20 12:00:00,1356.25,1381.56,1329.01,1377.18,170818.1122
2022-09-20 16:00:00,1377.17,1384.1,1331.92,1352.1,138132.3842
2022-09-20 20:00:00,1352.09,1356.36,1312.71,1322.93,86710.6353
2022-09-21 00:00:00,1322.94,1345.96,1317.52,1337.21,64352.5168
2022-09-21 04:00:00,1337.21,1344.8,1316.12,1331.97,84256.5407
2022-09-21 08:00:00,1331.98,1353.8,1323.14,1350.92,75857.8517
2022-09-21 12:00:00,1350.93,1360.76,1334.01,1343.05,112605.7023
2022-09-21 16:00:00,1343.06,1408.9,1302.95,1323.47,585257.3432
2022-09-21 20:00:00,1323.47,1327.35,1220.0,1245.78,269936.7832
2022-09-22 00:00:00,1245.79,1271.58,1237.32,1262.91,122189.6124
2022-09-22 04:00:00,1262.92,1280.73,1254.61,1278.59,103144.1211
2022-09-22 08:00:00,1278.59,1313.02,1276.5,1308.5,136852.1019
2022-09-22 12:00:00,1308.51,1313.7,1256.69,1271.25,208151.17
2022-09-22 16:00:00,1271.24,1337.4,1252.12,1323.87,188001.1119
2022-09-22 20:00:00,1323.88,1350.08,1307.07,1326.46,145944.1552
2022-09-23 00:00:00,1326.47,1345.4,1314.42,1340.77,106234.5377
2022-09-23 04:00:00,1340.77,1360.0,1328.58,1331.82,113842.7941
2022-09-23 08:00:00,1331.82,1335.57,1282.14,1287.74,155927.4599
2022-09-23 12:00:00,1287.75,1319.13,1262.15,1293.94,279148.2059
2022-09-23 16:00:00,1293.95,1307.42,1274.32,1292.26,197550.3816
2022-09-23 20:00:00,1292.26,1339.93,1292.24,1327.25,121348.9852
2022-09-24 00:00:00,1327.24,1330.41,1311.36,1321.65,99590.0068
2022-09-24 04:00:00,1321.66,1337.8,1316.9,1322.41,63956.6344
2022-09-24 08:00:00,1322.4,1332.74,1317.03,1326.99,89795.9589
2022-09-24 12:00:00,1326.99,1349.33,1326.15,1339.78,105334.1794
2022-09-24 16:00:00,1339.77,1348.35,1333.69,1342.31,72169.0831
2022-09-24 20:00:00,1342.3,1344.07,1306.52,1317.13,86711.4871
2022-09-25 00:00:00,1317.13,1329.44,1314.4,1329.38,69878.4302
2022-09-25 04:00:00,1329.37,1337.0,1319.58,1332.84,46647.2027
2022-09-25 08:00:00,1332.83,1334.45,1316.74,1329.33,63701.494
2022-09-25 12:00:00,1329.33,1331.49,1298.15,1310.79,112537.6146
2022-09-25 16:00:00,1310.78,1321.03,1281.91,1299.82,110731.0456
2022-09-25 20:00:00,1299.81,1303.1,1269.27,1294.63,112038.0538
2022-09-26 00:00:00,1294.62,1314.55,1286.88,1303.23,132985.756
2022-09-26 04:00:00,1303.24,1306.35,1277.85,1295.44,124992.1313
2022-09-26 08:00:00,1295.43,1325.06,1289.32,1297.22,133683.3531
2022-09-26 12:00:00,1297.22,1338.51,1293.7,1325.17,183403.3967
2022-09-26 16:00:00,1325.18,1340.42,1311.27,1330.38,142096.6041
2022-09-26 20:00:00,1330.37,1337.73,1315.29,1336.17,82005.1921
2022-09-27 00:00:00,1336.17,1389.77,1332.28,1385.66,179832.5447
2022-09-27 04:00:00,1385.66,1394.56,1375.04,1382.33,113119.9102
2022-09-27 08:00:00,1382.34,1399.06,1375.6,1388.81,94526.2143
2022-09-27 12:00:00,1388.82,1400.0,1364.62,1365.18,166230.4644
2022-09-27 16:00:00,1365.19,1367.68,1303.75,1324.6,228566.6208
2022-09-27 20:00:00,1324.6,1335.16,1316.69,1328.02,78309.14
2022-09-28 00:00:00,1328.01,1340.44,1267.13,1287.23,192168.2559
2022-09-28 04:00:00,1287.24,1293.45,1266.52,1285.53,123414.9743
2022-09-28 08:00:00,1285.52,1311.74,1253.2,1295.31,207216.5656
2022-09-28 12:00:00,1295.31,1332.9,1293.69,1331.78,173133.5085
2022-09-28 16:00:00,1331.78,1343.75,1310.54,1334.12,131414.6832
2022-09-28 20:00:00,1334.13,1355.7,1333.1,1337.2,91966.9256
2022-09-29 00:00:00,1337.2,1352.02,1327.37,1342.0,97858.0842
2022-09-29 04:00:00,1342.01,1345.92,1313.55,1322.0,113167.1526
2022-09-29 08:00:00,1321.99,1345.24,1314.0,1336.56,114222.9268
2022-09-29 12:00:00,1336.57,1337.73,1288.52,1326.8,256324.7254
2022-09-29 16:00:00,1326.81,1348.25,1314.64,1333.31,129587.0756
2022-09-29 20:00:00,1333.3,1340.95,1324.07,1335.7,59431.7249
2022-09-30 00:00:00,1335.69,1352.3,1320.12,1327.49,108948.4869
2022-09-30 04:00:00,1327.5,1346.1,1325.8,1339.88,69816.321
2022-09-30 08:00:00,1339.89,1349.36,1326.01,1330.8,88900.8388
2022-09-30 12:00:00,1330.79,1373.19,1313.35,1351.09,279683.7755
2022-09-30 16:00:00,1351.09,1361.72,1333.0,1337.56,111409.0051
2022-09-30 20:00:00,1337.54,1344.98,1316.41,1328.72,81995.1837
2022-10-01 00:00:00,1328.71,1333.69,1324.36,1329.61,36114.4547
2022-10-01 04:00:00,1329.61,1331.31,1323.28,1328.81,37537.3308
2022-10-01 08:00:00,1328.81,1333.0,1317.24,1325.42,37237.5563
2022-10-01 12:00:00,1325.41,1330.0,1319.2,1322.63,39268.9479
2022-10-01 16:00:00,1322.62,1324.22,1305.53,1311.96,64389.9194
2022-10-01 20:00:00,1311.95,1316.27,1302.68,1311.79,37533.6965
2022-10-02 00:00:00,1311.79,1315.94,1305.23,1309.55,32336.563
2022-10-02 04:00:00,1309.56,1317.93,1307.72,1311.14,51497.9007
2022-10-02 08:00:00,1311.14,1312.99,1280.63,1297.87,87055.1071
2022-10-02 12:00:00,1297.87,1301.24,1286.52,1293.32,51766.0837
2022-10-02 16:00:00,1293.33,1313.87,1291.41,1304.83,56073.6701
2022-10-02 20:00:00,1304.82,1307.5,1270.0,1276.72,93010.7161
2022-10-03 00:00:00,1276.72,1300.75,1263.04,1291.8,89902.6474
2022-10-03 04:00:00,1291.8,1301.94,1284.11,1291.96,64526.0955
2022-10-03 08:00:00,1291.96,1299.38,1286.25,1299.01,49358.2861
2022-10-03 12:00:00,1299.02,1327.57,1294.44,1318.77,142799.5848
2022-10-03 16:00:00,1318.76,1329.9,1309.38,1317.9,86344.8639
2022-10-03 20:00:00,1317.89,1328.0,1314.75,1323.09,50843.7658
2022-10-04 00:00:00,1323.1,1330.38,1318.66,1329.0,41626.8585
2022-10-04 04:00:00,1329.01,1350.2,1324.35,1350.0,97949.1018
2022-10-04 08:00:00,1349.99,1359.67,1342.01,1349.74,95089.6005
2022-10-04 12:00:00,1349.74,1364.31,1345.64,1353.93,108059.1708
2022-10-04 16:00:00,1353.93,1357.38,1338.12,1354.72,69184.5049
2022-10-04 20:00:00,1354.72,1369.55,1351.09,1361.49,64298.4337
2022-10-05 00:00:00,1361.5,1363.53,1352.17,1353.95,42848.8421
2022-10-05 04:00:00,1353.95,1358.86,1348.37,1353.19,50495.8015
2022-10-05 08:00:00,1353.18,1353.75,1331.41,1335.05,75946.9889
2022-10-05 12:00:00,1335.05,1336.72,1316.29,1330.35,119076.8997
2022-10-05 16:00:00,1330.35,1364.77,1327.26,1350.63,136896.5408
2022-10-05 20:00:00,1350.63,1357.96,1345.01,1352.2,58243.7052
2022-10-06 00:00:00,1352.2,1383.99,1351.5,1372.56,116891.5045
2022-10-06 04:00:00,1372.55,1381.69,1362.0,1368.36,88184.0573
2022-10-06 08:00:00,1368.37,1370.5,1354.84,1368.75,68751.4408
2022-10-06 12:00:00,1368.75,1380.3,1348.69,1361.38,156151.3286
2022-10-06 16:00:00,1361.37,1372.92,1353.92,1358.91,90179.614
2022-10-06 20:00:00,1358.91,1364.0,1345.01,1352.06,53817.3788
2022-10-07 00:00:00,1352.07,1361.75,1350.23,1355.19,45337.1193
2022-10-07 04:00:00,1355.19,1359.21,1346.01,1356.05,59215.4336
2022-10-07 08:00:00,1356.04,1360.8,1352.0,1354.76,54102.1343
2022-10-07 12:00:00,1354.76,1358.73,1324.5,1334.11,195168.01
2022-10-07 16:00:00,1334.12,1337.02,1317.26,1327.49,105002.1907
2022-10-07 20:00:00,1327.48,1336.34,1325.0,1331.1,33174.9897
2022-10-08 00:00:00,1331.1,1337.35,1330.01,1331.05,27826.115
2022-10-08 04:00:00,1331.06,1333.25,1326.05,1330.47,32594.917
2022-10-08 08:00:00,1330.48,1330.72,1323.44,1329.8,27543.2568
2022-10-08 12:00:00,1329.8,1330.18,1318.0,1324.31,42404.5726
2022-10-08 16:00:00,1324.3,1329.99,1322.25,1324.54,26641.6426
2022-10-08 20:00:00,1324.54,1326.5,1303.51,1315.48,46381.1572
2022-10-09 00:00:00,1315.48,1316.48,1307.26,1310.69,27203.0172
2022-10-09 04:00:00,1310.68,1317.89,1308.62,1314.88,21725.9087
2022-10-09 08:00:00,1314.89,1327.99,1313.44,1323.09,34938.0743
2022-10-09 12:00:00,1323.1,1329.0,1320.97,1326.52,26383.9814
2022-10-09 16:00:00,1326.52,1327.68,1310.0,1319.82,41428.9209
2022-10-09 20:00:00,1319.81,1323.5,1314.35,1323.13,34522.016
2022-10-10 00:00:00,1323.13,1338.0,1320.29,1323.18,44860.1453
2022-10-10 04:00:00,1323.18,1325.39,1312.16,1316.7,41018.096
2022-10-10 08:00:00,1316.7,1317.64,1296.36,1315.0,91265.6083
2022-10-10 12:00:00,1315.01,1319.68,1303.39,1308.27,84173.7024
2022-10-10 16:00:00,1308.26,1315.0,1298.99,1307.59,66859.6431
2022-10-10 20:00:00,1307.6,1309.97,1288.0,1290.03,65485.8163
2022-10-11 00:00:00,1290.03,1290.03,1267.01,1278.37,108773.429
2022-10-11 04:00:00,1278.36,1284.51,1272.05,1284.19,57589.7809
2022-10-11 08:00:00,1284.19,1288.93,1277.82,1286.72,49216.8415
2022-10-11 12:00:00,1286.72,1297.68,1268.85,1293.56,107886.1958
2022-10-11 16:00:00,1293.56,1298.0,1275.64,1282.51,73980.036
2022-10-11 20:00:00,1282.5,1287.22,1273.8,1280.11,31984.1109
2022-10-12 00:00:00,1280.11,1288.93,1275.25,1283.71,43775.6705
2022-10-12 04:00:00,1283.71,1301.74,1283.25,1293.88,54801.2958
2022-10-12 08:00:00,1293.88,1306.87,1292.73,1297.68,63049.0101
2022-10-12 12:00:00,1297.67,1305.59,1285.51,1299.24,99642.1407
2022-10-12 16:00:00,1299.23,1301.0,1287.53,1297.05,71058.8201
2022-10-12 20:00:00,1297.05,1302.97,1292.68,1294.44,37385.6387
2022-10-13 00:00:00,1294.44,1299.15,1282.05,1286.47,52819.037
2022-10-13 04:00:00,1286.48,1289.25,1271.64,1277.43,69667.4917
2022-10-13 08:00:00,1277.44,1280.49,1220.41,1243.09,211033.6305
2022-10-13 12:00:00,1243.09,1275.06,1190.0,1256.9,380859.715
2022-10-13 16:00:00,1256.9,1294.89,1251.23,1287.03,164955.7824
2022-10-13 20:00:00,1287.04,1301.58,1285.59,1287.08,66282.6597
2022-10-14 00:00:00,1287.08,1342.0,1283.39,1329.76,155601.4611
2022-10-14 04:00:00,1329.75,1332.2,1316.36,1321.74,82842.6352
2022-10-14 08:00:00,1321.75,1336.5,1316.55,1325.87,82926.192
2022-10-14 12:00:00,1325.87,1343.12,1305.89,1310.04,194553.2538
2022-10-14 16:00:00,1310.04,1313.22,1294.0,1298.72,106953.5546
2022-10-14 20:00:00,1298.71,1304.07,1290.0,1296.27,46865.7126
2022-10-15 00:00:00,1296.26,1301.69,1293.52,1300.26,33463.7431
2022-10-15 04:00:00,1300.27,1301.15,1290.54,1294.99,36400.0588
2022-10-15 08:00:00,1294.99,1295.24,1277.01,1287.42,68014.9455
2022-10-15 12:00:00,1287.41,1291.8,1279.1,1286.08,44231.7716
2022-10-15 16:00:00,1286.09,1289.92,1278.31,1282.47,40397.5502
2022-10-15 20:00:00,1282.46,1283.69,1263.64,1274.92,64592.8837
2022-10-16 00:00:00,1274.93,1286.69,1274.67,1283.63,32092.6562
2022-10-16 04:00:00,1283.63,1288.99,1281.12,1283.24,28686.7044
2022-10-16 08:00:00,1283.24,1290.27,1279.31,1284.03,41763.0301
2022-10-16 12:00:00,1284.03,1287.79,1279.3,1286.35,34832.1755
2022-10-16 16:00:00,1286.36,1308.93,1281.57,1308.09,63057.7831
2022-10-16 20:00:00,1308.09,1315.35,1290.62,1305.95,92889.0139
2022-10-17 00:00:00,1305.96,1308.25,1295.64,1301.59,49094.1931
2022-10-17 04:00:00,1301.58,1314.6,1298.35,1312.22,55832.2266
2022-10-17 08:00:00,1312.22,1325.91,1307.52,1317.41,83170.9793
2022-10-17 12:00:00,1317.41,1337.67,1313.73,1329.18,134005.7386
2022-10-17 16:00:00,1329.18,1331.0,1315.31,1325.54,77890.0367
2022-10-17 20:00:00,1325.55,1338.57,1324.19,1331.4,59855.3198
2022-10-18 00:00:00,1331.39,1341.73,1327.6,1333.31,74617.1913
2022-10-18 04:00:00,1333.3,1340.37,1330.29,1336.74,75581.8149
2022-10-18 08:00:00,1336.74,1337.25,1318.15,1325.89,76341.0151
2022-10-18 12:00:00,1325.89,1334.59,1298.08,1307.61,172767.2954
2022-10-18 16:00:00,1307.62,1312.35,1286.72,1300.85,95950.4851
2022-10-18 20:00:00,1300.84,1320.0,1298.51,1310.71,77471.1171
2022-10-19 00:00:00,1310.71,1313.5,1298.33,1305.16,54325.1583
2022-10-19 04:00:00,1305.25,1306.25,1291.93,1299.77,62574.0817
2022-10-19 08:00:00,1299.77,1308.09,1293.95,1300.25,55889.783
2022-10-19 12:00:00,1300.24,1308.39,1290.0,1304.76,84040.8319
2022-10-19 16:00:00,1304.76,1305.48,1292.52,1296.94,48077.1592
2022-10-19 20:00:00,1296.95,1298.93,1280.31,1285.09,63730.4964
2022-10-20 00:00:00,1285.09,1288.14,1270.36,1279.98,76788.6873
2022-10-20 04:00:00,1279.98,1296.07,1279.72,1292.43,61528.6161
2022-10-20 08:00:00,1292.42,1302.36,1289.47,1299.64,52066.7922
2022-10-20 12:00:00,1299.65,1310.87,1290.65,1299.83,102324.0194
2022-10-20 16:00:00,1299.84,1299.84,1277.55,1284.56,83767.9283
2022-10-20 20:00:00,1284.57,1288.01,1271.96,1282.57,52055.567
2022-10-21 00:00:00,1282.57,1292.5,1278.81,1287.54,42415.2238
2022-10-21 04:00:00,1287.53,1291.05,1282.64,1284.59,40495.8417
2022-10-21 08:00:00,1284.6,1285.0,1272.73,1275.52,67375.525
2022-10-21 12:00:00,1275.53,1297.91,1252.65,1297.47,198433.7671
2022-10-21 16:00:00,1297.46,1305.66,1294.84,1303.3,86255.4301
2022-10-21 20:00:00,1303.29,1306.97,1297.25,1299.75,33101.0109
2022-10-22 00:00:00,1299.76,1304.68,1294.32,1298.81,27984.1627
2022-10-22 04:00:00,1298.82,1300.55,1294.98,1299.69,22442.5719
2022-10-22 08:00:00,1299.69,1307.98,1299.57,1305.67,34797.5582
2022-10-22 12:00:00,1305.67,1318.97,1302.93,1316.38,73445.2863
2022-10-22 16:00:00,1316.38,1320.2,1306.72,1314.19,41516.5199
2022-10-22 20:00:00,1314.19,1318.51,1312.14,1313.61,21590.6017
2022-10-23 00:00:00,1313.62,1314.81,1304.63,1313.22,28327.9959
2022-10-23 04:00:00,1313.22,1314.72,1306.82,1309.57,25232.2118
2022-10-23 08:00:00,1309.57,1311.95,1301.3,1304.14,46521.9038
2022-10-23 12:00:00,1304.13,1316.5,1299.44,1313.6,56155.317
2022-10-23 16:00:00,1313.6,1335.0,1311.19,1330.85,83053.2549
2022-10-23 20:00:00,1330.85,1371.55,1328.72,1364.2,192978.7766
2022-10-24 00:00:00,1364.19,1370.6,1344.18,1348.08,96959.7424
2022-10-24 04:00:00,1348.07,1348.09,1332.33,1336.8,132043.0892
2022-10-24 08:00:00,1336.79,1354.5,1332.46,1353.41,90235.3022
2022-10-24 12:00:00,1353.4,1353.98,1324.17,1341.62,173337.7086
2022-10-24 16:00:00,1341.63,1352.79,1330.72,1344.95,62743.3378
2022-10-24 20:00:00,1344.96,1359.43,1341.07,1343.61,56511.6168
2022-10-25 00:00:00,1343.61,1349.31,1334.94,1347.62,57869.5372
2022-10-25 04:00:00,1347.61,1351.81,1343.72,1347.18,36288.9182
2022-10-25 08:00:00,1347.19,1349.94,1339.22,1347.48,47270.5412
2022-10-25 12:00:00,1347.48,1418.72,1346.5,1408.3,322646.7094
2022-10-25 16:00:00,1408.29,1525.16,1405.09,1493.34,461749.9163
2022-10-25 20:00:00,1493.34,1495.23,1446.46,1459.74,202107.2789
2022-10-26 00:00:00,1459.74,1499.21,1457.44,1487.03,154347.6635
2022-10-26 04:00:00,1487.02,1524.5,1476.83,1515.65,172975.3943
2022-10-26 08:00:00,1515.59,1556.0,1508.56,1528.49,244055.321
2022-10-26 12:00:00,1528.49,1594.99,1509.43,1567.54,341153.6456
2022-10-26 16:00:00,1567.54,1572.33,1541.27,1564.28,156641.9359
2022-10-26 20:00:00,1564.27,1584.62,1542.85,1566.1,166870.742
2022-10-27 00:00:00,1566.11,1577.62,1532.06,1555.07,134830.8566
2022-10-27 04:00:00,1555.06,1571.43,1549.67,1556.53,69796.3825
2022-10-27 08:00:00,1556.53,1559.86,1534.73,1550.98,109637.9471
2022-10-27 12:00:00,1550.97,1578.58,1533.96,1544.21,255990.8085
2022-10-27 16:00:00,1544.22,1565.73,1539.34,1562.36,73364.8843
2022-10-27 20:00:00,1562.36,1563.68,1503.2,1514.05,225833.6061
2022-10-28 00:00:00,1514.04,1525.32,1496.4,1507.76,193661.1789
2022-10-28 04:00:00,1507.76,1520.13,1488.4,1493.67,104889.5502
2022-10-28 08:00:00,1493.68,1510.01,1484.61,1498.19,100248.4815
2022-10-28 12:00:00,1498.19,1549.94,1479.82,1537.87,239723.7725
2022-10-28 16:00:00,1537.87,1573.1,1533.63,1557.36,156095.4587
2022-10-28 20:00:00,1557.37,1574.9,1551.79,1554.41,64336.0007
2022-10-29 00:00:00,1554.4,1594.0,1547.66,1589.52,104337.6908
2022-10-29 04:00:00,1589.53,1604.9,1574.62,1594.77,111834.9608
2022-10-29 08:00:00,1594.78,1652.11,1590.66,1615.42,263693.0996
2022-10-29 12:00:00,1615.41,1643.99,1608.68,1632.4,170308.8296
2022-10-29 16:00:00,1632.41,1663.06,1617.65,1623.44,186866.0314
2022-10-29 20:00:00,1623.43,1631.96,1604.02,1619.55,77120.4724
2022-10-30 00:00:00,1619.55,1624.41,1605.74,1622.18,57257.6922
2022-10-30 04:00:00,1622.19,1640.06,1618.48,1629.06,71596.3182
2022-10-30 08:00:00,1629.05,1630.0,1591.64,1605.0,111009.6803
2022-10-30 12:00:00,1605.01,1607.61,1578.45,1587.22,101448.6439
2022-10-30 16:00:00,1587.21,1596.65,1576.56,1587.34,71893.3477
2022-10-30 20:00:00,1587.35,1598.46,1577.07,1590.44,62830.742
2022-10-31 00:00:00,1590.45,1596.69,1561.52,1582.74,135904.5957
2022-10-31 04:00:00,1582.75,1596.21,1578.41,1591.17,58035.4297
2022-10-31 08:00:00,1591.16,1635.8,1578.6,1621.27,144837.5669
2022-10-31 12:00:00,1621.27,1625.42,1545.43,1569.44,273718.8228
2022-10-31 16:00:00,1569.43,1583.89,1555.51,1563.69,124526.4048
2022-10-31 20:00:00,1563.69,1577.75,1550.54,1572.69,73311.4215
2022-11-01 00:00:00,1572.69,1604.73,1568.8,1586.81,87964.4315
2022-11-01 04:00:00,1586.81,1602.85,1580.32,1591.11,72848.9691
2022-11-01 08:00:00,1591.12,1612.92,1582.49,1590.28,116223.6529
2022-11-01 12:00:00,1590.28,1598.39,1563.69,1574.28,147797.2015
2022-11-01 16:00:00,1574.29,1586.79,1568.43,1576.76,60689.1878
2022-11-01 20:00:00,1576.76,1583.02,1569.03,1578.48,42015.8537
2022-11-02 00:00:00,1578.47,1595.79,1572.09,1590.74,70313.1974
2022-11-02 04:00:00,1590.75,1600.2,1554.09,1564.76,149714.9416
2022-11-02 08:00:00,1564.76,1578.67,1536.25,1555.94,101621.6934
2022-11-02 12:00:00,1555.95,1567.13,1546.02,1558.5,85136.0941
2022-11-02 16:00:00,1558.51,1621.68,1524.0,1535.92,440529.6148
2022-11-02 20:00:00,1535.93,1537.51,1502.32,1518.34,134079.8235
2022-11-03 00:00:00,1518.33,1556.19,1515.17,1547.35,110124.6747
2022-11-03 04:00:00,1547.35,1559.01,1542.0,1544.04,73267.5526
2022-11-03 08:00:00,1544.04,1556.74,1523.1,1531.95,98072.0357
2022-11-03 12:00:00,1531.95,1556.0,1522.05,1542.46,162656.0111
2022-11-03 16:00:00,1542.47,1549.14,1538.34,1544.13,48207.5261
2022-11-03 20:00:00,1544.14,1544.42,1524.11,1531.01,67875.0811
2022-11-04 00:00:00,1531.01,1549.89,1528.4,1548.92,68392.1825
2022-11-04 04:00:00,1548.93,1588.19,1546.53,1587.43,122215.2313
2022-11-04 08:00:00,1587.43,1600.28,1575.3,1577.24,117513.4247
2022-11-04 12:00:00,1577.24,1680.0,1556.2,1624.97,368850.4447
2022-11-04 16:00:00,1624.97,1649.84,1607.8,1648.29,185653.4665
2022-11-04 20:00:00,1648.28,1654.77,1639.84,1644.78,72906.7284
2022-11-05 00:00:00,1644.78,1666.97,1635.15,1646.75,95282.3612
2022-11-05 04:00:00,1646.76,1658.72,1643.58,1651.36,43209.2618
2022-11-05 08:00:00,1651.37,1651.9,1636.47,1649.58,57559.3833
2022-11-05 12:00:00,1649.58,1650.23,1623.53,1635.87,64576.5414
2022-11-05 16:00:00,1635.87,1642.91,1624.89,1633.24,50814.2919
2022-11-05 20:00:00,1633.24,1635.22,1621.42,1626.98,39943.6966
2022-11-06 00:00:00,1626.98,1633.51,1612.3,1621.24,59304.613
2022-11-06 04:00:00,1621.23,1623.77,1613.95,1622.88,33627.1912
2022-11-06 08:00:00,1622.88,1639.02,1608.84,1620.35,64606.0226
2022-11-06 12:00:00,1620.34,1634.96,1615.81,1623.77,47048.1681
2022-11-06 16:00:00,1623.77,1625.93,1603.25,1610.41,80682.2351
2022-11-06 20:00:00,1610.41,1612.91,1564.39,1568.29,129595.7225
2022-11-07 00:00:00,1568.25,1595.3,1564.21,1587.5,99273.2403
2022-11-07 04:00:00,1587.5,1594.63,1546.3,1550.01,121788.7885
2022-11-07 08:00:00,1550.0,1584.56,1546.29,1580.0,112526.3751
2022-11-07 12:00:00,1579.99,1592.93,1567.58,1592.03,99382.6285
2022-11-07 16:00:00,1592.02,1608.04,1577.02,1600.52,82281.729
2022-11-07 20:00:00,1600.53,1607.28,1545.03,1568.1,127156.688
2022-11-08 00:00:00,1568.09,1576.79,1503.0,1507.07,219801.4954
2022-11-08 04:00:00,1507.06,1514.25,1431.82,1492.0,397923.2974
2022-11-08 08:00:00,1492.0,1494.49,1468.99,1476.87,115189.2468
2022-11-08 12:00:00,1476.87,1487.22,1422.94,1462.48,332243.0933
2022-11-08 16:00:00,1462.48,1579.98,1233.0,1315.39,1001671.6207
2022-11-08 20:00:00,1315.39,1344.83,1280.0,1334.77,273087.7553
2022-11-09 00:00:00,1334.78,1337.16,1283.37,1312.39,267660.3852
2022-11-09 04:00:00,1312.38,1319.38,1266.43,1274.35,246133.7601
2022-11-09 08:00:00,1274.36,1276.59,1136.13,1220.04,734537.3043
2022-11-09 12:00:00,1220.05,1248.55,1150.0,1163.02,503012.3581
2022-11-09 16:00:00,1163.02,1206.0,1143.43,1195.47,347512.1251
2022-11-09 20:00:00,1195.46,1200.0,1073.53,1102.73,395942.0029
2022-11-10 00:00:00,1102.73,1184.8,1085.93,1174.16,336892.7226
2022-11-10 04:00:00,1174.15,1206.13,1159.3,1189.72,251338.0312
2022-11-10 08:00:00,1189.54,1219.62,1175.13,1187.04,285702.3006
2022-11-10 12:00:00,1187.05,1350.0,1185.52,1321.61,635062.7326
2022-11-10 16:00:00,1321.64,1350.0,1247.4,1292.31,291051.4864
2022-11-10 20:00:00,1292.3,1344.66,1284.28,1299.28,175908.4033
2022-11-11 00:00:00,1299.28,1309.29,1221.08,1239.11,224826.0557
2022-11-11 04:00:00,1239.12,1289.26,1227.0,1278.33,201468.1674
2022-11-11 08:00:00,1278.34,1294.35,1264.07,1275.85,139755.1932
2022-11-11 12:00:00,1275.91,1310.0,1201.26,1260.18,422314.5436
2022-11-11 16:00:00,1260.18,1287.0,1233.24,1274.04,198559.5869
2022-11-11 20:00:00,1274.18,1295.0,1237.0,1289.28,121163.603
2022-11-12 00:00:00,1289.35,1292.16,1254.0,1259.34,111318.5446
2022-11-12 04:00:00,1259.34,1277.57,1238.7,1266.39,160399.3938
2022-11-12 08:00:00,1266.39,1275.0,1250.0,1260.5,89641.07
2022-11-12 12:00:00,1260.5,1285.52,1253.06,1274.8,92740.861
2022-11-12 16:00:00,1274.81,1278.88,1263.0,1268.45,50382.896
2022-11-12 20:00:00,1268.45,1268.95,1247.31,1257.25,43290.1518
2022-11-13 00:00:00,1257.25,1274.03,1253.45,1272.15,43686.0217
2022-11-13 04:00:00,1272.14,1274.23,1230.33,1250.93,111909.8724
2022-11-13 08:00:00,1250.94,1253.22,1212.0,1240.44,133139.1685
2022-11-13 12:00:00,1240.43,1248.45,1223.9,1231.36,73850.2652
2022-11-13 16:00:00,1231.36,1237.34,1215.8,1229.03,79226.1337
2022-11-13 20:00:00,1229.04,1237.0,1200.66,1221.49,105599.0689
2022-11-14 00:00:00,1221.5,1230.54,1171.13,1193.03,156252.2094
2022-11-14 04:00:00,1193.02,1262.0,1175.43,1260.07,202533.2688
2022-11-14 08:00:00,1260.06,1276.26,1252.0,1252.33,136608.4291
2022-11-14 12:00:00,1252.34,1291.2,1235.0,1245.32,232779.1898
2022-11-14 16:00:00,1245.32,1249.76,1210.03,1216.27,112608.2643
2022-11-14 20:00:00,1216.26,1249.97,1210.09,1243.28,93960.6445
2022-11-15 00:00:00,1243.29,1266.57,1236.15,1256.54,96455.9056
2022-11-15 04:00:00,1256.53,1273.89,1247.39,1266.33,90352.4569
2022-11-15 08:00:00,1266.33,1279.3,1255.0,1260.37,100514.125
2022-11-15 12:00:00,1260.37,1291.0,1257.79,1264.36,150039.9122
2022-11-15 16:00:00,1264.36,1274.25,1234.01,1257.28,133264.2939
2022-11-15 20:00:00,1257.29,1265.4,1241.46,1253.23,62198.8744
2022-11-16 00:00:00,1253.22,1268.67,1248.23,1264.86,55268.0975
2022-11-16 04:00:00,1264.86,1265.4,1243.0,1245.56,114561.9878
2022-11-16 08:00:00,1245.55,1254.25,1215.0,1222.28,152804.2701
2022-11-16 12:00:00,1222.29,1232.66,1187.06,1192.29,202233.6409
2022-11-16 16:00:00,1192.28,1221.57,1187.27,1208.71,93396.776
2022-11-16 20:00:00,1208.7,1221.73,1201.17,1216.17,55074.9492
2022-11-17 00:00:00,1216.16,1228.22,1201.92,1204.05,69439.0372
2022-11-17 04:00:00,1204.05,1218.05,1193.07,1204.88,121734.1096
2022-11-17 08:00:00,1204.88,1208.36,1181.05,1203.78,82881.1943
2022-11-17 12:00:00,1203.79,1217.89,1184.0,1192.8,131491.2536
2022-11-17 16:00:00,1192.8,1217.33,1189.0,1202.72,75457.5356
2022-11-17 20:00:00,1202.72,1210.0,1196.27,1200.43,49534.2185
2022-11-18 00:00:00,1200.42,1234.0,1199.18,1219.79,99508.9755
2022-11-18 04:00:00,1219.8,1224.43,1213.01,1214.65,51942.9344
2022-11-18 08:00:00,1214.65,1226.01,1205.05,1217.23,54979.0795
2022-11-18 12:00:00,1217.23,1227.81,1206.0,1211.13,65178.6506
2022-11-18 16:00:00,1211.14,1214.47,1200.36,1209.71,57070.8442
2022-11-18 20:00:00,1209.71,1214.97,1206.03,1212.58,31538.0495
2022-11-19 00:00:00,1212.58,1213.48,1201.0,1208.54,26543.4487
2022-11-19 04:00:00,1208.55,1209.72,1197.67,1206.81,47258.7136
2022-11-19 08:00:00,1206.81,1212.41,1204.16,1211.44,27341.4069
2022-11-19 12:00:00,1211.45,1212.09,1205.83,1209.58,26020.1506
2022-11-19 16:00:00,1209.58,1211.7,1206.95,1208.6,22181.4834
2022-11-19 20:00:00,1208.59,1235.0,1208.59,1217.67,60444.3856
2022-11-20 00:00:00,1217.67,1227.07,1215.33,1218.99,36439.2416
2022-11-20 04:00:00,1218.99,1223.26,1217.55,1220.39,24017.1082
2022-11-20 08:00:00,1220.38,1220.65,1160.0,1167.76,146271.2629
2022-11-20 12:00:00,1167.76,1180.47,1153.0,1177.13,128723.3629
2022-11-20 16:00:00,1177.12,1190.0,1169.53,1185.46,53829.1957
2022-11-20 20:00:00,1185.47,1186.72,1132.65,1142.21,141828.5894
2022-11-21 00:00:00,1142.21,1144.12,1111.11,1125.12,150635.5811
2022-11-21 04:00:00,1125.12,1140.0,1117.01,1123.48,104322.9868
2022-11-21 08:00:00,1123.49,1131.81,1105.65,1125.0,145405.1679
2022-11-21 12:00:00,1125.0,1146.99,1115.1,1130.33,145452.8918
2022-11-21 16:00:00,1130.34,1133.1,1079.76,1091.22,236304.9905
2022-11-21 20:00:00,1091.22,1123.27,1082.36,1107.34,140526.3273
2022-11-22 00:00:00,1107.34,1117.29,1097.02,1104.41,106939.2304
2022-11-22 04:00:00,1104.41,1107.33,1079.54,1093.31,105284.2307
2022-11-22 08:00:00,1093.31,1095.0,1075.0,1085.44,114261.6261
2022-11-22 12:00:00,1085.44,1143.96,1079.0,1135.37,250563.4331
2022-11-22 16:00:00,1135.36,1146.13,1114.27,1127.25,113257.3026
2022-11-22 20:00:00,1127.26,1142.36,1122.96,1139.6,58578.7562
2022-11-23 00:00:00,1139.59,1170.87,1127.75,1170.8,157084.7864
2022-11-23 04:00:00,1170.81,1171.45,1157.48,1166.71,76477.2577
2022-11-23 08:00:00,1166.71,1184.25,1160.51,1174.98,107520.8154
2022-11-23 12:00:00,1174.98,1178.0,1153.67,1161.28,101411.1896
2022-11-23 16:00:00,1161.28,1189.75,1150.6,1168.92,124518.2088
2022-11-23 20:00:00,1168.91,1190.0,1159.99,1184.52,69914.9015
2022-11-24 00:00:00,1184.52,1210.0,1180.6,1201.92,125886.675
2022-11-24 04:00:00,1201.93,1217.71,1198.74,1206.72,109438.5621
2022-11-24 08:00:00,1206.72,1208.35,1191.52,1195.75,74519.499
2022-11-24 12:00:00,1195.76,1203.92,1185.96,1195.24,65973.082
2022-11-24 16:00:00,1195.24,1208.22,1192.69,1203.1,63166.2485
2022-11-24 20:00:00,1203.1,1206.17,1193.78,1203.73,47096.5457
2022-11-25 00:00:00,1203.72,1204.98,1180.0,1186.16,71146.1579
2022-11-25 04:00:00,1186.15,1187.92,1171.2,1185.01,84113.433
2022-11-25 08:00:00,1185.01,1198.98,1175.6,1193.26,71084.0954
2022-11-25 12:00:00,1193.27,1200.12,1181.09,1189.8,74631.9989
2022-11-25 16:00:00,1189.8,1199.0,1183.0,1197.22,40751.3605
2022-11-25 20:00:00,1197.23,1207.77,1195.71,1199.3,49703.1201
2022-11-26 00:00:00,1199.29,1228.67,1196.81,1215.71,96215.679
2022-11-26 04:00:00,1215.71,1225.78,1212.35,1218.97,67459.3967
2022-11-26 08:00:00,1218.96,1227.76,1215.12,1221.71,56703.3101
2022-11-26 12:00:00,1221.71,1235.66,1206.27,1210.9,74739.26
2022-11-26 16:00:00,1210.9,1215.48,1201.88,1207.34,50260.0416
2022-11-26 20:00:00,1207.33,1212.71,1196.2,1205.6,34463.1242
2022-11-27 00:00:00,1205.61,1218.76,1204.31,1216.51,38910.6929
2022-11-27 04:00:00,1216.5,1223.33,1214.32,1216.9,41691.7021
2022-11-27 08:00:00,1216.9,1220.99,1209.58,1215.31,62409.6216
2022-11-27 12:00:00,1215.31,1219.59,1207.47,1217.92,36606.0177
2022-11-27 16:00:00,1217.91,1220.8,1211.11,1213.19,36418.3811
2022-11-27 20:00:00,1213.19,1218.51,1188.65,1193.88,70350.3832
2022-11-28 00:00:00,1193.88,1199.25,1158.12,1172.54,160151.8578
2022-11-28 04:00:00,1172.55,1179.01,1166.6,1174.03,61489.5795
2022-11-28 08:00:00,1174.02,1176.5,1164.02,1170.36,48570.3701
2022-11-28 12:00:00,1170.36,1182.71,1155.0,1163.49,90435.693
2022-11-28 16:00:00,1163.5,1184.98,1151.02,1171.59,87923.0128
2022-11-28 20:00:00,1171.59,1175.47,1167.0,1167.77,30225.0961
2022-11-29 00:00:00,1167.77,1189.99,1158.27,1184.67,68919.7664
2022-11-29 04:00:00,1184.68,1215.0,1184.22,1207.08,118417.9621
2022-11-29 08:00:00,1207.08,1223.0,1205.01,1217.32,109677.0334
2022-11-29 12:00:00,1217.32,1218.83,1202.96,1208.72,88427.9236
2022-11-29 16:00:00,1208.72,1220.0,1202.97,1215.75,69553.7715
2022-11-29 20:00:00,1215.75,1228.37,1215.36,1216.49,57147.1291
2022-11-30 00:00:00,1216.49,1283.47,1212.5,1265.09,242253.9476
2022-11-30 04:00:00,1265.09,1274.8,1265.08,1272.62,70827.9186
2022-11-30 08:00:00,1272.62,1277.34,1261.2,1266.72,56901.3303
2022-11-30 12:00:00,1266.73,1272.5,1255.1,1267.4,108235.4278
2022-11-30 16:00:00,1267.39,1300.0,1258.57,1287.2,228085.4857
2022-11-30 20:00:00,1287.2,1309.77,1285.0,1294.46,109375.1617
2022-12-01 00:00:00,1294.46,1295.88,1281.2,1288.02,72869.3843
2022-12-01 04:00:00,1288.02,1289.42,1276.13,1278.76,59241.5294
2022-12-01 08:00:00,1278.76,1286.33,1277.28,1282.94,73405.7923
2022-12-01 12:00:00,1282.94,1299.9,1262.77,1271.54,147851.2987
2022-12-01 16:00:00,1271.54,1278.69,1265.52,1275.91,42048.026
2022-12-01 20:00:00,1275.91,1283.94,1267.06,1276.41,34602.7084
2022-12-02 00:00:00,1276.4,1284.75,1265.24,1271.69,57962.0693
2022-12-02 04:00:00,1271.69,1278.26,1268.0,1275.68,44700.4939
2022-12-02 08:00:00,1275.68,1294.53,1273.56,1288.83,60903.5216
2022-12-02 12:00:00,1288.82,1297.18,1268.0,1278.96,130620.7071
2022-12-02 16:00:00,1278.97,1288.32,1274.29,1287.32,36847.0331
2022-12-02 20:00:00,1287.31,1296.97,1286.38,1295.59,40525.76
2022-12-03 00:00:00,1295.58,1309.0,1282.43,1285.85,59188.2305
2022-12-03 04:00:00,1285.84,1290.56,1273.36,1276.08,66488.2787
2022-12-03 08:00:00,1276.08,1277.15,1260.54,1269.39,74686.5961
2022-12-03 12:00:00,1269.4,1275.2,1266.52,1271.04,33670.5507
2022-12-03 16:00:00,1271.04,1271.48,1262.34,1266.19,33390.9841
2022-12-03 20:00:00,1266.2,1266.64,1236.26,1240.51,79723.6187
2022-12-04 00:00:00,1240.5,1263.73,1240.1,1257.04,63085.5932
2022-12-04 04:00:00,1257.03,1267.35,1253.5,1257.03,47005.2007
2022-12-04 08:00:00,1257.02,1263.65,1251.64,1254.94,41971.9514
2022-12-04 12:00:00,1254.94,1262.48,1249.65,1259.83,49018.0787
2022-12-04 16:00:00,1259.84,1282.76,1256.65,1278.5,83156.2171
2022-12-04 20:00:00,1278.49,1287.19,1272.31,1279.41,39892.5055
2022-12-05 00:00:00,1279.4,1297.58,1276.68,1290.85,75240.9027
2022-12-05 04:00:00,1290.86,1304.77,1289.75,1297.08,58770.0782
2022-12-05 08:00:00,1297.09,1305.11,1291.86,1295.13,57149.3202
2022-12-05 12:00:00,1295.13,1295.13,1259.19,1266.59,85596.9268
2022-12-05 16:00:00,1266.59,1270.24,1246.61,1253.67,82465.213
2022-12-05 20:00:00,1253.67,1260.64,1251.76,1259.41,32406.0757
2022-12-06 00:00:00,1259.41,1270.08,1259.38,1261.82,43289.604
2022-12-06 04:00:00,1261.81,1263.1,1254.4,1260.39,27907.4723
2022-12-06 08:00:00,1260.39,1264.97,1242.0,1256.08,61454.433
2022-12-06 12:00:00,1256.09,1262.16,1244.92,1254.4,63911.6553
2022-12-06 16:00:00,1254.39,1259.24,1241.56,1250.13,54916.1265
2022-12-06 20:00:00,1250.12,1274.76,1247.71,1271.32,50152.5479
2022-12-07 00:00:00,1271.31,1278.69,1259.08,1262.27,41068.835
2022-12-07 04:00:00,1262.28,1264.81,1219.0,1224.63,115599.4182
2022-12-07 08:00:00,1224.63,1230.8,1218.01,1224.97,75458.9968
2022-12-07 12:00:00,1224.96,1239.94,1219.21,1233.85,87584.399
2022-12-07 16:00:00,1233.85,1237.48,1227.0,1232.11,43085.1723
2022-12-07 20:00:00,1232.12,1235.0,1222.1,1231.18,35762.6953
2022-12-08 00:00:00,1231.18,1238.93,1222.01,1231.86,49350.3494
2022-12-08 04:00:00,1231.87,1235.78,1224.64,1232.73,37389.8481
2022-12-08 08:00:00,1232.73,1245.41,1228.2,1240.4,63643.191
2022-12-08 12:00:00,1240.4,1253.65,1235.97,1249.91,75358.8037
2022-12-08 16:00:00,1249.91,1292.58,1248.71,1283.9,117291.5485
2022-12-08 20:00:00,1283.9,1286.44,1275.78,1280.18,63619.804
2022-12-09 00:00:00,1280.18,1290.91,1273.13,1283.98,83686.6376
2022-12-09 04:00:00,1283.97,1285.83,1277.5,1282.43,43358.9031
2022-12-09 08:00:00,1282.44,1292.95,1278.89,1287.83,60071.1507
2022-12-09 12:00:00,1287.84,1296.64,1250.0,1277.6,130921.4629
2022-12-09 16:00:00,1277.6,1278.0,1263.4,1269.05,40336.1771
2022-12-09 20:00:00,1269.06,1269.25,1255.83,1263.1,47633.6718
2022-12-10 00:00:00,1263.11,1268.6,1261.52,1265.2,27288.0141
2022-12-10 04:00:00,1265.2,1266.67,1262.55,1264.57,15929.5889
2022-12-10 08:00:00,1264.58,1267.67,1259.6,1266.18,26684.8089
2022-12-10 12:00:00,1266.19,1279.26,1263.61,1278.26,46724.0712
2022-12-10 16:00:00,1278.26,1283.61,1266.48,1272.2,39801.9138
2022-12-10 20:00:00,1272.21,1273.68,1261.95,1266.35,25850.2427
2022-12-11 00:00:00,1266.35,1273.37,1265.4,1272.68,20583.556
2022-12-11 04:00:00,1272.67,1278.13,1272.36,1276.49,24072.6232
2022-12-11 08:00:00,1276.49,1277.17,1270.82,1273.45,17478.1676
2022-12-11 12:00:00,1273.44,1275.98,1269.1,1273.38,22179.8749
2022-12-11 16:00:00,1273.38,1284.75,1271.0,1274.39,40624.2311
2022-12-11 20:00:00,1274.38,1274.39,1255.85,1263.01,55556.4492
2022-12-12 00:00:00,1263.0,1263.01,1240.55,1243.83,96732.6584
2022-12-12 04:00:00,1243.83,1247.86,1240.03,1246.46,39637.4607
2022-12-12 08:00:00,1246.45,1257.29,1242.02,1254.4,49979.9331
2022-12-12 12:00:00,1254.4,1256.46,1243.58,1249.35,59850.2935
2022-12-12 16:00:00,1249.34,1255.94,1248.72,1254.58,35497.4915
2022-12-12 20:00:00,1254.57,1278.9,1253.72,1275.4,82052.7109
2022-12-13 00:00:00,1275.41,1278.47,1265.84,1269.65,41158.8933
2022-12-13 04:00:00,1269.64,1275.2,1255.1,1266.41,76207.0819
2022-12-13 08:00:00,1266.42,1290.0,1264.01,1286.93,127212.8297
2022-12-13 12:00:00,1286.92,1349.0,1286.53,1323.78,280950.6387
2022-12-13 16:00:00,1323.78,1328.93,1305.17,1316.41,92265.4801
2022-12-13 20:00:00,1316.41,1323.67,1311.61,1320.69,41598.9588
2022-12-14 00:00:00,1320.69,1327.0,1317.35,1319.79,44978.8938
2022-12-14 04:00:00,1319.78,1325.09,1315.72,1322.5,36196.1124
2022-12-14 08:00:00,1322.51,1329.0,1319.32,1326.49,45699.7231
2022-12-14 12:00:00,1326.5,1344.51,1324.76,1338.32,115294.6346
2022-12-14 16:00:00,1338.31,1352.72,1301.0,1307.54,245034.6102
2022-12-14 20:00:00,1307.54,1318.49,1301.16,1307.44,67261.5976
2022-12-15 00:00:00,1307.45,1311.14,1281.12,1292.04,90697.0721
2022-12-15 04:00:00,1292.05,1292.64,1286.75,1287.27,32432.3273
2022-12-15 08:00:00,1287.26,1291.35,1282.79,1291.27,41951.0634
2022-12-15 12:00:00,1291.28,1291.28,1263.44,1270.32,112089.6304
2022-12-15 16:00:00,1270.31,1276.07,1264.76,1275.04,60828.5096
2022-12-15 20:00:00,1275.03,1275.49,1259.27,1266.54,52052.6419
2022-12-16 00:00:00,1266.53,1273.87,1265.65,1271.79,30822.464
2022-12-16 04:00:00,1271.78,1280.06,1267.13,1277.77,31886.4981
2022-12-16 08:00:00,1277.77,1279.27,1205.5,1212.83,223337.3695
2022-12-16 12:00:00,1212.84,1218.23,1195.04,1203.63,139890.4411
2022-12-16 16:00:00,1203.64,1204.58,1183.37,1202.5,128099.8937
2022-12-16 20:00:00,1202.5,1211.99,1155.32,1166.83,197385.6115
2022-12-17 00:00:00,1166.82,1179.27,1161.92,1175.3,84729.0128
2022-12-17 04:00:00,1175.3,1185.46,1173.48,1183.72,79310.9172
2022-12-17 08:00:00,1183.71,1188.62,1173.89,1180.05,48341.1195
2022-12-17 12:00:00,1180.05,1182.68,1174.19,1180.09,47135.6248
2022-12-17 16:00:00,1180.09,1180.1,1171.36,1176.79,32072.3402
2022-12-17 20:00:00,1176.79,1190.03,1175.39,1187.16,37292.6136
2022-12-18 00:00:00,1187.16,1188.8,1180.32,1187.54,24539.4972
2022-12-18 04:00:00,1187.55,1199.54,1183.16,1186.89,51568.4862
2022-12-18 08:00:00,1186.89,1188.4,1170.32,1182.28,51788.8227
2022-12-18 12:00:00,1182.27,1183.96,1173.39,1174.39,39943.87
2022-12-18 16:00:00,1174.39,1191.08,1173.76,1183.56,44442.1201
2022-12-18 20:00:00,1183.55,1194.5,1180.64,1183.06,39977.3478
2022-12-19 00:00:00,1183.06,1195.0,1174.0,1179.27,53884.8013
2022-12-19 04:00:00,1179.27,1184.41,1177.62,1179.86,26246.1013
2022-12-19 08:00:00,1179.86,1188.38,1179.16,1183.28,31345.8323
2022-12-19 12:00:00,1183.27,1189.54,1177.56,1179.79,43939.2757
2022-12-19 16:00:00,1179.8,1182.21,1164.98,1170.8,71135.6417
2022-12-19 20:00:00,1170.79,1181.34,1150.51,1167.82,70281.0705
2022-12-20 00:00:00,1167.82,1198.96,1163.12,1192.57,110538.5552
2022-12-20 04:00:00,1192.57,1215.28,1190.68,1208.31,84905.4779
2022-12-20 08:00:00,1208.31,1219.08,1205.91,1212.31,58594.5601
2022-12-20 12:00:00,1212.31,1230.47,1204.16,1217.04,114896.9698
2022-12-20 16:00:00,1217.05,1218.58,1198.2,1216.78,59608.7665
2022-12-20 20:00:00,1216.79,1221.0,1211.59,1216.94,36639.8648
2022-12-21 00:00:00,1216.95,1218.96,1205.93,1210.53,36700.3971
2022-12-21 04:00:00,1210.52,1214.08,1203.02,1210.93,50021.1448
2022-12-21 08:00:00,1210.93,1219.17,1207.46,1216.61,37728.0833
2022-12-21 12:00:00,1216.62,1223.39,1205.16,1215.6,58492.3241
2022-12-21 16:00:00,1215.6,1216.11,1206.42,1208.58,35429.8052
2022-12-21 20:00:00,1208.59,1215.07,1207.05,1213.78,27352.0832
2022-12-22 00:00:00,1213.78,1218.21,1211.83,1214.81,23272.577
2022-12-22 04:00:00,1214.8,1215.05,1209.52,1213.86,29859.4012
2022-12-22 08:00:00,1213.86,1221.63,1212.11,1217.49,42310.86
2022-12-22 12:00:00,1217.49,1218.56,1184.21,1186.59,109199.6318
2022-12-22 16:00:00,1186.58,1194.92,1182.54,1194.91,44390.4141
2022-12-22 20:00:00,1194.92,1237.99,1194.08,1217.71,87728.7757
2022-12-23 00:00:00,1217.72,1229.35,1214.74,1223.99,40644.9047
2022-12-23 04:00:00,1223.98,1225.18,1219.76,1221.84,30091.0725
2022-12-23 08:00:00,1221.84,1226.37,1215.78,1223.0,44859.7204
2022-12-23 12:00:00,1222.99,1231.99,1210.0,1219.15,115923.6929
2022-12-23 16:00:00,1219.15,1221.21,1216.04,1219.98,24245.3792
2022-12-23 20:00:00,1219.99,1222.49,1216.92,1219.99,22839.5185
2022-12-24 00:00:00,1219.98,1221.2,1215.15,1218.83,17936.9689
2022-12-24 04:00:00,1218.84,1220.97,1214.69,1220.44,19885.8383
2022-12-24 08:00:00,1220.45,1221.01,1216.79,1219.54,22114.73
2022-12-24 12:00:00,1219.54,1219.54,1217.78,1219.15,13117.4503
2022-12-24 16:00:00,1219.14,1227.99,1217.63,1223.6,28334.1826
2022-12-24 20:00:00,1223.6,1223.87,1218.02,1220.41,22312.36
2022-12-25 00:00:00,1220.42,1224.31,1219.77,1221.37,12598.4076
2022-12-25 04:00:00,1221.36,1221.37,1215.69,1219.8,17578.2895
2022-12-25 08:00:00,1219.81,1222.34,1217.34,1217.54,19000.024
2022-12-25 12:00:00,1217.55,1219.07,1193.18,1210.91,79161.2508
2022-12-25 16:00:00,1210.91,1212.68,1195.22,1209.51,47312.4905
2022-12-25 20:00:00,1209.52,1225.0,1204.15,1218.51,56001.5988
2022-12-26 00:00:00,1218.52,1224.2,1216.81,1220.91,27108.2607
2022-12-26 04:00:00,1220.92,1223.43,1218.12,1220.69,21175.6551
2022-12-26 08:00:00,1220.68,1223.06,1218.23,1220.42,21601.2534
2022-12-26 12:00:00,1220.42,1220.82,1211.67,1215.37,35298.8383
2022-12-26 16:00:00,1215.38,1220.66,1212.79,1217.52,23705.9369
2022-12-26 20:00:00,1217.53,1231.09,1215.54,1228.11,33833.1413
2022-12-27 00:00:00,1228.12,1233.73,1221.7,1223.69,45237.5572
2022-12-27 04:00:00,1223.7,1224.7,1220.66,1222.16,20513.9954
2022-12-27 08:00:00,1222.16,1223.51,1215.0,1219.38,42744.3644
2022-12-27 12:00:00,1219.38,1219.44,1205.25,1211.22,75987.0943
2022-12-27 16:00:00,1211.22,1212.95,1200.58,1211.1,52760.5345
2022-12-27 20:00:00,1211.11,1214.41,1208.49,1211.55,25194.094
2022-12-28 00:00:00,1211.55,1215.78,1186.69,1197.72,80961.0372
2022-12-28 04:00:00,1197.72,1199.78,1188.5,1194.59,44280.3607
2022-12-28 08:00:00,1194.58,1198.32,1193.8,1196.3,30039.5608
2022-12-28 12:00:00,1196.31,1208.15,1186.32,1189.24,98285.3978
2022-12-28 16:00:00,1189.23,1201.01,1187.9,1193.04,45317.1992
2022-12-28 20:00:00,1193.05,1195.06,1181.06,1190.15,68945.3357
2022-12-29 00:00:00,1190.15,1195.45,1186.77,1194.95,49260.903
2022-12-29 04:00:00,1194.96,1199.0,1192.12,1194.97,27040.7829
2022-12-29 08:00:00,1194.96,1202.99,1190.19,1198.84,40401.1367
2022-12-29 12:00:00,1198.84,1206.57,1197.71,1201.17,52580.0513
2022-12-29 16:00:00,1201.18,1202.9,1195.03,1198.44,35568.3716
2022-12-29 20:00:00,1198.44,1204.18,1191.48,1200.49,44279.2414
2022-12-30 00:00:00,1200.48,1202.15,1195.18,1197.59,29084.281
2022-12-30 04:00:00,1197.59,1197.99,1184.59,1188.26,65018.7448
2022-12-30 08:00:00,1188.26,1194.84,1188.16,1190.7,35878.8287
2022-12-30 12:00:00,1190.69,1198.71,1181.08,1195.07,72423.6937
2022-12-30 16:00:00,1195.07,1198.3,1192.77,1194.89,25877.8942
2022-12-30 20:00:00,1194.88,1201.63,1194.88,1199.99,37730.7691
2022-12-31 00:00:00,1199.98,1200.49,1193.83,1194.42,17265.6303
2022-12-31 04:00:00,1194.42,1197.26,1191.66,1196.84,16420.725
2022-12-31 08:00:00,1196.84,1200.23,1195.55,1197.2,19335.5874
2022-12-31 12:00:00,1197.2,1208.46,1196.0,1202.86,40840.1918
2022-12-31 16:00:00,1202.85,1205.61,1198.9,1202.65,22617.4018
2022-12-31 20:00:00,1202.66,1203.71,1193.08,1196.13,22899.7448
2023-01-01 00:00:00,1196.13,1196.74,1191.71,1194.04,20292.0602
2023-01-01 04:00:00,1194.05,1195.75,1190.57,1195.06,18654.4594
2023-01-01 08:00:00,1195.07,1197.41,1193.98,1196.34,10749.1851
2023-01-01 12:00:00,1196.35,1198.5,1193.54,1196.81,15490.8573
2023-01-01 16:00:00,1196.81,1204.51,1195.88,1201.78,31016.5151
2023-01-01 20:00:00,1201.77,1204.67,1199.36,1200.34,21558.9914
2023-01-02 00:00:00,1200.33,1203.53,1193.0,1201.94,32154.2478
2023-01-02 04:00:00,1201.94,1220.0,1199.87,1213.09,66008.5222
2023-01-02 08:00:00,1213.08,1224.29,1212.74,1217.35,66284.4263
2023-01-02 12:00:00,1217.35,1220.98,1214.04,1219.0,36928.9083
2023-01-02 16:00:00,1219.0,1220.29,1215.74,1218.87,19161.1508
2023-01-02 20:00:00,1218.88,1223.85,1211.22,1214.0,32256.8846
2023-01-03 00:00:00,1213.99,1216.81,1211.5,1215.59,24749.0492
2023-01-03 04:00:00,1215.58,1219.89,1213.41,1216.61,21528.6796
2023-01-03 08:00:00,1216.61,1218.57,1213.99,1214.98,29878.862
2023-01-03 12:00:00,1214.98,1219.24,1206.0,1211.76,58325.5432
2023-01-03 16:00:00,1211.77,1212.76,1204.93,1209.5,34435.0998
2023-01-03 20:00:00,1209.51,1216.39,1209.44,1214.55,36602.2606
2023-01-04 00:00:00,1214.56,1254.96,1212.71,1250.74,139538.0914
2023-01-04 04:00:00,1250.73,1254.54,1247.3,1252.0,68736.3706
2023-01-04 08:00:00,1252.0,1264.0,1248.59,1251.58,46922.3247
2023-01-04 12:00:00,1251.59,1258.09,1241.89,1255.88,71909.5254
2023-01-04 16:00:00,1255.89,1272.6,1251.12,1254.38,94491.386
2023-01-04 20:00:00,1254.39,1257.7,1245.44,1256.9,36201.9667
2023-01-05 00:00:00,1256.91,1259.95,1252.19,1252.77,44218.6322
2023-01-05 04:00:00,1252.77,1255.0,1247.48,1251.03,39603.8474
2023-01-05 08:00:00,1251.03,1256.14,1245.3,1255.91,51362.3283
2023-01-05 12:00:00,1255.9,1256.01,1242.81,1249.11,74344.8435
2023-01-05 16:00:00,1249.11,1254.98,1246.71,1253.62,27613.9471
2023-01-05 20:00:00,1253.62,1254.31,1248.19,1251.24,35661.7315
2023-01-06 00:00:00,1251.25,1257.98,1248.17,1251.02,36134.6253
2023-01-06 04:00:00,1251.01,1252.3,1246.0,1247.7,36517.4347
2023-01-06 08:00:00,1247.69,1250.0,1237.98,1243.4,43029.3828
2023-01-06 12:00:00,1243.4,1265.0,1236.0,1263.01,115164.3871
2023-01-06 16:00:00,1263.01,1276.7,1260.22,1273.13,74675.9477
2023-01-06 20:00:00,1273.12,1276.36,1265.17,1269.14,36822.4247
2023-01-07 00:00:00,1269.13,1271.09,1265.22,1266.54,20304.6899
2023-01-07 04:00:00,1266.53,1267.0,1262.24,1266.8,19896.1791
2023-01-07 08:00:00,1266.8,1267.11,1262.89,1263.79,20714.8241
2023-01-07 12:00:00,1263.79,1265.76,1261.3,1265.07,20223.1474
2023-01-07 16:00:00,1265.07,1266.0,1261.87,1265.38,14637.7041
2023-01-07 20:00:00,1265.39,1266.61,1261.87,1264.07,33697.7438
2023-01-08 00:00:00,1264.06,1264.61,1257.77,1262.84,30603.3252
2023-01-08 04:00:00,1262.84,1264.55,1262.2,1263.64,9805.3628
2023-01-08 08:00:00,1263.65,1266.22,1261.65,1261.67,19946.6609
2023-01-08 12:00:00,1261.68,1275.54,1261.27,1274.25,32142.49
2023-01-08 16:00:00,1274.25,1280.0,1261.91,1265.09,40483.9396
2023-01-08 20:00:00,1265.09,1296.0,1264.39,1290.16,80655.0063
2023-01-09 00:00:00,1290.15,1313.61,1285.44,1310.37,152374.4224
2023-01-09 04:00:00,1310.37,1314.73,1307.58,1311.92,60588.9468
2023-01-09 08:00:00,1311.93,1327.5,1308.34,1318.27,93762.7738
2023-01-09 12:00:00,1318.28,1341.86,1315.44,1335.68,113559.729
2023-01-09 16:00:00,1335.69,1344.91,1330.11,1330.12,94295.3534
2023-01-09 20:00:00,1330.11,1331.62,1315.08,1320.39,67146.4714
2023-01-10 00:00:00,1320.4,1329.45,1316.8,1324.71,86084.1504
2023-01-10 04:00:00,1324.71,1328.68,1322.49,1323.23,70803.2399
2023-01-10 08:00:00,1323.22,1334.73,1321.7,1329.32,53075.2166
2023-01-10 12:00:00,1329.32,1340.9,1323.07,1333.97,90717.9053
2023-01-10 16:00:00,1333.97,1344.04,1328.0,1339.48,94451.0665
2023-01-10 20:00:00,1339.48,1347.69,1333.8,1335.62,64528.652
2023-01-11 00:00:00,1335.63,1341.5,1327.29,1331.07,60339.7436
2023-01-11 04:00:00,1331.07,1335.7,1327.19,1335.52,41489.9617
2023-01-11 08:00:00,1335.53,1338.2,1331.39,1336.45,41252.3676
2023-01-11 12:00:00,1336.44,1336.45,1321.04,1323.04,59602.2869
2023-01-11 16:00:00,1323.05,1345.0,1321.86,1342.92,83148.8081
2023-01-11 20:00:00,1342.91,1398.0,1339.43,1389.39,186632.7877
2023-01-12 00:00:00,1389.4,1418.77,1386.0,1400.99,197850.4438
2023-01-12 04:00:00,1400.99,1405.12,1393.45,1398.45,69844.9954
2023-01-12 08:00:00,1398.44,1403.11,1394.86,1397.78,81416.3452
2023-01-12 12:00:00,1397.78,1408.0,1361.92,1386.07,254028.2723
2023-01-12 16:00:00,1386.07,1437.6,1383.25,1425.86,178938.8557
2023-01-12 20:00:00,1425.86,1438.0,1414.06,1415.92,95633.5368
2023-01-13 00:00:00,1415.91,1418.14,1401.03,1415.01,79837.8118
2023-01-13 04:00:00,1415.0,1415.64,1405.4,1408.12,34175.0075
2023-01-13 08:00:00,1408.11,1419.5,1404.0,1409.71,68242.215
2023-01-13 12:00:00,1409.71,1424.48,1401.61,1421.98,85384.1463
2023-01-13 16:00:00,1421.98,1425.28,1406.96,1420.23,84526.8179
2023-01-13 20:00:00,1420.23,1464.0,1417.35,1451.2,147211.8664
2023-01-14 00:00:00,1451.21,1599.98,1449.14,1556.08,366877.6818
2023-01-14 04:00:00,1556.08,1557.62,1541.28,1553.43,94028.4335
2023-01-14 08:00:00,1553.43,1564.69,1503.34,1530.09,202259.8239
2023-01-14 12:00:00,1530.08,1546.88,1507.15,1525.18,151341.1521
2023-01-14 16:00:00,1525.19,1538.2,1523.18,1529.49,69728.5418
2023-01-14 20:00:00,1529.49,1559.91,1527.12,1549.9,56456.1443
2023-01-15 00:00:00,1549.91,1552.22,1516.03,1525.4,86113.6232
2023-01-15 04:00:00,1525.4,1530.25,1521.54,1529.16,27575.1463
2023-01-15 08:00:00,1529.16,1535.04,1518.76,1533.35,55517.1734
2023-01-15 12:00:00,1533.36,1560.16,1528.93,1556.35,74621.4045
2023-01-15 16:00:00,1556.35,1566.66,1533.0,1550.15,103013.8094
2023-01-15 20:00:00,1550.14,1560.93,1542.29,1552.52,40991.557
2023-01-16 00:00:00,1552.52,1584.58,1540.54,1569.19,127804.625
2023-01-16 04:00:00,1569.19,1578.54,1562.25,1565.95,64318.8813
2023-01-16 08:00:00,1565.96,1566.25,1523.2,1542.32,97848.0626
2023-01-16 12:00:00,1542.31,1553.38,1521.31,1549.97,89195.2216
2023-01-16 16:00:00,1549.97,1604.5,1545.71,1591.23,118760.1296
2023-01-16 20:00:00,1591.22,1599.26,1572.95,1576.94,76695.9752
2023-01-17 00:00:00,1576.94,1582.6,1541.15,1563.59,93745.183
2023-01-17 04:00:00,1563.59,1577.55,1558.16,1563.35,42850.0712
2023-01-17 08:00:00,1563.35,1572.03,1558.2,1569.07,47569.9673
2023-01-17 12:00:00,1569.08,1609.0,1560.97,1571.4,181172.1767
2023-01-17 16:00:00,1571.41,1599.14,1565.0,1588.85,87978.2339
2023-01-17 20:00:00,1588.86,1592.64,1563.69,1565.57,53456.0898
2023-01-18 00:00:00,1565.56,1592.01,1562.93,1582.01,72696.9906
2023-01-18 04:00:00,1582.0,1588.72,1578.86,1583.14,48192.2009
2023-01-18 08:00:00,1583.14,1583.77,1570.67,1575.9,50015.5475
2023-01-18 12:00:00,1575.9,1610.0,1533.02,1549.75,231844.5513
2023-01-18 16:00:00,1549.63,1566.88,1501.39,1541.96,271354.3553
2023-01-18 20:00:00,1541.96,1544.78,1507.9,1511.43,78431.2401
2023-01-19 00:00:00,1511.44,1528.0,1509.15,1524.82,44384.0335
2023-01-19 04:00:00,1524.82,1532.5,1524.82,1528.65,23973.4407
2023-01-19 08:00:00,1528.65,1531.64,1516.17,1519.61,35634.261
2023-01-19 12:00:00,1519.6,1547.86,1513.33,1533.09,93954.57
2023-01-19 16:00:00,1533.09,1554.52,1522.65,1551.95,62818.4117
2023-01-19 20:00:00,1551.95,1564.43,1544.27,1551.09,47914.7476
2023-01-20 00:00:00,1551.09,1563.88,1545.51,1554.54,35353.6363
2023-01-20 04:00:00,1554.55,1556.66,1542.02,1550.33,39956.0861
2023-01-20 08:00:00,1550.32,1555.85,1545.26,1549.49,36014.1284
2023-01-20 12:00:00,1549.48,1569.9,1549.02,1563.69,55431.9961
2023-01-20 16:00:00,1563.69,1601.53,1561.61,1600.49,107459.9806
2023-01-20 20:00:00,1600.49,1669.9,1600.48,1658.52,166355.1699
2023-01-21 00:00:00,1658.53,1676.61,1642.6,1648.8,83760.1883
2023-01-21 04:00:00,1648.81,1654.92,1645.04,1651.19,35708.0895
2023-01-21 08:00:00,1651.2,1679.26,1616.21,1647.04,163142.8732
2023-01-21 12:00:00,1647.04,1667.29,1643.29,1647.26,81077.8213
2023-01-21 16:00:00,1647.27,1668.88,1645.84,1663.19,60480.18
2023-01-21 20:00:00,1663.18,1667.97,1622.09,1626.66,70079.4486
2023-01-22 00:00:00,1626.65,1636.49,1604.0,1622.5,66559.4086
2023-01-22 04:00:00,1622.51,1631.15,1620.77,1627.08,41253.7608
2023-01-22 08:00:00,1627.07,1631.85,1618.47,1624.57,48766.0259
2023-01-22 12:00:00,1624.57,1650.51,1617.54,1635.51,97096.8894
2023-01-22 16:00:00,1635.5,1663.89,1629.61,1635.1,78374.6576
2023-01-22 20:00:00,1635.11,1636.34,1607.06,1627.44,99678.9486
2023-01-23 00:00:00,1627.43,1642.58,1625.68,1630.41,49293.585
2023-01-23 04:00:00,1630.41,1638.0,1627.88,1633.3,34571.3836
2023-01-23 08:00:00,1633.31,1640.0,1630.3,1636.67,41781.9039
2023-01-23 12:00:00,1636.66,1648.09,1585.29,1620.85,146655.2153
2023-01-23 16:00:00,1620.84,1640.49,1610.04,1619.88,96326.615
2023-01-23 20:00:00,1619.89,1635.75,1618.65,1626.29,38638.4128
2023-01-24 00:00:00,1626.28,1641.46,1622.8,1639.01,48038.2925
2023-01-24 04:00:00,1639.02,1640.78,1633.25,1635.77,37018.3382
2023-01-24 08:00:00,1635.77,1637.28,1614.39,1625.6,65525.1506
2023-01-24 12:00:00,1625.59,1632.12,1604.0,1620.58,87666.0861
2023-01-24 16:00:00,1620.57,1624.31,1606.48,1622.41,55114.1003
2023-01-24 20:00:00,1622.42,1624.45,1535.0,1555.97,168913.3566
2023-01-25 00:00:00,1555.97,1557.0,1518.0,1546.63,135818.9948
2023-01-25 04:00:00,1546.63,1558.91,1545.2,1553.81,50024.0799
2023-01-25 08:00:00,1553.82,1556.8,1538.59,1545.49,57062.7222
2023-01-25 12:00:00,1545.5,1566.58,1525.0,1543.95,129267.8692
2023-01-25 16:00:00,1543.95,1562.18,1541.39,1561.48,61308.4279
2023-01-25 20:00:00,1561.49,1641.0,1561.48,1611.94,212992.8226
2023-01-26 00:00:00,1611.95,1632.84,1610.14,1614.87,87545.7972
2023-01-26 04:00:00,1614.87,1621.9,1597.3,1604.68,83638.5053
2023-01-26 08:00:00,1604.69,1610.45,1590.0,1604.33,66723.6521
2023-01-26 12:00:00,1604.33,1621.06,1584.12,1589.79,167389.2157
2023-01-26 16:00:00,1589.71,1607.27,1577.43,1603.77,75532.7685
2023-01-26 20:00:00,1603.78,1611.26,1594.38,1601.09,51947.9078
2023-01-27 00:00:00,1601.08,1606.53,1552.54,1565.73,138443.5824
2023-01-27 04:00:00,1565.74,1589.9,1563.08,1585.4,57728.6346
2023-01-27 08:00:00,1585.4,1586.06,1573.33,1578.84,44895.7526
2023-01-27 12:00:00,1578.84,1594.55,1561.0,1574.86,109611.9593
2023-01-27 16:00:00,1574.86,1611.79,1573.98,1609.7,81893.9082
2023-01-27 20:00:00,1609.7,1621.0,1586.75,1597.62,79519.5504
2023-01-28 00:00:00,1597.61,1606.83,1592.49,1598.96,43914.0457
2023-01-28 04:00:00,1598.96,1603.39,1585.81,1592.68,38368.729
2023-01-28 08:00:00,1592.68,1594.0,1578.63,1586.18,52293.1251
2023-01-28 12:00:00,1586.19,1586.19,1561.76,1578.43,96820.7641
2023-01-28 16:00:00,1578.42,1580.55,1569.69,1577.12,33277.803
2023-01-28 20:00:00,1577.12,1577.59,1555.99,1572.1,49001.1905
2023-01-29 00:00:00,1572.1,1618.99,1566.33,1594.36,128896.1779
2023-01-29 04:00:00,1594.36,1599.39,1588.45,1592.58,31529.0588
2023-01-29 08:00:00,1592.59,1619.79,1588.97,1609.08,86101.0116
2023-01-29 12:00:00,1609.08,1626.64,1603.52,1611.44,84247.4996
2023-01-29 16:00:00,1611.44,1660.0,1605.46,1653.86,138764.8587
2023-01-29 20:00:00,1653.86,1655.37,1627.57,1644.72,82229.3068
2023-01-30 00:00:00,1644.73,1647.53,1631.48,1637.98,59988.6404
2023-01-30 04:00:00,1637.97,1641.37,1621.8,1627.45,45983.8463
2023-01-30 08:00:00,1627.44,1630.11,1577.0,1581.55,178527.6324
2023-01-30 12:00:00,1581.55,1597.03,1567.68,1585.18,116663.7369
2023-01-30 16:00:00,1585.18,1590.46,1535.0,1554.24,117753.3279
2023-01-30 20:00:00,1554.25,1567.87,1536.84,1566.2,76138.1442
2023-01-31 00:00:00,1566.21,1576.2,1561.82,1568.87,57990.4165
2023-01-31 04:00:00,1568.87,1581.08,1561.63,1580.04,48459.5084
2023-01-31 08:00:00,1580.03,1583.98,1565.82,1570.91,42392.7065
2023-01-31 12:00:00,1570.91,1596.13,1570.9,1588.99,79887.4742
2023-01-31 16:00:00,1589.0,1605.18,1586.97,1597.34,48827.9726
2023-01-31 20:00:00,1597.34,1600.77,1564.02,1585.33,71298.5969
2023-02-01 00:00:00,1585.32,1592.94,1576.43,1584.61,47072.9126
2023-02-01 04:00:00,1584.62,1585.7,1569.67,1575.36,35080.6863
2023-02-01 08:00:00,1575.37,1583.68,1566.24,1580.87,45956.6822
2023-02-01 12:00:00,1580.87,1589.8,1572.13,1575.53,65048.6042
2023-02-01 16:00:00,1575.53,1627.06,1555.18,1617.48,156430.7014
2023-02-01 20:00:00,1617.47,1647.77,1613.63,1641.68,125027.5842
2023-02-02 00:00:00,1641.67,1696.38,1639.32,1671.13,152356.3293
2023-02-02 04:00:00,1671.13,1676.76,1660.17,1664.21,56920.8668
2023-02-02 08:00:00,1664.21,1674.76,1662.13,1671.99,43598.3364
2023-02-02 12:00:00,1671.98,1690.0,1650.0,1678.14,138740.9718
2023-02-02 16:00:00,1678.15,1714.68,1666.21,1675.15,129916.0065
2023-02-02 20:00:00,1675.14,1686.3,1626.85,1643.12,107656.3766
2023-02-03 00:00:00,1643.12,1650.43,1630.67,1642.17,58931.9128
2023-02-03 04:00:00,1642.17,1647.24,1636.07,1637.49,43227.7897
2023-02-03 08:00:00,1637.5,1650.83,1629.96,1649.2,48770.2062
2023-02-03 12:00:00,1649.2,1675.0,1625.93,1663.93,196967.2599
2023-02-03 16:00:00,1663.93,1676.0,1650.74,1652.91,74883.0824
2023-02-03 20:00:00,1652.9,1672.13,1642.4,1663.52,42034.781
2023-02-04 00:00:00,1663.52,1665.95,1650.0,1654.36,40869.0458
2023-02-04 04:00:00,1654.37,1660.0,1645.43,1658.17,32396.6649
2023-02-04 08:00:00,1658.17,1662.73,1651.39,1661.92,41122.4928
2023-02-04 12:00:00,1661.92,1695.29,1660.74,1679.97,97898.1066
2023-02-04 16:00:00,1679.97,1685.46,1672.32,1675.93,41699.4712
2023-02-04 20:00:00,1675.92,1689.0,1658.53,1666.38,54241.3482
2023-02-05 00:00:00,1666.39,1671.0,1656.68,1660.7,53870.5984
2023-02-05 04:00:00,1660.69,1671.2,1659.35,1668.14,30797.5803
2023-02-05 08:00:00,1668.15,1673.81,1660.86,1662.6,35024.2264
2023-02-05 12:00:00,1662.6,1664.58,1635.93,1644.18,118585.9148
2023-02-05 16:00:00,1644.18,1647.45,1609.3,1619.48,124909.5187
2023-02-05 20:00:00,1619.48,1639.6,1611.8,1629.02,50391.8362
2023-02-06 00:00:00,1629.01,1642.53,1617.85,1626.6,49349.3505
2023-02-06 04:00:00,1626.6,1635.69,1608.53,1635.41,58408.6268
2023-02-06 08:00:00,1635.41,1637.89,1622.45,1634.81,54930.3228
2023-02-06 12:00:00,1634.81,1649.3,1619.86,1649.01,80008.4692
2023-02-06 16:00:00,1649.0,1658.56,1639.81,1648.29,70038.9336
2023-02-06 20:00:00,1648.3,1649.34,1605.01,1614.29,71383.7168
2023-02-07 00:00:00,1614.28,1635.27,1613.14,1633.47,48943.1609
2023-02-07 04:00:00,1633.46,1638.06,1631.06,1632.29,42464.565
2023-02-07 08:00:00,1632.3,1647.87,1628.84,1640.71,62573.2993
2023-02-07 12:00:00,1640.71,1644.92,1626.63,1630.59,56353.3535
2023-02-07 16:00:00,1630.58,1678.37,1624.39,1656.35,167906.2309
2023-02-07 20:00:00,1656.34,1677.82,1650.56,1671.03,73681.7904
2023-02-08 00:00:00,1671.03,1697.91,1668.08,1680.97,87471.6302
2023-02-08 04:00:00,1680.97,1682.94,1671.93,1677.67,36816.012
2023-02-08 08:00:00,1677.67,1677.91,1667.9,1673.9,45690.4287
2023-02-08 12:00:00,1673.9,1681.98,1649.51,1653.08,100371.9502
2023-02-08 16:00:00,1653.08,1660.0,1630.47,1647.69,106521.5395
2023-02-08 20:00:00,1647.69,1656.1,1637.76,1650.43,41094.6933
2023-02-09 00:00:00,1650.42,1656.17,1608.8,1619.05,141939.1224
2023-02-09 04:00:00,1619.05,1636.65,1610.22,1629.87,70568.6349
2023-02-09 08:00:00,1629.88,1640.24,1629.87,1633.15,37754.6443
2023-02-09 12:00:00,1633.16,1649.24,1625.7,1632.08,69181.5061
2023-02-09 16:00:00,1632.07,1633.67,1560.47,1579.81,160350.0742
2023-02-09 20:00:00,1579.8,1582.45,1524.4,1545.35,178217.7145
2023-02-10 00:00:00,1545.35,1555.01,1541.8,1543.22,82716.8675
2023-02-10 04:00:00,1543.23,1552.88,1529.36,1551.7,71259.2263
2023-02-10 08:00:00,1551.7,1554.46,1534.04,1537.03,51695.2483
2023-02-10 12:00:00,1537.04,1548.01,1506.0,1522.36,95651.2501
2023-02-10 16:00:00,1522.35,1539.19,1514.62,1534.28,95043.3294
2023-02-10 20:00:00,1534.29,1535.39,1490.0,1513.06,88288.2983
2023-02-11 00:00:00,1513.05,1523.58,1507.53,1520.38,49102.8351
2023-02-11 04:00:00,1520.38,1523.29,1514.96,1520.81,24378.857
2023-02-11 08:00:00,1520.8,1526.8,1515.0,1520.16,70128.8231
2023-02-11 12:00:00,1520.16,1526.71,1515.0,1522.83,47354.6365
2023-02-11 16:00:00,1522.83,1522.99,1505.0,1518.58,44555.4125
2023-02-11 20:00:00,1518.58,1543.0,1516.65,1538.51,54171.0066
2023-02-12 00:00:00,1538.5,1539.27,1530.05,1531.15,28969.1358
2023-02-12 04:00:00,1531.15,1534.56,1528.97,1530.83,19762.6742
2023-02-12 08:00:00,1530.84,1540.06,1530.83,1533.48,30285.5587
2023-02-12 12:00:00,1533.47,1541.0,1521.12,1536.09,57057.7624
2023-02-12 16:00:00,1536.09,1548.02,1534.23,1539.23,54560.353
2023-02-12 20:00:00,1539.23,1541.96,1493.08,1514.83,96122.8899
2023-02-13 00:00:00,1514.82,1524.62,1496.67,1516.81,83792.8908
2023-02-13 04:00:00,1516.82,1526.1,1516.02,1522.39,47546.0944
2023-02-13 08:00:00,1522.39,1522.83,1466.0,1486.07,234692.6663
2023-02-13 12:00:00,1486.07,1491.89,1475.4,1475.71,99489.7265
2023-02-13 16:00:00,1475.71,1493.91,1461.93,1490.78,112485.4779
2023-02-13 20:00:00,1490.78,1510.43,1482.18,1505.24,65145.5345
2023-02-14 00:00:00,1505.25,1508.72,1494.09,1498.23,49719.7263
2023-02-14 04:00:00,1498.24,1507.62,1496.81,1506.0,40866.6507
2023-02-14 08:00:00,1506.01,1519.82,1497.09,1507.7,59730.9177
2023-02-14 12:00:00,1507.7,1569.0,1482.66,1544.83,349248.2929
2023-02-14 16:00:00,1544.84,1564.69,1534.02,1560.31,112254.1388
2023-02-14 20:00:00,1560.31,1564.07,1549.3,1555.71,57144.6504
2023-02-15 00:00:00,1555.7,1557.43,1542.55,1549.22,45473.5936
2023-02-15 04:00:00,1549.22,1552.09,1544.65,1547.56,33276.874
2023-02-15 08:00:00,1547.56,1580.0,1544.5,1572.26,72855.7368
2023-02-15 12:00:00,1572.26,1593.67,1566.86,1579.5,165174.8506
2023-02-15 16:00:00,1579.5,1629.32,1573.47,1628.54,118580.7072
2023-02-15 20:00:00,1628.54,1680.0,1624.25,1674.92,145846.0964
2023-02-16 00:00:00,1674.92,1712.24,1672.53,1691.42,143365.1322
2023-02-16 04:00:00,1691.41,1697.51,1675.0,1681.89,98041.4638
2023-02-16 08:00:00,1681.9,1692.62,1678.25,1682.82,71321.679
2023-02-16 12:00:00,1682.82,1728.69,1665.24,1724.14,181737.0678
2023-02-16 16:00:00,1724.14,1742.97,1686.76,1710.85,171997.9076
2023-02-16 20:00:00,1710.85,1711.11,1633.72,1637.84,166260.4227
2023-02-17 00:00:00,1637.83,1670.05,1630.51,1663.77,94217.8133
2023-02-17 04:00:00,1663.77,1665.46,1651.67,1653.45,65273.4116
2023-02-17 08:00:00,1653.46,1674.75,1648.4,1666.2,66844.4889
2023-02-17 12:00:00,1666.2,1683.55,1646.09,1673.11,127730.5885
2023-02-17 16:00:00,1673.11,1709.25,1662.27,1706.03,125807.6426
2023-02-17 20:00:00,1706.04,1722.0,1669.72,1693.87,100060.7181
2023-02-18 00:00:00,1693.81,1704.46,1692.14,1699.46,57665.5895
2023-02-18 04:00:00,1699.45,1703.99,1686.11,1690.72,45228.2181
2023-02-18 08:00:00,1690.71,1695.58,1685.69,1691.47,33369.4325
2023-02-18 12:00:00,1691.47,1699.49,1686.64,1695.5,43871.7356
2023-02-18 16:00:00,1695.5,1713.13,1682.8,1687.85,60728.9081
2023-02-18 20:00:00,1687.85,1693.71,1679.77,1691.62,26441.8975
2023-02-19 00:00:00,1691.62,1700.62,1689.5,1695.42,36297.5119
2023-02-19 04:00:00,1695.42,1709.63,1692.19,1693.15,62303.3671
2023-02-19 08:00:00,1693.15,1700.85,1690.8,1695.36,31584.3172
2023-02-19 12:00:00,1695.36,1723.85,1694.42,1711.3,85465.4661
2023-02-19 16:00:00,1711.3,1726.59,1675.96,1684.8,116322.6792
2023-02-19 20:00:00,1684.8,1688.85,1666.14,1679.75,69049.7062
2023-02-20 00:00:00,1679.74,1687.02,1650.56,1684.38,98018.5403
2023-02-20 04:00:00,1684.39,1698.34,1683.64,1695.79,54668.5251
2023-02-20 08:00:00,1695.79,1719.89,1688.5,1713.77,99450.4244
2023-02-20 12:00:00,1713.78,1716.53,1696.97,1707.23,83845.8682
2023-02-20 16:00:00,1707.24,1711.22,1684.32,1709.76,78013.3102
2023-02-20 20:00:00,1709.77,1711.99,1691.77,1703.27,37318.1653
2023-02-21 00:00:00,1703.27,1716.66,1698.06,1703.03,72408.4749
2023-02-21 04:00:00,1703.04,1709.78,1695.01,1704.05,51309.7578
2023-02-21 08:00:00,1704.05,1715.0,1666.17,1669.5,139354.5322
2023-02-21 12:00:00,1669.51,1684.97,1658.74,1671.97,99854.0969
2023-02-21 16:00:00,1671.97,1686.69,1655.46,1672.0,72140.2024
2023-02-21 20:00:00,1672.0,1674.32,1636.3,1659.76,85287.4046
2023-02-22 00:00:00,1659.77,1666.95,1621.59,1649.25,102043.3438
2023-02-22 04:00:00,1649.26,1649.97,1631.31,1643.86,54847.0296
2023-02-22 08:00:00,1643.85,1646.11,1625.01,1644.49,64918.044
2023-02-22 12:00:00,1644.5,1650.62,1604.5,1613.73,123348.2453
2023-02-22 16:00:00,1613.72,1630.0,1595.07,1616.1,127562.793
2023-02-22 20:00:00,1616.1,1645.0,1610.16,1643.14,56156.0252
2023-02-23 00:00:00,1643.15,1679.0,1637.19,1667.44,95468.1237
2023-02-23 04:00:00,1667.44,1671.87,1659.35,1666.7,49501.9457
2023-02-23 08:00:00,1666.7,1673.21,1631.11,1637.48,91923.3626
2023-02-23 12:00:00,1637.49,1671.31,1628.75,1656.0,133931.4052
2023-02-23 16:00:00,1655.99,1661.7,1635.0,1653.13,92018.4265
2023-02-23 20:00:00,1653.14,1658.76,1638.85,1650.53,38462.708
2023-02-24 00:00:00,1650.52,1664.66,1646.04,1649.14,54406.2239
2023-02-24 04:00:00,1649.15,1656.57,1641.08,1651.7,49529.2696
2023-02-24 08:00:00,1651.69,1657.65,1642.6,1647.43,51576.7496
2023-02-24 12:00:00,1647.43,1654.76,1599.43,1602.94,136029.5659
2023-02-24 16:00:00,1602.94,1611.66,1575.64,1610.84,149177.8472
2023-02-24 20:00:00,1610.83,1622.87,1594.0,1607.8,71795.842
2023-02-25 00:00:00,1607.8,1608.98,1595.15,1598.52,39512.1876
2023-02-25 04:00:00,1598.53,1604.37,1593.95,1603.99,35713.541
2023-02-25 08:00:00,1603.99,1607.56,1596.0,1600.05,48107.5707
2023-02-25 12:00:00,1600.05,1603.84,1592.46,1597.06,43575.0461
2023-02-25 16:00:00,1597.06,1600.92,1576.02,1584.61,51407.2802
2023-02-25 20:00:00,1584.62,1597.32,1557.33,1594.58,71872.4135
2023-02-26 00:00:00,1594.58,1606.21,1587.76,1602.75,42470.7038
2023-02-26 04:00:00,1602.75,1603.31,1595.61,1599.84,25524.0311
2023-02-26 08:00:00,1599.85,1607.0,1597.19,1603.9,30366.9846
2023-02-26 12:00:00,1603.9,1614.96,1595.02,1605.09,47306.3226
2023-02-26 16:00:00,1605.09,1636.0,1598.54,1633.11,68158.4265
2023-02-26 20:00:00,1633.12,1651.26,1622.17,1641.36,94781.5255
2023-02-27 00:00:00,1641.37,1650.91,1632.06,1640.67,53773.9233
2023-02-27 04:00:00,1640.68,1641.08,1631.15,1636.33,42094.2049
2023-02-27 08:00:00,1636.32,1643.57,1632.13,1641.23,44713.7861
2023-02-27 12:00:00,1641.24,1665.22,1635.89,1644.26,128296.5284
2023-02-27 16:00:00,1644.27,1646.65,1615.16,1622.12,103806.5865
2023-02-27 20:00:00,1622.12,1636.44,1608.0,1633.45,59176.3837
2023-02-28 00:00:00,1633.45,1636.23,1626.79,1632.89,45361.046
2023-02-28 04:00:00,1632.89,1632.96,1617.87,1619.24,41219.2892
2023-02-28 08:00:00,1619.23,1631.87,1616.34,1629.53,46295.2908
2023-02-28 12:00:00,1629.52,1647.52,1628.81,1641.3,85830.8307
2023-02-28 16:00:00,1641.29,1646.38,1622.46,1628.01,65272.7667
2023-02-28 20:00:00,1628.01,1633.35,1596.66,1605.23,109543.9413
2023-03-01 00:00:00,1605.24,1640.72,1595.0,1638.38,97924.756
2023-03-01 04:00:00,1638.39,1661.56,1635.62,1650.91,86020.33
2023-03-01 08:00:00,1650.91,1669.72,1649.0,1656.33,55572.7014
2023-03-01 12:00:00,1656.33,1669.65,1646.06,1657.47,92830.6415
2023-03-01 16:00:00,1657.46,1660.34,1631.03,1634.79,68263.4578
2023-03-01 20:00:00,1634.79,1666.19,1631.44,1665.22,73844.9368
2023-03-02 00:00:00,1665.23,1677.86,1644.12,1647.94,72136.6238
2023-03-02 04:00:00,1647.95,1651.47,1639.08,1644.22,45754.0072
2023-03-02 08:00:00,1644.21,1648.69,1637.57,1644.49,57593.9354
2023-03-02 12:00:00,1644.49,1645.26,1619.18,1628.31,108333.6961
2023-03-02 16:00:00,1628.31,1652.48,1621.45,1648.48,78007.6497
2023-03-02 20:00:00,1648.47,1658.0,1640.51,1647.86,61197.896
2023-03-03 00:00:00,1647.86,1649.25,1544.39,1565.44,317798.3416
2023-03-03 04:00:00,1565.43,1576.52,1562.39,1568.08,83045.5363
2023-03-03 08:00:00,1568.09,1574.42,1563.91,1564.57,60186.8989
2023-03-03 12:00:00,1564.57,1580.87,1560.56,1566.5,116030.1474
2023-03-03 16:00:00,1566.51,1574.66,1550.75,1565.39,93471.1576
2023-03-03 20:00:00,1565.4,1571.29,1547.21,1569.45,72284.5158
2023-03-04 00:00:00,1569.45,1577.53,1568.19,1570.84,37221.821
2023-03-04 04:00:00,1570.85,1572.91,1562.71,1568.83,29596.5247
2023-03-04 08:00:00,1568.83,1571.23,1566.62,1569.24,25569.6062
2023-03-04 12:00:00,1569.24,1572.12,1561.64,1561.87,33605.2696
2023-03-04 16:00:00,1561.88,1565.64,1557.1,1559.47,39571.3643
2023-03-04 20:00:00,1559.48,1568.67,1549.12,1566.73,72075.6748
2023-03-05 00:00:00,1566.74,1588.77,1553.05,1567.85,97695.9395
2023-03-05 04:00:00,1567.86,1573.57,1567.71,1568.62,23529.6334
2023-03-05 08:00:00,1568.61,1573.07,1564.03,1568.5,32527.5642
2023-03-05 12:00:00,1568.49,1574.31,1568.0,1569.22,35841.2741
2023-03-05 16:00:00,1569.21,1571.91,1563.0,1566.22,33108.2461
2023-03-05 20:00:00,1566.22,1579.45,1556.15,1564.58,76538.0842
2023-03-06 00:00:00,1564.57,1572.8,1556.42,1562.59,60201.2756
2023-03-06 04:00:00,1562.58,1565.41,1554.44,1561.18,31575.8194
2023-03-06 08:00:00,1561.19,1568.42,1557.57,1563.33,38211.2124
2023-03-06 12:00:00,1563.32,1583.49,1561.46,1578.0,69015.8968
2023-03-06 16:00:00,1578.0,1580.83,1563.0,1566.19,55770.249
2023-03-06 20:00:00,1566.19,1572.0,1559.41,1565.84,52934.8479
2023-03-07 00:00:00,1565.84,1584.49,1561.48,1575.1,54423.8281
2023-03-07 04:00:00,1575.1,1576.66,1570.69,1571.35,26185.909
2023-03-07 08:00:00,1571.34,1571.39,1562.34,1563.42,42458.886
2023-03-07 12:00:00,1563.43,1573.0,1536.14,1560.79,154919.3735
2023-03-07 16:00:00,1560.71,1565.61,1547.59,1551.26,78449.7937
2023-03-07 20:00:00,1551.26,1563.98,1543.1,1561.96,81510.1129
2023-03-08 00:00:00,1561.95,1570.89,1557.62,1562.31,45814.9624
2023-03-08 04:00:00,1562.32,1563.48,1548.0,1551.29,51500.1529
2023-03-08 08:00:00,1551.29,1561.91,1549.67,1557.23,43206.7514
2023-03-08 12:00:00,1557.22,1566.02,1541.2,1560.39,134926.9482
2023-03-08 16:00:00,1560.39,1565.25,1548.45,1552.73,56342.0805
2023-03-08 20:00:00,1552.72,1561.29,1523.61,1532.38,128310.8704
2023-03-09 00:00:00,1532.38,1545.0,1531.03,1541.74,54712.5671
2023-03-09 04:00:00,1541.74,1541.82,1536.04,1536.91,35546.9741
2023-03-09 08:00:00,1536.92,1539.09,1522.52,1535.32,75886.2789
2023-03-09 12:00:00,1535.31,1546.45,1527.04,1534.04,78880.9529
2023-03-09 16:00:00,1534.05,1537.81,1480.8,1488.27,181593.9704
2023-03-09 20:00:00,1488.27,1490.4,1408.0,1437.32,291864.393
2023-03-10 00:00:00,1437.32,1437.5,1409.23,1426.34,154029.0848
2023-03-10 04:00:00,1426.35,1426.7,1391.56,1412.27,149074.5265
2023-03-10 08:00:00,1412.27,1413.0,1368.39,1384.6,170547.0425
2023-03-10 12:00:00,1384.61,1434.68,1382.0,1417.03,240037.3219
2023-03-10 16:00:00,1417.03,1439.43,1399.99,1423.5,123754.0718
2023-03-10 20:00:00,1423.49,1433.45,1406.46,1426.44,122820.4034
2023-03-11 00:00:00,1426.43,1476.0,1424.57,1458.31,330138.1849
2023-03-11 04:00:00,1458.32,1466.91,1414.15,1416.65,305270.2514
2023-03-11 08:00:00,1416.66,1450.51,1408.4,1427.1,296963.1958
2023-03-11 12:00:00,1427.1,1436.0,1425.55,1428.01,125084.8462
2023-03-11 16:00:00,1428.0,1457.04,1422.32,1449.22,180365.5885
2023-03-11 20:00:00,1449.22,1478.07,1449.21,1471.97,137037.5533
2023-03-12 00:00:00,1471.93,1475.05,1449.9,1467.0,139029.6636
2023-03-12 04:00:00,1467.0,1471.44,1453.64,1459.56,82241.6373
2023-03-12 08:00:00,1459.57,1467.53,1457.97,1465.17,71756.6089
2023-03-12 12:00:00,1465.18,1466.16,1448.3,1455.88,130082.5177
2023-03-12 16:00:00,1455.88,1548.8,1453.74,1512.57,321583.3477
2023-03-12 20:00:00,1512.58,1594.19,1510.72,1580.33,257661.3177
2023-03-13 00:00:00,1580.33,1622.6,1573.07,1588.43,251148.4917
2023-03-13 04:00:00,1588.42,1615.64,1587.84,1606.84,130468.1368
2023-03-13 08:00:00,1606.84,1608.33,1565.0,1581.07,176353.8496
2023-03-13 12:00:00,1581.07,1693.49,1572.54,1664.68,429174.5772
2023-03-13 16:00:00,1664.69,1685.0,1646.86,1677.68,164719.8785
2023-03-13 20:00:00,1677.69,1681.72,1660.05,1673.45,76198.6715
2023-03-14 00:00:00,1673.44,1684.0,1660.88,1677.57,115626.8464
2023-03-14 04:00:00,1677.57,1695.0,1658.54,1666.63,130252.6926
2023-03-14 08:00:00,1666.63,1689.9,1655.24,1683.65,133533.0825
2023-03-14 12:00:00,1683.65,1780.02,1671.5,1770.03,471252.5907
2023-03-14 16:00:00,1770.03,1775.21,1684.87,1720.3,255526.0935
2023-03-14 20:00:00,1720.3,1727.0,1659.29,1699.4,177129.9298
2023-03-15 00:00:00,1699.41,1716.9,1679.95,1701.76,129822.1204
2023-03-15 04:00:00,1701.76,1708.0,1692.65,1705.13,56748.2826
2023-03-15 08:00:00,1705.12,1705.5,1650.54,1679.92,142866.7967
2023-03-15 12:00:00,1679.91,1698.29,1625.56,1634.04,313571.1957
2023-03-15 16:00:00,1634.03,1655.41,1611.0,1647.99,242304.1599
2023-03-15 20:00:00,1648.0,1664.64,1637.72,1649.96,77829.928
2023-03-16 00:00:00,1649.95,1659.71,1632.18,1646.31,93348.743
2023-03-16 04:00:00,1646.3,1659.9,1636.6,1655.57,100219.985
2023-03-16 08:00:00,1655.56,1669.99,1639.22,1660.36,114932.5475
2023-03-16 12:00:00,1660.37,1666.73,1635.96,1663.06,129192.7969
2023-03-16 16:00:00,1663.06,1691.42,1652.88,1679.64,113369.5209
2023-03-16 20:00:00,1679.64,1681.78,1652.53,1673.73,76922.0186
2023-03-17 00:00:00,1673.73,1725.0,1662.65,1708.62,166034.4307
2023-03-17 04:00:00,1708.62,1730.99,1696.37,1715.59,109599.3677
2023-03-17 08:00:00,1715.59,1763.97,1710.44,1761.12,187901.2651
2023-03-17 12:00:00,1761.13,1762.1,1703.02,1717.41,165755.3264
2023-03-17 16:00:00,1717.41,1744.36,1710.0,1744.15,111856.8718
2023-03-17 20:00:00,1744.15,1800.0,1732.25,1789.27,166381.0208
2023-03-18 00:00:00,1789.26,1831.34,1767.13,1810.57,188400.9792
2023-03-18 04:00:00,1810.58,1821.4,1801.53,1814.12,67438.7513
2023-03-18 08:00:00,1814.12,1818.0,1790.92,1813.15,77563.9677
2023-03-18 12:00:00,1813.16,1841.0,1773.57,1786.0,143202.3071
2023-03-18 16:00:00,1786.0,1802.28,1747.47,1790.23,161730.6202
2023-03-18 20:00:00,1790.23,1801.17,1751.0,1758.84,73278.1055
2023-03-19 00:00:00,1758.84,1786.16,1757.92,1782.52,56059.8607
2023-03-19 04:00:00,1782.51,1786.65,1761.6,1774.8,47469.7142
2023-03-19 08:00:00,1774.8,1788.58,1765.78,1784.66,56403.2824
2023-03-19 12:00:00,1784.66,1812.86,1773.26,1793.61,105772.37
2023-03-19 16:00:00,1793.61,1841.36,1791.88,1821.22,168650.7596
2023-03-19 20:00:00,1821.23,1827.89,1773.98,1780.68,106775.9039
2023-03-20 00:00:00,1780.67,1785.46,1742.0,1751.4,119050.423
2023-03-20 04:00:00,1751.41,1793.59,1736.57,1791.5,97980.6488
2023-03-20 08:00:00,1791.5,1803.05,1766.41,1779.41,125609.0869
2023-03-20 12:00:00,1779.4,1782.54,1752.27,1763.14,120893.7269
2023-03-20 16:00:00,1763.13,1768.88,1741.07,1752.97,119526.4317
2023-03-20 20:00:00,1752.97,1761.0,1722.0,1732.78,99787.8075
2023-03-21 00:00:00,1732.77,1757.64,1728.95,1746.14,67830.2934
2023-03-21 04:00:00,1746.14,1754.17,1717.01,1730.34,78880.7521
2023-03-21 08:00:00,1730.34,1767.77,1725.0,1761.34,93035.669
2023-03-21 12:00:00,1761.34,1835.0,1758.33,1812.55,263040.4178
2023-03-21 16:00:00,1812.54,1825.98,1774.04,1791.19,170640.7035
2023-03-21 20:00:00,1791.19,1805.75,1781.92,1801.23,68920.6641
2023-03-22 00:00:00,1801.23,1807.25,1778.02,1799.59,69601.7351
2023-03-22 04:00:00,1799.58,1807.66,1787.15,1792.75,50794.2531
2023-03-22 08:00:00,1792.74,1793.85,1781.1,1785.25,72102.3484
2023-03-22 12:00:00,1785.26,1819.98,1783.23,1806.26,155015.2057
2023-03-22 16:00:00,1806.26,1810.93,1710.12,1716.84,401164.0069
2023-03-22 20:00:00,1716.84,1738.52,1710.3,1734.33,142610.0517
2023-03-23 00:00:00,1734.34,1745.0,1729.35,1737.21,60752.4725
2023-03-23 04:00:00,1737.22,1753.57,1730.17,1750.84,71880.2877
2023-03-23 08:00:00,1750.84,1759.0,1744.75,1754.8,60255.4377
2023-03-23 12:00:00,1754.79,1857.16,1741.33,1836.99,268839.0493
2023-03-23 16:00:00,1836.99,1841.15,1792.42,1820.84,198423.7519
2023-03-23 20:00:00,1820.85,1821.11,1802.55,1813.79,71910.1039
2023-03-24 00:00:00,1813.78,1818.99,1806.51,1812.34,57950.5969
2023-03-24 04:00:00,1812.35,1817.48,1803.12,1815.18,70413.3542
2023-03-24 08:00:00,1815.18,1816.61,1776.78,1789.52,96629.5041
2023-03-24 12:00:00,1789.51,1789.51,1753.0,1767.01,100702.7193
2023-03-24 16:00:00,1767.0,1770.01,1726.4,1763.86,147037.4262
2023-03-24 20:00:00,1763.86,1764.64,1728.47,1749.57,92036.541
2023-03-25 00:00:00,1749.57,1762.43,1746.48,1756.0,45288.2578
2023-03-25 04:00:00,1756.0,1759.11,1741.66,1747.25,55441.8245
2023-03-25 08:00:00,1747.26,1750.61,1736.05,1745.25,49331.5805
2023-03-25 12:00:00,1745.24,1763.23,1738.78,1754.93,64831.1853
2023-03-25 16:00:00,1754.93,1757.76,1715.19,1716.98,92021.7587
2023-03-25 20:00:00,1716.97,1743.92,1713.09,1741.88,48764.7675
2023-03-26 00:00:00,1741.88,1756.61,1739.31,1749.57,38121.9422
2023-03-26 04:00:00,1749.58,1755.72,1746.0,1752.55,27025.2643
2023-03-26 08:00:00,1752.55,1787.64,1749.8,1777.76,80137.6368
2023-03-26 12:00:00,1777.77,1801.0,1753.02,1762.81,124201.2827
2023-03-26 16:00:00,1762.81,1771.82,1754.33,1765.82,38243.2732
2023-03-26 20:00:00,1765.83,1783.7,1754.39,1773.88,47203.838
2023-03-27 00:00:00,1773.88,1780.48,1758.94,1765.0,52694.6673
2023-03-27 04:00:00,1765.01,1767.89,1746.57,1752.2,55380.2916
2023-03-27 08:00:00,1752.2,1770.2,1749.37,1765.42,45268.3924
2023-03-27 12:00:00,1765.42,1769.33,1686.13,1711.74,226262.4363
2023-03-27 16:00:00,1711.73,1732.0,1701.06,1704.58,117106.5535
2023-03-27 20:00:00,1704.59,1717.21,1696.29,1715.22,73851.1612
2023-03-28 00:00:00,1715.21,1726.94,1701.13,1711.65,64406.3708
2023-03-28 04:00:00,1711.65,1735.93,1709.53,1724.53,64638.3276
2023-03-28 08:00:00,1724.54,1754.48,1709.87,1745.48,85196.1305
2023-03-28 12:00:00,1745.48,1751.41,1730.02,1744.08,102091.5646
2023-03-28 16:00:00,1744.08,1795.73,1727.35,1785.85,155978.8309
2023-03-28 20:00:00,1785.84,1790.54,1762.0,1772.99,64200.1729
2023-03-29 00:00:00,1773.0,1788.99,1772.48,1778.07,63105.787
2023-03-29 04:00:00,1778.06,1818.0,1778.06,1804.86,126925.8954
2023-03-29 08:00:00,1804.85,1827.99,1799.66,1811.22,123599.5645
2023-03-29 12:00:00,1811.23,1816.42,1792.43,1807.68,100875.3854
2023-03-29 16:00:00,1807.67,1812.0,1791.88,1809.02,59627.0014
2023-03-29 20:00:00,1809.02,1809.6,1782.71,1793.07,62731.9635
2023-03-30 00:00:00,1793.06,1829.69,1766.5,1787.66,186718.9944
2023-03-30 04:00:00,1787.66,1813.27,1785.52,1806.47,78697.0663
2023-03-30 08:00:00,1806.46,1808.46,1793.4,1804.62,55929.3529
2023-03-30 12:00:00,1804.62,1805.88,1784.18,1789.42,90115.3684
2023-03-30 16:00:00,1789.41,1791.82,1763.0,1781.62,103564.6994
2023-03-30 20:00:00,1781.63,1800.0,1779.1,1793.61,64664.558
2023-03-31 00:00:00,1793.6,1817.99,1789.42,1803.22,76949.5233
2023-03-31 04:00:00,1803.23,1808.5,1777.91,1795.23,69473.6113
2023-03-31 08:00:00,1795.23,1799.72,1786.17,1792.89,58379.7379
2023-03-31 12:00:00,1792.9,1847.28,1790.56,1830.6,200463.5967
2023-03-31 16:00:00,1830.6,1834.64,1818.09,1829.22,80944.6188
2023-03-31 20:00:00,1829.23,1830.03,1813.95,1821.52,68314.3882
2023-04-01 00:00:00,1821.52,1842.83,1819.61,1825.99,50583.5026
2023-04-01 04:00:00,1825.99,1829.67,1812.12,1823.46,51855.7774
2023-04-01 08:00:00,1823.47,1828.66,1821.07,1824.04,44428.9687
2023-04-01 12:00:00,1824.04,1827.13,1814.22,1820.38,51049.1631
2023-04-01 16:00:00,1820.38,1824.33,1807.81,1814.76,44469.8734
2023-04-01 20:00:00,1814.76,1825.72,1814.47,1820.79,30517.6822
2023-04-02 00:00:00,1820.8,1823.61,1809.73,1817.68,37822.8585
2023-04-02 04:00:00,1817.68,1824.81,1813.42,1820.6,34491.2047
2023-04-02 08:00:00,1820.59,1823.66,1815.25,1817.42,34477.7432
2023-04-02 12:00:00,1817.42,1819.91,1789.1,1797.54,90323.3299
2023-04-02 16:00:00,1797.54,1803.92,1771.7,1781.75,70745.4606
2023-04-02 20:00:00,1781.75,1795.81,1777.35,1794.51,54262.3416
2023-04-03 00:00:00,1794.51,1794.56,1762.77,1778.34,85448.9177
2023-04-03 04:00:00,1778.33,1795.0,1772.54,1794.87,53070.1991
2023-04-03 08:00:00,1794.86,1817.5,1794.74,1807.69,103335.2198
2023-04-03 12:00:00,1807.69,1822.35,1788.64,1797.11,89894.216
2023-04-03 16:00:00,1797.12,1839.99,1791.4,1818.89,141159.7511
2023-04-03 20:00:00,1818.88,1819.86,1768.27,1810.51,155595.3582
2023-04-04 00:00:00,1810.51,1816.83,1802.01,1807.62,52200.18
2023-04-04 04:00:00,1807.61,1823.07,1803.17,1812.2,67070.1685
2023-04-04 08:00:00,1812.21,1875.0,1811.04,1864.91,206838.9972
2023-04-04 12:00:00,1864.9,1891.91,1851.95,1862.96,185460.2391
2023-04-04 16:00:00,1862.96,1873.74,1857.16,1868.92,59515.6084
2023-04-04 20:00:00,1868.92,1887.0,1859.21,1870.37,51123.4479
2023-04-05 00:00:00,1870.38,1925.0,1864.58,1912.37,135868.4296
2023-04-05 04:00:00,1912.37,1918.0,1907.19,1909.96,45967.9998
2023-04-05 08:00:00,1909.96,1921.7,1903.51,1914.56,55610.8643
2023-04-05 12:00:00,1914.56,1942.98,1882.31,1897.2,192505.1866
2023-04-05 16:00:00,1897.21,1918.0,1887.55,1909.19,80617.8353
2023-04-05 20:00:00,1909.18,1915.36,1903.0,1908.69,38025.1999
2023-04-06 00:00:00,1908.68,1909.91,1885.95,1898.88,62961.2326
2023-04-06 04:00:00,1898.87,1898.88,1876.54,1879.22,56845.6045
2023-04-06 08:00:00,1879.22,1885.5,1853.7,1868.68,93882.6832
2023-04-06 12:00:00,1868.68,1878.67,1854.66,1874.55,94411.9425
2023-04-06 16:00:00,1874.54,1882.99,1865.99,1871.29,53952.4454
2023-04-06 20:00:00,1871.3,1879.22,1860.0,1872.41,34187.527
2023-04-07 00:00:00,1872.41,1882.61,1866.0,1876.73,42006.657
2023-04-07 04:00:00,1876.73,1879.0,1841.46,1850.79,64554.7687
2023-04-07 08:00:00,1850.78,1859.2,1843.35,1849.35,59230.4396
2023-04-07 12:00:00,1849.35,1863.36,1842.7,1860.36,63311.6266
2023-04-07 16:00:00,1860.36,1861.91,1851.34,1854.72,24433.8402
2023-04-07 20:00:00,1854.72,1872.0,1851.23,1863.72,30719.1552
2023-04-08 00:00:00,1863.73,1872.21,1854.62,1868.27,41553.0597
2023-04-08 04:00:00,1868.27,1879.38,1864.02,1872.29,33882.382
2023-04-08 08:00:00,1872.3,1874.5,1865.5,1867.44,24243.0664
2023-04-08 12:00:00,1867.45,1871.22,1862.0,1866.89,27815.9926
2023-04-08 16:00:00,1866.89,1869.47,1847.33,1854.01,42315.771
2023-04-08 20:00:00,1854.01,1858.49,1847.0,1848.82,28095.269
2023-04-09 00:00:00,1848.82,1859.6,1846.97,1851.78,28168.7759
2023-04-09 04:00:00,1851.79,1855.62,1824.01,1835.49,69104.9312
2023-04-09 08:00:00,1835.49,1840.2,1827.04,1839.22,38814.6961
2023-04-09 12:00:00,1839.22,1845.53,1826.25,1837.04,48963.983
2023-04-09 16:00:00,1837.05,1866.75,1836.04,1856.39,52873.5958
2023-04-09 20:00:00,1856.39,1873.99,1852.72,1858.92,49205.3259
2023-04-10 00:00:00,1858.91,1863.46,1846.4,1857.97,43630.9572
2023-04-10 04:00:00,1857.97,1866.01,1853.62,1860.0,46796.8609
2023-04-10 08:00:00,1859.99,1862.73,1855.24,1858.0,37853.0514
2023-04-10 12:00:00,1857.99,1869.98,1847.18,1861.3,63729.5943
2023-04-10 16:00:00,1861.3,1904.99,1857.72,1888.73,162225.6051
2023-04-10 20:00:00,1888.74,1918.79,1878.16,1910.2,80503.7295
2023-04-11 00:00:00,1910.21,1937.37,1907.82,1923.22,101017.0054
2023-04-11 04:00:00,1923.22,1926.71,1906.25,1921.74,50406.3989
2023-04-11 08:00:00,1921.73,1922.99,1910.26,1915.5,42710.6506
2023-04-11 12:00:00,1915.51,1922.91,1904.0,1913.64,68745.7254
2023-04-11 16:00:00,1913.63,1917.0,1891.2,1894.19,78023.9367
2023-04-11 20:00:00,1894.18,1897.2,1881.11,1889.86,64299.7722
2023-04-12 00:00:00,1889.86,1897.13,1852.65,1862.79,104250.2586
2023-04-12 04:00:00,1862.78,1875.76,1860.32,1870.29,49509.1131
2023-04-12 08:00:00,1870.3,1874.22,1864.04,1872.68,43255.2642
2023-04-12 12:00:00,1872.67,1933.0,1867.05,1912.19,276763.2975
2023-04-12 16:00:00,1912.18,1919.45,1893.35,1901.32,80899.4694
2023-04-12 20:00:00,1901.31,1930.37,1900.12,1917.39,76167.0158
2023-04-13 00:00:00,1917.4,1920.76,1899.55,1912.43,69481.4198
2023-04-13 04:00:00,1912.43,1925.98,1907.7,1922.01,65942.483
2023-04-13 08:00:00,1922.01,1996.1,1919.65,1985.4,252280.3456
2023-04-13 12:00:00,1985.39,2008.39,1985.39,1997.15,148204.115
2023-04-13 16:00:00,1997.15,2023.0,1991.09,2011.28,86804.1937
2023-04-13 20:00:00,2011.29,2017.02,2000.78,2012.01,53451.9617
2023-04-14 00:00:00,2012.0,2128.76,2009.22,2109.0,273261.4088
2023-04-14 04:00:00,2109.0,2124.52,2102.59,2105.85,117591.6602
2023-04-14 08:00:00,2105.84,2119.89,2101.32,2115.62,78460.4705
2023-04-14 12:00:00,2115.62,2125.0,2049.87,2058.34,201605.7213
2023-04-14 16:00:00,2058.34,2092.54,2042.08,2090.81,144295.889
2023-04-14 20:00:00,2090.8,2121.47,2085.45,2099.99,81092.2436
2023-04-15 00:00:00,2099.99,2106.11,2071.13,2088.88,75992.5401
2023-04-15 04:00:00,2088.87,2105.0,2081.6,2097.62,35611.8122
2023-04-15 08:00:00,2097.63,2111.85,2092.77,2100.19,53284.9053
2023-04-15 12:00:00,2100.18,2108.01,2092.93,2097.98,49744.3287
2023-04-15 16:00:00,2097.97,2108.98,2082.75,2100.0,64731.5038
2023-04-15 20:00:00,2100.01,2102.67,2082.01,2090.6,42458.695
2023-04-16 00:00:00,2090.61,2095.32,2072.72,2086.13,38621.5399
2023-04-16 04:00:00,2086.14,2102.6,2085.64,2098.0,31125.2161
2023-04-16 08:00:00,2097.99,2099.67,2082.64,2086.43,37787.6112
2023-04-16 12:00:00,2086.43,2098.49,2076.02,2093.8,47058.4954
2023-04-16 16:00:00,2093.8,2141.54,2088.54,2114.66,98778.1246
2023-04-16 20:00:00,2114.66,2131.77,2097.01,2118.67,66509.4521
2023-04-17 00:00:00,2118.66,2120.51,2072.0,2096.9,103325.6559
2023-04-17 04:00:00,2096.89,2102.36,2088.83,2090.08,44453.0795
2023-04-17 08:00:00,2090.07,2099.01,2065.94,2076.5,73266.2335
2023-04-17 12:00:00,2076.5,2082.58,2056.25,2071.45,119080.9917
2023-04-17 16:00:00,2071.46,2088.73,2070.41,2078.14,53739.773
2023-04-17 20:00:00,2078.15,2083.75,2067.0,2074.0,33106.9735
2023-04-18 00:00:00,2073.99,2084.68,2051.0,2079.69,56756.0986
2023-04-18 04:00:00,2079.7,2110.61,2077.78,2100.28,68960.8987
2023-04-18 08:00:00,2100.28,2125.0,2094.18,2117.8,74110.1437
2023-04-18 12:00:00,2117.8,2120.98,2088.12,2095.5,87550.8429
2023-04-18 16:00:00,2095.49,2100.51,2069.91,2081.02,82196.1476
2023-04-18 20:00:00,2081.01,2107.96,2074.16,2103.5,44670.482
2023-04-19 00:00:00,2103.51,2104.6,2087.3,2091.46,34597.5523
2023-04-19 04:00:00,2091.46,2092.36,2065.15,2073.91,64789.245
2023-04-19 08:00:00,2073.91,2073.92,1962.06,1981.44,316144.5067
2023-04-19 12:00:00,1981.45,2007.2,1969.34,1983.41,153884.0932
2023-04-19 16:00:00,1983.41,1991.42,1964.84,1980.54,77087.4276
2023-04-19 20:00:00,1980.54,1987.99,1923.03,1933.73,128886.2354
2023-04-20 00:00:00,1933.74,1954.48,1923.69,1949.71,105454.6663
2023-04-20 04:00:00,1949.71,1964.56,1947.46,1948.81,67530.6669
2023-04-20 08:00:00,1948.81,1962.88,1937.68,1939.97,80533.7503
2023-04-20 12:00:00,1939.97,1982.99,1936.04,1945.91,157477.7757
2023-04-20 16:00:00,1945.92,1955.5,1914.43,1927.7,154309.8302
2023-04-20 20:00:00,1927.7,1955.02,1923.06,1942.98,60029.5601
2023-04-21 00:00:00,1942.98,1957.27,1934.5,1945.81,55948.8616
2023-04-21 04:00:00,1945.82,1947.51,1898.0,1928.44,146683.8845
2023-04-21 08:00:00,1928.44,1934.22,1902.25,1909.01,81268.3853
2023-04-21 12:00:00,1909.01,1923.61,1890.6,1903.91,118773.9304
2023-04-21 16:00:00,1903.91,1908.6,1836.61,1842.7,190049.7732
2023-04-21 20:00:00,1842.69,1855.02,1825.0,1848.78,96151.7836
2023-04-22 00:00:00,1848.77,1862.74,1846.0,1859.73,50923.5853
2023-04-22 04:00:00,1859.73,1865.15,1848.09,1850.8,61697.9187
2023-04-22 08:00:00,1850.8,1854.79,1841.64,1852.09,39087.5772
2023-04-22 12:00:00,1852.1,1872.13,1845.91,1866.81,65492.1127
2023-04-22 16:00:00,1866.81,1887.31,1865.9,1872.04,72047.0079
2023-04-22 20:00:00,1872.05,1879.37,1864.13,1874.16,41759.3861
2023-04-23 00:00:00,1874.17,1874.17,1846.45,1861.8,75665.0043
2023-04-23 04:00:00,1861.8,1876.65,1859.56,1874.3,38623.9503
2023-04-23 08:00:00,1874.29,1877.0,1863.18,1874.45,45682.9817
2023-04-23 12:00:00,1874.45,1882.01,1852.08,1859.31,64046.1545
2023-04-23 16:00:00,1859.32,1872.69,1836.37,1846.49,74923.5526
2023-04-23 20:00:00,1846.49,1868.16,1838.03,1862.0,45572.701
2023-04-24 00:00:00,1862.01,1890.0,1850.46,1868.12,65264.8694
2023-04-24 04:00:00,1868.12,1868.4,1827.23,1845.69,68211.0299
2023-04-24 08:00:00,1845.7,1855.57,1831.19,1855.26,78928.4399
2023-04-24 12:00:00,1855.26,1876.19,1830.0,1834.17,99664.1152
2023-04-24 16:00:00,1834.18,1847.62,1806.0,1831.33,101408.6325
2023-04-24 20:00:00,1831.32,1845.66,1827.77,1841.84,34386.9648
2023-04-25 00:00:00,1841.84,1851.64,1827.01,1830.23,41772.4078
2023-04-25 04:00:00,1830.22,1836.51,1812.28,1815.63,60582.7725
2023-04-25 08:00:00,1815.63,1829.56,1805.65,1826.03,82561.3736
2023-04-25 12:00:00,1826.03,1833.32,1801.66,1814.99,90279.1809
2023-04-25 16:00:00,1815.0,1847.61,1812.62,1837.66,85011.9345
2023-04-25 20:00:00,1837.66,1877.86,1837.04,1866.1,97662.9354
2023-04-26 00:00:00,1866.1,1884.36,1861.83,1862.8,85246.1539
2023-04-26 04:00:00,1862.79,1878.63,1858.25,1861.84,45394.3051
2023-04-26 08:00:00,1861.83,1920.16,1861.76,1914.58,187099.4416
2023-04-26 12:00:00,1914.58,1964.72,1914.13,1953.91,184467.1953
2023-04-26 16:00:00,1953.92,1960.31,1818.56,1828.74,202468.6328
2023-04-26 20:00:00,1828.74,1883.37,1785.0,1866.01,193034.0011
2023-04-27 00:00:00,1866.01,1940.96,1861.19,1898.41,216385.0595
2023-04-27 04:00:00,1898.42,1918.68,1871.14,1885.1,110515.011
2023-04-27 08:00:00,1885.1,1894.76,1875.04,1880.92,72358.0599
2023-04-27 12:00:00,1880.93,1916.75,1861.85,1900.19,144397.7559
2023-04-27 16:00:00,1900.2,1937.77,1889.99,1922.44,122385.8022
2023-04-27 20:00:00,1922.44,1930.0,1893.12,1908.68,61431.2581
2023-04-28 00:00:00,1908.68,1915.0,1902.16,1905.41,52389.1765
2023-04-28 04:00:00,1905.41,1923.88,1904.4,1919.08,59188.3659
2023-04-28 08:00:00,1919.07,1919.52,1895.02,1902.33,53927.0947
2023-04-28 12:00:00,1902.33,1915.31,1873.94,1886.8,136056.0646
2023-04-28 16:00:00,1886.8,1905.15,1883.21,1892.36,59311.4806
2023-04-28 20:00:00,1892.36,1900.78,1887.08,1890.94,26758.5968
2023-04-29 00:00:00,1890.93,1898.04,1886.11,1896.2,26585.2453
2023-04-29 04:00:00,1896.2,1904.51,1896.2,1902.18,27198.4058
2023-04-29 08:00:00,1902.19,1903.74,1893.33,1897.95,23839.6519
2023-04-29 12:00:00,1897.95,1918.0,1896.6,1905.54,45490.6712
2023-04-29 16:00:00,1905.54,1907.56,1883.05,1903.09,38648.2119
2023-04-29 20:00:00,1903.1,1909.37,1897.79,1907.8,20283.9545
2023-04-30 00:00:00,1907.79,1907.8,1893.0,1896.25,22112.9507
2023-04-30 04:00:00,1896.25,1905.62,1893.0,1903.06,19552.0822
2023-04-30 08:00:00,1903.06,1913.37,1899.36,1900.79,40510.1807
2023-04-30 12:00:00,1900.78,1939.0,1897.66,1920.01,99570.4643
2023-04-30 16:00:00,1920.0,1934.2,1892.97,1904.83,90747.7131
2023-04-30 20:00:00,1904.83,1904.83,1866.16,1870.09,82843.0978
2023-05-01 00:00:00,1870.08,1886.49,1823.0,1846.58,117483.7492
2023-05-01 04:00:00,1846.59,1854.4,1833.99,1849.68,45418.6484
2023-05-01 08:00:00,1849.69,1853.68,1840.96,1845.37,37201.9858
2023-05-01 12:00:00,1845.36,1852.08,1826.77,1833.66,90806.1351
2023-05-01 16:00:00,1833.65,1842.22,1808.01,1812.97,95705.8669
2023-05-01 20:00:00,1812.97,1833.46,1806.12,1830.73,58902.7925
2023-05-02 00:00:00,1830.73,1837.73,1822.94,1830.66,43750.6475
2023-05-02 04:00:00,1830.66,1841.26,1824.19,1835.68,34703.5209
2023-05-02 08:00:00,1835.68,1839.44,1825.8,1833.57,38912.361
2023-05-02 12:00:00,1833.56,1868.9,1824.25,1858.8,146315.4704
2023-05-02 16:00:00,1858.8,1881.87,1853.2,1868.37,71482.3951
2023-05-02 20:00:00,1868.37,1876.8,1867.28,1870.08,38588.8078
2023-05-03 00:00:00,1870.09,1870.84,1853.78,1862.66,36358.5957
2023-05-03 04:00:00,1862.67,1869.73,1857.37,1865.19,31956.14
2023-05-03 08:00:00,1865.2,1872.39,1858.53,1859.32,39304.0853
2023-05-03 12:00:00,1859.32,1862.89,1842.64,1853.31,85845.7924
2023-05-03 16:00:00,1853.32,1894.45,1850.9,1868.01,166381.3955
2023-05-03 20:00:00,1868.02,1916.52,1858.11,1905.12,105339.2412
2023-05-04 00:00:00,1905.12,1908.21,1895.68,1903.65,45952.8773
2023-05-04 04:00:00,1903.66,1905.55,1896.16,1898.4,41192.0828
2023-05-04 08:00:00,1898.4,1918.26,1896.4,1904.67,52437.3722
2023-05-04 12:00:00,1904.67,1908.2,1876.99,1885.66,116052.8647
2023-05-04 16:00:00,1885.66,1891.33,1866.71,1876.65,71177.1073
2023-05-04 20:00:00,1876.66,1879.6,1869.75,1877.07,27716.3101
2023-05-05 00:00:00,1877.07,1909.0,1875.65,1896.58,64586.8312
2023-05-05 04:00:00,1896.58,1907.22,1892.72,1895.1,43789.4881
2023-05-05 08:00:00,1895.1,1914.56,1894.4,1911.2,44696.8554
2023-05-05 12:00:00,1911.19,1956.04,1888.0,1953.34,189206.3739
2023-05-05 16:00:00,1953.34,1998.36,1953.34,1990.97,159923.8299
2023-05-05 20:00:00,1990.97,1996.97,1984.24,1993.3,44405.4965
2023-05-06 00:00:00,1993.3,2019.0,1963.02,1970.34,113857.9453
2023-05-06 04:00:00,1970.33,1972.36,1955.66,1958.92,53524.4821
2023-05-06 08:00:00,1958.91,1958.92,1921.25,1934.31,103372.0837
2023-05-06 12:00:00,1934.32,1934.6,1860.0,1877.32,211309.3425
2023-05-06 16:00:00,1877.32,1907.0,1875.89,1897.93,85277.6411
2023-05-06 20:00:00,1897.94,1899.54,1884.49,1896.33,40765.4968
2023-05-07 00:00:00,1896.33,1918.6,1887.45,1892.87,72216.5622
2023-05-07 04:00:00,1892.87,1908.74,1890.0,1905.56,44070.3169
2023-05-07 08:00:00,1905.55,1915.24,1895.66,1902.28,52251.9317
2023-05-07 12:00:00,1902.29,1933.33,1902.28,1916.93,88385.0252
2023-05-07 16:00:00,1916.93,1923.38,1903.38,1912.93,60723.806
2023-05-07 20:00:00,1912.93,1921.48,1867.59,1870.4,95621.1937
2023-05-08 00:00:00,1870.41,1883.97,1840.0,1865.39,142610.8508
2023-05-08 04:00:00,1865.38,1869.62,1838.34,1851.43,76680.0505
2023-05-08 08:00:00,1851.43,1865.51,1835.0,1862.78,91755.165
2023-05-08 12:00:00,1862.79,1876.99,1847.53,1864.69,102333.5843
2023-05-08 16:00:00,1864.68,1867.03,1810.73,1829.0,161502.0648
2023-05-08 20:00:00,1829.0,1849.55,1826.48,1847.56,50434.9014
2023-05-09 00:00:00,1847.55,1856.99,1837.09,1843.57,41716.2859
2023-05-09 04:00:00,1843.58,1850.79,1830.99,1848.62,52748.5857
2023-05-09 08:00:00,1848.61,1849.5,1834.06,1846.76,42045.2437
2023-05-09 12:00:00,1846.76,1854.59,1834.22,1839.49,73135.229
2023-05-09 16:00:00,1839.49,1858.0,1836.0,1852.43,60186.0846
2023-05-09 20:00:00,1852.44,1861.88,1841.33,1846.52,34564.7571
2023-05-10 00:00:00,1846.53,1858.92,1841.68,1843.73,48379.4298
2023-05-10 04:00:00,1843.72,1848.79,1834.23,1838.29,38943.0035
2023-05-10 08:00:00,1838.29,1851.0,1834.67,1850.49,41625.8224
2023-05-10 12:00:00,1850.5,1887.47,1846.84,1872.84,179357.8325
2023-05-10 16:00:00,1872.84,1880.0,1790.51,1849.4,244332.5204
2023-05-10 20:00:00,1849.41,1862.99,1826.84,1840.84,87294.7769
2023-05-11 00:00:00,1840.83,1842.02,1821.35,1827.61,66943.032
2023-05-11 04:00:00,1827.61,1835.36,1824.83,1829.41,46819.3798
2023-05-11 08:00:00,1829.41,1829.42,1808.0,1820.84,78168.1201
2023-05-11 12:00:00,1820.83,1839.0,1785.5,1807.7,155430.93
2023-05-11 16:00:00,1807.7,1810.48,1772.68,1784.46,127252.1146
2023-05-11 20:00:00,1784.47,1801.2,1782.39,1794.3,47482.496
2023-05-12 00:00:00,1794.31,1801.99,1758.21,1763.25,80804.0446
2023-05-12 04:00:00,1763.25,1770.03,1740.0,1759.47,146342.5061
2023-05-12 08:00:00,1759.48,1771.87,1755.29,1764.86,58603.2783
2023-05-12 12:00:00,1764.86,1783.23,1761.08,1765.55,75231.1442
2023-05-12 16:00:00,1765.54,1794.96,1742.69,1790.01,104492.2131
2023-05-12 20:00:00,1790.0,1818.63,1781.31,1807.45,100066.6446
2023-05-13 00:00:00,1807.45,1817.03,1801.16,1805.61,41245.3238
2023-05-13 04:00:00,1805.62,1806.84,1796.8,1802.98,30365.3283
2023-05-13 08:00:00,1802.98,1811.46,1801.24,1803.78,29164.0211
2023-05-13 12:00:00,1803.79,1809.91,1785.23,1795.9,46713.5684
2023-05-13 16:00:00,1795.91,1806.45,1786.12,1792.83,40715.0401
2023-05-13 20:00:00,1792.84,1804.89,1792.38,1795.11,24692.1556
2023-05-14 00:00:00,1795.12,1805.8,1789.82,1803.89,30429.6592
2023-05-14 04:00:00,1803.88,1809.84,1800.94,1805.21,26312.1389
2023-05-14 08:00:00,1805.21,1806.79,1799.91,1802.05,20055.3376
2023-05-14 12:00:00,1802.04,1824.0,1797.5,1819.05,59990.3235
2023-05-14 16:00:00,1819.06,1821.87,1792.4,1796.32,52934.1708
2023-05-14 20:00:00,1796.32,1802.41,1791.45,1799.21,28379.4677
2023-05-15 00:00:00,1799.2,1835.85,1785.05,1826.09,119395.323
2023-05-15 04:00:00,1826.1,1834.47,1819.21,1828.72,68539.0042
2023-05-15 08:00:00,1828.73,1836.06,1823.87,1824.39,35864.5256
2023-05-15 12:00:00,1824.39,1836.28,1812.97,1827.84,56150.2437
2023-05-15 16:00:00,1827.85,1846.7,1823.73,1828.74,77431.6616
2023-05-15 20:00:00,1828.74,1829.75,1813.0,1816.2,30791.168
2023-05-16 00:00:00,1816.21,1822.69,1796.2,1813.53,79138.1203
2023-05-16 04:00:00,1813.53,1823.61,1806.03,1822.68,44649.4695
2023-05-16 08:00:00,1822.68,1827.18,1811.67,1816.53,41678.3576
2023-05-16 12:00:00,1816.54,1823.24,1810.0,1820.2,59329.2776
2023-05-16 16:00:00,1820.2,1832.64,1814.34,1816.8,57312.2353
2023-05-16 20:00:00,1816.79,1829.34,1814.84,1824.21,29131.2183
2023-05-17 00:00:00,1824.21,1837.5,1817.71,1823.82,39572.8478
2023-05-17 04:00:00,1823.81,1826.69,1803.33,1807.75,40828.3297
2023-05-17 08:00:00,1807.74,1808.56,1788.1,1790.2,81382.9367
2023-05-17 12:00:00,1790.2,1800.35,1783.68,1797.24,61359.8798
2023-05-17 16:00:00,1797.24,1833.93,1794.68,1828.1,88023.8702
2023-05-17 20:00:00,1828.11,1835.37,1819.26,1822.12,40930.1271
2023-05-18 00:00:00,1822.12,1827.82,1818.28,1826.59,28953.3886
2023-05-18 04:00:00,1826.58,1831.92,1814.92,1827.1,34841.0183
2023-05-18 08:00:00,1827.1,1830.0,1823.24,1825.43,26110.8602
2023-05-18 12:00:00,1825.44,1827.18,1805.11,1807.99,58850.6413
2023-05-18 16:00:00,1807.99,1812.7,1771.12,1795.2,95554.8665
2023-05-18 20:00:00,1795.2,1821.36,1793.57,1800.56,49444.5361
2023-05-19 00:00:00,1800.56,1807.59,1796.81,1801.35,30749.276
2023-05-19 04:00:00,1801.35,1810.53,1799.13,1805.62,31175.6051
2023-05-19 08:00:00,1805.61,1811.87,1804.99,1807.5,31445.1914
2023-05-19 12:00:00,1807.5,1829.54,1800.81,1815.45,94220.3595
2023-05-19 16:00:00,1815.46,1822.87,1806.97,1811.44,41704.5359
2023-05-19 20:00:00,1811.44,1815.82,1809.41,1812.32,13821.4997
2023-05-20 00:00:00,1812.31,1813.7,1807.06,1813.43,15922.0207
2023-05-20 04:00:00,1813.43,1813.94,1808.41,1811.19,15035.3496
2023-05-20 08:00:00,1811.18,1815.99,1811.18,1813.39,17593.5419
2023-05-20 12:00:00,1813.38,1820.77,1812.69,1817.5,27075.7556
2023-05-20 16:00:00,1817.5,1828.87,1813.5,1821.33,35215.9291
2023-05-20 20:00:00,1821.33,1822.66,1812.07,1819.42,16911.838
2023-05-21 00:00:00,1819.42,1828.98,1816.78,1817.88,24427.0042
2023-05-21 04:00:00,1817.87,1818.13,1813.51,1817.0,17336.6135
2023-05-21 08:00:00,1816.99,1817.36,1806.54,1809.48,32181.4645
2023-05-21 12:00:00,1809.49,1817.76,1802.58,1807.33,32606.3449
2023-05-21 16:00:00,1807.34,1810.53,1802.37,1810.08,23518.069
2023-05-21 20:00:00,1810.07,1811.72,1797.21,1804.91,31448.3092
2023-05-22 00:00:00,1804.91,1806.76,1792.01,1800.98,39626.5192
2023-05-22 04:00:00,1800.98,1815.0,1800.78,1811.19,27513.1781
2023-05-22 08:00:00,1811.19,1820.17,1810.7,1814.32,37381.1985
2023-05-22 12:00:00,1814.32,1828.27,1808.54,1816.64,65449.079
2023-05-22 16:00:00,1816.64,1823.44,1813.46,1816.4,44690.7857
2023-05-22 20:00:00,1816.4,1825.17,1813.33,1817.35,22838.1818
2023-05-23 00:00:00,1817.36,1872.5,1815.24,1866.0,168539.2977
2023-05-23 04:00:00,1866.01,1869.01,1846.01,1854.05,65686.504
2023-05-23 08:00:00,1854.06,1858.32,1849.62,1854.97,37027.8713
2023-05-23 12:00:00,1854.97,1860.61,1842.37,1856.92,59328.5032
2023-05-23 16:00:00,1856.92,1857.55,1842.0,1851.52,41082.6917
2023-05-23 20:00:00,1851.52,1857.14,1846.33,1854.05,25204.7418
2023-05-24 00:00:00,1854.06,1854.09,1812.13,1821.95,69556.3537
2023-05-24 04:00:00,1821.94,1828.66,1813.82,1814.07,82839.002
2023-05-24 08:00:00,1814.07,1821.15,1811.0,1816.01,38147.2975
2023-05-24 12:00:00,1816.02,1818.27,1777.6,1793.35,137311.7887
2023-05-24 16:00:00,1793.36,1798.63,1785.0,1792.79,49413.4321
2023-05-24 20:00:00,1792.79,1809.29,1791.8,1799.89,43578.2705
2023-05-25 00:00:00,1799.89,1807.33,1761.41,1781.27,102891.9865
2023-05-25 04:00:00,1781.28,1787.52,1774.45,1778.68,37945.4766
2023-05-25 08:00:00,1778.68,1792.55,1778.68,1789.65,31079.1921
2023-05-25 12:00:00,1789.66,1812.76,1786.71,1791.56,84720.7002
2023-05-25 16:00:00,1791.56,1818.81,1791.36,1808.82,67925.2019
2023-05-25 20:00:00,1808.82,1813.76,1805.39,1805.6,26070.4516
2023-05-26 00:00:00,1805.61,1808.98,1796.99,1807.41,34854.2847
2023-05-26 04:00:00,1807.41,1817.72,1802.0,1816.71,39571.9437
2023-05-26 08:00:00,1816.7,1818.52,1811.11,1812.26,34399.6604
2023-05-26 12:00:00,1812.26,1838.2,1809.03,1830.84,103700.4686
2023-05-26 16:00:00,1830.83,1837.0,1822.49,1835.55,45307.1952
2023-05-26 20:00:00,1835.56,1837.79,1826.18,1827.79,17857.1328
2023-05-27 00:00:00,1827.8,1836.12,1825.01,1834.25,28641.3012
2023-05-27 04:00:00,1834.24,1835.45,1828.2,1829.76,20978.2514
2023-05-27 08:00:00,1829.77,1830.18,1822.45,1826.83,25103.3104
2023-05-27 12:00:00,1826.83,1832.0,1812.18,1823.6,28284.7986
2023-05-27 16:00:00,1823.6,1829.2,1817.25,1826.03,20411.7008
2023-05-27 20:00:00,1826.04,1832.06,1824.41,1829.89,15405.5782
2023-05-28 00:00:00,1829.89,1859.5,1823.6,1850.71,74735.1228
2023-05-28 04:00:00,1850.71,1859.0,1845.29,1847.79,57161.3828
2023-05-28 08:00:00,1847.8,1851.79,1843.21,1843.5,26578.031
2023-05-28 12:00:00,1843.51,1845.21,1836.69,1843.74,27261.3315
2023-05-28 16:00:00,1843.74,1858.93,1839.21,1848.77,57016.6208
2023-05-28 20:00:00,1848.77,1918.65,1848.76,1908.64,135639.9482
2023-05-29 00:00:00,1908.64,1927.62,1901.21,1903.77,99834.7525
2023-05-29 04:00:00,1903.78,1905.92,1893.0,1899.85,61632.1943
2023-05-29 08:00:00,1899.85,1905.3,1893.92,1903.26,35471.9432
2023-05-29 12:00:00,1903.26,1905.14,1885.0,1889.41,43276.392
2023-05-29 16:00:00,1889.41,1895.76,1873.65,1891.2,47797.3741
2023-05-29 20:00:00,1891.19,1903.0,1886.02,1892.6,25580.8381
2023-05-30 00:00:00,1892.6,1912.55,1881.19,1900.66,39822.0842
2023-05-30 04:00:00,1900.67,1905.0,1892.72,1898.23,33934.6206
2023-05-30 08:00:00,1898.22,1917.0,1898.22,1915.4,46926.7615
2023-05-30 12:00:00,1915.4,1915.7,1894.11,1900.56,72165.522
2023-05-30 16:00:00,1900.56,1912.64,1891.33,1907.32,47369.5726
2023-05-30 20:00:00,1907.33,1914.78,1897.35,1900.59,32447.2793
2023-05-31 00:00:00,1900.58,1907.13,1884.29,1897.71,36406.3048
2023-05-31 04:00:00,1897.71,1898.53,1857.67,1869.31,105784.1267
2023-05-31 08:00:00,1869.3,1873.46,1862.2,1865.19,38102.037
2023-05-31 12:00:00,1865.2,1875.02,1846.95,1857.94,74464.889
2023-05-31 16:00:00,1857.95,1869.75,1854.28,1863.63,37383.4737
2023-05-31 20:00:00,1863.63,1878.14,1861.48,1873.63,27114.7369
2023-06-01 00:00:00,1873.63,1889.2,1840.0,1855.5,85904.402
2023-06-01 04:00:00,1855.5,1860.38,1851.4,1854.21,29030.7844
2023-06-01 08:00:00,1854.22,1865.96,1852.02,1861.5,24114.6889
2023-06-01 12:00:00,1861.5,1866.56,1855.68,1863.36,39559.3433
2023-06-01 16:00:00,1863.36,1882.86,1857.02,1869.27,60378.5131
2023-06-01 20:00:00,1869.28,1873.6,1852.66,1861.78,31508.878
2023-06-02 00:00:00,1861.78,1880.62,1847.51,1878.64,54178.4897
2023-06-02 04:00:00,1878.64,1897.4,1875.68,1885.65,60738.6282
2023-06-02 08:00:00,1885.64,1900.64,1885.64,1894.96,44493.7855
2023-06-02 12:00:00,1894.95,1899.0,1876.65,1892.0,72235.5705
2023-06-02 16:00:00,1892.01,1910.0,1887.05,1907.6,57041.4152
2023-06-02 20:00:00,1907.61,1910.0,1902.62,1906.68,24316.1767
2023-06-03 00:00:00,1906.69,1907.92,1897.42,1899.84,29463.7252
2023-06-03 04:00:00,1899.84,1905.66,1897.44,1902.71,20066.9098
2023-06-03 08:00:00,1902.72,1906.7,1899.0,1903.72,22443.7151
2023-06-03 12:00:00,1903.72,1906.61,1891.23,1903.18,27153.3586
2023-06-03 16:00:00,1903.19,1903.71,1882.33,1886.14,32671.0887
2023-06-03 20:00:00,1886.13,1892.43,1881.6,1892.06,17019.4453
2023-06-04 00:00:00,1892.05,1895.03,1884.22,1894.09,16525.8666
2023-06-04 04:00:00,1894.09,1901.36,1890.87,1900.21,17871.4671
2023-06-04 08:00:00,1900.21,1908.61,1898.61,1903.08,21792.4081
2023-06-04 12:00:00,1903.07,1914.63,1900.0,1901.76,39093.7827
2023-06-04 16:00:00,1901.76,1905.62,1896.17,1904.66,21097.5451
2023-06-04 20:00:00,1904.66,1912.89,1885.0,1890.01,56301.9423
2023-06-05 00:00:00,1890.0,1890.63,1866.62,1869.65,69953.3202
2023-06-05 04:00:00,1869.64,1873.4,1861.76,1873.4,31988.9389
2023-06-05 08:00:00,1873.4,1873.81,1862.94,1869.51,31604.8418
2023-06-05 12:00:00,1869.5,1871.2,1820.29,1820.6,122972.3276
2023-06-05 16:00:00,1820.69,1823.9,1778.0,1806.49,244006.8812
2023-06-05 20:00:00,1806.5,1815.88,1793.01,1810.5,54834.9586
2023-06-06 00:00:00,1810.49,1813.76,1803.15,1811.8,36961.6506
2023-06-06 04:00:00,1811.8,1819.18,1811.17,1813.35,28828.9585
2023-06-06 08:00:00,1813.35,1822.6,1809.19,1813.32,33045.0498
2023-06-06 12:00:00,1813.33,1846.48,1797.18,1842.22,145517.5404
2023-06-06 16:00:00,1842.22,1898.29,1842.21,1891.82,145853.5795
2023-06-06 20:00:00,1891.82,1895.5,1874.15,1884.64,101200.4386
2023-06-07 00:00:00,1884.65,1897.8,1871.59,1877.48,66167.9314
2023-06-07 04:00:00,1877.47,1883.76,1874.62,1875.05,35424.0638
2023-06-07 08:00:00,1875.05,1878.09,1842.57,1870.23,86390.6974
2023-06-07 12:00:00,1870.23,1870.84,1835.13,1839.0,101617.5167
2023-06-07 16:00:00,1839.0,1852.5,1832.71,1850.36,77067.4355
2023-06-07 20:00:00,1850.37,1851.0,1821.18,1832.13,62529.0616
2023-06-08 00:00:00,1832.12,1841.45,1828.31,1834.96,28187.8064
2023-06-08 04:00:00,1834.97,1846.05,1833.0,1842.0,28535.9837
2023-06-08 08:00:00,1842.0,1848.99,1838.19,1843.8,25074.6428
2023-06-08 12:00:00,1843.79,1861.28,1837.86,1855.66,63069.2146
2023-06-08 16:00:00,1855.67,1856.24,1841.35,1847.73,25927.2378
2023-06-08 20:00:00,1847.73,1854.0,1844.92,1845.64,18475.6
2023-06-09 00:00:00,1845.65,1849.02,1827.0,1838.23,43969.5148
2023-06-09 04:00:00,1838.22,1842.0,1831.25,1836.37,23561.6549
2023-06-09 08:00:00,1836.37,1847.42,1834.52,1843.79,29228.24
2023-06-09 12:00:00,1843.79,1855.0,1839.75,1841.71,49696.4165
2023-06-09 16:00:00,1841.71,1843.45,1830.37,1830.86,30368.3615
2023-06-09 20:00:00,1830.86,1841.15,1828.03,1840.37,21500.1375
2023-06-10 00:00:00,1840.37,1844.99,1822.13,1827.17,50640.2301
2023-06-10 04:00:00,1827.17,1829.84,1724.43,1731.78,310231.9675
2023-06-10 08:00:00,1731.79,1749.56,1715.03,1747.95,101456.4331
2023-06-10 12:00:00,1747.95,1747.96,1732.85,1737.39,41864.4356
2023-06-10 16:00:00,1737.39,1773.03,1718.5,1744.48,119236.9659
2023-06-10 20:00:00,1744.48,1757.58,1738.59,1751.53,28894.6373
2023-06-11 00:00:00,1751.52,1752.46,1743.64,1751.55,30997.0605
2023-06-11 04:00:00,1751.55,1759.76,1743.88,1752.92,26141.8363
2023-06-11 08:00:00,1752.92,1755.54,1745.15,1752.13,25102.8579
2023-06-11 12:00:00,1752.14,1752.39,1738.72,1740.8,33875.0287
2023-06-11 16:00:00,1740.8,1768.26,1739.76,1762.27,49706.6513
2023-06-11 20:00:00,1762.27,1778.25,1741.64,1752.76,54132.8087
2023-06-12 00:00:00,1752.77,1755.35,1720.11,1735.76,70840.0702
2023-06-12 04:00:00,1735.76,1748.0,1732.77,1736.7,33548.1957
2023-06-12 08:00:00,1736.7,1759.33,1734.28,1745.6,54970.7252
2023-06-12 12:00:00,1745.61,1747.25,1728.88,1731.87,52845.906
2023-06-12 16:00:00,1731.86,1747.16,1720.0,1733.14,65402.1042
2023-06-12 20:00:00,1733.15,1746.46,1730.22,1742.57,24525.4806
2023-06-13 00:00:00,1742.57,1756.0,1728.43,1747.37,49910.0766
2023-06-13 04:00:00,1747.38,1753.26,1741.13,1748.27,21230.727
2023-06-13 08:00:00,1748.28,1759.65,1746.32,1753.81,40038.3523
2023-06-13 12:00:00,1753.8,1770.13,1724.22,1730.18,120003.5116
2023-06-13 16:00:00,1730.17,1750.85,1729.21,1740.31,32821.2772
2023-06-13 20:00:00,1740.31,1744.41,1733.36,1740.12,20264.0571
2023-06-14 00:00:00,1740.12,1748.45,1738.26,1746.12,21088.1473
2023-06-14 04:00:00,1746.11,1747.05,1737.0,1741.29,22773.5115
2023-06-14 08:00:00,1741.28,1750.03,1740.9,1745.96,24121.4579
2023-06-14 12:00:00,1745.96,1749.3,1737.38,1741.05,29973.2817
2023-06-14 16:00:00,1741.04,1747.31,1720.01,1728.33,78982.7026
2023-06-14 20:00:00,1728.34,1728.98,1630.43,1650.95,238908.226
2023-06-15 00:00:00,1650.95,1656.59,1643.73,1652.0,42833.9022
2023-06-15 04:00:00,1652.0,1653.51,1632.04,1639.95,68703.7038
2023-06-15 08:00:00,1639.96,1645.16,1626.01,1643.05,76581.5059
2023-06-15 12:00:00,1643.05,1652.14,1635.91,1642.42,54802.0459
2023-06-15 16:00:00,1642.42,1672.37,1633.79,1668.97,69902.4764
2023-06-15 20:00:00,1668.97,1680.91,1654.32,1666.96,57951.1354
2023-06-16 00:00:00,1666.96,1669.54,1660.0,1667.11,24990.3622
2023-06-16 04:00:00,1667.1,1675.0,1666.76,1671.08,34842.0621
2023-06-16 08:00:00,1671.08,1677.13,1662.97,1664.42,34464.8078
2023-06-16 12:00:00,1664.43,1688.0,1649.86,1682.31,82802.0254
2023-06-16 16:00:00,1682.32,1729.5,1677.56,1722.19,108494.3847
2023-06-16 20:00:00,1722.18,1729.0,1715.93,1717.92,26140.9482
2023-06-17 00:00:00,1717.91,1721.88,1714.26,1718.74,19310.3829
2023-06-17 04:00:00,1718.75,1770.0,1717.53,1744.63,93952.3364
2023-06-17 08:00:00,1744.62,1747.45,1734.1,1738.41,24200.4981
2023-06-17 12:00:00,1738.4,1742.22,1717.92,1727.88,37202.7411
2023-06-17 16:00:00,1727.88,1732.47,1721.65,1728.39,22321.2303
2023-06-17 20:00:00,1728.39,1732.67,1723.09,1727.76,13927.7328
2023-06-18 00:00:00,1727.75,1730.2,1720.47,1728.89,16287.0552
2023-06-18 04:00:00,1728.9,1738.32,1722.43,1730.14,24918.3151
2023-06-18 08:00:00,1730.14,1735.38,1725.78,1734.44,15884.4653
2023-06-18 12:00:00,1734.45,1742.21,1730.2,1738.11,21925.9236
2023-06-18 16:00:00,1738.12,1747.84,1736.22,1741.33,26340.0508
2023-06-18 20:00:00,1741.34,1743.67,1712.0,1720.95,51179.2028
2023-06-19 00:00:00,1720.95,1728.2,1714.32,1723.52,21220.3523
2023-06-19 04:00:00,1723.52,1727.58,1720.0,1724.49,13336.1849
2023-06-19 08:00:00,1724.48,1727.21,1720.05,1725.87,20541.0377
2023-06-19 12:00:00,1725.87,1734.04,1715.69,1721.45,42485.2381
2023-06-19 16:00:00,1721.45,1752.19,1698.0,1724.24,117978.2068
2023-06-19 20:00:00,1724.25,1737.99,1722.79,1737.11,29601.7391
2023-06-20 00:00:00,1737.1,1749.79,1730.0,1730.74,36594.6903
2023-06-20 04:00:00,1730.75,1734.63,1723.66,1729.99,23182.0441
2023-06-20 08:00:00,1729.98,1734.59,1724.1,1734.39,22974.6409
2023-06-20 12:00:00,1734.39,1738.49,1714.72,1732.48,39461.9007
2023-06-20 16:00:00,1732.49,1791.88,1728.39,1782.1,141810.2991
2023-06-20 20:00:00,1782.09,1796.99,1774.14,1791.99,64832.1095
2023-06-21 00:00:00,1791.99,1828.26,1787.38,1811.38,94834.4444
2023-06-21 04:00:00,1811.39,1823.58,1808.08,1813.08,56253.0522
2023-06-21 08:00:00,1813.07,1833.44,1807.4,1829.65,57276.854
2023-06-21 12:00:00,1829.65,1856.89,1815.05,1849.81,165135.5261
2023-06-21 16:00:00,1849.81,1900.0,1846.88,1882.35,168789.6407
2023-06-21 20:00:00,1882.35,1901.0,1872.03,1889.11,71466.3695
2023-06-22 00:00:00,1889.1,1933.17,1883.8,1918.45,113895.9015
2023-06-22 04:00:00,1918.45,1919.5,1902.83,1910.79,47550.6177
2023-06-22 08:00:00,1910.79,1912.32,1881.43,1886.76,74885.7341
2023-06-22 12:00:00,1886.76,1909.4,1865.98,1877.25,100035.2405
2023-06-22 16:00:00,1877.24,1892.46,1875.47,1889.6,45457.7931
2023-06-22 20:00:00,1889.6,1891.4,1867.07,1872.01,34889.285
2023-06-23 00:00:00,1872.0,1883.61,1862.56,1881.75,38144.057
2023-06-23 04:00:00,1881.74,1886.45,1874.8,1880.44,25303.0622
2023-06-23 08:00:00,1880.44,1888.69,1874.64,1879.76,34861.9925
2023-06-23 12:00:00,1879.75,1922.16,1861.01,1917.61,124046.6447
2023-06-23 16:00:00,1917.61,1936.42,1886.01,1900.82,132470.7116
2023-06-23 20:00:00,1900.83,1908.01,1876.0,1892.63,46321.4644
2023-06-24 00:00:00,1892.63,1896.55,1878.15,1894.0,35282.2504
2023-06-24 04:00:00,1894.01,1897.86,1882.2,1883.04,26513.8546
2023-06-24 08:00:00,1883.04,1893.08,1882.27,1890.49,25201.3843
2023-06-24 12:00:00,1890.48,1906.0,1868.43,1874.3,68530.746
2023-06-24 16:00:00,1874.31,1889.22,1867.2,1888.0,39590.9898
2023-06-24 20:00:00,1887.99,1888.0,1864.77,1874.96,31791.069
2023-06-25 00:00:00,1874.95,1896.69,1868.83,1895.08,41710.745
2023-06-25 04:00:00,1895.14,1930.0,1895.14,1911.81,94099.6922
2023-06-25 08:00:00,1911.81,1924.51,1907.49,1918.37,52799.9087
2023-06-25 12:00:00,1918.37,1919.57,1881.47,1886.51,79607.6556
2023-06-25 16:00:00,1886.51,1895.51,1881.56,1894.6,38513.1659
2023-06-25 20:00:00,1894.6,1906.3,1888.37,1898.8,32026.4484
2023-06-26 00:00:00,1898.8,1904.26,1866.0,1880.46,73479.3543
2023-06-26 04:00:00,1880.46,1904.76,1871.04,1892.32,47888.7227
2023-06-26 08:00:00,1892.32,1893.95,1872.38,1880.87,66571.0777
2023-06-26 12:00:00,1880.87,1909.1,1871.01,1889.32,94403.9806
2023-06-26 16:00:00,1889.33,1890.69,1837.18,1854.1,140563.8432
2023-06-26 20:00:00,1854.1,1860.42,1847.02,1858.97,35836.8825
2023-06-27 00:00:00,1858.97,1878.93,1855.19,1872.15,51548.1044
2023-06-27 04:00:00,1872.16,1879.2,1862.01,1875.58,37550.2836
2023-06-27 08:00:00,1875.59,1890.51,1871.61,1881.53,52245.1205
2023-06-27 12:00:00,1881.53,1896.55,1863.6,1871.6,74590.0385
2023-06-27 16:00:00,1871.6,1912.53,1869.62,1894.39,119376.1212
2023-06-27 20:00:00,1894.4,1897.39,1885.13,1889.58,31324.9025
2023-06-28 00:00:00,1889.58,1890.19,1853.7,1866.46,82712.545
2023-06-28 04:00:00,1866.46,1870.0,1848.58,1851.0,53354.3894
2023-06-28 08:00:00,1851.0,1865.2,1850.24,1861.1,30275.4003
2023-06-28 12:00:00,1861.1,1868.41,1845.06,1859.6,57396.5458
2023-06-28 16:00:00,1859.6,1864.86,1816.56,1832.45,75349.1623
2023-06-28 20:00:00,1832.46,1837.02,1825.08,1828.02,38748.5364
2023-06-29 00:00:00,1828.03,1843.08,1827.84,1838.04,24108.5426
2023-06-29 04:00:00,1838.04,1850.55,1836.57,1847.45,23524.698
2023-06-29 08:00:00,1847.45,1872.84,1846.74,1869.6,63671.9842
2023-06-29 12:00:00,1869.59,1880.0,1847.01,1851.79,73404.5558
2023-06-29 16:00:00,1851.79,1860.0,1841.38,1857.48,33223.9362
2023-06-29 20:00:00,1857.48,1859.5,1842.98,1851.99,23911.1113
2023-06-30 00:00:00,1851.99,1879.0,1841.5,1873.34,53052.3556
2023-06-30 04:00:00,1873.35,1907.99,1869.55,1887.8,104594.5161
2023-06-30 08:00:00,1887.81,1894.38,1883.44,1891.1,52089.9317
2023-06-30 12:00:00,1891.1,1913.4,1825.01,1852.32,214523.0022
2023-06-30 16:00:00,1852.32,1948.6,1849.0,1926.32,245744.2962
2023-06-30 20:00:00,1926.32,1943.68,1918.66,1933.79,46534.0017
2023-07-01 00:00:00,1933.8,1944.56,1917.28,1920.16,52121.6969
2023-07-01 04:00:00,1920.15,1922.17,1909.44,1920.05,30400.8357
2023-07-01 08:00:00,1920.04,1926.87,1911.6,1922.55,31289.1475
2023-07-01 12:00:00,1922.56,1929.87,1917.5,1922.63,33569.8465
2023-07-01 16:00:00,1922.63,1924.2,1916.6,1922.6,18792.3057
2023-07-01 20:00:00,1922.6,1927.32,1920.63,1924.5,12199.5365
2023-07-02 00:00:00,1924.5,1926.7,1911.26,1913.91,31697.9657
2023-07-02 04:00:00,1913.91,1916.77,1910.06,1914.97,20181.1865
2023-07-02 08:00:00,1914.96,1922.4,1911.83,1919.99,22339.8549
2023-07-02 12:00:00,1919.99,1927.61,1885.75,1918.61,56795.2302
2023-07-02 16:00:00,1918.6,1924.2,1901.61,1914.12,33504.3544
2023-07-02 20:00:00,1914.12,1959.2,1911.26,1937.48,91334.1915
2023-07-03 00:00:00,1937.49,1953.5,1933.55,1949.01,39170.5758
2023-07-03 04:00:00,1949.0,1973.76,1941.75,1966.83,59401.5202
2023-07-03 08:00:00,1966.83,1976.0,1954.6,1962.01,53017.1389
2023-07-03 12:00:00,1962.0,1976.16,1954.6,1968.17,69538.2147
2023-07-03 16:00:00,1968.17,1974.71,1953.26,1967.4,63204.4368
2023-07-03 20:00:00,1967.39,1968.0,1948.22,1955.54,37770.5431
2023-07-04 00:00:00,1955.55,1967.08,1950.34,1963.34,39871.459
2023-07-04 04:00:00,1963.34,1963.35,1946.39,1948.8,31316.6633
2023-07-04 08:00:00,1948.81,1961.99,1946.54,1960.53,31901.0301
2023-07-04 12:00:00,1960.53,1961.7,1950.44,1954.19,27363.1191
2023-07-04 16:00:00,1954.19,1965.57,1931.58,1934.29,57187.4738
2023-07-04 20:00:00,1934.29,1942.67,1932.12,1936.2,17885.3531
2023-07-05 00:00:00,1936.19,1942.5,1933.64,1941.28,19400.9952
2023-07-05 04:00:00,1941.28,1942.0,1932.15,1936.35,24812.611
2023-07-05 08:00:00,1936.36,1937.07,1905.0,1910.08,89042.8555
2023-07-05 12:00:00,1910.07,1913.92,1894.51,1902.96,79466.4451
2023-07-05 16:00:00,1902.97,1918.0,1901.26,1907.71,32428.3913
2023-07-05 20:00:00,1907.71,1915.59,1904.03,1910.36,22482.1802
2023-07-06 00:00:00,1910.35,1915.63,1898.8,1913.51,32525.109
2023-07-06 04:00:00,1913.5,1930.0,1909.51,1925.08,40490.5504
2023-07-06 08:00:00,1925.09,1958.0,1910.39,1917.65,106976.8268
2023-07-06 12:00:00,1917.66,1919.37,1865.08,1888.67,169027.9964
2023-07-06 16:00:00,1888.66,1894.24,1878.4,1885.21,39809.5986
2023-07-06 20:00:00,1885.21,1887.64,1846.0,1846.17,67532.6598
2023-07-07 00:00:00,1846.17,1859.89,1826.0,1858.02,71744.6908
2023-07-07 04:00:00,1858.03,1863.33,1851.56,1856.4,32690.0349
2023-07-07 08:00:00,1856.41,1865.6,1853.81,1860.17,26990.404
2023-07-07 12:00:00,1860.16,1878.0,1851.43,1872.03,57155.4499
2023-07-07 16:00:00,1872.04,1875.27,1856.29,1864.31,26375.5593
2023-07-07 20:00:00,1864.3,1871.83,1863.02,1870.91,17988.2077
2023-07-08 00:00:00,1870.92,1876.0,1862.88,1863.94,24823.0467
2023-07-08 04:00:00,1863.93,1863.94,1855.0,1861.69,19542.0913
2023-07-08 08:00:00,1861.69,1867.8,1857.2,1859.01,17175.5158
2023-07-08 12:00:00,1859.01,1862.0,1855.86,1859.44,16243.8318
2023-07-08 16:00:00,1859.43,1866.0,1843.6,1846.89,25866.2133
2023-07-08 20:00:00,1846.9,1866.5,1842.8,1865.24,22169.1284
2023-07-09 00:00:00,1865.24,1874.45,1862.71,1867.84,22297.5777
2023-07-09 04:00:00,1867.85,1870.68,1864.04,1867.42,14594.986
2023-07-09 08:00:00,1867.42,1870.04,1864.21,1868.98,14426.1524
2023-07-09 12:00:00,1868.98,1879.36,1856.66,1866.12,43748.403
2023-07-09 16:00:00,1866.13,1868.79,1861.68,1868.42,14827.2391
2023-07-09 20:00:00,1868.42,1871.66,1856.15,1862.8,25152.0161
2023-07-10 00:00:00,1862.81,1867.77,1846.63,1861.66,39810.1973
2023-07-10 04:00:00,1861.66,1863.0,1852.55,1856.19,19900.2409
2023-07-10 08:00:00,1856.2,1865.32,1849.4,1864.0,30571.8374
2023-07-10 12:00:00,1863.99,1873.75,1860.2,1871.09,34293.2246
2023-07-10 16:00:00,1871.09,1901.11,1865.54,1899.98,62902.1649
2023-07-10 20:00:00,1899.98,1905.5,1866.75,1880.4,60390.4843
2023-07-11 00:00:00,1880.41,1884.54,1875.5,1879.81,25511.3696
2023-07-11 04:00:00,1879.82,1891.99,1876.9,1883.0,29221.1137
2023-07-11 08:00:00,1883.01,1883.82,1863.99,1867.55,39895.4986
2023-07-11 12:00:00,1867.55,1882.56,1862.38,1871.69,43651.8781
2023-07-11 16:00:00,1871.68,1876.35,1866.01,1874.93,24992.4792
2023-07-11 20:00:00,1874.92,1880.0,1871.78,1878.3,14499.2725
2023-07-12 00:00:00,1878.31,1889.38,1876.51,1880.24,31244.0909
2023-07-12 04:00:00,1880.24,1895.61,1878.54,1890.6,38964.3785
2023-07-12 08:00:00,1890.59,1892.0,1886.4,1890.65,22536.9578
2023-07-12 12:00:00,1890.65,1902.0,1878.2,1883.78,100975.2748
2023-07-12 16:00:00,1883.77,1891.5,1866.98,1870.04,47730.9908
2023-07-12 20:00:00,1870.04,1874.01,1864.37,1871.82,22955.1745
2023-07-13 00:00:00,1871.82,1876.13,1866.0,1867.4,20738.9947
2023-07-13 04:00:00,1867.4,1874.5,1862.59,1870.36,29150.277
2023-07-13 08:00:00,1870.37,1885.21,1869.86,1883.72,27114.1954
2023-07-13 12:00:00,1883.72,1943.58,1876.11,1932.8,117763.5449
2023-07-13 16:00:00,1932.8,2012.63,1930.9,1995.25,295630.989
2023-07-13 20:00:00,1995.26,2009.54,1971.28,2004.49,58463.4197
2023-07-14 00:00:00,2004.49,2029.11,2002.17,2009.26,92370.2999
2023-07-14 04:00:00,2009.25,2012.0,1987.11,1991.21,43854.0085
2023-07-14 08:00:00,1991.21,2003.42,1983.81,1992.22,47920.7749
2023-07-14 12:00:00,1992.22,2007.46,1984.7,1998.51,55839.7252
2023-07-14 16:00:00,1998.52,2001.18,1898.39,1912.91,205332.2213
2023-07-14 20:00:00,1912.9,1938.35,1900.33,1937.83,53407.0061
2023-07-15 00:00:00,1937.82,1937.83,1926.23,1930.35,25232.7571
2023-07-15 04:00:00,1930.34,1943.91,1926.99,1941.86,27658.7174
2023-07-15 08:00:00,1941.86,1946.37,1936.7,1939.82,24582.0957
2023-07-15 12:00:00,1939.83,1941.23,1929.0,1934.81,24867.582
2023-07-15 16:00:00,1934.81,1939.05,1929.44,1933.68,20470.2865
2023-07-15 20:00:00,1933.67,1933.68,1926.6,1931.41,12370.3276
2023-07-16 00:00:00,1931.41,1937.72,1914.0,1923.01,37298.6642
2023-07-16 04:00:00,1923.0,1931.86,1920.61,1925.43,27077.3134
2023-07-16 08:00:00,1925.43,1936.52,1925.42,1933.01,16106.1554
2023-07-16 12:00:00,1933.02,1943.55,1928.84,1936.81,22995.0535
2023-07-16 16:00:00,1936.81,1939.43,1925.79,1927.78,17278.6165
2023-07-16 20:00:00,1927.79,1937.2,1916.73,1922.11,27911.3021
2023-07-17 00:00:00,1922.12,1932.6,1917.23,1931.23,27528.747
2023-07-17 04:00:00,1931.22,1936.18,1926.71,1928.69,22800.1935
2023-07-17 08:00:00,1928.7,1931.35,1889.36,1910.09,62445.5076
2023-07-17 12:00:00,1910.09,1917.54,1900.33,1908.81,42008.2169
2023-07-17 16:00:00,1908.81,1913.2,1873.26,1886.39,84499.4882
2023-07-17 20:00:00,1886.39,1920.2,1885.83,1911.2,37876.8817
2023-07-18 00:00:00,1911.21,1917.19,1906.25,1908.88,19832.6141
2023-07-18 04:00:00,1908.88,1911.72,1893.36,1898.99,37921.2814
2023-07-18 08:00:00,1898.99,1909.64,1890.8,1894.15,39215.5098
2023-07-18 12:00:00,1894.15,1903.66,1885.08,1897.2,49833.1236
2023-07-18 16:00:00,1897.21,1903.58,1875.73,1892.05,47300.3775
2023-07-18 20:00:00,1892.05,1902.27,1889.57,1897.21,21677.5942
2023-07-19 00:00:00,1897.21,1915.44,1895.09,1912.48,34769.6794
2023-07-19 04:00:00,1912.48,1917.98,1907.0,1908.61,24293.1506
2023-07-19 08:00:00,1908.6,1911.95,1902.28,1909.28,19800.2821
2023-07-19 12:00:00,1909.29,1922.04,1894.24,1906.31,49036.4762
2023-07-19 16:00:00,1906.21,1917.74,1900.9,1910.0,39568.3972
2023-07-19 20:00:00,1910.0,1910.37,1882.17,1888.63,50577.015
2023-07-20 00:00:00,1888.64,1899.9,1882.7,1894.33,26585.8812
2023-07-20 04:00:00,1894.32,1914.36,1893.35,1912.52,40669.3599
2023-07-20 08:00:00,1912.51,1929.05,1911.5,1921.47,64547.2427
2023-07-20 12:00:00,1921.47,1923.0,1884.45,1888.61,85310.5739
2023-07-20 16:00:00,1888.6,1893.67,1878.0,1887.98,52952.1113
2023-07-20 20:00:00,1887.97,1898.74,1882.31,1891.59,22842.3474
2023-07-21 00:00:00,1891.59,1901.76,1886.64,1896.77,26921.7996
2023-07-21 04:00:00,1896.78,1897.52,1887.6,1889.3,22884.3924
2023-07-21 08:00:00,1889.3,1894.15,1884.64,1889.25,27048.9108
2023-07-21 12:00:00,1889.24,1896.41,1886.17,1891.07,33510.7294
2023-07-21 16:00:00,1891.08,1905.74,1885.13,1894.64,41130.9797
2023-07-21 20:00:00,1894.65,1896.24,1890.59,1891.73,14057.2309
2023-07-22 00:00:00,1891.73,1897.35,1891.14,1892.85,16937.6107
2023-07-22 04:00:00,1892.84,1895.87,1890.42,1891.78,14398.5153
2023-07-22 08:00:00,1891.78,1894.53,1883.79,1888.02,17018.2964
2023-07-22 12:00:00,1888.01,1890.25,1885.0,1888.65,13733.4259
2023-07-22 16:00:00,1888.64,1890.59,1882.02,1887.28,13388.0249
2023-07-22 20:00:00,1887.28,1888.54,1851.18,1866.52,56425.7755
2023-07-23 00:00:00,1866.52,1873.4,1857.82,1869.28,32510.5202
2023-07-23 04:00:00,1869.28,1879.14,1869.27,1875.04,18561.2305
2023-07-23 08:00:00,1875.04,1878.43,1873.8,1874.69,10736.3674
2023-07-23 12:00:00,1874.68,1876.06,1872.04,1873.96,12915.7355
2023-07-23 16:00:00,1873.96,1905.25,1873.95,1889.13,54855.0153
2023-07-23 20:00:00,1889.13,1893.69,1875.23,1888.73,23922.1489
2023-07-24 00:00:00,1888.74,1890.86,1866.01,1868.36,30865.5076
2023-07-24 04:00:00,1868.35,1877.5,1862.6,1874.99,22275.8082
2023-07-24 08:00:00,1875.0,1875.0,1833.19,1853.04,88893.4155
2023-07-24 12:00:00,1853.04,1854.76,1834.66,1843.09,77063.6001
2023-07-24 16:00:00,1843.09,1851.21,1839.08,1849.38,41257.035
2023-07-24 20:00:00,1849.39,1851.82,1845.34,1850.0,16149.1883
2023-07-25 00:00:00,1850.0,1856.44,1845.45,1850.81,20879.7213
2023-07-25 04:00:00,1850.82,1853.55,1846.49,1850.73,15572.4233
2023-07-25 08:00:00,1850.73,1863.2,1849.38,1853.4,25345.0716
2023-07-25 12:00:00,1853.39,1868.71,1852.34,1858.04,44230.6063
2023-07-25 16:00:00,1858.04,1866.38,1852.92,1857.08,29212.5097
2023-07-25 20:00:00,1857.08,1864.85,1856.01,1857.66,17010.8778
2023-07-26 00:00:00,1857.66,1866.94,1851.73,1858.7,29321.2534
2023-07-26 04:00:00,1858.69,1860.99,1852.08,1853.13,20614.7723
2023-07-26 08:00:00,1853.14,1855.99,1848.35,1851.1,25739.6465
2023-07-26 12:00:00,1851.1,1861.0,1850.2,1860.71,56942.0169
2023-07-26 16:00:00,1860.71,1883.0,1855.11,1873.19,89922.0138
2023-07-26 20:00:00,1873.19,1888.0,1866.6,1872.0,49550.8304
2023-07-27 00:00:00,1871.99,1879.07,1867.05,1876.08,25910.0192
2023-07-27 04:00:00,1876.07,1882.08,1864.7,1871.88,24961.5151
2023-07-27 08:00:00,1871.88,1886.11,1869.8,1876.77,34681.7793
2023-07-27 12:00:00,1876.76,1878.71,1863.99,1868.66,32006.8941
2023-07-27 16:00:00,1868.65,1869.22,1855.0,1860.86,29128.4536
2023-07-27 20:00:00,1860.85,1862.31,1854.84,1861.28,17077.7646
2023-07-28 00:00:00,1861.29,1864.99,1860.0,1862.84,13831.2096
2023-07-28 04:00:00,1862.85,1864.72,1856.52,1859.22,25037.5056
2023-07-28 08:00:00,1859.23,1869.04,1858.88,1866.64,27404.9207
2023-07-28 12:00:00,1866.63,1883.39,1866.6,1875.22,42674.5717
2023-07-28 16:00:00,1875.21,1879.56,1866.27,1874.08,21723.5545
2023-07-28 20:00:00,1874.09,1877.7,1872.51,1874.19,8023.9526
2023-07-29 00:00:00,1874.2,1877.0,1873.06,1873.61,10394.4074
2023-07-29 04:00:00,1873.62,1877.09,1871.19,1872.19,10974.2664
2023-07-29 08:00:00,1872.2,1873.68,1869.54,1870.47,12118.1111
2023-07-29 12:00:00,1870.47,1875.79,1870.47,1872.72,12494.2857
2023-07-29 16:00:00,1872.72,1879.34,1871.25,1877.96,10934.8233
2023-07-29 20:00:00,1877.96,1886.58,1877.96,1880.46,15951.133
2023-07-30 00:00:00,1880.45,1881.52,1877.47,1878.5,9831.0191
2023-07-30 04:00:00,1878.5,1879.44,1873.44,1875.29,13824.8168
2023-07-30 08:00:00,1875.29,1876.88,1872.44,1876.18,18258.0997
2023-07-30 12:00:00,1876.18,1885.3,1871.37,1876.43,23862.1206
2023-07-30 16:00:00,1876.43,1879.21,1857.99,1862.51,39646.5646
2023-07-30 20:00:00,1862.52,1865.78,1848.17,1861.79,53234.9694
2023-07-31 00:00:00,1861.79,1877.4,1861.12,1869.14,30423.207
2023-07-31 04:00:00,1869.15,1870.01,1862.42,1865.33,25975.2834
2023-07-31 08:00:00,1865.34,1870.0,1864.73,1867.8,22294.901
2023-07-31 12:00:00,1867.8,1873.21,1856.67,1857.37,32968.3341
2023-07-31 16:00:00,1857.37,1863.12,1854.16,1856.49,32501.011
2023-07-31 20:00:00,1856.5,1860.81,1851.02,1856.14,24041.7169
2023-08-01 00:00:00,1856.13,1864.7,1815.98,1826.49,95811.9535
2023-08-01 04:00:00,1826.49,1836.23,1821.28,1834.19,42260.0404
2023-08-01 08:00:00,1834.18,1837.37,1830.2,1830.7,28479.3773
2023-08-01 12:00:00,1830.7,1836.39,1813.8,1834.58,68891.5074
2023-08-01 16:00:00,1834.59,1857.46,1829.81,1850.96,62169.256
2023-08-01 20:00:00,1850.95,1875.62,1846.71,1873.47,60863.962
2023-08-02 00:00:00,1873.48,1879.74,1863.04,1863.28,52640.0042
2023-08-02 04:00:00,1863.29,1865.0,1856.16,1857.08,25212.1182
2023-08-02 08:00:00,1857.08,1861.01,1853.66,1859.9,30559.9204
2023-08-02 12:00:00,1859.89,1861.0,1834.44,1842.42,53955.0737
2023-08-02 16:00:00,1842.42,1847.53,1821.21,1841.84,68067.3737
2023-08-02 20:00:00,1841.85,1845.58,1837.6,1839.9,23778.5651
2023-08-03 00:00:00,1839.9,1846.07,1837.2,1840.73,20507.4174
2023-08-03 04:00:00,1840.72,1840.98,1832.0,1832.16,20941.4716
2023-08-03 08:00:00,1832.16,1838.78,1826.0,1837.62,26059.807
2023-08-03 12:00:00,1837.63,1850.0,1833.7,1840.5,30375.8704
2023-08-03 16:00:00,1840.49,1859.12,1839.31,1845.48,40116.9366
2023-08-03 20:00:00,1845.47,1853.7,1831.11,1835.81,33146.549
2023-08-04 00:00:00,1835.81,1839.07,1828.35,1834.3,22375.3279
2023-08-04 04:00:00,1834.3,1838.27,1831.21,1837.8,18858.3998
2023-08-04 08:00:00,1837.81,1840.58,1833.38,1834.6,20930.5369
2023-08-04 12:00:00,1834.6,1851.31,1831.5,1847.26,53087.66
2023-08-04 16:00:00,1847.26,1848.57,1827.16,1831.33,38885.2683
2023-08-04 20:00:00,1831.34,1834.2,1815.74,1830.23,33562.2623
2023-08-05 00:00:00,1830.24,1834.02,1827.5,1832.49,18245.7254
2023-08-05 04:00:00,1832.48,1833.97,1828.69,1831.08,14574.1725
2023-08-05 08:00:00,1831.07,1835.0,1830.2,1832.74,11568.6158
2023-08-05 12:00:00,1832.74,1837.09,1830.51,1833.79,21354.1558
2023-08-05 16:00:00,1833.78,1839.0,1830.86,1835.49,18964.7125
2023-08-05 20:00:00,1835.5,1838.35,1834.28,1836.48,8949.9435
2023-08-06 00:00:00,1836.48,1838.58,1833.34,1834.77,15221.2648
2023-08-06 04:00:00,1834.78,1836.81,1832.36,1835.15,11974.2414
2023-08-06 08:00:00,1835.15,1837.86,1828.51,1832.39,18200.7575
2023-08-06 12:00:00,1832.39,1833.01,1825.86,1829.29,14999.9754
2023-08-06 16:00:00,1829.29,1836.06,1828.49,1832.0,14668.3036
2023-08-06 20:00:00,1832.01,1838.05,1828.0,1830.28,15339.4488
2023-08-07 00:00:00,1830.28,1847.0,1826.41,1838.71,31521.4171
2023-08-07 04:00:00,1838.7,1842.39,1832.02,1836.87,21548.1277
2023-08-07 08:00:00,1836.87,1837.39,1832.55,1834.22,17992.8285
2023-08-07 12:00:00,1834.21,1837.3,1813.86,1818.18,53139.2589
2023-08-07 16:00:00,1818.18,1831.33,1802.0,1825.28,82062.6536
2023-08-07 20:00:00,1825.27,1830.68,1823.2,1829.1,17828.6201
2023-08-08 00:00:00,1829.1,1835.41,1826.33,1830.0,22654.7555
2023-08-08 04:00:00,1830.0,1839.2,1829.86,1830.56,19112.8458
2023-08-08 08:00:00,1830.56,1839.31,1830.09,1839.09,20180.8621
2023-08-08 12:00:00,1839.08,1848.96,1835.48,1843.58,47912.8741
2023-08-08 16:00:00,1843.58,1871.43,1843.4,1859.07,85154.029
2023-08-08 20:00:00,1859.07,1876.51,1854.75,1856.3,41320.6635
2023-08-09 00:00:00,1856.3,1861.02,1852.18,1854.9,31722.0708
2023-08-09 04:00:00,1854.9,1863.25,1853.64,1861.1,35120.4826
2023-08-09 08:00:00,1861.11,1866.25,1858.06,1862.79,27463.4485
2023-08-09 12:00:00,1862.79,1871.99,1851.12,1853.2,52211.0296
2023-08-09 16:00:00,1853.2,1855.0,1846.28,1848.4,30829.3811
2023-08-09 20:00:00,1848.41,1858.75,1847.28,1855.35,14580.4217
2023-08-10 00:00:00,1855.36,1858.02,1852.54,1852.84,14673.0142
2023-08-10 04:00:00,1852.85,1855.48,1849.75,1851.06,17115.5282
2023-08-10 08:00:00,1851.05,1854.66,1849.78,1850.92,15849.1767
2023-08-10 12:00:00,1850.91,1865.95,1848.1,1853.76,50597.8865
2023-08-10 16:00:00,1853.77,1854.27,1845.38,1849.89,21000.8906
2023-08-10 20:00:00,1849.89,1853.25,1849.0,1852.47,8084.9591
2023-08-11 00:00:00,1852.47,1854.8,1842.81,1846.66,20347.1089
2023-08-11 04:00:00,1846.65,1851.17,1846.41,1849.38,15717.0514
2023-08-11 08:00:00,1849.38,1851.72,1845.85,1851.33,12911.1236
2023-08-11 12:00:00,1851.32,1857.26,1843.83,1845.8,31314.9901
2023-08-11 16:00:00,1845.8,1848.92,1838.05,1844.56,22951.8757
2023-08-11 20:00:00,1844.55,1850.99,1843.96,1848.84,9967.1606
2023-08-12 00:00:00,1848.84,1854.01,1847.66,1847.8,12470.6044
2023-08-12 04:00:00,1847.79,1851.46,1847.06,1850.69,10896.1887
2023-08-12 08:00:00,1850.69,1851.49,1848.63,1850.85,10880.1993
2023-08-12 12:00:00,1850.85,1853.67,1850.4,1850.83,14089.4633
2023-08-12 16:00:00,1850.84,1852.68,1847.2,1847.43,8957.5182
2023-08-12 20:00:00,1847.42,1849.94,1846.08,1849.93,5998.6737
2023-08-13 00:00:00,1849.94,1851.55,1849.1,1849.9,8711.1977
2023-08-13 04:00:00,1849.9,1850.01,1846.68,1850.0,9365.4162
2023-08-13 08:00:00,1850.0,1851.28,1849.0,1849.4,8302.8929
2023-08-13 12:00:00,1849.4,1851.85,1847.3,1848.01,11027.2417
2023-08-13 16:00:00,1848.01,1862.0,1846.0,1858.59,26140.1637
2023-08-13 20:00:00,1858.6,1860.19,1834.51,1840.73,57127.2242
2023-08-14 00:00:00,1840.73,1849.01,1835.0,1846.79,38834.8712
2023-08-14 04:00:00,1846.78,1852.2,1846.78,1849.81,21602.6608
2023-08-14 08:00:00,1849.8,1852.25,1846.4,1848.0,19944.5475
2023-08-14 12:00:00,1847.99,1856.5,1844.33,1853.41,28357.166
2023-08-14 16:00:00,1853.4,1855.68,1839.83,1842.63,28417.172
2023-08-14 20:00:00,1842.64,1846.4,1841.31,1845.5,13039.7028
2023-08-15 00:00:00,1845.5,1847.36,1843.4,1844.69,18907.5773
2023-08-15 04:00:00,1844.69,1844.91,1840.39,1843.71,25238.8351
2023-08-15 08:00:00,1843.7,1845.16,1839.0,1840.27,24539.4203
2023-08-15 12:00:00,1840.28,1846.0,1838.0,1840.4,27742.951
2023-08-15 16:00:00,1840.4,1842.28,1814.0,1827.67,70828.386
2023-08-15 20:00:00,1827.68,1832.0,1825.0,1828.98,18824.5292
2023-08-16 00:00:00,1828.98,1831.52,1827.82,1828.78,14071.8444
2023-08-16 04:00:00,1828.78,1828.97,1818.97,1827.26,38878.669
2023-08-16 08:00:00,1827.25,1827.51,1819.85,1825.3,19767.3441
2023-08-16 12:00:00,1825.31,1828.31,1818.8,1820.6,31819.0826
2023-08-16 16:00:00,1820.59,1829.22,1816.13,1820.95,31649.5667
2023-08-16 20:00:00,1820.95,1823.08,1798.17,1807.81,69244.23
2023-08-17 00:00:00,1807.81,1809.99,1780.04,1798.52,67300.8512
2023-08-17 04:00:00,1798.53,1803.52,1797.47,1799.96,18449.3869
2023-08-17 08:00:00,1799.95,1800.04,1784.49,1787.91,40723.6521
2023-08-17 12:00:00,1787.91,1793.0,1726.0,1739.61,181207.5072
2023-08-17 16:00:00,1739.62,1749.0,1726.0,1738.26,93868.6037
2023-08-17 20:00:00,1738.26,1739.6,1550.0,1681.49,410588.2148
2023-08-18 00:00:00,1681.49,1699.4,1672.86,1677.0,113563.4042
2023-08-18 04:00:00,1677.0,1697.28,1662.06,1690.6,91958.3036
2023-08-18 08:00:00,1690.6,1697.0,1678.48,1685.9,57349.8191
2023-08-18 12:00:00,1685.9,1687.19,1653.74,1660.71,103890.3529
2023-08-18 16:00:00,1660.72,1678.57,1641.02,1657.61,134302.0897
2023-08-18 20:00:00,1657.61,1670.0,1656.41,1661.59,37019.1323
2023-08-19 00:00:00,1661.6,1671.64,1656.3,1659.59,36611.7398
2023-08-19 04:00:00,1659.6,1663.55,1654.31,1661.29,28136.7061
2023-08-19 08:00:00,1661.29,1665.92,1659.22,1660.01,27730.1949
2023-08-19 12:00:00,1660.0,1683.92,1658.05,1683.38,43593.931
2023-08-19 16:00:00,1683.37,1696.72,1674.93,1677.38,63428.4039
2023-08-19 20:00:00,1677.38,1678.2,1663.6,1669.67,32418.0728
2023-08-20 00:00:00,1669.68,1675.19,1665.11,1668.22,27474.38
2023-08-20 04:00:00,1668.22,1670.33,1662.03,1665.93,21155.6519
2023-08-20 08:00:00,1665.92,1675.85,1663.4,1674.92,38478.6427
2023-08-20 12:00:00,1674.93,1679.76,1664.44,1671.14,48303.5777
2023-08-20 16:00:00,1671.14,1679.79,1665.71,1678.24,23807.0529
2023-08-20 20:00:00,1678.25,1694.75,1678.2,1685.24,36404.2211
2023-08-21 00:00:00,1685.23,1685.66,1675.41,1677.13,34392.6417
2023-08-21 04:00:00,1677.12,1688.59,1669.61,1671.92,35593.3677
2023-08-21 08:00:00,1671.92,1675.19,1660.21,1672.77,48993.3331
2023-08-21 12:00:00,1672.78,1683.95,1649.4,1657.69,78009.4237
2023-08-21 16:00:00,1657.68,1675.2,1656.91,1672.36,33758.646
2023-08-21 20:00:00,1672.36,1676.94,1666.5,1667.55,20087.7396
2023-08-22 00:00:00,1667.56,1669.38,1661.57,1664.19,19880.4187
2023-08-22 04:00:00,1664.18,1666.97,1661.05,1666.64,19864.4637
2023-08-22 08:00:00,1666.63,1668.03,1660.17,1662.58,26597.1586
2023-08-22 12:00:00,1662.58,1667.37,1645.81,1649.88,58413.1727
2023-08-22 16:00:00,1649.88,1651.29,1619.0,1625.21,145820.9987
2023-08-22 20:00:00,1625.22,1639.83,1580.0,1634.99,131435.8326
2023-08-23 00:00:00,1635.0,1642.47,1629.05,1632.01,33689.5718
2023-08-23 04:00:00,1632.0,1658.09,1630.85,1645.3,61397.9359
2023-08-23 08:00:00,1645.3,1648.95,1639.89,1642.39,27505.0454
2023-08-23 12:00:00,1642.39,1660.0,1634.46,1657.37,72245.538
2023-08-23 16:00:00,1657.37,1702.11,1655.8,1687.2,127168.7973
2023-08-23 20:00:00,1687.2,1692.78,1660.0,1679.61,52754.2204
2023-08-24 00:00:00,1679.61,1683.37,1672.36,1675.54,19916.6537
2023-08-24 04:00:00,1675.53,1679.0,1672.5,1674.69,18842.3182
2023-08-24 08:00:00,1674.69,1677.86,1666.2,1667.68,29154.192
2023-08-24 12:00:00,1667.68,1669.79,1642.02,1643.4,61799.3874
2023-08-24 16:00:00,1643.4,1656.53,1635.28,1649.99,65027.6332
2023-08-24 20:00:00,1649.99,1665.28,1643.52,1661.16,36799.596
2023-08-25 00:00:00,1661.16,1664.28,1645.66,1655.29,32157.9357
2023-08-25 04:00:00,1655.29,1655.8,1646.81,1651.3,24998.1596
2023-08-25 08:00:00,1651.3,1658.96,1651.16,1654.1,17324.5318
2023-08-25 12:00:00,1654.11,1677.22,1636.22,1646.26,96090.911
2023-08-25 16:00:00,1646.27,1655.65,1635.51,1647.01,43652.9641
2023-08-25 20:00:00,1647.0,1655.0,1645.81,1653.8,22037.1876
2023-08-26 00:00:00,1653.79,1655.59,1651.62,1654.62,12384.0083
2023-08-26 04:00:00,1654.61,1654.77,1650.83,1652.83,8318.3084
2023-08-26 08:00:00,1652.82,1654.01,1646.66,1650.5,22793.8261
2023-08-26 12:00:00,1650.5,1653.0,1646.91,1651.5,11290.1071
2023-08-26 16:00:00,1651.51,1652.0,1644.0,1646.22,16449.362
2023-08-26 20:00:00,1646.21,1650.5,1645.26,1647.04,7939.8131
2023-08-27 00:00:00,1647.03,1650.5,1646.32,1647.28,9778.2217
2023-08-27 04:00:00,1647.27,1655.28,1647.27,1648.45,15783.1396
2023-08-27 08:00:00,1648.45,1652.69,1647.38,1649.31,14745.4922
2023-08-27 12:00:00,1649.31,1659.85,1648.43,1655.44,21643.9561
2023-08-27 16:00:00,1655.44,1660.24,1650.05,1655.89,14963.4119
2023-08-27 20:00:00,1655.9,1659.0,1651.19,1658.33,10875.6981
2023-08-28 00:00:00,1658.33,1658.33,1648.06,1649.9,25731.4406
2023-08-28 04:00:00,1649.89,1651.76,1636.09,1641.47,29953.2871
2023-08-28 08:00:00,1641.47,1643.5,1621.75,1640.31,44423.502
2023-08-28 12:00:00,1640.32,1664.34,1640.03,1648.91,61959.29
2023-08-28 16:00:00,1648.92,1654.96,1637.88,1646.72,35496.2399
2023-08-28 20:00:00,1646.73,1657.26,1644.26,1653.08,16787.2547
2023-08-29 00:00:00,1653.08,1662.32,1650.75,1652.45,28608.7081
2023-08-29 04:00:00,1652.46,1653.62,1644.98,1647.48,40056.1814
2023-08-29 08:00:00,1647.48,1647.95,1640.0,1642.21,22359.7645
2023-08-29 12:00:00,1642.2,1736.5,1640.27,1714.99,219878.0481
2023-08-29 16:00:00,1715.0,1745.84,1708.91,1735.28,139154.6782
2023-08-29 20:00:00,1735.28,1742.29,1721.82,1729.42,44313.702
2023-08-30 00:00:00,1729.41,1730.93,1712.76,1718.62,37762.0389
2023-08-30 04:00:00,1718.62,1722.2,1716.13,1717.61,18620.1468
2023-08-30 08:00:00,1717.6,1720.55,1711.19,1716.2,26921.1062
2023-08-30 12:00:00,1716.2,1722.23,1694.34,1703.61,76823.1409
2023-08-30 16:00:00,1703.61,1705.21,1695.93,1701.55,27361.1572
2023-08-30 20:00:00,1701.56,1708.34,1701.27,1705.23,15353.8502
2023-08-31 00:00:00,1705.23,1705.23,1697.29,1699.16,13214.5273
2023-08-31 04:00:00,1699.17,1707.32,1699.16,1706.41,13898.3139
2023-08-31 08:00:00,1706.42,1729.0,1703.75,1713.7,43750.6782
2023-08-31 12:00:00,1713.69,1714.08,1677.51,1689.0,71295.688
2023-08-31 16:00:00,1689.0,1689.01,1643.12,1657.12,127135.5857
2023-08-31 20:00:00,1657.12,1657.36,1630.0,1645.76,61223.4737
2023-09-01 00:00:00,1645.77,1654.53,1645.23,1652.2,22943.8273
2023-09-01 04:00:00,1652.21,1653.21,1643.45,1646.26,21843.2889
2023-09-01 08:00:00,1646.27,1648.51,1641.15,1646.89,21795.4728
2023-09-01 12:00:00,1646.88,1652.3,1622.01,1634.86,94495.7066
2023-09-01 16:00:00,1634.87,1637.48,1602.33,1619.23,107711.7792
2023-09-01 20:00:00,1619.23,1638.09,1616.24,1629.12,33616.0938
2023-09-02 00:00:00,1629.13,1634.42,1628.03,1632.46,19482.3376
2023-09-02 04:00:00,1632.45,1636.56,1630.22,1631.7,13984.4709
2023-09-02 08:00:00,1631.7,1636.95,1630.18,1634.66,16540.4072
2023-09-02 12:00:00,1634.67,1645.0,1633.33,1638.79,25235.9346
2023-09-02 16:00:00,1638.8,1640.81,1628.21,1633.61,17613.4488
2023-09-02 20:00:00,1633.61,1639.67,1632.94,1637.03,9289.3485
2023-09-03 00:00:00,1637.02,1637.38,1631.72,1636.18,10997.8334
2023-09-03 04:00:00,1636.19,1639.2,1634.01,1635.59,10226.0373
2023-09-03 08:00:00,1635.58,1636.09,1631.06,1634.39,12581.3457
2023-09-03 12:00:00,1634.38,1641.08,1628.17,1633.15,29161.9686
2023-09-03 16:00:00,1633.14,1643.36,1625.14,1639.01,31378.2315
2023-09-03 20:00:00,1639.0,1647.5,1633.38,1635.84,22421.8697
2023-09-04 00:00:00,1635.84,1644.82,1632.3,1637.68,15844.7137
2023-09-04 04:00:00,1637.69,1640.41,1634.41,1638.97,19761.3998
2023-09-04 08:00:00,1638.97,1640.69,1631.14,1632.15,28151.7557
2023-09-04 12:00:00,1632.15,1635.0,1618.6,1626.21,41662.6331
2023-09-04 16:00:00,1626.21,1635.91,1625.51,1631.34,22527.6385
2023-09-04 20:00:00,1631.35,1632.8,1616.32,1630.51,40062.7648
2023-09-05 00:00:00,1630.52,1631.32,1609.69,1618.18,34842.6257
2023-09-05 04:00:00,1618.19,1627.94,1618.17,1625.01,38709.241
2023-09-05 08:00:00,1625.02,1638.74,1620.84,1635.55,31818.8372
2023-09-05 12:00:00,1635.56,1648.02,1625.96,1636.62,55115.3862
2023-09-05 16:00:00,1636.62,1643.45,1632.22,1632.37,27113.1703
2023-09-05 20:00:00,1632.36,1634.46,1626.91,1634.45,16766.2303
2023-09-06 00:00:00,1634.46,1640.31,1631.68,1633.49,19545.093
2023-09-06 04:00:00,1633.49,1633.8,1627.92,1629.41,23633.7926
2023-09-06 08:00:00,1629.41,1636.36,1628.63,1632.71,15885.4917
2023-09-06 12:00:00,1632.71,1635.65,1619.56,1623.44,38106.6007
2023-09-06 16:00:00,1623.44,1670.0,1609.2,1631.26,108660.6466
2023-09-06 20:00:00,1631.27,1635.04,1627.61,1633.15,13709.3947
2023-09-07 00:00:00,1633.15,1640.11,1631.8,1640.1,46227.3667
2023-09-07 04:00:00,1640.1,1642.47,1635.33,1635.84,20454.6866
2023-09-07 08:00:00,1635.83,1635.84,1626.1,1627.32,20154.4235
2023-09-07 12:00:00,1627.32,1633.89,1623.4,1630.52,37113.5043
2023-09-07 16:00:00,1630.52,1641.18,1629.74,1637.3,30848.4456
2023-09-07 20:00:00,1637.29,1660.0,1635.72,1648.11,73759.8515
2023-09-08 00:00:00,1648.11,1658.93,1643.88,1646.52,22896.6822
2023-09-08 04:00:00,1646.52,1654.04,1643.16,1646.88,63168.3369
2023-09-08 08:00:00,1646.88,1647.59,1616.21,1626.02,63057.3261
2023-09-08 12:00:00,1626.02,1634.72,1624.44,1628.62,27230.9709
2023-09-08 16:00:00,1628.61,1635.17,1624.65,1634.6,29490.8511
2023-09-08 20:00:00,1634.61,1639.0,1633.16,1636.44,15725.8786
2023-09-09 00:00:00,1636.43,1636.98,1633.52,1634.47,6529.6276
2023-09-09 04:00:00,1634.48,1635.8,1631.97,1634.54,8669.0616
2023-09-09 08:00:00,1634.54,1636.1,1633.46,1635.24,10678.5131
2023-09-09 12:00:00,1635.25,1637.45,1629.74,1635.17,18911.0171
2023-09-09 16:00:00,1635.18,1637.52,1632.32,1633.99,7300.1654
2023-09-09 20:00:00,1634.0,1636.91,1633.66,1635.54,6431.2381
2023-09-10 00:00:00,1635.53,1635.7,1626.8,1631.25,12199.2401
2023-09-10 04:00:00,1631.25,1631.25,1618.23,1624.87,29931.6824
2023-09-10 08:00:00,1624.87,1626.48,1619.25,1624.43,16710.0076
2023-09-10 12:00:00,1624.44,1628.35,1611.19,1619.8,33727.0762
2023-09-10 16:00:00,1619.8,1620.09,1600.0,1616.84,73942.3517
2023-09-10 20:00:00,1616.84,1628.23,1614.52,1617.42,41447.4848
2023-09-11 00:00:00,1617.42,1619.0,1603.22,1612.41,24860.0307
2023-09-11 04:00:00,1612.4,1617.96,1608.0,1612.23,22558.5104
2023-09-11 08:00:00,1612.22,1612.6,1575.53,1586.53,96932.4935
2023-09-11 12:00:00,1586.54,1598.34,1550.0,1562.65,146069.4596
2023-09-11 16:00:00,1562.64,1568.06,1536.83,1539.37,80626.9655
2023-09-11 20:00:00,1539.36,1552.03,1531.01,1551.85,46377.3592
2023-09-12 00:00:00,1551.84,1594.82,1549.67,1584.81,65173.2771
2023-09-12 04:00:00,1584.8,1593.5,1574.44,1580.05,50160.5826
2023-09-12 08:00:00,1580.04,1626.0,1576.38,1609.48,78386.1062
2023-09-12 12:00:00,1609.48,1613.55,1594.95,1603.85,56109.2894
2023-09-12 16:00:00,1603.84,1622.0,1584.57,1598.51,61764.5334
2023-09-12 20:00:00,1598.51,1604.31,1590.02,1592.97,18146.1798
2023-09-13 00:00:00,1592.97,1601.29,1586.81,1589.77,23319.9694
2023-09-13 04:00:00,1589.77,1603.6,1581.88,1584.51,45800.652
2023-09-13 08:00:00,1584.51,1607.05,1583.25,1604.59,43206.047
2023-09-13 12:00:00,1604.58,1619.3,1592.2,1608.17,55292.3238
2023-09-13 16:00:00,1608.17,1615.76,1595.43,1599.31,42279.0423
2023-09-13 20:00:00,1599.31,1609.85,1599.31,1607.62,13511.2544
2023-09-14 00:00:00,1607.61,1638.0,1607.05,1620.0,76409.7664
2023-09-14 04:00:00,1620.0,1625.74,1612.39,1621.35,25417.2053
2023-09-14 08:00:00,1621.35,1627.01,1617.32,1624.79,25648.9958
2023-09-14 12:00:00,1624.78,1644.13,1617.07,1634.62,81514.598
2023-09-14 16:00:00,1634.62,1644.29,1626.71,1635.99,42727.4508
2023-09-14 20:00:00,1635.98,1638.07,1624.27,1626.47,23583.1342
2023-09-15 00:00:00,1626.48,1635.8,1622.36,1634.61,24423.2447
2023-09-15 04:00:00,1634.6,1635.88,1627.0,1627.85,19929.2005
2023-09-15 08:00:00,1627.85,1632.07,1617.75,1620.66,24351.3404
2023-09-15 12:00:00,1620.67,1625.69,1611.42,1619.47,33794.7707
2023-09-15 16:00:00,1619.47,1623.48,1617.47,1621.21,17115.9745
2023-09-15 20:00:00,1621.22,1654.08,1619.09,1641.29,61725.4932
2023-09-16 00:00:00,1641.3,1653.17,1638.68,1641.58,27900.8988
2023-09-16 04:00:00,1641.57,1642.28,1634.29,1636.8,19517.3144
2023-09-16 08:00:00,1636.8,1638.6,1631.31,1635.75,16630.4273
2023-09-16 12:00:00,1635.74,1639.37,1631.41,1634.46,11902.6985
2023-09-16 16:00:00,1634.45,1639.42,1631.74,1633.4,13671.7848
2023-09-16 20:00:00,1633.4,1638.1,1632.76,1634.4,9932.3433
2023-09-17 00:00:00,1634.4,1634.4,1619.54,1628.98,28539.2726
2023-09-17 04:00:00,1628.97,1631.69,1627.38,1627.76,9726.2362
2023-09-17 08:00:00,1627.76,1635.0,1627.24,1629.3,16044.1817
2023-09-17 12:00:00,1629.3,1632.13,1627.33,1629.48,20038.7125
2023-09-17 16:00:00,1629.49,1629.49,1617.76,1625.71,17217.7528
2023-09-17 20:00:00,1625.71,1626.83,1612.0,1622.48,28661.2559
2023-09-18 00:00:00,1622.48,1636.54,1603.88,1630.29,50290.7712
2023-09-18 04:00:00,1630.29,1638.48,1626.92,1634.01,29817.727
2023-09-18 08:00:00,1634.01,1658.52,1630.82,1655.88,64131.5421
2023-09-18 12:00:00,1655.88,1669.5,1650.56,1655.36,67087.9566
2023-09-18 16:00:00,1655.35,1658.67,1632.97,1640.72,53287.0486
2023-09-18 20:00:00,1640.73,1642.09,1635.28,1636.66,14426.6523
2023-09-19 00:00:00,1636.66,1639.88,1626.32,1634.62,27293.7609
2023-09-19 04:00:00,1634.62,1638.56,1632.7,1636.16,14037.0087
2023-09-19 08:00:00,1636.16,1661.04,1636.15,1647.8,45426.2634
2023-09-19 12:00:00,1647.8,1659.25,1634.44,1656.81,48890.8805
2023-09-19 16:00:00,1656.8,1659.52,1640.17,1644.08,29103.5307
2023-09-19 20:00:00,1644.09,1644.57,1637.11,1643.12,19530.9816
2023-09-20 00:00:00,1643.13,1649.34,1635.54,1637.76,23277.2251
2023-09-20 04:00:00,1637.76,1639.29,1630.42,1634.52,39565.3739
2023-09-20 08:00:00,1634.53,1638.42,1618.48,1629.69,44207.5302
2023-09-20 12:00:00,1629.7,1634.39,1620.68,1629.29,38255.44
2023-09-20 16:00:00,1629.29,1640.79,1604.51,1616.16,65402.4953
2023-09-20 20:00:00,1616.16,1629.82,1615.0,1622.26,22136.1702
2023-09-21 00:00:00,1622.27,1625.3,1613.68,1623.34,29225.2423
2023-09-21 04:00:00,1623.33,1624.57,1616.85,1618.26,17243.77
2023-09-21 08:00:00,1618.25,1622.5,1588.72,1594.95,75053.1929
2023-09-21 12:00:00,1594.95,1597.1,1567.77,1583.63,73611.1724
2023-09-21 16:00:00,1583.64,1592.98,1582.03,1589.75,31285.6308
2023-09-21 20:00:00,1589.74,1590.39,1583.03,1583.94,14208.5356
2023-09-22 00:00:00,1583.94,1596.32,1576.58,1594.52,25366.6616
2023-09-22 04:00:00,1594.52,1597.37,1587.66,1595.65,19023.7625
2023-09-22 08:00:00,1595.64,1602.68,1593.05,1596.94,19641.7292
2023-09-22 12:00:00,1596.94,1600.58,1593.01,1593.43,24151.2412
2023-09-22 16:00:00,1593.44,1599.2,1586.83,1592.48,24318.4565
2023-09-22 20:00:00,1592.47,1594.99,1589.22,1593.08,12384.24
2023-09-23 00:00:00,1593.07,1598.24,1590.26,1591.01,14775.4421
2023-09-23 04:00:00,1591.0,1595.39,1589.91,1594.45,8354.509
2023-09-23 08:00:00,1594.45,1594.78,1591.06,1593.3,8570.1298
2023-09-23 12:00:00,1593.3,1595.0,1587.45,1590.47,12361.4818
2023-09-23 16:00:00,1590.48,1595.31,1588.85,1594.79,11559.6476
2023-09-23 20:00:00,1594.79,1595.46,1590.01,1593.86,8915.9238
2023-09-24 00:00:00,1593.85,1594.82,1590.9,1592.31,9268.9521
2023-09-24 04:00:00,1592.31,1593.18,1591.35,1591.91,8051.4726
2023-09-24 08:00:00,1591.9,1596.27,1591.9,1593.9,12299.0171
2023-09-24 12:00:00,1593.91,1596.47,1588.2,1590.64,17918.5984
2023-09-24 16:00:00,1590.64,1601.12,1578.17,1586.38,59134.4782
2023-09-24 20:00:00,1586.37,1591.23,1570.01,1580.71,30845.3349
2023-09-25 00:00:00,1580.71,1588.2,1563.01,1577.72,47798.9848
2023-09-25 04:00:00,1577.71,1581.84,1572.52,1581.25,18888.2395
2023-09-25 08:00:00,1581.26,1583.12,1565.81,1569.01,23091.028
2023-09-25 12:00:00,1569.0,1589.74,1564.35,1584.64,37554.2
2023-09-25 16:00:00,1584.64,1597.5,1584.63,1591.47,32676.2619
2023-09-25 20:00:00,1591.48,1596.68,1584.45,1588.33,16698.2135
2023-09-26 00:00:00,1588.34,1594.53,1586.17,1591.95,14287.4977
2023-09-26 04:00:00,1591.95,1595.11,1587.29,1588.9,14066.7128
2023-09-26 08:00:00,1588.9,1599.78,1585.8,1591.47,28147.7865
2023-09-26 12:00:00,1591.46,1593.74,1580.05,1582.99,30696.8134
2023-09-26 16:00:00,1582.99,1592.85,1582.09,1589.42,19180.6848
2023-09-26 20:00:00,1589.42,1595.67,1584.0,1594.01,19203.5209
2023-09-27 00:00:00,1594.02,1597.97,1589.65,1595.74,17756.1468
2023-09-27 04:00:00,1595.74,1597.57,1589.99,1592.47,21074.9224
2023-09-27 08:00:00,1592.47,1634.1,1590.24,1629.64,93801.1937
2023-09-27 12:00:00,1629.63,1631.5,1592.56,1601.63,83627.9447
2023-09-27 16:00:00,1601.64,1603.12,1583.5,1597.67,41368.2531
2023-09-27 20:00:00,1597.68,1599.75,1593.28,1598.64,16775.9721
2023-09-28 00:00:00,1598.63,1615.59,1598.14,1606.35,56894.617
2023-09-28 04:00:00,1606.36,1621.93,1604.61,1619.35,29338.9698
2023-09-28 08:00:00,1619.35,1637.76,1614.47,1623.7,54279.4193
2023-09-28 12:00:00,1623.71,1654.37,1621.31,1652.58,79164.4359
2023-09-28 16:00:00,1652.57,1668.21,1645.24,1658.3,87438.2819
2023-09-28 20:00:00,1658.31,1661.23,1643.51,1652.99,24293.9776
2023-09-29 00:00:00,1653.0,1658.7,1648.37,1651.62,33899.1802
2023-09-29 04:00:00,1651.61,1688.0,1648.89,1686.2,68166.4188
2023-09-29 08:00:00,1686.19,1686.6,1666.54,1668.79,39718.4607
2023-09-29 12:00:00,1668.78,1684.29,1655.0,1672.25,70791.6466
2023-09-29 16:00:00,1672.25,1673.21,1657.0,1665.19,26538.4549
2023-09-29 20:00:00,1665.19,1670.8,1663.64,1667.45,12861.5116
2023-09-30 00:00:00,1667.45,1672.56,1666.19,1670.3,15576.1657
2023-09-30 04:00:00,1670.29,1675.57,1670.01,1671.94,10957.1763
2023-09-30 08:00:00,1671.95,1679.24,1671.63,1675.96,20976.5902
2023-09-30 12:00:00,1675.95,1694.32,1673.02,1683.33,48639.1547
2023-09-30 16:00:00,1683.32,1686.22,1673.6,1679.13,24124.6022
2023-09-30 20:00:00,1679.14,1683.4,1666.33,1670.89,16651.225
2023-10-01 00:00:00,1670.89,1677.8,1670.42,1674.49,12329.343
2023-10-01 04:00:00,1674.5,1680.59,1673.49,1678.44,17488.5469
2023-10-01 08:00:00,1678.45,1692.08,1676.71,1688.84,26268.5062
2023-10-01 12:00:00,1688.84,1691.1,1678.36,1684.03,29193.9299
2023-10-01 16:00:00,1684.02,1684.43,1671.0,1676.25,23243.781
2023-10-01 20:00:00,1676.25,1751.0,1668.0,1733.79,117087.4798
2023-10-02 00:00:00,1733.8,1735.53,1718.21,1729.37,46821.9047
2023-10-02 04:00:00,1729.37,1734.13,1712.27,1730.42,47086.0771
2023-10-02 08:00:00,1730.43,1744.0,1724.91,1725.07,47461.8127
2023-10-02 12:00:00,1725.07,1734.04,1687.41,1691.6,83547.4092
2023-10-02 16:00:00,1691.61,1693.95,1640.0,1674.33,107111.1461
2023-10-02 20:00:00,1674.32,1674.33,1636.79,1662.4,46547.34
2023-10-03 00:00:00,1662.41,1668.4,1659.91,1665.74,26769.4064
2023-10-03 04:00:00,1665.75,1670.65,1662.0,1662.42,22609.9758
2023-10-03 08:00:00,1662.42,1667.68,1650.15,1656.33,36159.7651
2023-10-03 12:00:00,1656.34,1663.24,1643.0,1648.46,49977.3076
2023-10-03 16:00:00,1648.45,1658.6,1646.0,1650.28,33991.3368
2023-10-03 20:00:00,1650.27,1659.84,1645.68,1656.88,28779.3247
2023-10-04 00:00:00,1656.88,1657.66,1625.0,1641.85,63002.4117
2023-10-04 04:00:00,1641.85,1644.77,1636.06,1644.77,21212.0559
2023-10-04 08:00:00,1644.77,1652.57,1643.65,1646.6,22425.0878
2023-10-04 12:00:00,1646.6,1650.28,1627.39,1632.63,45506.9122
2023-10-04 16:00:00,1632.64,1654.81,1631.7,1643.01,48215.3838
2023-10-04 20:00:00,1643.02,1652.79,1640.6,1646.58,22499.8653
2023-10-05 00:00:00,1646.58,1655.47,1642.01,1642.23,27258.1017
2023-10-05 04:00:00,1642.22,1646.03,1631.88,1636.07,19998.0039
2023-10-05 08:00:00,1636.07,1642.0,1634.73,1636.66,19878.1567
2023-10-05 12:00:00,1636.67,1649.53,1606.73,1618.3,94190.9811
2023-10-05 16:00:00,1618.3,1621.5,1608.4,1616.51,53674.1662
2023-10-05 20:00:00,1616.51,1619.77,1610.29,1611.79,22379.3353
2023-10-06 00:00:00,1611.79,1625.35,1611.79,1624.28,20730.252
2023-10-06 04:00:00,1624.27,1632.75,1618.75,1630.89,21078.7692
2023-10-06 08:00:00,1630.88,1639.5,1628.81,1634.69,30221.3508
2023-10-06 12:00:00,1634.7,1649.71,1611.68,1642.86,79266.6426
2023-10-06 16:00:00,1642.87,1654.67,1634.43,1646.24,39470.9163
2023-10-06 20:00:00,1646.24,1662.0,1643.0,1645.03,29739.9977
2023-10-07 00:00:00,1645.03,1647.71,1640.0,1641.2,16194.6743
2023-10-07 04:00:00,1641.2,1643.19,1636.12,1636.78,13423.2056
2023-10-07 08:00:00,1636.78,1643.29,1636.13,1638.67,21807.812
2023-10-07 12:00:00,1638.68,1643.0,1635.0,1638.55,17189.2889
2023-10-07 16:00:00,1638.54,1639.37,1630.03,1630.59,18765.212
2023-10-07 20:00:00,1630.59,1636.0,1630.33,1633.57,13861.3804
2023-10-08 00:00:00,1633.56,1641.4,1633.56,1639.0,17982.4757
2023-10-08 04:00:00,1639.0,1639.85,1625.0,1628.88,25190.3573
2023-10-08 08:00:00,1628.88,1629.59,1616.17,1617.84,31891.0729
2023-10-08 12:00:00,1617.85,1637.45,1617.19,1631.2,35954.4182
2023-10-08 16:00:00,1631.2,1638.95,1629.21,1635.71,22437.5204
2023-10-08 20:00:00,1635.72,1638.32,1627.46,1632.84,15968.819
2023-10-09 00:00:00,1632.85,1636.0,1623.37,1633.65,22816.6025
2023-10-09 04:00:00,1633.65,1634.92,1617.11,1620.73,20754.051
2023-10-09 08:00:00,1620.73,1621.81,1583.32,1590.65,96411.3272
2023-10-09 12:00:00,1590.65,1597.66,1583.32,1586.29,43461.6459
2023-10-09 16:00:00,1586.28,1586.88,1546.0,1581.45,139048.1127
2023-10-09 20:00:00,1581.45,1583.91,1573.76,1580.13,17649.3595
2023-10-10 00:00:00,1580.13,1592.91,1576.03,1584.86,30657.2523
2023-10-10 04:00:00,1584.87,1594.09,1582.79,1590.23,21864.5091
2023-10-10 08:00:00,1590.22,1594.9,1577.2,1579.58,32499.245
2023-10-10 12:00:00,1579.58,1588.46,1563.77,1567.84,77031.4923
2023-10-10 16:00:00,1567.85,1572.89,1557.57,1566.01,44916.4407
2023-10-10 20:00:00,1566.0,1570.45,1550.55,1567.63,33690.3893
2023-10-11 00:00:00,1567.62,1575.75,1544.26,1556.55,50344.7614
2023-10-11 04:00:00,1556.56,1561.64,1548.24,1557.01,30523.818
2023-10-11 08:00:00,1557.02,1578.43,1556.47,1572.8,42206.6706
2023-10-11 12:00:00,1572.8,1576.64,1553.99,1559.44,55480.3814
2023-10-11 16:00:00,1559.45,1566.66,1548.92,1563.26,53267.5283
2023-10-11 20:00:00,1563.25,1569.37,1561.13,1566.87,28430.8074
2023-10-12 00:00:00,1566.86,1568.56,1556.27,1561.81,23145.9845
2023-10-12 04:00:00,1561.82,1567.03,1557.8,1559.32,20878.5988
2023-10-12 08:00:00,1559.32,1561.04,1534.55,1552.06,58020.287
2023-10-12 12:00:00,1552.06,1553.96,1539.0,1541.67,46525.2601
2023-10-12 16:00:00,1541.66,1545.19,1521.0,1531.51,66272.4477
2023-10-12 20:00:00,1531.52,1540.42,1530.61,1539.61,22378.9196
2023-10-13 00:00:00,1539.61,1547.58,1538.12,1539.1,22082.9842
2023-10-13 04:00:00,1539.1,1554.79,1538.63,1549.55,30452.9479
2023-10-13 08:00:00,1549.55,1552.39,1543.02,1546.52,20295.9729
2023-10-13 12:00:00,1546.52,1553.87,1537.76,1539.64,32842.728
2023-10-13 16:00:00,1539.63,1549.04,1539.33,1545.94,19384.0955
2023-10-13 20:00:00,1545.94,1575.36,1543.62,1552.16,67147.1451
2023-10-14 00:00:00,1552.16,1556.48,1549.43,1553.72,16502.3841
2023-10-14 04:00:00,1553.72,1554.92,1545.12,1547.78,29135.6661
2023-10-14 08:00:00,1547.78,1549.51,1544.55,1547.12,12799.1289
2023-10-14 12:00:00,1547.12,1557.94,1546.19,1556.23,16167.6244
2023-10-14 16:00:00,1556.22,1558.62,1552.73,1555.33,14037.9321
2023-10-14 20:00:00,1555.33,1561.72,1553.41,1554.94,11671.9398
2023-10-15 00:00:00,1554.94,1557.84,1549.6,1554.44,16712.1544
2023-10-15 04:00:00,1554.44,1554.98,1552.46,1554.95,7896.0358
2023-10-15 08:00:00,1554.95,1560.17,1553.95,1555.55,10205.6721
2023-10-15 12:00:00,1555.55,1560.45,1547.44,1553.89,32713.88
2023-10-15 16:00:00,1553.88,1565.38,1550.35,1560.41,20936.003
2023-10-15 20:00:00,1560.42,1567.62,1552.74,1557.77,31847.5285
2023-10-16 00:00:00,1557.78,1567.0,1555.06,1563.0,18583.0796
2023-10-16 04:00:00,1563.0,1588.97,1560.65,1578.73,72749.9268
2023-10-16 08:00:00,1578.73,1587.13,1575.0,1582.72,38298.1454
2023-10-16 12:00:00,1582.71,1639.43,1566.0,1577.6,193019.6159
2023-10-16 16:00:00,1577.61,1602.47,1573.33,1589.8,50175.2317
2023-10-16 20:00:00,1589.79,1604.85,1577.74,1599.42,45684.865
2023-10-17 00:00:00,1599.41,1600.53,1588.3,1589.3,25822.5716
2023-10-17 04:00:00,1589.31,1592.07,1582.66,1590.38,25136.9265
2023-10-17 08:00:00,1590.37,1594.05,1582.89,1584.42,27294.0568
2023-10-17 12:00:00,1584.41,1586.01,1565.0,1575.51,79464.6926
2023-10-17 16:00:00,1575.5,1580.26,1551.08,1564.15,50830.5939
2023-10-17 20:00:00,1564.14,1565.84,1557.46,1565.01,26268.2285
2023-10-18 00:00:00,1565.01,1571.94,1562.4,1568.23,17983.9215
2023-10-18 04:00:00,1568.23,1582.13,1566.66,1572.47,37417.4361
2023-10-18 08:00:00,1572.47,1585.42,1568.94,1578.76,33419.4023
2023-10-18 12:00:00,1578.77,1581.76,1568.56,1570.1,37165.0093
2023-10-18 16:00:00,1570.11,1574.86,1562.82,1562.95,26070.8467
2023-10-18 20:00:00,1562.96,1565.87,1555.88,1563.44,25693.6094
2023-10-19 00:00:00,1563.45,1567.12,1541.61,1549.07,45924.5021
2023-10-19 04:00:00,1549.06,1553.71,1545.8,1551.91,30291.5512
2023-10-19 08:00:00,1551.91,1555.36,1541.76,1553.86,29384.0665
2023-10-19 12:00:00,1553.86,1565.31,1551.0,1561.2,39291.6477
2023-10-19 16:00:00,1561.2,1574.45,1559.86,1568.0,49123.4238
2023-10-19 20:00:00,1568.0,1573.15,1563.39,1566.57,22202.4762
2023-10-20 00:00:00,1566.57,1594.99,1561.19,1586.72,54738.204
2023-10-20 04:00:00,1586.72,1589.38,1579.06,1583.5,35432.6871
2023-10-20 08:00:00,1583.49,1630.4,1583.11,1613.15,109857.5989
2023-10-20 12:00:00,1613.15,1616.49,1597.71,1605.46,67375.2994
2023-10-20 16:00:00,1605.45,1609.85,1597.15,1606.73,30934.0372
2023-10-20 20:00:00,1606.73,1610.0,1602.39,1603.89,17657.9654
2023-10-21 00:00:00,1603.88,1606.45,1592.36,1597.69,17802.1621
2023-10-21 04:00:00,1597.69,1607.15,1597.21,1606.59,19505.1173
2023-10-21 08:00:00,1606.58,1609.85,1602.95,1608.68,17410.5936
2023-10-21 12:00:00,1608.68,1629.64,1602.5,1628.7,42213.6846
2023-10-21 16:00:00,1628.7,1644.53,1620.16,1635.19,60266.8226
2023-10-21 20:00:00,1635.18,1636.09,1625.74,1628.94,19221.029
2023-10-22 00:00:00,1628.94,1641.25,1623.26,1629.73,33360.9601
2023-10-22 04:00:00,1629.74,1648.0,1624.29,1630.3,51200.0898
2023-10-22 08:00:00,1630.31,1635.98,1624.5,1628.56,26276.0955
2023-10-22 12:00:00,1628.57,1637.41,1621.1,1625.75,25976.7104
2023-10-22 16:00:00,1625.74,1640.95,1624.23,1635.0,22603.7886
2023-10-22 20:00:00,1634.99,1667.8,1634.21,1663.7,69233.2781
2023-10-23 00:00:00,1663.69,1701.43,1657.07,1694.54,115141.8556
2023-10-23 04:00:00,1694.54,1705.79,1671.39,1676.15,74570.4257
2023-10-23 08:00:00,1676.14,1684.29,1662.34,1676.78,44158.4544
2023-10-23 12:00:00,1676.77,1684.36,1663.44,1676.49,50721.2546
2023-10-23 16:00:00,1676.49,1712.62,1671.09,1708.68,99311.7036
2023-10-23 20:00:00,1708.68,1800.0,1703.7,1765.46,227028.2724
2023-10-24 00:00:00,1765.47,1850.0,1757.64,1809.26,223410.3789
2023-10-24 04:00:00,1809.26,1837.36,1800.38,1808.99,89686.518
2023-10-24 08:00:00,1808.98,1845.69,1806.24,1845.68,73754.2692
2023-10-24 12:00:00,1845.69,1854.38,1762.13,1778.19,173078.0776
2023-10-24 16:00:00,1778.18,1799.97,1756.21,1777.52,70046.9863
2023-10-24 20:00:00,1777.52,1796.38,1763.54,1784.98,44078.9075
2023-10-25 00:00:00,1784.98,1807.01,1777.21,1788.67,59650.5338
2023-10-25 04:00:00,1788.67,1795.0,1761.17,1769.23,52817.7612
2023-10-25 08:00:00,1769.24,1793.32,1760.0,1785.57,51844.8354
2023-10-25 12:00:00,1785.58,1817.69,1779.24,1806.24,96572.1468
2023-10-25 16:00:00,1806.23,1814.99,1779.29,1789.91,59960.0017
2023-10-25 20:00:00,1789.91,1796.42,1776.04,1787.15,33565.5505
2023-10-26 00:00:00,1787.15,1817.0,1779.42,1816.31,47881.4855
2023-10-26 04:00:00,1816.31,1857.87,1790.76,1849.34,94428.3846
2023-10-26 08:00:00,1849.35,1865.54,1803.77,1812.32,115737.0737
2023-10-26 12:00:00,1812.32,1825.06,1767.0,1778.24,98597.9665
2023-10-26 16:00:00,1778.23,1794.25,1762.21,1792.54,42446.7202
2023-10-26 20:00:00,1792.54,1811.55,1790.48,1803.38,32077.4148
2023-10-27 00:00:00,1803.39,1803.91,1772.83,1791.22,32947.4478
2023-10-27 04:00:00,1791.22,1796.67,1776.07,1776.77,30923.8034
2023-10-27 08:00:00,1776.78,1791.37,1775.44,1781.33,35676.4627
2023-10-27 12:00:00,1781.34,1796.84,1770.25,1782.8,75757.507
2023-10-27 16:00:00,1782.8,1784.76,1744.66,1774.34,75936.2918
2023-10-27 20:00:00,1774.33,1784.35,1773.75,1779.4,23291.1794
2023-10-28 00:00:00,1779.41,1793.46,1778.87,1789.95,24336.5915
2023-10-28 04:00:00,1789.95,1795.41,1785.51,1787.55,13996.5692
2023-10-28 08:00:00,1787.55,1803.23,1785.29,1787.86,31098.0204
2023-10-28 12:00:00,1787.87,1791.71,1775.58,1790.78,24134.0847
2023-10-28 16:00:00,1790.78,1790.96,1776.75,1777.08,14340.5046
2023-10-28 20:00:00,1777.08,1783.3,1770.0,1776.2,15013.9678
2023-10-29 00:00:00,1776.21,1781.9,1762.66,1774.98,19371.2877
2023-10-29 04:00:00,1774.98,1784.1,1772.34,1783.11,13718.005
2023-10-29 08:00:00,1783.11,1793.01,1783.02,1788.66,22082.2123
2023-10-29 12:00:00,1788.65,1800.92,1787.9,1792.19,31560.0999
2023-10-29 16:00:00,1792.2,1806.77,1786.01,1793.07,33490.4299
2023-10-29 20:00:00,1793.07,1811.3,1790.82,1795.14,23888.616
2023-10-30 00:00:00,1795.14,1798.1,1778.43,1782.9,36110.9132
2023-10-30 04:00:00,1782.91,1792.0,1777.77,1787.15,26693.8549
2023-10-30 08:00:00,1787.16,1827.45,1784.4,1814.92,92965.5439
2023-10-30 12:00:00,1814.93,1829.84,1805.4,1819.54,50555.3675
2023-10-30 16:00:00,1819.54,1819.54,1777.77,1801.51,48709.8709
2023-10-30 20:00:00,1801.51,1816.33,1796.63,1809.04,22650.6416
2023-10-31 00:00:00,1809.03,1819.41,1793.74,1795.15,42187.0072
2023-10-31 04:00:00,1795.15,1804.83,1787.0,1790.58,39081.5759
2023-10-31 08:00:00,1790.58,1813.99,1780.99,1809.41,44891.5864
2023-10-31 12:00:00,1809.42,1812.72,1781.36,1791.46,67321.8388
2023-10-31 16:00:00,1791.46,1814.86,1787.73,1811.47,37577.9971
2023-10-31 20:00:00,1811.47,1817.67,1801.97,1814.67,27014.5742
2023-11-01 00:00:00,1814.67,1829.0,1807.68,1809.73,44790.8283
2023-11-01 04:00:00,1809.73,1810.11,1797.57,1804.64,32433.3607
2023-11-01 08:00:00,1804.65,1808.27,1792.46,1799.79,39783.9576
2023-11-01 12:00:00,1799.79,1827.58,1783.19,1792.3,111859.3215
2023-11-01 16:00:00,1792.29,1850.59,1791.9,1835.9,124165.5636
2023-11-01 20:00:00,1835.89,1857.66,1835.73,1846.99,118888.5867
2023-11-02 00:00:00,1846.99,1875.0,1840.29,1858.29,83999.1311
2023-11-02 04:00:00,1858.28,1859.84,1828.01,1834.85,64719.6418
2023-11-02 08:00:00,1834.86,1840.0,1820.53,1835.97,47649.5586
2023-11-02 12:00:00,1835.97,1842.45,1800.6,1803.2,81226.0372
2023-11-02 16:00:00,1803.2,1812.37,1785.01,1812.36,64276.428
2023-11-02 20:00:00,1812.37,1813.44,1792.05,1800.8,26867.4226
2023-11-03 00:00:00,1800.79,1802.87,1777.11,1798.34,52417.9188
2023-11-03 04:00:00,1798.34,1801.64,1787.46,1798.65,30551.5399
2023-11-03 08:00:00,1798.66,1804.46,1780.61,1789.65,54111.6456
2023-11-03 12:00:00,1789.65,1813.71,1784.78,1813.01,59212.5645
2023-11-03 16:00:00,1813.0,1823.93,1799.72,1816.98,79912.4018
2023-11-03 20:00:00,1816.98,1834.58,1814.69,1832.71,38794.1972
2023-11-04 00:00:00,1832.7,1839.77,1824.03,1834.73,33837.1341
2023-11-04 04:00:00,1834.73,1839.95,1825.59,1833.94,30406.9232
2023-11-04 08:00:00,1833.94,1847.58,1830.76,1837.49,31538.2995
2023-11-04 12:00:00,1837.49,1841.03,1828.06,1831.77,23644.8907
2023-11-04 16:00:00,1831.77,1840.46,1831.16,1835.57,14718.3528
2023-11-04 20:00:00,1835.57,1869.9,1834.35,1855.54,37392.4361
2023-11-05 00:00:00,1855.54,1894.0,1846.11,1888.58,61170.6683
2023-11-05 04:00:00,1888.59,1894.18,1875.15,1884.66,65388.2048
2023-11-05 08:00:00,1884.66,1896.55,1877.5,1887.88,44844.7988
2023-11-05 12:00:00,1887.88,1900.0,1864.41,1874.35,76090.127
2023-11-05 16:00:00,1874.36,1912.67,1872.08,1888.3,69645.2251
2023-11-05 20:00:00,1888.29,1910.55,1855.45,1891.71,65967.7388
2023-11-06 00:00:00,1891.71,1899.98,1880.46,1887.21,37835.5893
2023-11-06 04:00:00,1887.2,1889.84,1868.48,1878.34,57446.1167
2023-11-06 08:00:00,1878.35,1898.99,1873.12,1898.71,38033.8774
2023-11-06 12:00:00,1898.72,1914.23,1887.98,1901.26,92273.4067
2023-11-06 16:00:00,1901.25,1904.0,1885.45,1901.73,55478.9859
2023-11-06 20:00:00,1901.73,1907.23,1881.72,1900.95,47678.2634
2023-11-07 00:00:00,1900.95,1903.84,1878.0,1890.11,53366.7471
2023-11-07 04:00:00,1890.11,1896.52,1885.54,1891.84,28861.6817
2023-11-07 08:00:00,1891.85,1894.98,1867.01,1873.39,61414.7367
2023-11-07 12:00:00,1873.4,1880.09,1858.0,1863.1,55709.1655
2023-11-07 16:00:00,1863.09,1900.0,1850.32,1894.22,79257.4744
2023-11-07 20:00:00,1894.22,1906.99,1872.72,1885.27,53809.6352
2023-11-08 00:00:00,1885.26,1893.0,1879.61,1881.98,25745.9895
2023-11-08 04:00:00,1881.97,1886.43,1872.51,1875.01,28365.068
2023-11-08 08:00:00,1875.02,1889.08,1873.52,1880.89,37061.835
2023-11-08 12:00:00,1880.88,1892.49,1880.0,1889.12,38529.7289
2023-11-08 16:00:00,1889.12,1904.69,1886.7,1899.07,54268.57
2023-11-08 20:00:00,1899.07,1904.59,1883.01,1888.12,63909.9083
2023-11-09 00:00:00,1888.11,1925.89,1882.07,1919.33,84595.584
2023-11-09 04:00:00,1919.32,1929.27,1908.84,1911.38,93050.8548
2023-11-09 08:00:00,1911.38,1919.57,1904.39,1913.09,64227.9262
2023-11-09 12:00:00,1913.09,2050.86,1907.15,2035.02,356989.3147
2023-11-09 16:00:00,2035.01,2048.0,1975.0,2018.55,266733.1274
2023-11-09 20:00:00,2018.55,2132.0,2010.95,2121.32,234733.5166
2023-11-10 00:00:00,2121.33,2128.88,2094.35,2120.99,110933.1759
2023-11-10 04:00:00,2120.99,2136.99,2100.77,2101.44,115174.5045
2023-11-10 08:00:00,2101.43,2108.99,2082.27,2097.07,111512.7784
2023-11-10 12:00:00,2097.07,2099.46,2064.61,2089.93,106670.6957
2023-11-10 16:00:00,2089.94,2103.57,2085.78,2087.98,58596.6697
2023-11-10 20:00:00,2087.99,2099.45,2070.24,2077.72,52685.8253
2023-11-11 00:00:00,2077.72,2084.95,2030.3,2046.49,100208.1357
2023-11-11 04:00:00,2046.5,2060.0,2034.66,2054.94,47671.6355
2023-11-11 08:00:00,2054.94,2066.19,2046.23,2057.51,43538.8066
2023-11-11 12:00:00,2057.51,2088.73,2052.54,2068.0,64958.4841
2023-11-11 16:00:00,2068.0,2089.6,2066.72,2075.75,54819.4755
2023-11-11 20:00:00,2075.75,2076.02,2032.37,2053.17,59769.4998
2023-11-12 00:00:00,2053.16,2054.94,2012.1,2051.42,73801.689
2023-11-12 04:00:00,2051.41,2060.0,2043.64,2057.74,36180.037
2023-11-12 08:00:00,2057.73,2058.76,2046.13,2047.52,32197.4999
2023-11-12 12:00:00,2047.52,2066.5,2035.75,2057.12,53733.227
2023-11-12 16:00:00,2057.12,2059.87,2045.0,2049.12,35438.0531
2023-11-12 20:00:00,2049.11,2065.87,2030.0,2044.68,50557.053
2023-11-13 00:00:00,2044.69,2074.4,2035.99,2039.74,89697.7927
2023-11-13 04:00:00,2039.75,2057.37,2028.49,2048.15,75600.6856
2023-11-13 08:00:00,2048.15,2061.42,2038.8,2046.73,44731.0336
2023-11-13 12:00:00,2046.73,2107.42,2039.16,2105.24,143108.4463
2023-11-13 16:00:00,2105.23,2118.0,2065.35,2100.0,93610.4606
2023-11-13 20:00:00,2100.01,2102.72,2043.47,2053.65,82395.1627
2023-11-14 00:00:00,2053.65,2058.47,2031.55,2055.54,61237.6987
2023-11-14 04:00:00,2055.55,2064.96,2047.61,2060.34,32112.6418
2023-11-14 08:00:00,2060.34,2064.8,2026.41,2031.84,53938.8052
2023-11-14 12:00:00,2031.85,2055.9,2020.0,2038.09,95923.097
2023-11-14 16:00:00,2038.1,2053.8,1936.6,1978.99,170251.2709
2023-11-14 20:00:00,1978.99,1994.65,1968.8,1979.39,68446.2194
2023-11-15 00:00:00,1979.4,1991.77,1967.01,1967.76,57930.1183
2023-11-15 04:00:00,1967.76,1987.88,1967.5,1982.88,55362.3228
2023-11-15 08:00:00,1982.87,2014.46,1980.65,2013.15,71369.8353
2023-11-15 12:00:00,2013.16,2023.21,2005.2,2021.26,61529.8454
2023-11-15 16:00:00,2021.27,2053.0,2001.83,2051.27,113863.8825
2023-11-15 20:00:00,2051.26,2062.4,2036.05,2058.48,61814.7989
2023-11-16 00:00:00,2058.49,2080.97,2050.95,2053.01,63862.4715
2023-11-16 04:00:00,2053.0,2065.0,2048.02,2053.31,37792.3487
2023-11-16 08:00:00,2053.31,2090.4,2036.07,2068.61,96984.3652
2023-11-16 12:00:00,2068.61,2069.2,1980.1,1995.67,158344.9906
2023-11-16 16:00:00,1995.67,2014.4,1939.1,1964.99,123251.9071
2023-11-16 20:00:00,1965.0,1970.43,1945.52,1961.77,65050.0466
2023-11-17 00:00:00,1961.77,1991.5,1959.4,1983.97,59412.5249
2023-11-17 04:00:00,1983.97,1987.2,1967.71,1970.0,45000.1952
2023-11-17 08:00:00,1970.0,1982.02,1954.64,1965.68,53770.7484
2023-11-17 12:00:00,1965.69,1970.86,1912.72,1918.35,109420.6922
2023-11-17 16:00:00,1918.34,1948.97,1904.0,1938.88,89130.3861
2023-11-17 20:00:00,1938.87,1967.92,1937.36,1960.82,44365.9601
2023-11-18 00:00:00,1960.82,1961.39,1939.62,1940.8,37786.4846
2023-11-18 04:00:00,1940.79,1945.47,1916.0,1935.69,68390.8712
2023-11-18 08:00:00,1935.69,1944.91,1930.81,1934.92,37399.1213
2023-11-18 12:00:00,1934.93,1955.31,1930.67,1952.8,54426.9904
2023-11-18 16:00:00,1952.8,1971.22,1952.62,1964.04,59958.4011
2023-11-18 20:00:00,1964.04,1966.4,1950.25,1962.6,21406.3522
2023-11-19 00:00:00,1962.59,1962.99,1942.89,1955.76,52435.4952
2023-11-19 04:00:00,1955.76,1966.72,1952.64,1961.93,25731.1137
2023-11-19 08:00:00,1961.93,1966.51,1946.0,1952.03,28614.6508
2023-11-19 12:00:00,1952.03,1969.0,1945.21,1966.8,32822.5292
2023-11-19 16:00:00,1966.81,1985.32,1966.06,1983.55,42762.7754
2023-11-19 20:00:00,1983.55,2015.75,1976.11,2011.47,68766.0549
2023-11-20 00:00:00,2011.47,2013.02,1995.4,1999.52,40630.2071
2023-11-20 04:00:00,1999.51,2024.5,1993.55,2019.11,41116.8378
2023-11-20 08:00:00,2019.1,2042.15,2008.55,2024.41,87005.6802
2023-11-20 12:00:00,2024.41,2050.0,1990.0,2042.22,94403.7311
2023-11-20 16:00:00,2042.21,2066.4,2011.3,2036.21,112081.9813
2023-11-20 20:00:00,2036.21,2039.28,2015.0,2021.4,46479.2415
2023-11-21 00:00:00,2021.41,2034.6,2007.38,2018.55,48239.01
2023-11-21 04:00:00,2018.56,2019.26,2003.06,2003.77,32868.0336
2023-11-21 08:00:00,2003.78,2017.59,2001.71,2004.01,43329.4228
2023-11-21 12:00:00,2004.0,2015.23,1952.01,1988.33,134469.0408
2023-11-21 16:00:00,1988.34,2020.63,1960.33,1985.6,132868.3486
2023-11-21 20:00:00,1985.59,2006.0,1931.43,1933.01,98390.1305
2023-11-22 00:00:00,1933.01,1980.0,1928.41,1978.31,69825.0434
2023-11-22 04:00:00,1978.31,2001.8,1977.24,1993.73,54252.3368
2023-11-22 08:00:00,1993.73,2029.4,1992.27,2015.13,69786.6777
2023-11-22 12:00:00,2015.13,2042.0,2011.28,2033.58,81468.2539
2023-11-22 16:00:00,2033.58,2082.78,2027.8,2076.97,116952.7075
2023-11-22 20:00:00,2076.98,2092.46,2058.0,2063.21,73835.4916
2023-11-23 00:00:00,2063.22,2071.52,2052.07,2059.53,44522.3245
2023-11-23 04:00:00,2059.52,2069.97,2057.4,2065.69,27354.5878
2023-11-23 08:00:00,2065.7,2088.94,2041.5,2062.61,72954.9487
2023-11-23 12:00:00,2062.6,2070.44,2040.35,2042.27,56365.3232
2023-11-23 16:00:00,2042.28,2067.17,2040.36,2062.19,26790.9693
2023-11-23 20:00:00,2062.19,2077.31,2059.88,2062.2,22972.5423
2023-11-24 00:00:00,2062.21,2077.88,2059.37,2064.0,42123.0496
2023-11-24 04:00:00,2064.0,2082.77,2062.04,2080.02,42869.8469
2023-11-24 08:00:00,2080.02,2127.29,2075.0,2097.01,121971.5698
2023-11-24 12:00:00,2097.01,2133.02,2096.22,2116.43,88350.8713
2023-11-24 16:00:00,2116.44,2125.6,2079.48,2087.51,83060.5583
2023-11-24 20:00:00,2087.52,2096.0,2060.0,2080.84,48556.6443
2023-11-25 00:00:00,2080.84,2089.58,2073.22,2086.77,34155.0375
2023-11-25 04:00:00,2086.76,2089.8,2080.0,2088.08,19969.1378
2023-11-25 08:00:00,2088.09,2090.54,2065.3,2070.6,31664.6407
2023-11-25 12:00:00,2070.59,2079.51,2067.47,2078.03,21599.7707
2023-11-25 16:00:00,2078.04,2084.07,2074.04,2082.51,16569.5221
2023-11-25 20:00:00,2082.5,2086.43,2080.35,2083.09,14889.2842
2023-11-26 00:00:00,2083.1,2083.63,2067.38,2075.95,20820.927
2023-11-26 04:00:00,2075.95,2092.2,2070.83,2088.9,26296.2858
2023-11-26 08:00:00,2088.89,2094.99,2081.89,2084.66,27490.5899
2023-11-26 12:00:00,2084.65,2090.0,2060.41,2064.66,60648.7052
2023-11-26 16:00:00,2064.66,2068.99,2036.42,2057.05,64457.2169
2023-11-26 20:00:00,2057.04,2081.92,2055.73,2062.33,41549.1888
2023-11-27 00:00:00,2062.34,2071.24,2038.79,2048.54,43202.3261
2023-11-27 04:00:00,2048.54,2054.89,2030.0,2045.56,42218.4395
2023-11-27 08:00:00,2045.57,2052.86,2016.84,2024.99,64044.8916
2023-11-27 12:00:00,2024.99,2029.47,2000.24,2003.09,70489.0944
2023-11-27 16:00:00,2003.08,2024.44,1985.78,1994.79,67171.6912
2023-11-27 20:00:00,1994.78,2029.99,1986.85,2027.5,38946.787
2023-11-28 00:00:00,2027.5,2040.39,2020.22,2027.22,28655.1144
2023-11-28 04:00:00,2027.22,2029.74,1995.15,2014.62,41380.7774
2023-11-28 08:00:00,2014.62,2028.93,2005.62,2028.07,37761.8381
2023-11-28 12:00:00,2028.07,2042.4,2019.37,2036.39,49254.0484
2023-11-28 16:00:00,2036.39,2075.0,2035.2,2059.0,92697.5254
2023-11-28 20:00:00,2059.0,2065.0,2043.1,2048.14,34026.6242
2023-11-29 00:00:00,2048.14,2057.8,2038.79,2053.27,38533.617
2023-11-29 04:00:00,2053.26,2063.64,2047.69,2057.61,31373.2468
2023-11-29 08:00:00,2057.62,2075.7,2045.0,2052.95,55148.4255
2023-11-29 12:00:00,2052.95,2061.8,2019.97,2031.72,65568.8416
2023-11-29 16:00:00,2031.72,2042.56,2019.31,2038.9,39774.3764
2023-11-29 20:00:00,2038.89,2040.17,2020.01,2028.81,24445.2246
2023-11-30 00:00:00,2028.8,2040.85,2022.5,2040.71,26731.0942
2023-11-30 04:00:00,2040.71,2044.19,2031.75,2035.76,60289.7631
2023-11-30 08:00:00,2035.76,2046.82,2020.85,2045.48,32746.3325
2023-11-30 12:00:00,2045.47,2052.32,2025.02,2033.05,61854.9563
2023-11-30 16:00:00,2033.04,2044.0,2028.66,2041.43,29696.0928
2023-11-30 20:00:00,2041.43,2054.75,2039.66,2051.96,32361.8532
2023-12-01 00:00:00,2051.95,2093.76,2045.04,2092.2,86608.5271
2023-12-01 04:00:00,2092.2,2107.26,2087.2,2092.75,71796.7014
2023-12-01 08:00:00,2092.74,2110.87,2086.99,2093.01,71498.2075
2023-12-01 12:00:00,2093.02,2094.79,2071.0,2080.16,49905.2682
2023-12-01 16:00:00,2080.16,2110.0,2078.2,2090.2,71989.9635
2023-12-01 20:00:00,2090.2,2095.95,2082.44,2087.24,20846.9183
2023-12-02 00:00:00,2087.24,2097.0,2086.25,2092.93,18992.7861
2023-12-02 04:00:00,2092.92,2106.63,2090.17,2095.99,21078.1769
2023-12-02 08:00:00,2095.98,2107.0,2095.98,2099.15,25943.1981
2023-12-02 12:00:00,2099.15,2109.12,2093.39,2104.17,36435.0121
2023-12-02 16:00:00,2104.18,2186.6,2097.43,2158.77,163366.8066
2023-12-02 20:00:00,2158.76,2175.8,2152.94,2164.74,55163.997
2023-12-03 00:00:00,2164.75,2177.41,2155.7,2161.74,39704.716
2023-12-03 04:00:00,2161.75,2165.44,2152.92,2164.73,28544.8552
2023-12-03 08:00:00,2164.72,2168.42,2156.47,2159.31,25754.4445
2023-12-03 12:00:00,2159.3,2165.71,2149.0,2160.48,43694.8003
2023-12-03 16:00:00,2160.48,2168.84,2150.46,2167.57,30213.9874
2023-12-03 20:00:00,2167.57,2217.27,2165.16,2192.95,89966.3102
2023-12-04 00:00:00,2192.96,2228.59,2191.0,2210.51,79585.3125
2023-12-04 04:00:00,2210.5,2265.0,2210.35,2246.3,136259.6954
2023-12-04 08:00:00,2246.31,2274.28,2213.66,2237.52,140742.9428
2023-12-04 12:00:00,2237.53,2255.86,2201.77,2211.75,101821.6887
2023-12-04 16:00:00,2211.74,2235.65,2209.83,2234.46,52657.756
2023-12-04 20:00:00,2234.47,2254.0,2220.06,2243.37,54240.318
2023-12-05 00:00:00,2243.36,2253.52,2222.77,2230.78,47514.2628
2023-12-05 04:00:00,2230.78,2237.99,2188.33,2200.27,63184.9346
2023-12-05 08:00:00,2200.26,2210.0,2190.47,2204.86,60940.3426
2023-12-05 12:00:00,2204.86,2234.18,2199.58,2228.45,70002.1478
2023-12-05 16:00:00,2228.45,2309.72,2220.0,2272.72,209501.6481
2023-12-05 20:00:00,2272.73,2298.63,2252.0,2293.33,78686.3855
2023-12-06 00:00:00,2293.33,2312.23,2273.94,2281.8,79645.061
2023-12-06 04:00:00,2281.8,2284.75,2258.38,2265.82,53391.4411
2023-12-06 08:00:00,2265.82,2287.78,2233.72,2253.15,89154.4826
2023-12-06 12:00:00,2253.15,2269.0,2247.45,2252.25,69436.0775
2023-12-06 16:00:00,2252.26,2284.6,2250.34,2262.8,55729.8781
2023-12-06 20:00:00,2262.79,2265.11,2220.0,2232.7,60981.9653
2023-12-07 00:00:00,2232.7,2250.2,2230.63,2249.07,33819.3012
2023-12-07 04:00:00,2249.07,2269.42,2247.94,2261.66,37516.7471
2023-12-07 08:00:00,2261.67,2268.96,2222.0,2236.05,86195.8044
2023-12-07 12:00:00,2236.04,2329.94,2232.05,2321.39,123345.5343
2023-12-07 16:00:00,2321.39,2356.0,2316.38,2335.62,129875.1779
2023-12-07 20:00:00,2335.62,2382.8,2335.23,2355.73,74437.496
2023-12-08 00:00:00,2355.74,2387.16,2352.31,2375.23,57423.9257
2023-12-08 04:00:00,2375.23,2392.0,2352.72,2352.81,59785.1625
2023-12-08 08:00:00,2352.81,2373.0,2345.17,2365.84,66229.2295
2023-12-08 12:00:00,2365.85,2376.8,2336.34,2346.08,99280.4778
2023-12-08 16:00:00,2346.07,2361.13,2340.65,2353.0,50363.2924
2023-12-08 20:00:00,2353.0,2376.41,2352.21,2358.72,45487.7247
2023-12-09 00:00:00,2358.71,2366.43,2349.38,2360.26,27433.8946
2023-12-09 04:00:00,2360.27,2386.73,2359.44,2383.1,44208.8015
2023-12-09 08:00:00,2383.11,2403.0,2348.12,2356.35,85911.3783
2023-12-09 12:00:00,2356.35,2369.01,2337.0,2362.72,65075.1643
2023-12-09 16:00:00,2362.73,2365.76,2342.1,2357.56,30192.1563
2023-12-09 20:00:00,2357.57,2362.79,2328.01,2340.49,34949.6714
2023-12-10 00:00:00,2340.48,2354.85,2340.0,2351.26,21354.7656
2023-12-10 04:00:00,2351.27,2358.86,2344.65,2354.0,21178.7369
2023-12-10 08:00:00,2354.0,2356.1,2320.0,2337.65,47848.6759
2023-12-10 12:00:00,2337.65,2355.96,2337.45,2352.0,39519.2229
2023-12-10 16:00:00,2351.99,2361.36,2340.16,2355.0,29726.3812
2023-12-10 20:00:00,2355.0,2377.47,2343.57,2352.39,40409.4277
2023-12-11 00:00:00,2352.39,2355.0,2161.0,2251.43,186771.4064
2023-12-11 04:00:00,2251.42,2254.41,2226.6,2237.36,84466.5938
2023-12-11 08:00:00,2237.35,2253.16,2230.5,2249.68,56064.8753
2023-12-11 12:00:00,2249.68,2252.16,2201.0,2219.34,87708.0818
2023-12-11 16:00:00,2219.35,2221.98,2156.62,2187.61,164024.2449
2023-12-11 20:00:00,2187.6,2227.0,2181.16,2225.12,61379.7144
2023-12-12 00:00:00,2225.11,2244.12,2221.19,2231.6,50957.3437
2023-12-12 04:00:00,2231.59,2239.46,2211.91,2233.46,55654.1764
2023-12-12 08:00:00,2233.45,2239.01,2207.08,2208.39,45769.2677
2023-12-12 12:00:00,2208.39,2233.26,2185.83,2192.99,81797.3444
2023-12-12 16:00:00,2193.0,2198.53,2166.98,2179.05,74579.4107
2023-12-12 20:00:00,2179.05,2206.42,2166.0,2203.46,52831.3658
2023-12-13 00:00:00,2203.47,2206.89,2150.0,2166.03,74098.3216
2023-12-13 04:00:00,2166.03,2180.0,2144.32,2172.49,83562.7481
2023-12-13 08:00:00,2172.48,2186.09,2168.16,2171.64,42821.5214
2023-12-13 12:00:00,2171.65,2225.92,2169.07,2217.7,67467.5824
2023-12-13 16:00:00,2217.69,2255.2,2201.34,2253.03,81525.8715
2023-12-13 20:00:00,2253.04,2284.02,2245.05,2260.16,69440.5704
2023-12-14 00:00:00,2260.16,2262.23,2245.97,2251.39,33443.5169
2023-12-14 04:00:00,2251.39,2283.51,2246.7,2282.84,58836.4698
2023-12-14 08:00:00,2282.84,2308.0,2271.33,2307.35,83809.4273
2023-12-14 12:00:00,2307.35,2320.21,2228.2,2275.0,129595.3201
2023-12-14 16:00:00,2275.0,2313.77,2274.59,2293.0,63313.8092
2023-12-14 20:00:00,2292.99,2332.11,2282.95,2315.32,40509.5498
2023-12-15 00:00:00,2315.32,2317.81,2273.85,2280.45,43642.7979
2023-12-15 04:00:00,2280.45,2283.6,2256.8,2271.46,69923.9141
2023-12-15 08:00:00,2271.47,2286.59,2265.43,2272.74,62114.3189
2023-12-15 12:00:00,2272.75,2273.46,2224.82,2231.77,78625.1287
2023-12-15 16:00:00,2231.76,2248.88,2228.39,2242.22,36393.4299
2023-12-15 20:00:00,2242.22,2252.18,2200.0,2220.5,42853.0433
2023-12-16 00:00:00,2220.51,2259.0,2210.0,2254.27,44290.1732
2023-12-16 04:00:00,2254.28,2255.0,2237.74,2241.45,33593.9891
2023-12-16 08:00:00,2241.44,2253.86,2239.45,2253.71,27991.9648
2023-12-16 12:00:00,2253.7,2259.3,2240.0,2256.74,31631.5968
2023-12-16 16:00:00,2256.75,2263.4,2230.6,2235.17,34560.8094
2023-12-16 20:00:00,2235.16,2241.85,2220.12,2228.96,27217.3897
2023-12-17 00:00:00,2228.96,2233.69,2210.77,2216.26,34891.2523
2023-12-17 04:00:00,2216.26,2223.92,2200.77,2208.63,33972.7258
2023-12-17 08:00:00,2208.64,2220.15,2204.92,2215.97,29442.4896
2023-12-17 12:00:00,2215.98,2226.0,2200.28,2221.71,40521.1392
2023-12-17 16:00:00,2221.7,2241.71,2210.8,2234.5,43618.254
2023-12-17 20:00:00,2234.51,2248.68,2191.5,2196.52,43479.9066
2023-12-18 00:00:00,2196.53,2204.59,2161.78,2174.8,60466.0095
2023-12-18 04:00:00,2174.8,2184.56,2165.1,2169.19,40892.8873
2023-12-18 08:00:00,2169.19,2178.0,2116.6,2142.19,100533.8876
2023-12-18 12:00:00,2142.19,2173.85,2127.4,2155.2,64003.603
2023-12-18 16:00:00,2155.2,2175.85,2149.47,2174.8,38664.5823
2023-12-18 20:00:00,2174.81,2224.0,2167.4,2219.43,59542.1484
2023-12-19 00:00:00,2219.44,2252.8,2211.75,2237.11,67968.3955
2023-12-19 04:00:00,2237.11,2253.34,2231.6,2247.99,48095.9842
2023-12-19 08:00:00,2247.98,2255.0,2234.6,2236.13,50504.9339
2023-12-19 12:00:00,2236.13,2241.27,2179.0,2191.38,85379.1111
2023-12-19 16:00:00,2191.37,2205.3,2135.55,2176.68,98518.3936
2023-12-19 20:00:00,2176.68,2186.4,2164.74,2177.91,33084.5866
2023-12-20 00:00:00,2177.9,2190.85,2170.44,2186.28,36092.8949
2023-12-20 04:00:00,2186.27,2222.8,2183.62,2216.76,51489.5107
2023-12-20 08:00:00,2216.76,2224.26,2204.49,2211.4,53161.3514
2023-12-20 12:00:00,2211.4,2266.0,2202.92,2246.96,107344.3035
2023-12-20 16:00:00,2246.96,2249.71,2193.0,2204.51,82451.6623
2023-12-20 20:00:00,2204.51,2207.13,2156.0,2202.17,86301.9044
2023-12-21 00:00:00,2202.17,2202.4,2182.98,2200.61,47050.5509
2023-12-21 04:00:00,2200.61,2219.65,2192.57,2215.11,47494.3333
2023-12-21 08:00:00,2215.11,2256.4,2204.36,2253.01,84175.0296
2023-12-21 12:00:00,2253.0,2279.31,2201.0,2232.51,138386.5801
2023-12-21 16:00:00,2232.51,2245.4,2218.32,2225.12,81671.7101
2023-12-21 20:00:00,2225.12,2262.83,2217.75,2239.61,54291.5212
2023-12-22 00:00:00,2239.6,2261.16,2230.59,2249.1,60751.6935
2023-12-22 04:00:00,2249.1,2297.75,2245.57,2273.22,130691.3503
2023-12-22 08:00:00,2273.22,2331.0,2268.0,2313.03,175476.5315
2023-12-22 12:00:00,2313.04,2343.15,2290.0,2319.74,115482.9626
2023-12-22 16:00:00,2319.74,2341.47,2305.88,2310.09,64862.7522
2023-12-22 20:00:00,2310.09,2327.58,2303.18,2324.54,44092.1979
2023-12-23 00:00:00,2324.54,2330.65,2265.97,2272.84,69777.6205
2023-12-23 04:00:00,2272.85,2295.57,2265.0,2283.54,39900.4656
2023-12-23 08:00:00,2283.55,2293.8,2281.0,2286.98,28233.8285
2023-12-23 12:00:00,2286.98,2298.13,2285.1,2285.51,36264.8084
2023-12-23 16:00:00,2285.51,2312.38,2283.21,2292.26,44279.4355
2023-12-23 20:00:00,2292.25,2315.63,2285.3,2308.2,37170.7767
2023-12-24 00:00:00,2308.2,2326.19,2294.11,2316.67,59799.7391
2023-12-24 04:00:00,2316.67,2321.8,2275.0,2295.02,63314.7866
2023-12-24 08:00:00,2295.03,2298.13,2273.57,2288.91,42020.0107
2023-12-24 12:00:00,2288.92,2306.89,2284.41,2293.03,40872.0486
2023-12-24 16:00:00,2293.02,2297.4,2282.13,2288.19,34207.3702
2023-12-24 20:00:00,2288.19,2288.72,2245.0,2264.05,67737.1208
2023-12-25 00:00:00,2264.04,2276.76,2253.1,2276.11,38928.0628
2023-12-25 04:00:00,2276.1,2290.0,2274.99,2280.54,32392.991
2023-12-25 08:00:00,2280.55,2287.0,2264.44,2278.73,42066.4523
2023-12-25 12:00:00,2278.73,2304.8,2273.28,2286.48,71325.9453
2023-12-25 16:00:00,2286.48,2288.6,2269.02,2273.19,53842.6177
2023-12-25 20:00:00,2273.18,2286.43,2256.61,2271.35,47721.0925
2023-12-26 00:00:00,2271.36,2274.99,2263.73,2268.73,34884.6894
2023-12-26 04:00:00,2268.72,2271.39,2220.0,2241.4,92239.849
2023-12-26 08:00:00,2241.41,2244.29,2218.32,2242.6,69959.8589
2023-12-26 12:00:00,2242.6,2250.66,2224.52,2228.99,70587.0422
2023-12-26 16:00:00,2228.99,2232.93,2178.45,2211.7,105415.2104
2023-12-26 20:00:00,2211.7,2232.4,2209.21,2230.88,37326.5092
2023-12-27 00:00:00,2230.88,2233.84,2211.88,2216.93,44983.1369
2023-12-27 04:00:00,2216.92,2231.2,2216.2,2228.52,35432.113
2023-12-27 08:00:00,2228.52,2291.28,2226.78,2285.93,91514.5977
2023-12-27 12:00:00,2285.92,2355.6,2275.8,2341.96,169002.6205
2023-12-27 16:00:00,2341.96,2376.59,2334.1,2346.67,123257.5106
2023-12-27 20:00:00,2346.67,2392.44,2344.66,2378.35,77347.3787
2023-12-28 00:00:00,2378.35,2445.8,2376.14,2413.65,134943.1663
2023-12-28 04:00:00,2413.65,2425.58,2364.77,2380.0,94711.878
2023-12-28 08:00:00,2379.99,2410.56,2372.17,2401.46,74101.8051
2023-12-28 12:00:00,2401.46,2413.0,2345.0,2358.85,149313.6219
2023-12-28 16:00:00,2358.85,2382.45,2348.1,2362.27,70359.9634
2023-12-28 20:00:00,2362.27,2363.56,2335.0,2344.15,57029.5473
2023-12-29 00:00:00,2344.15,2363.77,2311.16,2351.9,91120.591
2023-12-29 04:00:00,2351.89,2360.0,2331.0,2332.69,46248.8452
2023-12-29 08:00:00,2332.68,2378.2,2331.64,2372.1,60961.0733
2023-12-29 12:00:00,2372.11,2385.41,2317.12,2327.18,84182.7593
2023-12-29 16:00:00,2327.19,2332.94,2283.0,2316.88,105076.7315
2023-12-29 20:00:00,2316.87,2317.48,2255.34,2299.2,62611.2066
2023-12-30 00:00:00,2299.2,2309.79,2287.24,2298.06,27387.4567
2023-12-30 04:00:00,2298.07,2308.62,2293.14,2295.68,20712.3921
2023-12-30 08:00:00,2295.69,2296.58,2268.0,2288.14,51469.1796
2023-12-30 12:00:00,2288.14,2316.8,2282.44,2312.97,43931.6173
2023-12-30 16:00:00,2312.97,2322.84,2295.82,2299.87,40722.3301
2023-12-30 20:00:00,2299.88,2305.64,2277.0,2291.68,26316.1569
2023-12-31 00:00:00,2291.68,2304.55,2277.63,2284.02,26528.5774
2023-12-31 04:00:00,2284.02,2304.6,2279.28,2294.81,22434.1108
2023-12-31 08:00:00,2294.8,2315.74,2290.0,2308.6,45324.54
2023-12-31 12:00:00,2308.59,2321.34,2290.7,2298.99,45559.9738
2023-12-31 16:00:00,2299.0,2309.42,2290.8,2294.83,33396.2874
2023-12-31 20:00:00,2294.83,2294.83,2258.88,2281.87,48932.3885
2024-01-01 00:00:00,2281.87,2306.6,2271.0,2273.81,35739.3336
2024-01-01 04:00:00,2273.8,2287.88,2265.24,2284.67,28107.5133
2024-01-01 08:00:00,2284.68,2305.05,2280.0,2304.47,27894.1092
2024-01-01 12:00:00,2304.47,2318.34,2294.84,2314.7,32165.8522
2024-01-01 16:00:00,2314.69,2340.98,2306.48,2337.26,46802.2526
2024-01-01 20:00:00,2337.27,2352.37,2323.66,2352.04,45993.6305
2024-01-02 00:00:00,2352.05,2397.56,2346.95,2386.43,99666.5004
2024-01-02 04:00:00,2386.42,2392.4,2373.69,2385.84,50541.6586
2024-01-02 08:00:00,2385.84,2431.3,2380.09,2391.24,106170.146
2024-01-02 12:00:00,2391.24,2404.68,2352.04,2357.48,88164.7305
2024-01-02 16:00:00,2357.48,2372.75,2350.19,2369.19,56961.7444
2024-01-02 20:00:00,2369.19,2380.0,2341.0,2355.34,56536.8843
2024-01-03 00:00:00,2355.35,2384.66,2347.4,2368.51,46709.8425
2024-01-03 04:00:00,2368.51,2380.9,2356.99,2361.64,46554.4864
2024-01-03 08:00:00,2361.65,2385.45,2294.01,2307.68,108706.848
2024-01-03 12:00:00,2307.99,2308.6,2100.0,2240.4,369717.4363
2024-01-03 16:00:00,2240.39,2245.33,2188.0,2206.53,152307.7741
2024-01-03 20:00:00,2206.54,2227.87,2196.23,2209.72,74733.0996
2024-01-04 00:00:00,2209.72,2239.79,2201.91,2231.08,59330.807
2024-01-04 04:00:00,2231.07,2244.93,2220.0,2221.85,69021.4307
2024-01-04 08:00:00,2221.85,2230.71,2205.0,2228.14,61027.0652
2024-01-04 12:00:00,2228.13,2285.99,2222.7,2276.87,113391.0443
2024-01-04 16:00:00,2276.88,2294.08,2259.1,2274.27,91424.2633
2024-01-04 20:00:00,2274.27,2294.69,2261.57,2267.11,54649.4445
2024-01-05 00:00:00,2267.11,2274.76,2212.0,2242.28,76882.3448
2024-01-05 04:00:00,2242.29,2265.72,2234.3,2252.75,58488.1076
2024-01-05 08:00:00,2252.75,2269.0,2233.23,2241.97,69688.8831
2024-01-05 12:00:00,2241.97,2253.64,2218.0,2224.99,87112.2909
2024-01-05 16:00:00,2225.0,2240.67,2206.17,2234.26,56104.9998
2024-01-05 20:00:00,2234.26,2277.21,2234.18,2268.78,57291.3744
2024-01-06 00:00:00,2268.78,2270.0,2250.4,2252.99,29406.1886
2024-01-06 04:00:00,2253.0,2255.66,2216.4,2233.12,50658.6262
2024-01-06 08:00:00,2233.13,2240.0,2228.58,2238.67,27814.5757
2024-01-06 12:00:00,2238.67,2248.32,2228.37,2246.4,41078.7707
2024-01-06 16:00:00,2246.41,2254.77,2237.5,2244.63,22234.5726
2024-01-06 20:00:00,2244.64,2247.5,2230.62,2240.78,22875.1318
2024-01-07 00:00:00,2240.77,2254.03,2235.58,2242.2,27632.6356
2024-01-07 04:00:00,2242.19,2251.44,2241.0,2249.15,21360.1339
2024-01-07 08:00:00,2249.15,2253.0,2230.26,2237.04,29108.3733
2024-01-07 12:00:00,2237.05,2258.01,2222.46,2230.83,49500.438
2024-01-07 16:00:00,2230.83,2249.98,2221.0,2248.6,30625.9852
2024-01-07 20:00:00,2248.6,2251.27,2203.46,2221.42,48911.1267
2024-01-08 00:00:00,2221.42,2224.41,2166.38,2190.87,90216.8028
2024-01-08 04:00:00,2190.88,2230.0,2188.0,2224.08,62506.4396
2024-01-08 08:00:00,2224.07,2242.0,2204.47,2240.61,56230.0287
2024-01-08 12:00:00,2240.61,2283.02,2239.81,2269.59,113126.5618
2024-01-08 16:00:00,2269.59,2358.2,2259.39,2354.56,159339.9284
2024-01-08 20:00:00,2354.57,2357.79,2325.36,2330.44,57987.7934
2024-01-09 00:00:00,2330.43,2336.7,2289.98,2309.13,71375.7143
2024-01-09 04:00:00,2309.12,2319.01,2297.26,2306.05,34995.7766
2024-01-09 08:00:00,2306.05,2311.3,2285.4,2298.76,45679.4185
2024-01-09 12:00:00,2298.77,2304.21,2226.78,2257.18,111002.1449
2024-01-09 16:00:00,2257.18,2278.03,2243.41,2270.91,54245.3963
2024-01-09 20:00:00,2270.91,2371.72,2247.72,2344.29,234156.5425
2024-01-10 00:00:00,2344.3,2400.53,2339.59,2361.51,131181.1198
2024-01-10 04:00:00,2361.5,2393.22,2358.0,2368.75,74187.4767
2024-01-10 08:00:00,2368.75,2431.0,2362.64,2402.21,135704.7135
2024-01-10 12:00:00,2402.21,2456.0,2342.0,2449.3,208501.6899
2024-01-10 16:00:00,2449.3,2481.59,2400.71,2477.9,151178.7396
2024-01-10 20:00:00,2477.9,2643.1,2411.0,2584.38,337634.9265
2024-01-11 00:00:00,2584.37,2614.76,2566.01,2613.01,123879.4331
2024-01-11 04:00:00,2613.0,2630.0,2573.01,2589.15,125604.3082
2024-01-11 08:00:00,2589.15,2665.74,2586.66,2657.9,107315.6155
2024-01-11 12:00:00,2657.89,2689.39,2593.6,2613.19,266549.6639
2024-01-11 16:00:00,2613.19,2625.13,2570.0,2622.07,142383.1743
2024-01-11 20:00:00,2622.07,2632.28,2587.48,2618.01,72980.0627
2024-01-12 00:00:00,2618.01,2624.29,2580.0,2589.81,59022.5645
2024-01-12 04:00:00,2589.81,2626.43,2585.62,2595.73,77766.0906
2024-01-12 08:00:00,2595.72,2667.99,2584.11,2647.59,117234.1929
2024-01-12 12:00:00,2647.58,2717.32,2634.0,2647.02,240727.7862
2024-01-12 16:00:00,2647.02,2688.83,2560.71,2584.43,205091.027
2024-01-12 20:00:00,2584.44,2598.2,2458.0,2522.54,187616.1015
2024-01-13 00:00:00,2522.55,2557.15,2497.5,2548.53,110026.1804
2024-01-13 04:00:00,2548.53,2561.68,2539.2,2550.99,48963.4871
2024-01-13 08:00:00,2550.99,2560.55,2521.18,2542.5,69772.9872
2024-01-13 12:00:00,2542.5,2566.19,2531.15,2563.83,68807.0084
2024-01-13 16:00:00,2563.83,2580.0,2550.0,2571.91,85176.9231
2024-01-13 20:00:00,2571.91,2590.0,2562.8,2578.19,39314.6458
2024-01-14 00:00:00,2578.18,2578.69,2549.72,2550.99,47916.0221
2024-01-14 04:00:00,2551.0,2555.88,2541.8,2550.83,50188.6072
2024-01-14 08:00:00,2550.84,2553.8,2534.58,2538.0,34210.4543
2024-01-14 12:00:00,2538.01,2546.58,2524.39,2537.68,40228.5753
2024-01-14 16:00:00,2537.68,2543.97,2500.0,2501.0,51466.1801
2024-01-14 20:00:00,2500.99,2531.93,2470.0,2472.87,82197.9073
2024-01-15 00:00:00,2472.87,2513.91,2470.92,2503.32,94132.6456
2024-01-15 04:00:00,2503.32,2521.0,2502.97,2513.29,31632.2618
2024-01-15 08:00:00,2513.29,2542.86,2506.88,2539.35,37060.7093
2024-01-15 12:00:00,2539.36,2549.02,2505.8,2514.49,71124.084
2024-01-15 16:00:00,2514.49,2553.82,2514.05,2534.7,49430.7011
2024-01-15 20:00:00,2534.69,2539.38,2500.33,2511.78,31867.4801
2024-01-16 00:00:00,2511.79,2538.23,2505.0,2537.6,38349.9318
2024-01-16 04:00:00,2537.6,2542.14,2522.3,2528.26,35810.3588
2024-01-16 08:00:00,2528.25,2549.38,2521.98,2530.77,53355.1576
2024-01-16 12:00:00,2530.78,2570.79,2500.05,2559.44,109503.6633
2024-01-16 16:00:00,2559.44,2579.62,2548.63,2574.06,70677.2296
2024-01-16 20:00:00,2574.06,2614.43,2571.79,2587.4,73381.2836
2024-01-17 00:00:00,2587.41,2592.97,2571.17,2571.43,48038.2175
2024-01-17 04:00:00,2571.43,2575.57,2551.81,2552.52,45563.8461
2024-01-17 08:00:00,2552.53,2554.06,2534.4,2542.85,54881.3893
2024-01-17 12:00:00,2542.86,2574.75,2532.67,2539.46,108148.7638
2024-01-17 16:00:00,2539.47,2544.75,2517.22,2533.29,63038.6412
2024-01-17 20:00:00,2533.29,2544.81,2506.75,2530.19,46610.4898
2024-01-18 00:00:00,2530.2,2533.44,2510.03,2529.94,43878.1518
2024-01-18 04:00:00,2529.95,2540.69,2524.72,2538.99,55578.4053
2024-01-18 08:00:00,2538.99,2550.0,2514.04,2522.41,71641.1117
2024-01-18 12:00:00,2522.42,2535.27,2503.77,2525.64,58661.4467
2024-01-18 16:00:00,2525.65,2526.15,2430.0,2439.5,147653.6733
2024-01-18 20:00:00,2439.5,2472.86,2428.56,2470.81,74677.3186
2024-01-19 00:00:00,2470.81,2474.59,2443.13,2460.4,56987.9341
2024-01-19 04:00:00,2460.4,2474.82,2456.63,2465.51,39586.0535
2024-01-19 08:00:00,2465.5,2496.62,2460.44,2488.97,49510.6618
2024-01-19 12:00:00,2488.98,2499.87,2460.37,2462.98,75418.5116
2024-01-19 16:00:00,2462.98,2504.0,2415.2,2493.37,160809.6453
2024-01-19 20:00:00,2493.37,2504.2,2481.0,2492.0,41896.1966
2024-01-20 00:00:00,2491.99,2492.0,2475.0,2481.22,27693.8609
2024-01-20 04:00:00,2481.22,2486.27,2475.29,2478.47,17455.254
2024-01-20 08:00:00,2478.48,2480.07,2463.31,2470.59,26271.5669
2024-01-20 12:00:00,2470.58,2475.91,2458.33,2463.83,24490.7953
2024-01-20 16:00:00,2463.83,2467.81,2454.2,2461.52,20922.7838
2024-01-20 20:00:00,2461.52,2474.88,2460.2,2472.01,19786.6968
2024-01-21 00:00:00,2472.02,2481.0,2465.0,2475.42,19309.4476
2024-01-21 04:00:00,2475.43,2476.07,2466.64,2476.06,13416.8352
2024-01-21 08:00:00,2476.06,2482.18,2471.98,2473.65,19343.1192
2024-01-21 12:00:00,2473.65,2481.05,2464.08,2468.01,30747.8267
2024-01-21 16:00:00,2468.01,2478.49,2464.16,2474.26,18074.1371
2024-01-21 20:00:00,2474.27,2475.4,2452.13,2457.05,21680.8029
2024-01-22 00:00:00,2457.06,2466.1,2424.0,2437.56,51796.1991
2024-01-22 04:00:00,2437.56,2438.69,2402.5,2420.8,69828.4902
2024-01-22 08:00:00,2420.8,2420.8,2361.6,2381.34,112462.0915
2024-01-22 12:00:00,2381.34,2404.97,2353.61,2379.61,100569.7707
2024-01-22 16:00:00,2379.6,2385.08,2305.27,2321.87,110415.0315
2024-01-22 20:00:00,2321.88,2351.53,2303.59,2314.2,81266.0662
2024-01-23 00:00:00,2314.19,2342.95,2312.67,2339.16,50633.3738
2024-01-23 04:00:00,2339.16,2352.23,2316.12,2323.49,64102.031
2024-01-23 08:00:00,2323.49,2326.83,2203.11,2218.14,207719.5356
2024-01-23 12:00:00,2218.14,2232.98,2168.07,2219.39,186789.2874
2024-01-23 16:00:00,2219.39,2232.01,2181.0,2185.7,116348.04
2024-01-23 20:00:00,2185.69,2248.21,2183.04,2242.6,74513.0636
2024-01-24 00:00:00,2242.6,2255.66,2211.64,2213.45,74939.3684
2024-01-24 04:00:00,2213.46,2244.98,2213.15,2234.51,42061.0474
2024-01-24 08:00:00,2234.5,2264.6,2229.0,2244.16,55886.0094
2024-01-24 12:00:00,2244.16,2248.19,2218.3,2234.88,72666.9549
2024-01-24 16:00:00,2234.89,2244.52,2203.32,2213.13,62095.218
2024-01-24 20:00:00,2213.13,2239.8,2196.12,2235.02,52202.5515
2024-01-25 00:00:00,2235.02,2239.6,2206.32,2216.88,37868.1415
2024-01-25 04:00:00,2216.88,2227.71,2203.37,2227.64,29131.2277
2024-01-25 08:00:00,2227.64,2242.89,2216.75,2231.59,51727.1268
2024-01-25 12:00:00,2231.59,2234.2,2181.91,2188.0,77392.8943
2024-01-25 16:00:00,2188.0,2224.55,2171.3,2218.21,89742.5797
2024-01-25 20:00:00,2218.22,2231.65,2212.23,2218.64,44564.6361
2024-01-26 00:00:00,2218.64,2237.8,2211.12,2223.42,35294.6491
2024-01-26 04:00:00,2223.41,2229.6,2195.84,2197.47,46685.7379
2024-01-26 08:00:00,2197.46,2260.66,2195.99,2254.02,93994.3241
2024-01-26 12:00:00,2254.02,2265.19,2234.46,2257.9,71448.4567
2024-01-26 16:00:00,2257.89,2282.36,2251.07,2258.51,83899.1179
2024-01-26 20:00:00,2258.51,2272.0,2252.49,2267.68,32244.1398
2024-01-27 00:00:00,2267.67,2282.94,2265.23,2274.13,29021.002
2024-01-27 04:00:00,2274.13,2276.56,2253.41,2258.45,23564.103
2024-01-27 08:00:00,2258.45,2271.49,2251.4,2265.48,26251.635
2024-01-27 12:00:00,2265.48,2275.1,2262.13,2270.18,20075.0044
2024-01-27 16:00:00,2270.18,2277.49,2261.35,2272.69,20371.0644
2024-01-27 20:00:00,2272.7,2275.69,2261.47,2267.94,25826.5748
2024-01-28 00:00:00,2267.94,2289.0,2263.0,2287.17,33602.0418
2024-01-28 04:00:00,2287.17,2308.24,2281.81,2282.92,41971.8164
2024-01-28 08:00:00,2282.91,2301.41,2276.97,2281.08,38463.3915
2024-01-28 12:00:00,2281.08,2286.08,2261.91,2270.17,36587.2898
2024-01-28 16:00:00,2270.17,2276.0,2245.03,2253.89,31196.0233
2024-01-28 20:00:00,2253.88,2266.41,2239.89,2256.9,27506.3459
2024-01-29 00:00:00,2256.9,2278.19,2250.57,2272.11,32243.9103
2024-01-29 04:00:00,2272.11,2274.23,2258.28,2259.4,26255.5557
2024-01-29 08:00:00,2259.39,2277.0,2253.98,2264.17,35480.6721
2024-01-29 12:00:00,2264.17,2275.93,2233.8,2275.8,65353.6979
2024-01-29 16:00:00,2275.81,2315.45,2265.54,2293.46,104403.977
2024-01-29 20:00:00,2293.46,2322.34,2292.21,2317.6,41790.2646
2024-01-30 00:00:00,2317.61,2327.97,2304.0,2311.4,47782.9934
2024-01-30 04:00:00,2311.4,2314.69,2301.0,2309.29,33422.5483
2024-01-30 08:00:00,2309.3,2318.22,2302.82,2314.01,31528.5593
2024-01-30 12:00:00,2314.0,2347.55,2297.0,2340.91,105850.5005
2024-01-30 16:00:00,2340.91,2381.0,2335.73,2374.93,102121.7792
2024-01-30 20:00:00,2374.93,2391.98,2337.06,2343.01,52173.1984
2024-01-31 00:00:00,2343.0,2351.6,2327.27,2342.91,52908.7697
2024-01-31 04:00:00,2342.9,2344.55,2330.0,2340.84,33082.3567
2024-01-31 08:00:00,2340.84,2343.52,2280.77,2300.18,80945.5262
2024-01-31 12:00:00,2300.18,2333.0,2291.69,2329.42,75344.0954
2024-01-31 16:00:00,2329.42,2350.3,2309.51,2323.38,84379.6531
2024-01-31 20:00:00,2323.39,2324.67,2263.57,2283.14,70455.7848
2024-02-01 00:00:00,2283.15,2289.6,2240.0,2257.21,68099.1604
2024-02-01 04:00:00,2257.2,2277.78,2251.91,2271.96,48678.6864
2024-02-01 08:00:00,2271.95,2278.12,2265.2,2266.66,33862.5597
2024-02-01 12:00:00,2266.67,2308.45,2263.2,2288.88,71094.1048
2024-02-01 16:00:00,2288.89,2311.72,2267.54,2304.79,61350.694
2024-02-01 20:00:00,2304.79,2309.78,2287.0,2304.28,27912.2485
2024-02-02 00:00:00,2304.28,2320.48,2298.54,2301.66,33767.1517
2024-02-02 04:00:00,2301.66,2319.81,2296.87,2313.73,40604.8215
2024-02-02 08:00:00,2313.73,2319.37,2305.01,2318.36,30964.7091
2024-02-02 12:00:00,2318.36,2324.74,2281.94,2313.99,68104.1247
2024-02-02 16:00:00,2314.0,2323.88,2286.69,2301.41,46415.986
2024-02-02 20:00:00,2301.42,2310.0,2295.05,2309.06,18373.718
2024-02-03 00:00:00,2309.07,2329.98,2306.75,2321.45,33042.1771
2024-02-03 04:00:00,2321.45,2325.28,2313.46,2314.39,16058.75
2024-02-03 08:00:00,2314.38,2316.39,2300.24,2303.89,19307.6667
2024-02-03 12:00:00,2303.88,2309.65,2292.75,2303.64,23197.0303
2024-02-03 16:00:00,2303.65,2313.88,2297.0,2303.46,26479.7836
2024-02-03 20:00:00,2303.45,2305.69,2293.83,2296.49,15147.4373
2024-02-04 00:00:00,2296.5,2306.53,2291.0,2302.96,15488.8829
2024-02-04 04:00:00,2302.97,2303.61,2287.0,2290.78,22543.3432
2024-02-04 08:00:00,2290.79,2309.99,2286.71,2305.62,21035.5712
2024-02-04 12:00:00,2305.62,2309.66,2297.46,2301.68,23055.0468
2024-02-04 16:00:00,2301.67,2308.48,2266.0,2279.65,41928.864
2024-02-04 20:00:00,2279.64,2311.0,2273.73,2289.79,47180.3363
2024-02-05 00:00:00,2289.79,2297.77,2269.11,2296.27,30890.8697
2024-02-05 04:00:00,2296.28,2312.32,2289.45,2310.17,29353.0217
2024-02-05 08:00:00,2310.18,2332.9,2310.17,2329.62,47957.6175
2024-02-05 12:00:00,2329.63,2338.41,2294.21,2298.71,53343.5684
2024-02-05 16:00:00,2298.72,2312.56,2291.0,2304.48,40164.2658
2024-02-05 20:00:00,2304.49,2305.99,2283.63,2301.83,34901.0689
2024-02-06 00:00:00,2301.84,2329.78,2299.0,2316.85,36531.3539
2024-02-06 04:00:00,2316.85,2327.86,2308.19,2327.16,44988.0828
2024-02-06 08:00:00,2327.16,2344.0,2316.9,2325.49,73698.1125
2024-02-06 12:00:00,2325.49,2349.0,2311.9,2343.74,79240.6473
2024-02-06 16:00:00,2343.73,2379.95,2340.37,2379.12,75091.5387
2024-02-06 20:00:00,2379.13,2392.4,2371.91,2372.64,59393.0146
2024-02-07 00:00:00,2372.63,2390.66,2363.0,2364.75,41317.0464
2024-02-07 04:00:00,2364.75,2368.76,2357.06,2362.92,33767.0711
2024-02-07 08:00:00,2362.91,2377.42,2354.0,2361.66,39126.261
2024-02-07 12:00:00,2361.67,2385.45,2361.0,2369.66,59497.1401
2024-02-07 16:00:00,2369.66,2425.46,2368.85,2419.96,101426.198
2024-02-07 20:00:00,2419.97,2444.44,2419.96,2425.1,67657.9847
2024-02-08 00:00:00,2425.09,2444.39,2423.94,2433.48,53661.7238
2024-02-08 04:00:00,2433.48,2435.32,2411.01,2421.21,37536.9421
2024-02-08 08:00:00,2421.2,2429.58,2416.06,2425.3,36635.157
2024-02-08 12:00:00,2425.29,2463.15,2416.63,2453.88,95794.0957
2024-02-08 16:00:00,2453.88,2455.69,2413.44,2421.53,78026.8601
2024-02-08 20:00:00,2421.54,2434.23,2418.49,2419.55,36385.2752
2024-02-09 00:00:00,2419.56,2466.0,2419.16,2448.67,61649.8305
2024-02-09 04:00:00,2448.67,2463.99,2440.19,2453.61,51527.0778
2024-02-09 08:00:00,2453.6,2507.4,2453.37,2503.2,93081.9973
2024-02-09 12:00:00,2503.19,2525.0,2476.57,2495.33,146517.4401
2024-02-09 16:00:00,2495.33,2523.66,2478.07,2485.96,96732.6886
2024-02-09 20:00:00,2485.96,2506.64,2483.89,2486.56,42875.3507
2024-02-10 00:00:00,2486.56,2514.8,2483.09,2512.21,29699.4745
2024-02-10 04:00:00,2512.21,2516.0,2494.49,2495.21,22753.0451
2024-02-10 08:00:00,2495.21,2498.74,2471.57,2483.1,39453.8054
2024-02-10 12:00:00,2483.11,2496.97,2480.76,2490.45,28535.3108
2024-02-10 16:00:00,2490.45,2497.51,2483.4,2497.51,21758.4841
2024-02-10 20:00:00,2497.51,2516.45,2492.21,2500.24,42899.4701
2024-02-11 00:00:00,2500.24,2529.02,2493.8,2529.02,45682.9934
2024-02-11 04:00:00,2529.02,2537.58,2514.76,2527.52,41606.5955
2024-02-11 08:00:00,2527.53,2539.63,2511.79,2531.28,35472.7823
2024-02-11 12:00:00,2531.29,2532.31,2505.0,2508.94,36711.6375
2024-02-11 16:00:00,2508.94,2520.58,2496.8,2507.73,33492.446
2024-02-11 20:00:00,2507.74,2514.31,2493.45,2507.21,27008.6924
2024-02-12 00:00:00,2507.22,2525.0,2493.01,2500.12,42358.2185
2024-02-12 04:00:00,2500.13,2504.34,2481.05,2501.71,28980.3075
2024-02-12 08:00:00,2501.7,2505.5,2472.0,2488.16,37628.5861
2024-02-12 12:00:00,2488.16,2563.17,2481.08,2557.87,103323.9498
2024-02-12 16:00:00,2557.87,2638.91,2536.63,2610.25,159218.3706
2024-02-12 20:00:00,2610.25,2665.58,2610.24,2659.99,77992.3435
2024-02-13 00:00:00,2659.99,2686.0,2635.96,2640.47,78634.0703
2024-02-13 04:00:00,2640.46,2654.38,2638.0,2648.64,45975.4913
2024-02-13 08:00:00,2648.64,2686.06,2647.07,2681.75,72813.2591
2024-02-13 12:00:00,2681.75,2686.12,2590.0,2630.99,176828.6022
2024-02-13 16:00:00,2631.0,2640.29,2592.37,2611.42,82295.8043
2024-02-13 20:00:00,2611.42,2648.6,2610.8,2639.99,45900.5178
2024-02-14 00:00:00,2639.99,2644.0,2618.4,2636.88,35113.1108
2024-02-14 04:00:00,2636.89,2654.53,2620.76,2653.05,32031.9024
2024-02-14 08:00:00,2653.04,2760.0,2647.58,2755.87,170408.392
2024-02-14 12:00:00,2755.86,2772.28,2730.32,2749.4,108875.4562
2024-02-14 16:00:00,2749.4,2766.5,2726.54,2761.8,71444.7686
2024-02-14 20:00:00,2761.8,2786.0,2754.89,2774.81,43797.0644
2024-02-15 00:00:00,2774.8,2825.75,2771.61,2801.39,96484.3047
2024-02-15 04:00:00,2801.39,2802.33,2759.25,2772.33,53929.1635
2024-02-15 08:00:00,2772.32,2801.97,2768.34,2793.21,47946.4747
2024-02-15 12:00:00,2793.22,2867.65,2775.91,2826.27,154814.1094
2024-02-15 16:00:00,2826.27,2841.44,2802.49,2834.13,72752.9189
2024-02-15 20:00:00,2834.13,2845.59,2786.2,2822.59,55762.2162
2024-02-16 00:00:00,2822.58,2857.4,2820.35,2846.18,54911.1123
2024-02-16 04:00:00,2846.18,2852.4,2811.75,2815.05,47742.241
2024-02-16 08:00:00,2815.05,2835.4,2794.31,2823.59,61565.7137
2024-02-16 12:00:00,2823.6,2847.22,2740.0,2776.01,123265.8598
2024-02-16 16:00:00,2776.01,2807.39,2756.75,2762.91,63579.0384
2024-02-16 20:00:00,2762.92,2810.0,2758.45,2801.8,27006.8385
2024-02-17 00:00:00,2801.81,2804.21,2777.64,2793.4,25515.1071
2024-02-17 04:00:00,2793.39,2798.51,2778.99,2795.57,27088.0962
2024-02-17 08:00:00,2795.56,2795.57,2765.22,2780.57,40578.7452
2024-02-17 12:00:00,2780.58,2786.96,2719.01,2754.33,82979.8313
2024-02-17 16:00:00,2754.33,2776.74,2742.73,2774.31,36486.165
2024-02-17 20:00:00,2774.32,2801.16,2771.49,2785.93,30654.9311
2024-02-18 00:00:00,2785.92,2797.4,2764.25,2781.68,52629.066
2024-02-18 04:00:00,2781.69,2806.99,2778.9,2801.0,54935.9695
2024-02-18 08:00:00,2801.0,2822.93,2796.66,2803.4,48407.202
2024-02-18 12:00:00,2803.4,2813.2,2785.89,2807.49,50249.4761
2024-02-18 16:00:00,2807.49,2844.5,2794.33,2827.86,56713.9124
2024-02-18 20:00:00,2827.86,2895.0,2817.09,2881.2,105052.2573
2024-02-19 00:00:00,2881.2,2893.0,2856.93,2886.78,54302.8822
2024-02-19 04:00:00,2886.79,2931.0,2880.84,2926.38,83869.8806
2024-02-19 08:00:00,2926.38,2928.36,2892.25,2913.2,60928.007
2024-02-19 12:00:00,2913.2,2919.79,2886.03,2908.93,60519.2607
2024-02-19 16:00:00,2908.93,2953.84,2887.29,2934.03,107377.9313
2024-02-19 20:00:00,2934.04,2984.52,2927.0,2944.8,79453.0783
2024-02-20 00:00:00,2944.8,2955.56,2903.31,2907.0,71050.264
2024-02-20 04:00:00,2907.0,2935.38,2902.38,2921.78,43204.184
2024-02-20 08:00:00,2921.78,2941.0,2874.56,2935.31,91806.162
2024-02-20 12:00:00,2935.3,3004.6,2900.0,2925.09,231505.7114
2024-02-20 16:00:00,2925.08,2987.0,2885.47,2985.98,109550.4288
2024-02-20 20:00:00,2985.98,3033.09,2966.23,3014.81,87564.9969
2024-02-21 00:00:00,3014.81,3017.15,2988.6,3005.14,60621.901
2024-02-21 04:00:00,3005.15,3010.0,2921.9,2940.54,93330.3468
2024-02-21 08:00:00,2940.54,2956.84,2887.23,2899.1,119570.0275
2024-02-21 12:00:00,2899.11,2928.31,2868.0,2914.81,149314.7272
2024-02-21 16:00:00,2914.81,2938.0,2886.0,2913.0,92144.8947
2024-02-21 20:00:00,2912.99,2980.0,2897.46,2967.9,80973.1061
2024-02-22 00:00:00,2967.91,2968.59,2906.51,2935.51,66660.5836
2024-02-22 04:00:00,2935.52,2998.0,2920.98,2993.79,107720.5121
2024-02-22 08:00:00,2993.79,3032.86,2971.0,2990.8,121730.7802
2024-02-22 12:00:00,2990.8,3005.0,2929.39,2986.95,117091.3468
2024-02-22 16:00:00,2986.95,3002.8,2960.93,2987.96,63631.0122
2024-02-22 20:00:00,2987.96,3036.02,2969.35,2971.4,86691.7587
2024-02-23 00:00:00,2971.4,2993.8,2932.81,2955.95,69733.6425
2024-02-23 04:00:00,2955.95,2967.89,2923.26,2933.62,64531.3777
2024-02-23 08:00:00,2933.61,2948.65,2913.3,2943.63,67902.8897
2024-02-23 12:00:00,2943.63,2962.77,2913.26,2916.07,102400.6433
2024-02-23 16:00:00,2916.06,2951.7,2906.05,2945.99,73339.4494
2024-02-23 20:00:00,2946.0,2953.98,2906.87,2922.24,50918.5761
2024-02-24 00:00:00,2922.25,2937.31,2906.4,2930.19,33518.2444
2024-02-24 04:00:00,2930.2,2965.55,2929.5,2964.07,66934.9875
2024-02-24 08:00:00,2964.07,2966.53,2948.21,2961.53,29162.5517
2024-02-24 12:00:00,2961.53,2968.9,2953.43,2955.47,27172.7014
2024-02-24 16:00:00,2955.47,3007.48,2955.47,2987.1,59623.5309
2024-02-24 20:00:00,2987.1,2995.9,2979.04,2992.62,27442.0624
2024-02-25 00:00:00,2992.62,3049.0,2983.61,3025.17,75215.5646
2024-02-25 04:00:00,3025.18,3048.0,3012.68,3029.99,61190.7683
2024-02-25 08:00:00,3030.0,3040.93,3010.49,3040.36,55328.0105
2024-02-25 12:00:00,3040.36,3074.03,3025.84,3043.62,76231.989
2024-02-25 16:00:00,3043.61,3088.0,3027.88,3081.6,61607.2026
2024-02-25 20:00:00,3081.6,3122.0,3081.42,3112.59,82732.6887
2024-02-26 00:00:00,3112.6,3135.65,3085.81,3107.8,65663.7413
2024-02-26 04:00:00,3107.81,3115.4,3086.1,3087.19,48676.8165
2024-02-26 08:00:00,3087.19,3102.84,3036.59,3057.42,119474.191
2024-02-26 12:00:00,3057.41,3145.95,3038.0,3145.6,110163.5896
2024-02-26 16:00:00,3145.59,3182.98,3120.0,3179.12,138015.9044
2024-02-26 20:00:00,3179.11,3196.0,3165.51,3175.94,64728.5319
2024-02-27 00:00:00,3175.95,3270.0,3160.02,3216.56,170143.5954
2024-02-27 04:00:00,3216.55,3239.01,3202.37,3217.5,109812.2489
2024-02-27 08:00:00,3217.51,3269.0,3216.61,3254.89,81830.9854
2024-02-27 12:00:00,3254.9,3288.14,3219.9,3229.78,128765.4566
2024-02-27 16:00:00,3229.77,3260.38,3203.72,3250.72,87635.5391
2024-02-27 20:00:00,3250.72,3268.34,3233.82,3242.36,47751.2967
2024-02-28 00:00:00,3242.35,3258.39,3230.12,3248.82,32950.7248
2024-02-28 04:00:00,3248.83,3306.01,3244.16,3302.99,87355.3821
2024-02-28 08:00:00,3303.0,3369.8,3277.54,3296.13,166820.2697
2024-02-28 12:00:00,3296.13,3376.38,3287.07,3348.39,167845.0129
2024-02-28 16:00:00,3348.38,3488.0,3176.16,3299.12,394792.4683
2024-02-28 20:00:00,3299.13,3384.54,3253.46,3383.1,97774.9082
2024-02-29 00:00:00,3383.11,3467.77,3374.18,3407.15,134560.9615
2024-02-29 04:00:00,3407.15,3494.63,3397.95,3467.99,112911.7465
2024-02-29 08:00:00,3467.99,3522.81,3442.52,3513.87,140548.8542
2024-02-29 12:00:00,3513.88,3517.92,3445.42,3468.42,129449.6946
2024-02-29 16:00:00,3468.42,3470.6,3351.0,3403.26,144467.7712
2024-02-29 20:00:00,3403.27,3415.44,3300.0,3340.09,97759.0843
2024-03-01 00:00:00,3340.1,3388.82,3338.54,3367.79,66201.9036
2024-03-01 04:00:00,3367.78,3399.0,3364.32,3365.41,55423.9715
2024-03-01 08:00:00,3365.41,3437.08,3353.74,3410.9,91689.1515
2024-03-01 12:00:00,3410.89,3449.81,3379.6,3390.76,89813.1551
2024-03-01 16:00:00,3390.76,3435.9,3380.06,3427.73,63881.7445
2024-03-01 20:00:00,3427.73,3450.0,3421.28,3433.43,45778.6511
2024-03-02 00:00:00,3433.42,3460.04,3424.71,3442.34,53603.9715
2024-03-02 04:00:00,3442.33,3452.76,3390.01,3430.25,73960.5478
2024-03-02 08:00:00,3430.26,3435.68,3391.83,3403.39,46989.2405
2024-03-02 12:00:00,3403.4,3427.01,3394.47,3418.05,43485.4252
2024-03-02 16:00:00,3418.04,3431.03,3410.0,3426.19,34444.983
2024-03-02 20:00:00,3426.2,3431.31,3402.56,3421.4,31500.7768
2024-03-03 00:00:00,3421.39,3434.0,3409.1,3431.56,42198.1371
2024-03-03 04:00:00,3431.57,3446.23,3360.0,3392.76,76052.0366
2024-03-03 08:00:00,3392.76,3414.91,3375.0,3413.39,51813.7052
2024-03-03 12:00:00,3413.39,3447.53,3403.92,3422.5,60505.3203
2024-03-03 16:00:00,3422.5,3484.44,3418.22,3465.2,69628.9165
2024-03-03 20:00:00,3465.2,3491.8,3458.65,3487.81,41433.4153
2024-03-04 00:00:00,3487.8,3528.96,3423.78,3471.85,104241.127
2024-03-04 04:00:00,3471.84,3487.34,3456.36,3478.61,64931.4423
2024-03-04 08:00:00,3478.61,3544.14,3478.6,3506.91,130561.2393
2024-03-04 12:00:00,3506.92,3568.18,3459.03,3560.42,132120.4513
2024-03-04 16:00:00,3560.42,3610.0,3528.42,3593.01,184688.9321
2024-03-04 20:00:00,3593.0,3640.94,3558.3,3627.76,98817.4441
2024-03-05 00:00:00,3627.75,3697.2,3607.24,3689.81,115612.4894
2024-03-05 04:00:00,3689.81,3740.0,3641.5,3672.98,214653.2558
2024-03-05 08:00:00,3672.99,3742.0,3651.87,3731.45,96557.8615
2024-03-05 12:00:00,3731.46,3822.04,3730.8,3783.01,232303.136
2024-03-05 16:00:00,3783.0,3796.07,3200.0,3376.46,421444.8851
2024-03-05 20:00:00,3376.46,3580.6,3324.68,3553.65,312333.2362
2024-03-06 00:00:00,3553.66,3591.23,3499.4,3538.01,115820.7803
2024-03-06 04:00:00,3538.01,3789.77,3536.2,3786.6,230737.8482
2024-03-06 08:00:00,3786.61,3899.47,3778.6,3879.74,201051.8756
2024-03-06 12:00:00,3879.74,3900.0,3724.0,3790.94,234039.7964
2024-03-06 16:00:00,3790.95,3880.0,3764.25,3852.59,107005.7888
2024-03-06 20:00:00,3852.59,3892.58,3792.7,3818.59,80838.6207
2024-03-07 00:00:00,3818.58,3852.69,3764.21,3775.18,101621.8497
2024-03-07 04:00:00,3775.18,3803.36,3735.0,3789.22,71852.4759
2024-03-07 08:00:00,3789.23,3814.92,3770.36,3787.58,73348.2997
2024-03-07 12:00:00,3787.58,3855.23,3765.12,3837.16,112772.69
2024-03-07 16:00:00,3837.17,3883.77,3812.44,3870.19,78329.5525
2024-03-07 20:00:00,3870.19,3933.81,3840.0,3868.76,102855.8072
2024-03-08 00:00:00,3868.76,3940.6,3863.56,3900.85,77725.9157
2024-03-08 04:00:00,3900.85,3946.57,3880.0,3908.16,64744.9491
2024-03-08 08:00:00,3908.16,3954.98,3908.15,3950.46,79443.9638
2024-03-08 12:00:00,3950.46,3993.75,3886.0,3900.75,172241.1434
2024-03-08 16:00:00,3900.76,3978.49,3820.0,3928.82,174005.1197
2024-03-08 20:00:00,3928.82,3950.85,3871.28,3883.36,78238.1672
2024-03-09 00:00:00,3883.37,3929.0,3877.5,3923.21,42981.501
2024-03-09 04:00:00,3923.22,3942.0,3912.05,3925.47,36331.8334
2024-03-09 08:00:00,3925.46,3936.0,3887.99,3912.49,47849.7238
2024-03-09 12:00:00,3912.5,3927.05,3901.62,3916.66,40208.5626
2024-03-09 16:00:00,3916.66,3920.22,3870.01,3881.18,57453.4371
2024-03-09 20:00:00,3881.18,3912.68,3881.17,3905.21,30014.0807
2024-03-10 00:00:00,3905.2,3940.1,3899.51,3935.0,51918.0288
2024-03-10 04:00:00,3935.01,3950.0,3929.79,3944.82,38704.7462
2024-03-10 08:00:00,3944.81,3964.67,3920.02,3932.72,60457.1563
2024-03-10 12:00:00,3932.72,3947.18,3860.65,3883.69,85475.6879
2024-03-10 16:00:00,3883.7,3927.05,3882.06,3898.0,48450.6237
2024-03-10 20:00:00,3898.01,3903.89,3791.26,3878.47,71658.4371
2024-03-11 00:00:00,3878.47,3888.38,3722.95,3866.93,104660.8458
2024-03-11 04:00:00,3866.92,4011.79,3834.22,4001.4,158741.3444
2024-03-11 08:00:00,4001.4,4054.6,3986.86,4034.25,166787.8858
2024-03-11 12:00:00,4034.25,4065.8,4017.0,4018.0,128794.4803
2024-03-11 16:00:00,4018.01,4086.23,3998.92,4031.71,107913.564
2024-03-11 20:00:00,4031.7,4082.0,4027.92,4064.8,54656.3936
2024-03-12 00:00:00,4064.8,4093.92,4021.19,4028.69,82355.2843
2024-03-12 04:00:00,4028.69,4052.4,4000.02,4027.13,62019.6953
2024-03-12 08:00:00,4027.13,4065.0,3965.0,4020.83,83842.3936
2024-03-12 12:00:00,4020.84,4053.8,3950.0,3988.46,146976.2191
2024-03-12 16:00:00,3988.46,3991.62,3828.98,3980.23,199020.7718
2024-03-12 20:00:00,3980.23,3980.56,3927.18,3979.96,58573.03
2024-03-13 00:00:00,3979.97,4045.86,3973.53,4043.78,64974.9648
2024-03-13 04:00:00,4043.78,4078.38,4029.1,4038.36,70118.1647
2024-03-13 08:00:00,4038.36,4083.0,4038.09,4048.9,71500.9906
2024-03-13 12:00:00,4048.91,4053.0,3932.23,3962.8,148148.3053
2024-03-13 16:00:00,3962.8,4011.06,3952.23,4000.44,70578.3149
2024-03-13 20:00:00,4000.44,4021.0,3974.62,4004.79,56985.0363
2024-03-14 00:00:00,4004.79,4010.98,3955.0,3993.77,59083.0005
2024-03-14 04:00:00,3993.77,4005.69,3940.64,3963.46,64515.6419
2024-03-14 08:00:00,3963.45,3997.7,3943.12,3955.04,59789.1681
2024-03-14 12:00:00,3955.04,3967.4,3820.2,3845.81,180384.2757
2024-03-14 16:00:00,3845.81,3896.02,3723.0,3785.89,184658.1893
2024-03-14 20:00:00,3785.89,3892.0,3780.79,3881.7,99807.249
2024-03-15 00:00:00,3881.69,3934.02,3623.0,3722.2,208926.9893
2024-03-15 04:00:00,3722.2,3779.92,3656.49,3754.12,174978.3857
2024-03-15 08:00:00,3754.12,3761.65,3570.0,3689.33,231263.8534
2024-03-15 12:00:00,3689.33,3742.0,3670.77,3688.9,116561.5186
2024-03-15 16:00:00,3688.89,3806.62,3659.01,3689.54,128183.8655
2024-03-15 20:00:00,3689.53,3749.93,3606.65,3742.19,87622.7946
2024-03-16 00:00:00,3742.19,3781.12,3722.41,3735.52,73363.2961
2024-03-16 04:00:00,3735.52,3743.6,3690.18,3740.19,50218.9677
2024-03-16 08:00:00,3740.2,3741.1,3661.83,3692.29,62013.0313
2024-03-16 12:00:00,3692.29,3711.37,3637.73,3679.55,92942.0765
2024-03-16 16:00:00,3679.54,3679.88,3570.0,3600.6,122770.3784
2024-03-16 20:00:00,3600.6,3633.8,3468.8,3523.09,146980.4069
2024-03-17 00:00:00,3523.09,3582.4,3504.95,3571.5,90384.1792
2024-03-17 04:00:00,3571.49,3572.51,3412.0,3472.72,114120.8728
2024-03-17 08:00:00,3472.72,3606.41,3460.01,3578.99,107483.9821
2024-03-17 12:00:00,3578.99,3647.15,3528.36,3628.42,95169.7591
2024-03-17 16:00:00,3628.42,3656.45,3602.43,3651.18,62380.0184
2024-03-17 20:00:00,3651.18,3678.68,3624.19,3644.71,48252.182
2024-03-18 00:00:00,3644.7,3645.02,3557.31,3600.39,82008.4412
2024-03-18 04:00:00,3600.38,3642.52,3576.9,3626.65,65470.8897
2024-03-18 08:00:00,3626.65,3627.0,3548.99,3597.82,104156.7504
2024-03-18 12:00:00,3597.83,3613.41,3486.0,3525.18,134712.3087
2024-03-18 16:00:00,3525.17,3563.86,3454.09,3478.89,129920.707
2024-03-18 20:00:00,3478.88,3548.0,3478.88,3520.46,54632.1881
2024-03-19 00:00:00,3520.47,3548.09,3362.15,3419.17,189698.6232
2024-03-19 04:00:00,3419.18,3427.8,3306.1,3360.14,146220.9547
2024-03-19 08:00:00,3360.14,3360.16,3202.84,3276.51,265410.214
2024-03-19 12:00:00,3276.51,3325.69,3223.5,3303.16,164469.5428
2024-03-19 16:00:00,3303.16,3359.8,3280.8,3333.26,129837.4242
2024-03-19 20:00:00,3333.27,3338.84,3150.88,3158.64,153992.9347
2024-03-20 00:00:00,3158.65,3266.01,3153.26,3161.02,176684.8529
2024-03-20 04:00:00,3161.02,3226.0,3056.56,3218.48,241498.0331
2024-03-20 08:00:00,3218.47,3296.72,3205.1,3293.26,137299.3104
2024-03-20 12:00:00,3293.26,3397.0,3275.35,3292.55,226068.0678
2024-03-20 16:00:00,3292.54,3405.78,3140.71,3379.01,263906.8566
2024-03-20 20:00:00,3379.0,3535.24,3370.91,3516.53,161865.6993
2024-03-21 00:00:00,3516.53,3558.99,3493.4,3510.59,109802.7426
2024-03-21 04:00:00,3510.59,3537.2,3446.47,3516.03,89965.5165
2024-03-21 08:00:00,3516.04,3587.32,3516.03,3531.18,94844.8442
2024-03-21 12:00:00,3531.18,3574.41,3478.73,3497.6,103968.4195
2024-03-21 16:00:00,3497.59,3545.99,3412.22,3441.38,131679.5015
2024-03-21 20:00:00,3441.37,3521.91,3412.0,3492.85,72494.1829
2024-03-22 00:00:00,3492.84,3527.61,3454.01,3522.01,61088.8562
2024-03-22 04:00:00,3522.0,3542.52,3500.63,3511.4,58201.2989
2024-03-22 08:00:00,3511.39,3523.8,3394.42,3405.19,68698.234
2024-03-22 12:00:00,3405.18,3425.84,3281.0,3349.31,160395.4791
2024-03-22 16:00:00,3349.3,3362.19,3289.0,3340.46,123949.364
2024-03-22 20:00:00,3340.46,3345.59,3250.0,3336.35,86515.6558
2024-03-23 00:00:00,3336.35,3362.38,3270.08,3303.56,58618.341
2024-03-23 04:00:00,3303.55,3383.8,3298.6,3365.28,42455.7546
2024-03-23 08:00:00,3365.28,3380.57,3328.34,3364.99,43508.015
2024-03-23 12:00:00,3364.98,3423.03,3343.41,3405.5,69877.3828
2024-03-23 16:00:00,3405.49,3435.48,3384.82,3386.12,45078.0352
2024-03-23 20:00:00,3386.11,3401.6,3327.28,3329.53,64138.4162
2024-03-24 00:00:00,3329.53,3368.16,3307.0,3307.62,48041.0628
2024-03-24 04:00:00,3307.63,3343.07,3298.76,3341.8,39533.9037
2024-03-24 08:00:00,3341.81,3392.72,3335.5,3387.38,36214.3205
2024-03-24 12:00:00,3387.37,3414.46,3376.73,3397.51,36265.3185
2024-03-24 16:00:00,3397.5,3409.5,3333.0,3382.5,49572.2639
2024-03-24 20:00:00,3382.49,3471.22,3375.56,3454.98,51197.2714
2024-03-25 00:00:00,3454.99,3461.17,3420.12,3454.97,42364.5167
2024-03-25 04:00:00,3454.98,3506.49,3440.8,3444.6,84573.3282
2024-03-25 08:00:00,3444.59,3472.0,3432.15,3436.19,49155.8492
2024-03-25 12:00:00,3436.2,3587.9,3430.0,3581.49,126222.948
2024-03-25 16:00:00,3581.49,3666.0,3566.2,3638.96,184776.909
2024-03-25 20:00:00,3638.96,3646.66,3566.47,3590.42,61484.1431
2024-03-26 00:00:00,3590.43,3643.71,3580.95,3623.0,118159.5628
2024-03-26 04:00:00,3623.0,3678.86,3618.4,3635.13,83621.5109
2024-03-26 08:00:00,3635.14,3670.32,3630.0,3631.6,58958.4099
2024-03-26 12:00:00,3631.61,3654.34,3545.13,3593.35,109018.2391
2024-03-26 16:00:00,3593.35,3603.55,3542.62,3560.82,88321.8786
2024-03-26 20:00:00,3560.83,3613.5,3558.15,3587.33,40934.2371
2024-03-27 00:00:00,3587.32,3627.67,3577.0,3603.11,38078.1551
2024-03-27 04:00:00,3603.1,3616.5,3560.2,3565.21,41410.5898
2024-03-27 08:00:00,3565.21,3590.84,3532.96,3585.07,55698.9769
2024-03-27 12:00:00,3585.07,3665.84,3496.15,3514.3,191134.3058
2024-03-27 16:00:00,3514.29,3531.76,3460.02,3491.18,73658.2574
2024-03-27 20:00:00,3491.18,3521.47,3485.04,3501.19,43215.0447
2024-03-28 00:00:00,3501.2,3531.47,3465.0,3496.61,98043.3592
2024-03-28 04:00:00,3496.61,3579.95,3495.79,3573.88,73489.0492
2024-03-28 08:00:00,3573.88,3595.7,3565.81,3579.73,55528.1056
2024-03-28 12:00:00,3579.74,3611.78,3552.55,3578.7,84030.442
2024-03-28 16:00:00,3578.71,3580.75,3537.48,3563.05,60508.7819
2024-03-28 20:00:00,3563.06,3580.0,3541.37,3560.49,33054.2932
2024-03-29 00:00:00,3560.49,3584.37,3550.05,3562.39,28619.8812
2024-03-29 04:00:00,3562.39,3580.8,3512.85,3519.43,58587.0884
2024-03-29 08:00:00,3519.42,3562.71,3517.15,3549.85,55857.175
2024-03-29 12:00:00,3549.86,3558.0,3481.14,3488.53,64510.6073
2024-03-29 16:00:00,3488.52,3502.36,3445.91,3500.34,60765.2112
2024-03-29 20:00:00,3500.35,3524.55,3476.01,3509.74,54746.2159
2024-03-30 00:00:00,3509.74,3521.89,3486.58,3490.0,34193.2775
2024-03-30 04:00:00,3489.99,3532.77,3487.0,3492.64,56078.6986
2024-03-30 08:00:00,3492.65,3564.0,3492.2,3560.0,43774.3565
2024-03-30 12:00:00,3559.99,3565.81,3531.0,3536.61,28666.6175
2024-03-30 16:00:00,3536.6,3547.71,3485.0,3509.02,34164.5481
2024-03-30 20:00:00,3509.02,3519.0,3494.88,3505.64,19147.7652
2024-03-31 00:00:00,3505.65,3544.07,3505.09,3537.26,25100.8785
2024-03-31 04:00:00,3537.26,3631.99,3532.42,3625.38,75942.6382
2024-03-31 08:00:00,3625.38,3632.8,3600.38,3609.2,33243.8347
2024-03-31 12:00:00,3609.2,3638.0,3606.78,3617.68,39565.1266
2024-03-31 16:00:00,3617.69,3655.32,3613.75,3638.18,41090.3708
2024-03-31 20:00:00,3638.19,3650.6,3617.8,3645.29,28522.1389
2024-04-01 00:00:00,3645.29,3645.95,3600.74,3610.42,37328.6389
2024-04-01 04:00:00,3610.41,3613.3,3500.0,3546.88,98690.7113
2024-04-01 08:00:00,3546.88,3560.17,3520.07,3537.98,44636.9281
2024-04-01 12:00:00,3537.98,3570.58,3437.23,3444.04,112748.132
2024-04-01 16:00:00,3444.04,3489.18,3413.71,3486.33,78478.2183
2024-04-01 20:00:00,3486.33,3514.88,3471.32,3503.8,36971.4939
2024-04-02 00:00:00,3503.8,3505.6,3319.2,3366.08,124255.7376
2024-04-02 04:00:00,3366.07,3388.58,3337.25,3362.9,67274.4696
2024-04-02 08:00:00,3362.89,3371.62,3276.72,3308.64,126538.5812
2024-04-02 12:00:00,3308.63,3324.26,3232.0,3240.13,151372.6183
2024-04-02 16:00:00,3240.13,3284.46,3212.0,3277.53,93534.0462
2024-04-02 20:00:00,3277.53,3305.0,3241.69,3278.96,60289.1947
2024-04-03 00:00:00,3278.96,3324.19,3202.79,3315.41,93189.2295
2024-04-03 04:00:00,3315.4,3324.6,3280.0,3305.53,49447.1277
2024-04-03 08:00:00,3305.52,3357.58,3289.97,3317.53,73863.3134
2024-04-03 12:00:00,3317.53,3363.58,3292.8,3329.2,73373.412
2024-04-03 16:00:00,3329.21,3367.4,3281.21,3314.29,64897.7138
2024-04-03 20:00:00,3314.28,3325.64,3288.39,3310.83,55713.3969
2024-04-04 00:00:00,3310.83,3333.0,3262.86,3274.37,55991.1705
2024-04-04 04:00:00,3274.38,3334.46,3250.92,3322.79,55871.5853
2024-04-04 08:00:00,3322.8,3355.48,3319.42,3340.37,32050.7649
2024-04-04 12:00:00,3340.36,3395.19,3338.95,3364.12,59348.0128
2024-04-04 16:00:00,3364.11,3443.93,3360.68,3366.09,66511.991
2024-04-04 20:00:00,3366.09,3370.3,3278.02,3327.4,86565.0471
2024-04-05 00:00:00,3327.39,3336.0,3252.8,3308.3,64808.1215
2024-04-05 04:00:00,3308.3,3319.25,3242.01,3287.61,53002.5926
2024-04-05 08:00:00,3287.6,3312.8,3236.8,3243.51,60815.6668
2024-04-05 12:00:00,3243.52,3329.54,3210.0,3326.43,104716.2205
2024-04-05 16:00:00,3326.43,3350.0,3305.1,3320.1,42565.9659
2024-04-05 20:00:00,3320.11,3344.95,3310.46,3317.85,18648.231
2024-04-06 00:00:00,3317.85,3346.39,3306.68,3331.34,28664.5342
2024-04-06 04:00:00,3331.33,3352.81,3321.13,3330.39,26715.0374
2024-04-06 08:00:00,3330.4,3351.52,3325.0,3330.67,26159.6312
2024-04-06 12:00:00,3330.67,3361.77,3313.4,3335.37,30009.2542
2024-04-06 16:00:00,3335.37,3357.54,3331.22,3349.24,25061.7582
2024-04-06 20:00:00,3349.23,3398.42,3344.0,3351.59,46701.9973
2024-04-07 00:00:00,3351.59,3413.61,3344.08,3388.41,40788.4157
2024-04-07 04:00:00,3388.4,3406.51,3374.6,3385.19,20136.9828
2024-04-07 08:00:00,3385.19,3395.19,3376.83,3390.34,21075.8618
2024-04-07 12:00:00,3390.33,3420.0,3384.71,3390.13,40776.2129
2024-04-07 16:00:00,3390.14,3412.97,3368.0,3381.39,37069.9364
2024-04-07 20:00:00,3381.38,3459.94,3378.15,3454.2,50611.6656
2024-04-08 00:00:00,3454.2,3457.27,3406.36,3423.0,33564.1278
2024-04-08 04:00:00,3422.99,3478.34,3413.22,3473.88,52807.52
2024-04-08 08:00:00,3473.88,3640.44,3469.8,3633.08,175678.6684
2024-04-08 12:00:00,3633.07,3672.11,3612.0,3629.2,115824.0414
2024-04-08 16:00:00,3629.2,3710.45,3627.16,3702.8,76989.1136
2024-04-08 20:00:00,3702.8,3730.71,3681.06,3694.61,41977.882
2024-04-09 00:00:00,3694.61,3727.34,3665.25,3692.29,60917.2209
2024-04-09 04:00:00,3692.3,3701.94,3631.0,3641.81,78663.0304
2024-04-09 08:00:00,3641.81,3646.6,3580.57,3632.85,83751.2259
2024-04-09 12:00:00,3632.85,3643.37,3478.5,3529.92,129101.6595
2024-04-09 16:00:00,3529.93,3532.96,3450.46,3517.1,65691.7243
2024-04-09 20:00:00,3517.1,3526.63,3485.82,3506.39,39467.391
2024-04-10 00:00:00,3506.4,3537.5,3465.64,3513.0,59002.792
2024-04-10 04:00:00,3513.01,3554.19,3505.98,3536.61,36766.0514
2024-04-10 08:00:00,3536.61,3540.36,3493.07,3521.32,54638.8176
2024-04-10 12:00:00,3521.33,3527.99,3411.82,3479.41,128853.4687
2024-04-10 16:00:00,3479.41,3547.49,3469.5,3521.52,73130.5015
2024-04-10 20:00:00,3521.52,3562.95,3495.58,3545.64,37013.2743
2024-04-11 00:00:00,3545.64,3576.6,3524.27,3575.84,36473.6411
2024-04-11 04:00:00,3575.84,3605.76,3553.03,3583.4,48719.2176
2024-04-11 08:00:00,3583.4,3618.3,3514.57,3522.88,69106.2264
2024-04-11 12:00:00,3522.89,3575.0,3486.31,3508.32,108947.7602
2024-04-11 16:00:00,3508.31,3522.0,3474.52,3517.7,45872.8607
2024-04-11 20:00:00,3517.71,3532.25,3490.63,3502.52,29019.8474
2024-04-12 00:00:00,3502.52,3537.93,3501.34,3534.01,31946.1988
2024-04-12 04:00:00,3534.01,3552.4,3507.95,3516.2,36378.2
2024-04-12 08:00:00,3516.2,3541.78,3508.95,3532.22,57646.7587
2024-04-12 12:00:00,3532.22,3532.48,3439.23,3440.71,93086.5997
2024-04-12 16:00:00,3440.7,3454.56,3100.0,3206.17,368390.2385
2024-04-12 20:00:00,3206.17,3256.0,3201.07,3237.43,109879.1217
2024-04-13 00:00:00,3237.42,3237.43,3141.6,3230.91,129141.3032
2024-04-13 04:00:00,3230.91,3272.31,3223.38,3257.6,71583.8293
2024-04-13 08:00:00,3257.61,3301.9,3247.4,3268.2,49728.8016
2024-04-13 12:00:00,3268.2,3296.83,3250.7,3272.39,51783.9186
2024-04-13 16:00:00,3272.4,3279.79,3017.19,3085.2,192725.8168
2024-04-13 20:00:00,3085.2,3094.88,2852.0,3007.01,500007.5659
2024-04-14 00:00:00,3007.01,3019.46,2906.73,2970.85,158831.5163
2024-04-14 04:00:00,2970.86,3102.15,2965.18,3084.2,130082.1584
2024-04-14 08:00:00,3084.19,3099.13,3008.86,3027.01,93607.7363
2024-04-14 12:00:00,3027.0,3074.07,3006.0,3055.74,113490.806
2024-04-14 16:00:00,3055.75,3101.27,2980.0,3073.62,141984.5195
2024-04-14 20:00:00,3073.63,3174.23,3047.29,3155.11,99583.7301
2024-04-15 00:00:00,3155.11,3158.62,3100.0,3146.5,78837.1145
2024-04-15 04:00:00,3146.51,3255.43,3123.0,3242.05,112167.1509
2024-04-15 08:00:00,3242.04,3277.85,3226.75,3229.64,64554.2124
2024-04-15 12:00:00,3229.64,3246.03,3102.2,3163.21,130181.8775
2024-04-15 16:00:00,3163.2,3179.4,3023.19,3100.1,161882.7144
2024-04-15 20:00:00,3100.09,3128.44,3057.29,3101.99,57807.8166
2024-04-16 00:00:00,3102.0,3120.59,3051.35,3072.19,91301.5805
2024-04-16 04:00:00,3072.2,3128.01,2986.0,3107.29,94633.1002
2024-04-16 08:00:00,3107.3,3110.76,3003.0,3093.31,106184.5489
2024-04-16 12:00:00,3093.31,3095.37,3008.7,3009.04,108323.748
2024-04-16 16:00:00,3009.05,3084.99,2995.0,3057.64,89160.7128
2024-04-16 20:00:00,3057.65,3118.24,3049.9,3084.22,36510.1646
2024-04-17 00:00:00,3084.21,3107.24,3068.39,3095.61,45177.1765
2024-04-17 04:00:00,3095.6,3123.75,3064.05,3076.6,53048.8482
2024-04-17 08:00:00,3076.6,3087.64,3037.65,3040.2,45727.2266
2024-04-17 12:00:00,3040.19,3063.65,2925.85,2946.8,185441.1871
2024-04-17 16:00:00,2946.79,3043.73,2914.47,3001.6,113662.6669
2024-04-17 20:00:00,3001.59,3014.91,2964.35,2985.41,48840.4608
2024-04-18 00:00:00,2985.41,3035.08,2950.98,3025.68,57953.4313
2024-04-18 04:00:00,3025.67,3034.29,2956.6,2975.2,60161.4658
2024-04-18 08:00:00,2975.19,3065.56,2954.01,3046.46,78719.9921
2024-04-18 12:00:00,3046.45,3094.4,2985.69,3069.17,108069.7724
2024-04-18 16:00:00,3069.17,3083.54,3018.2,3064.19,60363.215
2024-04-18 20:00:00,3064.19,3080.82,3056.1,3064.4,23792.8367
2024-04-19 00:00:00,3064.4,3070.24,2865.18,2979.8,200205.8981
2024-04-19 04:00:00,2979.81,3128.89,2979.0,3084.41,139081.3466
2024-04-19 08:00:00,3084.41,3124.44,3077.19,3102.61,79642.8684
2024-04-19 12:00:00,3102.6,3121.0,3054.35,3080.74,74619.7035
2024-04-19 16:00:00,3080.73,3107.94,3029.72,3104.1,60560.4186
2024-04-19 20:00:00,3104.1,3105.68,3020.63,3056.46,53740.1667
2024-04-20 00:00:00,3056.45,3070.8,3018.75,3055.99,42184.1651
2024-04-20 04:00:00,3055.99,3071.03,3049.31,3060.64,27818.0665
2024-04-20 08:00:00,3060.64,3061.29,3029.99,3047.39,31576.8595
2024-04-20 12:00:00,3047.38,3114.6,3040.34,3109.86,41106.7557
2024-04-20 16:00:00,3109.86,3166.46,3087.66,3148.21,64448.8195
2024-04-20 20:00:00,3148.21,3171.88,3140.9,3155.79,35442.9708
2024-04-21 00:00:00,3155.79,3197.18,3126.87,3166.8,51393.7539
2024-04-21 04:00:00,3166.81,3191.22,3152.54,3179.55,32445.4054
2024-04-21 08:00:00,3179.54,3189.0,3153.66,3168.81,38254.6523
2024-04-21 12:00:00,3168.81,3176.7,3137.32,3158.82,32903.4112
2024-04-21 16:00:00,3158.82,3161.36,3116.49,3136.79,39846.3754
2024-04-21 20:00:00,3136.78,3169.57,3129.82,3147.67,25126.909
2024-04-22 00:00:00,3147.66,3210.75,3129.15,3190.1,64775.007
2024-04-22 04:00:00,3190.09,3235.0,3184.53,3203.6,56009.1283
2024-04-22 08:00:00,3203.59,3224.0,3187.99,3194.54,42406.1851
2024-04-22 12:00:00,3194.55,3211.64,3166.8,3183.32,52021.2321
2024-04-22 16:00:00,3183.33,3216.99,3169.3,3188.23,44346.4388
2024-04-22 20:00:00,3188.24,3224.2,3184.02,3200.2,31321.9656
2024-04-23 00:00:00,3200.19,3223.36,3181.37,3183.9,31002.9675
2024-04-23 04:00:00,3183.9,3193.49,3152.0,3160.48,38872.1329
2024-04-23 08:00:00,3160.49,3185.55,3152.45,3179.8,34675.3915
2024-04-23 12:00:00,3179.79,3263.61,3173.11,3226.13,90805.6152
2024-04-23 16:00:00,3226.12,3246.22,3213.0,3218.31,31598.2941
2024-04-23 20:00:00,3218.31,3223.05,3186.43,3219.46,26959.8251
2024-04-24 00:00:00,3219.46,3249.28,3210.4,3237.61,38187.821
2024-04-24 04:00:00,3237.61,3275.54,3236.8,3250.11,42663.5601
2024-04-24 08:00:00,3250.1,3287.0,3241.86,3281.96,52631.1212
2024-04-24 12:00:00,3281.97,3293.56,3167.23,3175.8,125225.2776
2024-04-24 16:00:00,3175.8,3193.83,3104.9,3134.67,84696.0405
2024-04-24 20:00:00,3134.67,3152.59,3112.05,3140.8,49910.521
2024-04-25 00:00:00,3140.79,3171.2,3126.6,3147.41,52224.3084
2024-04-25 04:00:00,3147.41,3167.35,3126.17,3136.39,36138.1097
2024-04-25 08:00:00,3136.39,3152.99,3072.2,3112.0,76649.9228
2024-04-25 12:00:00,3112.01,3168.0,3082.58,3160.4,104592.0248
2024-04-25 16:00:00,3160.4,3175.65,3146.24,3165.84,55227.7167
2024-04-25 20:00:00,3165.84,3191.64,3152.3,3155.8,27456.4678
2024-04-26 00:00:00,3155.81,3164.08,3124.25,3141.59,41673.6037
2024-04-26 04:00:00,3141.58,3154.13,3129.0,3135.46,43586.007
2024-04-26 08:00:00,3135.45,3157.99,3121.8,3128.63,34780.1809
2024-04-26 12:00:00,3128.63,3167.7,3102.0,3117.6,78960.3574
2024-04-26 16:00:00,3117.61,3155.0,3105.71,3133.84,31786.6302
2024-04-26 20:00:00,3133.79,3153.8,3120.77,3131.3,21735.8758
2024-04-27 00:00:00,3131.3,3138.8,3066.74,3122.18,68745.2052
2024-04-27 04:00:00,3122.18,3133.25,3107.69,3120.59,26346.987
2024-04-27 08:00:00,3120.59,3128.57,3107.8,3124.92,24825.3634
2024-04-27 12:00:00,3124.92,3167.01,3122.0,3145.05,52518.6486
2024-04-27 16:00:00,3145.05,3285.0,3142.41,3237.4,116347.8618
2024-04-27 20:00:00,3237.4,3263.3,3223.07,3255.56,35027.1259
2024-04-28 00:00:00,3255.55,3329.6,3250.45,3308.87,66495.8919
2024-04-28 04:00:00,3308.86,3339.99,3300.23,3317.6,44047.6154
2024-04-28 08:00:00,3317.59,3324.78,3275.01,3286.41,56781.1368
2024-04-28 12:00:00,3286.41,3327.79,3283.8,3321.01,50930.6869
2024-04-28 16:00:00,3321.0,3357.4,3308.17,3316.92,39141.7072
2024-04-28 20:00:00,3316.92,3321.0,3251.97,3263.45,47368.9708
2024-04-29 00:00:00,3263.44,3286.95,3168.01,3177.6,106619.9358
2024-04-29 04:00:00,3177.6,3208.28,3153.44,3189.0,89021.0329
2024-04-29 08:00:00,3188.99,3195.4,3147.54,3160.11,60914.3596
2024-04-29 12:00:00,3160.11,3186.54,3115.13,3182.45,86581.1752
2024-04-29 16:00:00,3182.45,3189.6,3155.23,3186.01,40952.1099
2024-04-29 20:00:00,3186.02,3235.43,3163.91,3216.73,37742.6778
2024-04-30 00:00:00,3216.74,3250.95,3150.0,3180.79,66756.5263
2024-04-30 04:00:00,3180.8,3185.48,3152.0,3157.35,36501.4589
2024-04-30 08:00:00,3157.35,3161.75,3003.7,3007.45,153525.6894
2024-04-30 12:00:00,3007.45,3037.42,2966.01,2994.12,120983.1612
2024-04-30 16:00:00,2994.11,2998.6,2921.0,2928.96,118100.8555
2024-04-30 20:00:00,2928.96,3029.4,2928.0,3014.05,65849.7953
2024-05-01 00:00:00,3014.04,3023.24,2960.03,3004.37,56122.3384
2024-05-01 04:00:00,3004.37,3013.87,2859.0,2869.71,123926.1965
2024-05-01 08:00:00,2869.7,2906.27,2817.0,2905.39,143421.0154
2024-05-01 12:00:00,2905.4,2934.0,2865.91,2885.45,76042.9389
2024-05-01 16:00:00,2885.46,3015.73,2868.72,2926.06,172442.9636
2024-05-01 20:00:00,2926.05,2984.89,2914.42,2972.46,53008.3245
2024-05-02 00:00:00,2972.46,2982.18,2893.26,2929.33,74444.8411
2024-05-02 04:00:00,2929.34,2938.0,2898.2,2921.22,39776.1802
2024-05-02 08:00:00,2921.22,3002.51,2916.73,2995.55,79087.6942
2024-05-02 12:00:00,2995.54,3013.0,2952.4,2990.17,88940.484
2024-05-02 16:00:00,2990.16,3006.0,2972.0,2999.81,43031.169
2024-05-02 20:00:00,2999.8,3016.72,2968.84,2986.19,40659.3506
2024-05-03 00:00:00,2986.19,3036.17,2977.7,3010.15,41019.9792
2024-05-03 04:00:00,3010.14,3017.2,2958.71,2969.0,37416.0198
2024-05-03 08:00:00,2969.0,2990.62,2958.32,2979.5,34574.5244
2024-05-03 12:00:00,2979.49,3086.0,2969.75,3075.52,152439.9324
2024-05-03 16:00:00,3075.52,3087.99,3062.61,3072.5,38249.1083
2024-05-03 20:00:00,3072.51,3126.99,3068.59,3102.61,52126.275
2024-05-04 00:00:00,3102.61,3130.85,3092.85,3112.0,31207.8168
2024-05-04 04:00:00,3112.0,3123.06,3095.37,3095.94,25653.2228
2024-05-04 08:00:00,3095.94,3168.0,3095.68,3130.45,55073.4721
2024-05-04 12:00:00,3130.45,3158.95,3115.08,3126.81,37368.8147
2024-05-04 16:00:00,3126.8,3140.0,3114.08,3137.01,23546.5398
2024-05-04 20:00:00,3137.02,3147.0,3104.34,3117.23,23414.0826
2024-05-05 00:00:00,3117.24,3126.41,3072.99,3086.91,50542.8438
2024-05-05 04:00:00,3086.9,3114.8,3080.83,3105.7,21580.7472
2024-05-05 08:00:00,3105.7,3171.93,3103.52,3138.1,66727.8936
2024-05-05 12:00:00,3138.1,3168.0,3127.04,3160.19,36839.7556
2024-05-05 16:00:00,3160.18,3166.34,3130.68,3142.45,25728.6721
2024-05-05 20:00:00,3142.45,3146.66,3122.89,3136.41,17340.3539
2024-05-06 00:00:00,3136.4,3165.97,3124.38,3134.61,26248.0382
2024-05-06 04:00:00,3134.61,3191.94,3127.94,3180.53,46060.5365
2024-05-06 08:00:00,3180.54,3221.4,3131.2,3149.23,98323.4368
2024-05-06 12:00:00,3149.23,3154.99,3056.61,3089.25,118784.4052
2024-05-06 16:00:00,3089.25,3096.36,3046.35,3069.84,42521.1903
2024-05-06 20:00:00,3069.83,3089.11,3060.98,3062.6,23197.6957
2024-05-07 00:00:00,3062.59,3096.8,3021.34,3049.19,48218.7778
2024-05-07 04:00:00,3049.19,3082.5,3044.01,3077.4,29362.3583
2024-05-07 08:00:00,3077.4,3129.85,3059.09,3063.39,79096.7131
2024-05-07 12:00:00,3063.4,3106.0,3045.7,3071.41,59771.1292
2024-05-07 16:00:00,3071.41,3079.41,3027.0,3049.62,33921.3804
2024-05-07 20:00:00,3049.61,3061.44,2998.0,3005.69,48426.3241
2024-05-08 00:00:00,3005.69,3038.15,2994.58,3032.33,31024.9074
2024-05-08 04:00:00,3032.32,3036.52,2989.56,2995.01,48324.5348
2024-05-08 08:00:00,2995.01,3011.4,2978.4,2990.31,46336.5347
2024-05-08 12:00:00,2990.31,3032.5,2985.0,3006.98,59661.6558
2024-05-08 16:00:00,3006.99,3024.11,2986.58,2999.38,26014.5888
2024-05-08 20:00:00,2999.39,3004.0,2936.48,2974.21,55572.591
2024-05-09 00:00:00,2974.2,3005.1,2972.2,2997.9,24807.7468
2024-05-09 04:00:00,2997.91,3014.96,2975.7,2983.59,45323.0638
2024-05-09 08:00:00,2983.59,2991.8,2950.77,2977.2,39630.623
2024-05-09 12:00:00,2977.2,3019.28,2955.86,3005.99,62506.4399
2024-05-09 16:00:00,3005.99,3025.98,2989.59,3021.41,34139.9401
2024-05-09 20:00:00,3021.4,3059.0,3015.66,3036.23,32153.9326
2024-05-10 00:00:00,3036.24,3044.0,3018.23,3028.95,37115.6492
2024-05-10 04:00:00,3028.95,3053.89,3021.64,3042.26,39477.4863
2024-05-10 08:00:00,3042.27,3045.23,3022.0,3037.85,29448.5225
2024-05-10 12:00:00,3037.85,3044.53,2907.79,2918.54,112704.6548
2024-05-10 16:00:00,2918.54,2935.0,2878.03,2901.6,84041.6607
2024-05-10 20:00:00,2901.6,2916.11,2887.4,2909.99,25067.9023
2024-05-11 00:00:00,2909.98,2936.59,2905.2,2911.0,27696.4544
2024-05-11 04:00:00,2911.0,2927.74,2905.9,2921.79,17063.5205
2024-05-11 08:00:00,2921.8,2925.38,2886.46,2903.4,26271.95
2024-05-11 12:00:00,2903.4,2945.67,2896.0,2925.72,34805.94
2024-05-11 16:00:00,2925.72,2940.37,2917.43,2930.61,15991.4116
2024-05-11 20:00:00,2930.61,2930.96,2906.48,2912.45,16333.8322
2024-05-12 00:00:00,2912.45,2925.33,2909.11,2921.13,11001.5881
2024-05-12 04:00:00,2921.12,2932.26,2901.17,2907.8,14180.9676
2024-05-12 08:00:00,2907.8,2943.73,2902.68,2928.0,22845.2522
2024-05-12 12:00:00,2928.0,2943.77,2925.41,2938.0,18231.319
2024-05-12 16:00:00,2937.99,2955.2,2921.25,2929.59,24224.3756
2024-05-12 20:00:00,2929.6,2936.27,2913.78,2929.29,17187.1298
2024-05-13 00:00:00,2929.3,2942.97,2864.76,2889.92,83159.2925
2024-05-13 04:00:00,2889.92,2958.0,2870.37,2953.99,56990.6181
2024-05-13 08:00:00,2953.99,2996.4,2948.4,2965.57,68334.0181
2024-05-13 12:00:00,2965.57,2987.0,2949.26,2961.22,87796.0231
2024-05-13 16:00:00,2961.21,2977.89,2928.66,2956.7,51884.7266
2024-05-13 20:00:00,2956.69,2960.0,2938.0,2950.99,20500.0864
2024-05-14 00:00:00,2950.99,2960.6,2936.66,2940.99,29749.065
2024-05-14 04:00:00,2940.99,2949.07,2882.29,2920.03,45499.3304
2024-05-14 08:00:00,2920.02,2920.03,2897.53,2907.94,24096.7151
2024-05-14 12:00:00,2907.94,2924.14,2870.25,2898.93,109974.172
2024-05-14 16:00:00,2898.94,2900.67,2862.0,2893.74,40137.7193
2024-05-14 20:00:00,2893.73,2903.0,2878.65,2881.93,20218.3019
2024-05-15 00:00:00,2881.93,2903.08,2863.75,2902.64,24110.6365
2024-05-15 04:00:00,2902.65,2922.0,2897.98,2916.51,31482.672
2024-05-15 08:00:00,2916.5,2933.8,2886.81,2898.74,51111.8661
2024-05-15 12:00:00,2898.74,2992.99,2893.02,2976.81,132869.8227
2024-05-15 16:00:00,2976.8,3025.96,2970.0,3024.56,55815.6495
2024-05-15 20:00:00,3024.55,3041.36,3009.49,3032.55,54863.672
2024-05-16 00:00:00,3032.55,3041.24,2997.0,3013.44,60840.5182
2024-05-16 04:00:00,3013.45,3021.37,3004.4,3016.31,28652.441
2024-05-16 08:00:00,3016.31,3027.85,2989.72,3006.45,43183.012
2024-05-16 12:00:00,3006.45,3009.12,2931.05,2956.57,89261.8078
2024-05-16 16:00:00,2956.57,2960.64,2925.02,2944.76,48287.9599
2024-05-16 20:00:00,2944.75,2946.1,2922.8,2944.7,23648.4124
2024-05-17 00:00:00,2944.7,2956.28,2933.06,2950.49,28995.1606
2024-05-17 04:00:00,2950.5,3033.0,2940.0,3024.67,83087.8449
2024-05-17 08:00:00,3024.66,3059.53,3017.74,3030.4,68597.6468
2024-05-17 12:00:00,3030.4,3118.54,3020.1,3111.54,108964.1229
2024-05-17 16:00:00,3111.54,3120.0,3067.16,3085.16,52451.0235
2024-05-17 20:00:00,3085.16,3095.76,3080.59,3092.01,15628.9744
2024-05-18 00:00:00,3092.0,3126.66,3083.61,3114.4,46394.7028
2024-05-18 04:00:00,3114.39,3119.94,3090.71,3101.99,30034.8165
2024-05-18 08:00:00,3102.0,3146.98,3100.27,3133.79,47870.1246
2024-05-18 12:00:00,3133.79,3135.0,3095.71,3110.89,42938.119
2024-05-18 16:00:00,3110.89,3121.2,3105.88,3119.69,17770.6644
2024-05-18 20:00:00,3119.69,3126.89,3106.05,3122.94,14968.1183
2024-05-19 00:00:00,3122.94,3136.64,3112.61,3129.36,18838.9425
2024-05-19 04:00:00,3129.35,3130.52,3103.33,3115.81,18073.4688
2024-05-19 08:00:00,3115.8,3125.0,3082.04,3102.58,42183.6904
2024-05-19 12:00:00,3102.59,3103.0,3063.26,3077.25,40766.7055
2024-05-19 16:00:00,3077.25,3083.9,3057.82,3065.2,27642.5703
2024-05-19 20:00:00,3065.2,3082.41,3053.38,3071.19,18639.6327
2024-05-20 00:00:00,3071.2,3100.67,3047.67,3087.21,38814.7129
2024-05-20 04:00:00,3087.2,3140.0,3065.0,3091.73,66673.9759
2024-05-20 08:00:00,3091.72,3113.94,3086.5,3093.8,45418.754
2024-05-20 12:00:00,3093.79,3121.0,3076.69,3118.53,43683.87
2024-05-20 16:00:00,3118.52,3457.12,3110.85,3438.87,279008.4101
2024-05-20 20:00:00,3438.86,3694.0,3420.37,3661.78,373508.1599
2024-05-21 00:00:00,3661.79,3721.0,3638.8,3695.9,176437.8446
2024-05-21 04:00:00,3695.9,3699.6,3624.28,3660.49,117372.7656
2024-05-21 08:00:00,3660.5,3823.5,3649.36,3777.97,185777.9962
2024-05-21 12:00:00,3777.98,3836.0,3748.57,3777.68,224432.9922
2024-05-21 16:00:00,3777.69,3841.54,3680.68,3712.27,169773.2141
2024-05-21 20:00:00,3712.26,3821.5,3709.13,3789.6,78642.4567
2024-05-22 00:00:00,3789.59,3813.69,3774.91,3793.43,58660.3493
2024-05-22 04:00:00,3793.42,3795.07,3720.01,3746.79,83698.9643
2024-05-22 08:00:00,3746.8,3779.8,3690.0,3690.6,65723.1063
2024-05-22 12:00:00,3690.59,3773.88,3653.15,3762.66,167446.8295
2024-05-22 16:00:00,3762.65,3798.0,3700.6,3736.61,110830.3049
2024-05-22 20:00:00,3736.61,3781.0,3723.38,3737.73,88578.7556
2024-05-23 00:00:00,3737.72,3788.86,3736.67,3782.11,51405.4772
2024-05-23 04:00:00,3782.1,3833.65,3759.41,3814.0,70165.4088
2024-05-23 08:00:00,3813.99,3925.24,3790.94,3918.46,139988.1687
2024-05-23 12:00:00,3918.45,3949.29,3723.0,3812.95,290141.6873
2024-05-23 16:00:00,3812.96,3827.77,3685.0,3791.34,156371.2119
2024-05-23 20:00:00,3791.33,3901.0,3498.0,3783.61,419794.1221
2024-05-24 00:00:00,3783.6,3829.61,3744.34,3803.82,59517.5987
2024-05-24 04:00:00,3803.82,3815.63,3651.0,3679.24,122645.0986
2024-05-24 08:00:00,3679.24,3717.67,3626.1,3712.62,81589.6453
2024-05-24 12:00:00,3712.62,3732.83,3671.15,3693.67,85395.4253
2024-05-24 16:00:00,3693.66,3759.0,3655.26,3744.4,92836.7116
2024-05-24 20:00:00,3744.4,3755.05,3723.01,3728.28,37433.9523
2024-05-25 00:00:00,3728.28,3747.72,3709.03,3745.26,25256.8427
2024-05-25 04:00:00,3745.26,3779.43,3744.4,3746.6,33903.2058
2024-05-25 08:00:00,3746.6,3775.0,3736.42,3739.39,32551.3548
2024-05-25 12:00:00,3739.39,3758.2,3719.8,3743.79,35726.8417
2024-05-25 16:00:00,3743.8,3766.02,3736.68,3757.64,16658.1948
2024-05-25 20:00:00,3757.65,3760.28,3730.12,3749.26,14615.4594
2024-05-26 00:00:00,3749.25,3772.93,3731.17,3771.59,28721.1033
2024-05-26 04:00:00,3771.59,3795.06,3741.16,3786.02,30277.312
2024-05-26 08:00:00,3786.01,3822.4,3777.22,3813.79,63831.0072
2024-05-26 12:00:00,3813.79,3875.8,3792.14,3833.05,86573.3268
2024-05-26 16:00:00,3833.06,3884.2,3831.26,3878.86,50878.426
2024-05-26 20:00:00,3878.86,3879.63,3817.39,3826.47,31927.1184
2024-05-27 00:00:00,3826.47,3939.59,3823.37,3919.58,87143.4381
2024-05-27 04:00:00,3919.59,3935.0,3888.71,3914.01,41541.5848
2024-05-27 08:00:00,3914.01,3954.35,3884.17,3900.49,58135.6201
2024-05-27 12:00:00,3900.5,3977.0,3891.81,3963.39,80810.8165
2024-05-27 16:00:00,3963.39,3974.3,3854.16,3873.25,56750.0898
2024-05-27 20:00:00,3873.26,3905.14,3860.71,3894.22,39336.098
2024-05-28 00:00:00,3894.21,3910.0,3827.41,3849.71,68416.8132
2024-05-28 04:00:00,3849.72,3864.85,3821.63,3847.29,50036.2523
2024-05-28 08:00:00,3847.3,3931.09,3839.0,3904.34,70119.748
2024-05-28 12:00:00,3904.34,3912.0,3831.29,3861.1,96245.094
2024-05-28 16:00:00,3861.1,3869.14,3773.9,3840.81,88427.4714
2024-05-28 20:00:00,3840.8,3871.76,3823.0,3844.69,43004.4555
2024-05-29 00:00:00,3844.69,3862.41,3835.15,3851.0,35975.2377
2024-05-29 04:00:00,3850.99,3888.55,3818.48,3820.0,62582.4505
2024-05-29 08:00:00,3819.99,3828.88,3781.0,3811.16,64094.1388
2024-05-29 12:00:00,3811.15,3838.83,3750.6,3759.85,87201.9645
2024-05-29 16:00:00,3759.84,3780.0,3744.41,3749.66,44445.5715
2024-05-29 20:00:00,3749.66,3792.99,3742.59,3767.43,40460.2718
2024-05-30 00:00:00,3767.44,3797.79,3750.75,3791.31,30162.3742
2024-05-30 04:00:00,3791.3,3801.65,3712.73,3720.32,56963.1566
2024-05-30 08:00:00,3720.32,3757.25,3702.58,3737.0,49744.5544
2024-05-30 12:00:00,3737.01,3798.97,3733.39,3776.12,52289.9206
2024-05-30 16:00:00,3776.12,3825.35,3752.24,3762.01,57189.8504
2024-05-30 20:00:00,3762.0,3762.4,3719.3,3747.91,30684.4332
2024-05-31 00:00:00,3747.9,3770.0,3740.45,3760.21,20559.7687
2024-05-31 04:00:00,3760.21,3766.55,3724.41,3729.11,27617.2547
2024-05-31 08:00:00,3729.11,3813.2,3726.45,3802.62,46707.6025
2024-05-31 12:00:00,3802.62,3849.94,3742.35,3744.77,89048.2576
2024-05-31 16:00:00,3744.77,3794.62,3723.75,3785.45,56610.6927
2024-05-31 20:00:00,3785.45,3800.94,3742.0,3762.29,32863.1898
2024-06-01 00:00:00,3762.29,3782.07,3752.67,3778.98,19162.466
2024-06-01 04:00:00,3778.98,3794.11,3770.31,3773.0,19843.0304
2024-06-01 08:00:00,3772.99,3809.55,3772.43,3788.28,28016.7925
2024-06-01 12:00:00,3788.28,3814.67,3787.0,3798.6,23200.5208
2024-06-01 16:00:00,3798.6,3809.81,3790.21,3804.51,18166.4278
2024-06-01 20:00:00,3804.5,3833.3,3799.0,3815.82,24297.9631
2024-06-02 00:00:00,3815.82,3838.59,3797.7,3807.13,40362.6748
2024-06-02 04:00:00,3807.13,3824.5,3792.25,3793.33,42266.6486
2024-06-02 08:00:00,3793.33,3810.0,3770.99,3805.01,40043.5712
2024-06-02 12:00:00,3805.01,3810.0,3776.86,3798.78,23979.178
2024-06-02 16:00:00,3798.79,3803.67,3752.62,3782.37,37585.3386
2024-06-02 20:00:00,3782.37,3796.44,3765.99,3780.91,26058.0295
2024-06-03 00:00:00,3780.92,3821.32,3761.05,3799.5,34542.182
2024-06-03 04:00:00,3799.51,3842.01,3795.18,3817.82,41747.9614
2024-06-03 08:00:00,3817.81,3840.16,3804.7,3809.0,37028.9177
2024-06-03 12:00:00,3809.01,3849.99,3758.43,3796.82,82479.9693
2024-06-03 16:00:00,3796.82,3798.63,3759.0,3773.4,31798.1474
2024-06-03 20:00:00,3773.39,3784.88,3759.67,3767.06,21251.5242
2024-06-04 00:00:00,3767.07,3785.19,3730.0,3773.51,37241.3776
2024-06-04 04:00:00,3773.51,3778.63,3752.1,3774.72,22170.4494
2024-06-04 08:00:00,3774.72,3782.99,3741.6,3764.65,28835.7026
2024-06-04 12:00:00,3764.65,3817.99,3753.57,3810.63,67169.5087
2024-06-04 16:00:00,3810.63,3831.65,3776.2,3800.38,52190.8252
2024-06-04 20:00:00,3800.37,3822.0,3792.0,3810.23,24455.8833
2024-06-05 00:00:00,3810.23,3839.92,3800.0,3810.45,37461.0947
2024-06-05 04:00:00,3810.45,3820.81,3777.33,3809.58,52478.4484
2024-06-05 08:00:00,3809.57,3811.03,3788.9,3804.31,31518.1002
2024-06-05 12:00:00,3804.31,3824.44,3782.0,3813.58,47557.5833
2024-06-05 16:00:00,3813.59,3878.0,3796.8,3876.54,73294.7532
2024-06-05 20:00:00,3876.53,3887.47,3842.28,3865.99,31428.6237
2024-06-06 00:00:00,3866.0,3878.6,3853.2,3861.69,26177.2594
2024-06-06 04:00:00,3861.7,3865.5,3838.53,3852.1,38537.3942
2024-06-06 08:00:00,3852.1,3856.5,3842.84,3849.51,24695.0892
2024-06-06 12:00:00,3849.51,3866.48,3820.0,3845.01,46381.6924
2024-06-06 16:00:00,3845.0,3855.6,3787.15,3791.01,62854.2034
2024-06-06 20:00:00,3791.01,3815.45,3760.0,3813.46,38858.5519
2024-06-07 00:00:00,3813.47,3813.47,3792.34,3806.3,19303.9314
2024-06-07 04:00:00,3806.3,3825.75,3806.0,3816.31,19448.3091
2024-06-07 08:00:00,3816.31,3839.98,3801.11,3835.0,24999.764
2024-06-07 12:00:00,3834.99,3841.39,3771.39,3800.73,77115.5473
2024-06-07 16:00:00,3800.73,3807.67,3600.0,3687.37,179164.1298
2024-06-07 20:00:00,3687.37,3700.0,3670.43,3678.32,42191.6778
2024-06-08 00:00:00,3678.31,3692.3,3673.82,3690.0,22188.3343
2024-06-08 04:00:00,3690.0,3709.5,3677.22,3708.98,16278.6668
2024-06-08 08:00:00,3708.98,3709.39,3678.53,3683.13,38253.4513
2024-06-08 12:00:00,3683.13,3697.47,3660.08,3688.13,30914.3498
2024-06-08 16:00:00,3688.13,3694.5,3672.18,3682.61,19917.2379
2024-06-08 20:00:00,3682.6,3684.46,3670.37,3681.57,12998.7993
2024-06-09 00:00:00,3681.58,3684.66,3666.36,3674.22,18043.8984
2024-06-09 04:00:00,3674.21,3692.0,3669.21,3685.99,16380.3084
2024-06-09 08:00:00,3685.98,3693.87,3683.02,3693.5,11187.5719
2024-06-09 12:00:00,3693.49,3712.5,3680.99,3690.59,29149.8489
2024-06-09 16:00:00,3690.6,3709.43,3689.43,3701.09,14111.4392
2024-06-09 20:00:00,3701.09,3721.52,3693.72,3706.4,14578.0352
2024-06-10 00:00:00,3706.4,3706.94,3680.97,3684.14,17242.0935
2024-06-10 04:00:00,3684.14,3692.41,3642.74,3647.79,29285.0966
2024-06-10 08:00:00,3647.8,3681.01,3646.94,3675.95,24499.1155
2024-06-10 12:00:00,3675.95,3713.67,3662.96,3702.54,36788.6562
2024-06-10 16:00:00,3702.53,3705.68,3659.81,3668.33,27095.9403
2024-06-10 20:00:00,3668.33,3677.07,3650.64,3667.85,21452.2825
2024-06-11 00:00:00,3667.85,3673.0,3567.0,3595.6,86732.2688
2024-06-11 04:00:00,3595.6,3595.61,3505.0,3534.6,83213.3547
2024-06-11 08:00:00,3534.6,3549.36,3503.4,3529.56,71505.3092
2024-06-11 12:00:00,3529.56,3546.47,3432.01,3447.75,102175.1839
2024-06-11 16:00:00,3447.75,3502.44,3432.0,3497.21,72534.3495
2024-06-11 20:00:00,3497.21,3509.65,3483.7,3497.33,23408.1317
2024-06-12 00:00:00,3497.33,3513.78,3462.07,3509.99,36109.1392
2024-06-12 04:00:00,3509.99,3532.39,3507.02,3526.71,29038.1895
2024-06-12 08:00:00,3526.7,3563.56,3516.95,3531.72,38233.539
2024-06-12 12:00:00,3531.73,3659.01,3531.4,3618.32,153722.7335
2024-06-12 16:00:00,3618.32,3625.7,3513.32,3529.01,104913.6778
2024-06-12 20:00:00,3529.01,3574.39,3521.88,3560.12,25026.495
2024-06-13 00:00:00,3560.13,3561.65,3476.21,3503.0,64329.204
2024-06-13 04:00:00,3502.99,3517.32,3484.04,3507.53,30637.8742
2024-06-13 08:00:00,3507.53,3511.86,3472.6,3497.17,36046.7782
2024-06-13 12:00:00,3497.17,3539.83,3433.0,3441.73,107443.9794
2024-06-13 16:00:00,3441.73,3491.55,3428.0,3481.43,40773.5683
2024-06-13 20:00:00,3481.43,3491.55,3461.59,3469.4,20999.4258
2024-06-14 00:00:00,3469.4,3510.53,3457.37,3490.91,33997.5513
2024-06-14 04:00:00,3490.91,3532.61,3490.46,3516.61,40530.3017
2024-06-14 08:00:00,3516.61,3530.25,3505.69,3515.8,28624.7515
2024-06-14 12:00:00,3515.8,3525.56,3460.17,3462.41,46240.8077
2024-06-14 16:00:00,3462.41,3467.4,3362.26,3406.21,103511.0856
2024-06-14 20:00:00,3406.21,3528.93,3404.19,3481.8,69411.9236
2024-06-15 00:00:00,3481.8,3505.01,3473.1,3504.4,27164.3759
2024-06-15 04:00:00,3504.4,3557.81,3498.29,3529.61,70337.7423
2024-06-15 08:00:00,3529.61,3542.3,3519.49,3539.4,29865.1365
2024-06-15 12:00:00,3539.4,3594.39,3537.75,3565.8,65751.339
2024-06-15 16:00:00,3565.8,3575.73,3552.0,3558.48,32626.8792
2024-06-15 20:00:00,3558.48,3575.36,3536.76,3568.74,20904.1165
2024-06-16 00:00:00,3568.75,3573.79,3548.04,3555.01,15279.5371
2024-06-16 04:00:00,3555.01,3574.54,3541.05,3561.93,15928.9861
2024-06-16 08:00:00,3561.93,3570.99,3546.92,3555.28,22391.2841
2024-06-16 12:00:00,3555.28,3611.98,3553.17,3591.88,40470.9591
2024-06-16 16:00:00,3591.88,3608.44,3586.69,3599.03,21795.5901
2024-06-16 20:00:00,3599.03,3653.79,3587.86,3624.41,33973.6255
2024-06-17 00:00:00,3624.41,3638.37,3573.83,3582.05,48730.6671
2024-06-17 04:00:00,3582.05,3596.0,3538.7,3552.68,48673.361
2024-06-17 08:00:00,3552.68,3561.1,3490.95,3527.63,70419.5076
2024-06-17 12:00:00,3527.63,3547.07,3485.44,3497.26,60249.8476
2024-06-17 16:00:00,3497.26,3577.77,3463.39,3554.01,80942.9401
2024-06-17 20:00:00,3554.01,3556.55,3500.8,3511.46,28789.3168
2024-06-18 00:00:00,3511.47,3517.2,3355.0,3441.53,151261.2357
2024-06-18 04:00:00,3441.52,3462.54,3428.78,3443.97,41588.3438
2024-06-18 08:00:00,3443.97,3451.84,3391.86,3414.11,50599.076
2024-06-18 12:00:00,3414.11,3440.73,3370.92,3424.01,94772.0482
2024-06-18 16:00:00,3424.02,3436.0,3386.92,3423.27,56147.0642
2024-06-18 20:00:00,3423.27,3490.0,3412.64,3483.42,55545.5335
2024-06-19 00:00:00,3483.42,3573.08,3465.65,3565.93,92263.4561
2024-06-19 04:00:00,3565.93,3585.0,3532.96,3544.3,54305.0421
2024-06-19 08:00:00,3544.31,3564.0,3518.46,3536.94,57044.7188
2024-06-19 12:00:00,3536.95,3550.61,3512.2,3529.29,39731.2801
2024-06-19 16:00:00,3529.3,3590.01,3523.43,3546.29,50877.7687
2024-06-19 20:00:00,3546.28,3576.69,3532.14,3560.51,27277.7369
2024-06-20 00:00:00,3560.51,3594.47,3533.49,3553.65,41899.1315
2024-06-20 04:00:00,3553.65,3616.06,3544.61,3607.87,57347.7784
2024-06-20 08:00:00,3607.87,3625.96,3572.24,3598.94,58174.3822
2024-06-20 12:00:00,3598.94,3611.81,3491.46,3506.61,103144.2628
2024-06-20 16:00:00,3506.61,3542.4,3486.0,3536.61,51457.987
2024-06-20 20:00:00,3536.61,3538.91,3511.0,3513.08,17094.3034
2024-06-21 00:00:00,3513.08,3536.21,3491.66,3501.2,34013.0856
2024-06-21 04:00:00,3501.2,3521.74,3467.0,3475.0,45022.5479
2024-06-21 08:00:00,3475.0,3532.83,3446.82,3503.22,84533.4256
2024-06-21 12:00:00,3503.21,3519.99,3455.1,3492.78,89030.6982
2024-06-21 16:00:00,3492.78,3537.5,3469.96,3535.45,66320.0669
2024-06-21 20:00:00,3535.44,3547.55,3500.0,3518.5,23235.2778
2024-06-22 00:00:00,3518.5,3521.19,3493.24,3506.77,21118.7164
2024-06-22 04:00:00,3506.77,3509.76,3489.73,3494.0,22707.2062
2024-06-22 08:00:00,3494.0,3498.96,3475.09,3493.2,19859.6331
2024-06-22 12:00:00,3493.19,3511.84,3486.78,3505.43,28273.381
2024-06-22 16:00:00,3505.43,3508.37,3485.56,3491.44,13959.7515
2024-06-22 20:00:00,3491.44,3507.86,3485.8,3495.75,9855.9275
2024-06-23 00:00:00,3495.76,3519.0,3494.67,3519.0,14289.8809
2024-06-23 04:00:00,3518.99,3521.45,3506.63,3512.5,9763.1021
2024-06-23 08:00:00,3512.49,3513.0,3488.2,3498.29,18175.411
2024-06-23 12:00:00,3498.29,3504.62,3471.82,3474.54,26491.4608
2024-06-23 16:00:00,3474.54,3482.4,3461.38,3479.93,18541.0352
2024-06-23 20:00:00,3479.93,3480.12,3406.38,3420.91,46150.5404
2024-06-24 00:00:00,3420.91,3435.76,3387.05,3402.81,50128.5048
2024-06-24 04:00:00,3402.82,3413.56,3354.22,3369.19,58893.4861
2024-06-24 08:00:00,3369.2,3394.36,3240.0,3321.19,160169.3219
2024-06-24 12:00:00,3321.18,3337.07,3261.72,3280.3,96661.7814
2024-06-24 16:00:00,3280.31,3314.9,3242.44,3293.07,102398.4262
2024-06-24 20:00:00,3293.06,3363.18,3256.35,3352.73,75118.9025
2024-06-25 00:00:00,3352.74,3386.25,3336.76,3371.61,40978.574
2024-06-25 04:00:00,3371.62,3394.92,3357.01,3361.0,37133.9505
2024-06-25 08:00:00,3361.0,3394.31,3345.79,3376.01,34837.6718
2024-06-25 12:00:00,3376.0,3425.37,3358.2,3419.6,72423.3215
2024-06-25 16:00:00,3419.6,3430.88,3381.68,3415.66,36920.3828
2024-06-25 20:00:00,3415.67,3418.84,3388.88,3394.91,17742.323
2024-06-26 00:00:00,3394.91,3426.75,3385.22,3395.15,26819.52
2024-06-26 04:00:00,3395.15,3406.0,3376.81,3401.8,26669.2503
2024-06-26 08:00:00,3401.8,3402.85,3366.37,3381.44,31946.3772
2024-06-26 12:00:00,3381.44,3396.53,3346.0,3361.69,38271.455
2024-06-26 16:00:00,3361.68,3410.0,3325.01,3408.08,57919.9768
2024-06-26 20:00:00,3408.08,3417.43,3367.15,3371.44,25322.7625
2024-06-27 00:00:00,3371.77,3393.0,3361.74,3383.8,21306.96
2024-06-27 04:00:00,3383.79,3388.41,3366.05,3374.98,22096.4472
2024-06-27 08:00:00,3374.98,3414.05,3368.7,3403.46,41795.5588
2024-06-27 12:00:00,3403.46,3477.0,3403.45,3452.75,73901.3411
2024-06-27 16:00:00,3452.75,3467.5,3439.0,3449.79,24220.9756
2024-06-27 20:00:00,3449.78,3455.06,3440.53,3450.44,17720.3782
2024-06-28 00:00:00,3450.44,3487.7,3435.95,3460.5,35716.2271
2024-06-28 04:00:00,3460.5,3461.07,3427.01,3431.82,26966.7465
2024-06-28 08:00:00,3431.82,3461.39,3420.24,3452.78,30450.9048
2024-06-28 12:00:00,3452.79,3476.73,3403.06,3413.61,67543.456
2024-06-28 16:00:00,3413.6,3416.6,3365.22,3379.74,44208.0751
2024-06-28 20:00:00,3379.74,3394.15,3368.73,3380.15,16748.934
2024-06-29 00:00:00,3380.15,3399.98,3380.01,3386.07,17745.9808
2024-06-29 04:00:00,3386.06,3408.32,3381.56,3399.72,18952.9595
2024-06-29 08:00:00,3399.72,3406.05,3387.2,3400.45,15348.806
2024-06-29 12:00:00,3400.45,3403.2,3383.0,3394.62,12952.0566
2024-06-29 16:00:00,3394.62,3396.53,3376.81,3387.02,9707.3365
2024-06-29 20:00:00,3387.02,3389.71,3371.86,3378.8,13622.6257
2024-06-30 00:00:00,3378.8,3389.61,3352.66,3371.28,23491.9778
2024-06-30 04:00:00,3371.28,3400.0,3358.49,3394.03,20690.4836
2024-06-30 08:00:00,3394.03,3399.38,3386.02,3389.19,16477.0951
2024-06-30 12:00:00,3389.19,3404.88,3379.81,3399.8,22547.9265
2024-06-30 16:00:00,3399.81,3434.0,3391.99,3428.41,25398.4021
2024-06-30 20:00:00,3428.4,3460.0,3408.96,3438.16,32615.7334
2024-07-01 00:00:00,3438.16,3524.94,3432.55,3498.23,68223.5035
2024-07-01 04:00:00,3498.23,3499.73,3484.44,3490.58,28424.9548
2024-07-01 08:00:00,3490.59,3495.0,3457.59,3459.6,35063.7579
2024-07-01 12:00:00,3459.61,3481.27,3453.0,3474.35,36567.9235
2024-07-01 16:00:00,3474.35,3499.0,3462.09,3471.47,31603.3766
2024-07-01 20:00:00,3471.47,3475.91,3423.78,3442.2,24389.6959
2024-07-02 00:00:00,3442.2,3464.12,3434.02,3457.03,17046.9388
2024-07-02 04:00:00,3457.03,3463.95,3434.17,3439.0,22849.472
2024-07-02 08:00:00,3439.01,3454.73,3431.6,3453.26,19840.984
2024-07-02 12:00:00,3453.26,3462.5,3402.0,3415.65,44961.2764
2024-07-02 16:00:00,3415.66,3433.65,3408.89,3415.37,18180.9348
2024-07-02 20:00:00,3415.38,3428.58,3413.39,3421.35,15053.0954
2024-07-03 00:00:00,3421.35,3432.1,3331.23,3360.33,56476.8025
2024-07-03 04:00:00,3360.34,3373.2,3352.2,3352.2,20526.974
2024-07-03 08:00:00,3352.21,3356.98,3281.63,3307.5,72972.726
2024-07-03 12:00:00,3307.51,3326.36,3275.48,3304.26,61775.2472
2024-07-03 16:00:00,3304.16,3322.09,3254.49,3266.29,70449.3809
2024-07-03 20:00:00,3266.2,3306.17,3251.0,3295.48,28207.3204
2024-07-04 00:00:00,3295.49,3313.45,3155.0,3243.2,110045.1383
2024-07-04 04:00:00,3243.2,3246.28,3170.22,3182.21,54262.3513
2024-07-04 08:00:00,3182.21,3195.99,3126.6,3159.45,85869.0158
2024-07-04 12:00:00,3159.45,3160.8,3088.25,3138.79,108884.6249
2024-07-04 16:00:00,3138.79,3152.64,3113.18,3133.82,40600.7709
2024-07-04 20:00:00,3133.83,3169.79,3050.34,3059.7,50740.668
2024-07-05 00:00:00,3059.7,3110.0,2890.0,2920.99,289984.2983
2024-07-05 04:00:00,2920.99,2928.47,2810.0,2882.21,253999.8044
2024-07-05 08:00:00,2882.21,2956.93,2820.0,2947.42,143768.5871
2024-07-05 12:00:00,2947.42,3005.42,2922.7,2990.99,115166.3226
2024-07-05 16:00:00,2990.99,3001.63,2958.15,2987.99,60768.6971
2024-07-05 20:00:00,2987.98,2993.2,2963.86,2981.78,23306.6658
2024-07-06 00:00:00,2981.79,3026.45,2955.06,2980.01,39909.0097
2024-07-06 04:00:00,2980.0,3016.37,2961.65,3004.69,33024.5438
2024-07-06 08:00:00,3004.69,3016.0,2985.06,3005.65,44828.7897
2024-07-06 12:00:00,3005.66,3030.0,2989.49,3020.0,33557.5287
2024-07-06 16:00:00,3020.0,3065.94,3016.31,3058.21,40135.8109
2024-07-06 20:00:00,3058.2,3081.78,3056.47,3066.83,23032.2885
2024-07-07 00:00:00,3066.83,3073.08,3039.4,3050.76,23898.9918
2024-07-07 04:00:00,3050.76,3050.77,2993.51,3004.42,29985.9767
2024-07-07 08:00:00,3004.42,3032.18,3004.12,3015.51,19843.9563
2024-07-07 12:00:00,3015.52,3024.05,2955.12,2970.99,41810.4444
2024-07-07 16:00:00,2970.99,3009.58,2963.89,2985.19,21260.5898
2024-07-07 20:00:00,2985.2,3000.72,2922.24,2931.0,43092.8022
2024-07-08 00:00:00,2930.99,2951.89,2822.8,2879.71,111600.3586
2024-07-08 04:00:00,2879.71,2932.79,2875.22,2927.0,40517.0278
2024-07-08 08:00:00,2927.02,3097.06,2922.71,3053.97,118196.4132
2024-07-08 12:00:00,3053.98,3064.71,2890.0,2969.21,156027.0736
2024-07-08 16:00:00,2969.21,3009.88,2945.4,3004.59,38601.6244
2024-07-08 20:00:00,3004.6,3046.0,2981.82,3019.01,35502.5129
2024-07-09 00:00:00,3019.01,3076.74,3004.0,3064.45,51172.7521
2024-07-09 04:00:00,3064.45,3090.38,3054.14,3061.93,39909.1489
2024-07-09 08:00:00,3061.94,3115.2,3054.99,3083.47,41048.4455
2024-07-09 12:00:00,3083.45,3108.72,3031.06,3067.83,72995.9956
2024-07-09 16:00:00,3067.83,3089.34,3046.99,3068.99,53707.8018
2024-07-09 20:00:00,3069.0,3079.2,3046.32,3066.65,21523.9985
2024-07-10 00:00:00,3066.65,3082.46,3024.0,3080.0,29726.4409
2024-07-10 04:00:00,3080.0,3129.89,3080.0,3097.08,54747.9557
2024-07-10 08:00:00,3097.07,3109.1,3078.43,3102.22,27639.2203
2024-07-10 12:00:00,3102.22,3129.61,3077.76,3122.76,77648.5786
2024-07-10 16:00:00,3122.76,3151.51,3090.17,3107.03,49062.5774
2024-07-10 20:00:00,3107.03,3112.1,3080.21,3101.05,32002.3115
2024-07-11 00:00:00,3101.06,3130.0,3054.76,3077.2,34911.342
2024-07-11 04:00:00,3077.2,3124.15,3073.99,3118.22,22671.2036
2024-07-11 08:00:00,3118.22,3156.93,3114.52,3147.04,40591.5006
2024-07-11 12:00:00,3147.04,3217.24,3104.52,3117.95,116955.8929
2024-07-11 16:00:00,3117.95,3148.58,3097.3,3107.11,43267.1929
2024-07-11 20:00:00,3107.11,3123.7,3086.0,3099.57,30832.188
2024-07-12 00:00:00,3099.57,3117.92,3055.11,3085.74,32384.1963
2024-07-12 04:00:00,3085.62,3098.67,3057.87,3072.3,20230.5029
2024-07-12 08:00:00,3072.3,3086.24,3045.58,3070.0,32506.8939
2024-07-12 12:00:00,3070.0,3139.74,3057.58,3131.34,42632.5813
2024-07-12 16:00:00,3131.34,3157.89,3112.47,3116.1,32682.231
2024-07-12 20:00:00,3116.1,3135.4,3090.0,3133.88,25308.7771
2024-07-13 00:00:00,3133.89,3140.4,3120.3,3120.94,14045.7686
2024-07-13 04:00:00,3120.95,3142.62,3113.37,3140.21,15588.5675
2024-07-13 08:00:00,3140.2,3171.0,3128.99,3156.84,28706.7349
2024-07-13 12:00:00,3156.84,3165.67,3140.94,3154.87,18763.0676
2024-07-13 16:00:00,3154.86,3165.32,3146.85,3163.75,11736.4726
2024-07-13 20:00:00,3163.75,3201.8,3144.26,3175.93,30461.8657
2024-07-14 00:00:00,3175.93,3193.61,3163.67,3172.75,23189.3613
2024-07-14 04:00:00,3172.74,3206.7,3171.22,3195.4,31503.902
2024-07-14 08:00:00,3195.4,3225.13,3195.4,3202.84,29415.9314
2024-07-14 12:00:00,3202.85,3204.48,3173.68,3190.48,24709.3054
2024-07-14 16:00:00,3190.47,3197.9,3183.31,3190.9,15171.9991
2024-07-14 20:00:00,3190.9,3268.72,3190.24,3245.08,41440.2724
2024-07-15 00:00:00,3245.2,3342.19,3233.22,3329.37,62167.7706
2024-07-15 04:00:00,3329.37,3369.42,3320.78,3355.95,52045.5258
2024-07-15 08:00:00,3355.96,3373.0,3328.0,3339.68,35902.2987
2024-07-15 12:00:00,3339.68,3393.69,3333.33,3367.83,41384.83
2024-07-15 16:00:00,3367.82,3431.92,3358.21,3406.0,64769.2902
2024-07-15 20:00:00,3406.0,3493.63,3403.21,3483.39,58027.1299
2024-07-16 00:00:00,3483.2,3498.59,3453.96,3469.51,43190.2791
2024-07-16 04:00:00,3469.51,3478.52,3372.2,3376.8,85385.3345
2024-07-16 08:00:00,3376.8,3425.0,3346.55,3419.79,52731.1967
2024-07-16 12:00:00,3419.78,3484.73,3375.6,3476.25,72924.2562
2024-07-16 16:00:00,3476.21,3494.38,3441.61,3474.4,75353.5961
2024-07-16 20:00:00,3474.4,3475.0,3414.31,3444.13,46544.1243
2024-07-17 00:00:00,3444.14,3517.0,3441.86,3480.25,63187.5187
2024-07-17 04:00:00,3480.25,3514.54,3471.99,3486.22,44337.3766
2024-07-17 08:00:00,3486.23,3500.0,3440.96,3449.03,56767.5254
2024-07-17 12:00:00,3449.03,3475.5,3432.49,3437.17,52698.6235
2024-07-17 16:00:00,3437.18,3438.92,3376.0,3416.79,55994.1642
2024-07-17 20:00:00,3416.79,3428.4,3385.5,3387.05,24827.3078
2024-07-18 00:00:00,3387.05,3441.49,3383.43,3431.4,37282.1827
2024-07-18 04:00:00,3431.4,3454.08,3408.95,3433.0,30323.182
2024-07-18 08:00:00,3433.0,3461.01,3431.34,3458.83,36230.4199
2024-07-18 12:00:00,3458.83,3489.98,3385.01,3389.28,71240.042
2024-07-18 16:00:00,3389.29,3424.24,3367.2,3405.6,51836.371
2024-07-18 20:00:00,3405.59,3437.3,3397.44,3426.5,15038.1481
2024-07-19 00:00:00,3426.49,3432.92,3384.04,3429.59,31002.0002
2024-07-19 04:00:00,3429.59,3450.5,3386.69,3391.59,40087.0717
2024-07-19 08:00:00,3391.59,3412.0,3377.0,3404.54,36661.6142
2024-07-19 12:00:00,3404.55,3474.99,3395.99,3465.0,76379.9615
2024-07-19 16:00:00,3465.0,3540.27,3464.99,3522.97,82209.5679
2024-07-19 20:00:00,3522.98,3525.96,3492.54,3503.53,33171.4267
2024-07-20 00:00:00,3503.53,3508.49,3480.0,3495.01,25294.795
2024-07-20 04:00:00,3495.01,3508.18,3487.39,3487.4,24381.936
2024-07-20 08:00:00,3487.39,3494.59,3480.5,3484.81,19729.9081
2024-07-20 12:00:00,3484.81,3507.84,3481.2,3503.72,24138.4776
2024-07-20 16:00:00,3503.71,3539.65,3490.53,3514.45,40940.6088
2024-07-20 20:00:00,3514.44,3526.22,3500.2,3517.5,13025.091
2024-07-21 00:00:00,3517.5,3528.8,3503.7,3510.47,13607.9347
2024-07-21 04:00:00,3510.47,3513.6,3476.6,3485.01,22407.1774
2024-07-21 08:00:00,3485.0,3507.21,3483.8,3498.79,15423.6252
2024-07-21 12:00:00,3498.79,3517.1,3482.47,3499.95,26306.5045
2024-07-21 16:00:00,3499.95,3526.12,3411.4,3490.72,90344.3959
2024-07-21 20:00:00,3490.72,3547.0,3482.6,3535.92,50801.3279
2024-07-22 00:00:00,3535.93,3562.82,3515.27,3517.33,34508.7552
2024-07-22 04:00:00,3517.34,3523.58,3459.6,3478.89,36911.2107
2024-07-22 08:00:00,3478.9,3503.85,3469.0,3500.31,20343.0402
2024-07-22 12:00:00,3500.3,3507.35,3435.6,3457.15,51488.7864
2024-07-22 16:00:00,3457.15,3498.63,3444.86,3498.14,26567.2598
2024-07-22 20:00:00,3498.18,3499.53,3422.34,3439.6,38040.452
2024-07-23 00:00:00,3439.61,3490.14,3435.43,3474.99,43702.0655
2024-07-23 04:00:00,3474.99,3483.45,3425.0,3454.84,51045.7694
2024-07-23 08:00:00,3454.85,3541.0,3452.09,3516.0,106597.3643
2024-07-23 12:00:00,3516.01,3518.8,3429.59,3454.38,125107.7628
2024-07-23 16:00:00,3454.38,3496.49,3389.0,3457.03,109045.3008
2024-07-23 20:00:00,3457.03,3500.0,3454.94,3482.51,65070.5183
2024-07-24 00:00:00,3482.51,3487.82,3427.4,3448.36,51607.5929
2024-07-24 04:00:00,3448.36,3451.74,3429.61,3446.69,22627.1401
2024-07-24 08:00:00,3446.69,3472.33,3443.17,3459.63,28795.0939
2024-07-24 12:00:00,3459.63,3471.54,3409.01,3414.87,60536.0716
2024-07-24 16:00:00,3414.87,3432.4,3357.4,3363.0,46904.3022
2024-07-24 20:00:00,3362.99,3376.48,3300.0,3335.81,65008.8499
2024-07-25 00:00:00,3335.82,3342.5,3153.04,3168.3,162147.9909
2024-07-25 04:00:00,3168.31,3194.65,3130.0,3171.84,71301.3644
2024-07-25 08:00:00,3171.84,3187.8,3152.89,3172.5,46850.1646
2024-07-25 12:00:00,3172.49,3183.79,3105.35,3142.28,92866.4623
2024-07-25 16:00:00,3142.28,3172.75,3100.9,3123.88,56723.5005
2024-07-25 20:00:00,3123.88,3198.5,3087.53,3175.48,64393.1571
2024-07-26 00:00:00,3175.47,3259.89,3171.0,3236.21,71558.0382
2024-07-26 04:00:00,3236.21,3276.0,3233.01,3251.0,53845.3085
2024-07-26 08:00:00,3251.0,3263.76,3234.43,3246.86,34743.6662
2024-07-26 12:00:00,3246.87,3271.14,3221.43,3255.02,55971.9473
2024-07-26 16:00:00,3255.02,3285.61,3242.62,3274.19,25068.6999
2024-07-26 20:00:00,3274.2,3286.36,3251.24,3274.61,19049.804
2024-07-27 00:00:00,3274.6,3275.06,3241.31,3245.0,23403.5223
2024-07-27 04:00:00,3245.0,3277.8,3243.96,3272.31,16695.5656
2024-07-27 08:00:00,3272.31,3282.98,3262.92,3278.41,18484.5109
2024-07-27 12:00:00,3278.41,3327.59,3269.68,3280.97,57472.8296
2024-07-27 16:00:00,3280.97,3291.81,3227.09,3261.0,44410.9596
2024-07-27 20:00:00,3261.0,3294.5,3191.01,3249.01,71524.5157
2024-07-28 00:00:00,3249.0,3256.36,3225.73,3237.7,18479.6243
2024-07-28 04:00:00,3237.71,3244.3,3198.11,3227.69,22571.814
2024-07-28 08:00:00,3227.69,3265.72,3215.87,3256.46,18512.5133
2024-07-28 12:00:00,3256.46,3279.93,3254.31,3268.61,20423.3467
2024-07-28 16:00:00,3268.61,3284.3,3262.2,3271.85,12981.7418
2024-07-28 20:00:00,3271.85,3273.78,3251.08,3270.16,10560.7928
2024-07-29 00:00:00,3270.16,3356.7,3267.17,3348.98,56328.9402
2024-07-29 04:00:00,3348.98,3389.0,3339.86,3366.91,47550.5766
2024-07-29 08:00:00,3366.9,3396.77,3361.82,3375.0,33297.2724
2024-07-29 12:00:00,3375.01,3386.8,3290.0,3308.67,69835.2343
2024-07-29 16:00:00,3308.66,3324.19,3258.0,3311.02,68829.5419
2024-07-29 20:00:00,3311.03,3353.38,3309.23,3317.66,42629.9401
2024-07-30 00:00:00,3317.66,3337.94,3282.3,3321.0,41748.5862
2024-07-30 04:00:00,3321.0,3353.41,3298.12,3340.9,26383.0201
2024-07-30 08:00:00,3340.9,3355.5,3327.09,3334.65,22941.9785
2024-07-30 12:00:00,3334.66,3366.4,3291.6,3321.0,40077.5343
2024-07-30 16:00:00,3321.0,3327.42,3260.0,3272.79,37527.1304
2024-07-30 20:00:00,3272.79,3285.23,3233.18,3279.21,28598.9146
2024-07-31 00:00:00,3279.2,3304.89,3262.04,3294.01,19396.1899
2024-07-31 04:00:00,3294.01,3332.04,3262.49,3317.5,41437.6447
2024-07-31 08:00:00,3317.49,3326.98,3306.81,3322.87,21979.6077
2024-07-31 12:00:00,3322.88,3350.0,3297.85,3302.36,53208.2554
2024-07-31 16:00:00,3302.35,3326.79,3245.0,3266.19,51571.4412
2024-07-31 20:00:00,3266.19,3271.87,3213.75,3232.74,46118.1963
2024-08-01 00:00:00,3232.74,3242.57,3171.65,3178.22,53390.5476
2024-08-01 04:00:00,3178.22,3189.8,3136.47,3166.81,49372.2508
2024-08-01 08:00:00,3166.82,3194.23,3165.52,3188.39,23439.8597
2024-08-01 12:00:00,3188.39,3207.0,3102.4,3117.18,75856.1791
2024-08-01 16:00:00,3117.18,3136.0,3080.02,3131.64,73912.6239
2024-08-01 20:00:00,3131.64,3219.34,3121.73,3203.4,47314.1494
2024-08-02 00:00:00,3203.4,3218.6,3136.41,3168.27,34860.9621
2024-08-02 04:00:00,3168.28,3175.52,3127.0,3147.42,29937.757
2024-08-02 08:00:00,3147.41,3166.95,3134.26,3153.73,29653.6551
2024-08-02 12:00:00,3153.73,3182.8,2985.13,3038.99,173912.4137
2024-08-02 16:00:00,3039.0,3048.59,2995.0,3011.64,55041.9854
2024-08-02 20:00:00,3011.64,3041.91,2967.0,2989.61,62297.2662
2024-08-03 00:00:00,2989.61,3003.53,2913.56,2982.5,68097.7841
2024-08-03 04:00:00,2982.49,2996.63,2961.04,2983.9,27043.971
2024-08-03 08:00:00,2983.81,3006.64,2974.5,2997.21,30768.4215
2024-08-03 12:00:00,2997.2,3018.02,2938.88,2942.4,39003.7122
2024-08-03 16:00:00,2942.4,2955.39,2878.0,2893.53,119955.4009
2024-08-03 20:00:00,2893.53,2922.41,2859.0,2903.64,59726.026
2024-08-04 00:00:00,2903.65,2935.46,2876.22,2915.78,32211.267
2024-08-04 04:00:00,2915.79,2922.0,2888.0,2893.24,25281.2304
2024-08-04 08:00:00,2893.24,2925.0,2876.93,2914.22,23191.0524
2024-08-04 12:00:00,2914.22,2925.8,2819.5,2826.98,88217.1839
2024-08-04 16:00:00,2827.0,2837.96,2630.0,2757.55,271340.6928
2024-08-04 20:00:00,2757.55,2772.74,2681.04,2688.92,71822.8347
2024-08-05 00:00:00,2688.91,2697.44,2111.0,2312.72,935014.2509
2024-08-05 04:00:00,2312.72,2386.44,2160.0,2357.55,603396.4171
2024-08-05 08:00:00,2357.54,2362.24,2224.22,2290.57,321924.8795
2024-08-05 12:00:00,2290.6,2462.9,2183.51,2450.8,511619.0657
2024-08-05 16:00:00,2450.8,2518.0,2364.14,2404.9,213856.426
2024-08-05 20:00:00,2404.89,2474.75,2401.53,2419.59,84793.0611
2024-08-06 00:00:00,2419.76,2547.43,2415.8,2491.9,124688.8145
2024-08-06 04:00:00,2491.9,2535.19,2478.53,2523.41,91242.331
2024-08-06 08:00:00,2523.42,2525.0,2440.32,2458.91,104813.2647
2024-08-06 12:00:00,2458.9,2556.23,2414.19,2527.6,166534.8948
2024-08-06 16:00:00,2527.59,2549.73,2480.99,2493.04,85929.469
2024-08-06 20:00:00,2493.04,2513.84,2446.08,2461.33,69075.0298
2024-08-07 00:00:00,2461.33,2530.0,2425.53,2507.27,89998.2153
2024-08-07 04:00:00,2507.26,2534.6,2485.12,2510.72,71252.392
2024-08-07 08:00:00,2510.79,2551.32,2470.0,2473.01,109157.3757
2024-08-07 12:00:00,2473.01,2487.64,2364.76,2412.75,177351.8683
2024-08-07 16:00:00,2412.76,2416.45,2326.95,2350.45,107767.2516
2024-08-07 20:00:00,2350.45,2370.0,2309.04,2342.8,74588.3199
2024-08-08 00:00:00,2342.79,2465.25,2320.4,2430.41,94210.6601
2024-08-08 04:00:00,2430.4,2445.32,2411.31,2414.0,47121.1834
2024-08-08 08:00:00,2414.0,2460.68,2408.6,2447.63,53930.8485
2024-08-08 12:00:00,2447.64,2525.68,2411.02,2507.2,155144.3221
2024-08-08 16:00:00,2507.21,2607.29,2504.02,2573.53,119225.8246
2024-08-08 20:00:00,2573.54,2724.1,2567.64,2682.5,116870.0367
2024-08-09 00:00:00,2682.5,2702.19,2646.4,2694.67,63994.929
2024-08-09 04:00:00,2694.66,2707.98,2649.0,2670.21,65306.4662
2024-08-09 08:00:00,2670.21,2681.28,2617.2,2634.92,59287.2414
2024-08-09 12:00:00,2634.93,2663.96,2556.4,2557.82,126842.6847
2024-08-09 16:00:00,2557.82,2609.75,2552.61,2590.8,47767.5934
2024-08-09 20:00:00,2590.8,2613.07,2562.39,2598.78,43541.0464
2024-08-10 00:00:00,2598.79,2644.7,2576.49,2602.59,41781.1559
2024-08-10 04:00:00,2602.6,2637.0,2588.4,2634.27,24360.3776
2024-08-10 08:00:00,2634.27,2642.84,2623.0,2636.58,23580.2801
2024-08-10 12:00:00,2636.58,2637.89,2597.0,2599.49,21751.9003
2024-08-10 16:00:00,2599.5,2622.84,2589.51,2603.01,42801.0115
2024-08-10 20:00:00,2603.01,2618.0,2596.21,2609.92,16737.6365
2024-08-11 00:00:00,2609.92,2668.28,2606.02,2646.38,29621.3165
2024-08-11 04:00:00,2646.39,2683.15,2634.0,2677.79,31780.3845
2024-08-11 08:00:00,2677.8,2720.0,2644.91,2652.61,59099.6587
2024-08-11 12:00:00,2652.6,2655.8,2594.46,2614.07,56736.4622
2024-08-11 16:00:00,2614.07,2645.92,2596.33,2599.06,50953.5936
2024-08-11 20:00:00,2599.06,2602.91,2540.0,2555.38,68907.499
2024-08-12 00:00:00,2555.38,2577.9,2510.05,2541.02,58146.0202
2024-08-12 04:00:00,2541.03,2582.75,2516.36,2567.27,43215.6712
2024-08-12 08:00:00,2567.27,2683.2,2558.54,2673.6,89661.5896
2024-08-12 12:00:00,2673.6,2723.7,2592.58,2689.2,160424.4042
2024-08-12 16:00:00,2689.2,2698.87,2627.89,2660.09,52993.2364
2024-08-12 20:00:00,2660.09,2750.0,2658.13,2722.3,78973.329
2024-08-13 00:00:00,2722.3,2738.4,2650.61,2656.39,75847.8786
2024-08-13 04:00:00,2656.38,2664.0,2635.13,2648.94,36317.3848
2024-08-13 08:00:00,2648.95,2658.34,2611.37,2644.65,36586.1892
2024-08-13 12:00:00,2644.66,2674.99,2630.91,2652.0,58394.3027
2024-08-13 16:00:00,2652.0,2730.28,2650.0,2711.46,80433.5472
2024-08-13 20:00:00,2711.46,2734.0,2692.85,2702.44,38089.3939
2024-08-14 00:00:00,2702.44,2725.4,2685.8,2709.39,29788.4378
2024-08-14 04:00:00,2709.4,2750.0,2707.72,2727.57,45833.5826
2024-08-14 08:00:00,2727.56,2764.05,2715.0,2750.24,57437.1613
2024-08-14 12:00:00,2750.24,2780.0,2632.2,2674.21,142243.9932
2024-08-14 16:00:00,2674.22,2674.22,2641.4,2669.06,38939.5101
2024-08-14 20:00:00,2669.06,2679.81,2641.3,2661.45,24566.0291
2024-08-15 00:00:00,2661.45,2673.57,2634.0,2652.5,35244.0635
2024-08-15 04:00:00,2652.49,2656.62,2589.0,2615.16,47768.0328
2024-08-15 08:00:00,2615.16,2644.1,2604.3,2637.73,32083.2746
2024-08-15 12:00:00,2637.73,2675.6,2633.0,2668.4,57024.9425
2024-08-15 16:00:00,2668.4,2675.0,2521.87,2549.59,130417.331
2024-08-15 20:00:00,2549.59,2589.55,2515.71,2569.89,54009.1615
2024-08-16 00:00:00,2569.9,2610.35,2552.17,2580.08,34928.8712
2024-08-16 04:00:00,2580.08,2628.83,2577.71,2617.45,36266.4295
2024-08-16 08:00:00,2617.44,2626.41,2606.55,2612.52,24004.2242
2024-08-16 12:00:00,2612.52,2619.89,2550.04,2568.97,73905.5159
2024-08-16 16:00:00,2568.96,2630.97,2564.13,2620.4,81118.3896
2024-08-16 20:00:00,2620.4,2626.19,2587.0,2592.73,20460.7069
2024-08-17 00:00:00,2592.72,2607.92,2587.5,2595.77,17799.5792
2024-08-17 04:00:00,2595.78,2603.65,2590.9,2600.24,10808.4453
2024-08-17 08:00:00,2600.24,2607.28,2593.0,2599.23,14186.2746
2024-08-17 12:00:00,2599.23,2618.65,2596.7,2606.78,19916.75
2024-08-17 16:00:00,2606.79,2629.69,2606.78,2614.94,15643.5968
2024-08-17 20:00:00,2614.95,2618.23,2600.0,2614.51,10994.0301
2024-08-18 00:00:00,2614.51,2638.22,2605.05,2606.6,25195.1998
2024-08-18 04:00:00,2606.61,2610.84,2594.53,2608.06,17655.2544
2024-08-18 08:00:00,2608.05,2669.49,2605.59,2649.4,46909.3327
2024-08-18 12:00:00,2649.4,2689.16,2643.06,2672.2,37248.2904
2024-08-18 16:00:00,2672.2,2678.38,2643.75,2667.9,19490.8698
2024-08-18 20:00:00,2667.99,2670.0,2610.05,2612.15,27575.1114
2024-08-19 00:00:00,2612.15,2647.42,2603.53,2644.41,39440.4953
2024-08-19 04:00:00,2644.41,2648.08,2612.0,2614.31,25322.1941
2024-08-19 08:00:00,2614.31,2622.26,2565.84,2587.9,47327.1464
2024-08-19 12:00:00,2587.91,2604.67,2563.58,2584.53,45893.9924
2024-08-19 16:00:00,2584.54,2629.96,2574.28,2606.63,44403.0922
2024-08-19 20:00:00,2606.63,2641.15,2604.32,2636.36,22480.2132
2024-08-20 00:00:00,2636.36,2677.0,2619.06,2661.99,44019.1489
2024-08-20 04:00:00,2662.0,2695.0,2657.63,2674.81,45897.8592
2024-08-20 08:00:00,2674.81,2676.4,2639.4,2642.45,28408.1903
2024-08-20 12:00:00,2642.46,2655.78,2555.0,2574.99,95187.741
2024-08-20 16:00:00,2575.0,2606.7,2565.8,2601.94,39842.9406
2024-08-20 20:00:00,2601.94,2609.93,2565.23,2572.82,27959.9951
2024-08-21 00:00:00,2572.81,2598.2,2557.0,2591.5,29772.4505
2024-08-21 04:00:00,2591.51,2606.6,2588.31,2600.72,20871.9622
2024-08-21 08:00:00,2600.73,2607.87,2567.35,2577.6,25994.1915
2024-08-21 12:00:00,2577.61,2618.0,2536.22,2601.89,82446.4366
2024-08-21 16:00:00,2601.88,2650.0,2592.58,2646.43,48427.2293
2024-08-21 20:00:00,2646.42,2663.74,2619.77,2630.71,37774.3517
2024-08-22 00:00:00,2630.71,2640.25,2584.2,2616.59,37855.1007
2024-08-22 04:00:00,2616.6,2642.33,2613.75,2636.29,20272.9857
2024-08-22 08:00:00,2636.3,2644.49,2619.6,2641.91,32925.1144
2024-08-22 12:00:00,2641.9,2644.69,2590.5,2599.4,60175.4528
2024-08-22 16:00:00,2599.41,2619.23,2597.4,2606.6,27850.849
2024-08-22 20:00:00,2606.61,2627.06,2606.47,2622.88,19983.617
2024-08-23 00:00:00,2622.89,2652.95,2621.4,2635.72,29172.9593
2024-08-23 04:00:00,2635.71,2689.0,2634.41,2669.23,63389.3545
2024-08-23 08:00:00,2669.24,2681.0,2650.99,2653.27,41876.3322
2024-08-23 12:00:00,2653.27,2699.0,2632.83,2671.09,91496.4468
2024-08-23 16:00:00,2671.09,2750.0,2663.0,2746.54,104960.0382
2024-08-23 20:00:00,2746.55,2799.13,2723.55,2762.48,70891.3137
2024-08-24 00:00:00,2762.49,2769.6,2742.47,2746.6,37141.1388
2024-08-24 04:00:00,2746.59,2765.3,2739.4,2758.48,38293.8238
2024-08-24 08:00:00,2758.48,2786.29,2754.82,2756.31,29140.0856
2024-08-24 12:00:00,2756.3,2764.58,2751.36,2761.07,28376.8278
2024-08-24 16:00:00,2761.06,2820.0,2760.28,2793.01,83086.7315
2024-08-24 20:00:00,2793.01,2807.61,2731.26,2768.0,47504.3366
2024-08-25 00:00:00,2768.01,2782.73,2748.9,2764.53,32309.0924
2024-08-25 04:00:00,2764.52,2770.29,2733.21,2743.4,25458.7456
2024-08-25 08:00:00,2743.39,2761.5,2737.23,2750.99,23915.8443
2024-08-25 12:00:00,2751.0,2772.9,2746.0,2763.81,21236.2074
2024-08-25 16:00:00,2763.81,2773.8,2760.15,2766.3,13737.9161
2024-08-25 20:00:00,2766.3,2792.28,2739.77,2746.13,37869.4294
2024-08-26 00:00:00,2746.12,2762.0,2718.14,2744.34,29741.3445
2024-08-26 04:00:00,2744.35,2752.2,2728.54,2733.13,20577.5855
2024-08-26 08:00:00,2733.13,2749.12,2710.01,2737.35,27380.4223
2024-08-26 12:00:00,2737.34,2742.47,2701.43,2721.69,55161.1476
2024-08-26 16:00:00,2721.69,2732.08,2675.52,2680.83,54876.0413
2024-08-26 20:00:00,2680.84,2693.23,2666.66,2680.49,23971.5835
2024-08-27 00:00:00,2680.49,2693.79,2667.12,2685.27,24222.1281
2024-08-27 04:00:00,2685.26,2699.98,2673.6,2687.9,35545.8362
2024-08-27 08:00:00,2687.9,2692.07,2619.3,2626.67,46222.7582
2024-08-27 12:00:00,2626.66,2628.91,2555.0,2579.3,99931.8544
2024-08-27 16:00:00,2579.3,2591.93,2563.49,2584.0,42186.7785
2024-08-27 20:00:00,2584.01,2588.34,2392.96,2457.33,164551.3643
2024-08-28 00:00:00,2457.33,2480.31,2418.8,2478.45,88136.9581
2024-08-28 04:00:00,2478.45,2485.99,2433.3,2437.02,56056.4456
2024-08-28 08:00:00,2437.02,2550.31,2429.14,2523.2,95664.2576
2024-08-28 12:00:00,2523.19,2539.4,2467.93,2496.05,71811.0681
2024-08-28 16:00:00,2496.05,2546.13,2456.19,2504.88,89785.8057
2024-08-28 20:00:00,2504.89,2554.6,2504.6,2528.33,49812.0989
2024-08-29 00:00:00,2528.33,2537.99,2512.2,2523.4,24672.3392
2024-08-29 04:00:00,2523.4,2559.39,2518.44,2547.53,31962.534
2024-08-29 08:00:00,2547.52,2574.22,2536.63,2555.21,33508.6029
2024-08-29 12:00:00,2555.2,2595.4,2552.14,2575.97,59653.3809
2024-08-29 16:00:00,2575.97,2585.69,2509.66,2528.54,61398.5516
2024-08-29 20:00:00,2528.55,2543.6,2505.88,2527.61,25807.5546
2024-08-30 00:00:00,2527.6,2535.4,2505.0,2516.8,28608.572
2024-08-30 04:00:00,2516.8,2533.52,2503.8,2517.41,34519.6722
2024-08-30 08:00:00,2517.42,2528.37,2507.31,2512.44,21297.5566
2024-08-30 12:00:00,2512.43,2552.17,2434.96,2448.75,103983.6261
2024-08-30 16:00:00,2448.76,2542.19,2431.14,2506.94,130701.1151
2024-08-30 20:00:00,2506.94,2530.66,2506.35,2526.0,19268.6521
2024-08-31 00:00:00,2525.99,2533.95,2518.86,2523.52,14166.9397
2024-08-31 04:00:00,2523.52,2529.86,2518.17,2521.01,14956.1787
2024-08-31 08:00:00,2521.01,2529.81,2511.47,2525.5,14773.6726
2024-08-31 12:00:00,2525.49,2527.8,2513.8,2519.19,15368.1774
2024-08-31 16:00:00,2519.18,2519.8,2491.92,2499.8,22057.3239
2024-08-31 20:00:00,2499.79,2528.22,2493.68,2513.01,16623.8224
2024-09-01 00:00:00,2513.0,2516.28,2476.44,2488.74,22040.3526
2024-09-01 04:00:00,2488.75,2491.18,2458.84,2486.82,26820.4775
2024-09-01 08:00:00,2486.82,2492.88,2459.02,2477.74,22368.1709
2024-09-01 12:00:00,2477.73,2489.31,2438.0,2480.83,47978.3656
2024-09-01 16:00:00,2480.83,2514.82,2457.16,2501.71,38784.3156
2024-09-01 20:00:00,2501.71,2516.0,2400.0,2425.72,65136.0938
2024-09-02 00:00:00,2425.71,2455.26,2423.52,2450.52,35331.6569
2024-09-02 04:00:00,2450.47,2466.2,2433.18,2441.14,37943.8673
2024-09-02 08:00:00,2441.14,2539.53,2438.39,2515.81,85893.6804
2024-09-02 12:00:00,2515.81,2528.0,2492.55,2513.2,41643.4238
2024-09-02 16:00:00,2513.2,2530.92,2505.78,2524.25,29916.1001
2024-09-02 20:00:00,2524.26,2564.83,2522.22,2538.01,31904.11
2024-09-03 00:00:00,2538.0,2553.6,2514.73,2516.0,27730.1585
2024-09-03 04:00:00,2516.0,2525.2,2512.46,2519.55,19383.1812
2024-09-03 08:00:00,2519.55,2520.54,2494.24,2509.59,20704.4681
2024-09-03 12:00:00,2509.59,2519.12,2435.79,2444.01,81518.5002
2024-09-03 16:00:00,2444.01,2469.87,2435.83,2447.6,41528.1331
2024-09-03 20:00:00,2447.6,2470.57,2411.12,2425.29,33928.6888
2024-09-04 00:00:00,2425.28,2449.22,2306.65,2373.0,144366.9266
2024-09-04 04:00:00,2372.99,2414.71,2363.56,2401.52,45719.3498
2024-09-04 08:00:00,2401.52,2410.83,2387.15,2398.77,36620.6349
2024-09-04 12:00:00,2398.77,2458.57,2393.16,2455.4,91240.017
2024-09-04 16:00:00,2455.39,2490.0,2439.2,2452.16,48221.7855
2024-09-04 20:00:00,2452.15,2469.55,2443.32,2450.71,18010.6716
2024-09-05 00:00:00,2450.71,2466.0,2404.28,2405.55,51182.1435
2024-09-05 04:00:00,2405.56,2418.47,2376.72,2412.4,42138.4727
2024-09-05 08:00:00,2412.41,2416.35,2383.16,2389.54,28448.2371
2024-09-05 12:00:00,2389.53,2415.15,2355.8,2371.43,85446.0382
2024-09-05 16:00:00,2371.43,2395.99,2348.04,2363.97,43189.7973
2024-09-05 20:00:00,2363.97,2378.33,2350.0,2368.81,28144.4081
2024-09-06 00:00:00,2368.81,2408.4,2357.6,2392.63,32980.5199
2024-09-06 04:00:00,2392.63,2397.35,2321.21,2344.45,57143.7515
2024-09-06 08:00:00,2344.44,2379.4,2338.57,2372.95,39913.21
2024-09-06 12:00:00,2372.96,2408.83,2266.0,2290.21,175343.7092
2024-09-06 16:00:00,2290.21,2293.17,2207.4,2222.56,176299.547
2024-09-06 20:00:00,2222.56,2229.89,2150.55,2225.23,161346.3734
2024-09-07 00:00:00,2225.24,2243.0,2220.98,2238.41,34327.2918
2024-09-07 04:00:00,2238.41,2293.76,2237.61,2288.11,54140.9563
2024-09-07 08:00:00,2288.11,2299.47,2275.2,2283.7,29197.2328
2024-09-07 12:00:00,2283.7,2311.27,2282.03,2300.49,35018.3105
2024-09-07 16:00:00,2300.49,2304.54,2263.4,2290.44,41600.0682
2024-09-07 20:00:00,2290.43,2291.19,2257.37,2273.58,25169.348
2024-09-08 00:00:00,2273.58,2288.33,2263.22,2286.04,19091.7911
2024-09-08 04:00:00,2286.04,2304.8,2283.75,2294.94,21958.6858
2024-09-08 08:00:00,2294.94,2309.86,2287.64,2296.6,24075.8922
2024-09-08 12:00:00,2296.6,2299.0,2240.94,2245.74,52232.089
2024-09-08 16:00:00,2245.74,2283.46,2243.26,2272.09,27008.5984
2024-09-08 20:00:00,2272.08,2333.58,2267.39,2297.3,48408.5928
2024-09-09 00:00:00,2297.3,2320.74,2288.61,2304.23,36474.1665
2024-09-09 04:00:00,2304.23,2316.51,2283.1,2314.33,31102.4478
2024-09-09 08:00:00,2314.33,2339.0,2310.06,2315.29,45191.1776
2024-09-09 12:00:00,2315.3,2325.51,2272.8,2292.55,71423.5153
2024-09-09 16:00:00,2292.56,2352.89,2291.0,2350.57,91396.0358
2024-09-09 20:00:00,2350.57,2381.41,2337.04,2359.5,46111.647
2024-09-10 00:00:00,2359.51,2360.59,2334.99,2340.84,27409.2787
2024-09-10 04:00:00,2340.85,2366.47,2328.0,2363.51,27052.9146
2024-09-10 08:00:00,2363.51,2372.0,2339.08,2351.0,33662.5301
2024-09-10 12:00:00,2351.0,2364.16,2320.41,2325.01,56700.2756
2024-09-10 16:00:00,2325.01,2391.94,2324.52,2380.73,47628.1754
2024-09-10 20:00:00,2380.73,2400.0,2372.2,2388.52,31928.9985
2024-09-11 00:00:00,2388.52,2389.32,2339.0,2348.31,39080.7694
2024-09-11 04:00:00,2348.31,2348.31,2318.66,2341.66,32934.4948
2024-09-11 08:00:00,2341.66,2341.89,2306.45,2327.59,29236.327
2024-09-11 12:00:00,2327.59,2355.32,2277.68,2325.9,110620.3982
2024-09-11 16:00:00,2325.89,2368.87,2324.48,2340.6,54352.1621
2024-09-11 20:00:00,2340.6,2351.8,2333.0,2340.55,16674.161
2024-09-12 00:00:00,2340.54,2391.93,2339.54,2368.0,44561.7461
2024-09-12 04:00:00,2368.01,2379.33,2352.74,2359.59,25955.6825
2024-09-12 08:00:00,2359.59,2365.99,2343.2,2348.55,23459.5022
2024-09-12 12:00:00,2348.56,2366.98,2315.39,2323.2,54189.4376
2024-09-12 16:00:00,2323.2,2361.54,2322.42,2361.03,32562.9832
2024-09-12 20:00:00,2361.03,2373.64,2341.5,2361.76,21881.7792
2024-09-13 00:00:00,2361.75,2364.56,2350.27,2356.04,13613.7223
2024-09-13 04:00:00,2356.04,2359.2,2337.35,2348.88,17905.2743
2024-09-13 08:00:00,2348.87,2376.22,2341.66,2354.35,27196.9041
2024-09-13 12:00:00,2354.39,2412.61,2342.41,2407.79,84151.519
2024-09-13 16:00:00,2407.79,2428.38,2396.06,2421.07,64306.4597
2024-09-13 20:00:00,2421.06,2464.82,2413.14,2439.19,46714.7366
2024-09-14 00:00:00,2439.19,2440.6,2422.28,2432.94,23620.601
2024-09-14 04:00:00,2432.94,2433.6,2413.8,2420.23,16326.8004
2024-09-14 08:00:00,2420.23,2421.76,2407.98,2417.07,19673.4027
2024-09-14 12:00:00,2417.08,2424.11,2412.17,2418.54,19119.1368
2024-09-14 16:00:00,2418.55,2421.15,2376.72,2408.71,31801.3372
2024-09-14 20:00:00,2408.71,2422.99,2407.16,2417.79,12389.9521
2024-09-15 00:00:00,2417.8,2430.32,2416.53,2420.09,14598.6023
2024-09-15 04:00:00,2420.09,2424.49,2414.1,2422.9,9048.6699
2024-09-15 08:00:00,2422.89,2423.18,2401.75,2406.86,14771.6684
2024-09-15 12:00:00,2406.86,2418.72,2396.28,2408.71,20382.7049
2024-09-15 16:00:00,2408.72,2409.12,2362.71,2372.35,41671.0716
2024-09-15 20:00:00,2372.34,2372.34,2283.75,2316.1,73891.4775
2024-09-16 00:00:00,2316.09,2322.6,2252.39,2278.38,86962.8377
2024-09-16 04:00:00,2278.38,2312.86,2276.1,2310.69,42263.8162
2024-09-16 08:00:00,2310.69,2335.7,2289.0,2307.8,45264.6371
2024-09-16 12:00:00,2307.8,2312.6,2269.52,2287.72,53576.0851
2024-09-16 16:00:00,2287.73,2311.06,2269.25,2275.22,57131.6662
2024-09-16 20:00:00,2275.22,2301.6,2267.6,2295.68,45356.1897
2024-09-17 00:00:00,2295.67,2298.91,2263.29,2284.18,28503.775
2024-09-17 04:00:00,2284.19,2310.75,2282.44,2309.18,23151.7754
2024-09-17 08:00:00,2309.18,2323.69,2302.46,2308.12,40567.8112
2024-09-17 12:00:00,2308.12,2393.63,2302.61,2383.79,100277.9426
2024-09-17 16:00:00,2383.79,2390.0,2327.9,2353.09,55350.6039
2024-09-17 20:00:00,2353.09,2361.6,2328.79,2341.8,26354.3507
2024-09-18 00:00:00,2341.79,2343.28,2309.69,2334.79,33269.0484
2024-09-18 04:00:00,2334.79,2336.24,2312.64,2330.0,24340.0227
2024-09-18 08:00:00,2330.0,2330.01,2277.34,2300.59,43998.7581
2024-09-18 12:00:00,2300.6,2318.0,2288.0,2296.0,39254.5568
2024-09-18 16:00:00,2296.0,2364.42,2288.25,2315.19,107978.8702
2024-09-18 20:00:00,2315.19,2376.14,2290.0,2374.75,44076.3446
2024-09-19 00:00:00,2374.74,2412.82,2372.6,2403.68,74063.4655
2024-09-19 04:00:00,2403.69,2442.6,2399.59,2438.06,51924.8166
2024-09-19 08:00:00,2438.07,2442.1,2423.35,2435.35,42639.8525
2024-09-19 12:00:00,2435.34,2453.0,2420.48,2440.0,57030.3325
2024-09-19 16:00:00,2439.99,2494.95,2433.41,2460.93,69471.6538
2024-09-19 20:00:00,2460.94,2478.8,2452.26,2465.21,31615.9111
2024-09-20 00:00:00,2465.21,2521.71,2437.31,2520.56,49254.4522
2024-09-20 04:00:00,2520.56,2571.93,2516.81,2561.0,103499.6359
2024-09-20 08:00:00,2561.0,2565.0,2539.34,2544.96,43297.2088
2024-09-20 12:00:00,2544.95,2570.0,2516.2,2560.27,81292.3298
2024-09-20 16:00:00,2560.27,2569.0,2525.36,2540.98,42141.6771
2024-09-20 20:00:00,2540.97,2562.4,2538.47,2561.4,21269.2874
2024-09-21 00:00:00,2561.4,2587.4,2534.17,2544.0,43762.2681
2024-09-21 04:00:00,2544.01,2558.99,2528.97,2555.77,24115.9844
2024-09-21 08:00:00,2555.77,2557.34,2545.04,2556.5,13639.3088
2024-09-21 12:00:00,2556.49,2576.47,2550.44,2560.0,26807.5925
2024-09-21 16:00:00,2560.0,2578.4,2556.21,2572.05,16053.7707
2024-09-21 20:00:00,2572.06,2623.34,2560.0,2612.4,30378.9528
2024-09-22 00:00:00,2612.4,2632.57,2588.1,2594.71,44959.9
2024-09-22 04:00:00,2594.7,2604.6,2576.01,2587.99,23704.0734
2024-09-22 08:00:00,2587.99,2595.76,2569.61,2580.59,27603.6937
2024-09-22 12:00:00,2580.59,2588.0,2554.82,2570.51,35522.7974
2024-09-22 16:00:00,2570.51,2591.69,2552.49,2578.37,36410.4297
2024-09-22 20:00:00,2578.38,2594.0,2524.58,2581.0,46065.4315
2024-09-23 00:00:00,2580.99,2687.24,2539.49,2676.71,98308.8181
2024-09-23 04:00:00,2676.71,2681.13,2636.49,2646.48,44218.2619
2024-09-23 08:00:00,2646.47,2662.47,2633.91,2646.0,36840.1003
2024-09-23 12:00:00,2646.0,2685.1,2631.45,2675.38,59269.4637
2024-09-23 16:00:00,2675.37,2702.82,2658.08,2672.97,58966.6192
2024-09-23 20:00:00,2672.97,2682.3,2639.55,2646.97,35678.7517
2024-09-24 00:00:00,2646.98,2651.39,2609.4,2627.4,52066.9646
2024-09-24 04:00:00,2627.39,2649.4,2618.28,2647.0,25605.4939
2024-09-24 08:00:00,2647.0,2667.75,2619.35,2636.85,45110.5414
2024-09-24 12:00:00,2636.86,2646.36,2591.56,2612.44,79666.7414
2024-09-24 16:00:00,2612.44,2657.0,2611.07,2650.49,44179.4142
2024-09-24 20:00:00,2650.49,2670.96,2640.14,2653.2,41970.8847
2024-09-25 00:00:00,2653.2,2673.5,2632.5,2646.6,45571.698
2024-09-25 04:00:00,2646.61,2646.87,2610.53,2621.47,36076.8035
2024-09-25 08:00:00,2621.48,2630.52,2613.99,2627.4,28484.7217
2024-09-25 12:00:00,2627.39,2629.56,2595.61,2600.81,40267.1429
2024-09-25 16:00:00,2600.81,2609.39,2564.77,2570.69,47192.8845
2024-09-25 20:00:00,2570.69,2584.75,2554.05,2579.95,22750.1787
2024-09-26 00:00:00,2580.09,2607.0,2559.2,2602.3,41277.9557
2024-09-26 04:00:00,2602.31,2634.95,2591.75,2629.8,30667.359
2024-09-26 08:00:00,2629.8,2639.5,2612.83,2628.8,46833.8007
2024-09-26 12:00:00,2628.79,2663.8,2607.92,2652.01,82796.5157
2024-09-26 16:00:00,2652.01,2666.22,2626.8,2648.99,46663.0564
2024-09-26 20:00:00,2649.0,2654.97,2617.49,2632.26,30447.6698
2024-09-27 00:00:00,2632.25,2644.9,2615.21,2638.66,26768.3738
2024-09-27 04:00:00,2638.66,2668.37,2636.8,2657.27,56713.5886
2024-09-27 08:00:00,2657.28,2677.61,2641.3,2652.0,41596.5263
2024-09-27 12:00:00,2652.0,2699.68,2642.2,2683.62,67237.2116
2024-09-27 16:00:00,2683.63,2728.6,2678.49,2701.37,71817.2564
2024-09-27 20:00:00,2701.38,2708.41,2689.99,2694.43,17694.0225
2024-09-28 00:00:00,2694.43,2704.35,2688.01,2690.31,21128.0815
2024-09-28 04:00:00,2690.31,2700.36,2674.75,2677.93,24118.7176
2024-09-28 08:00:00,2677.93,2678.42,2650.0,2675.22,29681.2006
2024-09-28 12:00:00,2675.23,2675.9,2652.2,2669.9,24672.6722
2024-09-28 16:00:00,2669.89,2684.51,2662.21,2678.34,21399.5884
2024-09-28 20:00:00,2678.33,2680.33,2655.5,2675.21,16229.7739
2024-09-29 00:00:00,2675.21,2683.7,2663.64,2674.96,13413.3075
2024-09-29 04:00:00,2674.96,2674.96,2629.73,2640.44,55180.1074
2024-09-29 08:00:00,2640.43,2655.0,2634.2,2652.49,24320.7835
2024-09-29 12:00:00,2652.49,2669.2,2641.0,2666.38,24891.9894
2024-09-29 16:00:00,2666.38,2671.8,2650.49,2666.78,20369.8117
2024-09-29 20:00:00,2666.77,2673.41,2648.0,2657.62,22378.3151
2024-09-30 00:00:00,2657.62,2663.5,2601.12,2629.89,67474.6477
2024-09-30 04:00:00,2629.89,2643.53,2623.08,2637.82,27997.402
2024-09-30 08:00:00,2637.81,2643.08,2592.42,2628.94,66786.5368
2024-09-30 12:00:00,2628.94,2638.94,2593.73,2596.0,35767.354
2024-09-30 16:00:00,2595.99,2610.01,2575.0,2595.31,45071.6506
2024-09-30 20:00:00,2595.31,2617.46,2576.58,2602.23,39378.205
2024-10-01 00:00:00,2602.24,2633.3,2591.34,2629.83,46721.4787
2024-10-01 04:00:00,2629.83,2659.0,2627.6,2645.61,41960.4537
2024-10-01 08:00:00,2645.61,2647.19,2628.47,2628.87,28094.2912
2024-10-01 12:00:00,2628.86,2633.42,2481.4,2524.81,162363.3521
2024-10-01 16:00:00,2524.81,2531.4,2428.34,2488.71,137494.6322
2024-10-01 20:00:00,2488.71,2492.4,2414.0,2447.79,86194.4725
2024-10-02 00:00:00,2447.78,2499.0,2442.13,2489.6,44750.7125
2024-10-02 04:00:00,2489.6,2492.93,2467.19,2482.04,33754.5231
2024-10-02 08:00:00,2482.03,2486.89,2441.71,2455.22,39918.2223
2024-10-02 12:00:00,2455.22,2463.67,2418.8,2460.4,69451.668
2024-10-02 16:00:00,2460.4,2478.89,2368.03,2371.77,74986.2284
2024-10-02 20:00:00,2371.77,2392.99,2352.0,2364.1,54623.3807
2024-10-03 00:00:00,2364.09,2399.6,2352.59,2399.32,42118.3821
2024-10-03 04:00:00,2399.32,2403.38,2360.0,2364.66,42369.5009
2024-10-03 08:00:00,2364.65,2370.0,2318.72,2352.34,83288.927
2024-10-03 12:00:00,2352.35,2366.09,2310.0,2340.59,87184.8993
2024-10-03 16:00:00,2340.6,2354.31,2312.0,2353.51,39550.6975
2024-10-03 20:00:00,2353.51,2357.9,2332.6,2349.8,20123.5195
2024-10-04 00:00:00,2349.8,2380.0,2339.15,2367.06,38159.3861
2024-10-04 04:00:00,2367.07,2387.58,2365.63,2381.6,29429.7729
2024-10-04 08:00:00,2381.6,2393.52,2374.11,2386.2,24944.9194
2024-10-04 12:00:00,2386.2,2418.41,2352.6,2417.05,79263.7285
2024-10-04 16:00:00,2417.1,2441.64,2409.67,2428.9,52325.0473
2024-10-04 20:00:00,2428.9,2431.74,2412.4,2414.41,15260.1628
2024-10-05 00:00:00,2414.41,2428.23,2390.26,2399.6,20356.2535
2024-10-05 04:00:00,2399.61,2427.0,2397.11,2415.1,14638.4733
2024-10-05 08:00:00,2415.11,2428.22,2415.1,2417.19,14026.2539
2024-10-05 12:00:00,2417.19,2424.15,2404.7,2415.01,20570.7141
2024-10-05 16:00:00,2415.01,2416.1,2392.8,2396.54,18796.2094
2024-10-05 20:00:00,2396.54,2419.5,2390.05,2414.66,15352.3274
2024-10-06 00:00:00,2414.66,2423.0,2407.0,2413.64,11865.5663
2024-10-06 04:00:00,2413.63,2421.0,2410.35,2417.38,10555.4611
2024-10-06 08:00:00,2417.39,2430.73,2415.4,2426.63,13919.4157
2024-10-06 12:00:00,2426.64,2457.8,2424.91,2446.62,28185.7731
2024-10-06 16:00:00,2446.62,2453.0,2435.4,2441.39,20084.9861
2024-10-06 20:00:00,2441.4,2444.6,2415.65,2440.03,21141.5073
2024-10-07 00:00:00,2440.02,2512.92,2435.84,2495.34,64906.1124
2024-10-07 04:00:00,2495.34,2498.7,2477.24,2480.53,24519.6837
2024-10-07 08:00:00,2480.54,2488.87,2437.9,2475.84,53068.404
2024-10-07 12:00:00,2475.84,2521.0,2462.67,2474.23,69983.6456
2024-10-07 16:00:00,2474.24,2481.2,2420.01,2445.62,50138.6127
2024-10-07 20:00:00,2445.62,2457.65,2403.0,2422.71,37843.0823
2024-10-08 00:00:00,2422.7,2448.1,2422.7,2438.13,23442.3811
2024-10-08 04:00:00,2438.13,2445.74,2410.51,2428.6,30639.3201
2024-10-08 08:00:00,2428.6,2441.74,2417.4,2439.71,20649.4241
2024-10-08 12:00:00,2439.71,2453.23,2401.18,2419.5,63179.4006
2024-10-08 16:00:00,2419.49,2456.62,2411.17,2440.13,43221.5315
2024-10-08 20:00:00,2440.13,2466.66,2434.06,2440.89,20226.2738
2024-10-09 00:00:00,2440.88,2473.61,2427.44,2446.78,35935.5975
2024-10-09 04:00:00,2446.78,2452.61,2431.71,2436.01,21223.492
2024-10-09 08:00:00,2436.0,2442.55,2427.79,2441.7,22985.73
2024-10-09 12:00:00,2441.69,2472.08,2423.13,2461.3,55578.003
2024-10-09 16:00:00,2461.3,2462.61,2407.43,2418.3,40763.1329
2024-10-09 20:00:00,2418.3,2418.3,2351.42,2370.47,65596.3171
2024-10-10 00:00:00,2370.47,2400.6,2366.87,2395.3,38178.3731
2024-10-10 04:00:00,2395.31,2411.38,2391.12,2395.8,20018.0731
2024-10-10 08:00:00,2395.78,2408.12,2368.55,2406.56,32497.4526
2024-10-10 12:00:00,2406.56,2408.93,2370.0,2404.63,50311.8395
2024-10-10 16:00:00,2404.62,2421.36,2330.66,2367.13,93309.876
2024-10-10 20:00:00,2367.13,2387.09,2357.07,2386.49,23547.3476
2024-10-11 00:00:00,2386.49,2416.94,2381.86,2411.1,30289.8309
2024-10-11 04:00:00,2411.18,2418.55,2403.36,2407.64,24815.734
2024-10-11 08:00:00,2407.64,2426.22,2402.65,2417.82,29077.8241
2024-10-11 12:00:00,2417.83,2453.84,2414.51,2443.81,70787.7003
2024-10-11 16:00:00,2443.8,2471.45,2433.46,2459.6,54255.9426
2024-10-11 20:00:00,2459.59,2462.31,2434.22,2439.5,26214.1878
2024-10-12 00:00:00,2439.49,2451.37,2434.35,2439.04,25581.3859
2024-10-12 04:00:00,2439.05,2451.77,2439.05,2446.69,19107.4669
2024-10-12 08:00:00,2446.68,2467.51,2442.61,2452.5,22359.2388
2024-10-12 12:00:00,2452.5,2484.0,2448.8,2473.11,38159.8719
2024-10-12 16:00:00,2473.1,2486.75,2466.66,2472.6,21868.9413
2024-10-12 20:00:00,2472.6,2490.51,2469.1,2476.4,12560.6014
2024-10-13 00:00:00,2476.4,2484.92,2452.55,2457.86,22224.4323
2024-10-13 04:00:00,2457.86,2469.84,2457.32,2465.0,11829.3096
2024-10-13 08:00:00,2465.0,2471.74,2457.52,2458.27,13286.2189
2024-10-13 12:00:00,2458.27,2470.49,2436.4,2440.51,25303.6962
2024-10-13 16:00:00,2440.51,2462.31,2437.92,2458.09,24263.4219
2024-10-13 20:00:00,2458.09,2484.6,2452.87,2468.91,23115.739
2024-10-14 00:00:00,2468.92,2526.6,2443.39,2521.11,65340.254
2024-10-14 04:00:00,2521.11,2548.43,2511.34,2535.78,90677.8823
2024-10-14 08:00:00,2535.78,2547.49,2519.65,2537.9,44684.5599
2024-10-14 12:00:00,2537.91,2642.88,2534.47,2635.47,149388.5896
2024-10-14 16:00:00,2635.47,2640.4,2615.12,2620.51,51675.6035
2024-10-14 20:00:00,2620.5,2654.0,2616.1,2629.79,34133.2726
2024-10-15 00:00:00,2629.79,2637.38,2608.52,2612.32,32699.9359
2024-10-15 04:00:00,2612.33,2623.7,2590.29,2615.66,39737.151
2024-10-15 08:00:00,2615.67,2622.5,2580.01,2586.2,46038.5745
2024-10-15 12:00:00,2586.2,2688.6,2537.36,2573.45,191312.0206
2024-10-15 16:00:00,2573.42,2619.33,2571.36,2592.11,70160.4914
2024-10-15 20:00:00,2592.11,2609.08,2563.6,2607.41,36337.4929
2024-10-16 00:00:00,2607.41,2630.6,2588.67,2617.23,41559.1494
2024-10-16 04:00:00,2617.22,2624.44,2598.77,2607.13,44954.7587
2024-10-16 08:00:00,2607.12,2642.69,2605.01,2630.4,57405.2416
2024-10-16 12:00:00,2630.41,2647.79,2595.0,2607.67,69142.741
2024-10-16 16:00:00,2607.68,2628.0,2591.58,2614.93,29249.1835
2024-10-16 20:00:00,2614.93,2628.83,2608.94,2611.1,18011.35
2024-10-17 00:00:00,2611.1,2645.6,2610.03,2640.8,42096.8727
2024-10-17 04:00:00,2640.8,2648.37,2618.99,2628.5,33833.5101
2024-10-17 08:00:00,2628.5,2630.71,2596.49,2598.01,37961.3642
2024-10-17 12:00:00,2598.01,2632.73,2583.5,2630.82,53370.1693
2024-10-17 16:00:00,2630.81,2631.43,2575.4,2595.59,36027.0507
2024-10-17 20:00:00,2595.6,2614.91,2594.8,2605.8,18335.5764
2024-10-18 00:00:00,2605.79,2651.66,2596.49,2609.99,55249.9857
2024-10-18 04:00:00,2609.98,2645.83,2608.79,2644.5,39782.9796
2024-10-18 08:00:00,2644.51,2650.0,2621.0,2621.98,34026.8825
2024-10-18 12:00:00,2621.98,2663.4,2612.2,2653.15,73294.5491
2024-10-18 16:00:00,2653.15,2675.58,2629.5,2651.31,65334.2914
2024-10-18 20:00:00,2651.38,2652.03,2633.59,2642.17,24755.427
2024-10-19 00:00:00,2642.17,2663.49,2635.22,2646.41,24351.122
2024-10-19 04:00:00,2646.41,2650.97,2638.0,2641.05,16877.9183
2024-10-19 08:00:00,2641.05,2648.6,2631.02,2631.48,17547.521
2024-10-19 12:00:00,2631.48,2654.41,2631.04,2645.7,19701.0133
2024-10-19 16:00:00,2645.69,2646.52,2637.0,2641.34,14020.3029
2024-10-19 20:00:00,2641.34,2655.5,2640.89,2648.2,12915.8871
2024-10-20 00:00:00,2648.2,2653.56,2635.54,2640.25,16860.0707
2024-10-20 04:00:00,2640.26,2652.03,2638.45,2646.1,16365.2238
2024-10-20 08:00:00,2646.1,2651.49,2643.13,2649.49,12696.1974
2024-10-20 12:00:00,2649.5,2721.0,2642.0,2706.58,100584.9476
2024-10-20 16:00:00,2706.58,2709.77,2686.25,2699.86,31714.755
2024-10-20 20:00:00,2699.87,2759.0,2697.03,2746.91,78689.5503
2024-10-21 00:00:00,2746.91,2769.48,2725.3,2733.81,65279.2393
2024-10-21 04:00:00,2733.81,2744.24,2721.62,2722.01,36486.2056
2024-10-21 08:00:00,2722.01,2729.2,2701.41,2704.77,46379.4613
2024-10-21 12:00:00,2704.77,2711.36,2659.12,2679.43,90914.2578
2024-10-21 16:00:00,2679.43,2684.79,2655.01,2680.1,46431.9384
2024-10-21 20:00:00,2680.1,2685.02,2665.69,2666.7,25183.6208
2024-10-22 00:00:00,2666.71,2671.92,2613.49,2644.56,74882.1172
2024-10-22 04:00:00,2644.56,2659.39,2635.21,2646.79,28463.0967
2024-10-22 08:00:00,2646.8,2649.19,2613.2,2632.9,45524.9314
2024-10-22 12:00:00,2632.89,2645.5,2606.56,2624.33,65580.5638
2024-10-22 16:00:00,2624.33,2633.82,2607.0,2628.01,30526.639
2024-10-22 20:00:00,2628.01,2644.1,2618.21,2622.81,20770.3649
2024-10-23 00:00:00,2622.81,2628.2,2601.18,2616.5,28370.0336
2024-10-23 04:00:00,2616.49,2624.68,2602.63,2602.81,25160.8196
2024-10-23 08:00:00,2602.81,2611.52,2563.73,2580.93,57446.364
2024-10-23 12:00:00,2580.94,2587.4,2529.66,2540.22,82536.558
2024-10-23 16:00:00,2540.21,2542.56,2450.0,2512.51,127126.4845
2024-10-23 20:00:00,2512.51,2528.49,2502.0,2524.61,32007.4489
2024-10-24 00:00:00,2524.6,2560.75,2508.98,2544.8,51444.6055
2024-10-24 04:00:00,2544.8,2562.65,2540.38,2544.76,50086.9987
2024-10-24 08:00:00,2544.76,2551.4,2508.8,2529.47,42147.9069
2024-10-24 12:00:00,2529.47,2545.75,2513.4,2525.84,72617.4411
2024-10-24 16:00:00,2525.8,2541.91,2507.31,2539.96,40463.6768
2024-10-24 20:00:00,2539.97,2560.0,2526.6,2535.82,34091.1552
2024-10-25 00:00:00,2535.82,2538.53,2509.89,2521.73,27585.145
2024-10-25 04:00:00,2521.73,2522.55,2462.06,2484.07,63749.3653
2024-10-25 08:00:00,2484.07,2547.0,2478.37,2545.13,79017.9636
2024-10-25 12:00:00,2545.13,2566.33,2508.71,2524.86,83767.1181
2024-10-25 16:00:00,2524.86,2536.7,2455.6,2476.1,114795.8392
2024-10-25 20:00:00,2476.11,2496.59,2382.59,2440.62,145884.451
2024-10-26 00:00:00,2440.63,2458.0,2430.12,2452.27,59166.402
2024-10-26 04:00:00,2452.27,2479.7,2451.4,2465.61,39515.6559
2024-10-26 08:00:00,2465.62,2478.99,2463.23,2472.98,35646.5741
2024-10-26 12:00:00,2472.98,2478.8,2442.2,2457.59,54074.5149
2024-10-26 16:00:00,2457.6,2488.14,2455.77,2486.68,35230.3821
2024-10-26 20:00:00,2486.68,2508.0,2481.9,2482.51,25091.3023
2024-10-27 00:00:00,2482.51,2484.89,2469.52,2484.64,15688.7621
2024-10-27 04:00:00,2484.65,2486.84,2477.98,2481.26,13016.3023
2024-10-27 08:00:00,2481.25,2484.4,2464.13,2469.86,20154.6201
2024-10-27 12:00:00,2469.86,2505.82,2469.75,2501.97,37377.7212
2024-10-27 16:00:00,2501.98,2511.7,2486.0,2494.59,22550.227
2024-10-27 20:00:00,2494.58,2527.99,2490.83,2507.8,28793.2509
2024-10-28 00:00:00,2507.8,2512.53,2471.67,2477.71,28902.3387
2024-10-28 04:00:00,2477.7,2527.0,2473.2,2511.77,39534.4516
2024-10-28 08:00:00,2511.77,2544.74,2505.18,2527.12,50665.782
2024-10-28 12:00:00,2527.12,2536.6,2498.46,2501.02,73780.0943
2024-10-28 16:00:00,2501.01,2524.3,2488.0,2506.7,77169.9539
2024-10-28 20:00:00,2506.7,2589.67,2505.01,2567.48,90552.7065
2024-10-29 00:00:00,2567.49,2631.66,2561.2,2607.75,113234.5153
2024-10-29 04:00:00,2607.75,2626.49,2607.75,2613.3,47598.2051
2024-10-29 08:00:00,2613.29,2638.8,2612.81,2631.59,47484.2184
2024-10-29 12:00:00,2631.59,2650.99,2611.33,2648.52,76755.787
2024-10-29 16:00:00,2648.51,2681.86,2623.22,2624.74,118181.9834
2024-10-29 20:00:00,2624.74,2648.25,2606.82,2638.8,48660.9933
2024-10-30 00:00:00,2638.8,2651.42,2599.66,2641.7,58651.4667
2024-10-30 04:00:00,2641.71,2684.21,2636.2,2668.6,56092.6306
2024-10-30 08:00:00,2668.6,2696.5,2657.09,2659.18,73414.7548
2024-10-30 12:00:00,2659.18,2722.3,2653.03,2683.08,149492.5606
2024-10-30 16:00:00,2683.07,2696.22,2653.26,2655.0,51758.8372
2024-10-30 20:00:00,2655.0,2686.13,2635.52,2659.19,71216.8761
2024-10-31 00:00:00,2659.19,2669.0,2637.63,2657.0,44745.4639
2024-10-31 04:00:00,2657.0,2657.99,2631.63,2646.8,30494.4159
2024-10-31 08:00:00,2646.79,2648.5,2625.26,2638.81,49785.3798
2024-10-31 12:00:00,2638.82,2641.0,2541.23,2562.86,138890.8756
2024-10-31 16:00:00,2562.86,2564.09,2506.3,2514.33,86177.7516
2024-10-31 20:00:00,2514.34,2530.07,2503.0,2518.61,53333.3149
2024-11-01 00:00:00,2518.61,2533.25,2467.67,2503.2,86691.3327
2024-11-01 04:00:00,2503.2,2516.2,2485.35,2504.12,43728.3342
2024-11-01 08:00:00,2504.12,2525.8,2494.55,2515.44,50334.2681
2024-11-01 12:00:00,2515.44,2586.8,2481.68,2500.03,148101.0589
2024-11-01 16:00:00,2500.02,2538.58,2495.2,2514.49,70817.1562
2024-11-01 20:00:00,2514.5,2527.46,2485.05,2511.49,30576.9572
2024-11-02 00:00:00,2511.49,2523.45,2501.0,2506.7,23860.5833
2024-11-02 04:00:00,2506.71,2513.87,2499.59,2507.35,15843.2724
2024-11-02 08:00:00,2507.34,2510.3,2491.2,2502.13,20552.6748
2024-11-02 12:00:00,2502.14,2504.5,2470.0,2488.79,55572.1722
2024-11-02 16:00:00,2488.78,2497.73,2479.3,2493.02,18610.8072
2024-11-02 20:00:00,2493.01,2497.89,2485.1,2494.23,11521.6201
2024-11-03 00:00:00,2494.23,2496.39,2421.29,2449.59,67070.7487
2024-11-03 04:00:00,2449.6,2463.83,2441.1,2450.03,24030.4785
2024-11-03 08:00:00,2450.03,2462.64,2443.94,2454.47,36799.3352
2024-11-03 12:00:00,2454.47,2460.6,2413.38,2442.63,60945.4178
2024-11-03 16:00:00,2442.63,2459.53,2411.0,2452.89,52907.215
2024-11-03 20:00:00,2452.89,2475.52,2447.4,2457.73,34255.9245
2024-11-04 00:00:00,2457.73,2491.39,2434.99,2473.76,37127.5002
2024-11-04 04:00:00,2473.77,2482.42,2457.21,2459.67,22635.0346
2024-11-04 08:00:00,2459.68,2478.0,2447.34,2470.2,28566.6765
2024-11-04 12:00:00,2470.2,2486.0,2431.51,2442.6,56215.3522
2024-11-04 16:00:00,2442.6,2446.32,2405.8,2430.43,63432.5532
2024-11-04 20:00:00,2430.42,2432.08,2357.59,2398.21,98339.8478
2024-11-05 00:00:00,2398.21,2421.4,2380.74,2420.41,47944.8664
2024-11-05 04:00:00,2420.4,2445.7,2417.21,2443.4,38943.023
2024-11-05 08:00:00,2443.41,2448.0,2430.31,2440.63,36062.5012
2024-11-05 12:00:00,2440.63,2480.0,2427.4,2441.19,89272.4654
2024-11-05 16:00:00,2441.2,2475.0,2401.3,2408.4,71328.772
2024-11-05 20:00:00,2408.39,2440.0,2401.7,2422.55,48067.6265
2024-11-06 00:00:00,2422.6,2638.0,2420.3,2579.31,273196.315
2024-11-06 04:00:00,2579.31,2643.2,2561.0,2594.0,263406.854
2024-11-06 08:00:00,2593.99,2637.0,2571.0,2629.02,130007.8482
2024-11-06 12:00:00,2629.03,2666.66,2608.0,2634.19,142673.0702
2024-11-06 16:00:00,2634.2,2687.26,2633.43,2687.25,84147.198
2024-11-06 20:00:00,2687.25,2744.7,2669.25,2721.87,108710.0764
2024-11-07 00:00:00,2721.88,2880.0,2699.49,2852.42,239110.0996
2024-11-07 04:00:00,2852.43,2855.0,2779.91,2820.29,104122.5449
2024-11-07 08:00:00,2820.3,2830.0,2790.0,2792.28,65854.3896
2024-11-07 12:00:00,2792.28,2849.0,2776.0,2847.49,100484.4486
2024-11-07 16:00:00,2847.5,2893.8,2823.75,2885.0,121819.8352
2024-11-07 20:00:00,2885.0,2916.11,2864.25,2895.47,99454.6345
2024-11-08 00:00:00,2895.47,2954.94,2886.4,2902.42,126526.9325
2024-11-08 04:00:00,2902.42,2924.2,2892.0,2911.96,70741.7346
2024-11-08 08:00:00,2911.88,2930.89,2893.33,2914.39,62192.9151
2024-11-08 12:00:00,2914.4,2956.56,2903.0,2937.04,110108.0276
2024-11-08 16:00:00,2937.03,2981.69,2890.04,2949.96,126505.7537
2024-11-08 20:00:00,2949.96,2975.45,2915.8,2961.75,72789.0715
2024-11-09 00:00:00,2961.75,2995.22,2954.56,2965.5,76958.1964
2024-11-09 04:00:00,2965.5,3058.77,2953.71,3030.38,129030.9382
2024-11-09 08:00:00,3030.37,3055.88,3021.46,3051.6,69670.2941
2024-11-09 12:00:00,3051.59,3054.17,3028.4,3040.88,53748.8853
2024-11-09 16:00:00,3040.85,3094.55,2990.58,3070.39,98531.409
2024-11-09 20:00:00,3070.4,3157.4,3065.56,3126.21,98779.6982
2024-11-10 00:00:00,3126.2,3151.41,3103.7,3134.82,92569.5686
2024-11-10 04:00:00,3134.82,3216.47,3129.97,3185.89,188145.3329
2024-11-10 08:00:00,3185.89,3230.0,3168.81,3220.0,96121.2648
2024-11-10 12:00:00,3220.01,3236.64,3167.56,3209.53,126863.0189
2024-11-10 16:00:00,3209.52,3248.52,3150.0,3164.27,167610.7179
2024-11-10 20:00:00,3164.27,3225.99,3069.0,3183.21,194226.8291
2024-11-11 00:00:00,3183.2,3221.8,3171.16,3195.07,94211.1415
2024-11-11 04:00:00,3195.08,3196.98,3105.0,3140.16,103633.8888
2024-11-11 08:00:00,3140.16,3212.49,3132.1,3197.79,91922.0003
2024-11-11 12:00:00,3197.79,3256.4,3139.5,3236.98,202264.4074
2024-11-11 16:00:00,3236.97,3346.4,3233.63,3300.2,264375.1673
2024-11-11 20:00:00,3300.21,3387.61,3280.0,3371.59,243687.3611
2024-11-12 00:00:00,3371.59,3374.78,3248.42,3335.6,175983.7872
2024-11-12 04:00:00,3335.59,3394.09,3314.98,3368.72,129963.2749
2024-11-12 08:00:00,3368.72,3442.5,3207.67,3282.42,280549.6624
2024-11-12 12:00:00,3282.41,3296.93,3208.33,3261.65,188297.4664
2024-11-12 16:00:00,3261.72,3304.57,3209.5,3272.82,117233.5137
2024-11-12 20:00:00,3272.94,3304.78,3238.63,3243.8,81188.0239
2024-11-13 00:00:00,3243.79,3285.52,3201.83,3207.99,130449.5382
2024-11-13 04:00:00,3207.99,3230.19,3116.69,3160.89,153493.6167
2024-11-13 08:00:00,3160.89,3191.74,3140.75,3168.0,83693.5545
2024-11-13 12:00:00,3168.0,3328.53,3152.15,3309.28,253124.0517
2024-11-13 16:00:00,3309.28,3331.0,3155.0,3158.81,193136.2758
2024-11-13 20:00:00,3158.8,3198.52,3118.39,3187.16,105789.3378
2024-11-14 00:00:00,3187.16,3228.35,3163.64,3217.21,85729.4181
2024-11-14 04:00:00,3217.21,3240.4,3174.37,3217.62,67360.4466
2024-11-14 08:00:00,3217.62,3230.73,3155.0,3185.23,78316.7747
2024-11-14 12:00:00,3185.22,3198.99,3060.0,3077.68,180775.9688
2024-11-14 16:00:00,3077.68,3181.0,3070.84,3145.41,97075.8204
2024-11-14 20:00:00,3145.41,3145.41,3028.56,3058.82,96522.2376
2024-11-15 00:00:00,3058.81,3092.54,3034.87,3082.44,62360.0892
2024-11-15 04:00:00,3082.43,3082.43,3014.79,3039.48,74927.4912
2024-11-15 08:00:00,3039.49,3114.0,3022.0,3104.29,72596.3179
2024-11-15 12:00:00,3104.29,3131.06,3014.5,3023.73,119823.0011
2024-11-15 16:00:00,3023.73,3059.9,3015.6,3039.58,94772.9642
2024-11-15 20:00:00,3039.58,3120.0,3038.24,3090.01,95143.7681
2024-11-16 00:00:00,3090.01,3157.71,3072.0,3154.78,69859.898
2024-11-16 04:00:00,3154.77,3165.0,3101.11,3106.66,53482.9739
2024-11-16 08:00:00,3106.67,3195.63,3103.17,3195.34,81474.3886
2024-11-16 12:00:00,3195.34,3219.97,3120.41,3141.11,120631.9141
2024-11-16 16:00:00,3141.11,3184.6,3128.0,3169.01,55018.2084
2024-11-16 20:00:00,3169.01,3175.0,3121.91,3132.87,43171.7743
2024-11-17 00:00:00,3132.88,3154.0,3034.99,3080.68,99299.4635
2024-11-17 04:00:00,3080.67,3147.72,3076.2,3136.79,85339.4369
2024-11-17 08:00:00,3136.79,3162.11,3100.81,3105.52,64426.9637
2024-11-17 12:00:00,3105.53,3126.72,3067.33,3086.21,75728.2645
2024-11-17 16:00:00,3086.2,3115.72,3071.6,3097.74,57460.056
2024-11-17 20:00:00,3097.74,3106.99,3042.93,3076.0,67564.7729
2024-11-18 00:00:00,3075.99,3124.2,3069.0,3111.96,55672.4888
2024-11-18 04:00:00,3111.95,3149.71,3096.07,3130.55,57048.834
2024-11-18 08:00:00,3130.56,3139.78,3050.01,3056.28,74634.8774
2024-11-18 12:00:00,3056.29,3157.5,3052.19,3143.41,150241.3211
2024-11-18 16:00:00,3143.41,3199.0,3090.3,3127.17,182179.47
2024-11-18 20:00:00,3127.17,3224.94,3122.22,3207.8,120881.4444
2024-11-19 00:00:00,3207.81,3221.2,3141.7,3148.5,84612.4122
2024-11-19 04:00:00,3148.5,3159.93,3107.37,3118.08,67070.5837
2024-11-19 08:00:00,3118.09,3130.0,3091.13,3126.51,63945.7633
2024-11-19 12:00:00,3126.51,3150.0,3076.0,3104.36,110206.3018
2024-11-19 16:00:00,3104.35,3145.0,3099.49,3122.19,86887.7832
2024-11-19 20:00:00,3122.2,3131.11,3065.4,3107.44,87389.1752
2024-11-20 00:00:00,3107.45,3127.64,3071.6,3096.0,61244.1217
2024-11-20 04:00:00,3095.99,3115.01,3087.51,3109.54,41876.4871
2024-11-20 08:00:00,3109.54,3135.13,3083.8,3099.82,70771.0925
2024-11-20 12:00:00,3099.82,3159.2,3081.56,3130.0,146945.8507
2024-11-20 16:00:00,3130.0,3135.0,3029.41,3058.05,130168.2034
2024-11-20 20:00:00,3058.04,3093.16,3044.38,3069.97,52602.0782
2024-11-21 00:00:00,3069.97,3101.0,3032.59,3081.98,88355.4596
2024-11-21 04:00:00,3081.99,3143.64,3080.5,3137.02,131761.453
2024-11-21 08:00:00,3137.02,3155.0,3118.37,3147.75,92439.1127
2024-11-21 12:00:00,3147.74,3372.6,3146.2,3277.03,446253.975
2024-11-21 16:00:00,3277.03,3386.73,3277.03,3347.0,144698.7196
2024-11-21 20:00:00,3347.0,3378.68,3333.54,3355.81,71414.5836
2024-11-22 00:00:00,3355.88,3380.68,3304.39,3365.8,93006.5467
2024-11-22 04:00:00,3365.8,3425.92,3355.0,3362.66,107237.9651
2024-11-22 08:00:00,3362.65,3383.84,3311.68,3344.75,91214.4542
2024-11-22 12:00:00,3344.76,3357.18,3257.54,3314.15,174597.7487
2024-11-22 16:00:00,3314.15,3321.14,3264.84,3282.4,81246.6096
2024-11-22 20:00:00,3282.39,3330.0,3273.2,3327.78,55970.385
2024-11-23 00:00:00,3327.78,3364.98,3312.72,3345.51,105265.7506
2024-11-23 04:00:00,3345.51,3361.71,3326.89,3341.34,67445.3359
2024-11-23 08:00:00,3341.34,3402.98,3335.16,3354.65,105279.0199
2024-11-23 12:00:00,3354.65,3497.51,3349.68,3460.33,229525.4046
2024-11-23 16:00:00,3460.34,3470.22,3377.0,3407.83,150136.8855
2024-11-23 20:00:00,3407.82,3427.73,3379.2,3393.91,63371.6044
2024-11-24 00:00:00,3393.91,3450.0,3389.03,3427.0,62941.932
2024-11-24 04:00:00,3427.0,3431.99,3398.12,3422.51,50148.6763
2024-11-24 08:00:00,3422.51,3428.35,3339.11,3344.22,99770.3421
2024-11-24 12:00:00,3344.22,3357.32,3281.4,3294.39,147537.1334
2024-11-24 16:00:00,3294.39,3334.19,3287.19,3326.63,63212.5803
2024-11-24 20:00:00,3326.64,3372.22,3321.51,3361.2,55487.428
2024-11-25 00:00:00,3361.21,3370.4,3300.01,3362.44,66165.1278
2024-11-25 04:00:00,3362.44,3419.81,3361.21,3399.41,63216.584
2024-11-25 08:00:00,3399.4,3527.0,3396.6,3471.84,169761.3244
2024-11-25 12:00:00,3471.84,3537.98,3348.72,3518.41,289654.5296
2024-11-25 16:00:00,3518.41,3546.66,3423.47,3464.0,190751.0262
2024-11-25 20:00:00,3464.01,3505.45,3363.62,3414.49,169781.778
2024-11-26 00:00:00,3414.49,3462.49,3395.84,3434.61,99053.4641
2024-11-26 04:00:00,3434.62,3442.72,3382.35,3394.8,72621.4969
2024-11-26 08:00:00,3394.8,3397.33,3280.1,3323.01,159770.0173
2024-11-26 12:00:00,3323.02,3362.5,3290.35,3296.32,131513.0508
2024-11-26 16:00:00,3296.33,3338.0,3252.0,3300.61,139329.9409
2024-11-26 20:00:00,3300.61,3344.31,3286.89,3324.73,70079.1803
2024-11-27 00:00:00,3324.74,3372.5,3302.4,3361.03,86102.9925
2024-11-27 04:00:00,3361.02,3445.73,3359.32,3424.11,124111.9204
2024-11-27 08:00:00,3424.12,3485.5,3402.43,3460.43,97680.7587
2024-11-27 12:00:00,3460.43,3573.17,3441.31,3552.79,192046.4261
2024-11-27 16:00:00,3552.79,3611.8,3533.83,3589.6,130252.9591
2024-11-27 20:00:00,3589.6,3684.92,3588.0,3653.28,124378.5917
2024-11-28 00:00:00,3653.27,3661.92,3564.75,3598.8,102778.5796
2024-11-28 04:00:00,3598.81,3618.4,3566.91,3592.4,81553.1306
2024-11-28 08:00:00,3592.4,3638.39,3574.23,3620.51,93409.4729
2024-11-28 12:00:00,3620.51,3642.19,3536.95,3541.78,146763.2328
2024-11-28 16:00:00,3541.78,3584.87,3529.76,3575.05,76570.5621
2024-11-28 20:00:00,3575.05,3599.2,3547.86,3578.79,59901.447
2024-11-29 00:00:00,3578.8,3602.85,3550.07,3583.82,65033.1438
2024-11-29 04:00:00,3583.82,3595.7,3534.28,3544.49,76024.4905
2024-11-29 08:00:00,3544.5,3599.66,3544.49,3594.74,55500.5568
2024-11-29 12:00:00,3594.75,3647.98,3574.0,3613.95,114108.1335
2024-11-29 16:00:00,3613.95,3620.08,3559.24,3582.79,76494.6217
2024-11-29 20:00:00,3582.78,3604.0,3575.56,3592.21,38332.2986
2024-11-30 00:00:00,3592.22,3661.0,3568.4,3657.12,92179.3342
2024-11-30 04:00:00,3657.12,3726.71,3635.42,3703.07,128826.8554
2024-11-30 08:00:00,3703.06,3718.0,3631.23,3653.69,76964.0164
2024-11-30 12:00:00,3653.68,3685.33,3651.38,3674.0,77209.8515
2024-11-30 16:00:00,3674.0,3696.78,3656.23,3689.56,61494.3031
2024-11-30 20:00:00,3689.56,3738.98,3686.58,3703.6,67010.3879
2024-12-01 00:00:00,3703.59,3732.34,3659.2,3707.0,92779.5957
2024-12-01 04:00:00,3707.0,3716.96,3682.0,3702.31,40551.5198
2024-12-01 08:00:00,3702.32,3717.0,3675.47,3692.42,61458.2739
2024-12-01 12:00:00,3692.43,3746.8,3678.61,3728.59,99717.2507
2024-12-01 16:00:00,3728.59,3744.11,3693.02,3707.96,66222.5075
2024-12-01 20:00:00,3707.95,3734.26,3679.0,3707.61,68360.1157
2024-12-02 00:00:00,3707.61,3760.0,3674.6,3685.01,114620.6485
2024-12-02 04:00:00,3685.0,3709.59,3650.0,3666.88,121775.4381
2024-12-02 08:00:00,3666.88,3672.47,3569.58,3588.99,202704.961
2024-12-02 12:00:00,3588.99,3680.37,3582.6,3672.13,109512.8056
2024-12-02 16:00:00,3672.13,3682.01,3554.32,3612.17,137683.3569
2024-12-02 20:00:00,3612.17,3644.44,3598.5,3643.42,50833.3589
2024-12-03 00:00:00,3643.43,3658.16,3607.8,3639.75,86733.4244
2024-12-03 04:00:00,3639.75,3670.0,3600.0,3616.85,73048.7319
2024-12-03 08:00:00,3616.85,3635.14,3585.0,3613.81,121073.7629
2024-12-03 12:00:00,3613.81,3617.64,3500.0,3571.79,229013.2962
2024-12-03 16:00:00,3571.8,3594.4,3538.55,3577.34,90514.4017
2024-12-03 20:00:00,3577.34,3634.81,3575.2,3614.51,78016.5861
2024-12-04 00:00:00,3614.51,3707.57,3614.51,3661.8,172948.5304
2024-12-04 04:00:00,3661.79,3721.73,3659.55,3714.99,78886.7891
2024-12-04 08:00:00,3715.0,3751.44,3696.42,3729.09,139644.0469
2024-12-04 12:00:00,3729.09,3853.38,3690.0,3821.0,242264.7224
2024-12-04 16:00:00,3820.99,3844.65,3732.98,3841.15,190852.24
2024-12-04 20:00:00,3841.15,3887.24,3822.5,3837.8,144147.7111
2024-12-05 00:00:00,3837.8,3905.0,3765.71,3832.66,218327.0792
2024-12-05 04:00:00,3832.67,3880.2,3818.61,3850.98,110887.4677
2024-12-05 08:00:00,3850.98,3943.28,3850.75,3930.98,138309.1401
2024-12-05 12:00:00,3930.98,3956.0,3861.0,3888.0,153003.626
2024-12-05 16:00:00,3888.0,3926.33,3820.01,3830.81,120866.8673
2024-12-05 20:00:00,3830.8,3862.23,3677.0,3785.2,205099.0957
2024-12-06 00:00:00,3785.21,3914.0,3777.26,3907.01,113127.0334
2024-12-06 04:00:00,3907.01,3929.0,3874.5,3893.75,80798.7601
2024-12-06 08:00:00,3893.74,3910.45,3845.3,3867.02,92340.5447
2024-12-06 12:00:00,3867.01,4041.0,3831.9,3993.02,286698.8778
2024-12-06 16:00:00,3993.01,4073.86,3980.11,4067.62,137627.0476
2024-12-06 20:00:00,4067.61,4087.73,3990.03,3998.87,93262.851
2024-12-07 00:00:00,3998.87,4024.46,3970.0,3986.87,65288.4745
2024-12-07 04:00:00,3986.87,4003.16,3968.0,3985.87,44458.0473
2024-12-07 08:00:00,3985.87,4009.0,3973.51,3998.3,44383.4721
2024-12-07 12:00:00,3998.29,4008.46,3976.2,4004.71,48658.8373
2024-12-07 16:00:00,4004.72,4020.43,3986.0,4012.19,46291.4199
2024-12-07 20:00:00,4012.2,4024.01,3993.02,3996.22,34839.7689
2024-12-08 00:00:00,3996.22,4008.99,3985.47,3989.28,27302.2303
2024-12-08 04:00:00,3989.28,3995.85,3958.87,3980.6,37262.434
2024-12-08 08:00:00,3980.6,3981.79,3923.5,3971.84,55860.2743
2024-12-08 12:00:00,3971.85,4003.4,3956.16,3990.79,60123.2278
2024-12-08 16:00:00,3990.79,3999.89,3964.4,3989.99,35630.8291
2024-12-08 20:00:00,3989.99,4015.58,3975.4,4004.15,35183.173
2024-12-09 00:00:00,4004.15,4006.17,3905.21,3929.37,74905.7169
2024-12-09 04:00:00,3929.37,3948.91,3880.44,3918.44,75191.7029
2024-12-09 08:00:00,3918.44,3920.0,3841.24,3850.88,95335.7358
2024-12-09 12:00:00,3850.88,3946.0,3804.32,3824.0,164012.5757
2024-12-09 16:00:00,3824.0,3866.35,3786.87,3795.78,108473.7508
2024-12-09 20:00:00,3795.77,3804.19,3509.0,3712.0,421722.718
2024-12-10 00:00:00,3712.0,3780.76,3615.11,3682.4,201647.552
2024-12-10 04:00:00,3682.39,3743.65,3638.0,3734.55,95140.8254
2024-12-10 08:00:00,3734.54,3773.39,3713.56,3750.11,66469.389
2024-12-10 12:00:00,3750.1,3754.5,3555.41,3567.75,260032.2239
2024-12-10 16:00:00,3567.76,3634.92,3515.89,3628.82,238385.3346
2024-12-10 20:00:00,3628.81,3673.2,3613.3,3628.25,80530.7088
2024-12-11 00:00:00,3628.24,3668.96,3562.34,3665.23,83678.45
2024-12-11 04:00:00,3665.23,3681.81,3646.0,3652.58,47088.7098
2024-12-11 08:00:00,3652.58,3728.0,3651.23,3716.84,62134.3791
2024-12-11 12:00:00,3716.84,3821.0,3709.17,3787.34,131816.234
2024-12-11 16:00:00,3787.34,3814.2,3753.5,3803.91,83844.0606
2024-12-11 20:00:00,3803.91,3848.64,3803.0,3831.81,53256.9466
2024-12-12 00:00:00,3831.82,3947.81,3796.8,3935.0,96992.9744
2024-12-12 04:00:00,3935.0,3945.67,3894.09,3905.4,75641.5407
2024-12-12 08:00:00,3905.4,3937.99,3891.32,3913.38,60232.5799
2024-12-12 12:00:00,3913.38,3987.41,3913.38,3957.67,161318.0936
2024-12-12 16:00:00,3957.77,3985.56,3853.83,3871.14,109750.4709
2024-12-12 20:00:00,3871.13,3902.04,3836.07,3881.61,68162.9748
2024-12-13 00:00:00,3881.6,3941.19,3852.94,3932.83,64542.0267
2024-12-13 04:00:00,3932.83,3936.26,3871.0,3885.64,51976.2093
2024-12-13 08:00:00,3885.64,3923.66,3872.2,3901.5,54233.1081
2024-12-13 12:00:00,3901.5,3968.47,3879.0,3886.21,107263.9583
2024-12-13 16:00:00,3886.2,3946.37,3880.07,3917.98,66342.3222
2024-12-13 20:00:00,3917.99,3936.0,3891.0,3906.8,43408.0627
2024-12-14 00:00:00,3906.8,3945.0,3895.67,3910.83,48077.2434
2024-12-14 04:00:00,3910.83,3935.71,3906.26,3920.76,23290.7886
2024-12-14 08:00:00,3920.75,3931.38,3886.2,3894.53,32599.3234
2024-12-14 12:00:00,3894.53,3898.8,3846.3,3889.01,59099.8968
2024-12-14 16:00:00,3889.0,3898.23,3827.0,3859.11,65864.5831
2024-12-14 20:00:00,3859.11,3876.87,3825.03,3870.29,36607.1126
2024-12-15 00:00:00,3870.3,3895.53,3856.02,3874.48,24783.839
2024-12-15 04:00:00,3874.49,3911.5,3831.5,3845.2,38056.0576
2024-12-15 08:00:00,3845.19,3879.01,3837.21,3877.61,25590.3833
2024-12-15 12:00:00,3877.61,3910.33,3867.99,3894.76,44614.4511
2024-12-15 16:00:00,3894.76,3919.6,3886.4,3904.09,31811.6421
2024-12-15 20:00:00,3904.09,3974.61,3844.4,3959.09,88976.841
2024-12-16 00:00:00,3959.09,4025.18,3928.88,3942.6,144630.7421
2024-12-16 04:00:00,3942.6,3983.0,3935.23,3974.01,43808.388
2024-12-16 08:00:00,3974.0,3975.91,3902.39,3909.67,63910.2867
2024-12-16 12:00:00,3909.68,3960.0,3884.0,3941.21,122284.2247
2024-12-16 16:00:00,3941.21,4107.8,3939.4,4056.88,220282.2717
2024-12-16 20:00:00,4056.89,4071.99,3980.0,3986.24,78435.1591
2024-12-17 00:00:00,3986.24,4041.82,3943.0,4035.01,73034.8936
2024-12-17 04:00:00,4035.01,4035.02,3982.77,3994.24,49961.2435
2024-12-17 08:00:00,3994.23,4031.38,3990.0,3997.14,51842.525
2024-12-17 12:00:00,3997.15,4025.6,3916.57,3939.18,118990.8486
2024-12-17 16:00:00,3939.19,3984.46,3917.2,3943.99,71693.5838
2024-12-17 20:00:00,3944.0,3952.0,3847.96,3893.01,85302.8916
2024-12-18 00:00:00,3893.01,3903.2,3834.66,3849.81,80564.7394
2024-12-18 04:00:00,3849.8,3861.7,3803.63,3847.33,83904.9284
2024-12-18 08:00:00,3847.33,3887.32,3841.6,3882.65,44754.8074
2024-12-18 12:00:00,3882.66,3891.09,3825.0,3867.98,85350.9141
2024-12-18 16:00:00,3867.99,3907.19,3770.0,3770.29,120106.5226
2024-12-18 20:00:00,3770.3,3786.23,3617.42,3626.8,307823.1499
2024-12-19 00:00:00,3626.8,3673.82,3542.22,3668.9,199888.1171
2024-12-19 04:00:00,3668.9,3699.58,3653.0,3693.79,62129.1335
2024-12-19 08:00:00,3693.79,3720.0,3664.28,3705.62,58298.6588
2024-12-19 12:00:00,3705.62,3710.2,3572.73,3613.92,138220.2184
2024-12-19 16:00:00,3613.92,3637.1,3376.2,3439.44,392538.6357
2024-12-19 20:00:00,3439.45,3465.11,3326.8,3417.01,227078.7216
2024-12-20 00:00:00,3417.01,3465.6,3370.47,3413.87,147018.6408
2024-12-20 04:00:00,3413.85,3431.16,3328.44,3390.48,145836.4031
2024-12-20 08:00:00,3390.48,3390.79,3103.0,3104.56,458522.5239
2024-12-20 12:00:00,3104.68,3396.4,3101.9,3374.61,335474.3132
2024-12-20 16:00:00,3374.62,3497.84,3366.68,3479.35,160666.9785
2024-12-20 20:00:00,3479.36,3489.99,3393.09,3472.21,85264.8715
2024-12-21 00:00:00,3472.2,3489.96,3445.35,3467.64,54575.1862
2024-12-21 04:00:00,3467.64,3555.18,3460.8,3523.46,85515.9214
2024-12-21 08:00:00,3523.45,3527.49,3423.91,3442.23,71843.6301
2024-12-21 12:00:00,3442.23,3444.24,3347.0,3390.4,121858.0815
2024-12-21 16:00:00,3390.4,3401.33,3326.59,3359.89,79490.6857
2024-12-21 20:00:00,3359.89,3388.88,3293.11,3338.92,61992.3151
2024-12-22 00:00:00,3338.92,3374.48,3318.71,3356.38,46613.1262
2024-12-22 04:00:00,3356.38,3361.75,3295.07,3332.4,40581.5308
2024-12-22 08:00:00,3332.5,3403.0,3331.19,3381.03,44270.8729
2024-12-22 12:00:00,3381.03,3397.88,3275.0,3302.38,86429.5165
2024-12-22 16:00:00,3302.38,3338.65,3238.0,3247.14,75577.8841
2024-12-22 20:00:00,3247.14,3310.93,3221.1,3281.83,68447.319
2024-12-23 00:00:00,3281.83,3357.03,3216.97,3351.0,92072.9227
2024-12-23 04:00:00,3351.0,3363.12,3260.48,3305.2,59489.045
2024-12-23 08:00:00,3305.2,3355.54,3293.5,3339.54,54542.9983
2024-12-23 12:00:00,3339.51,3361.78,3269.35,3277.2,99124.7485
2024-12-23 16:00:00,3277.19,3384.6,3270.91,3338.21,97640.678
2024-12-23 20:00:00,3338.21,3466.99,3329.66,3422.53,85383.0175
2024-12-24 00:00:00,3422.53,3426.4,3358.19,3396.94,52061.6979
2024-12-24 04:00:00,3396.95,3434.97,3385.02,3401.22,37688.0563
2024-12-24 08:00:00,3401.22,3416.65,3385.98,3414.56,34709.9812
2024-12-24 12:00:00,3414.56,3510.0,3395.59,3493.07,84727.1401
2024-12-24 16:00:00,3493.07,3539.65,3465.02,3465.52,68642.133
2024-12-24 20:00:00,3465.51,3505.0,3431.99,3493.18,37894.6678
2024-12-25 00:00:00,3493.17,3495.97,3458.0,3478.23,37452.4891
2024-12-25 04:00:00,3478.23,3509.68,3469.61,3489.22,23470.0573
2024-12-25 08:00:00,3489.21,3547.95,3465.43,3471.04,56689.0785
2024-12-25 12:00:00,3471.04,3501.05,3457.7,3472.99,43263.8038
2024-12-25 16:00:00,3473.0,3488.55,3440.93,3481.21,30283.1034
2024-12-25 20:00:00,3481.21,3500.0,3449.64,3497.0,28687.5131
2024-12-26 00:00:00,3497.0,3514.94,3450.45,3455.71,39490.1081
2024-12-26 04:00:00,3455.71,3455.71,3417.95,3422.0,37010.8253
2024-12-26 08:00:00,3422.0,3426.0,3346.87,3373.28,75705.1585
2024-12-26 12:00:00,3373.28,3374.0,3328.21,3344.13,52846.6299
2024-12-26 16:00:00,3344.14,3365.01,3313.5,3339.75,51011.9069
2024-12-26 20:00:00,3339.74,3350.0,3304.63,3335.05,54105.5432
2024-12-27 00:00:00,3335.04,3388.57,3317.27,3379.4,45630.5975
2024-12-27 04:00:00,3379.4,3398.79,3317.25,3326.02,51589.392
2024-12-27 08:00:00,3326.01,3444.16,3325.68,3419.27,84740.616
2024-12-27 12:00:00,3419.27,3423.0,3307.83,3326.32,76485.302
2024-12-27 16:00:00,3326.32,3366.62,3306.6,3355.0,51582.1218
2024-12-27 20:00:00,3354.99,3355.54,3310.0,3333.51,32501.5745
2024-12-28 00:00:00,3333.51,3353.09,3322.23,3345.51,26238.7528
2024-12-28 04:00:00,3345.51,3361.14,3332.71,3335.53,23967.6455
2024-12-28 08:00:00,3335.53,3363.53,3333.0,3359.23,26959.5805
2024-12-28 12:00:00,3359.23,3396.0,3351.02,3368.38,41263.3733
2024-12-28 16:00:00,3368.39,3413.0,3365.61,3400.87,33164.8093
2024-12-28 20:00:00,3400.87,3428.68,3389.71,3404.0,24369.4516
2024-12-29 00:00:00,3404.01,3406.6,3375.62,3382.98,20759.3469
2024-12-29 04:00:00,3382.98,3407.99,3380.0,3407.61,15629.5688
2024-12-29 08:00:00,3407.6,3413.78,3390.0,3398.36,21613.8119
2024-12-29 12:00:00,3398.37,3410.92,3354.68,3373.82,35645.2469
2024-12-29 16:00:00,3373.82,3376.21,3345.9,3362.6,25174.7717
2024-12-29 20:00:00,3362.59,3368.35,3326.17,3356.48,37434.1357
2024-12-30 00:00:00,3356.48,3437.59,3347.77,3403.76,63632.2232
2024-12-30 04:00:00,3403.75,3432.65,3388.6,3427.0,49424.5964
2024-12-30 08:00:00,3427.01,3434.35,3395.05,3424.13,41773.7823
2024-12-30 12:00:00,3424.12,3430.2,3305.0,3324.16,104004.1696
2024-12-30 16:00:00,3324.16,3408.56,3317.5,3401.93,73974.9031
2024-12-30 20:00:00,3401.93,3419.0,3308.87,3361.84,87984.973
2024-12-31 00:00:00,3361.83,3365.04,3315.59,3340.18,41362.5257
2024-12-31 04:00:00,3340.19,3363.42,3328.77,3353.64,24854.5842
2024-12-31 08:00:00,3353.64,3410.0,3352.79,3394.73,44537.3245
2024-12-31 12:00:00,3394.74,3451.0,3393.12,3412.85,95324.0163
2024-12-31 16:00:00,3412.86,3416.35,3330.0,3355.38,65968.4251
2024-12-31 20:00:00,3355.37,3364.64,3328.47,3337.78,31006.2927
2025-01-01 00:00:00,3337.78,3368.42,3335.84,3355.2,27833.8566
2025-01-01 04:00:00,3355.2,3356.61,3336.88,3347.12,20068.2829
2025-01-01 08:00:00,3347.11,3348.84,3313.88,3341.0,39620.2004
2025-01-01 12:00:00,3341.01,3359.37,3328.2,3352.93,30899.7402
2025-01-01 16:00:00,3352.93,3364.14,3323.03,3356.55,35964.8595
2025-01-01 20:00:00,3356.56,3374.85,3352.0,3360.38,35851.6465
2025-01-02 00:00:00,3360.39,3405.6,3354.5,3388.55,52198.498
2025-01-02 04:00:00,3388.54,3427.54,3388.0,3420.05,45379.1947
2025-01-02 08:00:00,3420.06,3476.0,3414.21,3471.18,51457.6321
2025-01-02 12:00:00,3471.18,3509.99,3440.38,3463.51,100117.958
2025-01-02 16:00:00,3463.52,3491.19,3428.99,3463.18,59125.0848
2025-01-02 20:00:00,3463.18,3475.28,3421.79,3455.67,30354.5198
2025-01-03 00:00:00,3455.68,3477.03,3442.62,3470.16,30377.2819
2025-01-03 04:00:00,3470.17,3470.94,3432.44,3433.27,26434.7355
2025-01-03 08:00:00,3433.27,3468.01,3423.44,3465.62,33237.3195
2025-01-03 12:00:00,3465.61,3576.0,3461.26,3565.13,113597.4343
2025-01-03 16:00:00,3565.14,3630.0,3565.14,3622.83,91647.7522
2025-01-03 20:00:00,3622.82,3624.38,3595.0,3609.01,38746.537
2025-01-04 00:00:00,3609.0,3620.86,3579.92,3597.97,32059.5521
2025-01-04 04:00:00,3597.98,3609.81,3584.16,3594.04,29387.4649
2025-01-04 08:00:00,3594.05,3605.57,3572.42,3602.01,26671.4
2025-01-04 12:00:00,3602.01,3663.25,3592.06,3607.81,74947.1675
2025-01-04 16:00:00,3607.81,3644.54,3601.62,3631.14,31618.7517
2025-01-04 20:00:00,3631.13,3671.6,3631.13,3656.88,34581.9771
2025-01-05 00:00:00,3656.88,3675.25,3629.66,3637.79,23170.7894
2025-01-05 04:00:00,3637.79,3650.44,3629.0,3631.56,14533.8551
2025-01-05 08:00:00,3631.55,3633.29,3603.33,3613.47,29089.6373
2025-01-05 12:00:00,3613.46,3638.77,3593.7,3629.6,38066.8557
2025-01-05 16:00:00,3629.6,3648.11,3613.04,3637.78,27732.354
2025-01-05 20:00:00,3637.78,3656.88,3629.5,3635.99,22850.6826
2025-01-06 00:00:00,3636.0,3684.03,3610.63,3664.92,50315.5662
2025-01-06 04:00:00,3664.92,3698.04,3642.6,3650.75,44005.3678
2025-01-06 08:00:00,3650.75,3662.73,3633.0,3654.52,35871.6086
2025-01-06 12:00:00,3654.51,3714.49,3622.1,3714.45,97690.5245
2025-01-06 16:00:00,3714.45,3744.83,3655.55,3687.44,72164.6711
2025-01-06 20:00:00,3687.44,3703.38,3666.37,3687.45,29594.6266
2025-01-07 00:00:00,3687.44,3700.86,3663.0,3682.25,27692.0794
2025-01-07 04:00:00,3682.25,3685.92,3659.0,3667.77,20773.8207
2025-01-07 08:00:00,3667.78,3679.27,3625.55,3639.27,38116.8609
2025-01-07 12:00:00,3639.28,3645.95,3413.81,3462.64,237757.3537
2025-01-07 16:00:00,3462.65,3491.7,3372.71,3385.67,137249.7913
2025-01-07 20:00:00,3385.68,3414.04,3356.31,3381.31,79953.3814
2025-01-08 00:00:00,3381.31,3415.1,3343.22,3360.31,72032.314
2025-01-08 04:00:00,3360.31,3373.14,3306.41,3354.59,96871.4444
2025-01-08 08:00:00,3354.59,3376.85,3323.0,3349.79,56107.3562
2025-01-08 12:00:00,3349.78,3386.36,3332.55,3346.73,110465.553
2025-01-08 16:00:00,3346.72,3347.68,3208.2,3280.68,202602.4597
2025-01-08 20:00:00,3280.68,3334.8,3266.08,3327.29,46670.8354
2025-01-09 00:00:00,3327.29,3357.27,3306.5,3324.74,52228.5161
2025-01-09 04:00:00,3324.71,3343.36,3281.96,3288.71,48878.5653
2025-01-09 08:00:00,3288.71,3327.75,3265.77,3301.41,68409.9459
2025-01-09 12:00:00,3301.41,3337.0,3210.28,3320.58,129495.9017
2025-01-09 16:00:00,3320.57,3327.91,3190.82,3195.63,101321.1919
2025-01-09 20:00:00,3195.63,3239.59,3158.0,3219.2,101484.3038
2025-01-10 00:00:00,3219.2,3260.47,3213.74,3254.37,38726.2671
2025-01-10 04:00:00,3254.36,3313.65,3242.4,3296.29,54266.7097
2025-01-10 08:00:00,3296.29,3321.25,3288.12,3311.65,58339.9484
2025-01-10 12:00:00,3311.64,3317.03,3193.97,3245.14,188771.5903
2025-01-10 16:00:00,3245.15,3322.49,3232.2,3295.66,87802.2684
2025-01-10 20:00:00,3295.65,3295.65,3256.9,3267.04,26235.3494
2025-01-11 00:00:00,3267.05,3270.0,3231.83,3236.8,23585.0737
2025-01-11 04:00:00,3236.8,3251.13,3222.73,3235.72,22043.9098
2025-01-11 08:00:00,3235.72,3280.5,3217.56,3273.81,33928.1666
2025-01-11 12:00:00,3273.81,3282.94,3258.3,3271.33,22576.1658
2025-01-11 16:00:00,3271.33,3283.54,3259.06,3278.45,20674.0187
2025-01-11 20:00:00,3278.46,3320.18,3275.84,3282.83,28872.4141
2025-01-12 00:00:00,3282.83,3290.91,3274.12,3286.0,16338.3838
2025-01-12 04:00:00,3286.0,3289.41,3263.49,3266.87,17101.3936
2025-01-12 08:00:00,3266.87,3271.36,3224.49,3253.02,30127.3285
2025-01-12 12:00:00,3253.03,3296.14,3247.89,3285.68,45904.0573
2025-01-12 16:00:00,3285.68,3300.0,3268.66,3280.12,25565.4361
2025-01-12 20:00:00,3280.11,3289.31,3234.38,3267.3,29843.3716
2025-01-13 00:00:00,3267.3,3339.0,3235.69,3242.72,74893.5146
2025-01-13 04:00:00,3242.73,3260.49,3181.3,3201.66,60066.4461
2025-01-13 08:00:00,3201.66,3205.9,3055.88,3057.16,168149.8731
2025-01-13 12:00:00,3057.15,3091.38,2920.0,3049.0,307651.5684
2025-01-13 16:00:00,3049.01,3060.51,2986.4,3025.07,133843.8405
2025-01-13 20:00:00,3025.06,3143.2,3011.71,3137.51,101302.3242
2025-01-14 00:00:00,3137.51,3175.51,3125.65,3158.87,49686.9686
2025-01-14 04:00:00,3158.87,3190.07,3158.18,3171.53,34578.9351
2025-01-14 08:00:00,3171.53,3256.67,3169.41,3217.62,81942.4905
2025-01-14 12:00:00,3217.61,3233.27,3178.11,3199.45,120884.5335
2025-01-14 16:00:00,3199.45,3235.99,3172.12,3214.38,56930.5399
2025-01-14 20:00:00,3214.37,3240.69,3194.86,3225.63,30284.9841
2025-01-15 00:00:00,3225.63,3245.77,3205.17,3240.79,53847.0282
2025-01-15 04:00:00,3240.8,3252.35,3215.73,3233.3,36021.9932
2025-01-15 08:00:00,3233.3,3248.55,3186.36,3199.6,41139.0192
2025-01-15 12:00:00,3199.61,3353.82,3186.73,3334.47,167086.5433
2025-01-15 16:00:00,3334.47,3442.59,3323.91,3434.99,92241.8869
2025-01-15 20:00:00,3434.99,3473.75,3418.4,3451.52,73851.5632
2025-01-16 00:00:00,3451.51,3460.79,3346.0,3363.38,80015.6264
2025-01-16 04:00:00,3363.38,3391.5,3362.0,3384.3,35612.5086
2025-01-16 08:00:00,3384.3,3385.84,3300.21,3351.27,81969.0716
2025-01-16 12:00:00,3351.26,3365.16,3265.44,3333.04,143419.3038
2025-01-16 16:00:00,3333.02,3365.95,3310.47,3344.81,66607.9866
2025-01-16 20:00:00,3344.81,3354.01,3269.0,3308.05,63658.1817
2025-01-17 00:00:00,3308.04,3397.66,3307.5,3361.01,97199.4285
2025-01-17 04:00:00,3361.01,3389.11,3347.79,3373.14,51957.9518
2025-01-17 08:00:00,3373.14,3439.0,3372.52,3423.24,70486.3322
2025-01-17 12:00:00,3423.25,3450.53,3395.14,3421.8,119276.6918
2025-01-17 16:00:00,3421.8,3448.5,3407.63,3432.11,69418.1971
2025-01-17 20:00:00,3432.1,3525.72,3425.9,3473.63,110211.5799
2025-01-18 00:00:00,3473.64,3494.39,3368.06,3384.07,72302.7289
2025-01-18 04:00:00,3384.08,3395.49,3281.09,3287.63,136100.3118
2025-01-18 08:00:00,3287.64,3324.1,3227.0,3311.62,153502.6355
2025-01-18 12:00:00,3311.63,3347.34,3274.17,3307.07,121126.2592
2025-01-18 16:00:00,3307.07,3316.62,3250.0,3290.2,102206.1472
2025-01-18 20:00:00,3290.21,3321.11,3258.37,3307.71,48959.0455
2025-01-19 00:00:00,3307.71,3378.11,3298.71,3335.47,85390.1548
2025-01-19 04:00:00,3335.47,3337.95,3259.9,3276.06,116181.1471
2025-01-19 08:00:00,3276.06,3277.53,3130.48,3149.97,255482.6912
2025-01-19 12:00:00,3149.98,3426.05,3145.0,3383.68,366843.084
2025-01-19 16:00:00,3383.68,3448.99,3378.11,3418.92,133240.277
2025-01-19 20:00:00,3418.93,3431.82,3156.7,3215.12,385164.1676
2025-01-20 00:00:00,3215.2,3280.75,3142.78,3272.34,274130.007
2025-01-20 04:00:00,3272.3,3453.69,3250.66,3382.59,232466.8507
2025-01-20 08:00:00,3382.58,3413.3,3334.32,3375.43,131468.8606
2025-01-20 12:00:00,3375.42,3379.94,3257.2,3335.9,167094.9543
2025-01-20 16:00:00,3335.91,3390.68,3205.42,3343.5,286337.6826
2025-01-20 20:00:00,3343.49,3344.5,3255.92,3284.0,66856.4262
2025-01-21 00:00:00,3283.99,3289.85,3204.6,3262.6,133473.3547
2025-01-21 04:00:00,3262.6,3266.24,3213.03,3254.7,71362.1643
2025-01-21 08:00:00,3254.7,3314.0,3234.48,3305.07,82511.5762
2025-01-21 12:00:00,3305.07,3335.44,3265.11,3295.1,121235.0686
2025-01-21 16:00:00,3295.1,3368.0,3290.5,3332.16,92024.6512
2025-01-21 20:00:00,3332.16,3347.12,3302.03,3327.54,48099.2363
2025-01-22 00:00:00,3327.55,3365.99,3321.31,3330.98,60248.4497
2025-01-22 04:00:00,3330.98,3339.59,3287.0,3288.07,50588.4786
2025-01-22 08:00:00,3288.08,3329.99,3273.83,3326.55,52580.187
2025-01-22 12:00:00,3326.55,3332.7,3267.17,3278.39,77812.8324
2025-01-22 16:00:00,3278.39,3291.3,3239.4,3261.99,61571.1565
2025-01-22 20:00:00,3262.0,3276.6,3222.85,3242.6,46439.6456
2025-01-23 00:00:00,3242.61,3261.34,3204.18,3226.92,66638.8818
2025-01-23 04:00:00,3227.0,3234.0,3185.0,3233.48,55874.4651
2025-01-23 08:00:00,3233.48,3233.65,3188.89,3213.08,54314.7039
2025-01-23 12:00:00,3213.08,3286.72,3189.69,3259.33,162299.7618
2025-01-23 16:00:00,3259.33,3297.49,3195.0,3204.98,86129.1778
2025-01-23 20:00:00,3204.98,3347.97,3196.25,3338.21,180335.7321
2025-01-24 00:00:00,3338.22,3349.6,3275.9,3302.26,79820.4869
2025-01-24 04:00:00,3302.26,3421.0,3292.23,3380.8,111035.1083
2025-01-24 08:00:00,3380.79,3416.5,3374.68,3399.22,57084.8198
2025-01-24 12:00:00,3399.21,3428.0,3355.67,3383.69,82277.9441
2025-01-24 16:00:00,3383.64,3409.4,3365.0,3368.7,54874.6628
2025-01-24 20:00:00,3368.7,3378.79,3304.11,3310.09,66431.2533
2025-01-25 00:00:00,3310.1,3325.0,3268.66,3319.44,56579.5625
2025-01-25 04:00:00,3319.43,3319.7,3283.57,3291.53,32529.0183
2025-01-25 08:00:00,3291.52,3311.5,3272.09,3306.91,26453.7694
2025-01-25 12:00:00,3306.91,3345.0,3294.24,3334.62,37205.69
2025-01-25 16:00:00,3334.62,3349.58,3330.63,3340.3,30687.7471
2025-01-25 20:00:00,3340.29,3350.68,3314.87,3318.77,25103.2542
2025-01-26 00:00:00,3318.76,3350.0,3313.9,3338.94,30620.8049
2025-01-26 04:00:00,3338.95,3362.0,3330.3,3338.56,31975.7408
2025-01-26 08:00:00,3338.57,3343.45,3292.82,3312.3,37739.2642
2025-01-26 12:00:00,3312.3,3320.68,3297.47,3315.31,35395.7128
2025-01-26 16:00:00,3315.31,3344.88,3307.96,3338.74,32638.251
2025-01-26 20:00:00,3338.73,3342.34,3230.0,3232.61,103795.6953
2025-01-27 00:00:00,3232.61,3253.91,3160.71,3183.6,143752.4038
2025-01-27 04:00:00,3183.6,3183.6,3020.01,3070.8,190988.3997
2025-01-27 08:00:00,3070.8,3090.77,3034.48,3058.94,113419.5103
2025-01-27 12:00:00,3058.94,3152.0,3053.67,3133.4,130642.8831
2025-01-27 16:00:00,3133.39,3133.39,3046.68,3075.93,91816.9296
2025-01-27 20:00:00,3075.93,3239.0,3073.13,3182.44,82384.6264
2025-01-28 00:00:00,3182.44,3218.39,3151.62,3203.15,59730.3964
2025-01-28 04:00:00,3203.15,3223.01,3188.8,3196.22,36876.4693
2025-01-28 08:00:00,3196.22,3208.0,3177.1,3186.74,29927.795
2025-01-28 12:00:00,3186.75,3214.38,3156.86,3181.36,56108.5561
2025-01-28 16:00:00,3181.37,3182.98,3120.36,3147.31,70607.8468
2025-01-28 20:00:00,3147.31,3155.37,3040.03,3077.72,97708.6537
2025-01-29 00:00:00,3077.72,3132.69,3076.31,3130.43,38565.7576
2025-01-29 04:00:00,3130.43,3160.0,3117.01,3156.89,31716.9894
2025-01-29 08:00:00,3156.88,3164.11,3119.8,3135.13,31298.1473
2025-01-29 12:00:00,3135.13,3140.38,3080.57,3101.12,63257.2553
2025-01-29 16:00:00,3101.11,3153.22,3054.06,3126.5,138822.555
2025-01-29 20:00:00,3126.49,3182.52,3091.0,3113.9,106076.553
2025-01-30 00:00:00,3113.9,3202.58,3091.06,3201.5,59767.8767
2025-01-30 04:00:00,3201.5,3215.73,3178.76,3191.04,41271.2784
2025-01-30 08:00:00,3191.04,3229.82,3181.1,3222.71,43500.7294
2025-01-30 12:00:00,3222.71,3281.0,3209.24,3255.3,115188.9076
2025-01-30 16:00:00,3255.3,3283.43,3249.06,3271.61,48762.1455
2025-01-30 20:00:00,3271.6,3273.2,3228.68,3247.39,42148.5447
2025-01-31 00:00:00,3247.38,3279.5,3221.2,3230.65,44873.3589
2025-01-31 04:00:00,3230.65,3276.93,3213.8,3241.63,50490.3334
2025-01-31 08:00:00,3241.63,3338.55,3234.05,3335.16,93861.7646
2025-01-31 12:00:00,3335.16,3436.34,3325.3,3427.66,186786.6888
2025-01-31 16:00:00,3427.65,3437.31,3294.97,3339.08,183740.9869
2025-01-31 20:00:00,3339.07,3339.07,3278.5,3300.99,88928.5235
2025-02-01 00:00:00,3300.99,3331.98,3283.01,3291.97,45386.3486
2025-02-01 04:00:00,3291.97,3307.19,3273.44,3280.1,38200.5703
2025-02-01 08:00:00,3280.11,3286.31,3224.01,3252.16,61226.0725
2025-02-01 12:00:00,3252.17,3273.15,3228.93,3250.99,42293.9961
2025-02-01 16:00:00,3251.0,3267.24,3178.07,3197.08,60538.4039
2025-02-01 20:00:00,3197.09,3197.09,3101.7,3117.54,106419.8611
2025-02-02 00:00:00,3117.54,3163.2,3069.36,3077.97,89939.3891
2025-02-02 04:00:00,3077.98,3139.0,3075.0,3101.51,79243.3375
2025-02-02 08:00:00,3101.5,3124.13,3052.19,3064.86,74238.7842
2025-02-02 12:00:00,3064.87,3101.92,3050.64,3081.19,110373.1219
2025-02-02 16:00:00,3081.18,3082.02,2894.4,2958.9,371163.2332
2025-02-02 20:00:00,2958.91,2987.68,2750.71,2869.68,325848.0641
2025-02-03 00:00:00,2869.68,2872.75,2125.01,2527.12,1114056.6473
2025-02-03 04:00:00,2527.2,2632.8,2447.25,2622.35,360415.8333
2025-02-03 08:00:00,2622.35,2622.51,2526.16,2581.41,313992.2338
2025-02-03 12:00:00,2581.41,2728.0,2529.39,2700.72,480214.163
2025-02-03 16:00:00,2700.73,2770.26,2668.06,2764.23,264479.6094
2025-02-03 20:00:00,2764.21,2921.0,2695.61,2879.9,274820.5342
2025-02-04 00:00:00,2879.89,2888.5,2792.22,2811.0,138011.8718
2025-02-04 04:00:00,2810.99,2836.68,2663.21,2703.53,263950.4571
2025-02-04 08:00:00,2703.54,2789.44,2677.0,2757.99,136242.205
2025-02-04 12:00:00,2757.99,2846.3,2730.18,2777.18,248591.0339
2025-02-04 16:00:00,2777.18,2869.39,2765.26,2770.6,197618.1804
2025-02-04 20:00:00,2770.6,2794.05,2632.6,2731.19,275180.6437
2025-02-05 00:00:00,2731.19,2767.78,2699.13,2720.38,115470.3507
2025-02-05 04:00:00,2720.38,2788.0,2709.2,2759.31,83663.9379
2025-02-05 08:00:00,2759.3,2817.89,2746.85,2800.01,97829.6017
2025-02-05 12:00:00,2800.0,2826.95,2757.46,2773.46,145221.6591
2025-02-05 16:00:00,2773.45,2787.56,2715.27,2775.49,147455.2194
2025-02-05 20:00:00,2775.5,2803.0,2739.49,2788.25,96952.2741
2025-02-06 00:00:00,2788.25,2819.51,2755.69,2806.49,90491.0279
2025-02-06 04:00:00,2806.5,2856.21,2805.87,2831.32,72823.7821
2025-02-06 08:00:00,2831.33,2857.64,2793.05,2803.92,78819.9706
2025-02-06 12:00:00,2803.92,2807.77,2683.71,2705.57,201947.9866
2025-02-06 16:00:00,2705.57,2726.75,2672.03,2689.57,178796.1312
2025-02-06 20:00:00,2689.56,2725.6,2655.28,2686.64,96581.0587
2025-02-07 00:00:00,2686.63,2739.61,2679.79,2715.58,84594.2909
2025-02-07 04:00:00,2715.58,2731.0,2668.03,2713.07,73234.0939
2025-02-07 08:00:00,2713.06,2764.78,2705.56,2762.69,54688.6634
2025-02-07 12:00:00,2762.69,2797.5,2710.97,2721.73,186449.8092
2025-02-07 16:00:00,2721.74,2727.78,2655.8,2659.3,136563.808
2025-02-07 20:00:00,2659.3,2661.85,2562.51,2622.1,159936.6958
2025-02-08 00:00:00,2622.11,2667.3,2615.88,2641.66,92979.212
2025-02-08 04:00:00,2641.67,2648.99,2594.63,2629.61,82532.5459
2025-02-08 08:00:00,2629.61,2632.5,2601.4,2613.32,46191.8863
2025-02-08 12:00:00,2613.3,2636.9,2588.8,2605.24,64882.546
2025-02-08 16:00:00,2605.24,2649.9,2589.97,2637.89,64134.2209
2025-02-08 20:00:00,2637.89,2645.6,2623.78,2632.46,28964.7398
2025-02-09 00:00:00,2632.46,2698.9,2626.63,2678.54,57303.1101
2025-02-09 04:00:00,2678.53,2678.9,2649.29,2662.59,32616.6626
2025-02-09 08:00:00,2662.59,2673.38,2650.99,2654.78,36834.7682
2025-02-09 12:00:00,2654.8,2661.81,2611.78,2653.21,62701.1928
2025-02-09 16:00:00,2653.22,2666.38,2616.81,2623.89,38288.2364
2025-02-09 20:00:00,2623.89,2649.55,2520.02,2627.18,159422.821
2025-02-10 00:00:00,2627.18,2658.6,2559.85,2625.97,124085.1172
2025-02-10 04:00:00,2625.97,2660.0,2618.4,2637.03,50659.2011
2025-02-10 08:00:00,2637.02,2662.0,2634.84,2653.16,44469.5344
2025-02-10 12:00:00,2653.16,2684.55,2631.24,2658.22,79674.8175
2025-02-10 16:00:00,2658.21,2693.79,2650.0,2672.28,64651.5219
2025-02-10 20:00:00,2672.28,2686.61,2651.74,2661.19,34633.0795
2025-02-11 00:00:00,2661.19,2725.04,2660.72,2678.89,74917.793
2025-02-11 04:00:00,2678.89,2724.98,2676.49,2712.15,56265.817
2025-02-11 08:00:00,2712.12,2720.9,2690.24,2708.8,59949.3625
2025-02-11 12:00:00,2708.8,2710.29,2626.13,2662.36,87537.4987
2025-02-11 16:00:00,2662.35,2670.8,2580.0,2589.7,103602.5891
2025-02-11 20:00:00,2589.69,2631.36,2558.24,2602.59,101923.0832
2025-02-12 00:00:00,2602.59,2624.36,2569.31,2587.24,51289.7143
2025-02-12 04:00:00,2587.23,2624.07,2577.5,2618.63,47853.4948
2025-02-12 08:00:00,2618.62,2639.49,2610.78,2627.08,58319.6511
2025-02-12 12:00:00,2627.08,2665.16,2546.92,2606.9,231775.8396
2025-02-12 16:00:00,2606.9,2683.65,2583.18,2677.95,116993.489
2025-02-12 20:00:00,2677.95,2795.45,2669.49,2738.27,140063.7071
2025-02-13 00:00:00,2738.27,2757.28,2716.0,2744.0,59978.5118
2025-02-13 04:00:00,2744.0,2745.73,2672.03,2681.5,65437.2035
2025-02-13 08:00:00,2681.51,2688.43,2650.65,2656.19,67087.393
2025-02-13 12:00:00,2656.18,2677.77,2616.04,2647.95,129821.5749
2025-02-13 16:00:00,2647.96,2662.17,2612.76,2640.94,82110.6284
2025-02-13 20:00:00,2640.94,2679.99,2640.5,2675.87,39333.9737
2025-02-14 00:00:00,2675.87,2721.4,2664.46,2715.39,46515.5177
2025-02-14 04:00:00,2715.39,2716.2,2689.43,2699.42,45766.299
2025-02-14 08:00:00,2699.41,2716.48,2682.42,2684.81,70491.0328
2025-02-14 12:00:00,2684.8,2747.39,2677.43,2734.33,88731.914
2025-02-14 16:00:00,2734.33,2791.78,2709.61,2738.0,116442.086
2025-02-14 20:00:00,2738.0,2751.1,2706.0,2725.95,51948.9367
2025-02-15 00:00:00,2725.95,2739.0,2703.99,2724.4,38406.6504
2025-02-15 04:00:00,2724.41,2733.6,2694.0,2697.66,28365.3972
2025-02-15 08:00:00,2697.65,2715.1,2695.7,2708.37,31229.706
2025-02-15 12:00:00,2708.37,2713.99,2662.28,2691.05,51483.7874
2025-02-15 16:00:00,2691.05,2707.93,2679.0,2691.59,29841.035
2025-02-15 20:00:00,2691.6,2704.0,2679.16,2693.04,23644.8535
2025-02-16 00:00:00,2693.04,2705.98,2687.71,2698.73,18133.5135
2025-02-16 04:00:00,2698.73,2727.31,2690.56,2695.59,30078.2868
2025-02-16 08:00:00,2695.59,2713.0,2689.49,2710.99,31255.4898
2025-02-16 12:00:00,2710.99,2712.49,2676.73,2694.2,36990.7167
2025-02-16 16:00:00,2694.21,2703.46,2659.1,2683.47,38553.7836
2025-02-16 20:00:00,2683.46,2689.13,2651.26,2661.41,36219.741
2025-02-17 00:00:00,2661.41,2684.0,2658.0,2671.88,34706.9905
2025-02-17 04:00:00,2671.89,2695.27,2637.71,2681.59,95908.2492
2025-02-17 08:00:00,2681.59,2774.98,2676.29,2755.2,133143.9377
2025-02-17 12:00:00,2755.2,2849.7,2746.1,2755.72,201274.6321
2025-02-17 16:00:00,2755.71,2765.79,2686.91,2717.72,124486.4926
2025-02-17 20:00:00,2717.72,2778.15,2716.54,2744.05,50219.5176
2025-02-18 00:00:00,2744.05,2756.93,2707.5,2712.08,53866.0828
2025-02-18 04:00:00,2712.07,2718.09,2652.17,2672.51,144898.4315
2025-02-18 08:00:00,2672.51,2706.12,2653.4,2679.26,88680.2452
2025-02-18 12:00:00,2679.26,2732.8,2660.0,2673.7,114342.8765
2025-02-18 16:00:00,2673.7,2684.63,2605.44,2630.37,139482.6642
2025-02-18 20:00:00,2630.38,2672.4,2618.0,2671.99,63593.5735
2025-02-19 00:00:00,2672.0,2700.0,2656.03,2694.02,48256.7103
2025-02-19 04:00:00,2694.02,2717.34,2664.54,2708.38,56191.0568
2025-02-19 08:00:00,2708.39,2736.7,2703.99,2726.93,61785.4339
2025-02-19 12:00:00,2726.93,2731.16,2677.51,2696.99,71752.3137
2025-02-19 16:00:00,2696.99,2724.29,2694.78,2712.03,47648.0995
2025-02-19 20:00:00,2712.03,2734.37,2706.02,2715.5,40520.406
2025-02-20 00:00:00,2715.51,2751.5,2709.69,2741.77,50953.0686
2025-02-20 04:00:00,2741.77,2758.68,2722.23,2730.22,50511.3938
2025-02-20 08:00:00,2730.23,2746.99,2725.28,2740.71,33327.6054
2025-02-20 12:00:00,2740.7,2770.59,2707.33,2712.6,96259.5299
2025-02-20 16:00:00,2712.6,2767.93,2707.18,2747.77,72800.2885
2025-02-20 20:00:00,2747.77,2761.06,2722.2,2738.04,32883.3682
2025-02-21 00:00:00,2738.04,2749.49,2726.0,2744.2,32255.6241
2025-02-21 04:00:00,2744.2,2769.56,2744.19,2756.32,44085.0098
2025-02-21 08:00:00,2756.31,2831.71,2747.74,2788.73,101826.5357
2025-02-21 12:00:00,2788.73,2845.32,2675.02,2723.31,273746.5973
2025-02-21 16:00:00,2723.3,2769.88,2625.94,2640.19,328655.2354
2025-02-21 20:00:00,2640.2,2664.0,2616.72,2663.0,109871.0581
2025-02-22 00:00:00,2663.0,2688.97,2653.33,2675.37,88626.3932
2025-02-22 04:00:00,2675.37,2697.1,2673.0,2684.56,35257.9596
2025-02-22 08:00:00,2684.55,2753.59,2676.8,2732.99,136897.9772
2025-02-22 12:00:00,2733.0,2785.91,2722.15,2775.68,64983.537
2025-02-22 16:00:00,2775.67,2798.07,2756.37,2770.09,89040.9675
2025-02-22 20:00:00,2770.1,2778.14,2759.39,2763.22,30182.8324
2025-02-23 00:00:00,2763.23,2775.88,2745.41,2752.77,39782.8142
2025-02-23 04:00:00,2752.76,2829.98,2746.17,2825.2,108629.0536
2025-02-23 08:00:00,2825.2,2831.58,2783.2,2797.48,98860.1041
2025-02-23 12:00:00,2797.48,2827.0,2773.48,2783.0,155759.8402
2025-02-23 16:00:00,2783.0,2824.0,2782.38,2807.97,117626.0389
2025-02-23 20:00:00,2807.97,2857.34,2784.01,2819.69,90344.2712
2025-02-24 00:00:00,2819.7,2839.95,2711.8,2718.08,132389.5642
2025-02-24 04:00:00,2718.08,2735.78,2691.49,2722.01,121962.0226
2025-02-24 08:00:00,2722.02,2722.4,2663.03,2689.99,104336.8507
2025-02-24 12:00:00,2690.0,2696.63,2636.33,2658.77,146891.4552
2025-02-24 16:00:00,2658.77,2682.42,2623.12,2641.26,112927.4368
2025-02-24 20:00:00,2641.3,2663.9,2470.33,2513.52,258369.0412
2025-02-25 00:00:00,2513.52,2530.6,2458.27,2495.21,211165.3701
2025-02-25 04:00:00,2495.22,2512.9,2313.49,2368.11,376091.6202
2025-02-25 08:00:00,2368.12,2439.5,2357.05,2433.69,255323.8198
2025-02-25 12:00:00,2433.7,2448.95,2361.89,2409.8,250071.3592
2025-02-25 16:00:00,2409.8,2473.59,2383.4,2471.91,135745.5299
2025-02-25 20:00:00,2471.9,2533.49,2457.59,2495.7,93619.1726
2025-02-26 00:00:00,2495.69,2507.5,2471.8,2490.6,62969.4729
2025-02-26 04:00:00,2490.61,2506.4,2475.2,2483.81,64151.974
2025-02-26 08:00:00,2483.81,2496.25,2457.77,2464.79,93766.3355
2025-02-26 12:00:00,2464.8,2466.81,2370.0,2428.47,166356.9374
2025-02-26 16:00:00,2428.5,2434.2,2266.1,2296.29,278352.1916
2025-02-26 20:00:00,2296.3,2383.37,2253.77,2336.37,197490.3019
2025-02-27 00:00:00,2336.38,2370.9,2315.85,2332.11,90991.5806
2025-02-27 04:00:00,2332.11,2373.2,2303.22,2356.13,111823.423
2025-02-27 08:00:00,2356.13,2381.6,2343.41,2353.82,77842.7418
2025-02-27 12:00:00,2353.83,2362.35,2290.78,2323.31,129970.0648
2025-02-27 16:00:00,2323.31,2337.5,2278.79,2292.41,105527.0794
2025-02-27 20:00:00,2292.41,2311.52,2230.57,2307.72,121429.021
2025-02-28 00:00:00,2307.72,2314.18,2123.63,2147.49,410729.0366
2025-02-28 04:00:00,2147.49,2156.0,2076.26,2106.2,304572.7663
2025-02-28 08:00:00,2106.21,2151.94,2076.26,2125.8,164223.0144
2025-02-28 12:00:00,2125.8,2228.64,2105.38,2223.01,234321.3019
2025-02-28 16:00:00,2223.0,2255.13,2193.4,2230.15,120716.9075
2025-02-28 20:00:00,2230.14,2239.69,2198.51,2237.59,56976.029
2025-03-01 00:00:00,2237.59,2275.61,2213.33,2262.98,76171.7295
2025-03-01 04:00:00,2262.98,2281.14,2224.2,2229.24,78968.1809
2025-03-01 08:00:00,2229.25,2239.77,2171.41,2184.42,76803.1109
2025-03-01 12:00:00,2184.43,2187.7,2142.73,2173.29,87634.5779
2025-03-01 16:00:00,2173.3,2234.6,2169.4,2223.31,67008.3349
2025-03-01 20:00:00,2223.31,2235.99,2191.1,2217.39,59844.793
2025-03-02 00:00:00,2217.4,2230.82,2201.1,2220.18,64784.6556
2025-03-02 04:00:00,2220.19,2235.6,2218.2,2221.4,43328.6385
2025-03-02 08:00:00,2221.4,2260.84,2208.06,2238.88,91437.409
2025-03-02 12:00:00,2238.88,2291.76,2172.04,2229.51,238909.0638
2025-03-02 16:00:00,2229.51,2518.0,2212.35,2486.42,673710.4844
2025-03-02 20:00:00,2486.42,2550.58,2480.19,2518.11,154514.5235
2025-03-03 00:00:00,2518.12,2523.56,2418.67,2441.15,126059.2499
2025-03-03 04:00:00,2441.16,2457.25,2352.79,2387.01,116668.3594
2025-03-03 08:00:00,2387.01,2388.11,2322.01,2356.16,106661.5946
2025-03-03 12:00:00,2356.15,2389.0,2266.97,2287.24,233661.8371
2025-03-03 16:00:00,2287.3,2297.0,2100.0,2109.88,321208.0472
2025-03-03 20:00:00,2109.87,2173.29,2097.91,2149.01,205306.1121
2025-03-04 00:00:00,2149.02,2167.18,2002.81,2074.89,381379.4472
2025-03-04 04:00:00,2074.89,2122.12,2068.34,2080.41,100105.7709
2025-03-04 08:00:00,2080.42,2118.0,2071.03,2101.36,83425.9767
2025-03-04 12:00:00,2101.38,2158.32,2025.62,2074.49,282620.1985
2025-03-04 16:00:00,2074.49,2174.72,1993.2,2172.65,263372.4771
2025-03-04 20:00:00,2172.63,2221.88,2126.06,2171.51,146918.4668
2025-03-05 00:00:00,2171.5,2192.75,2155.03,2160.89,75779.2625
2025-03-05 04:00:00,2160.9,2213.13,2156.15,2207.0,74065.4863
2025-03-05 08:00:00,2207.0,2273.51,2204.61,2217.72,157942.1343
2025-03-05 12:00:00,2217.72,2232.81,2166.48,2186.82,197537.5452
2025-03-05 16:00:00,2186.81,2222.99,2161.78,2218.3,119024.4928
2025-03-05 20:00:00,2218.3,2252.86,2214.12,2241.59,62781.8686
2025-03-06 00:00:00,2241.59,2296.31,2234.07,2289.79,105010.7409
2025-03-06 04:00:00,2289.79,2319.99,2275.91,2286.0,70371.8427
2025-03-06 08:00:00,2285.99,2305.68,2276.77,2297.59,52141.9558
2025-03-06 12:00:00,2297.59,2298.9,2208.6,2257.49,191161.4281
2025-03-06 16:00:00,2257.5,2265.7,2176.9,2198.34,112488.4374
2025-03-06 20:00:00,2198.35,2229.4,2192.3,2202.2,65733.9886
2025-03-07 00:00:00,2202.21,2227.39,2101.82,2147.89,241562.3974
2025-03-07 04:00:00,2147.9,2193.39,2144.59,2192.41,47011.2169
2025-03-07 08:00:00,2192.41,2210.8,2177.15,2197.49,48544.8208
2025-03-07 12:00:00,2197.49,2258.47,2165.79,2209.68,184203.3684
2025-03-07 16:00:00,2209.67,2215.49,2141.53,2178.34,137449.4887
2025-03-07 20:00:00,2178.33,2186.96,2115.0,2141.6,123615.9684
2025-03-08 00:00:00,2141.6,2156.0,2105.06,2137.8,49887.2769
2025-03-08 04:00:00,2137.8,2152.69,2131.4,2137.88,26053.3446
2025-03-08 08:00:00,2137.89,2143.5,2126.66,2141.95,32120.7156
2025-03-08 12:00:00,2141.95,2198.86,2138.1,2181.4,89601.1782
2025-03-08 16:00:00,2181.4,2234.93,2161.14,2224.6,96299.8498
2025-03-08 20:00:00,2224.61,2225.99,2193.2,2203.58,34830.7328
2025-03-09 00:00:00,2203.57,2212.0,2176.14,2186.01,31680.2767
2025-03-09 04:00:00,2186.0,2197.1,2171.84,2185.07,28504.2259
2025-03-09 08:00:00,2185.07,2187.68,2128.43,2146.7,55551.963
2025-03-09 12:00:00,2146.7,2146.9,2084.67,2097.03,121751.0614
2025-03-09 16:00:00,2097.01,2109.32,1998.0,2040.47,249511.9992
2025-03-09 20:00:00,2040.47,2056.59,1989.66,2020.41,114672.062
2025-03-10 00:00:00,2020.43,2071.0,1995.08,2057.89,102595.4967
2025-03-10 04:00:00,2057.88,2079.33,2054.19,2075.29,41834.9445
2025-03-10 08:00:00,2075.3,2152.4,2047.83,2128.12,160181.7753
2025-03-10 12:00:00,2128.11,2135.98,1997.0,2017.83,239663.5971
2025-03-10 16:00:00,2017.83,2025.3,1810.01,1869.3,566502.5453
2025-03-10 20:00:00,1869.43,1903.99,1843.23,1865.1,137966.9925
2025-03-11 00:00:00,1865.11,1890.46,1754.28,1849.78,363691.2023
2025-03-11 04:00:00,1849.78,1914.25,1845.46,1904.1,125136.8603
2025-03-11 08:00:00,1904.1,1929.68,1899.57,1914.12,121867.722
2025-03-11 12:00:00,1914.12,1962.98,1840.53,1914.49,363557.2205
2025-03-11 16:00:00,1914.49,1963.2,1886.55,1951.91,147786.786
2025-03-11 20:00:00,1951.9,1955.42,1917.17,1923.43,49388.2084
2025-03-12 00:00:00,1923.42,1932.86,1867.09,1868.9,89187.395
2025-03-12 04:00:00,1868.89,1916.66,1852.3,1911.26,110565.4119
2025-03-12 08:00:00,1911.26,1960.0,1871.11,1916.84,215120.8672
2025-03-12 12:00:00,1916.85,1947.0,1829.72,1869.85,248953.4079
2025-03-12 16:00:00,1869.86,1894.72,1862.45,1878.25,73654.1765
2025-03-12 20:00:00,1878.26,1915.95,1873.7,1908.2,51258.4178
2025-03-13 00:00:00,1908.2,1917.12,1882.01,1886.87,52279.6222
2025-03-13 04:00:00,1886.87,1891.5,1858.32,1872.23,70999.1065
2025-03-13 08:00:00,1872.23,1905.38,1853.9,1900.24,122758.5939
2025-03-13 12:00:00,1900.24,1923.09,1864.21,1875.41,175474.8446
2025-03-13 16:00:00,1875.41,1878.1,1821.81,1851.82,103269.565
2025-03-13 20:00:00,1851.73,1883.56,1839.4,1864.59,44755.53
2025-03-14 00:00:00,1864.59,1894.63,1861.31,1889.29,37433.6401
2025-03-14 04:00:00,1889.28,1905.42,1887.73,1893.07,43605.6267
2025-03-14 08:00:00,1893.08,1908.93,1889.5,1902.4,46793.3531
2025-03-14 12:00:00,1902.41,1942.48,1877.69,1922.2,143016.1201
2025-03-14 16:00:00,1922.2,1945.64,1914.19,1934.16,67614.675
2025-03-14 20:00:00,1934.16,1934.94,1908.38,1911.65,37342.3205
2025-03-15 00:00:00,1911.64,1923.37,1903.75,1920.44,30993.0842
2025-03-15 04:00:00,1920.43,1935.21,1914.65,1917.66,33333.6803
2025-03-15 08:00:00,1917.68,1931.87,1912.7,1929.0,29503.127
2025-03-15 12:00:00,1929.0,1939.6,1922.55,1937.83,35518.1072
2025-03-15 16:00:00,1937.84,1948.22,1928.76,1937.31,40092.5507
2025-03-15 20:00:00,1937.32,1957.19,1936.37,1937.17,40105.3181
2025-03-16 00:00:00,1937.18,1940.87,1916.56,1927.52,31212.3097
2025-03-16 04:00:00,1927.52,1934.0,1921.53,1925.89,22661.718
2025-03-16 08:00:00,1925.89,1926.92,1866.9,1874.0,90060.573
2025-03-16 12:00:00,1874.01,1898.33,1873.42,1895.01,53503.7716
2025-03-16 16:00:00,1895.01,1924.11,1860.38,1882.74,86543.0685
2025-03-16 20:00:00,1882.73,1898.63,1870.1,1887.0,40785.2156
2025-03-17 00:00:00,1887.01,1915.44,1886.36,1908.85,41322.9928
2025-03-17 04:00:00,1908.85,1912.99,1879.98,1900.74,38881.3235
2025-03-17 08:00:00,1900.75,1918.42,1893.0,1910.59,37499.8988
2025-03-17 12:00:00,1910.58,1939.03,1888.01,1919.47,107747.907
2025-03-17 16:00:00,1919.47,1952.4,1907.74,1942.23,71315.4844
2025-03-17 20:00:00,1942.22,1949.5,1922.2,1926.31,38072.8812
2025-03-18 00:00:00,1926.3,1930.25,1897.47,1901.17,52066.7245
2025-03-18 04:00:00,1901.17,1910.41,1893.86,1905.06,37720.0428
2025-03-18 08:00:00,1905.05,1913.09,1885.58,1892.43,55602.0709
2025-03-18 12:00:00,1892.42,1903.2,1872.31,1881.02,87278.069
2025-03-18 16:00:00,1881.03,1908.39,1873.6,1904.57,56527.7258
2025-03-18 20:00:00,1904.57,1936.2,1898.65,1931.54,43701.3825
2025-03-19 00:00:00,1931.54,1949.03,1927.58,1938.33,78297.369
2025-03-19 04:00:00,1938.33,1943.14,1930.3,1932.0,51764.9712
2025-03-19 08:00:00,1932.0,2033.79,1931.7,2027.99,177658.3462
2025-03-19 12:00:00,2028.0,2056.99,1994.65,2048.99,153084.4055
2025-03-19 16:00:00,2049.0,2064.91,1997.33,2031.06,179077.3681
2025-03-19 20:00:00,2031.07,2069.9,2028.58,2056.06,51927.0434
2025-03-20 00:00:00,2056.05,2067.9,2020.41,2022.75,55508.5588
2025-03-20 04:00:00,2022.75,2025.6,2005.2,2007.54,56313.6544
2025-03-20 08:00:00,2007.55,2021.27,1972.4,1989.08,83047.3029
2025-03-20 12:00:00,1989.09,2010.66,1965.85,1972.17,86188.1979
2025-03-20 16:00:00,1972.01,1980.26,1952.17,1974.75,92498.9104
2025-03-20 20:00:00,1974.76,1984.88,1971.33,1983.79,27962.3038
2025-03-21 00:00:00,1983.79,1996.73,1973.0,1978.17,36187.0196
2025-03-21 04:00:00,1978.16,1989.95,1966.52,1976.78,32847.9402
2025-03-21 08:00:00,1976.79,1982.33,1956.6,1966.81,43285.7076
2025-03-21 12:00:00,1966.81,1973.99,1937.1,1950.69,70931.0173
2025-03-21 16:00:00,1950.69,1977.9,1946.07,1973.93,51879.2956
2025-03-21 20:00:00,1973.92,1983.4,1962.62,1965.75,27510.6787
2025-03-22 00:00:00,1965.74,1987.23,1964.34,1986.04,30242.4857
2025-03-22 04:00:00,1986.07,1993.1,1983.23,1984.23,22032.5288
2025-03-22 08:00:00,1984.22,2006.61,1981.68,1990.41,42628.2325
2025-03-22 12:00:00,1990.41,1997.75,1981.12,1986.29,29865.6634
2025-03-22 16:00:00,1986.29,2000.0,1982.52,1995.94,21282.0684
2025-03-22 20:00:00,1995.95,2004.3,1974.78,1980.69,24731.9786
2025-03-23 00:00:00,1980.68,2008.73,1976.81,2008.31,30652.622
2025-03-23 04:00:00,2008.32,2019.8,1992.08,2008.04,84722.8166
2025-03-23 08:00:00,2008.04,2020.74,2002.9,2008.01,40446.2429
2025-03-23 12:00:00,2008.01,2020.2,2002.52,2007.06,41764.057
2025-03-23 16:00:00,2007.06,2008.23,1987.5,1996.3,37278.0699
2025-03-23 20:00:00,1996.3,2006.68,1980.77,2005.99,33843.7149
2025-03-24 00:00:00,2005.99,2021.39,1977.67,2014.48,79392.7375
2025-03-24 04:00:00,2014.49,2079.58,2014.49,2069.16,123425.724
2025-03-24 08:00:00,2069.18,2104.11,2068.77,2092.77,82706.6126
2025-03-24 12:00:00,2092.77,2102.49,2073.47,2089.77,85147.898
2025-03-24 16:00:00,2089.76,2101.3,2067.67,2088.71,69700.2774
2025-03-24 20:00:00,2088.71,2095.41,2068.33,2081.2,37539.5659
2025-03-25 00:00:00,2081.2,2097.7,2041.83,2043.26,63776.9053
2025-03-25 04:00:00,2043.25,2066.98,2037.08,2055.55,45714.9026
2025-03-25 08:00:00,2055.56,2075.36,2052.44,2068.68,58564.8607
2025-03-25 12:00:00,2068.68,2080.4,2051.88,2067.67,75513.4319
2025-03-25 16:00:00,2067.67,2083.52,2056.51,2075.64,49556.1643
2025-03-25 20:00:00,2075.64,2082.99,2053.85,2066.15,35639.0644
2025-03-26 00:00:00,2066.16,2079.21,2042.6,2049.07,47785.8977
2025-03-26 04:00:00,2049.06,2071.4,2047.55,2069.25,49512.9513
2025-03-26 08:00:00,2069.26,2075.76,2057.6,2068.51,61640.9566
2025-03-26 12:00:00,2068.52,2070.52,2006.66,2012.27,132460.4999
2025-03-26 16:00:00,2012.27,2022.13,1981.6,1999.92,100130.393
2025-03-26 20:00:00,1999.91,2017.92,1991.85,2009.52,37444.6301
2025-03-27 00:00:00,2009.52,2037.38,2006.78,2031.32,41020.331
2025-03-27 04:00:00,2031.32,2032.87,2020.95,2026.43,27996.1192
2025-03-27 08:00:00,2026.42,2035.92,2012.21,2016.21,54604.8804
2025-03-27 12:00:00,2016.21,2026.32,1987.06,2005.49,124157.286
2025-03-27 16:00:00,2005.48,2015.16,1993.65,2004.08,67723.9446
2025-03-27 20:00:00,2004.13,2020.0,1999.68,2003.66,45132.2771
2025-03-28 00:00:00,2003.67,2015.93,1991.63,1999.84,45959.3744
2025-03-28 04:00:00,1999.84,2004.7,1900.0,1910.21,204560.9423
2025-03-28 08:00:00,1910.21,1925.0,1860.0,1900.48,131084.2217
2025-03-28 12:00:00,1900.47,1903.87,1871.58,1872.13,135936.1364
2025-03-28 16:00:00,1872.13,1887.28,1862.14,1874.16,67418.3875
2025-03-28 20:00:00,1874.17,1902.0,1873.75,1896.9,41208.5209
2025-03-29 00:00:00,1896.9,1913.6,1886.27,1899.83,49911.4913
2025-03-29 04:00:00,1899.84,1904.96,1875.41,1880.14,49183.2001
2025-03-29 08:00:00,1880.14,1887.28,1833.5,1844.55,104293.8926
2025-03-29 12:00:00,1844.55,1863.75,1833.84,1840.24,49507.5742
2025-03-29 16:00:00,1840.24,1848.12,1797.2,1827.5,121732.8898
2025-03-29 20:00:00,1827.5,1830.31,1811.6,1828.08,35140.7075
2025-03-30 00:00:00,1828.09,1844.59,1812.69,1834.39,45627.2749
2025-03-30 04:00:00,1834.39,1846.85,1832.56,1837.74,25482.9237
2025-03-30 08:00:00,1837.74,1849.01,1826.49,1833.27,34404.5555
2025-03-30 12:00:00,1833.28,1839.71,1790.06,1813.75,80088.8278
2025-03-30 16:00:00,1813.76,1834.33,1785.41,1814.22,70663.6853
2025-03-30 20:00:00,1814.22,1821.68,1767.69,1807.74,71576.1804
2025-03-31 00:00:00,1807.74,1823.5,1776.75,1798.32,83766.4283
2025-03-31 04:00:00,1798.32,1813.68,1789.1,1798.92,53143.2359
2025-03-31 08:00:00,1798.91,1819.74,1777.79,1813.43,90571.4839
2025-03-31 12:00:00,1813.43,1854.22,1794.94,1842.23,158823.842
2025-03-31 16:00:00,1842.22,1847.34,1817.23,1827.71,68966.6935
2025-03-31 20:00:00,1827.71,1834.74,1816.4,1822.43,42583.2216
2025-04-01 00:00:00,1822.43,1843.0,1817.88,1835.0,55092.8255
2025-04-01 04:00:00,1835.0,1867.91,1831.95,1854.26,50598.2842
2025-04-01 08:00:00,1854.26,1892.55,1853.93,1862.36,95925.7841
2025-04-01 12:00:00,1862.37,1927.9,1842.42,1918.58,156992.8651
2025-04-01 16:00:00,1918.59,1924.17,1901.5,1910.09,53127.4709
2025-04-01 20:00:00,1910.1,1922.75,1897.13,1904.98,41251.8676
2025-04-02 00:00:00,1904.98,1908.41,1872.39,1876.39,54199.1151
2025-04-02 04:00:00,1876.4,1883.3,1852.0,1865.06,62469.3203
2025-04-02 08:00:00,1865.07,1888.05,1862.62,1868.72,46565.6618
2025-04-02 12:00:00,1868.73,1919.0,1854.27,1901.21,205643.0299
2025-04-02 16:00:00,1901.21,1916.1,1882.22,1911.45,91870.8888
2025-04-02 20:00:00,1911.45,1957.0,1781.53,1795.22,290092.7664
2025-04-03 00:00:00,1795.21,1834.88,1788.97,1824.46,86309.6716
2025-04-03 04:00:00,1824.47,1845.26,1807.13,1815.31,63173.4782
2025-04-03 08:00:00,1815.31,1824.18,1787.23,1795.13,68000.455
2025-04-03 12:00:00,1795.13,1800.52,1750.0,1782.27,183694.3886
2025-04-03 16:00:00,1782.26,1799.15,1767.23,1787.12,61798.8036
2025-04-03 20:00:00,1787.11,1821.84,1779.78,1817.23,45098.221
2025-04-04 00:00:00,1817.23,1823.12,1771.11,1792.91,71533.8066
2025-04-04 04:00:00,1792.91,1821.82,1784.17,1817.93,44350.2635
2025-04-04 08:00:00,1817.94,1835.68,1758.72,1783.88,126091.5891
2025-04-04 12:00:00,1783.88,1821.0,1769.45,1795.24,190281.9269
2025-04-04 16:00:00,1795.24,1828.9,1783.25,1810.21,99784.1323
2025-04-04 20:00:00,1810.21,1827.99,1807.52,1816.87,40692.7518
2025-04-05 00:00:00,1816.88,1827.29,1809.39,1810.01,24960.4779
2025-04-05 04:00:00,1810.01,1815.75,1803.99,1813.22,19521.7579
2025-04-05 08:00:00,1813.22,1822.04,1806.56,1807.34,27693.9316
2025-04-05 12:00:00,1807.34,1808.3,1777.93,1782.01,57339.1196
2025-04-05 16:00:00,1782.01,1795.38,1780.0,1782.17,20889.6367
2025-04-05 20:00:00,1782.17,1810.04,1764.39,1806.01,51311.3459
2025-04-06 00:00:00,1806.02,1817.0,1801.78,1809.81,24843.9304
2025-04-06 04:00:00,1809.81,1813.55,1791.49,1797.69,28106.5655
2025-04-06 08:00:00,1797.7,1798.2,1783.0,1789.19,36956.075
2025-04-06 12:00:00,1789.19,1792.09,1735.0,1759.55,126184.7151
2025-04-06 16:00:00,1759.56,1760.06,1602.0,1626.24,394747.5662
2025-04-06 20:00:00,1626.24,1631.18,1537.5,1580.76,369008.2436
2025-04-07 00:00:00,1580.77,1614.2,1520.78,1543.69,231470.3874
2025-04-07 04:00:00,1543.69,1561.41,1411.01,1460.15,606711.8104
2025-04-07 08:00:00,1460.15,1520.83,1455.63,1483.11,289167.8855
2025-04-07 12:00:00,1483.11,1639.0,1478.12,1556.56,745901.0133
2025-04-07 16:00:00,1556.56,1572.7,1526.0,1545.41,211504.8219
2025-04-07 20:00:00,1545.47,1585.5,1545.06,1553.04,84040.0882
2025-04-08 00:00:00,1553.04,1618.67,1541.04,1584.71,108270.5369
2025-04-08 04:00:00,1584.71,1602.27,1561.89,1570.83,90041.615
2025-04-08 08:00:00,1570.83,1590.08,1554.37,1588.32,79592.2855
2025-04-08 12:00:00,1588.32,1593.47,1518.29,1531.77,195381.2018
2025-04-08 16:00:00,1531.76,1533.08,1454.63,1466.67,296007.5833
2025-04-08 20:00:00,1466.67,1486.2,1441.3,1473.41,122552.9102
2025-04-09 00:00:00,1473.41,1482.28,1385.05,1418.8,348901.6501
2025-04-09 04:00:00,1418.79,1492.02,1414.77,1483.43,231481.7066
2025-04-09 08:00:00,1483.45,1496.55,1445.07,1455.33,225142.4451
2025-04-09 12:00:00,1455.33,1501.27,1440.2,1485.26,274260.0992
2025-04-09 16:00:00,1485.26,1673.29,1481.97,1640.92,728405.2382
2025-04-09 20:00:00,1640.93,1689.0,1640.56,1669.51,160339.7746
2025-04-10 00:00:00,1669.51,1669.85,1601.76,1617.01,126397.4019
2025-04-10 04:00:00,1617.0,1626.14,1583.31,1595.81,104597.0239
2025-04-10 08:00:00,1595.81,1606.86,1581.36,1594.81,87134.1256
2025-04-10 12:00:00,1594.8,1640.0,1483.6,1495.98,325823.9029
2025-04-10 16:00:00,1495.97,1532.2,1471.02,1514.67,206611.5545
2025-04-10 20:00:00,1514.6,1533.7,1514.16,1522.25,61291.3846
2025-04-11 00:00:00,1522.24,1550.6,1504.63,1544.61,94058.3669
2025-04-11 04:00:00,1544.61,1562.8,1541.04,1553.04,69184.0419
2025-04-11 08:00:00,1553.05,1585.0,1538.14,1558.79,139182.3495
2025-04-11 12:00:00,1558.8,1581.44,1541.48,1565.44,148755.5345
2025-04-11 16:00:00,1565.44,1591.47,1555.87,1565.79,83844.1242
2025-04-11 20:00:00,1565.79,1586.97,1558.7,1566.85,43459.9013
2025-04-12 00:00:00,1566.85,1569.79,1546.06,1554.4,48549.479
2025-04-12 04:00:00,1554.4,1585.23,1550.5,1582.05,48725.5648
2025-04-12 08:00:00,1582.04,1606.41,1581.0,1594.06,68189.6049
2025-04-12 12:00:00,1594.06,1669.59,1590.7,1655.87,184898.5365
2025-04-12 16:00:00,1655.88,1662.33,1628.24,1642.63,96645.472
2025-04-12 20:00:00,1642.64,1659.93,1641.24,1644.18,54859.2461
2025-04-13 00:00:00,1644.19,1649.75,1606.55,1624.53,75377.2782
2025-04-13 04:00:00,1624.52,1624.66,1597.47,1613.5,57240.2926
2025-04-13 08:00:00,1613.51,1628.2,1592.58,1604.28,72537.0065
2025-04-13 12:00:00,1604.29,1609.3,1566.11,1586.62,107308.5997
2025-04-13 16:00:00,1586.61,1649.04,1562.01,1590.25,173502.9478
2025-04-13 20:00:00,1590.25,1617.08,1572.24,1597.76,94170.4897
2025-04-14 00:00:00,1597.76,1660.32,1595.56,1629.59,126833.3588
2025-04-14 04:00:00,1629.6,1642.19,1612.63,1635.57,68892.4749
2025-04-14 08:00:00,1635.58,1691.5,1629.34,1675.32,140481.582
2025-04-14 12:00:00,1675.32,1689.59,1619.34,1627.93,157297.7459
2025-04-14 16:00:00,1627.94,1651.51,1615.0,1636.58,105039.3429
2025-04-14 20:00:00,1636.58,1638.18,1606.01,1623.77,47385.6374
2025-04-15 00:00:00,1623.78,1643.7,1614.8,1637.89,66593.4424
2025-04-15 04:00:00,1637.9,1648.47,1632.06,1644.84,49772.8016
2025-04-15 08:00:00,1644.83,1651.96,1622.47,1632.05,71974.1557
2025-04-15 12:00:00,1632.06,1661.21,1601.36,1621.02,167803.8185
2025-04-15 16:00:00,1621.01,1627.99,1597.17,1606.96,64876.56
2025-04-15 20:00:00,1606.95,1614.78,1583.12,1588.78,55158.1133
2025-04-16 00:00:00,1588.77,1604.4,1576.5,1591.04,53725.2608
2025-04-16 04:00:00,1591.04,1593.66,1551.18,1564.28,98012.8235
2025-04-16 08:00:00,1564.28,1586.1,1556.7,1584.17,61135.9591
2025-04-16 12:00:00,1584.18,1613.66,1566.28,1590.69,127938.4349
2025-04-16 16:00:00,1590.7,1612.83,1538.07,1588.6,208530.8318
2025-04-16 20:00:00,1588.61,1598.15,1570.0,1577.14,62044.5585
2025-04-17 00:00:00,1577.15,1595.57,1574.69,1584.91,59911.5347
2025-04-17 04:00:00,1584.91,1610.53,1580.99,1601.6,65643.7644
2025-04-17 08:00:00,1601.6,1604.23,1588.65,1593.27,44240.9551
2025-04-17 12:00:00,1593.27,1603.19,1563.2,1583.17,93211.0273
2025-04-17 16:00:00,1583.17,1616.96,1577.02,1581.45,147342.5624
2025-04-17 20:00:00,1581.44,1591.84,1579.0,1583.62,39520.5189
2025-04-18 00:00:00,1583.63,1589.19,1577.23,1584.15,38792.3674
2025-04-18 04:00:00,1584.14,1585.19,1573.54,1584.09,41086.5907
2025-04-18 08:00:00,1584.1,1592.82,1582.3,1590.67,30494.132
2025-04-18 12:00:00,1590.67,1597.2,1579.09,1583.17,40691.5035
2025-04-18 16:00:00,1583.17,1595.18,1581.8,1593.31,25174.1423
2025-04-18 20:00:00,1593.31,1600.64,1587.01,1588.6,24170.3
2025-04-19 00:00:00,1588.6,1600.26,1585.01,1597.76,31072.3981
2025-04-19 04:00:00,1597.75,1613.48,1595.33,1600.94,43084.6831
2025-04-19 08:00:00,1600.94,1606.4,1594.07,1596.79,30170.2623
2025-04-19 12:00:00,1596.8,1612.29,1595.05,1607.28,39041.6232
2025-04-19 16:00:00,1607.28,1631.81,1598.5,1614.79,58737.7878
2025-04-19 20:00:00,1614.8,1622.37,1611.06,1613.27,20989.6354
2025-04-20 00:00:00,1613.26,1619.19,1608.0,1611.87,27425.144
2025-04-20 04:00:00,1611.87,1617.65,1586.6,1597.46,47330.5051
2025-04-20 08:00:00,1597.46,1597.61,1565.59,1572.62,86979.4597
2025-04-20 12:00:00,1572.61,1584.04,1571.1,1573.5,41804.6085
2025-04-20 16:00:00,1573.51,1587.97,1571.49,1586.17,28189.3136
2025-04-20 20:00:00,1586.19,1600.75,1574.68,1587.36,44323.1997
2025-04-21 00:00:00,1587.36,1645.45,1586.18,1634.54,160608.8717
2025-04-21 04:00:00,1634.55,1658.75,1631.3,1645.92,114675.8872
2025-04-21 08:00:00,1645.92,1655.0,1617.85,1626.34,77595.4377
2025-04-21 12:00:00,1626.34,1641.82,1608.6,1623.3,110419.6288
2025-04-21 16:00:00,1623.3,1626.09,1564.07,1573.7,175835.5597
2025-04-21 20:00:00,1573.7,1580.75,1571.35,1579.57,52351.2816
2025-04-22 00:00:00,1579.57,1593.73,1537.26,1579.22,144649.1612
2025-04-22 04:00:00,1579.22,1624.0,1574.0,1619.21,119131.8864
2025-04-22 08:00:00,1619.2,1638.16,1613.01,1631.03,118180.9271
2025-04-22 12:00:00,1631.03,1725.81,1626.85,1703.01,390160.8683
2025-04-22 16:00:00,1703.0,1710.66,1683.08,1698.22,117017.3822
2025-04-22 20:00:00,1698.22,1778.0,1691.68,1756.26,213896.7334
2025-04-23 00:00:00,1756.25,1807.56,1744.95,1795.49,193263.6182
2025-04-23 04:00:00,1795.49,1818.18,1773.93,1792.11,180484.4026
2025-04-23 08:00:00,1792.1,1812.2,1779.2,1797.23,119675.4843
2025-04-23 12:00:00,1797.22,1834.86,1761.62,1794.6,272006.8304
2025-04-23 16:00:00,1794.6,1810.0,1774.47,1786.03,88340.4333
2025-04-23 20:00:00,1786.03,1806.91,1785.73,1795.07,33774.8628
2025-04-24 00:00:00,1795.08,1802.82,1766.52,1768.18,68766.2419
2025-04-24 04:00:00,1768.16,1776.34,1751.27,1756.25,76239.2484
2025-04-24 08:00:00,1756.25,1760.7,1722.9,1755.1,111964.6432
2025-04-24 12:00:00,1755.1,1777.77,1744.4,1764.62,106855.2798
2025-04-24 16:00:00,1764.62,1777.5,1746.04,1763.1,76360.5962
2025-04-24 20:00:00,1763.1,1774.84,1749.04,1769.65,43279.029
2025-04-25 00:00:00,1769.64,1790.5,1738.6,1760.89,91446.8365
2025-04-25 04:00:00,1760.89,1781.88,1758.14,1777.18,56655.5164
2025-04-25 08:00:00,1777.17,1793.29,1764.29,1790.49,94062.5482
2025-04-25 12:00:00,1790.49,1827.32,1757.25,1806.48,225511.8462
2025-04-25 16:00:00,1806.48,1810.89,1782.4,1802.16,81938.4927
2025-04-25 20:00:00,1802.16,1809.4,1783.85,1784.6,45995.6494
2025-04-26 00:00:00,1784.6,1815.81,1784.6,1797.48,79135.7111
2025-04-26 04:00:00,1797.48,1810.88,1789.0,1800.49,35833.049
2025-04-26 08:00:00,1800.49,1841.16,1778.94,1785.85,115929.7567
2025-04-26 12:00:00,1785.86,1804.0,1780.1,1800.2,53171.575
2025-04-26 16:00:00,1800.2,1814.89,1795.86,1813.08,28122.1042
2025-04-26 20:00:00,1813.08,1831.09,1805.51,1820.88,42875.8482
2025-04-27 00:00:00,1820.87,1857.47,1801.02,1809.75,125776.6408
2025-04-27 04:00:00,1809.75,1811.6,1790.27,1803.76,45935.8597
2025-04-27 08:00:00,1803.75,1815.52,1801.56,1805.94,32043.3556
2025-04-27 12:00:00,1805.94,1808.1,1781.9,1793.86,65995.6124
2025-04-27 16:00:00,1793.85,1808.47,1787.31,1808.01,32862.3788
2025-04-27 20:00:00,1808.01,1808.26,1784.59,1791.29,37718.7962
2025-04-28 00:00:00,1791.29,1793.83,1752.18,1784.23,110341.6608
2025-04-28 04:00:00,1784.23,1812.08,1784.23,1804.79,63071.9581
2025-04-28 08:00:00,1804.8,1827.98,1788.3,1816.2,95744.5566
2025-04-28 12:00:00,1816.2,1816.97,1753.0,1763.28,143536.7345
2025-04-28 16:00:00,1763.27,1804.79,1744.71,1797.17,119073.3187
2025-04-28 20:00:00,1797.17,1807.0,1781.16,1799.88,55501.5143
2025-04-29 00:00:00,1799.88,1811.56,1787.89,1802.08,60533.1763
2025-04-29 04:00:00,1802.07,1824.94,1788.16,1821.71,77348.4406
2025-04-29 08:00:00,1821.71,1842.99,1816.92,1829.77,104234.231
2025-04-29 12:00:00,1829.76,1833.42,1802.02,1814.99,100591.997
2025-04-29 16:00:00,1814.99,1832.49,1807.48,1821.65,64099.1139
2025-04-29 20:00:00,1821.66,1825.69,1780.47,1797.81,73649.4296
2025-04-30 00:00:00,1797.81,1813.09,1788.9,1808.91,47523.1618
2025-04-30 04:00:00,1808.92,1813.0,1791.1,1796.37,38807.935
2025-04-30 08:00:00,1796.37,1816.8,1792.8,1815.7,43373.0871
2025-04-30 12:00:00,1815.69,1816.4,1731.7,1764.74,215011.5837
2025-04-30 16:00:00,1764.73,1792.97,1756.07,1786.69,67778.2644
2025-04-30 20:00:00,1786.7,1809.72,1784.61,1793.61,61029.9557
2025-05-01 00:00:00,1793.62,1819.0,1792.52,1807.99,54356.6699
2025-05-01 04:00:00,1807.99,1816.9,1802.14,1810.6,34775.7602
2025-05-01 08:00:00,1810.59,1859.23,1808.8,1845.58,136551.2761
2025-05-01 12:00:00,1845.58,1873.17,1825.2,1852.99,206809.7762
2025-05-01 16:00:00,1853.0,1870.25,1838.49,1842.82,71303.5178
2025-05-01 20:00:00,1842.89,1851.01,1833.5,1838.11,33401.7289
2025-05-02 00:00:00,1838.1,1851.3,1835.1,1847.74,36438.5546
2025-05-02 04:00:00,1847.74,1851.79,1816.22,1816.32,77200.0537
2025-05-02 08:00:00,1816.33,1835.53,1813.0,1833.39,64205.9035
2025-05-02 12:00:00,1833.39,1854.5,1823.34,1841.12,115720.8477
2025-05-02 16:00:00,1841.11,1871.0,1831.7,1839.68,86400.4395
2025-05-02 20:00:00,1839.68,1848.5,1832.49,1842.2,30702.076
2025-05-03 00:00:00,1842.2,1843.05,1826.58,1834.8,28605.7458
2025-05-03 04:00:00,1834.8,1839.3,1824.6,1826.41,26200.2165
2025-05-03 08:00:00,1826.41,1830.51,1817.63,1824.1,38880.361
2025-05-03 12:00:00,1824.1,1840.12,1823.74,1834.53,35406.8381
2025-05-03 16:00:00,1834.53,1839.2,1810.0,1838.21,47650.4581
2025-05-03 20:00:00,1838.21,1848.6,1828.4,1833.52,37007.9784
2025-05-04 00:00:00,1833.52,1849.6,1826.44,1831.89,37409.3894
2025-05-04 04:00:00,1831.89,1849.95,1829.66,1840.98,39293.2904
2025-05-04 08:00:00,1840.98,1841.34,1822.0,1827.6,41649.5415
2025-05-04 12:00:00,1827.61,1833.99,1818.57,1830.8,34143.7207
2025-05-04 16:00:00,1830.81,1833.49,1822.08,1828.4,26733.0632
2025-05-04 20:00:00,1828.4,1842.15,1803.0,1808.86,59025.3512
2025-05-05 00:00:00,1808.86,1818.49,1781.85,1794.51,86015.2042
2025-05-05 04:00:00,1794.5,1829.84,1792.82,1826.59,49441.4363
2025-05-05 08:00:00,1826.58,1831.55,1798.3,1804.63,57907.623
2025-05-05 12:00:00,1804.64,1815.63,1794.47,1800.99,63242.5831
2025-05-05 16:00:00,1801.0,1828.5,1800.78,1816.44,43543.1002
2025-05-05 20:00:00,1816.44,1833.55,1799.52,1820.19,42191.061
2025-05-06 00:00:00,1820.19,1820.9,1792.49,1806.35,48765.2187
2025-05-06 04:00:00,1806.35,1809.26,1797.78,1806.03,24102.5412
2025-05-06 08:00:00,1806.03,1806.1,1757.34,1769.92,79861.629
2025-05-06 12:00:00,1769.92,1779.68,1752.0,1770.09,85715.8416
2025-05-06 16:00:00,1770.09,1798.8,1762.16,1784.79,59655.6448
2025-05-06 20:00:00,1784.8,1819.41,1765.5,1817.0,86483.3698
2025-05-07 00:00:00,1817.0,1850.0,1814.59,1826.48,125977.3463
2025-05-07 04:00:00,1826.48,1838.43,1824.57,1838.24,38011.0468
2025-05-07 08:00:00,1838.23,1847.05,1830.51,1836.35,56688.7297
2025-05-07 12:00:00,1836.35,1837.1,1814.29,1817.31,78534.1832
2025-05-07 16:00:00,1817.32,1818.01,1787.01,1795.82,105311.2281
2025-05-07 20:00:00,1795.83,1825.44,1789.12,1811.11,51647.5364
2025-05-08 00:00:00,1811.11,1906.77,1808.71,1901.1,182304.831
2025-05-08 04:00:00,1901.09,1943.83,1892.2,1928.4,174077.6779
2025-05-08 08:00:00,1928.4,1968.72,1925.9,1957.63,155279.6357
2025-05-08 12:00:00,1957.64,2075.65,1954.27,2051.3,369909.7122
2025-05-08 16:00:00,2051.3,2140.0,2036.64,2117.83,238215.6027
2025-05-08 20:00:00,2117.83,2226.0,2111.6,2207.39,353365.2265
2025-05-09 00:00:00,2207.39,2245.03,2184.33,2205.06,197091.8523
2025-05-09 04:00:00,2205.06,2393.0,2202.8,2364.09,322754.4291
2025-05-09 08:00:00,2364.09,2490.77,2292.12,2351.29,688883.9006
2025-05-09 12:00:00,2351.29,2388.23,2271.5,2301.3,271184.0811
2025-05-09 16:00:00,2301.28,2355.2,2274.33,2331.57,129993.1001
2025-05-09 20:00:00,2331.58,2352.0,2322.65,2345.04,57133.675
2025-05-10 00:00:00,2345.04,2380.66,2317.0,2339.89,72245.2312
2025-05-10 04:00:00,2339.89,2417.13,2326.66,2400.0,121392.4906
2025-05-10 08:00:00,2400.01,2435.72,2360.0,2384.75,221266.4512
2025-05-10 12:00:00,2384.76,2448.88,2384.76,2433.46,138173.1596
2025-05-10 16:00:00,2433.46,2512.42,2428.93,2499.48,222169.8609
2025-05-10 20:00:00,2499.49,2600.0,2469.1,2583.23,204102.9671
2025-05-11 00:00:00,2583.22,2608.13,2504.27,2537.63,191294.7124
2025-05-11 04:00:00,2537.62,2562.47,2453.92,2473.22,187762.0232
2025-05-11 08:00:00,2473.22,2535.46,2472.2,2530.67,108511.1259
2025-05-11 12:00:00,2530.67,2532.09,2435.51,2462.51,152835.3762
2025-05-11 16:00:00,2462.55,2525.4,2440.25,2508.02,123750.4647
2025-05-11 20:00:00,2508.02,2528.52,2483.33,2514.57,67430.6864
2025-05-12 00:00:00,2514.58,2548.85,2490.75,2520.0,107789.0359
2025-05-12 04:00:00,2520.01,2624.0,2486.8,2554.77,244402.2228
2025-05-12 08:00:00,2554.78,2585.83,2522.0,2530.59,153519.4558
2025-05-12 12:00:00,2530.58,2576.29,2478.0,2486.92,278494.7566
2025-05-12 16:00:00,2486.91,2512.36,2406.63,2460.36,211087.0722
2025-05-12 20:00:00,2460.35,2500.36,2452.26,2495.47,73388.4
2025-05-13 00:00:00,2495.48,2495.79,2415.3,2424.8,110339.1684
2025-05-13 04:00:00,2424.8,2480.0,2420.0,2460.72,82218.1177
2025-05-13 08:00:00,2460.73,2525.5,2451.25,2513.39,115595.9445
2025-05-13 12:00:00,2513.39,2573.87,2491.81,2566.21,215856.7475
2025-05-13 16:00:00,2566.21,2738.5,2560.01,2690.94,347310.3376
2025-05-13 20:00:00,2690.93,2707.62,2654.21,2679.71,160035.3308
2025-05-14 00:00:00,2679.71,2725.99,2622.99,2646.82,257279.4041
2025-05-14 04:00:00,2646.82,2687.75,2636.59,2640.76,107100.5467
2025-05-14 08:00:00,2640.75,2645.95,2577.48,2624.94,186139.4657
2025-05-14 12:00:00,2624.93,2636.15,2559.19,2597.49,143036.0868
2025-05-14 16:00:00,2597.49,2617.5,2547.26,2605.1,91850.496
2025-05-14 20:00:00,2605.03,2614.05,2583.99,2609.74,44641.1129
2025-05-15 00:00:00,2609.75,2647.03,2566.91,2574.93,118326.6199
2025-05-15 04:00:00,2574.93,2596.49,2515.69,2531.0,117822.453
2025-05-15 08:00:00,2530.99,2567.65,2517.53,2554.71,110523.8637
2025-05-15 12:00:00,2554.71,2579.61,2476.03,2563.76,203590.318
2025-05-15 16:00:00,2563.77,2603.59,2511.77,2530.98,143149.7719
2025-05-15 20:00:00,2531.0,2564.33,2512.06,2548.69,75541.0067
2025-05-16 00:00:00,2548.7,2584.62,2534.2,2581.35,78973.7415
2025-05-16 04:00:00,2581.4,2619.99,2564.0,2601.5,102489.8746
2025-05-16 08:00:00,2601.5,2649.31,2558.12,2620.83,145031.4625
2025-05-16 12:00:00,2620.82,2623.25,2573.8,2594.93,148721.2722
2025-05-16 16:00:00,2594.93,2602.01,2570.0,2591.8,63870.4425
2025-05-16 20:00:00,2591.89,2592.74,2529.4,2537.12,66866.8986
2025-05-17 00:00:00,2537.13,2538.16,2452.6,2496.98,179817.7157
2025-05-17 04:00:00,2497.0,2513.51,2474.93,2492.89,69826.1384
2025-05-17 08:00:00,2492.9,2496.2,2466.59,2481.67,58703.2416
2025-05-17 12:00:00,2481.67,2486.64,2446.42,2474.48,68534.1761
2025-05-17 16:00:00,2474.48,2488.69,2448.27,2470.19,62248.9258
2025-05-17 20:00:00,2470.18,2495.45,2453.26,2475.08,55203.0806
2025-05-18 00:00:00,2475.09,2487.44,2467.75,2477.2,33903.8121
2025-05-18 04:00:00,2477.2,2515.44,2477.2,2509.3,46436.55
2025-05-18 08:00:00,2509.29,2528.55,2498.11,2501.75,60946.9309
2025-05-18 12:00:00,2501.74,2587.61,2488.02,2578.99,119513.8117
2025-05-18 16:00:00,2579.0,2584.0,2403.33,2408.2,270494.374
2025-05-18 20:00:00,2408.2,2511.27,2323.21,2497.78,278807.7064
2025-05-19 00:00:00,2497.78,2513.67,2379.8,2385.31,164347.1386
2025-05-19 04:00:00,2385.32,2413.11,2348.38,2403.74,148408.0227
2025-05-19 08:00:00,2403.74,2422.69,2390.12,2417.58,86572.2101
2025-05-19 12:00:00,2417.58,2473.7,2383.8,2466.63,153649.8023
2025-05-19 16:00:00,2466.63,2547.36,2450.86,2518.82,201749.9999
2025-05-19 20:00:00,2518.81,2534.52,2492.43,2528.14,107020.3494
2025-05-20 00:00:00,2528.14,2588.63,2510.72,2553.3,153200.7856
2025-05-20 04:00:00,2553.29,2578.0,2521.9,2532.3,99367.8058
2025-05-20 08:00:00,2532.3,2540.0,2492.58,2514.2,74634.3571
2025-05-20 12:00:00,2514.2,2515.38,2464.56,2482.79,117320.7002
2025-05-20 16:00:00,2482.78,2511.46,2442.4,2501.28,132395.1503
2025-05-20 20:00:00,2501.29,2541.03,2485.1,2524.19,100070.3757
2025-05-21 00:00:00,2524.19,2554.5,2509.0,2544.98,94538.6309
2025-05-21 04:00:00,2544.98,2615.95,2534.52,2551.87,184170.6385
2025-05-21 08:00:00,2551.87,2562.15,2515.38,2536.65,101973.1883
2025-05-21 12:00:00,2536.64,2582.18,2522.22,2567.01,196379.57
2025-05-21 16:00:00,2567.02,2615.34,2452.2,2512.79,394137.9188
2025-05-21 20:00:00,2512.75,2597.92,2486.25,2550.99,124690.3437
2025-05-22 00:00:00,2551.0,2647.8,2544.83,2629.24,193398.7709
2025-05-22 04:00:00,2629.24,2647.5,2602.78,2635.19,186391.5049
2025-05-22 08:00:00,2635.19,2692.99,2627.32,2650.75,187811.6911
2025-05-22 12:00:00,2650.75,2679.99,2623.14,2664.48,143113.8209
2025-05-22 16:00:00,2664.48,2676.3,2626.37,2634.51,81782.0817
2025-05-22 20:00:00,2634.68,2665.9,2627.85,2664.82,60057.7974
2025-05-23 00:00:00,2664.83,2734.23,2645.16,2722.0,187067.1541
2025-05-23 04:00:00,2722.0,2725.96,2651.35,2655.2,136416.5241
2025-05-23 08:00:00,2655.2,2689.21,2551.0,2566.79,174275.1796
2025-05-23 12:00:00,2566.78,2591.95,2498.3,2568.53,287915.0191
2025-05-23 16:00:00,2568.53,2587.18,2545.91,2560.98,95376.1828
2025-05-23 20:00:00,2560.97,2562.4,2503.66,2526.5,90392.3935
2025-05-24 00:00:00,2526.49,2556.73,2515.08,2549.99,57804.475
2025-05-24 04:00:00,2550.0,2563.5,2535.08,2546.99,35663.2606
2025-05-24 08:00:00,2546.99,2575.85,2545.22,2563.31,43777.2332
2025-05-24 12:00:00,2563.32,2565.41,2543.51,2555.64,43615.7389
2025-05-24 16:00:00,2555.64,2567.38,2543.86,2554.47,29640.3749
2025-05-24 20:00:00,2554.48,2556.57,2517.65,2530.4,47043.1518
2025-05-25 00:00:00,2530.41,2539.5,2476.0,2512.78,94625.0126
2025-05-25 04:00:00,2512.79,2518.75,2487.22,2494.39,34574.3928
2025-05-25 08:00:00,2494.4,2502.19,2463.0,2497.91,73532.6991
2025-05-25 12:00:00,2497.91,2524.9,2479.24,2511.7,62833.3505
2025-05-25 16:00:00,2511.69,2535.66,2496.1,2526.6,35833.8594
2025-05-25 20:00:00,2526.6,2554.26,2507.65,2551.22,58490.7155
2025-05-26 00:00:00,2551.22,2577.0,2536.84,2560.3,79035.4012
2025-05-26 04:00:00,2560.29,2599.0,2557.3,2580.8,62048.7781
2025-05-26 08:00:00,2580.79,2582.7,2553.24,2568.08,50205.7588
2025-05-26 12:00:00,2568.08,2574.43,2539.23,2565.99,74983.034
2025-05-26 16:00:00,2566.0,2573.3,2525.86,2541.22,54080.3119
2025-05-26 20:00:00,2541.21,2584.65,2536.57,2563.7,42617.8342
2025-05-27 00:00:00,2563.7,2573.5,2509.46,2549.25,69713.0364
2025-05-27 04:00:00,2549.26,2619.48,2548.99,2607.59,197681.4542
2025-05-27 08:00:00,2607.6,2655.0,2607.59,2652.64,142343.8069
2025-05-27 12:00:00,2652.64,2683.87,2633.36,2668.2,187321.8228
2025-05-27 16:00:00,2668.2,2712.36,2658.36,2687.53,134840.7342
2025-05-27 20:00:00,2687.53,2694.12,2652.26,2660.81,66530.0317
2025-05-28 00:00:00,2660.81,2661.79,2618.34,2645.37,90117.4687
2025-05-28 04:00:00,2645.38,2652.57,2623.85,2636.39,53442.2005
2025-05-28 08:00:00,2636.39,2659.01,2608.5,2656.99,79915.2726
2025-05-28 12:00:00,2656.99,2689.14,2613.2,2626.9,163925.6089
2025-05-28 16:00:00,2626.9,2664.35,2615.32,2617.79,97533.2399
2025-05-28 20:00:00,2617.8,2686.4,2612.04,2681.6,75161.8927
2025-05-29 00:00:00,2681.61,2788.0,2669.01,2762.5,229259.2567
2025-05-29 04:00:00,2762.5,2766.8,2701.28,2731.28,126662.7696
2025-05-29 08:00:00,2731.29,2744.42,2707.1,2715.83,87809.0759
2025-05-29 12:00:00,2715.82,2718.6,2621.92,2643.68,199941.4085
2025-05-29 16:00:00,2643.68,2673.48,2628.99,2650.12,102620.318
2025-05-29 20:00:00,2650.12,2668.95,2619.05,2631.39,65274.4258
2025-05-30 00:00:00,2631.39,2645.23,2557.07,2631.19,155006.0398
2025-05-30 04:00:00,2631.19,2649.23,2606.8,2618.26,98621.6797
2025-05-30 08:00:00,2618.27,2628.1,2588.16,2622.04,94347.7511
2025-05-30 12:00:00,2622.04,2626.3,2572.56,2598.21,158089.2625
2025-05-30 16:00:00,2598.21,2604.28,2533.2,2574.41,150402.1797
2025-05-30 20:00:00,2574.41,2589.85,2507.35,2531.34,106578.3436
2025-05-31 00:00:00,2531.35,2539.98,2475.33,2513.98,168287.9684
2025-05-31 04:00:00,2513.98,2526.5,2504.63,2521.11,44367.3462
2025-05-31 08:00:00,2521.11,2538.45,2508.04,2519.61,49679.8374
2025-05-31 12:00:00,2519.61,2550.14,2515.95,2536.3,66920.1415
2025-05-31 16:00:00,2536.29,2547.99,2523.36,2537.4,29163.6348
2025-05-31 20:00:00,2537.39,2550.34,2524.41,2528.06,36118.3238
2025-06-01 00:00:00,2528.06,2530.38,2492.0,2513.3,70533.988
2025-06-01 04:00:00,2513.3,2527.28,2505.87,2509.0,27878.1156
2025-06-01 08:00:00,2509.0,2510.75,2477.77,2497.35,54403.224
2025-06-01 12:00:00,2497.35,2524.99,2468.56,2523.23,59879.6014
2025-06-01 16:00:00,2523.23,2547.79,2493.49,2526.38,77247.3012
2025-06-01 20:00:00,2526.38,2547.59,2519.42,2539.21,42079.4786
2025-06-02 00:00:00,2539.2,2541.71,2485.65,2496.31,62064.6801
2025-06-02 04:00:00,2496.3,2513.97,2483.37,2506.94,46755.833
2025-06-02 08:00:00,2506.94,2515.92,2475.0,2480.94,72369.9377
2025-06-02 12:00:00,2480.93,2556.74,2477.88,2544.39,117634.5723
2025-06-02 16:00:00,2544.39,2565.56,2524.8,2532.44,84111.6306
2025-06-02 20:00:00,2532.45,2615.0,2532.2,2607.41,85953.32
2025-06-03 00:00:00,2607.42,2649.91,2589.3,2603.39,131030.6321
2025-06-03 04:00:00,2603.38,2620.75,2589.91,2609.99,51167.9653
2025-06-03 08:00:00,2610.0,2620.34,2594.79,2601.78,52849.5399
2025-06-03 12:00:00,2601.78,2655.38,2598.02,2623.58,102211.9356
2025-06-03 16:00:00,2623.58,2628.57,2602.56,2625.16,59674.1095
2025-06-03 20:00:00,2625.19,2625.61,2575.0,2593.36,57448.8615
2025-06-04 00:00:00,2593.35,2640.83,2583.5,2627.9,61798.9202
2025-06-04 04:00:00,2627.89,2644.77,2619.3,2627.74,62938.1514
2025-06-04 08:00:00,2627.75,2650.0,2624.0,2624.4,63468.9201
2025-06-04 12:00:00,2624.41,2679.88,2594.49,2667.93,172701.2856
2025-06-04 16:00:00,2667.92,2669.59,2622.22,2623.72,77307.5958
2025-06-04 20:00:00,2623.72,2625.1,2599.11,2607.68,64279.9483
2025-06-05 00:00:00,2607.68,2632.47,2601.25,2624.99,40676.0642
2025-06-05 04:00:00,2625.0,2634.46,2601.08,2604.08,61524.8808
2025-06-05 08:00:00,2604.09,2613.72,2580.88,2608.01,59838.8406
2025-06-05 12:00:00,2608.01,2640.86,2562.85,2589.43,182112.4377
2025-06-05 16:00:00,2589.44,2591.59,2506.4,2528.96,157136.102
2025-06-05 20:00:00,2528.96,2535.7,2391.66,2414.01,307649.7091
2025-06-06 00:00:00,2414.02,2457.12,2381.49,2455.71,152999.571
2025-06-06 04:00:00,2455.7,2468.55,2446.68,2455.64,89808.4824
2025-06-06 08:00:00,2455.64,2493.82,2454.01,2476.15,74073.1256
2025-06-06 12:00:00,2476.15,2531.36,2466.45,2509.63,148482.2253
2025-06-06 16:00:00,2509.62,2518.38,2483.22,2484.02,70686.2465
2025-06-06 20:00:00,2484.02,2507.06,2472.71,2476.1,42793.8466
2025-06-07 00:00:00,2476.1,2493.47,2457.0,2488.98,53068.2557
2025-06-07 04:00:00,2488.99,2502.0,2480.0,2491.28,46296.7577
2025-06-07 08:00:00,2491.27,2501.4,2482.11,2495.75,29169.0092
2025-06-07 12:00:00,2495.76,2523.61,2492.81,2519.75,56362.6484
2025-06-07 16:00:00,2519.75,2525.79,2506.69,2517.31,41024.5351
2025-06-07 20:00:00,2517.3,2544.36,2517.3,2524.63,38866.4682
2025-06-08 00:00:00,2524.64,2525.92,2508.08,2511.72,37219.908
2025-06-08 04:00:00,2511.72,2519.9,2508.32,2514.45,20757.6078
2025-06-08 08:00:00,2514.45,2521.13,2490.58,2513.51,56611.4709
2025-06-08 12:00:00,2513.5,2527.35,2500.21,2514.44,40763.927
2025-06-08 16:00:00,2514.44,2540.5,2512.62,2532.56,54196.2283
2025-06-08 20:00:00,2532.56,2548.63,2500.0,2509.83,56925.5719
2025-06-09 00:00:00,2509.84,2511.79,2482.15,2496.86,64068.886
2025-06-09 04:00:00,2496.85,2496.85,2477.73,2491.77,38565.8381
2025-06-09 08:00:00,2491.77,2547.17,2484.47,2541.79,105670.6597
2025-06-09 12:00:00,2541.78,2548.9,2509.94,2534.11,85277.028
2025-06-09 16:00:00,2534.11,2590.0,2534.1,2580.59,102931.886
2025-06-09 20:00:00,2580.58,2693.99,2575.72,2680.13,172212.0047
2025-06-10 00:00:00,2680.13,2726.78,2675.16,2688.88,195206.6267
2025-06-10 04:00:00,2688.89,2699.27,2655.61,2677.35,105454.7733
2025-06-10 08:00:00,2677.36,2798.76,2670.0,2773.64,225740.6996
2025-06-10 12:00:00,2773.64,2778.7,2690.0,2732.95,268487.1119
2025-06-10 16:00:00,2732.96,2806.0,2728.75,2773.68,164966.529
2025-06-10 20:00:00,2773.69,2827.0,2734.93,2816.4,178549.737
2025-06-11 00:00:00,2816.41,2834.86,2771.8,2791.06,101757.4584
2025-06-11 04:00:00,2791.07,2804.03,2780.15,2791.59,63641.1196
2025-06-11 08:00:00,2791.6,2793.57,2754.0,2772.25,77665.6327
2025-06-11 12:00:00,2772.26,2879.22,2764.1,2865.21,303126.4741
2025-06-11 16:00:00,2865.2,2875.72,2801.5,2813.35,187028.7991
2025-06-11 20:00:00,2813.32,2831.21,2743.75,2771.61,116991.4485
2025-06-12 00:00:00,2771.6,2784.83,2746.49,2765.08,90556.9862
2025-06-12 04:00:00,2765.08,2777.21,2733.68,2741.0,83213.918
2025-06-12 08:00:00,2740.99,2762.11,2720.38,2729.8,89210.6044
2025-06-12 12:00:00,2729.8,2773.21,2711.94,2719.79,146462.3222
2025-06-12 16:00:00,2719.79,2771.0,2690.93,2695.0,116051.0025
2025-06-12 20:00:00,2695.0,2703.6,2616.24,2642.65,174098.5424
2025-06-13 00:00:00,2642.66,2645.45,2436.98,2514.33,583148.633
2025-06-13 04:00:00,2514.32,2542.26,2492.0,2526.45,161519.4877
2025-06-13 08:00:00,2526.46,2545.55,2506.84,2545.4,115082.6187
2025-06-13 12:00:00,2545.41,2563.24,2502.9,2551.27,167730.5337
2025-06-13 16:00:00,2551.28,2585.2,2510.0,2527.72,118497.7656
2025-06-13 20:00:00,2527.72,2583.24,2524.19,2579.19,56197.2585
2025-06-14 00:00:00,2579.19,2579.43,2547.03,2548.76,64282.3801
2025-06-14 04:00:00,2548.76,2556.62,2525.72,2537.5,36813.2957
2025-06-14 08:00:00,2537.5,2539.79,2518.51,2538.52,40689.0778
2025-06-14 12:00:00,2538.51,2546.19,2504.95,2519.42,56895.4673
2025-06-14 16:00:00,2519.41,2526.11,2488.72,2507.5,88407.3102
2025-06-14 20:00:00,2507.5,2540.19,2496.58,2530.76,44351.3967
2025-06-15 00:00:00,2530.77,2540.99,2524.77,2530.1,26111.501
2025-06-15 04:00:00,2530.11,2553.08,2522.54,2528.61,46103.4273
2025-06-15 08:00:00,2528.61,2529.97,2508.45,2516.1,40898.7941
2025-06-15 12:00:00,2516.1,2554.96,2516.0,2541.81,63323.117
2025-06-15 16:00:00,2541.81,2559.51,2531.09,2536.79,44829.9693
2025-06-15 20:00:00,2536.79,2549.96,2492.0,2547.61,78434.8537
2025-06-16 00:00:00,2547.62,2579.0,2514.85,2568.25,87899.7186
2025-06-16 04:00:00,2568.25,2638.5,2566.61,2628.68,125755.977
2025-06-16 08:00:00,2628.69,2633.8,2592.6,2617.01,85218.9976
2025-06-16 12:00:00,2617.01,2657.9,2604.7,2632.25,113016.5695
2025-06-16 16:00:00,2632.24,2670.56,2627.62,2660.53,79211.7335
2025-06-16 20:00:00,2660.54,2680.34,2535.0,2544.17,189326.9918
2025-06-17 00:00:00,2544.17,2618.6,2524.54,2607.4,134766.9166
2025-06-17 04:00:00,2607.4,2610.49,2570.24,2582.26,71480.3659
2025-06-17 08:00:00,2582.25,2585.47,2541.6,2552.19,94184.3788
2025-06-17 12:00:00,2552.18,2567.97,2482.53,2499.0,163583.0522
2025-06-17 16:00:00,2499.01,2543.75,2453.8,2528.36,178174.7294
2025-06-17 20:00:00,2528.36,2534.36,2492.07,2509.95,73740.9652
2025-06-18 00:00:00,2509.95,2536.82,2504.55,2527.95,53251.4578
2025-06-18 04:00:00,2527.96,2546.91,2517.82,2533.55,43397.4947
2025-06-18 08:00:00,2533.54,2548.42,2488.27,2513.86,74243.8829
2025-06-18 12:00:00,2513.86,2538.7,2465.78,2508.96,143304.8759
2025-06-18 16:00:00,2508.96,2519.37,2467.12,2492.42,125864.4019
2025-06-18 20:00:00,2492.42,2537.48,2482.7,2525.0,64470.0686
2025-06-19 00:00:00,2525.0,2546.91,2506.2,2525.43,50666.9692
2025-06-19 04:00:00,2525.44,2531.23,2514.44,2518.99,25325.6687
2025-06-19 08:00:00,2518.99,2544.81,2518.99,2531.83,42387.306
2025-06-19 12:00:00,2531.82,2536.83,2490.0,2492.97,55400.4016
2025-06-19 16:00:00,2492.97,2523.0,2485.03,2504.87,39512.2462
2025-06-19 20:00:00,2504.87,2532.0,2502.99,2521.12,39353.4673
2025-06-20 00:00:00,2521.13,2531.49,2512.45,2517.19,31393.7018
2025-06-20 04:00:00,2517.2,2550.44,2503.64,2549.64,51587.8045
2025-06-20 08:00:00,2549.64,2569.0,2541.03,2549.65,67594.7504
2025-06-20 12:00:00,2549.64,2559.55,2487.56,2493.78,121310.6626
2025-06-20 16:00:00,2493.78,2496.2,2367.36,2414.85,287925.9928
2025-06-20 20:00:00,2414.84,2437.6,2381.96,2406.49,72214.9114
2025-06-21 00:00:00,2406.49,2432.11,2395.99,2425.59,40790.6059
2025-06-21 04:00:00,2425.59,2428.41,2419.0,2426.85,20369.1082
2025-06-21 08:00:00,2426.85,2448.8,2423.51,2442.75,51774.242
2025-06-21 12:00:00,2442.75,2445.2,2412.29,2423.59,49701.538
2025-06-21 16:00:00,2423.59,2428.23,2382.25,2384.76,59605.916
2025-06-21 20:00:00,2384.76,2409.42,2216.0,2295.73,274542.4539
2025-06-22 00:00:00,2295.72,2314.48,2246.25,2264.58,166578.0486
2025-06-22 04:00:00,2264.58,2298.22,2261.93,2270.68,57009.1072
2025-06-22 08:00:00,2270.69,2280.0,2236.05,2273.0,72607.0
2025-06-22 12:00:00,2273.0,2287.0,2156.21,2174.91,292034.3633
2025-06-22 16:00:00,2174.9,2219.95,2170.8,2183.78,89014.7447
2025-06-22 20:00:00,2183.79,2237.23,2111.89,2227.7,162912.5657
2025-06-23 00:00:00,2227.7,2260.42,2222.3,2234.68,68795.3555
2025-06-23 04:00:00,2234.67,2275.67,2227.89,2258.88,70994.6973
2025-06-23 08:00:00,2258.87,2274.7,2238.68,2253.37,49645.3616
2025-06-23 12:00:00,2253.38,2313.53,2232.45,2248.54,136331.6908
2025-06-23 16:00:00,2248.53,2325.16,2188.0,2312.77,220903.2916
2025-06-23 20:00:00,2312.77,2438.68,2303.79,2411.66,197913.4035
2025-06-24 00:00:00,2411.66,2418.09,2389.31,2398.51,77312.5382
2025-06-24 04:00:00,2398.51,2434.82,2391.2,2393.31,82496.9021
2025-06-24 08:00:00,2393.31,2449.14,2376.11,2409.44,111376.6709
2025-06-24 12:00:00,2409.44,2454.73,2402.89,2438.1,105117.6792
2025-06-24 16:00:00,2438.11,2482.04,2417.22,2434.24,105632.5355
2025-06-24 20:00:00,2434.23,2450.41,2430.7,2448.45,34824.3362
2025-06-25 00:00:00,2448.46,2468.69,2436.62,2444.38,42639.6986
2025-06-25 04:00:00,2444.38,2450.66,2424.21,2444.54,44534.8769
2025-06-25 08:00:00,2444.55,2448.47,2407.63,2428.95,83084.6157
2025-06-25 12:00:00,2428.96,2446.59,2389.69,2405.68,141883.7007
2025-06-25 16:00:00,2405.69,2440.0,2401.37,2432.79,61107.3493
2025-06-25 20:00:00,2432.79,2454.98,2408.02,2418.49,41644.4975
2025-06-26 00:00:00,2418.5,2520.92,2416.99,2488.78,136035.3947
2025-06-26 04:00:00,2488.79,2500.56,2467.14,2489.89,52296.5835
2025-06-26 08:00:00,2489.88,2500.4,2440.0,2450.36,65119.1136
2025-06-26 12:00:00,2450.35,2459.49,2409.51,2433.03,111170.2777
2025-06-26 16:00:00,2433.04,2442.91,2418.2,2435.87,40389.0057
2025-06-26 20:00:00,2435.86,2457.32,2394.32,2415.96,58693.6509
2025-06-27 00:00:00,2415.96,2448.84,2382.53,2446.97,77786.3549
2025-06-27 04:00:00,2446.98,2459.53,2434.63,2442.31,73097.8158
2025-06-27 08:00:00,2442.3,2463.54,2435.25,2447.25,65938.1952
2025-06-27 12:00:00,2447.25,2456.92,2414.15,2438.25,67273.5894
2025-06-27 16:00:00,2438.26,2449.44,2388.29,2412.67,58701.6025
2025-06-27 20:00:00,2412.67,2429.47,2411.54,2423.17,38677.2082
2025-06-28 00:00:00,2423.17,2423.91,2405.81,2420.93,22573.1079
2025-06-28 04:00:00,2420.93,2433.86,2417.86,2431.76,25863.0167
2025-06-28 08:00:00,2431.77,2432.44,2419.65,2427.42,35720.7253
2025-06-28 12:00:00,2427.42,2443.0,2420.0,2436.09,23960.841
2025-06-28 16:00:00,2436.1,2447.8,2431.64,2433.22,33334.2293
2025-06-28 20:00:00,2433.21,2442.21,2427.44,2435.62,14363.0657
2025-06-29 00:00:00,2435.62,2442.77,2424.65,2427.86,21222.2303
2025-06-29 04:00:00,2427.87,2440.5,2426.64,2440.5,14615.4811
2025-06-29 08:00:00,2440.51,2463.88,2438.33,2462.25,54997.0646
2025-06-29 12:00:00,2462.24,2463.48,2432.88,2436.68,38138.631
2025-06-29 16:00:00,2436.69,2442.55,2429.58,2437.96,21035.621
2025-06-29 20:00:00,2437.97,2525.0,2412.0,2500.09,134282.7777
2025-06-30 00:00:00,2500.09,2524.3,2495.17,2499.21,79654.3745
2025-06-30 04:00:00,2499.2,2505.31,2456.37,2480.59,66271.4295
2025-06-30 08:00:00,2480.6,2486.64,2446.68,2458.52,59663.3951
2025-06-30 12:00:00,2458.51,2488.0,2431.0,2474.78,95201.2301
2025-06-30 16:00:00,2474.77,2518.49,2461.88,2515.71,85849.3761
2025-06-30 20:00:00,2515.71,2522.17,2482.54,2485.47,53815.9087
2025-07-01 00:00:00,2485.47,2500.8,2477.44,2485.42,35064.2225
2025-07-01 04:00:00,2485.43,2485.91,2445.45,2465.03,57251.4543
2025-07-01 08:00:00,2465.03,2465.04,2440.0,2449.06,59693.7098
2025-07-01 12:00:00,2449.05,2456.55,2406.7,2423.54,96182.0218
2025-07-01 16:00:00,2423.54,2434.0,2400.0,2402.87,45021.1484
2025-07-01 20:00:00,2402.87,2418.57,2386.52,2405.01,58738.53
2025-07-02 00:00:00,2405.01,2432.41,2373.0,2430.55,51415.4396
2025-07-02 04:00:00,2430.55,2454.7,2425.47,2447.03,53917.342
2025-07-02 08:00:00,2447.03,2459.99,2441.7,2445.7,51333.2834
2025-07-02 12:00:00,2445.69,2502.85,2431.56,2498.81,100535.9703
2025-07-02 16:00:00,2498.82,2607.71,2495.03,2604.73,259492.6934
2025-07-02 20:00:00,2604.73,2619.28,2569.14,2570.41,118272.305
2025-07-03 00:00:00,2570.41,2587.54,2556.12,2561.23,66739.9117
2025-07-03 04:00:00,2561.22,2605.74,2559.34,2600.18,65796.6558
2025-07-03 08:00:00,2600.19,2616.96,2581.58,2597.59,83170.9032
2025-07-03 12:00:00,2597.58,2635.5,2565.46,2570.52,191424.4306
2025-07-03 16:00:00,2570.52,2592.43,2565.31,2586.02,62365.8684
2025-07-03 20:00:00,2586.02,2603.6,2585.69,2591.25,35445.8895
2025-07-04 00:00:00,2591.26,2603.17,2571.56,2577.93,39051.4838
2025-07-04 04:00:00,2577.93,2584.64,2530.3,2534.9,78695.4357
2025-07-04 08:00:00,2534.9,2558.66,2527.37,2549.21,48106.8639
2025-07-04 12:00:00,2549.2,2555.96,2498.36,2500.52,116758.4969
2025-07-04 16:00:00,2500.52,2503.5,2474.24,2482.58,130796.5218
2025-07-04 20:00:00,2482.57,2520.85,2481.21,2508.04,39184.2179
2025-07-05 00:00:00,2508.04,2524.92,2498.63,2518.24,25534.4243
2025-07-05 04:00:00,2518.24,2529.81,2512.63,2521.31,18659.4764
2025-07-05 08:00:00,2521.32,2526.45,2508.83,2518.11,22957.673
2025-07-05 12:00:00,2518.11,2521.98,2505.35,2507.67,30633.266
2025-07-05 16:00:00,2507.67,2512.95,2487.95,2505.74,41908.6321
2025-07-05 20:00:00,2505.73,2522.52,2498.28,2516.41,17504.624
2025-07-06 00:00:00,2516.42,2520.84,2509.47,2514.77,16689.3617
2025-07-06 04:00:00,2514.78,2526.66,2508.66,2517.85,22907.8942
2025-07-06 08:00:00,2517.85,2518.44,2503.5,2516.14,24935.4266
2025-07-06 12:00:00,2516.14,2570.0,2511.94,2558.72,80738.4177
2025-07-06 16:00:00,2558.71,2560.81,2523.33,2541.06,46446.2339
2025-07-06 20:00:00,2541.05,2605.0,2540.06,2570.35,85876.2978
2025-07-07 00:00:00,2570.35,2590.57,2550.46,2577.42,43450.6801
2025-07-07 04:00:00,2577.41,2580.64,2560.0,2578.34,31939.7374
2025-07-07 08:00:00,2578.33,2588.42,2552.57,2562.99,42870.5631
2025-07-07 12:00:00,2562.99,2569.12,2527.5,2533.81,87925.5273
2025-07-07 16:00:00,2533.81,2557.49,2512.0,2543.97,82559.972
2025-07-07 20:00:00,2543.97,2545.45,2523.33,2542.29,26961.0473
2025-07-08 00:00:00,2542.3,2554.56,2523.59,2538.34,45379.9257
2025-07-08 04:00:00,2538.33,2563.8,2532.0,2553.42,41418.5715
2025-07-08 08:00:00,2553.42,2585.38,2543.33,2575.15,47897.3718
2025-07-08 12:00:00,2575.16,2600.62,2557.86,2564.68,77029.4018
2025-07-08 16:00:00,2564.68,2628.21,2559.68,2610.61,124670.1733
2025-07-08 20:00:00,2610.61,2617.7,2596.85,2615.25,34520.288
2025-07-09 00:00:00,2615.25,2626.72,2589.78,2591.75,36059.8945
2025-07-09 04:00:00,2591.74,2647.0,2590.98,2624.86,65726.3541
2025-07-09 08:00:00,2624.86,2630.31,2604.37,2626.43,48393.0511
2025-07-09 12:00:00,2626.43,2674.81,2623.95,2656.83,174568.8613
2025-07-09 16:00:00,2656.84,2795.74,2652.41,2765.01,218869.8532
2025-07-09 20:00:00,2765.01,2783.16,2731.72,2768.74,142501.363
2025-07-10 00:00:00,2768.74,2798.0,2755.5,2776.13,83700.9931
2025-07-10 04:00:00,2776.13,2823.18,2765.53,2791.09,153381.5099
2025-07-10 08:00:00,2791.08,2797.0,2772.0,2778.69,80534.4173
2025-07-10 12:00:00,2778.69,2795.0,2758.78,2769.32,104583.5693
2025-07-10 16:00:00,2769.32,2840.69,2769.03,2816.21,174872.027
2025-07-10 20:00:00,2816.21,3000.0,2813.13,2951.29,354823.5534
2025-07-11 00:00:00,2951.29,2975.0,2913.75,2969.74,129986.2632
2025-07-11 04:00:00,2969.75,3029.55,2946.02,2968.49,205429.0153
2025-07-11 08:00:00,2968.81,3040.15,2963.51,2984.0,176478.9336
2025-07-11 12:00:00,2984.01,3009.64,2939.36,2951.09,183069.2994
2025-07-11 16:00:00,2951.09,3010.39,2936.46,3007.6,121178.0576
2025-07-11 20:00:00,3007.6,3010.0,2923.32,2958.22,90697.5998
2025-07-12 00:00:00,2958.21,2970.85,2932.0,2966.09,47769.6089
2025-07-12 04:00:00,2966.1,2977.94,2937.7,2962.85,54739.0406
2025-07-12 08:00:00,2962.84,2979.78,2957.51,2963.39,48317.1794
2025-07-12 12:00:00,2963.39,2967.59,2903.85,2916.05,113763.8372
2025-07-12 16:00:00,2916.05,2945.83,2910.49,2941.18,42874.7113
2025-07-12 20:00:00,2941.18,2948.0,2915.0,2943.28,41420.5103
2025-07-13 00:00:00,2943.29,2960.7,2936.49,2955.1,32411.5886
2025-07-13 04:00:00,2955.11,2967.97,2949.64,2962.94,29321.3817
2025-07-13 08:00:00,2962.95,2965.66,2944.49,2964.58,33777.469
2025-07-13 12:00:00,2964.57,3020.31,2958.92,2992.43,129614.6883
2025-07-13 16:00:00,2992.43,3010.65,2962.65,2989.45,59449.3596
2025-07-13 20:00:00,2989.46,2998.92,2940.24,2972.03,72759.0144
2025-07-14 00:00:00,2972.03,3051.26,2962.81,3037.36,125331.2348
2025-07-14 04:00:00,3037.35,3065.57,3016.91,3045.02,176067.3527
2025-07-14 08:00:00,3045.02,3083.0,3023.08,3051.72,153682.6878
2025-07-14 12:00:00,3051.71,3068.33,2993.2,3012.49,173256.291
2025-07-14 16:00:00,3012.48,3029.96,2983.0,3000.33,121773.2371
2025-07-14 20:00:00,3000.35,3018.88,2980.97,3013.62,65441.8462
2025-07-15 00:00:00,3013.61,3023.2,2932.46,2951.8,137032.5847
2025-07-15 04:00:00,2951.79,2995.89,2934.83,2977.49,98226.7001
2025-07-15 08:00:00,2977.5,2989.25,2958.84,2981.11,60092.5512
2025-07-15 12:00:00,2981.12,3067.43,2967.0,3039.93,244113.4454
2025-07-15 16:00:00,3039.94,3097.32,3032.35,3040.88,223763.2107
2025-07-15 20:00:00,3040.87,3144.14,3029.63,3137.89,100355.2456
2025-07-16 00:00:00,3137.9,3152.53,3103.17,3115.99,107060.7869
2025-07-16 04:00:00,3116.0,3175.0,3101.0,3162.45,110053.9263
2025-07-16 08:00:00,3162.44,3173.47,3143.81,3150.5,97381.3174
2025-07-16 12:00:00,3150.49,3265.44,3147.46,3244.49,278582.4246
2025-07-16 16:00:00,3244.48,3384.23,3235.0,3384.23,329179.6876
2025-07-16 20:00:00,3384.22,3425.0,3344.0,3371.35,213692.4403
2025-07-17 00:00:00,3371.35,3398.18,3310.77,3330.14,136566.2565
2025-07-17 04:00:00,3330.13,3468.0,3320.0,3447.9,159797.002
2025-07-17 08:00:00,3447.9,3480.19,3425.49,3433.29,156281.7676
2025-07-17 12:00:00,3433.3,3439.64,3361.2,3420.49,187960.2841
2025-07-17 16:00:00,3420.49,3455.54,3364.43,3412.33,143203.4818
2025-07-17 20:00:00,3412.32,3523.44,3372.51,3476.87,190257.0344
2025-07-18 00:00:00,3476.88,3626.57,3458.68,3596.4,250277.7388
2025-07-18 04:00:00,3596.4,3673.84,3576.0,3604.1,239600.3676
2025-07-18 08:00:00,3604.1,3628.12,3582.41,3610.24,150319.7932
2025-07-18 12:00:00,3610.23,3671.5,3530.0,3563.68,278381.8867
2025-07-18 16:00:00,3563.68,3624.8,3538.0,3551.59,121323.4152
2025-07-18 20:00:00,3551.59,3576.76,3477.58,3546.92,123920.1962
2025-07-19 00:00:00,3546.92,3599.0,3506.79,3592.98,79193.0349
2025-07-19 04:00:00,3592.97,3608.3,3567.05,3571.47,53185.9792
2025-07-19 08:00:00,3571.46,3578.38,3538.07,3552.75,63369.9911
2025-07-19 12:00:00,3552.75,3572.31,3526.44,3552.0,70947.4114
2025-07-19 16:00:00,3552.0,3581.92,3532.78,3577.61,63243.4261
2025-07-19 20:00:00,3577.61,3598.31,3539.0,3592.01,51852.0786
2025-07-20 00:00:00,3592.0,3694.99,3579.13,3658.01,120180.4935
2025-07-20 04:00:00,3658.01,3689.97,3633.18,3668.49,83643.0008
2025-07-20 08:00:00,3668.5,3766.45,3668.5,3756.71,196973.3489
2025-07-20 12:00:00,3756.7,3790.0,3724.94,3786.05,132622.0181
2025-07-20 16:00:00,3786.06,3824.56,3730.72,3749.93,184914.7826
2025-07-20 20:00:00,3749.93,3772.97,3681.6,3756.69,134022.9094
2025-07-21 00:00:00,3756.69,3766.28,3701.01,3757.37,101795.1978
2025-07-21 04:00:00,3757.38,3812.49,3747.38,3787.69,112872.7327
2025-07-21 08:00:00,3787.7,3837.0,3755.32,3808.69,138350.401
2025-07-21 12:00:00,3808.69,3860.0,3775.39,3810.37,179461.8476
2025-07-21 16:00:00,3810.37,3817.28,3719.0,3736.46,214277.1512
2025-07-21 20:00:00,3736.47,3779.48,3719.7,3762.33,65316.7231
2025-07-22 00:00:00,3762.32,3798.65,3696.18,3731.14,142115.4027
2025-07-22 04:00:00,3731.13,3734.01,3646.0,3676.91,170003.3783
2025-07-22 08:00:00,3676.91,3719.99,3616.54,3705.3,161764.7815
2025-07-22 12:00:00,3705.3,3728.53,3625.42,3718.11,204142.8732
2025-07-22 16:00:00,3718.11,3748.9,3655.19,3670.14,122042.4043
2025-07-22 20:00:00,3670.13,3751.0,3662.14,3746.21,70058.5464
2025-07-23 00:00:00,3746.21,3764.2,3712.45,3728.63,94168.634
2025-07-23 04:00:00,3728.63,3737.6,3663.91,3673.33,75662.4304
2025-07-23 08:00:00,3673.33,3698.0,3639.96,3671.99,85820.92
2025-07-23 12:00:00,3671.99,3680.68,3573.47,3644.22,267456.6077
2025-07-23 16:00:00,3644.21,3644.21,3552.0,3587.75,162389.0403
2025-07-23 20:00:00,3587.74,3634.93,3527.0,3628.29,114761.7701
2025-07-24 00:00:00,3628.29,3665.31,3612.57,3641.19,55247.2289
2025-07-24 04:00:00,3641.19,3657.57,3502.85,3591.9,160457.1539
2025-07-24 08:00:00,3591.9,3660.36,3580.79,3655.12,120812.1182
2025-07-24 12:00:00,3655.12,3771.0,3612.96,3730.76,206707.6566
2025-07-24 16:00:00,3730.77,3754.17,3666.74,3732.79,135066.6564
2025-07-24 20:00:00,3732.77,3743.44,3695.32,3706.94,71168.681
2025-07-25 00:00:00,3706.95,3708.21,3573.76,3596.0,174613.3279
2025-07-25 04:00:00,3596.01,3667.59,3580.0,3631.67,138812.6314
2025-07-25 08:00:00,3631.67,3747.0,3629.1,3721.37,150331.2639
2025-07-25 12:00:00,3721.37,3735.0,3601.56,3634.2,155344.4949
2025-07-25 16:00:00,3634.21,3659.75,3615.0,3641.14,78268.9365
2025-07-25 20:00:00,3641.15,3730.0,3639.5,3724.96,67236.0715
2025-07-26 00:00:00,3724.97,3767.13,3697.66,3739.51,73919.6127
2025-07-26 04:00:00,3739.5,3756.62,3731.53,3742.21,44556.8773
2025-07-26 08:00:00,3742.2,3782.83,3730.25,3739.36,110694.4458
2025-07-26 12:00:00,3739.37,3754.2,3715.58,3735.72,64440.8109
2025-07-26 16:00:00,3735.72,3756.06,3709.39,3750.5,53501.8339
2025-07-26 20:00:00,3750.5,3793.0,3733.49,3741.1,60146.1218
2025-07-27 00:00:00,3741.11,3787.8,3731.0,3774.03,41045.2346
2025-07-27 04:00:00,3774.03,3811.0,3763.0,3768.01,60429.0286
2025-07-27 08:00:00,3768.0,3842.95,3751.0,3815.26,90831.0542
2025-07-27 12:00:00,3815.26,3836.54,3791.48,3818.53,90376.2482
2025-07-27 16:00:00,3818.53,3868.08,3809.01,3828.32,109495.5836
2025-07-27 20:00:00,3828.33,3879.82,3816.01,3872.1,65175.3113
2025-07-28 00:00:00,3872.11,3907.4,3843.0,3879.81,101123.9194
2025-07-28 04:00:00,3879.81,3941.0,3868.34,3893.0,116692.6349
2025-07-28 08:00:00,3893.01,3901.94,3860.01,3879.79,61307.7424
2025-07-28 12:00:00,3879.8,3889.99,3773.33,3808.11,175985.1258
2025-07-28 16:00:00,3808.11,3822.8,3754.0,3797.36,100389.1324
2025-07-28 20:00:00,3797.37,3803.98,3765.88,3799.0,65496.1914
2025-07-29 00:00:00,3799.0,3821.48,3731.21,3791.9,98310.4444
2025-07-29 04:00:00,3791.91,3880.0,3775.77,3877.36,85485.2262
2025-07-29 08:00:00,3877.36,3886.44,3811.78,3825.9,82993.7615
2025-07-29 12:00:00,3825.89,3874.54,3747.0,3761.57,140877.5291
2025-07-29 16:00:00,3761.56,3797.0,3716.04,3765.89,117271.5126
2025-07-29 20:00:00,3765.89,3801.77,3739.14,3793.79,59271.9655
2025-07-30 00:00:00,3793.79,3828.71,3756.0,3817.47,65329.138
2025-07-30 04:00:00,3817.46,3834.03,3786.87,3811.44,52195.7236
2025-07-30 08:00:00,3811.44,3825.73,3744.16,3758.18,74284.4796
2025-07-30 12:00:00,3758.18,3832.0,3749.74,3797.25,90460.8437
2025-07-30 16:00:00,3797.25,3822.0,3677.65,3760.68,175379.9749
2025-07-30 20:00:00,3760.67,3811.93,3742.79,3810.0,67774.7405
2025-07-31 00:00:00,3810.0,3868.0,3801.53,3863.31,100247.8735
2025-07-31 04:00:00,3863.31,3878.67,3854.77,3863.81,57223.3568
2025-07-31 08:00:00,3863.81,3873.28,3826.3,3838.46,55333.2924
2025-07-31 12:00:00,3838.45,3845.09,3762.27,3788.38,109596.7847
2025-07-31 16:00:00,3788.39,3819.0,3735.0,3737.72,99597.7602
2025-07-31 20:00:00,3737.71,3758.56,3684.33,3698.39,94089.3827
2025-08-01 00:00:00,3698.39,3724.02,3616.66,3704.98,149144.9601
2025-08-01 04:00:00,3704.98,3704.98,3624.11,3650.74,100331.0096
2025-08-01 08:00:00,3650.73,3650.73,3585.69,3642.72,106483.8433
2025-08-01 12:00:00,3642.72,3675.85,3565.0,3616.1,152982.1001
2025-08-01 16:00:00,3616.1,3634.0,3515.13,3518.4,133452.712
2025-08-01 20:00:00,3518.42,3553.21,3431.75,3488.2,141474.5266
2025-08-02 00:00:00,3488.21,3532.3,3478.42,3528.79,76611.6359
2025-08-02 04:00:00,3528.79,3537.69,3455.0,3519.16,78666.8207
2025-08-02 08:00:00,3519.17,3524.25,3474.23,3508.67,52942.9471
2025-08-02 12:00:00,3508.67,3517.56,3451.43,3459.33,61057.5545
2025-08-02 16:00:00,3459.33,3481.64,3372.47,3383.2,155907.9965
2025-08-02 20:00:00,3383.2,3441.69,3368.29,3393.94,69008.7547
2025-08-03 00:00:00,3393.94,3452.29,3354.28,3444.12,70214.7952
2025-08-03 04:00:00,3444.13,3459.62,3433.98,3456.25,33125.7736
2025-08-03 08:00:00,3456.24,3516.31,3454.11,3485.46,58025.3762
2025-08-03 12:00:00,3485.45,3504.27,3454.34,3476.49,51259.7992
2025-08-03 16:00:00,3476.49,3515.0,3467.85,3496.74,46815.2855
2025-08-03 20:00:00,3496.75,3521.79,3483.5,3496.74,36906.6461
2025-08-04 00:00:00,3496.75,3576.07,3490.73,3556.8,75541.3278
2025-08-04 04:00:00,3556.79,3565.67,3520.69,3551.99,47698.2079
2025-08-04 08:00:00,3552.0,3574.47,3542.25,3555.7,45699.2755
2025-08-04 12:00:00,3555.71,3665.6,3551.1,3648.89,135330.5801
2025-08-04 16:00:00,3648.89,3718.54,3648.85,3669.73,85223.4994
2025-08-04 20:00:00,3669.73,3736.73,3661.21,3720.99,73857.0954
2025-08-05 00:00:00,3720.99,3722.24,3648.24,3651.94,75119.4199
2025-08-05 04:00:00,3651.94,3679.69,3601.53,3613.49,70853.7586
2025-08-05 08:00:00,3613.49,3694.06,3608.1,3673.79,67427.9027
2025-08-05 12:00:00,3673.8,3680.58,3555.0,3570.43,165645.9535
2025-08-05 16:00:00,3570.43,3612.26,3559.71,3571.66,64656.721
2025-08-05 20:00:00,3571.65,3624.56,3546.0,3612.0,45367.2032
2025-08-06 00:00:00,3612.01,3614.0,3564.19,3583.66,41403.6119
2025-08-06 04:00:00,3583.67,3662.0,3569.28,3639.82,70989.2724
2025-08-06 08:00:00,3639.81,3644.6,3607.54,3619.64,48235.9133
2025-08-06 12:00:00,3619.63,3669.38,3574.05,3664.69,102539.587
2025-08-06 16:00:00,3664.7,3698.6,3638.56,3683.65,63895.5877
2025-08-06 20:00:00,3683.66,3686.17,3652.38,3683.31,38245.9482
2025-08-07 00:00:00,3683.31,3716.61,3647.63,3656.78,56122.7246
2025-08-07 04:00:00,3656.78,3711.0,3655.09,3702.4,46356.287
2025-08-07 08:00:00,3702.41,3843.66,3702.41,3827.0,183717.2969
2025-08-07 12:00:00,3827.01,3865.64,3804.27,3837.01,151206.0077
2025-08-07 16:00:00,3837.01,3876.44,3780.54,3867.6,93776.6786
2025-08-07 20:00:00,3867.6,3927.77,3851.22,3910.31,100499.9924
2025-08-08 00:00:00,3910.3,3969.06,3880.0,3939.18,130547.2077
2025-08-08 04:00:00,3939.19,3939.34,3892.47,3915.97,66893.2103
2025-08-08 08:00:00,3915.98,3927.54,3884.44,3917.97,56015.1438
2025-08-08 12:00:00,3917.97,4012.0,3891.52,3954.56,249634.108
2025-08-08 16:00:00,3954.56,4065.86,3950.0,4060.99,161157.1735
2025-08-08 20:00:00,4060.98,4071.0,4006.9,4009.5,59053.1676
2025-08-09 00:00:00,4009.51,4053.01,4006.63,4051.01,54922.1013
2025-08-09 04:00:00,4051.02,4200.0,4045.0,4170.64,209400.9758
2025-08-09 08:00:00,4170.64,4246.65,4166.22,4190.0,132401.5516
2025-08-09 12:00:00,4190.0,4226.23,4153.17,4209.57,99517.9366
2025-08-09 16:00:00,4209.57,4271.45,4192.8,4258.57,81130.8834
2025-08-09 20:00:00,4258.57,4326.2,4242.87,4260.62,114558.6561
2025-08-10 00:00:00,4260.63,4332.6,4206.55,4242.74,133032.1075
2025-08-10 04:00:00,4242.73,4264.98,4176.0,4185.12,93255.556
2025-08-10 08:00:00,4185.12,4232.73,4160.0,4180.57,87280.442
2025-08-10 12:00:00,4180.58,4237.43,4153.07,4217.94,77277.583
2025-08-10 16:00:00,4217.94,4259.36,4214.45,4248.83,40487.6252
2025-08-10 20:00:00,4248.8,4254.54,4186.16,4250.57,63510.4968
2025-08-11 00:00:00,4250.58,4343.0,4238.52,4309.64,135191.5621
2025-08-11 04:00:00,4309.65,4349.81,4266.66,4273.69,91929.6929
2025-08-11 08:00:00,4273.69,4287.17,4170.02,4185.1,109276.4312
2025-08-11 12:00:00,4185.1,4332.17,4166.77,4329.74,176788.269
2025-08-11 16:00:00,4329.74,4366.46,4233.99,4259.39,127454.6271
2025-08-11 20:00:00,4259.38,4259.38,4190.0,4223.22,82023.4577
2025-08-12 00:00:00,4223.22,4311.12,4219.04,4286.09,69103.5726
2025-08-12 04:00:00,4286.09,4321.67,4267.41,4315.57,80593.4939
2025-08-12 08:00:00,4315.57,4332.32,4256.92,4290.94,74576.0882
2025-08-12 12:00:00,4290.94,4480.66,4278.01,4472.62,319555.8459
2025-08-12 16:00:00,4472.62,4518.89,4440.38,4516.97,155770.5931
2025-08-12 20:00:00,4516.97,4639.7,4504.54,4590.52,185688.4715
2025-08-13 00:00:00,4590.52,4656.24,4564.33,4647.0,118706.8508
2025-08-13 04:00:00,4646.99,4683.0,4608.21,4625.59,121530.1824
2025-08-13 08:00:00,4625.6,4715.75,4609.04,4690.33,143405.6489
2025-08-13 12:00:00,4690.28,4736.82,4616.0,4664.38,223447.5173
2025-08-13 16:00:00,4664.38,4750.0,4661.09,4738.99,178188.5048
2025-08-13 20:00:00,4738.98,4783.85,4697.34,4749.3,140652.7946
2025-08-14 00:00:00,4749.31,4779.0,4708.35,4774.08,110355.4978
2025-08-14 04:00:00,4774.09,4788.0,4716.0,4748.37,126732.0793
2025-08-14 08:00:00,4748.37,4766.66,4675.81,4718.17,152329.8792
2025-08-14 12:00:00,4718.18,4736.0,4451.33,4618.87,554409.1566
2025-08-14 16:00:00,4618.87,4623.62,4480.63,4537.63,205989.8934
2025-08-14 20:00:00,4537.64,4572.0,4453.13,4546.84,115632.539
2025-08-15 00:00:00,4546.84,4650.0,4537.32,4634.46,107623.8843
2025-08-15 04:00:00,4634.47,4662.6,4599.01,4640.16,91121.5734
2025-08-15 08:00:00,4640.15,4666.66,4612.31,4634.16,69832.2749
2025-08-15 12:00:00,4634.17,4672.67,4395.47,4430.86,301257.0493
2025-08-15 16:00:00,4430.87,4462.26,4369.46,4383.45,168479.3926
2025-08-15 20:00:00,4383.45,4490.73,4368.0,4439.47,142095.0846
2025-08-16 00:00:00,4439.47,4490.42,4423.53,4432.24,88860.8615
2025-08-16 04:00:00,4432.25,4465.22,4407.69,4451.83,49806.4097
2025-08-16 08:00:00,4451.84,4459.12,4372.54,4387.87,81613.2986
2025-08-16 12:00:00,4387.88,4427.92,4375.63,4400.42,70316.2787
2025-08-16 16:00:00,4400.41,4440.51,4390.58,4418.53,38344.5232
2025-08-16 20:00:00,4418.53,4437.88,4402.82,4421.99,29735.2167
2025-08-17 00:00:00,4422.0,4459.3,4393.98,4452.77,48880.8973
2025-08-17 04:00:00,4452.78,4491.0,4444.44,4467.12,79637.8047
2025-08-17 08:00:00,4467.12,4576.0,4458.64,4551.68,102669.3254
2025-08-17 12:00:00,4551.69,4565.49,4519.13,4561.99,52232.2505
2025-08-17 16:00:00,4561.99,4566.17,4427.44,4459.56,92723.5258
2025-08-17 20:00:00,4459.55,4533.95,4457.02,4472.33,66317.5792
2025-08-18 00:00:00,4472.34,4481.88,4278.13,4320.22,241372.5328
2025-08-18 04:00:00,4320.22,4348.44,4230.74,4257.47,139718.9458
2025-08-18 08:00:00,4257.47,4319.77,4225.86,4274.37,122837.6062
2025-08-18 12:00:00,4274.36,4370.26,4270.77,4345.52,155521.8682
2025-08-18 16:00:00,4345.52,4384.53,4299.44,4355.09,92501.2338
2025-08-18 20:00:00,4355.08,4388.65,4303.67,4312.99,71235.9401
2025-08-19 00:00:00,4312.99,4355.0,4213.21,4218.66,118747.775
2025-08-19 04:00:00,4218.65,4250.41,4193.77,4234.36,103979.9428
2025-08-19 08:00:00,4234.35,4317.41,4218.46,4308.93,72742.7152
2025-08-19 12:00:00,4308.94,4340.15,4169.42,4192.14,237188.0218
2025-08-19 16:00:00,4192.14,4206.33,4113.63,4142.0,191723.2518
2025-08-19 20:00:00,4142.0,4164.97,4067.34,4075.59,106841.0885
2025-08-20 00:00:00,4075.58,4158.32,4060.0,4140.92,114356.889
2025-08-20 04:00:00,4140.92,4211.74,4139.51,4185.22,75847.711
2025-08-20 08:00:00,4185.22,4242.0,4150.26,4195.3,95308.3674
2025-08-20 12:00:00,4195.29,4308.49,4106.37,4255.9,215624.9806
2025-08-20 16:00:00,4255.68,4364.77,4254.72,4346.65,159841.4222
2025-08-20 20:00:00,4346.64,4378.0,4320.53,4336.16,67345.5231
2025-08-21 00:00:00,4336.16,4340.26,4278.03,4295.23,84502.7984
2025-08-21 04:00:00,4295.24,4321.36,4270.89,4310.76,44223.1556
2025-08-21 08:00:00,4310.79,4315.01,4256.34,4278.52,66951.7258
2025-08-21 12:00:00,4278.53,4328.37,4226.98,4242.66,123952.4312
2025-08-21 16:00:00,4242.66,4274.38,4208.0,4224.1,66342.3596
2025-08-21 20:00:00,4224.1,4260.86,4204.2,4225.3,47863.9286
2025-08-22 00:00:00,4225.3,4314.89,4222.25,4278.93,77390.8514
2025-08-22 04:00:00,4278.93,4345.38,4272.55,4328.14,84613.359
2025-08-22 08:00:00,4328.13,4354.19,4273.75,4274.56,96665.0938
2025-08-22 12:00:00,4274.57,4668.18,4207.39,4616.08,510799.5805
2025-08-22 16:00:00,4616.09,4859.1,4616.09,4833.0,347174.1823
2025-08-22 20:00:00,4833.0,4887.59,4796.48,4832.07,161333.56826
2025-08-23 00:00:00,4832.07,4832.07,4659.7,4694.64,183495.7612
2025-08-23 04:00:00,4694.63,4765.54,4694.33,4713.88,102546.7853
2025-08-23 08:00:00,4713.89,4746.09,4690.72,4704.93,55489.6245
2025-08-23 12:00:00,4704.95,4768.9,4692.81,4751.0,93641.4714
2025-08-23 16:00:00,4750.99,4761.97,4727.8,4758.66,37902.4266
2025-08-23 20:00:00,4758.66,4797.34,4738.0,4778.4,39366.0198
2025-08-24 00:00:00,4778.4,4817.4,4753.42,4788.59,73990.7108
2025-08-24 04:00:00,4788.59,4800.01,4757.3,4758.7,44970.7774
2025-08-24 08:00:00,4758.7,4786.5,4720.0,4747.73,59259.8944
2025-08-24 12:00:00,4747.73,4829.74,4738.67,4798.32,122996.9799
2025-08-24 16:00:00,4798.31,4956.78,4744.2,4813.04,305250.74042
2025-08-24 20:00:00,4813.01,4824.31,4711.0,4780.15,174199.6755
2025-08-25 00:00:00,4780.15,4797.97,4670.0,4727.41,111875.813
2025-08-25 04:00:00,4727.41,4740.01,4581.55,4591.36,161725.1176
2025-08-25 08:00:00,4591.37,4615.05,4519.96,4600.08,168097.6886
2025-08-25 12:00:00,4600.08,4690.02,4585.56,4612.57,205755.3975
2025-08-25 16:00:00,4612.58,4645.54,4416.0,4420.34,146228.7221
2025-08-25 20:00:00,4420.34,4446.19,4334.13,4376.18,250234.4271
2025-08-26 00:00:00,4376.17,4451.72,4311.04,4402.58,172417.3867
2025-08-26 04:00:00,4402.58,4454.0,4393.86,4429.7,93610.1147
2025-08-26 08:00:00,4429.7,4465.86,4405.09,4427.24,81044.3995
2025-08-26 12:00:00,4427.24,4579.0,4405.84,4519.02,227815.4318
2025-08-26 16:00:00,4519.03,4598.28,4498.58,4596.7,170031.4537
2025-08-26 20:00:00,4596.69,4633.46,4563.21,4600.63,89831.4903
2025-08-27 00:00:00,4600.63,4626.82,4538.69,4603.55,103641.6975
2025-08-27 04:00:00,4603.56,4645.93,4560.22,4580.45,100967.802
2025-08-27 08:00:00,4580.46,4619.68,4550.01,4608.87,72044.2122
2025-08-27 12:00:00,4608.87,4663.93,4575.17,4657.57,132483.3513
2025-08-27 16:00:00,4657.58,4658.0,4535.01,4565.7,80996.8873
2025-08-27 20:00:00,4565.7,4614.0,4481.53,4506.71,116535.4108
2025-08-28 00:00:00,4506.71,4549.0,4467.63,4541.63,69573.9921
2025-08-28 04:00:00,4541.62,4600.85,4534.99,4596.82,57664.7504
2025-08-28 08:00:00,4596.82,4633.97,4581.28,4594.8,71841.8208
2025-08-28 12:00:00,4594.79,4616.02,4485.0,4504.01,141018.1746
2025-08-28 16:00:00,4504.01,4530.5,4436.34,4438.46,92574.3377
2025-08-28 20:00:00,4438.49,4515.78,4430.0,4511.21,52570.3271
2025-08-29 00:00:00,4511.2,4516.75,4434.79,4489.75,69637.5081
2025-08-29 04:00:00,4489.75,4497.0,4367.5,4381.03,118788.5306
2025-08-29 08:00:00,4381.03,4398.43,4318.57,4346.48,135466.2144
2025-08-29 12:00:00,4346.48,4454.4,4265.0,4316.09,215781.3752
2025-08-29 16:00:00,4316.1,4366.66,4296.13,4340.78,88846.0782
2025-08-29 20:00:00,4340.79,4379.55,4305.57,4360.18,50544.1712
2025-08-30 00:00:00,4360.18,4381.61,4257.2,4352.45,102136.5521
2025-08-30 04:00:00,4352.46,4415.61,4347.58,4402.39,97596.3012
2025-08-30 08:00:00,4402.39,4408.07,4378.41,4392.08,41144.3265
2025-08-30 12:00:00,4392.07,4393.48,4332.15,4376.35,53086.3116
2025-08-30 16:00:00,4376.24,4376.24,4335.82,4354.63,21764.9766
2025-08-30 20:00:00,4354.63,4378.66,4334.4,4373.7,24590.7146
2025-08-31 00:00:00,4373.7,4488.58,4372.63,4488.12,86870.5588
2025-08-31 04:00:00,4488.12,4491.46,4433.04,4450.84,46105.6365
2025-08-31 08:00:00,4450.84,4483.8,4440.47,4476.98,64280.1686
2025-08-31 12:00:00,4476.98,4498.47,4451.03,4485.27,74632.1358
2025-08-31 16:00:00,4485.28,4490.87,4454.89,4456.01,33871.4872
2025-08-31 20:00:00,4456.0,4477.1,4378.43,4391.83,50826.1992
2025-09-01 00:00:00,4391.83,4432.25,4360.0,4404.16,97484.5196
2025-09-01 04:00:00,4404.15,4464.0,4358.67,4463.29,82667.9879
2025-09-01 08:00:00,4463.29,4491.84,4381.99,4392.83,81553.9294
2025-09-01 12:00:00,4392.83,4423.78,4346.19,4362.01,65084.4647
2025-09-01 16:00:00,4362.01,4371.54,4309.69,4368.06,58822.6622
2025-09-01 20:00:00,4368.05,4368.15,4210.61,4314.5,128216.4757
2025-09-02 00:00:00,4314.5,4394.97,4290.98,4367.11,80296.0877
2025-09-02 04:00:00,4367.11,4416.78,4360.84,4377.53,63965.5878
2025-09-02 08:00:00,4377.53,4408.0,4340.98,4347.98,62250.6809
2025-09-02 12:00:00,4347.98,4397.44,4271.31,4295.66,179101.1244
2025-09-02 16:00:00,4295.65,4331.57,4257.85,4274.41,83144.9375
2025-09-02 20:00:00,4274.41,4337.4,4266.31,4326.5,55846.6329
2025-09-03 00:00:00,4326.49,4355.37,4283.23,4335.02,59970.9699
2025-09-03 04:00:00,4335.02,4342.59,4285.71,4310.21,45196.6997
2025-09-03 08:00:00,4310.2,4385.88,4300.01,4371.51,70248.1912
2025-09-03 12:00:00,4371.51,4486.98,4339.99,4480.03,163360.9229
2025-09-03 16:00:00,4480.02,4490.64,4455.42,4475.32,112106.49
2025-09-03 20:00:00,4475.32,4480.79,4436.6,4450.46,36208.4124
2025-09-04 00:00:00,4450.46,4482.05,4388.9,4398.03,101700.4604
2025-09-04 04:00:00,4398.03,4414.9,4355.29,4371.04,68607.1967
2025-09-04 08:00:00,4371.05,4433.85,4365.4,4407.03,66351.3837
2025-09-04 12:00:00,4407.04,4428.39,4293.06,4305.33,129618.4637
2025-09-04 16:00:00,4305.32,4323.79,4265.33,4275.92,63186.7386
2025-09-04 20:00:00,4275.92,4353.33,4272.3,4297.55,42331.4665
2025-09-05 00:00:00,4297.56,4335.69,4291.02,4328.88,45816.7221
2025-09-05 04:00:00,4328.89,4428.67,4316.57,4417.29,72860.7888
2025-09-05 08:00:00,4417.29,4426.31,4373.2,4417.39,81554.0064
2025-09-05 12:00:00,4417.38,4490.0,4256.03,4283.39,318985.246
2025-09-05 16:00:00,4283.4,4331.9,4272.35,4331.54,59666.9203
2025-09-05 20:00:00,4331.54,4343.03,4286.71,4307.45,45286.1918
2025-09-06 00:00:00,4307.46,4329.3,4302.77,4320.42,20383.2609
2025-09-06 04:00:00,4320.43,4320.43,4290.71,4312.26,18863.6631
2025-09-06 08:00:00,4312.27,4315.05,4286.08,4299.99,17622.5479
2025-09-06 12:00:00,4300.0,4308.39,4263.19,4270.24,44936.6069
2025-09-06 16:00:00,4270.23,4304.25,4236.0,4255.48,59382.7999
2025-09-06 20:00:00,4255.48,4288.0,4253.35,4273.14,29977.1899
2025-09-07 00:00:00,4273.15,4304.08,4270.81,4296.9,21924.9924
2025-09-07 04:00:00,4296.9,4307.2,4276.76,4294.56,20002.1344
2025-09-07 08:00:00,4294.57,4315.35,4291.65,4310.87,41022.6191
2025-09-07 12:00:00,4310.88,4311.23,4288.95,4299.38,27581.9045
2025-09-07 16:00:00,4299.39,4301.62,4270.81,4293.48,26890.3039
2025-09-07 20:00:00,4293.47,4336.02,4281.34,4306.19,32198.8829
2025-09-08 00:00:00,4306.19,4330.97,4279.0,4311.87,51316.817
2025-09-08 04:00:00,4311.87,4313.59,4287.68,4291.78,32212.3104
2025-09-08 08:00:00,4291.78,4337.77,4288.3,4312.41,81225.5367
2025-09-08 12:00:00,4312.42,4384.06,4306.19,4371.64,105874.0459
2025-09-08 16:00:00,4371.64,4373.43,4284.44,4293.0,59748.4888
2025-09-08 20:00:00,4293.0,4332.5,4281.8,4306.37,42505.2367
2025-09-09 00:00:00,4306.36,4316.03,4276.76,4306.63,48368.7809
2025-09-09 04:00:00,4306.62,4381.87,4302.5,4361.53,87658.4546
2025-09-09 08:00:00,4361.53,4366.77,4342.16,4347.34,47693.0197
2025-09-09 12:00:00,4347.33,4367.44,4277.06,4284.94,150845.4071
2025-09-09 16:00:00,4284.94,4299.99,4278.13,4295.0,41784.0676
2025-09-09 20:00:00,4295.0,4319.67,4281.0,4310.09,29136.0522
2025-09-10 00:00:00,4310.08,4326.09,4285.1,4320.44,43917.563
2025-09-10 04:00:00,4320.45,4333.28,4294.92,4329.82,50979.881
2025-09-10 08:00:00,4329.83,4335.02,4309.5,4331.31,60442.2299
2025-09-10 12:00:00,4331.3,4453.57,4330.0,4404.9,204214.2372
2025-09-10 16:00:00,4404.9,4409.31,4300.59,4322.72,108167.4643
2025-09-10 20:00:00,4322.71,4355.7,4320.75,4349.32,38912.5344
2025-09-11 00:00:00,4349.33,4408.0,4338.82,4404.1,49171.4106
2025-09-11 04:00:00,4404.11,4450.0,4395.05,4440.41,80121.8045
2025-09-11 08:00:00,4440.4,4442.47,4406.3,4429.8,51898.3732
2025-09-11 12:00:00,4429.81,4481.09,4350.01,4412.52,178527.7981
2025-09-11 16:00:00,4412.52,4441.5,4407.4,4423.73,35769.3949
2025-09-11 20:00:00,4423.73,4469.0,4415.4,4458.82,45770.8836
2025-09-12 00:00:00,4458.83,4539.0,4450.71,4505.55,102293.7078
2025-09-12 04:00:00,4505.55,4563.0,4500.01,4525.81,72173.8339
2025-09-12 08:00:00,4525.81,4536.53,4504.5,4520.76,39122.7204
2025-09-12 12:00:00,4520.76,4571.24,4504.11,4541.98,80075.7928
2025-09-12 16:00:00,4541.99,4660.0,4533.69,4657.18,102055.1911
2025-09-12 20:00:00,4657.19,4748.4,4630.24,4712.16,115056.2942
2025-09-13 00:00:00,4712.16,4769.36,4691.85,4756.81,99948.8795
2025-09-13 04:00:00,4756.8,4756.91,4702.33,4711.7,53829.5804
2025-09-13 08:00:00,4711.7,4738.58,4709.01,4719.53,42906.5137
2025-09-13 12:00:00,4719.53,4730.18,4645.0,4653.92,92866.3813
2025-09-13 16:00:00,4653.92,4667.92,4605.0,4638.21,72101.4936
2025-09-13 20:00:00,4638.21,4672.94,4637.35,4666.53,32740.8384
2025-09-14 00:00:00,4666.54,4692.36,4650.44,4663.22,35235.7663
2025-09-14 04:00:00,4663.22,4681.47,4634.0,4650.58,28423.3555
2025-09-14 08:00:00,4650.58,4674.38,4626.68,4635.0,26149.13
2025-09-14 12:00:00,4634.99,4644.74,4576.89,4582.22,126074.0988
2025-09-14 16:00:00,4582.23,4629.27,4579.36,4615.47,36584.1214
2025-09-14 20:00:00,4615.46,4636.51,4598.46,4604.49,25777.8485
2025-09-15 00:00:00,4604.48,4643.57,4580.1,4636.2,40470.4038
2025-09-15 04:00:00,4636.2,4670.28,4587.9,4597.37,73965.8632
2025-09-15 08:00:00,4597.37,4597.37,4498.22,4530.65,130686.3861
2025-09-15 12:00:00,4530.66,4541.92,4466.0,4500.01,94350.6605
2025-09-15 16:00:00,4500.01,4514.28,4474.04,4493.41,48005.1889
2025-09-15 20:00:00,4493.41,4529.99,4488.49,4523.74,24813.4662
2025-09-16 00:00:00,4523.74,4538.25,4503.0,4520.78,23762.6618
2025-09-16 04:00:00,4520.77,4536.21,4487.53,4512.86,36219.6541
2025-09-16 08:00:00,4512.87,4531.35,4493.31,4501.26,29726.7817
2025-09-16 12:00:00,4501.26,4512.49,4424.0,4468.2,109689.5711
2025-09-16 16:00:00,4468.19,4510.51,4447.03,4491.21,64203.9793
2025-09-16 20:00:00,4491.22,4525.4,4483.61,4501.29,29704.4619
2025-09-17 00:00:00,4501.3,4553.02,4492.99,4497.79,44974.6362
2025-09-17 04:00:00,4497.79,4557.67,4464.0,4544.07,68978.6327
2025-09-17 08:00:00,4544.07,4545.81,4479.0,4491.64,35585.1247
2025-09-17 12:00:00,4491.64,4513.46,4467.36,4489.54,43543.3845
2025-09-17 16:00:00,4489.53,4533.31,4412.0,4517.62,201430.1583
2025-09-17 20:00:00,4517.62,4616.77,4486.74,4590.53,82469.5197
2025-09-18 00:00:00,4590.54,4644.47,4580.27,4614.42,64147.7225
2025-09-18 04:00:00,4614.42,4619.99,4553.7,4574.75,48241.4781
2025-09-18 08:00:00,4574.75,4607.76,4568.59,4576.12,36532.7406
2025-09-18 12:00:00,4576.12,4625.0,4558.15,4599.34,62066.7091
2025-09-18 16:00:00,4599.35,4636.22,4581.03,4588.23,54659.6496
2025-09-18 20:00:00,4588.24,4605.65,4570.61,4587.66,25012.0771
2025-09-19 00:00:00,4587.66,4620.72,4542.27,4549.98,46833.9789
2025-09-19 04:00:00,4549.98,4559.15,4518.33,4539.06,48598.3711
2025-09-19 08:00:00,4539.06,4549.0,4507.93,4513.8,35221.8394
2025-09-19 12:00:00,4513.79,4544.44,4445.64,4474.93,121002.2486
2025-09-19 16:00:00,4474.93,4489.21,4435.7,4440.68,52976.9531
2025-09-19 20:00:00,4440.68,4478.21,4438.4,4468.59,26977.7571
2025-09-20 00:00:00,4468.59,4475.91,4454.45,4465.52,17981.8216
2025-09-20 04:00:00,4465.52,4484.81,4462.82,4483.22,16057.3768
2025-09-20 08:00:00,4483.21,4483.21,4456.43,4469.96,16915.9373
2025-09-20 12:00:00,4469.96,4507.19,4463.41,4498.2,29833.4577
2025-09-20 16:00:00,4498.21,4508.71,4470.0,4480.18,34323.1909
2025-09-20 20:00:00,4480.18,4501.39,4478.23,4480.42,15670.1287
2025-09-21 00:00:00,4480.41,4490.0,4458.0,4478.26,23270.3085
2025-09-21 04:00:00,4478.26,4492.24,4466.9,4477.78,17415.038
2025-09-21 08:00:00,4477.78,4479.57,4444.34,4460.57,22522.2855
2025-09-21 12:00:00,4460.58,4486.4,4460.32,4482.8,23238.0389
2025-09-21 16:00:00,4482.8,4498.16,4464.59,4494.4,34203.4693
2025-09-21 20:00:00,4494.4,4494.41,4443.0,4444.97,28700.686
2025-09-22 00:00:00,4444.98,4455.76,4261.6,4305.87,197204.8652
2025-09-22 04:00:00,4305.87,4310.49,4077.0,4193.38,216713.4996
2025-09-22 08:00:00,4193.38,4207.35,4136.47,4181.62,106293.2083
2025-09-22 12:00:00,4181.63,4219.34,4159.16,4167.88,87845.1542
2025-09-22 16:00:00,4167.88,4183.28,4122.0,4134.98,66207.1206
2025-09-22 20:00:00,4134.99,4207.91,4134.34,4199.08,33979.3869
2025-09-23 00:00:00,4199.09,4211.56,4114.39,4188.01,62240.6868
2025-09-23 04:00:00,4188.02,4215.78,4154.44,4205.24,50387.0735
2025-09-23 08:00:00,4205.23,4229.03,4178.27,4192.08,49069.2995
2025-09-23 12:00:00,4192.09,4211.5,4161.87,4181.01,67923.3258
2025-09-23 16:00:00,4181.01,4207.0,4137.7,4153.43,56635.5887
2025-09-23 20:00:00,4153.43,4190.86,4139.53,4164.26,28971.9314
2025-09-24 00:00:00,4164.25,4194.37,4129.24,4147.51,60731.1373
2025-09-24 04:00:00,4147.51,4184.22,4073.74,4175.08,91708.3675
2025-09-24 08:00:00,4175.08,4198.34,4164.66,4182.08,41367.3825
2025-09-24 12:00:00,4182.08,4206.9,4145.96,4166.18,75410.2601
2025-09-24 16:00:00,4166.17,4194.42,4155.0,4161.5,46228.0265
2025-09-24 20:00:00,4161.5,4172.23,4131.2,4152.81,38220.3932
2025-09-25 00:00:00,4152.81,4161.04,4022.0,4062.78,146839.1013
2025-09-25 04:00:00,4062.77,4071.08,3966.0,4009.18,161897.2918
2025-09-25 08:00:00,4009.17,4052.81,3991.39,4002.51,95222.3112
2025-09-25 12:00:00,4002.51,4022.87,3924.12,4003.26,211278.3785
2025-09-25 16:00:00,4003.27,4006.77,3815.0,3911.59,229844.5748
2025-09-25 20:00:00,3911.59,3937.2,3850.0,3874.36,85246.0375
2025-09-26 00:00:00,3874.35,3971.09,3867.65,3965.32,100004.6252
2025-09-26 04:00:00,3965.33,3976.98,3906.09,3938.11,113344.8842
2025-09-26 08:00:00,3938.11,3944.58,3873.0,3906.0,64785.9249
2025-09-26 12:00:00,3906.0,3985.41,3875.71,3946.0,139542.1374
2025-09-26 16:00:00,3945.98,4068.3,3942.94,4024.07,120662.6594
2025-09-26 20:00:00,4024.08,4039.56,4005.0,4032.24,37370.8548
2025-09-27 00:00:00,4032.24,4032.44,4005.74,4019.41,28037.3209
2025-09-27 04:00:00,4019.4,4027.85,4006.38,4007.93,16424.5113
2025-09-27 08:00:00,4007.92,4017.9,3972.98,4002.16,39530.1331
2025-09-27 12:00:00,4002.15,4039.01,3994.77,4018.92,34659.9793
2025-09-27 16:00:00,4018.92,4019.88,3980.98,4002.45,37164.2545
2025-09-27 20:00:00,4002.45,4033.23,4000.9,4018.38,16877.0647
2025-09-28 00:00:00,4018.39,4031.75,3994.27,4002.74,22549.9823
2025-09-28 04:00:00,4002.73,4019.87,3996.24,4014.32,15964.0227
2025-09-28 08:00:00,4014.32,4016.0,3984.45,3992.39,24299.9091
2025-09-28 12:00:00,3992.39,4029.48,3966.0,4021.69,47406.3129
2025-09-28 16:00:00,4021.68,4055.12,4021.68,4039.45,49060.9871
2025-09-28 20:00:00,4039.46,4144.88,4035.58,4142.16,81050.6448
2025-09-29 00:00:00,4142.16,4146.38,4103.81,4121.8,41433.1935
2025-09-29 04:00:00,4121.8,4123.99,4088.15,4108.25,37102.3136
2025-09-29 08:00:00,4108.26,4141.0,4095.0,4103.21,58678.3125
2025-09-29 12:00:00,4103.21,4205.59,4082.25,4164.8,124528.7518
2025-09-29 16:00:00,4164.81,4193.44,4128.53,4188.32,69503.2107
2025-09-29 20:00:00,4188.32,4235.86,4182.07,4215.07,49482.8963
2025-09-30 00:00:00,4215.07,4245.0,4188.03,4198.68,53170.266
2025-09-30 04:00:00,4198.69,4206.85,4169.38,4182.13,57421.8089
2025-09-30 08:00:00,4182.12,4183.21,4134.0,4165.39,56698.7314
2025-09-30 12:00:00,4165.38,4175.95,4094.59,4119.87,73946.4531
2025-09-30 16:00:00,4119.88,4170.43,4092.1,4160.1,85179.584
2025-09-30 20:00:00,4160.11,4201.52,4116.64,4145.15,64709.7738
2025-10-01 00:00:00,4145.15,4174.63,4124.12,4128.66,48730.697
2025-10-01 04:00:00,4128.65,4156.79,4123.08,4145.8,40423.0346
2025-10-01 08:00:00,4145.8,4329.0,4142.92,4298.2,174933.893
2025-10-01 12:00:00,4298.21,4344.0,4280.0,4327.23,97899.3215
2025-10-01 16:00:00,4327.24,4340.0,4288.64,4334.53,79548.398
2025-10-01 20:00:00,4334.52,4355.46,4287.5,4348.03,65491.0381
2025-10-02 00:00:00,4348.03,4399.11,4332.73,4376.3,100457.8046
2025-10-02 04:00:00,4376.3,4423.35,4358.26,4375.78,100115.3105
2025-10-02 08:00:00,4375.77,4395.98,4369.32,4378.93,35078.555
2025-10-02 12:00:00,4378.92,4443.0,4335.74,4437.09,132455.0483
2025-10-02 16:00:00,4437.1,4516.74,4426.12,4495.61,116624.1945
2025-10-02 20:00:00,4495.62,4497.87,4457.27,4484.35,41680.2442
2025-10-03 00:00:00,4484.35,4560.0,4461.01,4500.59,75124.2742
2025-10-03 04:00:00,4500.59,4510.79,4454.0,4462.33,56599.2094
2025-10-03 08:00:00,4462.32,4495.0,4428.0,4478.45,56813.7237
2025-10-03 12:00:00,4478.46,4541.66,4436.26,4534.75,97652.2957
2025-10-03 16:00:00,4534.75,4591.59,4450.62,4519.48,163628.1193
2025-10-03 20:00:00,4519.49,4542.97,4493.72,4512.87,35866.4044
2025-10-04 00:00:00,4512.88,4516.91,4463.17,4487.06,42001.2332
2025-10-04 04:00:00,4487.07,4517.93,4479.66,4498.29,29248.0201
2025-10-04 08:00:00,4498.28,4503.9,4479.93,4483.83,26306.8309
2025-10-04 12:00:00,4483.84,4511.71,4441.34,4455.05,49716.961
2025-10-04 16:00:00,4455.08,4476.46,4440.0,4467.12,33938.1125
2025-10-04 20:00:00,4467.13,4494.5,4467.13,4487.15,18521.5511
2025-10-05 00:00:00,4487.16,4575.0,4467.05,4531.54,109994.6239
2025-10-05 04:00:00,4531.55,4615.0,4529.0,4605.97,122504.7734
2025-10-05 08:00:00,4605.98,4618.17,4523.45,4551.06,147092.095
2025-10-05 12:00:00,4551.07,4551.07,4526.74,4532.0,44543.8238
2025-10-05 16:00:00,4532.0,4540.71,4482.06,4487.26,56477.4501
2025-10-05 20:00:00,4487.26,4523.48,4474.0,4514.32,25975.1952
2025-10-06 00:00:00,4514.32,4552.44,4488.25,4537.08,65211.5851
2025-10-06 04:00:00,4537.09,4577.8,4509.0,4533.19,54394.5922
2025-10-06 08:00:00,4533.2,4593.65,4533.2,4571.71,55734.3992
2025-10-06 12:00:00,4571.71,4693.8,4570.25,4673.39,142820.9472
2025-10-06 16:00:00,4673.39,4733.18,4659.99,4722.62,82331.19
2025-10-06 20:00:00,4722.61,4735.93,4672.56,4684.01,55707.9391
2025-10-07 00:00:00,4684.02,4698.99,4663.71,4690.59,42932.2933
2025-10-07 04:00:00,4690.59,4730.94,4665.03,4678.19,70809.1724
2025-10-07 08:00:00,4678.2,4713.17,4638.92,4708.81,69221.7102
2025-10-07 12:00:00,4708.82,4755.0,4477.43,4511.99,272531.478
2025-10-07 16:00:00,4511.99,4524.0,4446.13,4479.44,129849.5741
2025-10-07 20:00:00,4479.48,4517.09,4430.43,4447.7,55341.7039
2025-10-08 00:00:00,4447.7,4498.22,4433.68,4443.6,63178.9578
2025-10-08 04:00:00,4443.59,4465.5,4410.08,4463.48,68889.5212
2025-10-08 08:00:00,4463.48,4506.85,4458.22,4487.3,58000.7768
2025-10-08 12:00:00,4487.3,4522.6,4437.08,4447.14,90304.2777
2025-10-08 16:00:00,4447.15,4558.0,4439.0,4515.27,94654.6396
2025-10-08 20:00:00,4515.28,4539.31,4500.18,4525.72,24876.1556
2025-10-09 00:00:00,4525.72,4531.52,4398.17,4450.8,95180.185
2025-10-09 04:00:00,4450.8,4460.0,4411.0,4426.6,53292.3234
2025-10-09 08:00:00,4426.6,4426.69,4320.0,4373.05,135485.784
2025-10-09 12:00:00,4373.06,4413.76,4291.82,4314.79,119759.5748
2025-10-09 16:00:00,4314.78,4344.33,4265.06,4338.0,77400.7073
2025-10-09 20:00:00,4338.03,4383.0,4327.89,4368.09,34859.6084
2025-10-10 00:00:00,4368.09,4393.63,4342.98,4347.13,50255.5122
2025-10-10 04:00:00,4347.12,4377.14,4315.23,4323.39,54577.6885
2025-10-10 08:00:00,4323.4,4351.27,4313.39,4343.02,37120.3316
2025-10-10 12:00:00,4343.02,4390.46,4073.55,4103.11,286824.6116
2025-10-10 16:00:00,4103.1,4138.52,3950.69,3997.56,226757.7565
2025-10-10 20:00:00,3997.56,4380.0,3435.0,3829.72,838435.124
2025-10-11 00:00:00,3829.72,3878.3,3726.16,3792.26,251247.2349
2025-10-11 04:00:00,3792.27,3831.98,3733.7,3758.81,144423.69
2025-10-11 08:00:00,3758.82,3857.24,3749.13,3839.99,133875.2131
2025-10-11 12:00:00,3839.99,3855.06,3786.07,3825.13,82809.6458
2025-10-11 16:00:00,3825.14,3848.0,3731.03,3760.61,73573.5841
2025-10-11 20:00:00,3760.61,3766.66,3643.33,3746.79,103956.2903
2025-10-12 00:00:00,3746.8,3819.22,3694.74,3781.61,118058.8167
2025-10-12 04:00:00,3781.62,3844.5,3776.27,3827.99,69518.8814
2025-10-12 08:00:00,3827.98,3866.6,3806.34,3820.36,74514.0971
2025-10-12 12:00:00,3820.36,4080.0,3793.56,4034.59,256836.9601
2025-10-12 16:00:00,4034.59,4170.0,4034.58,4135.68,162787.2256
2025-10-12 20:00:00,4135.68,4197.7,4080.7,4152.29,129592.1711
2025-10-13 00:00:00,4152.29,4220.89,4124.54,4139.78,110123.4734
2025-10-13 04:00:00,4139.79,4198.0,4116.07,4178.3,74789.9991
2025-10-13 08:00:00,4178.29,4195.52,4042.29,4080.39,97647.4599
2025-10-13 12:00:00,4080.38,4180.0,4056.57,4135.0,171122.2317
2025-10-13 16:00:00,4135.01,4271.12,4129.14,4251.96,113706.8192
2025-10-13 20:00:00,4251.96,4292.0,4236.08,4240.85,55423.9414
2025-10-14 00:00:00,4240.86,4263.38,4137.63,4153.56,86464.5703
2025-10-14 04:00:00,4153.56,4160.75,3965.56,3981.19,180870.118
2025-10-14 08:00:00,3981.19,4014.61,3888.74,3971.85,163117.091
2025-10-14 12:00:00,3971.85,4088.79,3893.77,4085.4,252159.6744
2025-10-14 16:00:00,4085.41,4164.62,4048.49,4102.94,222833.5711
2025-10-14 20:00:00,4102.96,4144.54,4072.69,4125.02,57551.741
2025-10-15 00:00:00,4125.01,4145.73,4060.11,4080.7,93684.7803
2025-10-15 04:00:00,4080.7,4129.37,4072.0,4122.04,88151.9759
2025-10-15 08:00:00,4122.03,4217.6,4087.78,4099.9,121592.3636
2025-10-15 12:00:00,4099.89,4107.14,3959.33,3980.97,153858.654
2025-10-15 16:00:00,3980.98,4013.17,3929.66,3983.21,97017.747
2025-10-15 20:00:00,3983.21,3996.16,3926.74,3985.61,71776.1758
2025-10-16 00:00:00,3985.61,4036.84,3976.07,4014.85,77531.3247
2025-10-16 04:00:00,4014.85,4049.88,3979.36,4004.3,60755.4021
2025-10-16 08:00:00,4004.31,4078.96,3940.66,4061.85,93961.8468
2025-10-16 12:00:00,4061.86,4086.49,3892.0,3907.18,169535.94
2025-10-16 16:00:00,3907.17,3967.6,3851.11,3867.01,167547.364
2025-10-16 20:00:00,3867.14,3898.05,3826.04,3894.51,74472.7387
2025-10-17 00:00:00,3894.5,3950.45,3888.24,3933.25,59225.1015
2025-10-17 04:00:00,3933.26,3935.97,3752.89,3756.49,163147.1128
2025-10-17 08:00:00,3756.49,3817.7,3674.5,3778.54,292369.7055
2025-10-17 12:00:00,3778.53,3811.42,3714.0,3797.75,163163.9584
2025-10-17 16:00:00,3797.76,3850.36,3779.01,3827.76,94686.0652
2025-10-17 20:00:00,3827.77,3883.17,3818.25,3831.57,57535.1451
2025-10-18 00:00:00,3831.58,3882.28,3819.07,3870.57,48438.1674
2025-10-18 04:00:00,3870.56,3927.73,3841.3,3892.43,55461.1391
2025-10-18 08:00:00,3892.44,3906.0,3861.98,3881.99,53646.381
2025-10-18 12:00:00,3881.99,3893.38,3848.81,3877.89,37468.74
2025-10-18 16:00:00,3877.9,3898.83,3853.16,3893.64,29362.9797
2025-10-18 20:00:00,3893.63,3908.94,3869.62,3889.21,26333.2049
2025-10-19 00:00:00,3889.2,3906.57,3855.7,3906.29,40481.777
2025-10-19 04:00:00,3906.3,3921.61,3873.91,3888.01,48962.1048
2025-10-19 08:00:00,3888.01,3955.6,3827.04,3923.82,115957.7122
2025-10-19 12:00:00,3923.82,4002.08,3908.17,3978.65,91707.6925
2025-10-19 16:00:00,3978.65,4026.95,3958.71,3985.75,70651.9888
2025-10-19 20:00:00,3985.75,4030.94,3970.0,3982.58,40776.9792
2025-10-20 00:00:00,3982.58,4038.88,3908.73,4026.9,79570.2181
2025-10-20 04:00:00,4026.9,4085.3,4023.07,4055.03,102258.7982
2025-10-20 08:00:00,4055.03,4070.92,4012.21,4035.02,73033.7035
2025-10-20 12:00:00,4035.03,4049.51,4002.07,4003.98,117292.0188
2025-10-20 16:00:00,4003.99,4003.99,3922.0,3981.36,111593.2246
2025-10-20 20:00:00,3981.36,4003.2,3971.01,3979.22,27634.3669
2025-10-21 00:00:00,3979.22,3985.76,3918.39,3922.66,50471.432
2025-10-21 04:00:00,3922.66,3922.66,3840.24,3892.95,91272.5465
2025-10-21 08:00:00,3892.95,3897.77,3851.0,3890.07,46017.1815
2025-10-21 12:00:00,3890.06,4084.91,3852.06,4081.66,176194.3139
2025-10-21 16:00:00,4081.66,4110.0,3965.47,3995.69,143288.4239
2025-10-21 20:00:00,3995.7,4001.13,3858.0,3873.05,83350.2404
2025-10-22 00:00:00,3873.04,3889.27,3821.64,3859.57,73814.1182
2025-10-22 04:00:00,3859.58,3884.34,3838.31,3868.72,51818.2304
2025-10-22 08:00:00,3868.72,3868.91,3770.02,3829.0,84899.402
2025-10-22 12:00:00,3829.01,3876.92,3780.32,3841.76,179714.8431
2025-10-22 16:00:00,3841.76,3861.9,3784.0,3804.0,115522.1619
2025-10-22 20:00:00,3804.0,3816.5,3710.0,3805.53,87361.3349
2025-10-23 00:00:00,3805.53,3835.93,3796.54,3826.79,34230.4223
2025-10-23 04:00:00,3826.8,3897.0,3822.76,3881.01,59576.8113
2025-10-23 08:00:00,3881.02,3905.22,3859.0,3863.06,58633.7555
2025-10-23 12:00:00,3863.06,3887.35,3808.01,3876.94,185281.3843
2025-10-23 16:00:00,3876.95,3934.86,3845.0,3859.4,101157.9811
2025-10-23 20:00:00,3859.4,3860.1,3818.72,3856.8,38350.6636
2025-10-24 00:00:00,3856.8,3896.0,3845.86,3891.0,35863.7739
2025-10-24 04:00:00,3891.0,3989.2,3886.21,3949.22,86681.3532
2025-10-24 08:00:00,3949.22,3969.81,3925.83,3946.57,58504.1386
2025-10-24 12:00:00,3946.58,4026.39,3871.32,3888.92,164441.3184
2025-10-24 16:00:00,3888.92,3937.9,3866.43,3926.53,56593.0677
2025-10-24 20:00:00,3926.53,3945.23,3924.38,3934.88,23843.2865
2025-10-25 00:00:00,3934.88,3939.29,3912.4,3921.2,22578.8468
2025-10-25 04:00:00,3921.21,3960.57,3920.46,3928.92,29435.1292
2025-10-25 08:00:00,3928.93,3956.59,3927.7,3940.31,20459.0984
2025-10-25 12:00:00,3940.32,3956.41,3924.2,3932.71,24666.1248
2025-10-25 16:00:00,3932.72,3969.22,3927.74,3957.43,26582.6106
2025-10-25 20:00:00,3957.44,3964.76,3935.82,3953.82,14804.524
2025-10-26 00:00:00,3953.81,3961.87,3919.03,3931.82,29409.5093
2025-10-26 04:00:00,3931.82,3956.59,3928.83,3951.57,15902.0218
2025-10-26 08:00:00,3951.57,4054.97,3951.08,4044.99,81774.8231
2025-10-26 12:00:00,4044.98,4099.02,4040.66,4075.29,89022.6137
2025-10-26 16:00:00,4075.29,4080.25,4046.29,4067.94,37810.8531
2025-10-26 20:00:00,4067.94,4178.78,4054.11,4158.46,90778.2708
2025-10-27 00:00:00,4158.46,4225.55,4148.48,4205.08,94241.752
2025-10-27 04:00:00,4205.08,4253.72,4193.24,4201.36,78401.8513
2025-10-27 08:00:00,4201.36,4201.51,4133.0,4162.14,89992.0187
2025-10-27 12:00:00,4162.14,4188.0,4124.52,4172.96,95706.285
2025-10-27 16:00:00,4172.95,4233.48,4172.95,4193.96,60752.7981
2025-10-27 20:00:00,4193.95,4195.79,4095.0,4120.15,68036.524
2025-10-28 00:00:00,4120.16,4143.13,4069.8,4094.32,68080.5655
2025-10-28 04:00:00,4094.31,4127.0,4066.58,4117.24,46990.6463
2025-10-28 08:00:00,4117.25,4136.1,4104.23,4112.46,30177.84
2025-10-28 12:00:00,4112.45,4175.55,4071.28,4096.85,102498.671
2025-10-28 16:00:00,4096.86,4151.28,4027.0,4039.39,92255.2739
2025-10-28 20:00:00,4039.37,4042.49,3931.33,3979.2,132962.841
2025-10-29 00:00:00,3979.19,4008.89,3964.56,3997.66,40658.0185
2025-10-29 04:00:00,3997.66,4036.66,3996.0,4025.06,37966.5492
2025-10-29 08:00:00,4025.07,4027.17,3983.6,4011.01,41280.2623
2025-10-29 12:00:00,4011.01,4029.41,3941.61,3951.71,76342.3991
2025-10-29 16:00:00,3951.72,4018.46,3840.37,3905.71,221047.0208
2025-10-29 20:00:00,3905.7,3963.59,3874.01,3902.99,69158.0628
2025-10-30 00:00:00,3903.0,3948.74,3885.41,3934.58,44425.5166
2025-10-30 04:00:00,3934.58,3944.94,3839.5,3940.42,104896.3193
2025-10-30 08:00:00,3940.43,3940.43,3877.34,3881.1,41203.6122
2025-10-30 12:00:00,3881.1,3884.43,3758.37,3773.69,155241.5092
2025-10-30 16:00:00,3773.69,3802.37,3680.1,3686.93,126564.465
2025-10-30 20:00:00,3686.93,3807.21,3680.0,3805.09,59124.57
2025-10-31 00:00:00,3804.95,3860.79,3796.36,3829.16,57392.9838
2025-10-31 04:00:00,3829.16,3873.68,3821.67,3831.49,56050.6433
2025-10-31 08:00:00,3831.49,3883.13,3818.48,3874.01,45183.4569
2025-10-31 12:00:00,3874.01,3888.0,3831.95,3860.99,180403.514
2025-10-31 16:00:00,3860.99,3906.09,3804.74,3886.15,99468.1475
2025-10-31 20:00:00,3886.14,3893.29,3841.31,3847.99,40137.554
2025-11-01 00:00:00,3848.0,3864.43,3831.0,3861.38,21651.4808
2025-11-01 04:00:00,3861.38,3869.55,3852.96,3860.84,21459.9474
2025-11-01 08:00:00,3860.84,3882.94,3860.73,3877.79,25844.5104
2025-11-01 12:00:00,3877.79,3902.0,3858.11,3895.15,39015.657
2025-11-01 16:00:00,3895.15,3909.39,3862.92,3879.99,29432.8992
2025-11-01 20:00:00,3880.0,3891.6,3864.31,3873.77,15593.6678
2025-11-02 00:00:00,3873.78,3886.85,3861.71,3880.63,17627.7558
2025-11-02 04:00:00,3880.62,3918.23,3876.01,3906.73,30950.7174
2025-11-02 08:00:00,3906.73,3910.97,3853.76,3891.31,60294.5256
2025-11-02 12:00:00,3891.31,3895.41,3839.12,3853.33,46715.9245
2025-11-02 16:00:00,3853.32,3867.42,3840.64,3855.98,26684.7586
2025-11-02 20:00:00,3855.99,3916.27,3844.05,3906.58,33809.4723
2025-11-03 00:00:00,3906.58,3914.29,3728.09,3736.23,157359.3494
2025-11-03 04:00:00,3736.23,3765.46,3684.0,3714.58,125179.0758
2025-11-03 08:00:00,3714.54,3740.0,3662.88,3711.68,110785.3562
2025-11-03 12:00:00,3711.68,3748.64,3582.29,3588.89,253499.7906
2025-11-03 16:00:00,3588.89,3682.35,3564.13,3631.5,140180.7037
2025-11-03 20:00:00,3631.5,3636.69,3558.82,3603.83,90183.1095
2025-11-04 00:00:00,3603.84,3654.54,3567.27,3642.29,83473.0867
2025-11-04 04:00:00,3642.3,3647.95,3474.1,3494.56,288856.7767
2025-11-04 08:00:00,3494.56,3534.0,3460.3,3529.52,162419.5898
2025-11-04 12:00:00,3529.53,3587.66,3474.0,3507.58,184308.0177
2025-11-04 16:00:00,3507.59,3520.58,3226.16,3230.94,383940.2832
2025-11-04 20:00:00,3230.94,3304.49,3057.0,3287.05,465006.4838
2025-11-05 00:00:00,3287.05,3349.12,3166.66,3334.83,264027.8071
2025-11-05 04:00:00,3334.83,3354.6,3300.89,3331.08,81305.6097
2025-11-05 08:00:00,3331.09,3331.09,3274.54,3322.55,90433.4419
2025-11-05 12:00:00,3322.58,3399.19,3312.93,3398.36,145873.9775
2025-11-05 16:00:00,3398.37,3479.16,3370.82,3455.12,154429.2374
2025-11-05 20:00:00,3455.11,3480.46,3415.29,3424.29,73521.4396
2025-11-06 00:00:00,3424.29,3450.5,3375.13,3432.9,68886.5165
2025-11-06 04:00:00,3432.91,3456.46,3361.0,3380.42,80558.1783
2025-11-06 08:00:00,3380.4,3415.0,3366.99,3399.4,54543.3963
2025-11-06 12:00:00,3399.39,3404.78,3276.54,3300.0,155262.62
2025-11-06 16:00:00,3300.0,3352.37,3245.45,3325.8,149379.3244
2025-11-06 20:00:00,3325.86,3337.3,3287.77,3315.14,57733.6648
2025-11-07 00:00:00,3315.14,3365.32,3276.19,3345.12,92798.2841
2025-11-07 04:00:00,3345.12,3369.99,3319.59,3358.42,60593.1717
2025-11-07 08:00:00,3358.41,3360.67,3225.36,3259.97,95364.1996
2025-11-07 12:00:00,3259.97,3318.35,3194.2,3297.52,212483.9211
2025-11-07 16:00:00,3297.52,3450.0,3273.99,3443.6,152410.0563
2025-11-07 20:00:00,3443.6,3473.0,3430.23,3436.05,69767.7526
2025-11-08 00:00:00,3436.04,3467.64,3405.87,3454.19,61736.2906
2025-11-08 04:00:00,3454.18,3488.0,3418.6,3447.9,53657.0514
2025-11-08 08:00:00,3447.89,3473.42,3407.0,3413.03,40732.1757
2025-11-08 12:00:00,3413.02,3417.58,3370.36,3376.79,64962.4349
2025-11-08 16:00:00,3376.8,3408.16,3355.58,3389.35,48446.5338
2025-11-08 20:00:00,3389.34,3415.62,3381.09,3401.51,21997.8017
2025-11-09 00:00:00,3401.51,3403.97,3358.66,3375.8,32973.5859
2025-11-09 04:00:00,3375.8,3427.37,3370.19,3422.78,60679.8222
2025-11-09 08:00:00,3422.79,3435.13,3382.35,3428.37,67792.0122
2025-11-09 12:00:00,3428.38,3563.65,3424.64,3515.51,159673.4919
2025-11-09 16:00:00,3515.52,3580.0,3501.63,3580.0,64347.9999
2025-11-09 20:00:00,3580.0,3623.25,3562.38,3583.46,78631.1399
2025-11-10 00:00:00,3583.46,3658.98,3553.52,3627.47,122599.1998
2025-11-10 04:00:00,3627.48,3631.51,3589.46,3609.09,63239.7137
2025-11-10 08:00:00,3609.09,3631.32,3586.02,3610.57,72187.4013
2025-11-10 12:00:00,3610.57,3622.14,3508.0,3519.46,145646.9436
2025-11-10 16:00:00,3519.45,3576.1,3507.3,3558.55,142424.231
2025-11-10 20:00:00,3558.55,3584.04,3529.41,3567.85,49175.5404
2025-11-11 00:00:00,3567.85,3648.27,3552.84,3606.1,131855.9133
2025-11-11 04:00:00,3606.11,3610.48,3532.2,3544.67,125970.7804
2025-11-11 08:00:00,3544.67,3587.05,3543.55,3574.14,80646.1818
2025-11-11 12:00:00,3574.15,3594.33,3467.21,3481.1,159227.8319
2025-11-11 16:00:00,3481.11,3500.59,3446.02,3456.81,86290.0998
2025-11-11 20:00:00,3456.81,3461.79,3405.24,3417.76,76292.4675
2025-11-12 00:00:00,3417.76,3456.06,3410.0,3439.1,72507.7037
2025-11-12 04:00:00,3439.11,3458.07,3424.58,3428.23,68170.8257
2025-11-12 08:00:00,3428.24,3570.06,3428.24,3549.38,83166.3548
2025-11-12 12:00:00,3549.37,3588.19,3418.6,3427.85,138971.3904
2025-11-12 16:00:00,3427.85,3454.65,3371.65,3407.99,139071.2411
2025-11-12 20:00:00,3408.0,3439.62,3392.0,3414.92,51214.4211
2025-11-13 00:00:00,3414.91,3473.48,3377.68,3452.86,108782.8089
2025-11-13 04:00:00,3452.86,3565.84,3434.03,3538.74,124524.6547
2025-11-13 08:00:00,3538.74,3550.0,3476.06,3501.95,78146.7771
2025-11-13 12:00:00,3501.94,3511.31,3367.03,3386.85,187531.838
2025-11-13 16:00:00,3386.84,3398.24,3175.83,3197.69,312803.0433
2025-11-13 20:00:00,3197.69,3272.3,3154.22,3231.54,140200.0127
2025-11-14 00:00:00,3231.55,3251.88,3186.2,3227.93,122991.5222
2025-11-14 04:00:00,3227.94,3241.32,3104.66,3215.59,212560.654
2025-11-14 08:00:00,3215.6,3219.39,3116.82,3144.35,102244.5895
2025-11-14 12:00:00,3144.34,3234.49,3070.0,3196.7,278131.435
2025-11-14 16:00:00,3196.7,3256.71,3155.0,3207.86,95128.5571
2025-11-14 20:00:00,3207.87,3213.22,3090.0,3112.4,79389.3913
2025-11-15 00:00:00,3112.4,3194.0,3110.68,3179.16,62288.3831
2025-11-15 04:00:00,3179.17,3191.65,3159.03,3176.55,33474.0807
2025-11-15 08:00:00,3176.56,3177.98,3134.23,3152.52,39200.489
2025-11-15 12:00:00,3152.52,3197.37,3147.37,3186.05,47939.6289
2025-11-15 16:00:00,3186.05,3230.0,3162.78,3197.88,120649.7057
2025-11-15 20:00:00,3197.89,3200.68,3152.75,3167.88,34911.1908
2025-11-16 00:00:00,3167.87,3210.0,3131.78,3202.97,48534.5986
2025-11-16 04:00:00,3202.95,3220.62,3187.03,3219.55,31570.6106
2025-11-16 08:00:00,3219.54,3249.0,3160.36,3168.64,59004.6391
2025-11-16 12:00:00,3168.64,3182.6,3099.23,3105.44,112729.6532
2025-11-16 16:00:00,3105.45,3128.0,3026.0,3091.09,194474.7026
2025-11-16 20:00:00,3091.09,3117.21,3004.0,3095.29,124319.3768
2025-11-17 00:00:00,3095.29,3180.42,3069.0,3176.6,80383.5547
2025-11-17 04:00:00,3176.59,3208.52,3165.93,3198.44,63583.8256
2025-11-17 08:00:00,3198.44,3223.38,3179.88,3204.12,65732.1978
2025-11-17 12:00:00,3204.12,3210.88,3095.09,3121.04,189831.2757
2025-11-17 16:00:00,3121.04,3142.56,2972.88,2982.27,229892.4268
2025-11-17 20:00:00,2982.27,3032.53,2959.46,3031.44,133077.1483
2025-11-18 00:00:00,3031.44,3050.05,2946.56,3023.97,189127.367
2025-11-18 04:00:00,3023.97,3034.5,2958.08,3024.44,140899.4305
2025-11-18 08:00:00,3024.44,3074.45,3024.44,3058.01,116556.0331
2025-11-18 12:00:00,3058.0,3123.69,3022.09,3106.87,158180.756
2025-11-18 16:00:00,3106.87,3169.95,3099.39,3146.02,122085.9485
2025-11-18 20:00:00,3146.01,3150.43,3097.21,3123.66,39790.5707
2025-11-19 00:00:00,3123.65,3125.54,3069.59,3073.02,65254.2784
2025-11-19 04:00:00,3073.01,3087.71,2992.23,3084.96,105860.61
2025-11-19 08:00:00,3084.97,3112.55,3053.55,3083.51,68846.4676
2025-11-19 12:00:00,3083.51,3108.76,2967.0,2973.16,164573.8974
2025-11-19 16:00:00,2973.15,3000.0,2873.64,2881.66,207908.6399
2025-11-19 20:00:00,2881.66,3027.88,2875.0,3025.48,125482.8213
2025-11-20 00:00:00,3025.48,3058.0,3004.41,3038.98,87568.1898
2025-11-20 04:00:00,3038.99,3063.61,3006.89,3039.43,69770.7841
2025-11-20 08:00:00,3039.44,3044.75,2993.91,3023.98,63213.0443
2025-11-20 12:00:00,3023.99,3049.58,2952.39,2955.68,143692.7894
2025-11-20 16:00:00,2955.65,2961.28,2790.01,2847.9,451454.189
2025-11-20 20:00:00,2847.89,2905.93,2819.55,2834.22,96825.3752
2025-11-21 00:00:00,2834.21,2886.73,2772.84,2809.18,117232.8956
2025-11-21 04:00:00,2809.17,2832.66,2669.0,2720.17,282092.7968
2025-11-21 08:00:00,2720.17,2754.48,2663.01,2688.42,218825.5422
2025-11-21 12:00:00,2688.42,2781.83,2623.57,2705.32,294361.2964
2025-11-21 16:00:00,2705.31,2806.84,2675.0,2752.24,185971.9748
2025-11-21 20:00:00,2752.23,2777.01,2708.55,2765.85,81990.9027
2025-11-22 00:00:00,2765.86,2784.12,2739.76,2752.27,39805.8515
2025-11-22 04:00:00,2752.27,2771.0,2726.66,2756.21,43047.8794
2025-11-22 08:00:00,2756.21,2756.36,2704.33,2735.16,50191.6518
2025-11-22 12:00:00,2735.16,2754.45,2711.01,2738.92,49892.9894
2025-11-22 16:00:00,2738.92,2759.02,2735.2,2750.65,41469.8761
2025-11-22 20:00:00,2750.65,2799.01,2733.72,2770.12,40283.0607
2025-11-23 00:00:00,2770.12,2834.33,2768.29,2824.77,67882.0772
2025-11-23 04:00:00,2824.77,2852.17,2777.2,2793.7,96029.1604
2025-11-23 08:00:00,2793.7,2823.98,2793.69,2815.54,33197.5905
2025-11-23 12:00:00,2815.54,2858.16,2810.12,2836.5,100156.8545
2025-11-23 16:00:00,2836.49,2846.8,2786.63,2822.7,60022.7023
2025-11-23 20:00:00,2822.7,2845.0,2794.74,2802.16,52520.1885
2025-11-24 00:00:00,2802.16,2867.46,2763.0,2856.44,110955.2142
2025-11-24 04:00:00,2856.45,2885.75,2802.87,2830.27,98647.9404
2025-11-24 08:00:00,2830.26,2843.09,2788.0,2803.41,85563.0091
2025-11-24 12:00:00,2803.4,2860.37,2785.04,2846.47,128886.2566
2025-11-24 16:00:00,2846.47,2979.63,2842.82,2959.0,228159.1109
2025-11-24 20:00:00,2959.0,2987.0,2947.77,2953.38,63068.2239
2025-11-25 00:00:00,2953.38,2953.38,2904.39,2911.99,55807.6755
2025-11-25 04:00:00,2911.99,2943.03,2901.75,2902.77,44848.2311
2025-11-25 08:00:00,2902.77,2909.18,2865.09,2891.01,72825.3165
2025-11-25 12:00:00,2891.01,2934.0,2857.32,2895.45,106635.5734
2025-11-25 16:00:00,2895.46,2958.53,2872.09,2922.95,79721.8356
2025-11-25 20:00:00,2922.96,2980.82,2907.42,2959.36,67847.8207
2025-11-26 00:00:00,2959.36,2984.0,2922.08,2927.2,60791.5726
2025-11-26 04:00:00,2927.19,2954.67,2921.11,2944.52,43870.3746
2025-11-26 08:00:00,2944.52,2949.27,2902.12,2914.0,38855.2939
2025-11-26 12:00:00,2913.99,2947.4,2888.69,2927.41,69609.6989
2025-11-26 16:00:00,2927.4,3045.0,2926.37,3032.28,112464.2424
2025-11-26 20:00:00,3032.28,3035.91,3008.53,3026.56,38944.1436
2025-11-27 00:00:00,3026.56,3071.37,3004.61,3033.53,73556.5834
2025-11-27 04:00:00,3033.53,3053.98,3017.45,3033.9,33999.8307
2025-11-27 08:00:00,3033.89,3044.73,3017.78,3028.54,31351.503
2025-11-27 12:00:00,3028.54,3030.49,2985.78,3010.97,65626.4194
2025-11-27 16:00:00,3010.97,3039.99,3004.83,3032.02,41934.8963
2025-11-27 20:00:00,3032.01,3044.44,3003.88,3015.23,28511.1627
2025-11-28 00:00:00,3015.23,3023.97,2994.36,3008.63,38314.6775
2025-11-28 04:00:00,3008.64,3028.94,3000.7,3001.91,43556.1352
2025-11-28 08:00:00,3001.9,3077.77,3001.59,3034.02,74468.9509
2025-11-28 12:00:00,3034.02,3099.0,3026.32,3073.77,82965.601
2025-11-28 16:00:00,3073.78,3074.4,3011.22,3050.0,79747.0269
2025-11-28 20:00:00,3049.99,3059.48,3020.57,3031.15,27563.636
2025-11-29 00:00:00,3031.14,3052.64,3017.73,3022.6,24555.3461
2025-11-29 04:00:00,3022.61,3045.6,2992.5,3004.9,42551.9966
2025-11-29 08:00:00,3004.9,3011.41,2986.09,2999.82,37596.1744
2025-11-29 12:00:00,2999.82,3014.09,2986.4,3007.41,44737.3526
2025-11-29 16:00:00,3007.41,3011.31,2961.91,2988.47,54342.1646
2025-11-29 20:00:00,2988.47,2999.17,2982.49,2989.16,14121.096
2025-11-30 00:00:00,2989.17,3012.29,2975.3,3001.69,22703.9647
2025-11-30 04:00:00,3001.68,3008.9,2985.69,3005.22,14470.8245
2025-11-30 08:00:00,3005.22,3018.48,2999.94,3003.36,23291.3467
2025-11-30 12:00:00,3003.37,3053.02,3000.34,3028.69,60797.768
2025-11-30 16:00:00,3028.69,3049.34,3028.24,3034.71,26922.0897
2025-11-30 20:00:00,3034.71,3041.14,2989.06,2991.26,34536.4317
2025-12-01 00:00:00,2991.25,2999.47,2813.2,2825.77,199403.7391
2025-12-01 04:00:00,2825.77,2844.11,2806.71,2840.21,66691.2571
2025-12-01 08:00:00,2840.21,2854.35,2828.62,2838.35,154411.9934
2025-12-01 12:00:00,2838.36,2840.31,2716.04,2745.72,228178.0282
2025-12-01 16:00:00,2745.73,2758.02,2719.73,2740.8,92163.4609
2025-12-01 20:00:00,2740.8,2819.35,2739.89,2799.07,108154.5122
2025-12-02 00:00:00,2799.07,2825.11,2782.81,2804.55,40929.9746
2025-12-02 04:00:00,2804.55,2815.88,2796.88,2805.65,30185.3366
2025-12-02 08:00:00,2805.66,2834.5,2782.19,2826.18,41716.9565
2025-12-02 12:00:00,2826.18,3024.98,2816.82,3006.61,243912.6653
2025-12-02 16:00:00,3006.61,3033.76,2987.19,3015.83,104569.563
2025-12-02 20:00:00,3015.84,3021.27,2972.35,2996.07,62392.8626
2025-12-03 00:00:00,2996.07,3048.0,2985.58,3030.75,51276.0073
2025-12-03 04:00:00,3030.74,3085.56,3029.59,3057.44,83611.9153
2025-12-03 08:00:00,3057.44,3080.0,3043.75,3073.23,45464.5888
2025-12-03 12:00:00,3073.23,3145.68,3030.42,3086.12,172616.4318
2025-12-03 16:00:00,3086.13,3142.15,3064.36,3128.2,76818.9822
2025-12-03 20:00:00,3128.2,3214.99,3117.0,3188.36,123881.8892
2025-12-04 00:00:00,3188.39,3240.35,3174.19,3210.13,85059.4744
2025-12-04 04:00:00,3210.12,3219.62,3170.47,3190.1,76321.0501
2025-12-04 08:00:00,3190.1,3208.63,3175.51,3186.55,41332.4332
2025-12-04 12:00:00,3186.55,3224.38,3139.72,3208.15,109395.5365
2025-12-04 16:00:00,3208.15,3225.0,3066.37,3119.27,123840.9066
2025-12-04 20:00:00,3119.26,3152.07,3105.9,3133.26,50748.9979
2025-12-05 00:00:00,3133.26,3193.33,3132.45,3170.98,43830.0206
2025-12-05 04:00:00,3170.98,3182.88,3152.0,3173.94,36417.0727
2025-12-05 08:00:00,3173.95,3173.95,3107.82,3131.38,87970.9676
2025-12-05 12:00:00,3131.38,3157.99,3082.75,3106.34,131005.0997
2025-12-05 16:00:00,3106.35,3108.73,2983.08,3038.49,180132.3301
2025-12-05 20:00:00,3038.5,3049.34,3006.78,3021.78,51027.4079
2025-12-06 00:00:00,3021.77,3046.3,3012.58,3040.31,25507.0265
2025-12-06 04:00:00,3040.31,3042.78,3024.35,3026.25,18352.2563
2025-12-06 08:00:00,3026.25,3042.0,3013.25,3038.99,20383.7777
2025-12-06 12:00:00,3038.98,3069.0,3026.5,3041.69,43669.9804
2025-12-06 16:00:00,3041.69,3066.62,3025.0,3030.44,33248.8274
2025-12-06 20:00:00,3030.45,3054.31,3026.16,3038.06,18559.3805
2025-12-07 00:00:00,3038.06,3056.97,3032.47,3053.92,15546.9343
2025-12-07 04:00:00,3053.93,3058.01,3031.21,3037.29,13660.3566
2025-12-07 08:00:00,3037.28,3043.69,3024.07,3035.77,22816.8639
2025-12-07 12:00:00,3035.77,3053.49,2907.52,3027.01,146482.4681
2025-12-07 16:00:00,3027.0,3150.0,2999.63,3137.92,123703.2987
2025-12-07 20:00:00,3137.91,3147.36,3013.73,3059.85,68919.7534
2025-12-08 00:00:00,3059.86,3134.73,3040.87,3111.01,62439.9004
2025-12-08 04:00:00,3111.01,3140.5,3108.53,3134.31,65181.9052
2025-12-08 08:00:00,3134.31,3180.51,3125.1,3142.25,67113.0422
2025-12-08 12:00:00,3142.25,3178.42,3088.83,3101.54,125289.7961
2025-12-08 16:00:00,3101.54,3133.0,3075.38,3118.64,89209.1247
2025-12-08 20:00:00,3118.65,3153.0,3112.88,3124.16,43586.4521
2025-12-09 00:00:00,3124.16,3143.5,3090.8,3129.26,42586.4215
2025-12-09 04:00:00,3129.27,3131.42,3095.12,3123.0,45669.3221
2025-12-09 08:00:00,3123.0,3130.0,3093.0,3118.35,28056.408
2025-12-09 12:00:00,3118.35,3256.88,3098.58,3245.88,155154.1408
2025-12-09 16:00:00,3245.88,3397.85,3245.63,3357.88,241671.7299
2025-12-09 20:00:00,3357.87,3361.41,3285.0,3318.04,90721.9235
2025-12-10 00:00:00,3318.04,3328.2,3288.1,3309.73,45078.3976
2025-12-10 04:00:00,3309.73,3334.66,3306.92,3327.21,42144.1814
2025-12-10 08:00:00,3327.21,3376.0,3296.99,3318.39,73454.6194
2025-12-10 12:00:00,3318.39,3339.14,3304.45,3328.25,64308.9848
2025-12-10 16:00:00,3328.25,3435.0,3320.72,3390.71,186919.8911
2025-12-10 20:00:00,3390.67,3447.44,3317.37,3324.14,127679.3792
2025-12-11 00:00:00,3324.14,3327.37,3167.07,3191.42,138432.0124
2025-12-11 04:00:00,3191.42,3216.16,3180.93,3201.51,49737.3218
2025-12-11 08:00:00,3201.52,3213.0,3178.0,3192.75,38704.27
2025-12-11 12:00:00,3192.75,3210.0,3145.28,3179.25,92491.4111
2025-12-11 16:00:00,3179.24,3234.25,3155.0,3194.51,90002.7899
2025-12-11 20:00:00,3194.52,3273.4,3186.36,3237.39,94746.4339
2025-12-12 00:00:00,3237.38,3265.5,3185.2,3245.49,51913.2954
2025-12-12 04:00:00,3245.49,3265.0,3232.79,3246.55,34036.654
2025-12-12 08:00:00,3246.55,3255.7,3225.92,3242.59,38271.9698
2025-12-12 12:00:00,3242.59,3251.31,3058.12,3071.41,143185.8142
2025-12-12 16:00:00,3071.4,3099.88,3045.31,3073.74,142541.9537
2025-12-12 20:00:00,3073.74,3096.16,3067.61,3084.86,25736.7564
2025-12-13 00:00:00,3084.86,3095.24,3078.6,3089.85,16683.0837
2025-12-13 04:00:00,3089.86,3095.85,3084.11,3094.72,13025.1563
2025-12-13 08:00:00,3094.72,3135.68,3092.59,3119.35,35477.1325
2025-12-13 12:00:00,3119.36,3127.8,3095.12,3109.63,25324.4748
2025-12-13 16:00:00,3109.63,3116.37,3096.05,3108.41,23595.4427
2025-12-13 20:00:00,3108.41,3119.79,3079.0,3114.64,22360.4667
2025-12-14 00:00:00,3114.64,3129.54,3103.49,3118.96,17318.8749
2025-12-14 04:00:00,3118.97,3122.1,3104.59,3115.3,12759.8668
2025-12-14 08:00:00,3115.3,3119.9,3050.01,3084.84,55728.5888
2025-12-14 12:00:00,3084.84,3108.18,3070.42,3084.51,46359.2301
2025-12-14 16:00:00,3084.51,3107.89,3074.29,3093.71,88491.9595
2025-12-14 20:00:00,3093.71,3097.1,3024.44,3063.5,58399.8344
2025-12-15 00:00:00,3063.49,3150.92,3056.7,3108.68,68229.9045
2025-12-15 04:00:00,3108.68,3145.0,3104.02,3128.9,34378.0894
2025-12-15 08:00:00,3128.91,3177.5,3125.86,3156.73,45866.4503
2025-12-15 12:00:00,3156.73,3159.14,2986.05,3010.96,165313.3397
2025-12-15 16:00:00,3010.97,3017.77,2894.57,2940.3,146722.7896
2025-12-15 20:00:00,2940.29,2969.29,2916.67,2964.85,59999.382
2025-12-16 00:00:00,2964.85,2978.26,2922.64,2937.0,50152.4495
2025-12-16 04:00:00,2936.99,2951.45,2876.0,2924.11,65694.2387
2025-12-16 08:00:00,2924.1,2964.14,2920.02,2957.93,50801.8701
2025-12-16 12:00:00,2957.93,2981.87,2886.75,2963.31,117771.3622
2025-12-16 16:00:00,2963.31,2968.0,2912.15,2945.58,70556.5322
2025-12-16 20:00:00,2945.57,2965.73,2938.08,2962.3,23316.6632
2025-12-17 00:00:00,2962.3,2974.27,2938.38,2947.8,21063.3951
2025-12-17 04:00:00,2947.8,2953.98,2913.95,2947.92,40306.4414
2025-12-17 08:00:00,2947.92,2947.92,2908.56,2928.71,28398.9424
2025-12-17 12:00:00,2928.71,3030.92,2886.8,2904.66,202478.3788
2025-12-17 16:00:00,2904.65,2925.59,2791.02,2820.28,155552.7194
2025-12-17 20:00:00,2820.28,2837.8,2798.0,2833.49,49830.5391
2025-12-18 00:00:00,2833.5,2847.65,2821.34,2832.06,30115.801
2025-12-18 04:00:00,2832.06,2841.76,2822.98,2836.45,25308.1925
2025-12-18 08:00:00,2836.45,2864.46,2831.99,2859.09,30684.1722
2025-12-18 12:00:00,2859.1,2997.4,2854.47,2965.19,215481.281
2025-12-18 16:00:00,2965.19,2967.48,2775.19,2781.93,205062.6339
2025-12-18 20:00:00,2781.92,2838.25,2779.76,2828.57,88601.7191
2025-12-19 00:00:00,2828.56,2935.0,2808.63,2909.01,123898.4272
2025-12-19 04:00:00,2909.0,2984.33,2907.09,2951.73,96960.5859
2025-12-19 08:00:00,2951.72,2971.57,2938.01,2964.96,43082.5898
2025-12-19 12:00:00,2964.97,3020.0,2943.13,2964.99,149054.673
2025-12-19 16:00:00,2964.99,3007.06,2936.3,2985.02,93755.7291
2025-12-19 20:00:00,2985.02,3003.02,2974.72,2979.5,24950.5389
2025-12-20 00:00:00,2979.49,2994.41,2970.98,2989.41,12846.4551
2025-12-20 04:00:00,2989.42,2990.8,2964.17,2981.24,17802.9144
2025-12-20 08:00:00,2981.24,2990.2,2975.14,2987.13,14432.6945
2025-12-20 12:00:00,2987.14,2993.8,2967.44,2977.27,25699.3196
2025-12-20 16:00:00,2977.26,2981.4,2974.34,2978.05,13056.8688
2025-12-20 20:00:00,2978.06,2985.94,2972.85,2977.93,7945.521
2025-12-21 00:00:00,2977.93,2981.43,2961.42,2972.81,21624.4873
2025-12-21 04:00:00,2972.8,2982.54,2971.75,2981.09,6058.0404
2025-12-21 08:00:00,2981.09,3013.4,2977.61,2996.52,37511.9829
2025-12-21 12:00:00,2996.52,3005.46,2944.0,2974.68,47803.6499
2025-12-21 16:00:00,2974.69,2997.96,2967.74,2991.18,24256.6751
2025-12-21 20:00:00,2991.19,3012.27,2970.75,3002.02,24989.9711
2025-12-22 00:00:00,3002.03,3060.55,2972.48,3021.52,67518.0299
2025-12-22 04:00:00,3021.53,3042.87,3020.0,3029.67,23753.1837
2025-12-22 08:00:00,3029.66,3058.38,3025.11,3049.04,35463.9382
2025-12-22 12:00:00,3049.05,3077.39,3022.35,3052.59,70632.5652
2025-12-22 16:00:00,3052.59,3059.42,2974.23,2980.44,55772.3856
2025-12-22 20:00:00,2980.44,3015.37,2963.43,3009.49,45303.4607
2025-12-23 00:00:00,3009.48,3035.79,2971.56,2991.8,52521.8213
2025-12-23 04:00:00,2991.81,2999.97,2944.79,2964.89,70774.1346
2025-12-23 08:00:00,2964.88,2975.35,2952.26,2973.63,22052.4785
2025-12-23 12:00:00,2973.63,2974.47,2900.93,2928.59,96611.7545
2025-12-23 16:00:00,2928.59,2966.56,2908.95,2943.92,66566.6724
2025-12-23 20:00:00,2943.95,2988.44,2940.89,2965.02,77938.8857
2025-12-24 00:00:00,2965.03,2978.15,2921.03,2945.75,37427.1687
2025-12-24 04:00:00,2945.75,2958.73,2917.12,2932.68,35394.642
2025-12-24 08:00:00,2932.69,2939.84,2914.35,2925.02,29363.6813
2025-12-24 12:00:00,2925.02,2938.73,2888.7,2925.55,44957.6081
2025-12-24 16:00:00,2925.54,2954.39,2921.37,2945.72,32340.0522
2025-12-24 20:00:00,2945.73,2962.96,2941.73,2947.47,17552.4075
2025-12-25 00:00:00,2947.48,2956.89,2936.89,2947.15,13645.1601
2025-12-25 04:00:00,2947.16,2948.15,2938.12,2941.56,17963.7439
2025-12-25 08:00:00,2941.57,2946.82,2912.0,2924.88,26993.2817
2025-12-25 12:00:00,2924.88,2971.46,2920.0,2961.14,50360.9413
2025-12-25 16:00:00,2961.14,2967.65,2943.75,2956.41,40199.7035
2025-12-25 20:00:00,2956.41,2956.58,2891.2,2903.95,39558.4676
2025-12-26 00:00:00,2903.9,2994.38,2894.26,2964.92,85472.0655
2025-12-26 04:00:00,2964.92,2993.27,2952.59,2956.83,56536.7528
2025-12-26 08:00:00,2956.83,2976.53,2954.76,2964.75,27704.0127
2025-12-26 12:00:00,2964.76,2985.89,2894.49,2923.19,102372.8741
2025-12-26 16:00:00,2923.2,2935.12,2906.98,2925.99,29323.5571
2025-12-26 20:00:00,2925.99,2938.83,2921.49,2927.99,13421.7367
2025-12-27 00:00:00,2928.0,2933.7,2921.33,2933.4,12504.4062
2025-12-27 04:00:00,2933.39,2938.0,2928.11,2933.27,9579.6222
2025-12-27 08:00:00,2933.27,2940.79,2917.25,2930.88,22992.0865
2025-12-27 12:00:00,2930.88,2933.85,2925.25,2926.5,11659.5727
2025-12-27 16:00:00,2926.5,2930.82,2917.13,2930.82,12392.4561
2025-12-27 20:00:00,2930.81,2960.89,2928.89,2949.05,25912.2519
2025-12-28 00:00:00,2949.05,2951.86,2941.14,2943.58,13874.2237
2025-12-28 04:00:00,2943.57,2947.07,2929.5,2939.0,12300.1573
2025-12-28 08:00:00,2938.99,2947.34,2931.56,2944.09,18702.5796
2025-12-28 12:00:00,2944.09,2961.23,2937.78,2949.46,33669.6711
2025-12-28 16:00:00,2949.47,2954.72,2924.54,2933.61,29530.2686
2025-12-28 20:00:00,2933.6,2955.5,2928.89,2950.91,20757.2387
2025-12-29 00:00:00,2950.91,3048.45,2944.54,3043.75,101995.3642
2025-12-29 04:00:00,3043.75,3057.78,3010.74,3019.51,103030.9462
2025-12-29 08:00:00,3019.51,3026.51,2956.89,2959.91,84829.1665
2025-12-29 12:00:00,2959.9,2965.85,2910.25,2935.75,119862.5897
2025-12-29 16:00:00,2935.75,2946.0,2914.03,2932.48,51908.4218
2025-12-29 20:00:00,2932.47,2944.24,2926.04,2937.9,24332.694
2025-12-30 00:00:00,2937.91,2956.0,2919.44,2951.91,30076.5563
2025-12-30 04:00:00,2951.92,2959.0,2937.39,2950.79,26514.3134
2025-12-30 08:00:00,2950.79,3003.66,2950.2,2978.88,59053.3564
2025-12-30 12:00:00,2978.88,3009.8,2958.88,2989.77,93742.7732
2025-12-30 16:00:00,2989.78,2995.28,2944.76,2971.56,54745.6584
2025-12-30 20:00:00,2971.56,2975.96,2954.28,2973.69,22450.6302
2025-12-31 00:00:00,2973.69,2984.86,2961.89,2970.69,20321.8507
2025-12-31 04:00:00,2970.68,2980.0,2968.92,2976.98,17669.201
2025-12-31 08:00:00,2976.97,3003.64,2963.91,3002.2,54160.4918
2025-12-31 12:00:00,3002.2,3028.08,2968.0,2985.76,77365.9324
2025-12-31 16:00:00,2985.76,2997.4,2958.91,2971.15,38835.5156
2025-12-31 20:00:00,2971.16,2984.86,2963.43,2971.64,25376.5972
2026-01-01 00:00:00,2971.65,2988.96,2971.15,2980.0,14277.7037
2026-01-01 04:00:00,2979.99,2983.79,2972.99,2978.53,24119.3745
2026-01-01 08:00:00,2978.52,2993.2,2977.8,2989.69,18658.7012
2026-01-01 12:00:00,2989.7,2994.87,2977.74,2989.87,24220.7859
2026-01-01 16:00:00,2989.87,3005.98,2980.75,2995.42,28557.2596
2026-01-01 20:00:00,2995.42,3010.0,2987.54,3004.19,26254.6958
2026-01-02 00:00:00,3004.19,3035.0,2992.49,3022.53,40245.6068
2026-01-02 04:00:00,3022.53,3039.54,3009.02,3018.33,25581.588
2026-01-02 08:00:00,3018.32,3069.71,3015.95,3047.82,67146.8837
2026-01-02 12:00:00,3047.81,3109.0,3020.79,3086.64,103779.6548
2026-01-02 16:00:00,3086.64,3150.01,3079.23,3123.62,103511.24
2026-01-02 20:00:00,3123.63,3146.0,3111.52,3125.45,29626.2716
2026-01-03 00:00:00,3125.46,3136.71,3119.26,3125.56,21639.9351
2026-01-03 04:00:00,3125.56,3127.79,3076.0,3090.5,37848.5768
2026-01-03 08:00:00,3090.49,3110.56,3083.86,3098.49,24186.4409
2026-01-03 12:00:00,3098.5,3114.61,3093.47,3101.31,21597.531
2026-01-03 16:00:00,3101.32,3118.55,3098.33,3113.13,13958.2898
2026-01-03 20:00:00,3113.13,3131.0,3107.49,3127.11,15174.4522
2026-01-04 00:00:00,3127.11,3167.22,3126.35,3147.36,48314.7056
2026-01-04 04:00:00,3147.36,3163.19,3133.57,3141.29,39164.635
2026-01-04 08:00:00,3141.29,3148.3,3126.0,3139.54,25325.4415
2026-01-04 12:00:00,3139.55,3147.26,3118.75,3135.55,25571.0536
2026-01-04 16:00:00,3135.55,3143.6,3118.98,3132.72,22056.3594
2026-01-04 20:00:00,3132.72,3155.85,3130.85,3144.7,21143.8735
2026-01-05 00:00:00,3144.71,3220.82,3143.54,3185.86,78748.0623
2026-01-05 04:00:00,3185.86,3188.35,3135.31,3157.33,46393.4312
2026-01-05 08:00:00,3157.24,3183.64,3153.12,3180.27,35017.8247
2026-01-05 12:00:00,3180.28,3205.0,3135.02,3195.57,75457.2182
2026-01-05 16:00:00,3195.58,3229.99,3159.48,3223.07,84699.9838
2026-01-05 20:00:00,3223.07,3265.66,3220.0,3224.99,62130.1416
2026-01-06 00:00:00,3224.99,3247.3,3203.34,3225.1,41660.2045
2026-01-06 04:00:00,3225.1,3253.76,3211.37,3219.24,43424.5658
2026-01-06 08:00:00,3219.24,3242.98,3214.52,3238.08,31791.5748
2026-01-06 12:00:00,3238.09,3308.86,3230.0,3272.32,128299.7324
2026-01-06 16:00:00,3272.31,3279.36,3183.27,3223.57,114076.954
2026-01-06 20:00:00,3223.57,3301.6,3223.11,3296.84,53250.4751
2026-01-07 00:00:00,3296.83,3296.84,3239.44,3266.83,42293.9943
2026-01-07 04:00:00,3266.84,3271.81,3246.75,3255.31,22149.3916
2026-01-07 08:00:00,3255.31,3263.37,3196.23,3220.24,64927.4387
2026-01-07 12:00:00,3220.25,3229.05,3144.37,3164.7,91685.5827
2026-01-07 16:00:00,3164.71,3179.69,3125.42,3146.02,58204.1941
2026-01-07 20:00:00,3146.02,3181.78,3128.13,3168.72,42089.5211
2026-01-08 00:00:00,3168.72,3184.39,3133.56,3142.88,39920.8253
2026-01-08 04:00:00,3142.88,3161.24,3090.04,3128.28,59556.3234
2026-01-08 08:00:00,3128.29,3136.56,3096.68,3121.24,46446.0065
2026-01-08 12:00:00,3121.25,3121.49,3054.65,3104.2,115339.8326
2026-01-08 16:00:00,3104.19,3140.0,3090.2,3111.53,53648.4349
2026-01-08 20:00:00,3111.53,3130.38,3089.39,3106.65,28704.6778
2026-01-09 00:00:00,3106.66,3148.41,3081.34,3119.6,49958.428
2026-01-09 04:00:00,3119.6,3125.71,3110.39,3111.2,17294.1278
2026-01-09 08:00:00,3111.21,3115.37,3067.44,3090.36,40427.3691
2026-01-09 12:00:00,3090.36,3143.0,3058.69,3112.08,86674.2014
2026-01-09 16:00:00,3112.08,3145.45,3068.94,3080.6,56163.5771
2026-01-09 20:00:00,3080.6,3093.35,3065.23,3088.4,24069.7499
2026-01-10 00:00:00,3088.4,3094.61,3080.1,3086.51,10803.586
2026-01-10 04:00:00,3086.51,3093.38,3077.99,3092.77,20280.0951
2026-01-10 08:00:00,3092.77,3104.12,3087.37,3096.99,19119.5953
2026-01-10 12:00:00,3096.99,3104.01,3088.81,3095.64,12501.0934
2026-01-10 16:00:00,3095.63,3099.37,3090.08,3092.12,8420.0952
2026-01-10 20:00:00,3092.13,3093.3,3078.71,3086.72,11216.5896
2026-01-11 00:00:00,3086.72,3097.53,3084.46,3096.78,6690.1603
2026-01-11 04:00:00,3096.78,3102.42,3090.0,3095.32,10462.9255
2026-01-11 08:00:00,3095.32,3109.78,3092.7,3105.22,16569.4584
2026-01-11 12:00:00,3105.22,3131.0,3105.0,3118.22,35550.031
2026-01-11 16:00:00,3118.22,3147.27,3115.63,3124.36,36016.8437
2026-01-11 20:00:00,3124.36,3126.15,3092.59,3123.45,44091.8776
2026-01-12 00:00:00,3123.46,3171.49,3097.24,3152.55,72306.4411
2026-01-12 04:00:00,3152.56,3166.9,3133.52,3135.34,25464.2607
2026-01-12 08:00:00,3135.33,3147.62,3101.48,3115.43,40245.0871
2026-01-12 12:00:00,3115.43,3133.52,3065.55,3130.17,73683.7355
2026-01-12 16:00:00,3130.17,3146.66,3083.5,3121.83,57077.6791
2026-01-12 20:00:00,3121.82,3127.75,3083.54,3095.75,28596.2646
2026-01-13 00:00:00,3095.75,3119.01,3091.96,3116.14,22531.1335
2026-01-13 04:00:00,3116.14,3146.55,3112.46,3122.01,38274.2613
2026-01-13 08:00:00,3122.0,3148.33,3122.0,3133.95,33910.3954
2026-01-13 12:00:00,3133.95,3188.47,3130.0,3184.41,96545.2406
2026-01-13 16:00:00,3184.41,3218.61,3172.0,3215.9,73955.9338
2026-01-13 20:00:00,3215.91,3367.79,3190.56,3325.82,192565.317
2026-01-14 00:00:00,3325.83,3357.56,3315.15,3351.95,85543.415
2026-01-14 04:00:00,3351.94,3364.64,3322.01,3335.78,63136.2459
2026-01-14 08:00:00,3335.78,3342.64,3282.59,3286.22,58774.1212
2026-01-14 12:00:00,3286.22,3362.17,3280.48,3345.81,107556.326
2026-01-14 16:00:00,3345.81,3402.89,3315.51,3367.42,136432.6272
2026-01-14 20:00:00,3367.42,3392.94,3347.83,3354.92,51997.3406
2026-01-15 00:00:00,3354.92,3355.8,3278.0,3286.55,57564.0628
2026-01-15 04:00:00,3286.56,3335.15,3284.84,3330.0,36938.0988
2026-01-15 08:00:00,3329.99,3378.75,3320.17,3349.96,56429.5116
2026-01-15 12:00:00,3349.96,3384.19,3285.79,3330.65,109387.0046
2026-01-15 16:00:00,3330.66,3337.56,3273.72,3295.48,95663.6814
2026-01-15 20:00:00,3295.47,3323.32,3276.7,3318.69,34011.4768
2026-01-16 00:00:00,3318.7,3326.79,3291.89,3295.21,26232.6895
2026-01-16 04:00:00,3295.22,3316.99,3277.04,3309.41,39155.7934
2026-01-16 08:00:00,3309.42,3319.97,3293.33,3301.94,24987.7787
2026-01-16 12:00:00,3301.94,3318.61,3253.01,3264.18,65806.1923
2026-01-16 16:00:00,3264.17,3288.42,3259.83,3276.94,40718.886
2026-01-16 20:00:00,3276.94,3299.89,3264.42,3296.28,27020.4477
2026-01-17 00:00:00,3296.28,3297.34,3283.96,3289.32,11302.5507
2026-01-17 04:00:00,3289.33,3294.12,3285.99,3291.57,8025.4566
2026-01-17 08:00:00,3291.56,3305.32,3289.01,3302.72,19466.0816
2026-01-17 12:00:00,3302.72,3330.07,3299.77,3329.95,42521.6103
2026-01-17 16:00:00,3329.95,3330.26,3312.22,3316.36,27286.9449
2026-01-17 20:00:00,3316.36,3320.33,3297.44,3310.56,15722.3862
2026-01-18 00:00:00,3310.56,3319.5,3296.34,3316.16,14955.0073
2026-01-18 04:00:00,3316.15,3318.36,3306.4,3307.3,19441.7668
2026-01-18 08:00:00,3307.3,3326.2,3303.52,3322.0,26425.7891
2026-01-18 12:00:00,3322.0,3347.75,3314.64,3333.99,32494.8908
2026-01-18 16:00:00,3334.0,3368.82,3330.05,3346.56,28977.7552
2026-01-18 20:00:00,3346.56,3356.26,3278.86,3284.03,51059.0934
2026-01-19 00:00:00,3284.04,3284.58,3177.68,3212.29,189671.1361
2026-01-19 04:00:00,3212.28,3218.02,3187.88,3207.47,86267.3546
2026-01-19 08:00:00,3207.47,3231.27,3197.3,3223.91,62305.8434
2026-01-19 12:00:00,3223.91,3236.26,3202.85,3216.21,39678.1061
2026-01-19 16:00:00,3216.2,3227.17,3208.5,3219.95,20446.9647
2026-01-19 20:00:00,3219.95,3225.43,3165.38,3189.55,44171.1547
2026-01-20 00:00:00,3189.56,3200.5,3175.53,3188.67,31249.1524
2026-01-20 04:00:00,3188.68,3189.23,3109.37,3123.37,92886.9592
2026-01-20 08:00:00,3123.37,3123.84,3085.17,3109.88,80416.5277
2026-01-20 12:00:00,3109.88,3115.0,2995.33,3032.99,151528.8906
2026-01-20 16:00:00,3033.0,3042.92,2980.11,2996.49,80445.9788
2026-01-20 20:00:00,2996.49,3007.22,2920.0,2939.88,81638.97
2026-01-21 00:00:00,2939.88,2984.64,2921.89,2981.76,52743.8817
2026-01-21 04:00:00,2981.75,3002.0,2966.0,2970.6,43953.8509
2026-01-21 08:00:00,2970.6,2974.87,2938.0,2943.0,47857.5216
2026-01-21 12:00:00,2943.0,3026.83,2902.0,3002.69,152744.3548
2026-01-21 16:00:00,3002.69,3069.07,2866.11,3055.56,209234.4299
2026-01-21 20:00:00,3055.55,3057.72,2972.69,2982.27,71266.2092
2026-01-22 00:00:00,2982.28,3038.33,2980.73,3013.41,40907.9309
2026-01-22 04:00:00,3013.41,3027.9,3000.4,3000.94,30603.7031
2026-01-22 08:00:00,3000.94,3016.4,2977.22,2986.8,36510.9344
2026-01-22 12:00:00,2986.8,3010.18,2906.02,2942.01,106579.0097
2026-01-22 16:00:00,2942.02,2972.76,2923.99,2953.94,48457.5714
2026-01-22 20:00:00,2953.94,2959.16,2930.15,2952.69,28601.5854
2026-01-23 00:00:00,2952.7,2972.08,2946.22,2964.42,22069.3863
2026-01-23 04:00:00,2964.42,2984.71,2935.31,2948.49,46545.6544
2026-01-23 08:00:00,2948.58,2951.34,2914.93,2940.68,56738.2502
2026-01-23 12:00:00,2940.68,2965.06,2892.4,2952.75,74272.5747
2026-01-23 16:00:00,2952.66,3019.26,2938.46,2959.8,94167.9053
2026-01-23 20:00:00,2959.79,2963.69,2930.42,2956.41,24621.5608
2026-01-24 00:00:00,2956.41,2970.41,2949.27,2962.72,19180.1792
2026-01-24 04:00:00,2962.72,2966.86,2953.99,2957.34,16552.4734
2026-01-24 08:00:00,2957.34,2964.98,2954.77,2961.18,7645.161
2026-01-24 12:00:00,2961.17,2968.08,2943.84,2957.25,21086.4614
2026-01-24 16:00:00,2957.25,2968.49,2952.23,2953.93,14150.0816
2026-01-24 20:00:00,2953.94,2964.55,2949.23,2953.22,13468.5473
2026-01-25 00:00:00,2953.23,2960.29,2937.5,2942.6,14633.9687
2026-01-25 04:00:00,2942.59,2949.36,2935.01,2939.57,15127.5126
2026-01-25 08:00:00,2939.58,2948.11,2921.0,2937.54,26614.8719
2026-01-25 12:00:00,2937.54,2945.37,2922.08,2926.81,24962.6202
2026-01-25 16:00:00,2926.82,2927.78,2797.2,2812.96,193895.4063
2026-01-25 20:00:00,2812.96,2825.72,2787.0,2816.89,104952.1529
2026-01-26 00:00:00,2816.9,2898.76,2812.37,2850.68,103456.7027
2026-01-26 04:00:00,2850.69,2911.61,2849.91,2904.32,70449.5297
2026-01-26 08:00:00,2904.32,2934.4,2880.5,2892.15,58700.9528
2026-01-26 12:00:00,2892.15,2951.21,2875.77,2899.32,115201.556
2026-01-26 16:00:00,2899.32,2936.06,2885.97,2923.12,66316.68
2026-01-26 20:00:00,2923.11,2945.32,2895.82,2930.35,71043.916
2026-01-27 00:00:00,2930.35,2948.88,2912.44,2941.18,58753.8705
2026-01-27 04:00:00,2941.17,2957.04,2924.35,2929.11,52881.5063
2026-01-27 08:00:00,2929.11,2932.65,2899.77,2917.02,55309.1442
2026-01-27 12:00:00,2917.03,2943.63,2905.93,2937.45,67431.6111
2026-01-27 16:00:00,2937.46,2998.52,2918.09,2980.48,130629.9434
2026-01-27 20:00:00,2980.48,3035.08,2978.92,3026.77,113786.3233
2026-01-28 00:00:00,3026.77,3029.79,2996.55,3005.18,26992.6585
2026-01-28 04:00:00,3005.18,3018.33,2992.89,3005.07,34894.0853
2026-01-28 08:00:00,3005.07,3045.36,2986.59,3039.72,57899.7112
2026-01-28 12:00:00,3039.71,3045.78,2983.67,3008.25,79326.4621
2026-01-28 16:00:00,3008.25,3031.68,2989.41,3016.6,64622.6941
2026-01-28 20:00:00,3016.6,3038.45,2996.66,3010.78,32872.0437
2026-01-29 00:00:00,3010.78,3013.5,2944.48,2952.52,54242.7483
2026-01-29 04:00:00,2952.52,2965.69,2937.55,2961.54,30942.7833
2026-01-29 08:00:00,2961.54,2969.79,2923.77,2929.29,46623.7633
2026-01-29 12:00:00,2929.29,2939.0,2797.01,2824.32,140222.2492
2026-01-29 16:00:00,2824.31,2860.05,2754.53,2797.53,242269.3264
2026-01-29 20:00:00,2797.53,2827.59,2789.39,2822.59,46987.7274
2026-01-30 00:00:00,2822.6,2828.65,2689.0,2741.11,182314.4807
2026-01-30 04:00:00,2741.12,2774.83,2696.82,2740.16,103133.5444
2026-01-30 08:00:00,2740.17,2768.78,2710.0,2759.88,65278.2179
2026-01-30 12:00:00,2759.87,2766.53,2693.42,2729.47,123239.403
2026-01-30 16:00:00,2729.46,2761.46,2636.01,2742.4,205002.4188
2026-01-30 20:00:00,2742.39,2742.87,2664.82,2707.38,114311.5604
2026-01-31 00:00:00,2707.37,2714.64,2684.67,2695.86,31607.4725
2026-01-31 04:00:00,2695.86,2704.82,2668.2,2680.06,36477.2886
2026-01-31 08:00:00,2680.06,2683.49,2609.85,2640.72,101951.5948
2026-01-31 12:00:00,2640.72,2644.43,2510.01,2534.2,226209.6577
2026-01-31 16:00:00,2534.2,2551.26,2250.0,2382.82,562612.3808
2026-01-31 20:00:00,2382.83,2473.77,2355.24,2451.95,154239.3188
2026-02-01 00:00:00,2451.96,2475.98,2429.15,2445.46,92986.2376
2026-02-01 04:00:00,2445.46,2454.66,2393.46,2411.22,122634.216
2026-02-01 08:00:00,2411.22,2438.98,2376.1,2411.86,99830.5142
2026-02-01 12:00:00,2411.86,2412.47,2285.4,2315.39,215369.1339
2026-02-01 16:00:00,2315.47,2377.99,2284.17,2320.35,236454.4214
2026-02-01 20:00:00,2320.35,2349.24,2222.0,2270.15,259299.4235
2026-02-02 00:00:00,2270.16,2324.17,2166.14,2239.02,298359.9131
2026-02-02 04:00:00,2239.01,2268.0,2157.14,2228.93,301794.9407
2026-02-02 08:00:00,2228.93,2319.0,2228.93,2282.32,202430.0447
2026-02-02 12:00:00,2282.32,2396.62,2274.19,2372.71,260831.0106
2026-02-02 16:00:00,2372.71,2387.31,2327.68,2331.54,123749.5713
2026-02-02 20:00:00,2331.52,2355.55,2313.33,2347.02,61369.731
2026-02-03 00:00:00,2347.01,2359.88,2284.48,2344.03,92480.3296
2026-02-03 04:00:00,2343.99,2354.99,2298.44,2323.12,142937.5961
2026-02-03 08:00:00,2323.13,2332.57,2262.15,2276.68,125794.6591
2026-02-03 12:00:00,2276.68,2317.65,2251.94,2303.2,165687.0223
2026-02-03 16:00:00,2303.21,2303.4,2110.0,2205.28,499560.1202
2026-02-03 20:00:00,2205.27,2343.82,2188.25,2233.72,294639.6594
2026-02-04 00:00:00,2233.72,2295.74,2223.88,2283.37,94160.573
2026-02-04 04:00:00,2283.37,2293.99,2256.0,2283.85,78151.7651
2026-02-04 08:00:00,2283.84,2285.9,2221.47,2254.86,132402.8161
2026-02-04 12:00:00,2254.86,2263.3,2136.6,2151.83,322528.0764
2026-02-04 16:00:00,2151.84,2194.71,2076.68,2188.27,475231.0228
2026-02-04 20:00:00,2188.26,2192.7,2088.01,2148.26,162269.1766
2026-02-05 00:00:00,2148.25,2173.77,2097.94,2110.0,173253.3499
2026-02-05 04:00:00,2110.0,2125.26,2068.2,2091.4,232556.1529
2026-02-05 08:00:00,2091.5,2149.75,2061.96,2079.98,171883.2094
2026-02-05 12:00:00,2079.98,2106.51,1927.33,1961.12,487545.3296
2026-02-05 16:00:00,1961.12,2018.33,1913.76,1928.76,377522.1496
2026-02-05 20:00:00,1928.78,1943.06,1818.18,1826.83,509526.5037
2026-02-06 00:00:00,1826.83,1947.84,1747.8,1891.82,467955.4557
2026-02-06 04:00:00,1891.81,1975.75,1885.95,1899.42,267768.456
2026-02-06 08:00:00,1899.41,1939.35,1866.13,1932.68,372603.6313
2026-02-06 12:00:00,1932.67,2002.18,1914.88,1980.81,347876.9294
2026-02-06 16:00:00,1980.8,2090.13,1970.17,2065.63,408242.2928
2026-02-06 20:00:00,2065.63,2093.94,2039.93,2063.38,237864.7921
2026-02-07 00:00:00,2063.37,2086.0,2032.6,2080.81,123773.1219
2026-02-07 04:00:00,2080.8,2119.46,1994.57,2027.1,180822.7462
2026-02-07 08:00:00,2027.1,2032.6,1999.57,2018.77,90171.0894
2026-02-07 12:00:00,2018.77,2075.21,2009.82,2052.54,171743.7573
2026-02-07 16:00:00,2052.55,2121.7,2009.54,2091.29,500380.4324
2026-02-07 20:00:00,2091.29,2115.0,2073.0,2087.08,75725.3015
2026-02-08 00:00:00,2087.08,2107.44,2076.86,2078.77,55846.2385
2026-02-08 04:00:00,2078.78,2090.01,2064.1,2084.41,81901.8886
2026-02-08 08:00:00,2084.41,2137.57,2078.04,2132.35,92748.6006
2026-02-08 12:00:00,2132.36,2145.26,2097.57,2108.64,92209.4994
2026-02-08 16:00:00,2108.63,2129.73,2072.8,2126.77,60836.7024
2026-02-08 20:00:00,2126.79,2152.03,2071.6,2089.74,99294.322
2026-02-09 00:00:00,2089.73,2103.02,2055.01,2100.25,90227.1224
2026-02-09 04:00:00,2100.25,2102.03,2064.67,2065.74,63962.1613
2026-02-09 08:00:00,2065.74,2070.21,2013.25,2028.23,110228.8629
2026-02-09 12:00:00,2028.26,2073.47,2008.62,2061.61,123193.2243
2026-02-09 16:00:00,2061.61,2143.0,2047.78,2131.34,142688.2535
2026-02-09 20:00:00,2131.34,2147.73,2089.0,2105.02,95078.9325
2026-02-10 00:00:00,2105.02,2124.71,2052.14,2064.96,63762.6252
2026-02-10 04:00:00,2064.96,2074.35,1997.59,2007.47,195613.5569
2026-02-10 08:00:00,2007.47,2029.98,1995.83,2003.21,114586.795
2026-02-10 12:00:00,2003.2,2040.01,1989.38,2022.66,106821.103
2026-02-10 16:00:00,2022.67,2046.94,1996.18,2017.95,63309.8136
2026-02-10 20:00:00,2017.95,2022.85,1997.0,2022.67,30227.7971
2026-02-11 00:00:00,2022.67,2032.31,1998.0,2009.59,33194.1097
2026-02-11 04:00:00,2009.59,2011.23,1939.21,1950.89,100528.6786
2026-02-11 08:00:00,1950.9,1956.52,1932.02,1953.66,49832.9522
2026-02-11 12:00:00,1953.65,2015.81,1903.19,1929.46,190798.5893
2026-02-11 16:00:00,1929.46,1959.8,1908.8,1952.28,103334.7985
2026-02-11 20:00:00,1952.27,1988.07,1932.44,1941.18,51966.6894
2026-02-12 00:00:00,1941.19,1977.75,1941.19,1968.69,42186.6103
2026-02-12 04:00:00,1968.7,1983.0,1953.14,1968.07,52494.6941
2026-02-12 08:00:00,1968.07,2001.42,1957.25,1989.02,56917.0883
2026-02-12 12:00:00,1989.02,1996.3,1945.01,1948.47,80328.0854
2026-02-12 16:00:00,1948.48,1950.16,1897.24,1925.44,150050.4511
2026-02-12 20:00:00,1925.45,1952.61,1909.66,1947.85,45590.2177
2026-02-13 00:00:00,1947.85,1958.21,1927.63,1953.55,37154.7957
2026-02-13 04:00:00,1953.56,1955.8,1924.72,1935.75,43614.141
2026-02-13 08:00:00,1935.75,1969.26,1933.65,1960.04,62366.42
2026-02-13 12:00:00,1960.05,2050.58,1952.6,2034.93,155146.5792
2026-02-13 16:00:00,2034.92,2073.68,2031.42,2057.75,90215.9732
2026-02-13 20:00:00,2057.74,2059.65,2038.69,2048.72,37151.8607
2026-02-14 00:00:00,2048.72,2057.57,2042.37,2054.37,20999.1891
2026-02-14 04:00:00,2054.39,2060.49,2048.5,2057.21,20369.1955
2026-02-14 08:00:00,2057.2,2107.67,2057.04,2099.58,58856.9562
2026-02-14 12:00:00,2099.58,2100.39,2064.58,2087.43,55179.6359
2026-02-14 16:00:00,2087.42,2090.51,2067.27,2088.52,38770.8925
2026-02-14 20:00:00,2088.52,2098.89,2078.63,2086.59,26501.3663
2026-02-15 00:00:00,2086.59,2090.5,2030.9,2058.94,241490.3874
2026-02-15 04:00:00,2058.94,2103.32,2058.94,2091.41,80534.6926
2026-02-15 08:00:00,2091.41,2096.82,2054.36,2061.96,52092.5746
2026-02-15 12:00:00,2061.96,2068.63,1993.3,2011.29,115706.5194
2026-02-15 16:00:00,2011.29,2011.3,1928.88,1942.23,289683.7113
2026-02-15 20:00:00,1942.22,1974.51,1933.77,1966.58,55270.2099
2026-02-16 00:00:00,1966.59,1981.2,1948.76,1958.78,47402.3615
2026-02-16 04:00:00,1958.78,1978.64,1952.91,1971.13,38495.4814
2026-02-16 08:00:00,1971.14,1993.35,1957.12,1976.15,51619.9007
2026-02-16 12:00:00,1976.16,2023.51,1937.24,1956.65,110856.7205
2026-02-16 16:00:00,1956.65,1988.4,1956.31,1974.04,57117.5097
2026-02-16 20:00:00,1974.04,2004.02,1971.1,1998.33,45855.9695
2026-02-17 00:00:00,1998.34,2008.58,1979.7,1985.7,39980.2922
2026-02-17 04:00:00,1985.69,1998.48,1964.72,1985.91,44990.1813
2026-02-17 08:00:00,1985.91,1990.88,1961.71,1968.47,47256.3661
2026-02-17 12:00:00,1968.47,2002.7,1941.66,1968.58,117605.2683
2026-02-17 16:00:00,1968.59,2015.33,1954.03,1998.14,117627.2187
2026-02-17 20:00:00,1998.15,2004.0,1987.57,1991.66,38787.6161
2026-02-18 00:00:00,1991.67,2000.56,1968.68,1997.07,48694.6631
2026-02-18 04:00:00,1997.08,2023.52,1993.35,2018.07,37645.5204
2026-02-18 08:00:00,2018.06,2039.05,1976.57,1981.43,60451.9639
2026-02-18 12:00:00,1981.44,2010.3,1954.3,1985.48,108443.0065
2026-02-18 16:00:00,1985.48,1987.89,1923.78,1941.03,95520.9971
2026-02-18 20:00:00,1941.04,1956.79,1935.82,1955.91,42882.8576
2026-02-19 00:00:00,1955.9,1974.73,1950.5,1972.33,26076.3731
2026-02-19 04:00:00,1972.32,1987.55,1964.2,1981.76,34121.8946
2026-02-19 08:00:00,1981.76,1982.54,1948.16,1949.58,43208.626
2026-02-19 12:00:00,1949.59,1956.18,1911.49,1926.3,102895.4861
2026-02-19 16:00:00,1926.29,1947.52,1907.0,1941.34,63444.2011
2026-02-19 20:00:00,1941.33,1952.57,1934.79,1949.08,30510.4924
2026-02-20 00:00:00,1949.08,1964.54,1947.41,1954.85,28686.3728
2026-02-20 04:00:00,1954.85,1968.55,1931.01,1960.97,55966.1225
2026-02-20 08:00:00,1960.93,1973.86,1940.58,1943.98,58746.4014
2026-02-20 12:00:00,1943.99,1980.49,1922.97,1963.95,121943.2751
2026-02-20 16:00:00,1963.96,1981.18,1939.21,1963.69,94955.2126
2026-02-20 20:00:00,1963.69,1975.27,1961.6,1968.88,25956.1713
2026-02-21 00:00:00,1968.88,1970.7,1955.62,1959.03,16581.1973
2026-02-21 04:00:00,1959.03,1966.09,1956.21,1962.71,14321.5832
2026-02-21 08:00:00,1962.7,1988.6,1962.0,1977.02,40811.7456
2026-02-21 12:00:00,1977.02,1995.56,1969.49,1988.13,48823.033
2026-02-21 16:00:00,1988.13,1995.31,1976.41,1988.35,33339.759
2026-02-21 20:00:00,1988.34,1990.41,1970.0,1973.35,25296.5275
2026-02-22 00:00:00,1973.35,1982.99,1967.4,1974.71,20908.1331
2026-02-22 04:00:00,1974.71,1979.54,1970.2,1975.88,16211.4013
2026-02-22 08:00:00,1975.87,1983.13,1970.58,1980.78,17778.8113
2026-02-22 12:00:00,1980.79,1981.6,1943.53,1953.98,50424.8978
2026-02-22 16:00:00,1953.99,1955.56,1935.0,1943.74,29014.4909
2026-02-22 20:00:00,1943.73,1960.95,1939.81,1957.82,20987.9138
2026-02-23 00:00:00,1957.82,1958.33,1847.46,1862.87,167470.8913
2026-02-23 04:00:00,1862.88,1888.71,1853.34,1885.5,66206.0759
2026-02-23 08:00:00,1885.5,1928.19,1877.23,1915.3,69463.5612
2026-02-23 12:00:00,1915.29,1935.52,1892.68,1895.65,88300.1008
2026-02-23 16:00:00,1895.65,1900.18,1837.13,1857.19,118579.9054
2026-02-23 20:00:00,1857.19,1870.0,1846.8,1856.3,37338.9523
2026-02-24 00:00:00,1856.3,1869.58,1811.81,1832.03,79888.0694
2026-02-24 04:00:00,1832.03,1840.79,1813.77,1825.7,73536.267
2026-02-24 08:00:00,1825.7,1836.18,1815.22,1826.75,63530.8244
2026-02-24 12:00:00,1826.75,1850.29,1800.0,1847.59,111212.7497
2026-02-24 16:00:00,1847.59,1865.38,1838.36,1852.46,74379.3442
2026-02-24 20:00:00,1852.47,1864.11,1845.41,1851.94,35516.7737
2026-02-25 00:00:00,1851.95,1944.86,1846.74,1906.14,105259.2872
2026-02-25 04:00:00,1906.14,1914.35,1878.02,1893.31,54762.9592
2026-02-25 08:00:00,1893.32,1928.45,1890.27,1926.48,49526.3486
2026-02-25 12:00:00,1926.48,2028.7,1922.28,2013.73,159045.4848
2026-02-25 16:00:00,2013.69,2086.17,2013.36,2071.1,145026.7604
2026-02-25 20:00:00,2071.1,2148.39,2034.39,2057.48,169358.5976
2026-02-26 00:00:00,2057.48,2076.6,2039.37,2054.55,59037.3129
2026-02-26 04:00:00,2054.55,2082.81,2051.55,2053.37,61288.611
2026-02-26 08:00:00,2053.36,2083.33,2044.36,2057.66,57504.2592
2026-02-26 12:00:00,2057.65,2077.81,2011.56,2033.34,111408.8267
2026-02-26 16:00:00,2033.34,2037.78,1975.35,2030.14,119622.7569
2026-02-26 20:00:00,2030.13,2042.75,2018.33,2027.68,30921.5899
2026-02-27 00:00:00,2027.68,2049.48,2000.02,2045.39,54459.6079
2026-02-27 04:00:00,2045.39,2063.52,2022.16,2032.69,63087.8823
2026-02-27 08:00:00,2032.69,2045.93,1953.37,1962.08,92541.2853
2026-02-27 12:00:00,1962.08,1969.0,1938.82,1948.59,105123.5497
2026-02-27 16:00:00,1948.59,1948.86,1907.48,1921.1,64022.9582
2026-02-27 20:00:00,1921.11,1933.64,1887.0,1929.84,49451.9506
2026-02-28 00:00:00,1929.84,1937.17,1919.8,1924.49,21099.5553
2026-02-28 04:00:00,1924.49,1931.62,1835.36,1866.73,135260.6076
2026-02-28 08:00:00,1866.73,1881.0,1845.05,1863.31,66347.784
2026-02-28 12:00:00,1863.32,1915.95,1862.47,1898.88,91811.9835
2026-02-28 16:00:00,1898.87,1955.04,1886.02,1947.02,73171.577
2026-02-28 20:00:00,1947.03,1984.99,1938.76,1964.51,73989.4761
2026-03-01 00:00:00,1964.51,2054.8,1943.58,2023.29,128780.5667
2026-03-01 04:00:00,2023.29,2030.3,1989.0,2007.24,69926.2021
2026-03-01 08:00:00,2007.23,2010.18,1972.24,1983.32,51208.5737
2026-03-01 12:00:00,1983.32,2028.0,1968.6,1993.38,80414.5735
2026-03-01 16:00:00,1993.38,2009.38,1946.55,1953.9,99987.1454
2026-03-01 20:00:00,1953.89,1971.01,1907.41,1939.71,98879.785
2026-03-02 00:00:00,1939.71,1989.23,1937.42,1972.3,69056.6329
2026-03-02 04:00:00,1972.3,1983.6,1925.53,1941.66,58667.3787
2026-03-02 08:00:00,1941.65,1967.13,1920.0,1947.81,61905.2816
2026-03-02 12:00:00,1947.8,2065.48,1921.7,2047.33,181807.1215
2026-03-02 16:00:00,2047.33,2090.0,2017.15,2043.57,122416.9126
2026-03-02 20:00:00,2043.56,2058.59,2024.32,2027.35,83553.0476
2026-03-03 00:00:00,2027.34,2041.48,1998.0,2008.88,72387.9676
2026-03-03 04:00:00,2008.88,2019.4,1987.5,1996.33,54747.8134
2026-03-03 08:00:00,1996.32,2000.53,1939.1,1961.28,94656.1381
2026-03-03 12:00:00,1961.28,1990.07,1929.56,1969.22,138896.9913
2026-03-03 16:00:00,1969.21,2014.12,1958.76,1986.02,112467.8933
2026-03-03 20:00:00,1986.03,2001.63,1959.35,1982.8,36173.0497
2026-03-04 00:00:00,1982.81,1998.66,1945.08,1960.9,62339.7285
2026-03-04 04:00:00,1960.89,2010.0,1950.65,2006.55,52487.5859
2026-03-04 08:00:00,2006.55,2092.9,2000.47,2054.97,187331.0723
2026-03-04 12:00:00,2054.97,2157.67,2036.37,2150.23,202994.5808
2026-03-04 16:00:00,2150.23,2199.0,2129.13,2177.51,171810.7114
2026-03-04 20:00:00,2177.51,2179.66,2116.67,2127.28,60681.1363
2026-03-05 00:00:00,2127.28,2141.93,2107.5,2120.15,54056.4032
2026-03-05 04:00:00,2120.15,2144.2,2095.71,2104.96,54039.2126
2026-03-05 08:00:00,2104.96,2163.66,2093.63,2137.92,70522.7353
2026-03-05 12:00:00,2137.92,2142.95,2067.54,2086.96,124518.7575
2026-03-05 16:00:00,2086.95,2093.7,2054.75,2074.36,89377.0807
2026-03-05 20:00:00,2074.37,2099.36,2069.72,2072.86,39643.6233
2026-03-06 00:00:00,2072.86,2093.33,2061.79,2083.8,39076.4167
2026-03-06 04:00:00,2083.81,2087.66,2058.84,2082.83,45370.5524
2026-03-06 08:00:00,2082.83,2082.83,2045.79,2051.03,50661.1023
2026-03-06 12:00:00,2051.03,2062.12,1966.24,1978.01,172028.7426
2026-03-06 16:00:00,1978.0,1993.3,1955.95,1983.75,75044.6173
2026-03-06 20:00:00,1983.75,1989.91,1969.26,1978.68,29416.3256
2026-03-07 00:00:00,1978.68,1996.04,1971.79,1980.21,27984.3292
2026-03-07 04:00:00,1980.22,1984.19,1964.34,1982.94,40763.1763
2026-03-07 08:00:00,1982.94,1994.98,1975.38,1988.91,29519.2921
2026-03-07 12:00:00,1988.92,1990.95,1970.47,1981.04,29451.1976
2026-03-07 16:00:00,1981.03,1983.47,1948.09,1955.2,34963.6539
2026-03-07 20:00:00,1955.2,1974.27,1954.89,1969.59,21778.1709
2026-03-08 00:00:00,1969.6,1977.35,1935.73,1947.67,52276.8743
2026-03-08 04:00:00,1947.67,1960.41,1930.0,1955.23,53344.1715
2026-03-08 08:00:00,1955.22,1979.8,1944.85,1951.38,70951.6493
2026-03-08 12:00:00,1951.39,1954.67,1925.06,1943.32,83662.2406
2026-03-08 16:00:00,1943.32,1970.58,1928.08,1964.91,48151.6932
2026-03-08 20:00:00,1964.91,1971.95,1916.14,1937.1,82803.1028
2026-03-09 00:00:00,1937.11,2006.01,1929.65,1977.48,104584.2494
2026-03-09 04:00:00,1977.48,2014.26,1963.45,1983.9,83648.8027
2026-03-09 08:00:00,1983.91,2022.0,1978.92,1992.2,68130.8102
2026-03-09 12:00:00,1992.2,2032.84,1992.2,2022.63,115494.5461
2026-03-09 16:00:00,2022.64,2053.52,2005.76,2033.91,81118.9511
2026-03-09 20:00:00,2033.91,2037.3,1989.12,1992.98,97848.1288
2026-03-10 00:00:00,1992.97,2054.19,1991.0,2026.8,83033.8026
2026-03-10 04:00:00,2026.8,2059.69,2026.36,2051.0,60378.2851
2026-03-10 08:00:00,2051.0,2074.0,2051.0,2061.69,60450.0646
2026-03-10 12:00:00,2061.7,2085.73,2008.65,2079.35,139969.2004
2026-03-10 16:00:00,2079.34,2088.19,2027.16,2037.02,85631.607
2026-03-10 20:00:00,2037.02,2048.31,2018.0,2036.51,33948.9142
2026-03-11 00:00:00,2036.5,2041.71,2018.13,2021.17,36763.3501
2026-03-11 04:00:00,2021.17,2041.49,2007.17,2012.54,35827.9229
2026-03-11 08:00:00,2012.54,2033.96,2009.48,2017.8,36247.0984
2026-03-11 12:00:00,2017.8,2082.66,2012.81,2049.73,132152.8625
2026-03-11 16:00:00,2049.75,2085.58,2046.46,2076.06,76213.7444
2026-03-11 20:00:00,2076.05,2084.53,2045.2,2051.97,32856.2777
2026-03-12 00:00:00,2051.97,2058.16,2017.59,2023.38,44363.5344
2026-03-12 04:00:00,2023.39,2042.26,2019.33,2040.7,36224.657
2026-03-12 08:00:00,2040.69,2076.65,2038.42,2062.83,56474.7206
2026-03-12 12:00:00,2062.83,2095.0,2037.79,2072.33,112015.805
2026-03-12 16:00:00,2072.33,2078.09,2045.42,2069.59,63567.8353
2026-03-12 20:00:00,2069.6,2093.45,2054.99,2073.52,87861.2609
2026-03-13 00:00:00,2073.51,2148.8,2070.12,2118.85,126779.3388
2026-03-13 04:00:00,2118.86,2120.06,2090.0,2099.38,45196.2617
2026-03-13 08:00:00,2099.38,2133.3,2091.45,2121.02,66817.4737
2026-03-13 12:00:00,2121.02,2209.03,2120.52,2128.01,234537.6685
2026-03-13 16:00:00,2128.01,2143.33,2090.28,2102.48,84455.4942
2026-03-13 20:00:00,2102.48,2116.66,2078.5,2092.22,41870.803
2026-03-14 00:00:00,2092.21,2103.42,2081.39,2101.16,31321.7837
2026-03-14 04:00:00,2101.15,2106.09,2068.28,2077.46,38191.8421
2026-03-14 08:00:00,2077.46,2081.64,2061.6,2073.67,26861.5463
2026-03-14 12:00:00,2073.67,2080.65,2069.8,2074.72,22427.7115
2026-03-14 16:00:00,2074.72,2079.47,2069.19,2077.49,10772.0777
2026-03-14 20:00:00,2077.5,2099.69,2076.2,2096.16,22925.6209
2026-03-15 00:00:00,2096.16,2107.91,2083.35,2096.15,28619.3164
2026-03-15 04:00:00,2096.15,2115.95,2096.13,2105.64,22147.2871
2026-03-15 08:00:00,2105.64,2123.44,2105.64,2119.63,21019.7068
2026-03-15 12:00:00,2119.63,2119.83,2086.34,2093.79,45875.4183
2026-03-15 16:00:00,2093.79,2117.86,2088.84,2113.49,31467.5941
2026-03-15 20:00:00,2113.49,2202.87,2110.0,2178.3,131696.615
2026-03-16 00:00:00,2178.29,2253.48,2164.73,2235.67,133968.0991
2026-03-16 04:00:00,2235.67,2288.63,2235.67,2248.95,186961.7977
2026-03-16 08:00:00,2248.95,2280.0,2234.92,2269.94,89322.6948
2026-03-16 12:00:00,2269.94,2308.54,2255.04,2273.88,178036.6219
2026-03-16 16:00:00,2273.88,2348.06,2270.0,2330.92,127675.3126
2026-03-16 20:00:00,2330.92,2386.02,2323.68,2352.97,129928.2495
2026-03-17 00:00:00,2352.97,2376.66,2308.03,2320.0,159041.6195
2026-03-17 04:00:00,2320.01,2337.86,2294.15,2327.7,86783.2765
2026-03-17 08:00:00,2327.71,2335.35,2304.0,2326.82,59820.3103
2026-03-17 12:00:00,2326.81,2357.73,2304.27,2315.98,105064.0596
2026-03-17 16:00:00,2315.98,2342.7,2312.44,2320.22,50434.4264
2026-03-17 20:00:00,2320.22,2344.69,2316.78,2317.39,32687.4093
2026-03-18 00:00:00,2317.38,2350.0,2307.0,2340.61,39754.8685
2026-03-18 04:00:00,2340.61,2342.0,2311.53,2317.74,32757.9854
2026-03-18 08:00:00,2317.73,2333.62,2263.43,2269.34,70784.1433
2026-03-18 12:00:00,2269.33,2270.5,2168.97,2187.66,170394.1198
2026-03-18 16:00:00,2187.67,2220.0,2166.87,2185.85,99070.471
2026-03-18 20:00:00,2185.85,2206.88,2153.21,2203.39,75279.3007
2026-03-19 00:00:00,2203.39,2233.72,2187.24,2212.29,52579.6266
2026-03-19 04:00:00,2212.29,2213.11,2143.14,2166.68,79211.2867
2026-03-19 08:00:00,2166.68,2192.07,2158.09,2166.92,65786.0455
2026-03-19 12:00:00,2166.92,2167.48,2099.38,2118.81,165314.3215
2026-03-19 16:00:00,2118.81,2156.92,2104.87,2141.19,86393.2993
2026-03-19 20:00:00,2141.18,2155.62,2130.57,2137.81,41507.0994
2026-03-20 00:00:00,2137.82,2160.78,2132.69,2151.38,44494.7603
2026-03-20 04:00:00,2151.38,2159.24,2121.25,2150.54,43279.9495
2026-03-20 08:00:00,2150.53,2176.84,2131.56,2141.5,61690.4049
2026-03-20 12:00:00,2141.49,2152.74,2116.88,2134.01,68483.295
2026-03-20 16:00:00,2134.0,2144.76,2117.41,2132.91,45009.742
2026-03-20 20:00:00,2132.91,2168.0,2123.96,2146.22,37198.0261
2026-03-21 00:00:00,2146.21,2159.87,2144.24,2153.6,15716.7385
2026-03-21 04:00:00,2153.59,2161.34,2150.36,2155.67,16494.1831
2026-03-21 08:00:00,2155.67,2159.52,2149.57,2157.37,12040.1339
2026-03-21 12:00:00,2157.37,2168.27,2146.45,2155.12,19951.1534
2026-03-21 16:00:00,2155.13,2155.64,2142.01,2152.16,13965.6408
2026-03-21 20:00:00,2152.17,2157.0,2070.78,2084.87,54391.6149
2026-03-22 00:00:00,2084.86,2127.21,2050.12,2113.83,109521.6483
2026-03-22 04:00:00,2113.83,2122.94,2092.35,2093.38,32643.6328
2026-03-22 08:00:00,2093.4,2096.82,2066.97,2069.98,43062.5355
2026-03-22 12:00:00,2069.97,2092.63,2068.37,2083.1,34314.2881
2026-03-22 16:00:00,2083.1,2084.45,2054.35,2063.21,27972.3686
2026-03-22 20:00:00,2063.22,2074.16,2026.0,2053.89,65556.0839
2026-03-23 00:00:00,2053.9,2072.33,2035.69,2052.54,46093.4891
2026-03-23 04:00:00,2052.53,2072.11,2023.04,2044.72,57516.0292
2026-03-23 08:00:00,2044.73,2198.57,2028.2,2134.78,192147.2097
2026-03-23 12:00:00,2134.78,2192.44,2107.43,2128.45,199243.9292
2026-03-23 16:00:00,2128.46,2178.74,2117.77,2154.46,93011.0763
2026-03-23 20:00:00,2154.45,2166.81,2140.71,2152.03,26496.7034
2026-03-24 00:00:00,2152.03,2156.22,2124.26,2141.59,43067.6466
2026-03-24 04:00:00,2141.59,2170.65,2128.84,2165.61,46075.0579
2026-03-24 08:00:00,2165.61,2175.16,2147.36,2165.9,40140.7495
2026-03-24 12:00:00,2165.89,2170.52,2120.0,2135.15,80333.0075
2026-03-24 16:00:00,2135.15,2140.57,2103.02,2116.87,59554.7786
2026-03-24 20:00:00,2116.86,2163.7,2115.63,2156.23,47532.2327
2026-03-25 00:00:00,2156.22,2168.63,2146.35,2158.54,35228.5599
2026-03-25 04:00:00,2158.53,2179.73,2156.83,2164.57,38937.4198
2026-03-25 08:00:00,2164.57,2199.02,2164.57,2186.41,56767.0182
2026-03-25 12:00:00,2186.41,2198.16,2147.67,2162.56,76609.8458
2026-03-25 16:00:00,2162.56,2186.85,2155.93,2172.69,46113.5072
2026-03-25 20:00:00,2172.68,2183.5,2159.42,2169.02,21985.1746
2026-03-26 00:00:00,2169.02,2172.19,2144.05,2153.21,29526.6584
2026-03-26 04:00:00,2153.22,2154.58,2112.17,2123.64,49214.7706
2026-03-26 08:00:00,2123.64,2126.89,2062.94,2068.44,76476.7034
2026-03-26 12:00:00,2068.45,2093.79,2052.01,2070.4,74259.0218
2026-03-26 16:00:00,2070.4,2070.95,2034.54,2049.12,65545.1975
2026-03-26 20:00:00,2049.11,2080.42,2046.54,2060.43,42988.2721
2026-03-27 00:00:00,2060.43,2077.19,2056.8,2061.48,22743.3242
2026-03-27 04:00:00,2061.49,2072.36,2043.49,2066.23,52118.1988
2026-03-27 08:00:00,2066.24,2069.6,1983.02,1991.8,119274.8749
2026-03-27 12:00:00,1991.8,2010.45,1970.93,1991.32,108873.3737
2026-03-27 16:00:00,1991.32,1997.73,1974.48,1991.71,70350.7315
2026-03-27 20:00:00,1991.7,1996.31,1980.0,1992.75,21513.0217
2026-03-28 00:00:00,1992.76,1995.16,1983.17,1989.19,17995.8198
2026-03-28 04:00:00,1989.19,2008.35,1987.3,2007.07,18318.467
2026-03-28 08:00:00,2007.07,2008.34,1992.77,1997.64,18237.6229
2026-03-28 12:00:00,1997.64,2047.45,1992.25,2026.84,65210.0923
2026-03-28 16:00:00,2026.84,2030.23,2016.5,2020.56,12710.5504
2026-03-28 20:00:00,2020.57,2026.48,1989.64,1994.74,22359.2531
2026-03-29 00:00:00,1994.74,2019.65,1991.52,2011.1,16613.2608
2026-03-29 04:00:00,2011.1,2012.72,1997.67,2006.14,12828.4597
2026-03-29 08:00:00,2006.14,2008.16,1991.9,2003.78,15067.8231
2026-03-29 12:00:00,2003.78,2004.9,1983.56,1992.97,25232.6686
2026-03-29 16:00:00,1992.98,2003.61,1987.6,1995.89,16964.0358
2026-03-29 20:00:00,1995.89,2009.48,1938.82,1984.64,80020.4902
2026-03-30 00:00:00,1984.65,2043.5,1980.28,2035.88,70029.5862
2026-03-30 04:00:00,2035.88,2068.28,2035.88,2059.58,52260.9134
2026-03-30 08:00:00,2059.58,2081.65,2048.14,2071.28,50627.4687
2026-03-30 12:00:00,2071.29,2085.0,2044.25,2074.53,70195.1822
2026-03-30 16:00:00,2074.53,2074.99,2013.33,2023.7,60238.4065
2026-03-30 20:00:00,2023.7,2049.1,2013.92,2026.48,34952.8774
2026-03-31 00:00:00,2026.48,2092.34,2016.29,2066.71,66502.1402
2026-03-31 04:00:00,2066.71,2072.24,2042.31,2055.97,34849.5818
2026-03-31 08:00:00,2055.98,2059.2,2012.64,2041.2,62779.5377
2026-03-31 12:00:00,2041.21,2092.0,2035.02,2054.85,95949.4482
2026-03-31 16:00:00,2054.85,2124.03,2054.29,2096.54,126072.2648
2026-03-31 20:00:00,2096.54,2111.01,2088.35,2105.43,35744.9296
2026-04-01 00:00:00,2105.43,2117.79,2082.08,2102.91,37975.9983
2026-04-01 04:00:00,2102.91,2158.0,2100.35,2131.0,78179.0218
2026-04-01 08:00:00,2131.0,2142.93,2125.0,2135.32,46234.2524
2026-04-01 12:00:00,2135.32,2152.0,2108.72,2135.04,77261.013
2026-04-01 16:00:00,2135.04,2167.85,2123.58,2141.43,74639.0666
2026-04-01 20:00:00,2141.43,2165.42,2130.7,2140.35,84938.0258
2026-04-02 00:00:00,2140.35,2159.37,2046.48,2056.33,108784.5193
2026-04-02 04:00:00,2056.33,2058.45,2038.63,2056.09,45874.1458
2026-04-02 08:00:00,2056.09,2056.09,2024.73,2033.01,34776.9717
2026-04-02 12:00:00,2033.02,2072.22,2017.04,2059.6,88821.5481
2026-04-02 16:00:00,2059.59,2077.64,2043.65,2065.34,44924.9508
2026-04-02 20:00:00,2065.35,2074.16,2053.54,2057.17,23690.6966
2026-04-03 00:00:00,2057.18,2062.49,2040.66,2054.23,27862.5809
2026-04-03 04:00:00,2054.22,2075.17,2047.35,2065.85,24471.2575
2026-04-03 08:00:00,2065.84,2072.0,2053.46,2062.64,21397.6282
2026-04-03 12:00:00,2062.64,2081.76,2041.65,2051.26,34731.975
2026-04-03 16:00:00,2051.26,2056.54,2043.78,2052.68,12701.8429
2026-04-03 20:00:00,2052.69,2060.92,2049.23,2053.83,15101.3548
2026-04-04 00:00:00,2053.83,2053.86,2047.92,2050.05,7032.7972
2026-04-04 04:00:00,2050.05,2058.0,2048.41,2053.82,9175.3802
2026-04-04 08:00:00,2053.82,2055.44,2047.89,2051.84,11621.7432
2026-04-04 12:00:00,2051.84,2062.02,2044.63,2056.29,21445.1645
2026-04-04 16:00:00,2056.29,2084.0,2053.07,2064.71,25517.2179
2026-04-04 20:00:00,2064.71,2072.15,2059.6,2065.52,11712.1376
2026-04-05 00:00:00,2065.51,2065.63,2054.15,2056.64,8367.2542
2026-04-05 04:00:00,2056.64,2058.09,2027.75,2037.29,20196.3802
2026-04-05 08:00:00,2037.29,2052.53,2035.91,2042.32,8916.0507
2026-04-05 12:00:00,2042.31,2069.89,2021.5,2053.85,37354.6547
2026-04-05 16:00:00,2053.85,2069.95,2048.69,2062.37,21390.3714
2026-04-05 20:00:00,2062.38,2123.49,2050.0,2110.17,61128.6087
2026-04-06 00:00:00,2110.17,2147.24,2110.17,2129.35,65862.4144
2026-04-06 04:00:00,2129.35,2141.0,2120.04,2134.9,40132.1583
2026-04-06 08:00:00,2134.91,2174.79,2133.42,2151.53,64975.0888
2026-04-06 12:00:00,2151.53,2169.6,2137.76,2164.65,75911.3132
2026-04-06 16:00:00,2164.65,2168.72,2123.6,2144.25,56698.6975
2026-04-06 20:00:00,2144.25,2155.06,2087.5,2107.16,52474.6172
2026-04-07 00:00:00,2107.16,2120.14,2093.64,2108.37,34808.2346
2026-04-07 04:00:00,2108.37,2119.21,2096.69,2104.04,24073.3793
2026-04-07 08:00:00,2104.03,2133.83,2082.35,2089.58,52681.4772
2026-04-07 12:00:00,2089.58,2093.17,2060.24,2080.06,76548.9624
2026-04-07 16:00:00,2080.07,2116.65,2077.52,2113.39,55202.1323
2026-04-07 20:00:00,2113.39,2273.87,2110.68,2240.01,216780.6235
2026-04-08 00:00:00,2240.01,2251.39,2228.24,2234.68,71283.3269
2026-04-08 04:00:00,2234.68,2260.76,2234.68,2253.76,59756.0098
2026-04-08 08:00:00,2253.76,2263.35,2237.12,2247.23,52326.6102
2026-04-08 12:00:00,2247.23,2270.55,2186.61,2215.45,129483.0314
2026-04-08 16:00:00,2215.44,2239.5,2197.7,2211.04,53536.308
2026-04-08 20:00:00,2211.03,2222.55,2179.78,2190.0,38332.3458
2026-04-09 00:00:00,2190.0,2193.79,2162.0,2182.49,34908.9725
2026-04-09 04:00:00,2182.49,2188.99,2175.6,2181.14,24256.0905
2026-04-09 08:00:00,2181.14,2197.7,2176.37,2180.26,33344.5829
2026-04-09 12:00:00,2180.26,2225.0,2157.31,2217.99,76023.3606
2026-04-09 16:00:00,2218.0,2229.4,2193.0,2216.42,57199.04
2026-04-09 20:00:00,2216.42,2246.0,2183.33,2190.2,49585.9038
2026-04-10 00:00:00,2190.17,2204.1,2176.1,2186.06,33173.2947
2026-04-10 04:00:00,2186.05,2203.11,2176.4,2179.28,31613.9975
2026-04-10 08:00:00,2179.27,2224.28,2177.13,2215.65,47671.2334
2026-04-10 12:00:00,2215.66,2257.99,2208.18,2224.27,95750.7477
2026-04-10 16:00:00,2224.28,2256.0,2221.46,2253.17,37702.4223
2026-04-10 20:00:00,2253.17,2257.14,2235.41,2245.05,26987.3902
2026-04-11 00:00:00,2245.06,2252.15,2234.81,2237.17,19355.1058
2026-04-11 04:00:00,2237.18,2242.93,2229.0,2232.6,22477.3402
2026-04-11 08:00:00,2232.6,2249.31,2232.14,2246.11,22661.8276
2026-04-11 12:00:00,2246.12,2256.11,2233.72,2249.54,18996.8388
2026-04-11 16:00:00,2249.54,2329.93,2246.53,2315.96,89257.1086
2026-04-11 20:00:00,2315.96,2317.14,2276.47,2284.99,42037.1829
2026-04-12 00:00:00,2285.0,2288.57,2207.06,2213.71,91337.4612
2026-04-12 04:00:00,2213.7,2220.87,2208.32,2218.02,27644.0457
2026-04-12 08:00:00,2218.02,2219.04,2194.32,2204.62,26727.7633
2026-04-12 12:00:00,2204.62,2208.22,2175.0,2186.47,53590.6811
2026-04-12 16:00:00,2186.47,2207.23,2183.09,2198.27,21416.5101
2026-04-12 20:00:00,2198.27,2218.13,2183.99,2191.65,37440.4207
2026-04-13 00:00:00,2191.64,2209.05,2187.2,2194.36,26455.4785
2026-04-13 04:00:00,2194.36,2201.45,2182.22,2186.56,33191.7629
2026-04-13 08:00:00,2186.57,2195.34,2179.0,2187.33,20617.5554
2026-04-13 12:00:00,2187.33,2236.43,2175.68,2209.28,104259.3625
2026-04-13 16:00:00,2209.28,2268.88,2200.0,2262.33,64810.6588
2026-04-13 20:00:00,2262.33,2394.71,2247.5,2369.46,204536.0111
2026-04-14 00:00:00,2369.46,2378.06,2354.6,2365.5,74432.8525
2026-04-14 04:00:00,2365.5,2389.99,2354.76,2377.91,63856.121
2026-04-14 08:00:00,2377.92,2396.03,2367.61,2374.53,66171.3263
2026-04-14 12:00:00,2374.54,2415.5,2332.72,2364.63,155007.3984
2026-04-14 16:00:00,2364.62,2371.48,2302.9,2313.32,73170.8888
2026-04-14 20:00:00,2313.32,2332.35,2308.53,2322.44,27468.7971
2026-04-15 00:00:00,2322.44,2342.76,2317.56,2328.81,28901.5466
2026-04-15 04:00:00,2328.82,2338.23,2308.5,2316.62,31505.5439
2026-04-15 08:00:00,2316.62,2339.42,2312.15,2337.43,39774.7835
2026-04-15 12:00:00,2337.42,2349.46,2317.54,2332.04,55356.8376
2026-04-15 16:00:00,2332.03,2385.61,2329.1,2375.05,60038.6043
2026-04-15 20:00:00,2375.05,2380.45,2348.58,2359.95,52613.3218
2026-04-16 00:00:00,2359.94,2369.59,2345.04,2357.86,24372.7204
2026-04-16 04:00:00,2357.85,2364.0,2335.72,2341.52,33030.1056
2026-04-16 08:00:00,2341.52,2348.4,2328.64,2335.67,38717.9452
2026-04-16 12:00:00,2335.68,2351.8,2285.1,2339.01,122115.6918
2026-04-16 16:00:00,2339.01,2361.96,2309.96,2359.7,72519.8431
2026-04-16 20:00:00,2359.69,2364.68,2336.25,2348.17,38204.6316
2026-04-17 00:00:00,2348.16,2350.9,2323.83,2325.52,22001.9814
2026-04-17 04:00:00,2325.53,2342.02,2317.43,2334.16,31478.7638
2026-04-17 08:00:00,2334.15,2377.0,2332.98,2354.99,65874.4475
2026-04-17 12:00:00,2355.0,2456.93,2349.4,2441.96,220835.8864
2026-04-17 16:00:00,2441.96,2464.91,2415.41,2427.92,76798.3675
2026-04-17 20:00:00,2427.92,2444.34,2415.47,2419.0,74741.9149
2026-04-18 00:00:00,2419.0,2427.64,2399.54,2405.04,29072.7602
2026-04-18 04:00:00,2405.03,2413.54,2399.52,2403.71,14941.9954
2026-04-18 08:00:00,2403.71,2404.85,2343.44,2352.96,67979.8578
2026-04-18 12:00:00,2352.96,2369.66,2345.25,2363.64,57355.5128
2026-04-18 16:00:00,2363.64,2375.14,2339.92,2348.59,39182.5061
2026-04-18 20:00:00,2348.59,2359.5,2344.96,2350.32,13208.7565
2026-04-19 00:00:00,2350.33,2355.3,2332.1,2339.77,20291.3796
2026-04-19 04:00:00,2339.77,2346.11,2300.0,2316.03,54404.7518
2026-04-19 08:00:00,2316.03,2331.13,2306.42,2329.38,23275.524
2026-04-19 12:00:00,2329.38,2350.24,2315.29,2330.8,37666.7192
2026-04-19 16:00:00,2330.8,2331.34,2287.62,2299.65,53803.7087
2026-04-19 20:00:00,2299.66,2300.0,2252.72,2263.27,66644.7443
2026-04-20 00:00:00,2263.28,2294.3,2259.67,2286.56,30033.2489
2026-04-20 04:00:00,2286.55,2332.88,2263.18,2298.8,59476.1626
2026-04-20 08:00:00,2298.81,2320.0,2289.82,2308.42,37613.5655
2026-04-20 12:00:00,2308.42,2326.36,2278.38,2313.91,85434.5339
2026-04-20 16:00:00,2313.92,2344.19,2297.97,2331.78,53432.5029
2026-04-20 20:00:00,2331.78,2346.78,2307.74,2313.85,35010.0521
2026-04-21 00:00:00,2313.84,2326.64,2300.01,2311.62,22781.1909
2026-04-21 04:00:00,2311.62,2327.05,2304.06,2318.48,22945.3733
2026-04-21 08:00:00,2318.48,2338.75,2314.0,2320.45,30640.3683
2026-04-21 12:00:00,2320.45,2327.5,2290.35,2310.24,52118.0452
2026-04-21 16:00:00,2310.25,2332.0,2284.19,2298.41,62286.6088
2026-04-21 20:00:00,2298.42,2329.47,2296.04,2327.14,35874.3905
2026-04-22 00:00:00,2327.15,2379.66,2312.95,2363.62,66774.3839
2026-04-22 04:00:00,2363.63,2413.83,2358.41,2389.97,89349.9459
2026-04-22 08:00:00,2389.98,2400.78,2383.0,2398.44,41401.3724
2026-04-22 12:00:00,2398.44,2423.75,2390.9,2403.83,98738.8258
2026-04-22 16:00:00,2403.84,2413.75,2384.17,2397.79,50321.212
2026-04-22 20:00:00,2397.8,2406.11,2373.95,2374.07,33121.3859
2026-04-23 00:00:00,2374.08,2382.0,2331.5,2340.81,76206.1153
2026-04-23 04:00:00,2340.82,2358.93,2337.12,2344.43,39343.6563
2026-04-23 08:00:00,2344.43,2345.0,2305.61,2328.97,78151.0377
2026-04-23 12:00:00,2328.96,2343.58,2315.23,2333.26,52807.9001
2026-04-23 16:00:00,2333.26,2335.76,2285.42,2312.88,79023.7839
2026-04-23 20:00:00,2312.87,2338.79,2312.74,2330.26,31113.199
2026-04-24 00:00:00,2330.27,2337.5,2301.35,2308.64,27004.8932
2026-04-24 04:00:00,2308.63,2317.35,2300.22,2311.63,28648.9402
2026-04-24 08:00:00,2311.63,2332.26,2303.74,2328.1,35868.9201
2026-04-24 12:00:00,2328.1,2331.85,2301.61,2323.81,46811.7304
2026-04-24 16:00:00,2323.81,2325.0,2308.82,2321.6,24666.2517
2026-04-24 20:00:00,2321.59,2328.16,2307.2,2314.99,20886.8825
2026-04-25 00:00:00,2314.98,2321.36,2311.27,2318.43,7639.0588
2026-04-25 04:00:00,2318.44,2319.01,2313.3,2316.48,6328.1546
2026-04-25 08:00:00,2316.48,2323.21,2311.2,2313.64,11470.7972
2026-04-25 12:00:00,2313.65,2318.94,2303.0,2308.09,15641.4778
2026-04-25 16:00:00,2308.08,2313.98,2300.55,2310.06,19676.6866
2026-04-25 20:00:00,2310.06,2320.42,2308.85,2319.5,7383.0441
2026-04-26 00:00:00,2319.49,2320.06,2306.72,2310.0,10012.7252
2026-04-26 04:00:00,2309.99,2336.48,2308.97,2331.24,24981.3334
2026-04-26 08:00:00,2331.25,2337.68,2329.66,2335.95,12111.2365
2026-04-26 12:00:00,2335.96,2352.44,2324.19,2348.05,24507.8806
2026-04-26 16:00:00,2348.06,2376.35,2340.56,2367.4,35056.7538
2026-04-26 20:00:00,2367.4,2380.0,2348.47,2369.44,47921.6924
2026-04-27 00:00:00,2369.45,2404.37,2359.46,2394.85,48640.6352
2026-04-27 04:00:00,2394.85,2396.05,2312.71,2316.01,71679.7375
2026-04-27 08:00:00,2316.0,2325.52,2309.13,2320.39,29605.5066
2026-04-27 12:00:00,2320.39,2329.82,2266.09,2275.07,85871.4106
2026-04-27 16:00:00,2275.07,2292.91,2270.04,2289.14,46317.2928
2026-04-27 20:00:00,2289.15,2308.61,2284.66,2303.67,18249.2759
2026-04-28 00:00:00,2303.66,2310.88,2280.99,2290.94,21169.2851
2026-04-28 04:00:00,2290.93,2296.91,2270.53,2287.99,37016.4672
2026-04-28 08:00:00,2288.0,2291.64,2270.36,2275.32,32729.5921
2026-04-28 12:00:00,2275.32,2286.2,2258.24,2279.76,49767.4453
2026-04-28 16:00:00,2279.76,2305.55,2274.38,2301.96,33432.9185
2026-04-28 20:00:00,2301.96,2305.95,2284.15,2289.42,13816.5119
2026-04-29 00:00:00,2289.42,2316.36,2278.84,2311.52,39935.6458
2026-04-29 04:00:00,2311.53,2342.5,2309.33,2323.73,55138.2957
2026-04-29 08:00:00,2323.74,2346.95,2321.11,2331.74,34673.3128
2026-04-29 12:00:00,2331.74,2331.94,2263.1,2272.51,81070.1689
2026-04-29 16:00:00,2272.5,2285.92,2220.36,2233.7,105332.5164
2026-04-29 20:00:00,2233.69,2264.8,2230.49,2252.9,38928.1619
2026-04-30 00:00:00,2252.9,2279.0,2236.36,2253.24,36060.2185
2026-04-30 04:00:00,2253.24,2262.23,2231.64,2260.31,33378.8714
2026-04-30 08:00:00,2260.31,2273.7,2252.07,2258.18,30735.9241
2026-04-30 12:00:00,2258.18,2275.13,2245.82,2265.7,37871.9822
2026-04-30 16:00:00,2265.7,2267.16,2251.62,2261.99,17651.0886
2026-04-30 20:00:00,2261.98,2267.32,2252.42,2257.51,11496.1928
2026-05-01 00:00:00,2257.51,2295.0,2257.21,2282.87,26924.6936
2026-05-01 04:00:00,2282.87,2286.75,2272.09,2279.48,22911.8668
2026-05-01 08:00:00,2279.5,2293.0,2277.06,2286.45,18694.3189
2026-05-01 12:00:00,2286.46,2325.28,2284.15,2307.64,74814.7245
2026-05-01 16:00:00,2307.64,2314.21,2298.17,2304.85,26400.5038
2026-05-01 20:00:00,2304.85,2305.86,2278.98,2295.63,21336.4474
2026-05-02 00:00:00,2295.63,2308.34,2292.91,2304.44,10951.3606
2026-05-02 04:00:00,2304.43,2306.35,2296.62,2301.02,10106.3654
2026-05-02 08:00:00,2301.01,2307.78,2299.05,2302.1,8398.4598
2026-05-02 12:00:00,2302.09,2311.83,2301.36,2309.19,11671.861
2026-05-02 16:00:00,2309.18,2313.98,2304.08,2311.08,10993.0917
2026-05-02 20:00:00,2311.08,2343.6,2309.59,2316.97,33467.3339
2026-05-03 00:00:00,2316.97,2317.69,2299.38,2301.9,19468.8798
2026-05-03 04:00:00,2301.9,2314.01,2297.59,2309.28,11221.5322
2026-05-03 08:00:00,2309.28,2327.5,2307.49,2319.63,17555.1258
2026-05-03 12:00:00,2319.63,2333.91,2319.63,2328.44,21474.0931
2026-05-03 16:00:00,2328.45,2337.87,2322.38,2335.59,19196.1335
2026-05-03 20:00:00,2335.6,2356.92,2315.0,2322.65,62158.6698
2026-05-04 00:00:00,2322.65,2391.0,2309.24,2385.12,114327.9965
2026-05-04 04:00:00,2385.11,2398.93,2354.2,2362.8,69420.5189
2026-05-04 08:00:00,2362.79,2371.09,2314.25,2337.59,85731.0321
2026-05-04 12:00:00,2337.59,2381.8,2325.71,2350.1,103215.1931
2026-05-04 16:00:00,2350.11,2379.52,2336.63,2356.52,62301.4442
2026-05-04 20:00:00,2356.52,2365.91,2344.83,2347.16,18024.6137
2026-05-05 00:00:00,2347.17,2389.38,2344.93,2382.43,43369.6537
2026-05-05 04:00:00,2382.43,2390.74,2367.35,2380.59,49038.9405
2026-05-05 08:00:00,2380.59,2384.62,2366.76,2379.89,29380.9535
2026-05-05 12:00:00,2379.89,2399.5,2369.17,2381.31,78808.51
2026-05-05 16:00:00,2381.3,2383.38,2359.71,2371.94,40911.2728
2026-05-05 20:00:00,2371.94,2388.54,2354.34,2360.77,45127.4007
2026-05-06 00:00:00,2360.76,2380.87,2355.0,2376.8,33054.8032
2026-05-06 04:00:00,2376.81,2379.4,2355.0,2371.74,33514.6725
2026-05-06 08:00:00,2371.74,2423.74,2369.16,2410.47,113801.0466
2026-05-06 12:00:00,2410.47,2413.59,2346.68,2359.1,137462.5415
2026-05-06 16:00:00,2359.1,2367.47,2338.0,2348.5,59822.6802
2026-05-06 20:00:00,2348.49,2357.45,2338.28,2350.84,43011.5721
2026-05-07 00:00:00,2350.84,2352.3,2313.89,2322.39,63504.3173
2026-05-07 04:00:00,2322.39,2346.89,2317.8,2344.59,51518.0099
2026-05-07 08:00:00,2344.59,2346.6,2317.35,2329.94,54139.7818
2026-05-07 12:00:00,2329.94,2337.13,2285.95,2294.82,129506.9522
2026-05-07 16:00:00,2294.82,2304.0,2280.1,2295.98,98757.482
2026-05-07 20:00:00,2295.98,2302.57,2281.04,2291.06,72095.3946
2026-05-08 00:00:00,2291.06,2294.28,2265.61,2278.76,54369.0261
2026-05-08 04:00:00,2278.77,2284.54,2267.15,2281.35,73893.4649
2026-05-08 08:00:00,2281.37,2298.01,2280.15,2295.38,65719.1373
2026-05-08 12:00:00,2295.38,2302.0,2269.96,2293.2,85201.3421
2026-05-08 16:00:00,2293.2,2321.22,2286.42,2316.05,76484.5206
2026-05-08 20:00:00,2316.06,2319.15,2303.19,2307.06,65367.6672
2026-05-09 00:00:00,2307.07,2320.77,2304.19,2315.33,39168.7188
2026-05-09 04:00:00,2315.33,2325.33,2310.9,2314.69,51761.091
2026-05-09 08:00:00,2314.69,2320.53,2310.24,2314.57,25659.728
2026-05-09 12:00:00,2314.56,2318.27,2300.0,2317.63,31105.7798
2026-05-09 16:00:00,2317.64,2338.37,2315.29,2332.01,56917.6483
2026-05-09 20:00:00,2332.02,2333.47,2324.7,2326.44,25818.1911
2026-05-10 00:00:00,2326.43,2332.91,2318.33,2327.76,33278.1366
2026-05-10 04:00:00,2327.75,2332.09,2326.1,2327.36,26964.3516
2026-05-10 08:00:00,2327.36,2333.59,2319.0,2322.58,28879.9992
2026-05-10 12:00:00,2322.59,2351.66,2320.87,2347.56,51926.9775
2026-05-10 16:00:00,2347.56,2368.0,2340.11,2365.54,154424.5599
2026-05-10 20:00:00,2365.54,2382.53,2311.83,2371.27,102648.8375
2026-05-11 00:00:00,2371.26,2374.92,2320.01,2330.56,60324.2716
2026-05-11 04:00:00,2330.56,2342.44,2326.66,2330.54,35309.276
2026-05-11 08:00:00,2330.55,2339.9,2326.66,2335.8,21339.0861
2026-05-11 12:00:00,2335.8,2338.89,2304.0,2333.48,54288.2257
2026-05-11 16:00:00,2333.48,2344.35,2323.68,2340.43,43385.8646
2026-05-11 20:00:00,2340.44,2345.68,2335.08,2339.87,22315.3312
2026-05-12 00:00:00,2339.88,2340.85,2295.01,2309.37,46792.4896
2026-05-12 04:00:00,2309.36,2314.49,2291.63,2295.2,35381.7127
2026-05-12 08:00:00,2295.2,2296.27,2278.57,2287.01,60392.7982
2026-05-12 12:00:00,2287.02,2294.01,2256.67,2261.85,63665.2782
2026-05-12 16:00:00,2261.86,2287.43,2256.27,2285.09,29736.9338
2026-05-12 20:00:00,2285.1,2291.37,2273.88,2274.96,17011.8957
2026-05-13 00:00:00,2274.97,2303.77,2273.34,2301.77,25629.7121
2026-05-13 04:00:00,2301.76,2309.0,2295.63,2301.07,20242.608
2026-05-13 08:00:00,2301.07,2323.36,2299.0,2301.82,39654.7131
2026-05-13 12:00:00,2301.83,2307.54,2234.13,2236.49,101419.7434
2026-05-13 16:00:00,2236.48,2268.49,2235.48,2256.53,55259.29
2026-05-13 20:00:00,2256.53,2264.46,2251.0,2258.65,16249.6633
2026-05-14 00:00:00,2258.66,2269.37,2238.64,2242.14,28395.7613
2026-05-14 04:00:00,2242.14,2275.2,2239.54,2265.48,28603.5337
2026-05-14 08:00:00,2265.49,2270.99,2252.53,2253.81,31025.1104
2026-05-14 12:00:00,2253.81,2299.7,2246.13,2298.48,68751.7844
2026-05-14 16:00:00,2298.48,2319.33,2293.96,2298.34,71280.168
2026-05-14 20:00:00,2298.34,2301.67,2280.18,2283.25,28624.4781
2026-05-15 00:00:00,2283.26,2300.29,2260.45,2273.34,56947.0188
2026-05-15 04:00:00,2273.35,2273.91,2237.95,2265.11,50307.0238
2026-05-15 08:00:00,2265.11,2265.42,2250.0,2257.57,30771.6519
2026-05-15 12:00:00,2257.56,2260.72,2205.11,2222.85,98329.8622
2026-05-15 16:00:00,2222.86,2232.88,2218.9,2223.35,32854.539
2026-05-15 20:00:00,2223.35,2226.29,2215.0,2224.66,19326.455
2026-05-16 00:00:00,2224.65,2231.51,2223.53,2228.01,11176.8318
2026-05-16 04:00:00,2228.0,2228.96,2182.0,2194.81,52860.5816
2026-05-16 08:00:00,2194.81,2196.87,2162.55,2176.1,66188.9001
2026-05-16 12:00:00,2176.11,2188.16,2172.3,2180.0,38164.9832
2026-05-16 16:00:00,2180.0,2185.22,2170.5,2179.57,23176.1285
2026-05-16 20:00:00,2179.57,2183.54,2179.35,2180.77,7721.1509
2026-05-17 00:00:00,2180.77,2185.6,2167.98,2181.7,22317.4449
2026-05-17 04:00:00,2181.71,2195.0,2181.14,2186.64,17300.9882
2026-05-17 08:00:00,2186.63,2198.14,2183.12,2192.0,15590.7778
2026-05-17 12:00:00,2192.0,2198.04,2178.39,2186.51,18881.2867
2026-05-17 16:00:00,2186.51,2193.62,2176.63,2192.53,12368.2351
2026-05-17 20:00:00,2192.54,2194.82,2091.48,2131.0,88658.0822
2026-05-18 00:00:00,2131.0,2132.0,2104.99,2118.44,66934.9313
2026-05-18 04:00:00,2118.44,2125.83,2110.0,2120.82,32135.9981
2026-05-18 08:00:00,2120.82,2139.75,2110.5,2133.9,32838.4005
2026-05-18 12:00:00,2133.9,2157.24,2093.77,2107.48,113725.5324
2026-05-18 16:00:00,2107.49,2128.49,2077.23,2125.07,93607.2455
2026-05-18 20:00:00,2125.07,2142.67,2114.59,2130.08,42636.2854
2026-05-19 00:00:00,2130.08,2146.95,2118.6,2131.3,28665.0307
2026-05-19 04:00:00,2131.3,2145.0,2123.61,2140.97,24673.1361
2026-05-19 08:00:00,2140.97,2141.4,2106.77,2110.85,35095.6348
2026-05-19 12:00:00,2110.85,2127.53,2094.47,2110.19,55879.338
2026-05-19 16:00:00,2110.2,2125.07,2107.12,2113.15,24674.862
2026-05-19 20:00:00,2113.14,2120.59,2102.09,2111.93,17957.0734
2026-05-20 00:00:00,2111.93,2119.24,2103.29,2111.6,19314.4795
2026-05-20 04:00:00,2111.6,2136.5,2107.3,2129.74,35114.2894
2026-05-20 08:00:00,2129.75,2138.0,2124.28,2128.3,22183.4247
2026-05-20 12:00:00,2128.31,2149.0,2113.87,2136.75,58916.9837
2026-05-20 16:00:00,2136.76,2148.77,2124.1,2139.12,32155.664
2026-05-20 20:00:00,2139.12,2140.76,2118.45,2129.44,21403.4527
2026-05-21 00:00:00,2129.44,2157.5,2128.59,2145.76,27764.9747
2026-05-21 04:00:00,2145.76,2148.75,2124.25,2135.06,27168.5527
2026-05-21 08:00:00,2135.07,2148.33,2110.0,2115.27,41666.6187
2026-05-21 12:00:00,2115.28,2138.05,2105.15,2132.65,65871.6779
2026-05-21 16:00:00,2132.64,2153.75,2121.79,2142.83,55972.0073
2026-05-21 20:00:00,2142.84,2143.46,2127.27,2133.76,14445.2804
2026-05-22 00:00:00,2133.77,2141.39,2125.68,2137.88,14039.1024
2026-05-22 04:00:00,2137.89,2141.34,2122.22,2128.7,23434.8628
2026-05-22 08:00:00,2128.7,2133.34,2119.18,2130.78,30833.2166
2026-05-22 12:00:00,2130.78,2138.0,2112.47,2119.48,42385.9585
2026-05-22 16:00:00,2119.49,2130.0,2058.0,2065.54,71524.6579
2026-05-22 20:00:00,2065.54,2079.59,2057.79,2065.85,39565.4566
2026-05-23 00:00:00,2065.86,2072.0,2053.0,2070.78,35673.5475
2026-05-23 04:00:00,2070.78,2071.19,2009.3,2028.59,75799.2127
2026-05-23 08:00:00,2028.58,2036.01,2021.07,2031.48,34325.3716
2026-05-23 12:00:00,2031.48,2068.68,2027.35,2060.27,54590.2681
2026-05-23 16:00:00,2060.27,2083.64,2057.25,2077.33,39862.3851
2026-05-23 20:00:00,2077.34,2149.95,2074.84,2117.68,110295.4439
2026-05-24 00:00:00,2117.69,2127.28,2113.1,2119.04,29103.0509
2026-05-24 04:00:00,2119.05,2129.93,2113.65,2121.01,28463.348
2026-05-24 08:00:00,2121.02,2132.14,2119.05,2126.18,20978.1989
2026-05-24 12:00:00,2126.19,2126.58,2079.52,2095.84,53181.4865
2026-05-24 16:00:00,2095.83,2109.0,2095.22,2100.87,16390.0018
2026-05-24 20:00:00,2100.87,2107.0,2063.0,2099.85,49632.6744
2026-05-25 00:00:00,2099.86,2113.25,2092.57,2095.58,24131.108
2026-05-25 04:00:00,2095.59,2117.55,2092.26,2116.28,42000.3305
2026-05-25 08:00:00,2116.29,2124.1,2111.7,2114.95,21667.0316
2026-05-25 12:00:00,2114.95,2138.28,2112.25,2127.12,29687.9855
2026-05-25 16:00:00,2127.13,2141.98,2116.55,2121.43,23506.4643
2026-05-25 20:00:00,2121.42,2123.16,2102.35,2113.01,25435.678
2026-05-26 00:00:00,2113.01,2113.89,2084.52,2093.12,34695.0977
2026-05-26 04:00:00,2093.11,2104.65,2088.82,2095.61,22937.9606
2026-05-26 08:00:00,2095.61,2137.29,2094.1,2121.01,44588.5806
2026-05-26 12:00:00,2121.0,2140.49,2078.75,2087.36,93684.9119
2026-05-26 16:00:00,2087.36,2089.97,2055.06,2074.29,65909.5277
2026-05-26 20:00:00,2074.3,2078.78,2065.98,2073.77,20737.2311
2026-05-27 00:00:00,2073.77,2084.23,2068.9,2070.0,21987.0064
2026-05-27 04:00:00,2070.01,2084.16,2056.31,2083.78,27195.6917
2026-05-27 08:00:00,2083.77,2096.71,2078.26,2080.55,28746.5558
2026-05-27 12:00:00,2080.56,2097.4,2051.96,2071.38,79022.1167
2026-05-27 16:00:00,2071.39,2074.5,2043.31,2057.47,45395.4671
2026-05-27 20:00:00,2057.47,2066.14,2016.0,2024.84,65616.3196
2026-05-28 00:00:00,2024.83,2029.2,1972.0,1981.55,90607.5773
2026-05-28 04:00:00,1981.55,1996.78,1967.0,1995.56,74760.4299
2026-05-28 08:00:00,1995.56,1998.4,1984.85,1989.89,32953.9429
2026-05-28 12:00:00,1989.88,2002.5,1967.38,1990.65,75988.1864
2026-05-28 16:00:00,1990.65,2030.0,1985.22,2014.55,57298.3774
2026-05-28 20:00:00,2014.54,2024.63,2005.43,2009.9,32226.4072
2026-05-29 00:00:00,2009.89,2017.17,1997.24,2002.78,24310.5747
2026-05-29 04:00:00,2002.79,2021.51,1998.4,2007.62,34409.9182
2026-05-29 08:00:00,2007.61,2016.11,2002.35,2007.58,28724.0785
2026-05-29 12:00:00,2007.58,2046.59,1976.48,2031.62,101067.75
2026-05-29 16:00:00,2031.62,2044.29,2005.0,2016.96,67360.4166
2026-05-29 20:00:00,2016.96,2023.99,2007.0,2014.54,27272.957
2026-05-30 00:00:00,2014.54,2023.55,2010.69,2016.83,14645.2914
2026-05-30 04:00:00,2016.83,2020.56,2002.0,2016.32,22750.6464
2026-05-30 08:00:00,2016.32,2022.0,2013.92,2017.4,9329.3114
2026-05-30 12:00:00,2017.4,2032.0,2017.14,2026.61,22745.9664
2026-05-30 16:00:00,2026.63,2030.01,2019.5,2028.76,15670.4214
2026-05-30 20:00:00,2028.77,2031.41,2020.35,2022.44,12835.8979
2026-05-31 00:00:00,2022.44,2038.0,2020.83,2033.41,17706.4074
2026-05-31 04:00:00,2033.41,2034.99,2022.78,2024.01,11162.0752
2026-05-31 08:00:00,2024.02,2029.11,2015.34,2023.27,20999.1397
2026-05-31 12:00:00,2023.28,2026.5,2005.83,2010.52,29133.9281
2026-05-31 16:00:00,2010.52,2012.42,1993.75,1999.59,40644.485
2026-05-31 20:00:00,1999.58,2023.0,1999.58,2007.01,44089.4604
2026-06-01 00:00:00,2007.02,2021.5,1991.31,2009.09,73159.1205
2026-06-01 04:00:00,2009.09,2011.97,1971.7,1976.43,43590.1003
2026-06-01 08:00:00,1976.42,1990.11,1969.9,1981.44,49130.48
2026-06-01 12:00:00,1981.44,1994.39,1956.04,1968.45,90946.1743
2026-06-01 16:00:00,1968.45,2008.83,1958.79,2004.53,69908.5378
2026-06-01 20:00:00,2004.53,2009.2,1984.5,2006.73,47693.871
2026-06-02 00:00:00,2006.73,2006.78,1962.76,2003.94,46692.2407
2026-06-02 04:00:00,2003.94,2006.44,1973.88,1981.88,47532.952
2026-06-02 08:00:00,1981.89,1989.0,1966.69,1978.53,47617.4742
2026-06-02 12:00:00,1978.53,1982.75,1890.0,1914.81,165219.2852
2026-06-02 16:00:00,1914.81,1943.87,1881.01,1912.28,96022.4005
2026-06-02 20:00:00,1912.28,1919.01,1839.02,1859.84,153801.1892
2026-06-03 00:00:00,1859.84,1874.11,1816.92,1828.24,122790.4231
2026-06-03 04:00:00,1828.24,1884.41,1827.65,1878.39,90436.6511
2026-06-03 08:00:00,1878.39,1893.07,1869.95,1878.16,53244.0374
2026-06-03 12:00:00,1878.17,1880.0,1836.21,1837.21,78492.2555
2026-06-03 16:00:00,1837.22,1844.08,1795.23,1803.41,104394.7399
2026-06-03 20:00:00,1803.41,1852.2,1769.62,1813.05,135402.3748
2026-06-04 00:00:00,1813.05,1820.5,1717.28,1809.24,200046.0588
2026-06-04 04:00:00,1809.24,1818.0,1773.52,1777.45,82985.5515
2026-06-04 08:00:00,1777.44,1783.27,1730.13,1751.51,141386.8608
2026-06-04 12:00:00,1751.51,1794.43,1744.29,1777.02,111504.3967
2026-06-04 16:00:00,1777.03,1787.11,1754.0,1776.94,60544.5739
2026-06-04 20:00:00,1776.93,1783.02,1752.46,1770.77,51838.6634
2026-06-05 00:00:00,1770.76,1774.99,1722.36,1729.71,88171.1972
2026-06-05 04:00:00,1729.72,1747.8,1625.78,1679.21,313675.2275
2026-06-05 08:00:00,1679.22,1690.07,1659.43,1663.44,119418.6703
2026-06-05 12:00:00,1663.43,1677.7,1572.22,1583.29,304333.021
2026-06-05 16:00:00,1583.29,1612.89,1540.19,1574.06,267408.079
2026-06-05 20:00:00,1574.07,1619.3,1557.36,1583.4,164006.9658
2026-06-06 00:00:00,1583.4,1601.22,1555.28,1563.34,68604.3971
2026-06-06 04:00:00,1563.34,1581.62,1505.68,1575.14,182035.7945
2026-06-06 08:00:00,1575.14,1593.04,1535.68,1558.89,96734.7301
2026-06-06 12:00:00,1558.9,1575.82,1544.87,1560.45,107947.6889
2026-06-06 16:00:00,1560.45,1566.51,1547.05,1554.56,60854.9147
2026-06-06 20:00:00,1554.55,1570.06,1550.85,1569.69,42280.8419
2026-06-07 00:00:00,1569.68,1600.51,1564.1,1595.01,56783.117
2026-06-07 04:00:00,1595.0,1623.52,1585.0,1615.18,88472.2063
2026-06-07 08:00:00,1615.18,1648.7,1608.39,1630.12,79805.2925
2026-06-07 12:00:00,1630.12,1640.0,1607.0,1630.07,73035.7897
2026-06-07 16:00:00,1630.07,1638.0,1604.0,1613.11,60204.4464
2026-06-07 20:00:00,1613.1,1721.93,1609.43,1690.51,99979.739
2026-06-08 00:00:00,1690.5,1711.58,1670.94,1680.01,74470.0385
2026-06-08 04:00:00,1680.02,1683.49,1645.0,1673.47,73682.0193
2026-06-08 08:00:00,1673.46,1696.77,1657.21,1683.76,73745.4019
2026-06-08 12:00:00,1683.77,1706.22,1667.46,1691.59,129205.2984
2026-06-08 16:00:00,1691.59,1703.88,1675.8,1684.78,72641.0716
2026-06-08 20:00:00,1684.78,1714.5,1679.25,1690.49,56283.4824
2026-06-09 00:00:00,1690.48,1696.88,1654.63,1669.44,65616.5084
2026-06-09 04:00:00,1669.44,1696.41,1664.33,1679.86,55695.031
2026-06-09 08:00:00,1679.86,1680.64,1665.0,1671.96,39039.5622
2026-06-09 12:00:00,1671.96,1683.32,1633.84,1636.4,109750.9015
2026-06-09 16:00:00,1636.4,1658.64,1614.02,1657.33,81822.2362
2026-06-09 20:00:00,1657.33,1663.77,1630.36,1639.52,32222.9956
2026-06-10 00:00:00,1639.52,1646.91,1621.77,1630.82,27935.8341
2026-06-10 04:00:00,1630.82,1643.58,1616.33,1640.09,28762.4847
2026-06-10 08:00:00,1640.1,1640.89,1606.01,1620.05,50677.5242
2026-06-10 12:00:00,1620.06,1667.96,1615.91,1657.97,78993.1365
2026-06-10 16:00:00,1657.98,1658.73,1622.51,1630.15,55253.005
2026-06-10 20:00:00,1630.15,1636.21,1603.44,1621.59,49169.2974
2026-06-11 00:00:00,1621.6,1661.3,1621.6,1653.95,36288.0336
2026-06-11 04:00:00,1653.94,1663.14,1646.2,1654.41,36562.9666
2026-06-11 08:00:00,1654.4,1673.5,1654.28,1666.84,30402.7025
2026-06-11 12:00:00,1666.84,1666.88,1636.19,1645.55,55809.1021
2026-06-11 16:00:00,1645.56,1693.59,1632.71,1681.26,85215.6465
2026-06-11 20:00:00,1681.26,1683.29,1667.18,1673.46,34229.2691
2026-06-12 00:00:00,1673.46,1678.42,1660.93,1673.25,20659.4497
2026-06-12 04:00:00,1673.25,1682.0,1652.09,1662.12,30223.5752
2026-06-12 08:00:00,1662.12,1685.65,1662.12,1673.89,33152.9108
2026-06-12 12:00:00,1673.88,1691.07,1653.74,1660.08,63394.6373
2026-06-12 16:00:00,1660.08,1678.1,1657.38,1665.92,42191.8674
2026-06-12 20:00:00,1665.92,1668.01,1659.02,1666.41,12265.5698
2026-06-13 00:00:00,1666.42,1675.9,1663.36,1665.25,16399.5929
2026-06-13 04:00:00,1665.25,1677.74,1662.2,1676.38,16043.7279
2026-06-13 08:00:00,1676.38,1679.92,1672.8,1678.34,18492.0161
2026-06-13 12:00:00,1678.33,1686.56,1676.69,1682.15,19930.4374
2026-06-13 16:00:00,1682.14,1682.63,1671.44,1678.29,21369.3543
2026-06-13 20:00:00,1678.3,1697.28,1674.91,1681.18,14516.4791
2026-06-14 00:00:00,1681.19,1690.36,1678.83,1681.73,10407.9003
2026-06-14 04:00:00,1681.74,1682.66,1673.72,1675.91,15591.2044
2026-06-14 08:00:00,1675.91,1679.0,1669.15,1673.73,14816.273
2026-06-14 12:00:00,1673.73,1674.58,1654.9,1662.95,23932.5644
2026-06-14 16:00:00,1662.95,1668.57,1658.95,1665.43,17942.9787
2026-06-14 20:00:00,1665.44,1732.28,1662.67,1725.62,95319.0333
2026-06-15 00:00:00,1725.63,1733.04,1709.66,1720.78,46791.0843
2026-06-15 04:00:00,1720.78,1723.8,1715.95,1716.59,33173.3834
2026-06-15 08:00:00,1716.6,1769.0,1712.17,1764.67,86337.2957
2026-06-15 12:00:00,1764.67,1849.54,1760.28,1845.53,170759.7618
2026-06-15 16:00:00,1845.53,1847.13,1811.66,1821.89,78464.5018
2026-06-15 20:00:00,1821.88,1826.62,1782.82,1796.13,48609.2283
2026-06-16 00:00:00,1796.14,1802.09,1764.84,1779.16,50532.628
2026-06-16 04:00:00,1779.16,1783.32,1758.0,1774.24,50401.9351
2026-06-16 08:00:00,1774.25,1807.97,1773.25,1799.59,57224.9557
2026-06-16 12:00:00,1799.6,1839.77,1763.36,1782.44,123987.1567
2026-06-16 16:00:00,1782.43,1808.44,1773.03,1795.41,48137.7978
2026-06-16 20:00:00,1795.41,1800.48,1789.53,1792.99,23293.0757
2026-06-17 00:00:00,1793.0,1810.21,1778.99,1793.58,31174.503
2026-06-17 04:00:00,1793.58,1801.79,1778.71,1785.08,23610.2996
2026-06-17 08:00:00,1785.09,1786.15,1759.35,1763.92,35117.6055
2026-06-17 12:00:00,1763.93,1776.94,1741.05,1773.41,82129.4721
2026-06-17 16:00:00,1773.42,1796.08,1729.26,1734.72,126372.9648
2026-06-17 20:00:00,1734.73,1751.66,1725.34,1750.6,36093.2125
2026-06-18 00:00:00,1750.61,1762.99,1741.46,1744.17,30981.8033
2026-06-18 04:00:00,1744.17,1753.29,1722.24,1749.79,44003.2068
2026-06-18 08:00:00,1749.8,1753.61,1739.11,1743.31,47075.973
2026-06-18 12:00:00,1743.31,1753.06,1680.0,1682.23,94529.5977
2026-06-18 16:00:00,1682.23,1707.48,1671.79,1705.39,66020.9508
2026-06-18 20:00:00,1705.4,1717.23,1700.19,1711.11,29869.434
2026-06-19 00:00:00,1711.11,1719.51,1682.35,1697.69,37691.0234
2026-06-19 04:00:00,1697.7,1703.4,1686.0,1695.82,32582.5204
2026-06-19 08:00:00,1695.82,1699.82,1687.05,1691.74,19744.2088
2026-06-19 12:00:00,1691.74,1712.06,1679.11,1707.86,38540.4796
2026-06-19 16:00:00,1707.87,1711.76,1693.7,1701.2,22445.5251
2026-06-19 20:00:00,1701.21,1715.0,1698.89,1711.19,14074.4411
2026-06-20 00:00:00,1711.18,1718.0,1704.06,1708.17,14486.4039
2026-06-20 04:00:00,1708.18,1733.89,1706.51,1725.82,28639.3455
2026-06-20 08:00:00,1725.81,1731.76,1721.25,1727.18,13310.0526
2026-06-20 12:00:00,1727.18,1749.55,1708.11,1740.63,45563.7598
2026-06-20 16:00:00,1740.63,1740.91,1721.03,1729.27,23469.7503
2026-06-20 20:00:00,1729.27,1746.17,1726.53,1741.08,34322.509
2026-06-21 00:00:00,1741.08,1741.45,1733.51,1737.87,11485.9288
2026-06-21 04:00:00,1737.88,1741.41,1729.8,1732.36,19148.6555
2026-06-21 08:00:00,1732.36,1737.02,1718.56,1725.36,19610.1055
2026-06-21 12:00:00,1725.37,1732.57,1717.14,1730.72,18999.8619
2026-06-21 16:00:00,1730.71,1739.32,1721.67,1734.14,20185.3775
2026-06-21 20:00:00,1734.14,1735.34,1702.0,1706.94,34332.5397
2026-06-22 00:00:00,1706.94,1759.84,1706.94,1730.0,48245.9908
2026-06-22 04:00:00,1730.0,1751.58,1727.69,1746.34,31556.4356
2026-06-22 08:00:00,1746.34,1774.7,1743.56,1767.68,39953.9512
2026-06-22 12:00:00,1767.68,1779.9,1742.41,1744.74,64395.6052
2026-06-22 16:00:00,1744.75,1747.7,1729.15,1734.59,49656.142
2026-06-22 20:00:00,1734.59,1740.07,1717.02,1728.19,28849.0572
2026-06-23 00:00:00,1728.19,1736.25,1719.75,1729.9,18729.6756
2026-06-23 04:00:00,1729.91,1731.25,1680.52,1683.01,51916.6503
2026-06-23 08:00:00,1683.02,1684.8,1635.65,1660.9,71256.16
2026-06-23 12:00:00,1660.9,1672.0,1645.52,1659.78,48840.9545
2026-06-23 16:00:00,1659.78,1673.89,1650.0,1662.58,38682.1168
2026-06-23 20:00:00,1662.57,1672.92,1660.27,1667.13,18836.4548
2026-06-24 00:00:00,1667.13,1680.46,1658.18,1666.67,22390.5044
2026-06-24 04:00:00,1666.67,1679.57,1658.22,1673.12,24404.4994
2026-06-24 08:00:00,1673.13,1693.67,1655.76,1679.57,33696.0543
2026-06-24 12:00:00,1679.57,1681.29,1616.8,1618.08,88400.6962
2026-06-24 16:00:00,1618.08,1636.08,1552.95,1584.58,135306.743
2026-06-24 20:00:00,1584.59,1629.82,1580.0,1622.17,51529.843
2026-06-25 00:00:00,1622.18,1626.51,1614.69,1619.6,23937.0954
2026-06-25 04:00:00,1619.61,1660.54,1617.12,1657.19,63588.8033
2026-06-25 08:00:00,1657.2,1658.98,1628.05,1633.27,44025.3002
2026-06-25 12:00:00,1633.28,1650.38,1532.9,1570.01,198494.0295
2026-06-25 16:00:00,1570.01,1587.7,1554.6,1559.42,70320.4164
2026-06-25 20:00:00,1559.41,1583.65,1556.73,1567.84,40305.3602
2026-06-26 00:00:00,1567.86,1571.78,1512.0,1557.93,83566.0007
2026-06-26 04:00:00,1557.93,1586.5,1543.43,1581.12,68736.4863
2026-06-26 08:00:00,1581.12,1582.43,1541.01,1545.14,70838.7025
2026-06-26 12:00:00,1545.15,1588.23,1521.54,1580.14,120105.8574
2026-06-26 16:00:00,1580.13,1594.7,1570.32,1574.51,54249.7168
2026-06-26 20:00:00,1574.51,1583.4,1568.0,1578.68,26194.6756
2026-06-27 00:00:00,1578.68,1587.17,1571.55,1580.62,19128.5427
2026-06-27 04:00:00,1580.62,1586.38,1575.2,1585.71,15220.2854
2026-06-27 08:00:00,1585.72,1585.95,1579.0,1584.0,13455.5916
2026-06-27 12:00:00,1584.0,1611.02,1581.42,1605.68,34188.3622
2026-06-27 16:00:00,1605.68,1607.92,1573.36,1578.51,29623.6061
2026-06-27 20:00:00,1578.51,1585.69,1562.86,1573.99,19975.9718
2026-06-28 00:00:00,1574.0,1580.05,1569.07,1575.08,12159.2677
2026-06-28 04:00:00,1575.08,1577.34,1562.41,1575.96,21037.2582
2026-06-28 08:00:00,1575.96,1586.35,1572.23,1582.87,23867.9303
2026-06-28 12:00:00,1582.86,1588.82,1575.04,1580.89,23674.5553
2026-06-28 16:00:00,1580.9,1581.94,1556.81,1564.62,26775.6987
2026-06-28 20:00:00,1564.61,1582.29,1548.37,1571.96,32666.4315
2026-06-29 00:00:00,1571.96,1589.75,1550.43,1584.78,37339.7726
2026-06-29 04:00:00,1584.77,1589.08,1562.26,1580.16,24161.5922
2026-06-29 08:00:00,1580.17,1587.0,1569.85,1574.93,33233.37
2026-06-29 12:00:00,1574.93,1597.28,1557.35,1580.26,100601.0826
2026-06-29 16:00:00,1580.26,1637.58,1574.06,1625.6,80924.4923
2026-06-29 20:00:00,1625.6,1626.65,1607.41,1613.07,33708.6651
2026-06-30 00:00:00,1613.07,1614.41,1586.49,1587.18,34800.71
2026-06-30 04:00:00,1587.18,1596.25,1579.79,1592.51,25185.0878
2026-06-30 08:00:00,1592.51,1594.28,1575.85,1578.58,33797.8662
2026-06-30 12:00:00,1578.57,1578.58,1550.2,1565.18,74039.8113
2026-06-30 16:00:00,1565.19,1581.92,1561.84,1580.53,32530.1507
2026-06-30 20:00:00,1580.52,1582.98,1566.0,1572.01,21703.5782
2026-07-01 00:00:00,1572.0,1599.19,1552.92,1594.81,49726.9569
2026-07-01 04:00:00,1594.81,1604.02,1571.5,1578.36,39936.0774
2026-07-01 08:00:00,1578.36,1585.33,1567.13,1569.89,26168.9067
2026-07-01 12:00:00,1569.88,1631.0,1565.26,1620.09,94503.3823
2026-07-01 16:00:00,1620.1,1629.26,1607.17,1618.09,41221.2114
2026-07-01 20:00:00,1618.07,1646.26,1608.35,1609.58,54979.7763
2026-07-02 00:00:00,1609.59,1642.32,1597.22,1639.47,45157.4777
2026-07-02 04:00:00,1639.46,1639.94,1614.32,1615.97,39835.0073
2026-07-02 08:00:00,1615.97,1657.53,1615.08,1650.32,70678.134
2026-07-02 12:00:00,1650.31,1725.0,1647.66,1697.05,157423.2035
2026-07-02 16:00:00,1697.06,1707.14,1686.49,1700.15,38353.5213
2026-07-02 20:00:00,1700.15,1706.68,1692.13,1700.57,22006.1644
2026-07-03 00:00:00,1700.57,1718.97,1694.72,1706.43,34469.11
2026-07-03 04:00:00,1706.43,1722.21,1702.28,1717.77,30478.0143
2026-07-03 08:00:00,1717.77,1749.0,1715.68,1742.54,54522.5378
2026-07-03 12:00:00,1742.54,1753.29,1728.99,1731.24,53093.4088
2026-07-03 16:00:00,1731.24,1753.0,1727.87,1745.38,26376.499
2026-07-03 20:00:00,1745.39,1775.78,1743.61,1758.21,45477.2981
2026-07-04 00:00:00,1758.22,1764.0,1744.09,1753.92,18698.1782
2026-07-04 04:00:00,1753.91,1764.61,1751.72,1758.19,27472.9105
2026-07-04 08:00:00,1758.18,1765.55,1755.0,1758.24,17210.9322
2026-07-04 12:00:00,1758.23,1799.92,1758.23,1791.09,51998.9737
2026-07-04 16:00:00,1791.08,1807.65,1779.0,1792.83,55311.175
2026-07-04 20:00:00,1792.83,1795.81,1772.1,1780.64,20187.9801
2026-07-05 00:00:00,1780.64,1780.75,1757.0,1761.59,36440.4
2026-07-05 04:00:00,1761.58,1772.69,1760.07,1770.1,97257.2223
2026-07-05 08:00:00,1770.09,1773.27,1748.79,1760.08,175998.4611
2026-07-05 12:00:00,1760.08,1781.28,1756.03,1774.67,19997.987
2026-07-05 16:00:00,1774.66,1786.23,1770.31,1781.43,18203.54
2026-07-05 20:00:00,1781.44,1808.0,1769.29,1785.65,41775.8087
2026-07-06 00:00:00,1785.65,1799.02,1772.22,1779.71,28847.3588
2026-07-06 04:00:00,1779.7,1784.79,1764.42,1772.32,26903.8566
2026-07-06 08:00:00,1772.32,1778.6,1755.77,1759.64,33338.5309
2026-07-06 12:00:00,1759.64,1788.96,1728.95,1788.57,102182.4878
2026-07-06 16:00:00,1788.57,1805.0,1782.42,1792.76,60585.2426
2026-07-06 20:00:00,1792.76,1833.4,1787.26,1799.56,54021.8537
2026-07-07 00:00:00,1799.56,1810.16,1768.85,1771.56,37424.6442
2026-07-07 04:00:00,1771.55,1782.59,1757.57,1771.24,36953.6972
2026-07-07 08:00:00,1771.23,1785.0,1768.37,1780.77,27719.868
2026-07-07 12:00:00,1780.77,1803.03,1761.19,1797.45,65131.7844
2026-07-07 16:00:00,1797.45,1813.16,1773.5,1790.45,46598.5947
2026-07-07 20:00:00,1790.46,1793.12,1765.35,1771.45,27708.1368
2026-07-08 00:00:00,1771.45,1785.0,1741.21,1751.78,45660.413
2026-07-08 04:00:00,1751.74,1759.69,1745.01,1756.7,25382.1947
2026-07-08 08:00:00,1756.7,1758.7,1725.18,1747.95,56796.3744
2026-07-08 12:00:00,1747.95,1751.25,1713.44,1722.96,52233.5971
2026-07-08 16:00:00,1722.96,1746.52,1722.78,1740.98,31384.7131
2026-07-08 20:00:00,1740.99,1744.81,1731.41,1743.54,13773.9331
2026-07-09 00:00:00,1743.55,1756.79,1721.93,1730.7,27790.6064
2026-07-09 04:00:00,1730.7,1762.36,1730.35,1753.31,37627.1459
2026-07-09 08:00:00,1753.3,1758.68,1741.26,1744.02,20219.9949
2026-07-09 12:00:00,1744.02,1752.0,1733.36,1739.51,50758.7135
2026-07-09 16:00:00,1739.51,1759.82,1731.99,1748.51,23935.0548
2026-07-09 20:00:00,1748.51,1751.08,1741.56,1745.16,13373.7417
2026-07-10 00:00:00,1745.17,1779.68,1737.68,1776.12,45350.5313
2026-07-10 04:00:00,1776.13,1780.33,1768.57,1773.2,23853.2993
2026-07-10 08:00:00,1773.2,1802.99,1772.63,1801.22,46227.7286
2026-07-10 12:00:00,1801.22,1812.0,1775.0,1791.11,57199.9434
2026-07-10 16:00:00,1791.11,1799.53,1781.2,1792.68,26445.6486
2026-07-10 20:00:00,1792.68,1798.0,1789.6,1796.85,16528.6533
2026-07-11 00:00:00,1796.85,1799.29,1786.77,1796.5,16451.0616
2026-07-11 04:00:00,1796.5,1803.29,1794.6,1800.0,23003.1116
2026-07-11 08:00:00,1799.99,1803.52,1795.15,1800.48,13163.6509
2026-07-11 12:00:00,1800.47,1828.0,1798.42,1814.83,48962.5551
2026-07-11 16:00:00,1814.82,1830.0,1810.62,1824.38,44106.5907
2026-07-11 20:00:00,1824.38,1829.17,1786.58,1787.76,33016.4484
2026-07-12 00:00:00,1787.76,1813.67,1779.46,1811.53,30490.9328
2026-07-12 04:00:00,1811.53,1812.63,1789.44,1798.78,14481.5819
2026-07-12 08:00:00,1798.78,1808.94,1796.48,1803.77,13663.3791
2026-07-12 12:00:00,1803.77,1826.92,1803.0,1820.93,32674.8309
2026-07-12 16:00:00,1820.94,1824.39,1814.85,1821.4,27234.0306
2026-07-12 20:00:00,1821.4,1824.0,1797.63,1806.8,22528.2282
2026-07-13 00:00:00,1806.8,1846.0,1775.0,1780.55,99489.3232
2026-07-13 04:00:00,1780.54,1791.39,1773.99,1787.57,34173.7254
2026-07-13 08:00:00,1787.58,1793.56,1777.1,1780.74,24971.0007
2026-07-13 12:00:00,1780.74,1786.53,1762.44,1777.01,57606.1973
2026-07-13 16:00:00,1777.0,1780.73,1750.2,1774.92,49356.977
2026-07-13 20:00:00,1774.93,1778.05,1752.59,1776.72,29434.3962
2026-07-14 00:00:00,1776.71,1794.47,1773.41,1783.65,25835.8415
2026-07-14 04:00:00,1783.64,1793.26,1779.41,1781.21,23132.8984
2026-07-14 08:00:00,1781.21,1805.0,1779.0,1798.09,47517.0909
2026-07-14 12:00:00,1798.09,1888.8,1794.37,1875.22,193011.7605
2026-07-14 16:00:00,1875.22,1881.56,1860.56,1876.74,38959.9231
2026-07-14 20:00:00,1876.74,1896.14,1872.06,1891.87,40456.2576
2026-07-15 00:00:00,1891.87,1893.32,1864.38,1876.08,35148.8223
2026-07-15 04:00:00,1876.08,1891.89,1864.7,1870.04,36339.328
2026-07-15 08:00:00,1870.04,1886.59,1870.03,1884.62,35085.8935
2026-07-15 12:00:00,1884.62,1946.52,1879.25,1931.95,137284.8153
2026-07-15 16:00:00,1931.96,1937.0,1904.36,1924.15,55271.775
2026-07-15 20:00:00,1924.15,1930.71,1914.89,1917.86,20670.3352
2026-07-16 00:00:00,1917.86,1929.0,1908.12,1918.7,28168.2017
2026-07-16 04:00:00,1918.7,1929.48,1905.0,1910.63,29157.4136
2026-07-16 08:00:00,1910.64,1912.85,1875.56,1885.26,85450.7339
2026-07-16 12:00:00,1885.26,1894.38,1867.68,1881.88,63993.5576
2026-07-16 16:00:00,1881.89,1883.0,1862.57,1875.59,33323.5741
2026-07-16 20:00:00,1875.59,1881.59,1857.54,1864.71,31595.6054
2026-07-17 00:00:00,1864.71,1871.08,1843.2,1852.53,44486.8168
2026-07-17 04:00:00,1852.53,1853.08,1820.74,1828.52,45533.7226
2026-07-17 08:00:00,1828.52,1843.26,1821.41,1839.04,36870.4969
2026-07-17 12:00:00,1839.05,1840.58,1803.05,1830.88,72970.3255
2026-07-17 16:00:00,1830.89,1856.17,1825.32,1843.76,40978.7013
2026-07-17 20:00:00,1843.76,1846.65,1835.27,1841.93,12187.6925
2026-07-18 00:00:00,1841.94,1846.74,1839.38,1845.96,13627.6371
2026-07-18 04:00:00,1845.96,1849.68,1842.56,1844.2,10193.3719
2026-07-18 08:00:00,1844.2,1849.44,1842.3,1845.56,10162.4632
2026-07-18 12:00:00,1845.56,1850.64,1837.58,1844.15,17626.3753
2026-07-18 16:00:00,1844.15,1867.58,1841.51,1858.45,27311.7817
2026-07-18 20:00:00,1858.45,1865.86,1855.47,1862.61,13676.294
2026-07-19 00:00:00,1862.61,1877.33,1858.17,1867.08,27387.4951
2026-07-19 04:00:00,1867.08,1871.99,1864.21,1870.25,17140.7424
2026-07-19 08:00:00,1870.26,1879.38,1863.46,1871.41,21823.4567
2026-07-19 12:00:00,1871.4,1879.26,1864.47,1870.91,23743.0826
2026-07-19 16:00:00,1870.91,1873.85,1851.71,1862.37,27303.9993
2026-07-19 20:00:00,1862.37,1877.03,1857.0,1872.23,26523.8901
2026-07-20 00:00:00,1872.24,1891.71,1862.08,1879.94,40327.5711
2026-07-20 04:00:00,1879.94,1879.99,1843.14,1863.95,41366.6157
2026-07-20 08:00:00,1863.95,1896.5,1854.31,1893.2,44092.3265
2026-07-20 12:00:00,1893.21,1904.92,1853.65,1902.34,65138.717
2026-07-20 16:00:00,1902.34,1918.16,1890.07,1898.46,58309.8959
2026-07-20 20:00:00,1898.46,1907.58,1894.4,1904.77,21960.5068
2026-07-21 00:00:00,1904.77,1928.57,1900.74,1926.75,39390.3291
2026-07-21 04:00:00,1926.74,1940.25,1921.81,1934.08,40556.1414
2026-07-21 08:00:00,1934.07,1953.0,1925.98,1935.69,113965.7397
2026-07-21 12:00:00,1935.69,1945.23,1923.36,1931.81,62411.1336
2026-07-21 16:00:00,1931.81,1935.36,1915.0,1923.39,49947.7856
2026-07-21 20:00:00,1923.38,1932.0,1916.67,1930.09,20694.5485
2026-07-22 00:00:00,1930.09,1944.68,1926.76,1928.77,38196.5647
2026-07-22 04:00:00,1928.76,1939.4,1910.68,1914.44,47965.1374
2026-07-22 08:00:00,1914.43,1933.62,1914.08,1927.27,36444.4362
2026-07-22 12:00:00,1927.26,1955.92,1913.26,1943.03,61853.0343
2026-07-22 16:00:00,1943.04,1956.45,1921.0,1925.13,41321.4528
2026-07-22 20:00:00,1925.14,1939.7,1922.95,1934.25,25360.1999
2026-07-23 00:00:00,1934.26,1941.5,1917.57,1920.55,24993.7353
2026-07-23 04:00:00,1920.56,1928.69,1912.6,1915.65,28351.1057
2026-07-23 08:00:00,1915.65,1931.66,1914.44,1926.04,25394.4369
2026-07-23 12:00:00,1926.03,1927.99,1882.98,1895.23,79844.2221
2026-07-23 16:00:00,1895.23,1895.41,1869.44,1875.65,40349.4912
2026-07-23 20:00:00,1875.64,1889.09,1874.23,1878.38,20856.0821
2026-07-24 00:00:00,1878.38,1881.2,1859.67,1880.67,33554.3655
2026-07-24 04:00:00,1880.67,1909.8,1873.48,1895.98,34493.4821
2026-07-24 08:00:00,1895.98,1896.04,1876.71,1883.93,23099.0765
2026-07-24 12:00:00,1883.93,1886.09,1848.09,1861.81,68024.0006
2026-07-24 16:00:00,1861.82,1866.76,1853.5,1863.83,29813.1651
2026-07-24 20:00:00,1863.84,1865.82,1856.97,1861.44,11811.3463
2026-07-25 00:00:00,1861.44,1864.69,1855.93,1858.74,13999.1489
2026-07-25 04:00:00,1858.74,1862.96,1854.61,1856.02,12980.1958
2026-07-25 08:00:00,1856.03,1860.09,1851.22,1857.75,16027.4582
2026-07-25 12:00:00,1857.75,1872.35,1856.96,1867.88,20845.3524
2026-07-25 16:00:00,1867.88,1877.07,1864.65,1874.76,16227.7542
2026-07-25 20:00:00,1874.77,1876.92,1867.92,1874.89,8354.5785
2026-07-26 00:00:00,1874.88,1883.98,1873.85,1882.21,10360.017
2026-07-26 04:00:00,1882.21,1889.36,1878.46,1881.56,11240.7353
2026-07-26 08:00:00,1881.57,1887.89,1878.74,1885.87,9601.9319
2026-07-26 12:00:00,1885.87,1917.82,1881.61,1914.63,34317.9973
2026-07-26 16:00:00,1914.63,1928.08,1908.75,1914.2,28406.1046
2026-07-26 20:00:00,1914.21,1967.36,1911.14,1954.72,59306.9088
2026-07-27 00:00:00,1954.72,1955.42,1936.51,1949.64,34258.2056
2026-07-27 04:00:00,1949.65,1981.24,1948.54,1964.36,69725.077
2026-07-27 08:00:00,1964.37,1972.0,1956.87,1959.67,32315.8135
2026-07-27 12:00:00,1959.67,1977.99,1919.09,1927.75,99494.5419
2026-07-27 16:00:00,1927.74,1955.41,1922.65,1948.31,37420.9366
2026-07-27 20:00:00,1948.32,1950.54,1882.49,1892.53,69236.9054
2026-07-28 00:00:00,1892.53,1894.45,1866.31,1881.38,49994.7712
2026-07-28 04:00:00,1881.37,1889.66,1876.48,1883.83,33258.9851
2026-07-28 08:00:00,1883.84,1885.85,1872.0,1876.68,30340.5886
2026-07-28 12:00:00,1876.69,1924.41,1856.88,1920.02,94750.9591
2026-07-28 16:00:00,1920.02,1928.95,1892.71,1922.23,51764.2341
2026-07-28 20:00:00,1922.24,1929.67,1904.06,1922.23,29115.6248
2026-07-29 00:00:00,1922.22,1928.51,1891.17,1892.7,33714.362
2026-07-29 04:00:00,1892.7,1925.68,1884.51,1924.71,38986.3337
2026-07-29 08:00:00,1924.71,1925.35,1910.0,1915.26,29525.7793
2026-07-29 12:00:00,1915.26,1915.27,1887.31,1892.11,63204.2808
2026-07-29 16:00:00,1892.11,1935.68,1883.7,1888.56,84957.6996
2026-07-29 20:00:00,1888.57,1913.17,1872.0,1910.72,48173.8886
2026-07-30 00:00:00,1910.72,1921.92,1893.99,1909.99,32801.6055
2026-07-30 04:00:00,1910.0,1910.93,1899.59,1903.25,29121.0648
2026-07-30 08:00:00,1903.26,1926.44,1900.51,1923.22,28871.2305
2026-07-30 12:00:00,1923.25,1936.99,1913.49,1918.9,41797.7412
2026-07-30 16:00:00,1918.9,1929.34,1914.81,1923.68,22085.9616
2026-07-30 20:00:00,1923.69,1936.79,1916.0,1918.31,21854.0782
2026-07-31 00:00:00,1918.32,1936.15,1899.09,1908.9,38957.0846
2026-07-31 04:00:00,1908.9,1911.16,1884.53,1890.2,28568.9525
2026-07-31 08:00:00,1890.2,1893.33,1877.93,1884.26,35603.552
2026-07-31 12:00:00,1884.27,1890.61,1848.7,1862.94,90384.1136
2026-07-31 16:00:00,1862.93,1878.14,1860.83,1868.19,30789.9529
2026-07-31 20:00:00,1868.19,1870.73,1858.8,1862.6,18601.1309
2026-08-01 00:00:00,1862.6,1870.0,1862.38,1869.88,10623.0492
2026-08-01 04:00:00,1869.88,1871.98,1865.34,1869.8,9060.1323
2026-08-01 08:00:00,1869.81,1870.74,1863.1,1866.9,16655.0267
2026-08-01 12:00:00,1866.9,1875.45,1866.89,1870.09,11065.9213
2026-08-01 16:00:00,1870.1,1873.6,1822.06,1837.3,44182.6507
2026-08-01 20:00:00,1837.29,1849.26,1833.07,1844.94,17300.2076
2026-08-02 00:00:00,1844.95,1884.69,1843.67,1877.43,34093.4142
2026-08-02 04:00:00,1877.44,1882.68,1875.0,1876.1,14739.7545
2026-08-02 08:00:00,1876.1,1879.0,1849.5,1852.58,18008.2763
2026-08-02 12:00:00,1852.65,1863.05,1852.41,1858.82,11578.9503
2026-08-02 16:00:00,1858.82,1887.2,1856.03,1882.2,20887.7913
2026-08-02 20:00:00,1882.2,1898.5,1876.39,1885.36,24346.8766
2026-08-03 00:00:00,1885.36,1885.95,1851.05,1857.22,18147.86
2026-08-03 04:00:00,1857.21,1863.14,1840.0,1843.97,27490.3091
2026-08-03 08:00:00,1843.96,1854.46,1828.62,1839.89,35874.1709
2026-08-03 12:00:00,1839.88,1874.35,1836.75,1863.34,50189.096
2026-08-03 16:00:00,1863.34,1876.5,1861.68,1870.2,22864.1244
2026-08-03 20:00:00,1870.2,1875.99,1852.45,1860.5,21041.4495
2026-08-04 00:00:00,1860.5,1872.5,1848.38,1864.19,28858.3202
2026-08-04 04:00:00,1864.2,1882.44,1853.54,1863.87,32818.8903
2026-08-04 08:00:00,1863.88,1874.78,1853.48,1872.89,25509.3329
2026-08-04 12:00:00,1872.88,1882.0,1858.72,1873.07,45183.7663
2026-08-04 16:00:00,1873.08,1881.81,1865.65,1875.26,35711.2303
2026-08-04 20:00:00,1875.26,1881.28,1866.17,1869.75,17173.0052
2026-08-05 00:00:00,1869.74,1878.0,1861.34,1867.75,24714.244
2026-08-05 04:00:00,1867.75,1877.69,1863.53,1872.2,30830.3471
2026-08-05 08:00:00,1872.2,1876.06,1866.16,1868.92,25524.9464
2026-08-05 12:00:00,1868.92,1885.29,1855.5,1873.91,59791.2603
2026-08-05 16:00:00,1873.91,1928.0,1873.4,1917.03,74497.6757
2026-08-05 20:00:00,1917.02,1924.56,1904.34,1908.9,22971.8534
2026-08-06 00:00:00,1908.91,1914.02,1895.1,1899.03,25020.7657
2026-08-06 04:00:00,1899.04,1918.7,1895.73,1909.33,24898.2449
2026-08-06 08:00:00,1909.33,1920.51,1897.0,1907.77,29967.732
2026-08-06 12:00:00,1907.77,1919.68,1892.04,1910.69,52988.6573
2026-08-06 16:00:00,1910.7,1918.47,1903.08,1910.06,31420.4318
2026-08-06 20:00:00,1910.07,1910.85,1898.94,1904.1,13233.8818
2026-08-07 00:00:00,1904.1,1908.61,1896.16,1897.43,18311.79
2026-08-07 04:00:00,1897.43,1907.58,1894.35,1902.36,20808.7949
2026-08-07 08:00:00,1902.35,1921.0,1901.91,1916.33,52531.1399
2026-08-07 12:00:00,1916.33,1943.02,1910.53,1917.88,71735.7862
2026-08-07 16:00:00,1917.87,1925.0,1905.4,1918.85,31875.2905
2026-08-07 20:00:00,1918.84,1922.81,1912.72,1914.18,15013.7275
2026-08-08 00:00:00,1914.19,1919.02,1912.27,1918.08,9031.6185
2026-08-08 04:00:00,1918.09,1919.58,1914.0,1915.11,6631.8429
2026-08-08 08:00:00,1915.11,1923.57,1914.58,1920.99,9718.3909
2026-08-08 12:00:00,1920.99,1926.72,1918.61,1922.62,12362.8962
2026-08-08 16:00:00,1922.63,1926.45,1919.67,1920.41,10727.5528
2026-08-08 20:00:00,1920.41,1922.73,1914.69,1916.74,8400.0918
2026-08-09 00:00:00,1916.75,1920.21,1912.36,1914.04,8345.453
2026-08-09 04:00:00,1914.04,1919.79,1912.83,1918.97,12115.5126
2026-08-09 08:00:00,1918.97,1925.0,1913.39,1919.23,13796.1907
2026-08-09 12:00:00,1919.23,1927.36,1916.51,1926.56,15481.1061
2026-08-09 16:00:00,1926.57,1926.95,1920.15,1922.04,7930.0424
2026-08-09 20:00:00,1922.04,1938.22,1907.56,1910.65,30187.0205
2026-08-10 00:00:00,1910.65,1931.57,1906.17,1917.44,31514.3795
2026-08-10 04:00:00,1917.44,1930.84,1912.6,1925.26,26021.2411
2026-08-10 08:00:00,1925.26,1929.74,1914.68,1920.42,20574.1569
2026-08-10 12:00:00,1920.42,1923.34,1871.37,1877.0,72727.0989
2026-08-10 16:00:00,1876.99,1880.47,1867.96,1878.51,41521.4818
2026-08-10 20:00:00,1878.52,1881.31,1870.12,1873.16,17450.6639
2026-08-11 00:00:00,1873.16,1881.78,1871.0,1881.03,19177.0692
2026-08-11 04:00:00,1881.02,1882.18,1870.29,1877.95,28590.5126
2026-08-11 08:00:00,1877.95,1895.6,1875.75,1892.97,33281.4942
2026-08-11 12:00:00,1892.96,1897.8,1853.62,1862.74,55998.9156
2026-08-11 16:00:00,1862.75,1884.83,1859.78,1881.9,32745.3142
2026-08-11 20:00:00,1881.9,1887.64,1878.92,1882.59,23507.2108
2026-08-12 00:00:00,1882.58,1887.91,1880.65,1886.62,14610.5113
2026-08-12 04:00:00,1886.63,1893.37,1885.38,1891.69,18465.3367
2026-08-12 08:00:00,1891.7,1915.99,1890.0,1915.57,37910.3654
2026-08-12 12:00:00,1915.58,1925.0,1884.54,1892.75,57450.0197
2026-08-12 16:00:00,1892.75,1895.77,1877.98,1879.38,21607.7313
2026-08-12 20:00:00,1879.37,1889.47,1873.29,1879.81,21212.0331
2026-08-13 00:00:00,1879.8,1888.89,1873.17,1887.52,25035.367
2026-08-13 04:00:00,1887.52,1900.0,1885.46,1895.57,19776.3548
2026-08-13 08:00:00,1895.57,1897.0,1875.49,1880.39,29407.9344
2026-08-13 12:00:00,1880.4,1897.36,1879.17,1880.01,32932.5387
2026-08-13 16:00:00,1880.01,1892.73,1863.67,1887.41,36684.7871
2026-08-13 20:00:00,1887.41,1893.03,1884.6,1886.15,10303.6488
2026-08-14 00:00:00,1886.16,1891.3,1882.44,1883.0,11962.548
2026-08-14 04:00:00,1883.0,1887.87,1872.28,1873.4,17126.1709
2026-08-14 08:00:00,1873.4,1881.19,1869.32,1878.2,20502.692
2026-08-14 12:00:00,1878.2,1884.71,1864.28,1881.56,31025.9906
2026-08-14 16:00:00,1881.56,1888.42,1873.7,1880.89,19452.3476
2026-08-14 20:00:00,1880.89,1882.67,1876.1,1882.2,8054.0243
2026-08-15 00:00:00,1882.2,1886.59,1881.12,1882.68,7143.5623
2026-08-15 04:00:00,1882.69,1885.69,1880.0,1880.4,7045.5038
2026-08-15 08:00:00,1880.4,1881.69,1876.01,1879.49,8109.1911
2026-08-15 12:00:00,1879.49,1885.83,1878.19,1884.91,10373.705
2026-08-15 16:00:00,1884.92,1886.58,1882.59,1884.55,8229.5427
2026-08-15 20:00:00,1884.55,1885.8,1881.98,1882.64,7295.586
2026-08-16 00:00:00,1882.64,1885.0,1877.01,1883.3,8896.8635
2026-08-16 04:00:00,1883.31,1884.56,1879.0,1881.54,6328.3527
2026-08-16 08:00:00,1881.54,1882.52,1879.27,1880.94,7717.5866
2026-08-16 12:00:00,1880.94,1885.0,1879.32,1884.06,9132.2267
2026-08-16 16:00:00,1884.06,1892.31,1882.63,1885.83,14912.3864
2026-08-16 20:00:00,1885.83,1887.58,1869.17,1876.0,21587.0072
2026-08-17 00:00:00,1876.01,1908.62,1872.46,1900.92,42197.3667
2026-08-17 04:00:00,1900.93,1912.6,1897.13,1900.93,30157.1868
2026-08-17 08:00:00,1900.93,1909.49,1891.57,1904.46,23188.28
2026-08-17 12:00:00,1904.46,1915.5,1896.28,1913.22,39771.8373
2026-08-17 16:00:00,1913.22,1914.19,1904.59,1907.25,23753.5267
2026-08-17 20:00:00,1907.24,1918.71,1903.59,1913.6,16659.0896
2026-08-18 00:00:00,1913.59,1914.38,1885.78,1894.69,27769.4927
2026-08-18 04:00:00,1894.68,1906.94,1891.53,1898.84,19553.7453
2026-08-18 08:00:00,1898.83,1905.65,1893.8,1903.11,18879.4821
2026-08-18 12:00:00,1903.12,1923.27,1894.0,1917.7,42642.8623
2026-08-18 16:00:00,1917.71,1922.3,1910.81,1913.28,20637.1712
2026-08-18 20:00:00,1913.28,1920.1,1910.87,1917.85,14954.1548
2026-08-19 00:00:00,1917.85,1919.15,1906.19,1912.15,22296.4246
2026-08-19 04:00:00,1912.15,1921.32,1906.0,1916.01,24670.0179
2026-08-19 08:00:00,1916.01,1929.94,1915.32,1923.06,23850.5924
2026-08-19 12:00:00,1923.06,2115.0,1922.05,2085.83,300802.4681
2026-08-19 16:00:00,2085.83,2108.0,2067.43,2102.02,141388.9217
2026-08-19 20:00:00,2102.02,2333.65,2102.02,2252.8,286544.92
2026-08-20 00:00:00,2252.81,2274.25,2221.54,2251.21,108149.0214
2026-08-20 04:00:00,2251.21,2267.3,2238.97,2251.81,74167.2094
2026-08-20 08:00:00,2251.81,2320.0,2249.19,2296.58,148486.0702
2026-08-20 12:00:00,2296.59,2337.89,2255.68,2326.41,139238.0199
2026-08-20 16:00:00,2326.4,2360.0,2310.44,2323.77,139596.2158
2026-08-20 20:00:00,2323.78,2340.0,2306.67,2326.82,38984.1861
2026-08-21 00:00:00,2326.83,2380.82,2324.99,2341.04,95789.5197
2026-08-21 04:00:00,2341.05,2398.71,2341.05,2371.66,91308.1763
2026-08-21 08:00:00,2371.67,2447.98,2357.18,2370.47,173846.0211
2026-08-21 12:00:00,2370.48,2408.55,2365.44,2393.65,118459.1248
2026-08-21 16:00:00,2393.64,2432.35,2384.0,2413.55,99585.7922
2026-08-21 20:00:00,2413.54,2546.78,2408.86,2516.3,161674.2805
2026-08-22 00:00:00,2516.31,2528.58,2491.11,2515.06,86371.1989
2026-08-22 04:00:00,2515.06,2529.99,2385.0,2433.31,181602.88
2026-08-22 08:00:00,2433.32,2441.1,2389.45,2423.93,80716.6649
2026-08-22 12:00:00,2423.92,2437.76,2405.62,2410.9,52975.6642
2026-08-22 16:00:00,2410.89,2444.71,2409.0,2439.41,37804.4339
2026-08-22 20:00:00,2439.41,2443.72,2403.47,2422.6,45694.0482
2026-08-23 00:00:00,2422.6,2435.53,2408.0,2413.98,34265.1013
2026-08-23 04:00:00,2413.98,2417.02,2355.71,2389.02,76854.6755
2026-08-23 08:00:00,2389.01,2438.31,2386.96,2433.68,52155.9669
2026-08-23 12:00:00,2433.67,2484.06,2389.85,2438.62,107861.6175
2026-08-23 16:00:00,2438.61,2459.22,2432.81,2444.96,38550.1826
2026-08-23 20:00:00,2444.95,2484.62,2436.41,2463.41,69159.6584
2026-08-24 00:00:00,2463.42,2466.98,2424.73,2430.64,54304.5378
2026-08-24 04:00:00,2430.65,2474.09,2428.11,2454.64,59744.6572
2026-08-24 08:00:00,2454.67,2509.0,2436.41,2494.18,85019.4974
2026-08-24 12:00:00,2494.18,2532.95,2474.5,2487.99,153405.943
2026-08-24 16:00:00,2487.99,2506.0,2455.0,2471.4,87122.0244
2026-08-24 20:00:00,2471.48,2489.67,2465.46,2482.31,27838.527
2026-08-25 00:00:00,2482.31,2532.5,2472.18,2499.29,76445.2715
2026-08-25 04:00:00,2499.3,2515.43,2464.41,2478.94,51481.8622
2026-08-25 08:00:00,2478.94,2498.0,2462.81,2477.91,44061.7462
2026-08-25 12:00:00,2477.9,2484.0,2440.0,2482.88,77139.2453
2026-08-25 16:00:00,2482.89,2485.6,2455.54,2463.42,42815.2812
2026-08-25 20:00:00,2463.42,2464.24,2414.64,2442.64,49445.5546
2026-08-26 00:00:00,2442.65,2469.82,2435.81,2465.57,24352.4743
2026-08-26 04:00:00,2465.56,2472.86,2451.49,2461.78,28799.394
2026-08-26 08:00:00,2461.78,2475.61,2442.76,2463.09,39351.7341
2026-08-26 12:00:00,2463.09,2472.05,2432.32,2449.85,59145.7063
2026-08-26 16:00:00,2449.85,2483.52,2438.1,2470.79,41493.2285
2026-08-26 20:00:00,2470.79,2515.38,2460.29,2506.78,57440.7335
2026-08-27 00:00:00,2506.78,2510.64,2487.03,2492.89,32845.2518
2026-08-27 04:00:00,2492.89,2499.0,2481.74,2497.16,23675.7457
2026-08-27 08:00:00,2497.17,2566.53,2486.97,2501.73,112822.7152
2026-08-27 12:00:00,2501.74,2531.84,2482.54,2521.68,73969.8404
2026-08-27 16:00:00,2521.68,2533.78,2488.74,2498.21,67682.1421
2026-08-27 20:00:00,2498.22,2516.98,2495.06,2510.94,25918.3648
2026-08-28 00:00:00,2510.94,2535.05,2486.09,2489.92,41365.0938
2026-08-28 04:00:00,2489.91,2505.37,2477.49,2496.48,31145.2785
2026-08-28 08:00:00,2496.47,2511.51,2482.17,2505.1,34960.3259
2026-08-28 12:00:00,2505.1,2526.64,2468.0,2471.89,105432.4962
2026-08-28 16:00:00,2471.89,2473.95,2405.97,2435.69,122726.0
2026-08-28 20:00:00,2435.68,2445.0,2422.36,2442.8,25453.2728
2026-08-29 00:00:00,2442.79,2448.05,2434.56,2435.23,16909.3598
2026-08-29 04:00:00,2435.24,2442.03,2430.45,2436.41,14108.967
2026-08-29 08:00:00,2436.4,2438.5,2431.2,2435.87,12520.7121
2026-08-29 12:00:00,2435.88,2452.64,2432.42,2444.76,20080.5261
2026-08-29 16:00:00,2444.75,2458.9,2444.52,2453.51,29252.5713
2026-08-29 20:00:00,2453.51,2459.76,2449.08,2457.67,10651.7892
2026-08-30 00:00:00,2457.67,2467.93,2453.08,2457.15,16603.2389
2026-08-30 04:00:00,2457.14,2461.52,2451.55,2455.28,16801.9985
2026-08-30 08:00:00,2455.28,2461.81,2451.79,2460.41,14786.4537
2026-08-30 12:00:00,2460.42,2484.0,2458.73,2481.11,43986.325
2026-08-30 16:00:00,2481.11,2534.98,2479.28,2503.83,71498.1377
2026-08-30 20:00:00,2503.82,2508.6,2387.28,2416.88,104621.7965
2026-08-31 00:00:00,2416.89,2441.9,2401.35,2420.94,54980.0399
2026-08-31 04:00:00,2420.94,2446.6,2411.34,2440.38,37358.2116
2026-08-31 08:00:00,2440.38,2458.02,2433.56,2446.35,39700.1828
2026-08-31 12:00:00,2446.36,2478.09,2437.05,2467.68,66643.6066
2026-08-31 16:00:00,2467.68,2489.95,2461.26,2481.84,46692.0355
2026-08-31 20:00:00,2481.84,2487.0,2462.0,2467.65,19847.7781
2026-09-01 00:00:00,2467.64,2482.8,2454.66,2472.21,29497.0503
2026-09-01 04:00:00,2472.21,2485.5,2466.57,2472.72,27245.2378
2026-09-01 08:00:00,2472.72,2473.62,2443.44,2459.18,45459.2336
2026-09-01 12:00:00,2459.18,2459.32,2426.58,2448.97,60562.4393
2026-09-01 16:00:00,2448.97,2449.6,2383.34,2419.18,75337.8246
2026-09-01 20:00:00,2419.19,2427.15,2400.42,2418.57,38485.8968
2026-09-02 00:00:00,2418.58,2424.3,2386.74,2414.42,43639.1716
2026-09-02 04:00:00,2414.42,2429.0,2405.44,2417.9,29071.5286
2026-09-02 08:00:00,2417.9,2420.64,2356.41,2381.88,80384.9682
2026-09-02 12:00:00,2381.87,2419.72,2377.21,2390.98,69945.3728
2026-09-02 16:00:00,2390.98,2404.8,2372.55,2392.99,39284.0901
2026-09-02 20:00:00,2393.0,2399.74,2377.77,2391.92,23284.515
2026-09-03 00:00:00,2391.91,2410.94,2370.14,2403.3,35691.9837
2026-09-03 04:00:00,2403.29,2419.33,2379.41,2398.68,40527.8213
2026-09-03 08:00:00,2398.68,2413.04,2390.0,2407.2,36726.3406
2026-09-03 12:00:00,2407.2,2517.17,2405.09,2516.58,129908.0326
2026-09-03 16:00:00,2516.58,2529.84,2488.38,2518.18,66639.7675
2026-09-03 20:00:00,2518.18,2526.19,2490.13,2507.51,41653.3552
2026-09-04 00:00:00,2507.5,2517.2,2497.05,2505.14,35795.4686
2026-09-04 04:00:00,2505.14,2525.0,2500.19,2504.39,51451.616
2026-09-04 08:00:00,2504.39,2546.66,2503.4,2523.02,79747.8369
2026-09-04 12:00:00,2523.03,2532.21,2431.61,2451.98,177564.8812
2026-09-04 16:00:00,2451.98,2464.49,2443.04,2455.84,48944.0244
2026-09-04 20:00:00,2455.85,2458.91,2449.81,2455.85,18763.9316
2026-09-05 00:00:00,2455.86,2456.58,2450.12,2452.49,13304.8356
2026-09-05 04:00:00,2452.5,2459.33,2444.47,2457.53,18419.0072
2026-09-05 08:00:00,2457.53,2460.28,2453.0,2453.67,17069.4727
2026-09-05 12:00:00,2453.67,2462.0,2450.0,2460.0,25028.163
2026-09-05 16:00:00,2459.99,2485.34,2458.89,2477.57,35586.9649
2026-09-05 20:00:00,2477.57,2493.57,2475.0,2480.34,20688.1187
2026-09-06 00:00:00,2480.33,2514.55,2479.27,2509.68,44380.0774
2026-09-06 04:00:00,2509.68,2523.97,2482.6,2496.79,38156.3716
2026-09-06 08:00:00,2496.8,2504.25,2491.95,2501.93,20195.7305
2026-09-06 12:00:00,2501.94,2504.99,2460.92,2479.79,43829.4949
2026-09-06 16:00:00,2479.78,2500.0,2475.26,2490.42,27209.246
2026-09-06 20:00:00,2490.42,2526.2,2488.55,2514.48,43919.1639
2026-09-07 00:00:00,2514.48,2536.64,2496.72,2497.43,49178.8393
2026-09-07 04:00:00,2497.43,2514.03,2475.12,2489.35,51301.3666
2026-09-07 08:00:00,2489.34,2497.46,2484.42,2489.15,36119.4554
2026-09-07 12:00:00,2489.16,2511.4,2466.0,2470.43,57247.5813
2026-09-07 16:00:00,2470.44,2499.4,2470.3,2495.98,33888.3651
2026-09-07 20:00:00,2495.98,2497.3,2475.31,2490.16,28712.5753
2026-09-08 00:00:00,2490.16,2507.99,2478.0,2486.04,31217.9868
2026-09-08 04:00:00,2486.05,2486.33,2463.0,2479.63,44364.2414
2026-09-08 08:00:00,2479.63,2500.0,2469.08,2474.76,38212.6728
2026-09-08 12:00:00,2474.75,2501.74,2441.68,2498.62,68203.2373
2026-09-08 16:00:00,2498.62,2507.54,2476.57,2482.32,45833.8733
2026-09-08 20:00:00,2482.31,2491.67,2478.79,2485.06,16590.1156
2026-09-09 00:00:00,2485.07,2500.0,2485.07,2488.9,21148.9469
2026-09-09 04:00:00,2488.91,2517.0,2488.91,2510.53,52380.0437
2026-09-09 08:00:00,2510.53,2523.3,2482.5,2501.0,56279.0755
2026-09-09 12:00:00,2501.01,2521.48,2470.57,2490.26,82898.6501
2026-09-09 16:00:00,2490.26,2499.74,2462.52,2465.49,37227.9389
2026-09-09 20:00:00,2465.49,2472.72,2442.44,2468.13,51811.215
2026-09-10 00:00:00,2468.14,2479.29,2455.17,2475.41,30073.1355
2026-09-10 04:00:00,2475.4,2484.76,2464.11,2472.97,24053.4991
2026-09-10 08:00:00,2472.96,2478.0,2458.23,2462.21,30926.3378
2026-09-10 12:00:00,2462.21,2466.75,2405.85,2441.54,167970.4117
2026-09-10 16:00:00,2441.54,2475.03,2432.91,2462.54,69435.9141
2026-09-10 20:00:00,2462.55,2469.12,2435.0,2438.27,24974.9141
2026-09-11 00:00:00,2438.27,2460.29,2437.73,2447.27,38130.2636
2026-09-11 04:00:00,2447.27,2473.52,2446.24,2467.52,44438.7736
2026-09-11 08:00:00,2467.53,2484.62,2452.56,2458.27,36210.8607
2026-09-11 12:00:00,2458.27,2665.99,2433.77,2559.42,380386.0521
2026-09-11 16:00:00,2559.43,2583.86,2529.0,2539.49,93181.0589
2026-09-11 20:00:00,2539.49,2547.95,2506.3,2516.43,47254.9239
2026-09-12 00:00:00,2516.44,2517.74,2509.4,2513.29,19760.9044
2026-09-12 04:00:00,2513.29,2525.39,2508.64,2524.19,28458.2072
2026-09-12 08:00:00,2524.19,2537.67,2523.24,2536.17,24193.7521
2026-09-12 12:00:00,2536.17,2546.01,2532.0,2535.08,37028.9069
2026-09-12 16:00:00,2535.09,2536.45,2515.16,2519.63,34601.7733
2026-09-12 20:00:00,2519.62,2529.2,2519.62,2525.93,15874.7819
2026-09-13 00:00:00,2525.92,2527.56,2519.08,2520.82,13718.7443
2026-09-13 04:00:00,2520.81,2524.05,2509.63,2517.94,17863.5601
2026-09-13 08:00:00,2517.94,2519.68,2467.5,2481.05,63243.696
2026-09-13 12:00:00,2481.06,2495.68,2462.02,2491.1,43856.1318
2026-09-13 16:00:00,2491.1,2515.36,2490.8,2506.02,48009.6456
2026-09-13 20:00:00,2506.03,2516.58,2470.68,2477.1,29778.8905
2026-09-14 00:00:00,2477.1,2520.0,2464.71,2512.96,39573.9683
2026-09-14 04:00:00,2512.96,2527.12,2508.12,2523.47,39824.5936
2026-09-14 08:00:00,2523.48,2535.0,2505.86,2509.21,44430.3825
2026-09-14 12:00:00,2509.21,2518.71,2487.84,2508.48,75179.7019
2026-09-14 16:00:00,2508.49,2549.61,2504.48,2540.0,67683.515
2026-09-14 20:00:00,2540.01,2615.0,2513.45,2515.75,88720.234
2026-09-15 00:00:00,2515.72,2520.0,2496.0,2498.62,44116.1128
2026-09-15 04:00:00,2498.63,2501.02,2471.0,2474.3,55925.0365
2026-09-15 08:00:00,2474.29,2488.18,2465.6,2476.41,35650.6582
2026-09-15 12:00:00,2476.41,2486.45,2389.72,2424.46,126514.1842
2026-09-15 16:00:00,2424.47,2449.0,2358.88,2416.65,134674.4066
2026-09-15 20:00:00,2416.66,2418.63,2381.78,2398.26,45740.3608
2026-09-16 00:00:00,2398.26,2411.53,2388.21,2401.96,27510.9259
2026-09-16 04:00:00,2401.96,2411.25,2393.61,2396.96,29510.2205
2026-09-16 08:00:00,2396.96,2430.0,2382.7,2422.61,45785.1914
2026-09-16 12:00:00,2422.6,2423.68,2378.78,2392.76,54179.7051
2026-09-16 16:00:00,2392.76,2430.64,2369.11,2408.6,126327.3105
2026-09-16 20:00:00,2408.58,2422.65,2388.55,2418.26,38582.7846
2026-09-17 00:00:00,2418.26,2445.3,2413.56,2436.06,39786.9932
2026-09-17 04:00:00,2436.07,2454.4,2425.03,2444.37,31376.7801
2026-09-17 08:00:00,2444.37,2449.55,2428.12,2442.61,24682.186
2026-09-17 12:00:00,2442.6,2483.74,2432.82,2470.27,88808.6043
2026-09-17 16:00:00,2470.27,2477.0,2445.08,2448.95,33416.9519
2026-09-17 20:00:00,2448.96,2458.99,2436.41,2447.28,19808.4764
2026-09-18 00:00:00,2447.28,2485.82,2436.89,2479.44,43389.4598
2026-09-18 04:00:00,2479.44,2498.68,2470.0,2490.0,56191.4842
2026-09-18 08:00:00,2489.99,2521.65,2485.54,2508.12,74599.3393
2026-09-18 12:00:00,2508.12,2597.66,2494.37,2585.61,146998.769
