timestamp,open,high,low,close,volume
2020-08-11 04:00:00,2.85,3.47,2.85,2.9224,62101.63
2020-08-11 08:00:00,2.9626,3.1,2.8433,3.0497,89812.46
2020-08-11 12:00:00,3.0497,3.5208,2.8625,3.19,902874.94
2020-08-11 16:00:00,3.1751,3.384,3.1143,3.1886,254050.22
2020-08-11 20:00:00,3.1938,3.3191,2.95,3.2985,243545.53
2020-08-12 00:00:00,3.2985,3.32,3.08,3.2802,226276.63
2020-08-12 04:00:00,3.2802,3.3661,3.1323,3.3661,188444.93
2020-08-12 08:00:00,3.3577,3.9289,3.35,3.6842,795196.72
2020-08-12 12:00:00,3.6733,3.9,3.6434,3.7678,267541.97
2020-08-12 16:00:00,3.7704,3.8423,3.6,3.6788,173511.5
2020-08-12 20:00:00,3.6788,3.8225,3.6652,3.7558,86071.2
2020-08-13 00:00:00,3.75,3.8512,3.5537,3.7593,186203.13
2020-08-13 04:00:00,3.7404,4.1387,3.6243,4.0785,335027.51
2020-08-13 08:00:00,4.0946,4.1222,3.5003,3.87,548093.97
2020-08-13 12:00:00,3.87,4.0555,3.8,3.8065,256999.54
2020-08-13 16:00:00,3.8065,3.9645,3.7698,3.8566,144099.38
2020-08-13 20:00:00,3.8549,3.87,3.5385,3.73,215335.71
2020-08-14 00:00:00,3.7207,3.7676,3.5717,3.625,185069.51
2020-08-14 04:00:00,3.6251,3.7517,3.5,3.55,221772.67
2020-08-14 08:00:00,3.5327,3.7598,3.4267,3.7173,378167.48
2020-08-14 12:00:00,3.7036,3.7133,3.5106,3.5788,209465.81
2020-08-14 16:00:00,3.5753,3.5881,3.321,3.3792,337259.47
2020-08-14 20:00:00,3.3792,3.4897,3.3321,3.4099,142426.85
2020-08-15 00:00:00,3.4181,3.4242,3.1874,3.3289,194423.41
2020-08-15 04:00:00,3.3305,3.5713,3.163,3.5215,325200.11
2020-08-15 08:00:00,3.5216,3.74,3.4477,3.45,263252.49
2020-08-15 12:00:00,3.4527,3.4852,3.38,3.4324,97809.11
2020-08-15 16:00:00,3.4547,3.4654,3.34,3.3684,71241.36
2020-08-15 20:00:00,3.3684,3.4727,3.15,3.173,118306.72
2020-08-16 00:00:00,3.173,3.2602,3.12,3.1955,169706.83
2020-08-16 04:00:00,3.192,3.4907,3.1697,3.4401,195490.3
2020-08-16 08:00:00,3.4401,3.47,3.34,3.4193,112899.67
2020-08-16 12:00:00,3.4193,3.4427,3.34,3.3872,89743.61
2020-08-16 16:00:00,3.3911,3.4726,3.379,3.4071,65724.85
2020-08-16 20:00:00,3.4115,3.4426,3.36,3.3885,34541.27
2020-08-17 00:00:00,3.3885,3.3952,3.3235,3.3502,87476.01
2020-08-17 04:00:00,3.3551,3.3666,3.2,3.2001,173481.74
2020-08-17 08:00:00,3.2034,3.3234,3.2002,3.2891,100401.83
2020-08-17 12:00:00,3.2891,3.2934,3.1,3.1264,174288.9
2020-08-17 16:00:00,3.1347,3.215,3.11,3.1541,135874.82
2020-08-17 20:00:00,3.1546,3.2,3.1,3.11,57890.34
2020-08-18 00:00:00,3.11,3.1277,3.0,3.0328,243087.75
2020-08-18 04:00:00,3.0208,3.0671,2.878,2.99,217268.31
2020-08-18 08:00:00,2.99,3.25,2.91,3.0672,309120.92
2020-08-18 12:00:00,3.0501,3.7092,2.8105,3.3621,1374229.97
2020-08-18 16:00:00,3.3777,3.5832,3.258,3.5289,417949.42
2020-08-18 20:00:00,3.5289,3.5543,3.32,3.3407,151459.57
2020-08-19 00:00:00,3.334,3.49,3.0814,3.1075,290125.3
2020-08-19 04:00:00,3.1001,3.1427,2.8,3.0375,428619.05
2020-08-19 08:00:00,3.0376,3.1799,3.0,3.01,165070.34
2020-08-19 12:00:00,3.01,3.1307,2.98,3.008,197297.44
2020-08-19 16:00:00,2.9955,3.0291,2.9012,2.9404,180547.77
2020-08-19 20:00:00,2.9407,2.9735,2.82,2.8868,171583.86
2020-08-20 00:00:00,2.8962,3.053,2.8871,2.9291,113584.78
2020-08-20 04:00:00,2.9291,3.0493,2.92,2.998,112596.52
2020-08-20 08:00:00,2.9955,3.1898,2.9895,3.1508,231282.31
2020-08-20 12:00:00,3.151,3.35,3.109,3.3254,225160.02
2020-08-20 16:00:00,3.3441,3.445,3.18,3.3261,369624.9
2020-08-20 20:00:00,3.3333,3.4106,3.1461,3.2038,225578.79
2020-08-21 00:00:00,3.2038,3.24,3.1104,3.16,211500.59
2020-08-21 04:00:00,3.1599,3.2168,3.0,3.0718,247316.45
2020-08-21 08:00:00,3.0617,3.1377,3.0185,3.0918,188310.47
2020-08-21 12:00:00,3.0918,3.1636,2.9738,3.0127,236806.21
2020-08-21 16:00:00,3.0149,3.0812,2.9877,3.0483,81401.46
2020-08-21 20:00:00,3.0483,3.1137,2.89,2.9317,166560.72
2020-08-22 00:00:00,2.9213,2.9386,2.8,2.814,226775.5
2020-08-22 04:00:00,2.82,2.8463,2.7431,2.805,259927.98
2020-08-22 08:00:00,2.8029,2.8655,2.7876,2.8599,108202.73
2020-08-22 12:00:00,2.8599,3.16,2.8586,3.061,391064.64
2020-08-22 16:00:00,3.0601,3.2,3.039,3.0536,110838.62
2020-08-22 20:00:00,3.0536,3.0661,2.979,3.0126,72608.31
2020-08-23 00:00:00,3.0224,3.2857,3.0014,3.1121,226040.75
2020-08-23 04:00:00,3.1122,3.2111,3.0483,3.0723,160092.56
2020-08-23 08:00:00,3.07,3.0782,3.0258,3.034,94823.86
2020-08-23 12:00:00,3.034,3.1301,3.0073,3.1301,102542.04
2020-08-23 16:00:00,3.1299,3.4,3.1105,3.3917,433321.17
2020-08-23 20:00:00,3.399,3.4,3.1949,3.25,181216.31
2020-08-24 00:00:00,3.2658,3.3711,3.2144,3.285,90708.98
2020-08-24 04:00:00,3.285,3.4849,3.2572,3.4479,215266.95
2020-08-24 08:00:00,3.4478,3.62,3.326,3.4632,441025.11
2020-08-24 12:00:00,3.4707,3.5727,3.3888,3.4696,176644.5
2020-08-24 16:00:00,3.4696,3.5363,3.25,3.2812,250663.94
2020-08-24 20:00:00,3.2768,3.356,3.21,3.3405,140886.58
2020-08-25 00:00:00,3.3406,3.3654,3.1421,3.1503,227524.71
2020-08-25 04:00:00,3.1506,3.2259,3.0601,3.1508,167027.35
2020-08-25 08:00:00,3.15,3.2379,3.0691,3.18,144220.86
2020-08-25 12:00:00,3.18,3.2294,3.0001,3.11,275566.05
2020-08-25 16:00:00,3.11,3.2495,3.0445,3.12,251984.77
2020-08-25 20:00:00,3.1215,3.2854,3.1,3.25,82863.63
2020-08-26 00:00:00,3.2576,3.4136,3.1809,3.378,188399.5
2020-08-26 04:00:00,3.37,3.5769,3.2836,3.443,573862.6
2020-08-26 08:00:00,3.443,3.614,3.3288,3.605,342811.69
2020-08-26 12:00:00,3.605,3.6886,3.4097,3.6567,559029.03
2020-08-26 16:00:00,3.6487,3.7999,3.59,3.627,417276.31
2020-08-26 20:00:00,3.6342,3.68,3.5,3.5684,208651.43
2020-08-27 00:00:00,3.5557,3.644,3.4761,3.5037,228854.3
2020-08-27 04:00:00,3.4901,3.8,3.39,3.697,436100.01
2020-08-27 08:00:00,3.6991,3.8575,3.3,3.4078,669968.94
2020-08-27 12:00:00,3.4078,3.8,3.315,3.4623,718307.42
2020-08-27 16:00:00,3.4623,3.5293,3.2434,3.3735,254107.37
2020-08-27 20:00:00,3.3674,3.4632,3.3246,3.4501,105636.76
2020-08-28 00:00:00,3.4503,3.8,3.4503,3.7605,344390.29
2020-08-28 04:00:00,3.7605,3.81,3.6,3.67,381784.7
2020-08-28 08:00:00,3.6654,3.95,3.6467,3.9479,361073.39
2020-08-28 12:00:00,3.9444,3.9673,3.8128,3.8769,321875.04
2020-08-28 16:00:00,3.8769,4.3,3.82,4.1871,654077.37
2020-08-28 20:00:00,4.1875,4.3091,3.8972,4.0063,518736.05
2020-08-29 00:00:00,4.007,4.1121,3.8751,3.9382,228460.55
2020-08-29 04:00:00,3.9382,3.9676,3.7911,3.794,293294.11
2020-08-29 08:00:00,3.794,4.0058,3.7748,3.8989,208600.6
2020-08-29 12:00:00,3.8989,4.0667,3.8663,4.0502,242645.83
2020-08-29 16:00:00,4.0381,4.1119,3.8701,3.97,248146.06
2020-08-29 20:00:00,3.97,4.08,3.9362,3.9535,121697.05
2020-08-30 00:00:00,3.9531,4.0262,3.9,4.0227,176285.68
2020-08-30 04:00:00,4.0085,4.3645,3.9923,4.31,384189.82
2020-08-30 08:00:00,4.31,4.5848,4.2843,4.5585,474718.47
2020-08-30 12:00:00,4.55,4.7117,4.362,4.4275,436077.84
2020-08-30 16:00:00,4.4185,4.6253,4.4,4.53,166780.29
2020-08-30 20:00:00,4.5397,4.6029,4.352,4.4309,177629.89
2020-08-31 00:00:00,4.4127,4.551,4.2787,4.339,194842.58
2020-08-31 04:00:00,4.3326,4.35,4.1,4.1058,225574.27
2020-08-31 08:00:00,4.1058,4.29,4.1028,4.2768,162408.44
2020-08-31 12:00:00,4.2708,4.5,4.1439,4.3641,229324.19
2020-08-31 16:00:00,4.364,4.7999,4.282,4.7997,288069.03
2020-08-31 20:00:00,4.7879,4.8865,4.5373,4.7435,396910.61
2020-09-01 00:00:00,4.7432,4.7948,4.5,4.7564,320890.22
2020-09-01 04:00:00,4.7466,4.9475,4.574,4.69,340468.28
2020-09-01 08:00:00,4.69,4.7469,4.513,4.5225,158650.95
2020-09-01 12:00:00,4.5108,4.6,4.4409,4.4575,161713.64
2020-09-01 16:00:00,4.4645,4.6232,4.4311,4.5959,164799.11
2020-09-01 20:00:00,4.5959,4.6275,4.3,4.3397,121052.56
2020-09-02 00:00:00,4.3213,4.3498,4.19,4.3492,227460.93
2020-09-02 04:00:00,4.3345,4.3506,4.21,4.2366,181943.48
2020-09-02 08:00:00,4.2366,4.2626,3.66,4.0717,859418.37
2020-09-02 12:00:00,4.0855,4.1505,3.8553,4.0811,419301.99
2020-09-02 16:00:00,4.0811,4.1654,3.8581,4.0782,208405.34
2020-09-02 20:00:00,4.0782,4.195,3.9911,4.17,105528.25
2020-09-03 00:00:00,4.17,4.1794,3.881,3.8978,205064.5
2020-09-03 04:00:00,3.8977,4.38,3.8686,4.3796,459902.56
2020-09-03 08:00:00,4.3729,4.459,4.0,4.1181,696131.99
2020-09-03 12:00:00,4.1083,4.1332,3.5,3.8026,1250641.6
2020-09-03 16:00:00,3.8022,4.04,3.7401,3.8521,359180.79
2020-09-03 20:00:00,3.8465,4.0,3.4772,3.5051,304690.82
2020-09-04 00:00:00,3.5062,3.8346,3.4897,3.6169,531858.59
2020-09-04 04:00:00,3.6171,3.82,3.4734,3.5284,420222.55
2020-09-04 08:00:00,3.5256,3.8031,3.5256,3.5727,228569.85
2020-09-04 12:00:00,3.5704,3.6633,3.1739,3.3369,570903.46
2020-09-04 16:00:00,3.3374,3.538,3.25,3.5249,198179.63
2020-09-04 20:00:00,3.5376,3.7,3.52,3.5301,102463.16
2020-09-05 00:00:00,3.5301,3.6637,3.5301,3.553,154001.35
2020-09-05 04:00:00,3.5531,3.5974,3.35,3.3853,170886.86
2020-09-05 08:00:00,3.3854,3.3912,2.0926,2.4784,2038590.26
2020-09-05 12:00:00,2.4826,2.832,2.3758,2.65,1123925.4
2020-09-05 16:00:00,2.6581,2.7891,2.2466,2.3455,734928.47
2020-09-05 20:00:00,2.337,2.6596,2.326,2.6052,203935.04
2020-09-06 00:00:00,2.6119,2.7999,2.2575,2.3044,543986.94
2020-09-06 04:00:00,2.3119,2.79,2.2742,2.788,592757.39
2020-09-06 08:00:00,2.7809,2.9522,2.6335,2.9485,759049.4
2020-09-06 12:00:00,2.9485,3.1389,2.7661,2.8906,605755.59
2020-09-06 16:00:00,2.8911,3.0712,2.8497,2.9615,226748.07
2020-09-06 20:00:00,2.96,3.18,2.9372,3.0941,170461.52
2020-09-07 00:00:00,3.0785,3.1983,2.8671,2.9213,280112.12
2020-09-07 04:00:00,2.9282,2.959,2.7815,2.8097,319957.39
2020-09-07 08:00:00,2.8012,2.8932,2.5,2.53,561324.01
2020-09-07 12:00:00,2.5395,2.752,2.38,2.6955,987810.67
2020-09-07 16:00:00,2.6957,2.809,2.6,2.7,345979.59
2020-09-07 20:00:00,2.7089,2.94,2.65,2.9237,184899.39
2020-09-08 00:00:00,2.9237,2.9499,2.7445,2.76,195228.86
2020-09-08 04:00:00,2.76,2.767,2.5926,2.6606,291970.68
2020-09-08 08:00:00,2.663,2.6999,2.4462,2.4782,290456.7
2020-09-08 12:00:00,2.4635,2.5802,2.4053,2.5109,401646.77
2020-09-08 16:00:00,2.5111,2.5731,2.401,2.447,223078.91
2020-09-08 20:00:00,2.4451,2.52,2.4,2.468,224007.78
2020-09-09 00:00:00,2.468,2.4994,2.3821,2.4056,211643.74
2020-09-09 04:00:00,2.4079,2.585,2.3947,2.57,173274.8
2020-09-09 08:00:00,2.5652,2.7836,2.5379,2.7006,466076.79
2020-09-09 12:00:00,2.7056,3.8838,2.6166,3.4599,3630311.7
2020-09-09 16:00:00,3.4559,3.6,3.185,3.4396,1475263.97
2020-09-09 20:00:00,3.4354,3.6476,3.3357,3.6001,734550.99
2020-09-10 00:00:00,3.6107,3.7,3.4273,3.55,660832.45
2020-09-10 04:00:00,3.549,3.875,3.3351,3.4001,1240896.91
2020-09-10 08:00:00,3.4001,3.6011,3.304,3.5488,698020.24
2020-09-10 12:00:00,3.5393,3.85,3.4478,3.5358,1151327.82
2020-09-10 16:00:00,3.5358,3.5669,3.345,3.3998,421443.83
2020-09-10 20:00:00,3.4,3.5,3.3551,3.4761,184369.41
2020-09-11 00:00:00,3.4707,3.5036,3.0316,3.0851,606535.34
2020-09-11 04:00:00,3.0801,3.2586,3.0425,3.181,496342.9
2020-09-11 08:00:00,3.1811,3.2929,3.1087,3.1152,325275.75
2020-09-11 12:00:00,3.1101,3.3399,3.1069,3.2556,341244.45
2020-09-11 16:00:00,3.2556,3.42,3.2421,3.3082,332202.28
2020-09-11 20:00:00,3.3155,3.45,3.3025,3.3965,126036.22
2020-09-12 00:00:00,3.3967,3.409,3.3137,3.3274,147980.9
2020-09-12 04:00:00,3.3276,3.3424,3.1904,3.244,191464.09
2020-09-12 08:00:00,3.2499,3.3396,3.1494,3.322,253062.19
2020-09-12 12:00:00,3.32,3.3245,3.1918,3.2672,196911.01
2020-09-12 16:00:00,3.275,3.4623,3.2665,3.4579,223008.55
2020-09-12 20:00:00,3.4579,3.47,3.3056,3.3316,149115.73
2020-09-13 00:00:00,3.3386,3.3392,3.245,3.2951,194159.13
2020-09-13 04:00:00,3.2931,3.3498,3.241,3.3108,374761.9
2020-09-13 08:00:00,3.3093,3.47,3.145,3.1669,680003.9
2020-09-13 12:00:00,3.1633,3.1873,3.0232,3.08,440939.9
2020-09-13 16:00:00,3.0799,3.1982,2.9838,3.1619,243039.1
2020-09-13 20:00:00,3.1619,3.2711,3.1295,3.2603,91875.48
2020-09-14 00:00:00,3.2656,3.2656,3.0752,3.1463,208908.96
2020-09-14 04:00:00,3.1461,3.41,3.0938,3.3711,693254.11
2020-09-14 08:00:00,3.371,3.5393,3.2222,3.376,1119101.54
2020-09-14 12:00:00,3.3759,3.4888,3.314,3.3839,597900.09
2020-09-14 16:00:00,3.38,3.42,3.25,3.2958,473083.12
2020-09-14 20:00:00,3.2959,3.3505,3.24,3.2641,259401.79
2020-09-15 00:00:00,3.264,3.3249,3.24,3.2528,237675.27
2020-09-15 04:00:00,3.2507,3.2787,3.15,3.1861,230791.7
2020-09-15 08:00:00,3.1819,3.2477,3.1251,3.2435,264472.64
2020-09-15 12:00:00,3.2351,3.3,2.99,3.0847,444317.47
2020-09-15 16:00:00,3.0768,3.129,3.0242,3.0442,198122.08
2020-09-15 20:00:00,3.0426,3.1254,2.8955,2.9295,323011.93
2020-09-16 00:00:00,2.9288,2.9293,2.5,2.6918,1179677.16
2020-09-16 04:00:00,2.691,2.7629,2.6185,2.744,672856.94
2020-09-16 08:00:00,2.7425,2.7458,2.5251,2.5883,684852.74
2020-09-16 12:00:00,2.5806,2.6233,2.4282,2.5405,1119594.57
2020-09-16 16:00:00,2.5414,2.6657,2.475,2.531,535479.1
2020-09-16 20:00:00,2.5311,2.5759,2.5038,2.5327,694306.48
2020-09-17 00:00:00,2.5376,2.6997,2.4649,2.4835,953974.53
2020-09-17 04:00:00,2.4804,2.6042,2.4707,2.53,524153.74
2020-09-17 08:00:00,2.531,2.5797,2.36,2.5449,986943.88
2020-09-17 12:00:00,2.537,2.69,2.5051,2.6053,922745.54
2020-09-17 16:00:00,2.6053,2.779,2.5987,2.769,531326.19
2020-09-17 20:00:00,2.769,2.9389,2.718,2.8829,716603.43
2020-09-18 00:00:00,2.883,2.96,2.726,2.8811,629538.86
2020-09-18 04:00:00,2.881,2.9961,2.795,2.955,552046.62
2020-09-18 08:00:00,2.9499,3.16,2.9059,3.0647,759980.61
2020-09-18 12:00:00,3.0705,3.1484,2.8081,2.9044,1114576.31
2020-09-18 16:00:00,2.9056,3.145,2.8,3.1406,766289.21
2020-09-18 20:00:00,3.1301,3.1588,3.0252,3.1144,347014.62
2020-09-19 00:00:00,3.1084,3.2545,3.0615,3.116,331324.43
2020-09-19 04:00:00,3.1161,3.17,3.0657,3.0801,208059.69
2020-09-19 08:00:00,3.08,3.15,2.9564,3.0454,316477.61
2020-09-19 12:00:00,3.0461,3.1851,2.9875,3.0122,333797.35
2020-09-19 16:00:00,3.0207,3.16,3.0012,3.013,266785.9
2020-09-19 20:00:00,3.0123,3.0938,2.9668,3.031,129774.88
2020-09-20 00:00:00,3.0216,3.0319,2.8625,2.9213,405300.67
2020-09-20 04:00:00,2.9126,2.9808,2.8876,2.9578,159803.01
2020-09-20 08:00:00,2.9579,2.9995,2.9091,2.9621,149492.16
2020-09-20 12:00:00,2.9713,2.9756,2.8,2.8115,304761.56
2020-09-20 16:00:00,2.8115,2.8496,2.7,2.7875,290818.27
2020-09-20 20:00:00,2.7916,2.9,2.712,2.8628,146452.91
2020-09-21 00:00:00,2.8628,3.0397,2.8275,2.9935,234767.22
2020-09-21 04:00:00,3.0,3.0383,2.7197,2.73,437639.36
2020-09-21 08:00:00,2.7312,2.7625,2.4689,2.6194,1328430.82
2020-09-21 12:00:00,2.6114,2.7445,2.5,2.6832,947100.23
2020-09-21 16:00:00,2.6821,2.8479,2.66,2.8336,292210.12
2020-09-21 20:00:00,2.8344,2.8856,2.7514,2.7672,327731.56
2020-09-22 00:00:00,2.7571,2.97,2.7192,2.892,464518.63
2020-09-22 04:00:00,2.901,2.9817,2.65,2.6728,683758.06
2020-09-22 08:00:00,2.666,2.887,2.6659,2.8184,650152.91
2020-09-22 12:00:00,2.8082,3.0107,2.7886,2.8983,885578.3
2020-09-22 16:00:00,2.8894,2.9999,2.8881,2.9538,442831.18
2020-09-22 20:00:00,2.9479,2.9875,2.8656,2.9082,289947.25
2020-09-23 00:00:00,2.9184,3.09,2.8321,2.8404,712518.67
2020-09-23 04:00:00,2.8444,2.915,2.7428,2.7678,512892.57
2020-09-23 08:00:00,2.7806,2.95,2.73,2.9251,334132.59
2020-09-23 12:00:00,2.925,2.9981,2.8561,2.9142,421589.49
2020-09-23 16:00:00,2.9142,3.0,2.772,2.79,427871.61
2020-09-23 20:00:00,2.7945,2.8612,2.7001,2.8548,353146.03
2020-09-24 00:00:00,2.855,2.98,2.7804,2.9561,388274.16
2020-09-24 04:00:00,2.9594,3.0402,2.88,3.0402,470673.8
2020-09-24 08:00:00,3.0362,3.039,2.925,3.0101,476553.31
2020-09-24 12:00:00,3.012,3.03,2.8901,3.0284,338124.04
2020-09-24 16:00:00,3.028,3.2488,3.0195,3.1641,671024.64
2020-09-24 20:00:00,3.1702,3.2571,3.05,3.1433,639051.09
2020-09-25 00:00:00,3.1409,3.1807,3.0047,3.0102,541384.85
2020-09-25 04:00:00,3.0108,3.0527,2.9324,3.0077,315361.07
2020-09-25 08:00:00,2.9985,3.052,2.9003,3.03,545200.48
2020-09-25 12:00:00,3.03,3.1497,2.9806,3.1337,506079.34
2020-09-25 16:00:00,3.1337,3.2398,3.124,3.2203,226910.06
2020-09-25 20:00:00,3.2197,3.2766,3.18,3.1937,312907.42
2020-09-26 00:00:00,3.185,3.2184,3.0718,3.1195,385226.01
2020-09-26 04:00:00,3.1216,3.25,3.1029,3.1318,269405.17
2020-09-26 08:00:00,3.1262,3.1575,3.0827,3.1494,147592.85
2020-09-26 12:00:00,3.1435,3.1571,3.03,3.137,209449.45
2020-09-26 16:00:00,3.1296,3.1542,3.03,3.0621,239731.33
2020-09-26 20:00:00,3.0635,3.1463,3.0511,3.1287,105613.91
2020-09-27 00:00:00,3.1292,3.1848,3.1191,3.135,116663.55
2020-09-27 04:00:00,3.1385,3.1545,3.03,3.0659,208047.93
2020-09-27 08:00:00,3.061,3.0737,2.9819,3.0632,171073.3
2020-09-27 12:00:00,3.0564,3.1382,3.0401,3.1357,140547.4
2020-09-27 16:00:00,3.1357,3.152,3.1019,3.1222,166583.93
2020-09-27 20:00:00,3.123,3.1857,3.0868,3.1578,180899.75
2020-09-28 00:00:00,3.1557,3.2109,3.0917,3.1055,258466.72
2020-09-28 04:00:00,3.1035,3.1263,3.021,3.0642,232648.97
2020-09-28 08:00:00,3.0626,3.0899,3.032,3.0358,167513.54
2020-09-28 12:00:00,3.0358,3.0823,3.0175,3.072,197780.78
2020-09-28 16:00:00,3.0741,3.0823,2.9925,3.0074,176121.18
2020-09-28 20:00:00,3.0084,3.015,2.908,2.9599,273602.96
2020-09-29 00:00:00,2.9549,3.027,2.91,2.9412,145397.17
2020-09-29 04:00:00,2.9412,3.0051,2.9156,2.9866,129243.71
2020-09-29 08:00:00,2.9873,3.0033,2.9438,2.9909,120411.83
2020-09-29 12:00:00,2.991,3.019,2.9371,2.984,107200.0
2020-09-29 16:00:00,2.984,2.9841,2.8735,2.8939,310427.02
2020-09-29 20:00:00,2.8922,2.9685,2.8922,2.9505,138195.83
2020-09-30 00:00:00,2.9447,2.9704,2.8941,2.9533,188754.9
2020-09-30 04:00:00,2.9468,2.9838,2.9122,2.9172,102431.41
2020-09-30 08:00:00,2.9201,2.9244,2.8449,2.8504,161358.28
2020-09-30 12:00:00,2.845,2.9026,2.8228,2.8923,147545.45
2020-09-30 16:00:00,2.8928,2.9079,2.8325,2.8498,66025.5
2020-09-30 20:00:00,2.8417,2.9,2.8385,2.8967,56642.29
2020-10-01 00:00:00,2.8967,2.95,2.8925,2.9191,134380.84
2020-10-01 04:00:00,2.9247,2.9856,2.9225,2.9679,102346.89
2020-10-01 08:00:00,2.9679,2.9889,2.9401,2.9516,150472.83
2020-10-01 12:00:00,2.9563,2.961,2.85,2.85,237368.89
2020-10-01 16:00:00,2.85,2.851,2.65,2.7617,645694.43
2020-10-01 20:00:00,2.7617,2.8737,2.7352,2.8669,102797.71
2020-10-02 00:00:00,2.8667,2.8873,2.8145,2.8665,195946.52
2020-10-02 04:00:00,2.8675,2.8751,2.6339,2.6666,755365.53
2020-10-02 08:00:00,2.6599,2.6703,2.42,2.4724,965315.0
2020-10-02 12:00:00,2.4731,2.6618,2.4482,2.6123,510625.05
2020-10-02 16:00:00,2.6103,2.6723,2.5822,2.6079,185748.54
2020-10-02 20:00:00,2.6068,2.6544,2.5504,2.6232,175492.47
2020-10-03 00:00:00,2.6231,2.6479,2.6037,2.6338,109855.37
2020-10-03 04:00:00,2.6338,2.6462,2.6119,2.6359,73014.56
2020-10-03 08:00:00,2.6337,2.6656,2.609,2.6633,130787.63
2020-10-03 12:00:00,2.6654,2.6708,2.6316,2.635,76549.72
2020-10-03 16:00:00,2.6315,2.6649,2.631,2.6566,44121.15
2020-10-03 20:00:00,2.6523,2.6584,2.5356,2.5439,112696.8
2020-10-04 00:00:00,2.542,2.5536,2.4511,2.5,156618.34
2020-10-04 04:00:00,2.5002,2.5566,2.5002,2.5539,64389.45
2020-10-04 08:00:00,2.5523,2.5898,2.5112,2.5377,122785.05
2020-10-04 12:00:00,2.5322,2.5424,2.4551,2.4551,97382.62
2020-10-04 16:00:00,2.4632,2.4939,2.42,2.4781,239467.12
2020-10-04 20:00:00,2.4765,2.53,2.4739,2.5202,84756.63
2020-10-05 00:00:00,2.5181,2.5694,2.5125,2.5167,171207.98
2020-10-05 04:00:00,2.5166,2.5273,2.4561,2.4901,109068.05
2020-10-05 08:00:00,2.4905,2.5445,2.4661,2.5282,136818.09
2020-10-05 12:00:00,2.5224,2.6286,2.52,2.6139,193899.44
2020-10-05 16:00:00,2.6185,2.6673,2.6001,2.618,218121.07
2020-10-05 20:00:00,2.618,2.683,2.6066,2.6522,83472.54
2020-10-06 00:00:00,2.6486,2.6604,2.59,2.59,91821.7
2020-10-06 04:00:00,2.5898,2.6039,2.522,2.5298,115914.95
2020-10-06 08:00:00,2.5269,2.555,2.366,2.3974,394836.96
2020-10-06 12:00:00,2.3938,2.499,2.3448,2.4376,347502.92
2020-10-06 16:00:00,2.4323,2.4371,2.26,2.2676,335612.77
2020-10-06 20:00:00,2.2648,2.2797,2.13,2.174,498336.03
2020-10-07 00:00:00,2.1721,2.2174,2.081,2.1822,558280.53
2020-10-07 04:00:00,2.1861,2.3066,2.161,2.2604,361856.67
2020-10-07 08:00:00,2.2588,2.2648,2.17,2.2119,262472.84
2020-10-07 12:00:00,2.2118,2.2867,2.2118,2.2598,186733.37
2020-10-07 16:00:00,2.2598,2.4083,2.2137,2.3276,580918.77
2020-10-07 20:00:00,2.3275,2.3375,2.2504,2.3005,137689.02
2020-10-08 00:00:00,2.3001,2.3133,2.2209,2.2459,161527.28
2020-10-08 04:00:00,2.2403,2.2438,2.0123,2.0839,748012.1
2020-10-08 08:00:00,2.0846,2.2077,2.0556,2.1653,464870.44
2020-10-08 12:00:00,2.1679,2.4251,2.1494,2.4251,867765.61
2020-10-08 16:00:00,2.425,2.4569,2.2916,2.32,372778.85
2020-10-08 20:00:00,2.328,2.3853,2.31,2.3638,144235.66
2020-10-09 00:00:00,2.3686,2.4299,2.303,2.3828,237245.85
2020-10-09 04:00:00,2.3829,2.4144,2.3239,2.409,358546.63
2020-10-09 08:00:00,2.4035,2.625,2.393,2.5417,594951.65
2020-10-09 12:00:00,2.5465,2.63,2.5301,2.5926,336730.71
2020-10-09 16:00:00,2.5925,2.6088,2.4671,2.4924,231796.83
2020-10-09 20:00:00,2.4845,2.5775,2.4845,2.5314,119252.12
2020-10-10 00:00:00,2.5274,2.6056,2.5212,2.5715,250926.04
2020-10-10 04:00:00,2.5719,2.5774,2.47,2.5316,271555.4
2020-10-10 08:00:00,2.5316,2.5797,2.4757,2.5026,226469.28
2020-10-10 12:00:00,2.4957,2.5485,2.4696,2.5026,169433.29
2020-10-10 16:00:00,2.498,2.5128,2.4342,2.4472,208327.22
2020-10-10 20:00:00,2.4422,2.47,2.3873,2.3999,152229.04
2020-10-11 00:00:00,2.3988,2.4167,2.3401,2.3469,198768.03
2020-10-11 04:00:00,2.3462,2.3954,2.3431,2.3859,173495.38
2020-10-11 08:00:00,2.3854,2.4607,2.3701,2.4562,180750.87
2020-10-11 12:00:00,2.4535,2.46,2.38,2.4174,167804.74
2020-10-11 16:00:00,2.4153,2.45,2.3775,2.4247,132716.04
2020-10-11 20:00:00,2.4247,2.4302,2.3932,2.4227,45229.02
2020-10-12 00:00:00,2.4228,2.5042,2.4132,2.4949,86659.55
2020-10-12 04:00:00,2.4945,2.6,2.4714,2.5719,484671.75
2020-10-12 08:00:00,2.5757,2.5902,2.4272,2.4704,325025.39
2020-10-12 12:00:00,2.471,2.5718,2.4662,2.5372,236587.42
2020-10-12 16:00:00,2.5435,2.6567,2.5394,2.6255,501061.59
2020-10-12 20:00:00,2.6243,2.7044,2.561,2.5836,521381.31
2020-10-13 00:00:00,2.5826,2.5867,2.4443,2.4726,425603.99
2020-10-13 04:00:00,2.4716,2.5535,2.4492,2.4882,322999.43
2020-10-13 08:00:00,2.4856,2.54,2.4457,2.5068,170061.94
2020-10-13 12:00:00,2.5068,2.555,2.4,2.426,352775.03
2020-10-13 16:00:00,2.426,2.4394,2.336,2.3632,471853.01
2020-10-13 20:00:00,2.3633,2.435,2.3502,2.4062,207737.7
2020-10-14 00:00:00,2.4061,2.4424,2.3786,2.3847,175094.85
2020-10-14 04:00:00,2.382,2.4105,2.3541,2.3839,154860.5
2020-10-14 08:00:00,2.3839,2.4009,2.3429,2.345,154080.57
2020-10-14 12:00:00,2.3442,2.3977,2.253,2.2667,320059.19
2020-10-14 16:00:00,2.2636,2.2797,2.2331,2.2588,195892.62
2020-10-14 20:00:00,2.2552,2.32,2.2502,2.3107,125398.12
2020-10-15 00:00:00,2.3108,2.3108,2.2321,2.258,155107.82
2020-10-15 04:00:00,2.2559,2.3485,2.2331,2.3232,133282.77
2020-10-15 08:00:00,2.3257,2.3325,2.1932,2.2439,218334.42
2020-10-15 12:00:00,2.2456,2.2966,2.228,2.2921,107365.79
2020-10-15 16:00:00,2.2893,2.3058,2.2506,2.2958,79437.81
2020-10-15 20:00:00,2.297,2.3073,2.2631,2.2682,61380.48
2020-10-16 00:00:00,2.2648,2.269,2.2127,2.2241,106619.65
2020-10-16 04:00:00,2.2201,2.2201,2.1071,2.1344,361487.58
2020-10-16 08:00:00,2.1305,2.19,2.1305,2.1739,211083.92
2020-10-16 12:00:00,2.1745,2.1997,2.145,2.1957,156181.99
2020-10-16 16:00:00,2.1954,2.253,2.139,2.1607,582574.93
2020-10-16 20:00:00,2.1516,2.2086,2.1334,2.1398,128702.06
2020-10-17 00:00:00,2.1374,2.2086,2.1107,2.2049,115613.99
2020-10-17 04:00:00,2.2094,2.246,2.1954,2.2212,114521.05
2020-10-17 08:00:00,2.2241,2.2462,2.2025,2.2145,76973.93
2020-10-17 12:00:00,2.2121,2.2339,2.1573,2.1737,116366.06
2020-10-17 16:00:00,2.1725,2.1881,2.16,2.1785,30778.85
2020-10-17 20:00:00,2.1787,2.2106,2.174,2.2053,27995.67
2020-10-18 00:00:00,2.2031,2.2297,2.1936,2.2107,37419.2
2020-10-18 04:00:00,2.2107,2.2423,2.2076,2.2375,31832.88
2020-10-18 08:00:00,2.2399,2.248,2.1897,2.1989,63938.08
2020-10-18 12:00:00,2.1998,2.2449,2.1989,2.232,89820.87
2020-10-18 16:00:00,2.2353,2.2595,2.2165,2.2319,74475.03
2020-10-18 20:00:00,2.2288,2.2352,2.1763,2.215,181435.2
2020-10-19 00:00:00,2.2137,2.2148,2.1105,2.1132,99772.63
2020-10-19 04:00:00,2.1105,2.1229,2.0788,2.1084,187595.39
2020-10-19 08:00:00,2.1075,2.1083,2.05,2.0643,211666.78
2020-10-19 12:00:00,2.0629,2.1149,2.055,2.1039,207324.29
2020-10-19 16:00:00,2.1091,2.11,2.0652,2.0947,120996.18
2020-10-19 20:00:00,2.0972,2.1109,2.0512,2.0592,81861.92
2020-10-20 00:00:00,2.0552,2.108,2.0349,2.0587,209551.44
2020-10-20 04:00:00,2.0601,2.0628,1.9583,1.9789,226436.5
2020-10-20 08:00:00,1.9788,1.98,1.8401,1.8505,561682.15
2020-10-20 12:00:00,1.8506,1.9739,1.8486,1.896,491835.87
2020-10-20 16:00:00,1.8969,1.9257,1.8694,1.8945,212922.31
2020-10-20 20:00:00,1.8889,1.9434,1.878,1.885,230738.77
2020-10-21 00:00:00,1.8873,1.98,1.8812,1.9773,157670.59
2020-10-21 04:00:00,1.9773,2.0,1.9164,1.9287,153504.33
2020-10-21 08:00:00,1.9293,1.94,1.9139,1.9182,72601.34
2020-10-21 12:00:00,1.9193,2.11,1.887,1.989,988813.01
2020-10-21 16:00:00,1.989,2.0034,1.8798,1.9122,869139.02
2020-10-21 20:00:00,1.9083,1.9491,1.8415,1.8887,980996.46
2020-10-22 00:00:00,1.8868,1.949,1.8481,1.9433,528057.62
2020-10-22 04:00:00,1.9448,1.9875,1.94,1.978,140639.26
2020-10-22 08:00:00,1.9766,2.0736,1.9755,2.0688,308949.98
2020-10-22 12:00:00,2.0688,2.09,2.02,2.05,282465.54
2020-10-22 16:00:00,2.0494,2.0677,2.01,2.01,228865.02
2020-10-22 20:00:00,2.0086,2.0261,1.9392,1.9582,135800.67
2020-10-23 00:00:00,1.9566,1.971,1.9073,1.95,146403.12
2020-10-23 04:00:00,1.9475,1.9874,1.915,1.9216,235945.42
2020-10-23 08:00:00,1.9257,1.9695,1.9199,1.9544,88312.51
2020-10-23 12:00:00,1.9524,1.9902,1.9205,1.9229,292512.42
2020-10-23 16:00:00,1.9251,1.9342,1.85,1.9335,673076.83
2020-10-23 20:00:00,1.9314,1.9685,1.93,1.959,123742.05
2020-10-24 00:00:00,1.9652,1.9663,1.9073,1.9333,146206.87
2020-10-24 04:00:00,1.9366,1.9553,1.907,1.907,104047.25
2020-10-24 08:00:00,1.9067,1.9346,1.899,1.9278,85258.29
2020-10-24 12:00:00,1.9278,1.9632,1.9146,1.9316,181195.84
2020-10-24 16:00:00,1.9303,1.973,1.9147,1.9377,118956.14
2020-10-24 20:00:00,1.9359,1.9366,1.88,1.9142,112429.44
2020-10-25 00:00:00,1.9175,1.9244,1.8001,1.9151,314814.52
2020-10-25 04:00:00,1.9118,1.9239,1.8458,1.8817,273517.74
2020-10-25 08:00:00,1.8806,1.8927,1.8712,1.8779,101128.73
2020-10-25 12:00:00,1.8737,1.895,1.8328,1.8439,155320.72
2020-10-25 16:00:00,1.8416,1.8669,1.815,1.826,154145.89
2020-10-25 20:00:00,1.8282,1.837,1.76,1.7926,366938.39
2020-10-26 00:00:00,1.7925,1.833,1.775,1.8302,172283.03
2020-10-26 04:00:00,1.8275,1.8499,1.8235,1.8377,134116.63
2020-10-26 08:00:00,1.8377,1.8525,1.8133,1.8434,140004.94
2020-10-26 12:00:00,1.8417,1.8685,1.7699,1.7812,355960.7
2020-10-26 16:00:00,1.7808,1.785,1.6121,1.6632,1022166.56
2020-10-26 20:00:00,1.6614,1.7015,1.6464,1.6799,197339.98
2020-10-27 00:00:00,1.6771,1.715,1.6649,1.6693,212893.77
2020-10-27 04:00:00,1.6705,1.6982,1.6475,1.6558,338456.66
2020-10-27 08:00:00,1.6543,1.6975,1.5906,1.6849,959934.55
2020-10-27 12:00:00,1.6861,1.75,1.6805,1.7327,569799.06
2020-10-27 16:00:00,1.7307,1.75,1.6756,1.6962,328832.29
2020-10-27 20:00:00,1.6925,1.7225,1.6717,1.711,181233.93
2020-10-28 00:00:00,1.7084,1.7255,1.56,1.5752,636497.65
2020-10-28 04:00:00,1.5722,1.5943,1.52,1.5472,435759.46
2020-10-28 08:00:00,1.5472,1.599,1.4508,1.5563,1125324.96
2020-10-28 12:00:00,1.5542,1.6344,1.5316,1.5514,382994.76
2020-10-28 16:00:00,1.5477,1.5477,1.4913,1.5,228953.94
2020-10-28 20:00:00,1.5001,1.5711,1.4669,1.518,545087.51
2020-10-29 00:00:00,1.5166,1.5729,1.5156,1.5724,128642.79
2020-10-29 04:00:00,1.5744,1.5754,1.52,1.5253,146694.58
2020-10-29 08:00:00,1.5245,1.5379,1.496,1.4971,151348.2
2020-10-29 12:00:00,1.4954,1.5265,1.4513,1.4924,282419.81
2020-10-29 16:00:00,1.4933,1.4948,1.4686,1.4724,187691.76
2020-10-29 20:00:00,1.47,1.4893,1.4148,1.4327,336830.91
2020-10-30 00:00:00,1.4328,1.4583,1.3891,1.4,295665.56
2020-10-30 04:00:00,1.4,1.4151,1.3163,1.3746,310742.13
2020-10-30 08:00:00,1.3774,1.4,1.3426,1.3791,252645.04
2020-10-30 12:00:00,1.3792,1.4537,1.3751,1.4487,243619.37
2020-10-30 16:00:00,1.4481,1.4726,1.4277,1.4623,160371.91
2020-10-30 20:00:00,1.4624,1.4721,1.4365,1.4381,138584.08
2020-10-31 00:00:00,1.4383,1.4864,1.4266,1.4864,121820.84
2020-10-31 04:00:00,1.4864,1.5173,1.4729,1.5067,169996.39
2020-10-31 08:00:00,1.5086,1.5193,1.4554,1.4788,163909.77
2020-10-31 12:00:00,1.4787,1.522,1.4731,1.5175,154104.59
2020-10-31 16:00:00,1.5227,1.534,1.4938,1.523,113122.17
2020-10-31 20:00:00,1.523,1.558,1.5216,1.5497,129035.82
2020-11-01 00:00:00,1.5497,1.5797,1.5303,1.5367,212796.07
2020-11-01 04:00:00,1.5359,1.5544,1.5224,1.5533,77004.08
2020-11-01 08:00:00,1.5546,1.5569,1.5137,1.5384,140867.17
2020-11-01 12:00:00,1.5371,1.577,1.5286,1.5699,79759.84
2020-11-01 16:00:00,1.5679,1.6292,1.567,1.5989,267001.31
2020-11-01 20:00:00,1.5989,1.6463,1.59,1.608,183235.77
2020-11-02 00:00:00,1.6076,1.6432,1.5846,1.5931,157924.13
2020-11-02 04:00:00,1.5921,1.604,1.5801,1.5986,60264.8
2020-11-02 08:00:00,1.5961,1.5982,1.48,1.4837,355843.04
2020-11-02 12:00:00,1.4866,1.5023,1.4621,1.4871,171877.62
2020-11-02 16:00:00,1.4871,1.4871,1.4689,1.4771,51187.37
2020-11-02 20:00:00,1.4799,1.494,1.4705,1.4738,70641.11
2020-11-03 00:00:00,1.4729,1.484,1.4322,1.44,173560.6
2020-11-03 04:00:00,1.44,1.4536,1.4164,1.4492,169316.66
2020-11-03 08:00:00,1.4484,1.4664,1.4309,1.4481,140983.21
2020-11-03 12:00:00,1.4472,1.4747,1.421,1.4373,158119.14
2020-11-03 16:00:00,1.4395,1.4422,1.415,1.4366,132149.11
2020-11-03 20:00:00,1.4373,1.4412,1.4062,1.4118,209036.16
2020-11-04 00:00:00,1.4123,1.4144,1.3454,1.35,575844.92
2020-11-04 04:00:00,1.3534,1.3693,1.3435,1.3526,244537.93
2020-11-04 08:00:00,1.3498,1.4,1.3455,1.3586,277425.62
2020-11-04 12:00:00,1.3584,1.3664,1.2788,1.2985,386090.72
2020-11-04 16:00:00,1.2985,1.4083,1.2733,1.3903,982216.5
2020-11-04 20:00:00,1.392,1.4098,1.385,1.3912,94408.17
2020-11-05 00:00:00,1.3895,1.4089,1.3894,1.4025,85854.65
2020-11-05 04:00:00,1.4025,1.4329,1.4022,1.4229,143481.33
2020-11-05 08:00:00,1.4235,1.4249,1.3421,1.3443,137476.9
2020-11-05 12:00:00,1.3435,1.4928,1.3,1.4324,708822.18
2020-11-05 16:00:00,1.4323,1.4783,1.3902,1.4199,338166.48
2020-11-05 20:00:00,1.4202,1.4212,1.3864,1.4007,184691.02
2020-11-06 00:00:00,1.403,1.5513,1.3946,1.5359,511049.35
2020-11-06 04:00:00,1.5411,1.65,1.5379,1.6397,494435.21
2020-11-06 08:00:00,1.6377,1.7618,1.6015,1.7132,701239.62
2020-11-06 12:00:00,1.7138,1.7999,1.6606,1.6899,477361.12
2020-11-06 16:00:00,1.6959,1.8942,1.6959,1.7988,939403.6
2020-11-06 20:00:00,1.799,1.9482,1.7402,1.9,723058.0
2020-11-07 00:00:00,1.9069,2.3705,1.9029,2.1397,1972227.37
2020-11-07 04:00:00,2.1342,2.3,2.1074,2.2113,664314.71
2020-11-07 08:00:00,2.2133,2.45,2.1502,2.3994,803276.57
2020-11-07 12:00:00,2.3985,2.4975,1.905,2.1707,2769216.58
2020-11-07 16:00:00,2.166,2.2301,1.8294,1.8915,1735883.97
2020-11-07 20:00:00,1.8879,2.11,1.8276,2.0215,917691.43
2020-11-08 00:00:00,2.0264,2.1984,1.9662,2.0469,765808.03
2020-11-08 04:00:00,2.047,2.0729,1.9751,1.9891,649425.26
2020-11-08 08:00:00,1.9891,2.1779,1.9608,2.1674,1073583.04
2020-11-08 12:00:00,2.1668,2.2754,2.0701,2.2442,1251689.55
2020-11-08 16:00:00,2.2441,2.2825,2.118,2.1399,600999.99
2020-11-08 20:00:00,2.1395,2.18,2.0384,2.1558,458840.05
2020-11-09 00:00:00,2.1515,2.1991,2.077,2.1,397848.88
2020-11-09 04:00:00,2.0977,2.1065,2.035,2.0506,476563.32
2020-11-09 08:00:00,2.0416,2.1854,2.02,2.16,480766.67
2020-11-09 12:00:00,2.1617,2.1775,1.9615,1.9799,1083893.15
2020-11-09 16:00:00,1.9762,2.06,1.9456,2.0544,427335.36
2020-11-09 20:00:00,2.059,2.0763,2.0,2.0299,184036.14
2020-11-10 00:00:00,2.0383,2.1426,2.008,2.1367,203528.12
2020-11-10 04:00:00,2.14,2.1538,2.09,2.1302,292335.14
2020-11-10 08:00:00,2.1314,2.2437,2.1049,2.1404,459987.92
2020-11-10 12:00:00,2.1394,2.2393,2.1303,2.1855,418637.0
2020-11-10 16:00:00,2.184,2.2995,2.1839,2.2478,498810.59
2020-11-10 20:00:00,2.2453,2.3257,2.2385,2.2661,246124.59
2020-11-11 00:00:00,2.2665,2.3,2.2467,2.261,220489.65
2020-11-11 04:00:00,2.2647,2.2785,2.1754,2.2167,306844.82
2020-11-11 08:00:00,2.2133,2.2204,2.1019,2.1039,261893.0
2020-11-11 12:00:00,2.1038,2.133,2.078,2.1164,325557.12
2020-11-11 16:00:00,2.1197,2.16,2.0126,2.0331,431635.94
2020-11-11 20:00:00,2.0377,2.0441,1.9673,2.0,317265.66
2020-11-12 00:00:00,2.0,2.0561,1.9104,2.0075,401368.8
2020-11-12 04:00:00,2.012,2.06,2.0024,2.0413,114992.33
2020-11-12 08:00:00,2.0422,2.0504,1.9418,1.9701,275294.22
2020-11-12 12:00:00,1.9651,1.9909,1.9,1.9054,287238.15
2020-11-12 16:00:00,1.9054,1.9061,1.825,1.8652,303793.61
2020-11-12 20:00:00,1.8648,1.9089,1.8518,1.9089,139623.78
2020-11-13 00:00:00,1.9089,1.9759,1.8997,1.9539,184703.16
2020-11-13 04:00:00,1.9578,1.9721,1.9131,1.9517,204601.04
2020-11-13 08:00:00,1.9502,2.05,1.9358,2.0018,404237.12
2020-11-13 12:00:00,2.007,2.0808,1.9891,2.0264,217742.88
2020-11-13 16:00:00,2.0339,2.0663,1.9644,2.0156,256479.27
2020-11-13 20:00:00,2.0106,2.0586,1.9898,2.0141,327920.61
2020-11-14 00:00:00,2.0222,2.0374,1.995,2.0231,255222.02
2020-11-14 04:00:00,2.0223,2.0264,1.95,1.9576,162736.07
2020-11-14 08:00:00,1.9573,1.9675,1.869,1.9046,278092.52
2020-11-14 12:00:00,1.9017,1.957,1.8906,1.9215,147752.11
2020-11-14 16:00:00,1.9131,1.9595,1.8788,1.9369,254320.55
2020-11-14 20:00:00,1.9358,1.9509,1.915,1.9182,93724.15
2020-11-15 00:00:00,1.9204,1.9768,1.9133,1.9669,143050.69
2020-11-15 04:00:00,1.9694,2.1,1.96,2.0998,451828.15
2020-11-15 08:00:00,2.0978,2.2025,2.0621,2.1223,1062898.15
2020-11-15 12:00:00,2.1223,2.1964,2.1054,2.1964,498892.92
2020-11-15 16:00:00,2.1965,2.218,2.0263,2.0293,649928.55
2020-11-15 20:00:00,2.0291,2.0535,1.929,2.0407,541588.03
2020-11-16 00:00:00,2.039,2.1601,1.9858,2.1554,506204.95
2020-11-16 04:00:00,2.1591,2.26,2.1554,2.1876,672909.82
2020-11-16 08:00:00,2.19,2.3497,2.1712,2.2748,799121.57
2020-11-16 12:00:00,2.2704,2.37,2.256,2.2878,603758.4
2020-11-16 16:00:00,2.2877,2.3012,2.1801,2.2422,444116.73
2020-11-16 20:00:00,2.2422,2.2863,2.2206,2.2626,165918.09
2020-11-17 00:00:00,2.2665,2.3277,2.2625,2.2954,224815.85
2020-11-17 04:00:00,2.2963,2.3262,2.2333,2.2467,263173.77
2020-11-17 08:00:00,2.2478,2.2772,2.1903,2.2197,257988.9
2020-11-17 12:00:00,2.2244,2.33,2.1457,2.1658,898400.73
2020-11-17 16:00:00,2.1658,2.2499,2.125,2.2339,464158.09
2020-11-17 20:00:00,2.2339,2.2384,2.16,2.1998,202583.51
2020-11-18 00:00:00,2.1962,2.2173,2.1728,2.1807,203995.87
2020-11-18 04:00:00,2.1819,2.197,2.025,2.1289,753775.35
2020-11-18 08:00:00,2.1263,2.1423,2.0771,2.08,255267.48
2020-11-18 12:00:00,2.0781,2.0842,2.0001,2.0678,520988.66
2020-11-18 16:00:00,2.0628,2.134,2.05,2.0989,204858.86
2020-11-18 20:00:00,2.098,2.1376,2.0774,2.1153,115492.94
2020-11-19 00:00:00,2.1122,2.1254,2.0582,2.0637,132813.69
2020-11-19 04:00:00,2.0638,2.0934,2.0372,2.0642,202798.96
2020-11-19 08:00:00,2.0625,2.072,2.0136,2.0676,224982.8
2020-11-19 12:00:00,2.0676,2.1848,2.0601,2.1538,371802.25
2020-11-19 16:00:00,2.1532,2.1778,2.098,2.1066,234676.71
2020-11-19 20:00:00,2.1023,2.1301,2.03,2.085,224787.54
2020-11-20 00:00:00,2.0841,2.1108,2.0521,2.1062,180037.35
2020-11-20 04:00:00,2.1054,2.1724,2.0864,2.1724,203031.71
2020-11-20 08:00:00,2.1673,2.21,2.1611,2.1867,284868.13
2020-11-20 12:00:00,2.1868,2.2387,2.1289,2.1506,456469.49
2020-11-20 16:00:00,2.1596,2.1691,2.1219,2.1447,191997.45
2020-11-20 20:00:00,2.1456,2.1607,2.0844,2.1033,273010.38
2020-11-21 00:00:00,2.0999,2.1457,2.0599,2.0624,282634.37
2020-11-21 04:00:00,2.0621,2.17,2.0351,2.1687,207750.1
2020-11-21 08:00:00,2.1687,2.2427,2.1456,2.1652,404500.85
2020-11-21 12:00:00,2.1685,2.4,2.14,2.395,743775.78
2020-11-21 16:00:00,2.395,2.51,2.2621,2.4512,950233.05
2020-11-21 20:00:00,2.4514,2.4514,2.2913,2.3822,374595.35
2020-11-22 00:00:00,2.3825,2.4201,2.1,2.2195,752290.42
2020-11-22 04:00:00,2.2159,2.222,2.101,2.2044,271403.27
2020-11-22 08:00:00,2.204,2.25,2.04,2.1003,476477.02
2020-11-22 12:00:00,2.1003,2.2155,2.0846,2.18,364989.8
2020-11-22 16:00:00,2.1762,2.28,2.1378,2.273,324776.85
2020-11-22 20:00:00,2.2729,2.28,2.139,2.1514,258189.89
2020-11-23 00:00:00,2.161,2.2507,2.112,2.231,308630.87
2020-11-23 04:00:00,2.2291,2.3199,2.2254,2.2662,390243.27
2020-11-23 08:00:00,2.2692,2.3635,2.2571,2.2957,375975.43
2020-11-23 12:00:00,2.2957,2.3253,2.1851,2.2034,416744.41
2020-11-23 16:00:00,2.205,2.2673,2.15,2.2326,317759.48
2020-11-23 20:00:00,2.2323,2.32,2.217,2.2786,284807.3
2020-11-24 00:00:00,2.2786,2.44,2.2239,2.386,771951.99
2020-11-24 04:00:00,2.3824,2.4575,2.2,2.3666,949948.62
2020-11-24 08:00:00,2.3666,2.4731,2.16,2.2313,742242.73
2020-11-24 12:00:00,2.2238,2.2533,2.1338,2.2312,497682.27
2020-11-24 16:00:00,2.2386,2.2889,2.19,2.2669,285976.13
2020-11-24 20:00:00,2.2655,2.294,2.2095,2.2823,286990.3
2020-11-25 00:00:00,2.2795,2.3753,2.1703,2.1969,800114.84
2020-11-25 04:00:00,2.1967,2.2654,2.18,2.2475,178044.86
2020-11-25 08:00:00,2.2476,2.3488,2.2244,2.2956,312997.42
2020-11-25 12:00:00,2.2979,2.4609,2.2827,2.417,877299.72
2020-11-25 16:00:00,2.42,2.49,2.3634,2.4167,654105.3
2020-11-25 20:00:00,2.4166,2.4382,2.1999,2.2661,775119.47
2020-11-26 00:00:00,2.2653,2.3101,1.782,1.936,1986790.8
2020-11-26 04:00:00,1.936,1.9617,1.8111,1.8298,994822.38
2020-11-26 08:00:00,1.8377,1.8941,1.7212,1.8408,1392790.87
2020-11-26 12:00:00,1.8392,1.8726,1.8,1.8278,1289740.2
2020-11-26 16:00:00,1.8276,1.8384,1.7334,1.7963,860443.77
2020-11-26 20:00:00,1.7988,1.9195,1.7953,1.9111,278686.7
2020-11-27 00:00:00,1.9117,2.04,1.8926,1.95,538139.25
2020-11-27 04:00:00,1.9574,1.9714,1.9123,1.9149,172524.15
2020-11-27 08:00:00,1.9212,1.9255,1.8018,1.8284,283794.58
2020-11-27 12:00:00,1.8266,1.9464,1.78,1.78,518375.9
2020-11-27 16:00:00,1.78,1.8322,1.7694,1.8127,136384.55
2020-11-27 20:00:00,1.8157,1.8636,1.8028,1.861,153022.89
2020-11-28 00:00:00,1.8644,1.8753,1.8323,1.8427,246059.87
2020-11-28 04:00:00,1.8427,1.8717,1.8226,1.8351,199042.74
2020-11-28 08:00:00,1.8366,1.8715,1.8016,1.8662,272744.8
2020-11-28 12:00:00,1.8662,1.938,1.8507,1.9254,385529.01
2020-11-28 16:00:00,1.93,1.94,1.8989,1.9145,181104.02
2020-11-28 20:00:00,1.9144,1.9144,1.8651,1.8868,96910.33
2020-11-29 00:00:00,1.8858,1.8964,1.85,1.8949,211426.09
2020-11-29 04:00:00,1.886,1.8933,1.861,1.8899,79382.02
2020-11-29 08:00:00,1.8906,1.947,1.8894,1.9275,280165.3
2020-11-29 12:00:00,1.9267,1.9396,1.8947,1.915,76343.26
2020-11-29 16:00:00,1.915,1.917,1.8666,1.8721,127949.09
2020-11-29 20:00:00,1.8729,1.9249,1.8665,1.9153,87445.88
2020-11-30 00:00:00,1.9184,1.9815,1.9184,1.9662,189912.91
2020-11-30 04:00:00,1.9678,1.9683,1.9363,1.9453,66014.73
2020-11-30 08:00:00,1.9453,1.9611,1.9034,1.9607,110284.15
2020-11-30 12:00:00,1.9607,2.0182,1.9382,1.9586,415380.7
2020-11-30 16:00:00,1.96,2.0133,1.956,1.968,189505.12
2020-11-30 20:00:00,1.9639,1.9873,1.9501,1.9665,123522.4
2020-12-01 00:00:00,1.9641,1.99,1.9333,1.9705,159597.27
2020-12-01 04:00:00,1.9708,2.1404,1.9705,2.1249,356036.09
2020-12-01 08:00:00,2.1249,2.1305,2.0262,2.067,490260.27
2020-12-01 12:00:00,2.0673,2.098,1.9168,2.046,797522.1
2020-12-01 16:00:00,2.0461,2.0652,1.9606,2.005,217327.72
2020-12-01 20:00:00,1.9997,2.0423,1.9718,1.9738,82168.19
2020-12-02 00:00:00,1.9702,2.085,1.9333,2.0188,249865.36
2020-12-02 04:00:00,2.0261,2.065,1.9863,2.0601,178021.69
2020-12-02 08:00:00,2.06,2.0988,2.0363,2.0874,221834.43
2020-12-02 12:00:00,2.0872,2.1498,2.0447,2.1172,645065.97
2020-12-02 16:00:00,2.1178,2.2098,2.091,2.1356,607967.3
2020-12-02 20:00:00,2.1348,2.1348,2.0905,2.1209,300993.73
2020-12-03 00:00:00,2.119,2.1491,2.074,2.1438,199737.49
2020-12-03 04:00:00,2.1438,2.2258,2.1205,2.1803,1283868.86
2020-12-03 08:00:00,2.1816,2.2234,2.1755,2.2072,565070.74
2020-12-03 12:00:00,2.2073,2.2279,2.1048,2.1074,720044.24
2020-12-03 16:00:00,2.1101,2.136,2.08,2.1138,292838.31
2020-12-03 20:00:00,2.1163,2.1217,2.086,2.0967,120802.69
2020-12-04 00:00:00,2.0967,2.1123,2.0061,2.0109,268145.72
2020-12-04 04:00:00,2.0113,2.0785,2.0015,2.0404,179751.5
2020-12-04 08:00:00,2.0404,2.0798,1.9506,1.9507,332045.03
2020-12-04 12:00:00,1.9506,1.9884,1.935,1.9659,240104.21
2020-12-04 16:00:00,1.9646,1.9646,1.9321,1.9449,182942.91
2020-12-04 20:00:00,1.9434,1.9447,1.836,1.8535,221954.02
2020-12-05 00:00:00,1.8507,1.8703,1.82,1.864,342542.33
2020-12-05 04:00:00,1.8659,1.901,1.851,1.8922,166237.9
2020-12-05 08:00:00,1.893,1.9353,1.893,1.9119,180917.59
2020-12-05 12:00:00,1.9132,1.946,1.888,1.935,159537.38
2020-12-05 16:00:00,1.9348,1.9799,1.9262,1.9761,164287.81
2020-12-05 20:00:00,1.9761,1.983,1.9471,1.9795,74475.39
2020-12-06 00:00:00,1.9795,1.9907,1.9181,1.9223,135999.82
2020-12-06 04:00:00,1.9211,1.9381,1.9026,1.9381,84805.38
2020-12-06 08:00:00,1.9381,1.9399,1.8494,1.8768,262611.2
2020-12-06 12:00:00,1.8775,1.8783,1.7956,1.8432,309497.59
2020-12-06 16:00:00,1.8431,1.8621,1.8318,1.8491,127589.83
2020-12-06 20:00:00,1.8496,1.86,1.8389,1.8505,205232.55
2020-12-07 00:00:00,1.8515,1.8535,1.8395,1.8399,90381.14
2020-12-07 04:00:00,1.8396,1.855,1.8349,1.8528,80784.03
2020-12-07 08:00:00,1.852,1.8521,1.8198,1.827,169941.01
2020-12-07 12:00:00,1.8269,1.8926,1.8255,1.8896,295925.16
2020-12-07 16:00:00,1.8902,1.899,1.8145,1.8164,235760.52
2020-12-07 20:00:00,1.8156,1.8341,1.8088,1.8272,89951.84
2020-12-08 00:00:00,1.8301,1.8301,1.7737,1.7916,233526.9
2020-12-08 04:00:00,1.7911,1.8139,1.781,1.7942,197076.67
2020-12-08 08:00:00,1.7918,1.7948,1.6475,1.6792,915327.71
2020-12-08 12:00:00,1.6762,1.7149,1.6551,1.7081,358810.32
2020-12-08 16:00:00,1.7062,1.7623,1.6976,1.7361,232428.82
2020-12-08 20:00:00,1.7357,1.7357,1.6211,1.6631,359495.17
2020-12-09 00:00:00,1.66,1.6729,1.6407,1.6569,246364.49
2020-12-09 04:00:00,1.6584,1.6594,1.5516,1.5516,333570.12
2020-12-09 08:00:00,1.5517,1.6346,1.5,1.6313,830919.18
2020-12-09 12:00:00,1.6293,1.6532,1.6074,1.6461,228971.76
2020-12-09 16:00:00,1.6485,1.6497,1.6,1.6131,266128.9
2020-12-09 20:00:00,1.6128,1.6777,1.6095,1.6592,187544.87
2020-12-10 00:00:00,1.6599,1.6664,1.6151,1.6179,158971.3
2020-12-10 04:00:00,1.6171,1.6266,1.579,1.5922,159911.67
2020-12-10 08:00:00,1.5912,1.6426,1.55,1.5737,222466.32
2020-12-10 12:00:00,1.5715,1.5965,1.5395,1.5661,295539.06
2020-12-10 16:00:00,1.5664,1.6173,1.5592,1.6123,142200.74
2020-12-10 20:00:00,1.6121,1.621,1.5683,1.5683,82336.8
2020-12-11 00:00:00,1.5739,1.5774,1.4888,1.5146,283864.82
2020-12-11 04:00:00,1.5129,1.5235,1.4737,1.5035,128619.62
2020-12-11 08:00:00,1.5049,1.5231,1.4493,1.45,355897.05
2020-12-11 12:00:00,1.45,1.4978,1.4328,1.4934,217304.05
2020-12-11 16:00:00,1.4919,1.4919,1.4529,1.4739,195783.37
2020-12-11 20:00:00,1.475,1.5,1.4367,1.4389,247611.84
2020-12-12 00:00:00,1.4368,1.5194,1.4366,1.4882,272566.32
2020-12-12 04:00:00,1.4873,1.5239,1.4803,1.5051,229270.3
2020-12-12 08:00:00,1.5053,1.5342,1.4942,1.5327,233892.22
2020-12-12 12:00:00,1.5325,1.5382,1.4631,1.4739,322100.78
2020-12-12 16:00:00,1.4758,1.5165,1.4667,1.512,187567.61
2020-12-12 20:00:00,1.512,1.5172,1.4881,1.4912,178243.5
2020-12-13 00:00:00,1.4909,1.4983,1.4702,1.4711,97478.72
2020-12-13 04:00:00,1.4721,1.5218,1.4578,1.5183,150381.59
2020-12-13 08:00:00,1.5183,1.567,1.5171,1.5592,324673.71
2020-12-13 12:00:00,1.5578,1.7,1.5543,1.5848,780811.77
2020-12-13 16:00:00,1.5848,1.6155,1.5848,1.5859,227309.84
2020-12-13 20:00:00,1.5854,1.5869,1.5429,1.5701,168878.8
2020-12-14 00:00:00,1.5651,1.6,1.5411,1.5948,148632.89
2020-12-14 04:00:00,1.5946,1.5981,1.5745,1.5873,138646.62
2020-12-14 08:00:00,1.587,1.6253,1.5331,1.5467,499260.82
2020-12-14 12:00:00,1.5467,1.5809,1.5224,1.563,316450.16
2020-12-14 16:00:00,1.5657,1.566,1.5412,1.5507,139431.65
2020-12-14 20:00:00,1.5504,1.608,1.5411,1.5946,261149.3
2020-12-15 00:00:00,1.594,1.7715,1.5875,1.7368,773140.11
2020-12-15 04:00:00,1.7367,1.7367,1.6527,1.7256,840405.83
2020-12-15 08:00:00,1.7264,1.8039,1.6665,1.7723,749269.48
2020-12-15 12:00:00,1.772,1.7875,1.7142,1.7294,554303.07
2020-12-15 16:00:00,1.7303,1.7645,1.7021,1.747,432704.57
2020-12-15 20:00:00,1.748,1.7623,1.7003,1.7586,212245.8
2020-12-16 00:00:00,1.7577,1.7622,1.6025,1.6278,590098.66
2020-12-16 04:00:00,1.6293,1.687,1.6204,1.6574,286218.64
2020-12-16 08:00:00,1.6593,1.6852,1.6312,1.6391,406570.42
2020-12-16 12:00:00,1.6392,1.7691,1.62,1.7343,702426.84
2020-12-16 16:00:00,1.7343,1.7498,1.6865,1.6985,619018.85
2020-12-16 20:00:00,1.7033,1.7919,1.6944,1.7829,493777.91
2020-12-17 00:00:00,1.78,1.8064,1.6902,1.7104,622820.24
2020-12-17 04:00:00,1.712,1.7437,1.6786,1.7371,388745.68
2020-12-17 08:00:00,1.7388,1.8,1.67,1.7367,567020.53
2020-12-17 12:00:00,1.7367,1.7544,1.7056,1.7375,272305.7
2020-12-17 16:00:00,1.7415,1.7632,1.6587,1.6724,464945.51
2020-12-17 20:00:00,1.6699,1.7028,1.6382,1.68,212222.75
2020-12-18 00:00:00,1.6769,1.6836,1.6307,1.6729,248178.85
2020-12-18 04:00:00,1.6671,1.6877,1.649,1.6802,137946.87
2020-12-18 08:00:00,1.681,1.7077,1.6661,1.6757,247071.83
2020-12-18 12:00:00,1.6781,1.69,1.6343,1.6444,219712.95
2020-12-18 16:00:00,1.6466,1.6867,1.6379,1.6675,162631.27
2020-12-18 20:00:00,1.669,1.7014,1.6622,1.7014,111682.72
2020-12-19 00:00:00,1.6987,1.7522,1.6968,1.748,197131.64
2020-12-19 04:00:00,1.7472,1.7488,1.695,1.7155,226511.85
2020-12-19 08:00:00,1.7177,1.7677,1.7001,1.7493,233327.43
2020-12-19 12:00:00,1.7492,1.7614,1.6841,1.7,313274.16
2020-12-19 16:00:00,1.7045,1.7181,1.675,1.6856,259960.36
2020-12-19 20:00:00,1.6848,1.6901,1.6595,1.6707,101902.52
2020-12-20 00:00:00,1.6706,1.6706,1.632,1.6417,163308.74
2020-12-20 04:00:00,1.6411,1.6698,1.61,1.6681,134911.97
2020-12-20 08:00:00,1.6691,1.6889,1.649,1.6615,146493.46
2020-12-20 12:00:00,1.6609,1.6673,1.6245,1.6447,198633.84
2020-12-20 16:00:00,1.6457,1.647,1.5582,1.5633,277095.49
2020-12-20 20:00:00,1.5625,1.6072,1.521,1.5635,447834.09
2020-12-21 00:00:00,1.5605,1.6193,1.5369,1.6162,230050.45
2020-12-21 04:00:00,1.617,1.62,1.5612,1.6002,162085.66
2020-12-21 08:00:00,1.6002,1.6036,1.5027,1.5133,414873.26
2020-12-21 12:00:00,1.5111,1.5305,1.49,1.5186,163471.04
2020-12-21 16:00:00,1.5189,1.55,1.5186,1.5326,77320.22
2020-12-21 20:00:00,1.5321,1.56,1.5256,1.5331,218177.32
2020-12-22 00:00:00,1.5354,1.5587,1.5117,1.549,187913.5
2020-12-22 04:00:00,1.5472,1.56,1.5,1.5133,212157.27
2020-12-22 08:00:00,1.5119,1.54,1.47,1.5173,553219.29
2020-12-22 12:00:00,1.5182,1.5799,1.5099,1.5506,584301.32
2020-12-22 16:00:00,1.5518,1.5596,1.5175,1.5353,201057.94
2020-12-22 20:00:00,1.5367,1.5474,1.4734,1.49,296809.98
2020-12-23 00:00:00,1.49,1.5126,1.4561,1.4667,267012.64
2020-12-23 04:00:00,1.4658,1.4679,1.3735,1.3972,665279.45
2020-12-23 08:00:00,1.3931,1.4117,1.2867,1.3197,790664.47
2020-12-23 12:00:00,1.3159,1.3845,1.2882,1.295,565699.87
2020-12-23 16:00:00,1.2948,1.3103,1.2776,1.2993,580771.46
2020-12-23 20:00:00,1.2991,1.305,1.0301,1.198,1482128.01
2020-12-24 00:00:00,1.1987,1.2891,1.1652,1.2547,535737.67
2020-12-24 04:00:00,1.2567,1.2922,1.2222,1.2719,221853.28
2020-12-24 08:00:00,1.2719,1.3062,1.251,1.2857,334074.07
2020-12-24 12:00:00,1.2845,1.3213,1.2715,1.3151,272915.88
2020-12-24 16:00:00,1.3151,1.3293,1.2955,1.326,181462.43
2020-12-24 20:00:00,1.3252,1.3888,1.3148,1.3612,238923.74
2020-12-25 00:00:00,1.3641,1.4599,1.3417,1.4257,376805.77
2020-12-25 04:00:00,1.4258,1.4394,1.397,1.418,138425.86
2020-12-25 08:00:00,1.4209,1.45,1.4021,1.4087,205444.56
2020-12-25 12:00:00,1.4111,1.4241,1.3719,1.3811,277052.33
2020-12-25 16:00:00,1.382,1.4337,1.3604,1.4283,305046.0
2020-12-25 20:00:00,1.4249,1.4486,1.4235,1.4464,88558.37
2020-12-26 00:00:00,1.4488,1.4497,1.4248,1.4248,74546.42
2020-12-26 04:00:00,1.4258,1.4263,1.3689,1.3776,80923.07
2020-12-26 08:00:00,1.3764,1.3981,1.3442,1.3789,122561.97
2020-12-26 12:00:00,1.3785,1.3879,1.3398,1.3604,216067.42
2020-12-26 16:00:00,1.3594,1.3963,1.3454,1.3517,236310.44
2020-12-26 20:00:00,1.3492,1.3569,1.3118,1.3258,181783.01
2020-12-27 00:00:00,1.324,1.3397,1.3,1.3188,297302.08
2020-12-27 04:00:00,1.319,1.3261,1.3057,1.3066,158209.65
2020-12-27 08:00:00,1.3081,1.3132,1.28,1.2974,375895.57
2020-12-27 12:00:00,1.2921,1.4014,1.2616,1.4014,737943.46
2020-12-27 16:00:00,1.4012,1.417,1.332,1.3547,357723.25
2020-12-27 20:00:00,1.3534,1.3554,1.2838,1.3037,243824.44
2020-12-28 00:00:00,1.3041,1.3571,1.2867,1.3306,176779.33
2020-12-28 04:00:00,1.3308,1.3636,1.3138,1.3537,218246.24
2020-12-28 08:00:00,1.3548,1.3904,1.35,1.3842,350573.9
2020-12-28 12:00:00,1.3836,1.4152,1.346,1.3943,296705.72
2020-12-28 16:00:00,1.3965,1.4488,1.3922,1.426,303235.89
2020-12-28 20:00:00,1.4258,1.5223,1.425,1.5172,813079.49
2020-12-29 00:00:00,1.5187,1.5582,1.4388,1.4471,542192.7
2020-12-29 04:00:00,1.4467,1.5673,1.4428,1.5461,770243.04
2020-12-29 08:00:00,1.5479,1.6498,1.5224,1.5767,915161.6
2020-12-29 12:00:00,1.5795,1.6276,1.5354,1.5584,653735.07
2020-12-29 16:00:00,1.5562,1.6571,1.5074,1.6515,889664.57
2020-12-29 20:00:00,1.6498,1.735,1.6231,1.6704,1099107.63
2020-12-30 00:00:00,1.6734,1.6903,1.6177,1.6374,257419.19
2020-12-30 04:00:00,1.6375,1.6628,1.5778,1.578,392625.5
2020-12-30 08:00:00,1.5781,1.637,1.5401,1.5787,444974.92
2020-12-30 12:00:00,1.5787,1.5888,1.5388,1.5766,324504.22
2020-12-30 16:00:00,1.5786,1.6104,1.5527,1.5712,430229.26
2020-12-30 20:00:00,1.5739,1.5783,1.5235,1.535,321543.19
2020-12-31 00:00:00,1.5337,1.5426,1.4723,1.4945,478046.65
2020-12-31 04:00:00,1.4945,1.54,1.488,1.5248,267155.9
2020-12-31 08:00:00,1.5235,1.5372,1.4771,1.4912,300438.43
2020-12-31 12:00:00,1.4908,1.5068,1.42,1.4581,491731.99
2020-12-31 16:00:00,1.4573,1.5523,1.4527,1.5495,421842.89
2020-12-31 20:00:00,1.5499,1.5506,1.4906,1.5073,210411.49
2021-01-01 00:00:00,1.5088,1.61,1.499,1.6029,403885.5
2021-01-01 04:00:00,1.6029,1.641,1.5824,1.6196,474938.39
2021-01-01 08:00:00,1.6183,1.649,1.5701,1.6272,458724.27
2021-01-01 12:00:00,1.6275,1.6579,1.5808,1.6463,651745.93
2021-01-01 16:00:00,1.6478,1.8327,1.6155,1.7256,1558078.2
2021-01-01 20:00:00,1.726,1.86,1.7142,1.8421,874619.16
2021-01-02 00:00:00,1.8421,1.9071,1.7244,1.8614,1310461.36
2021-01-02 04:00:00,1.8632,1.8633,1.7453,1.7523,618781.97
2021-01-02 08:00:00,1.7526,1.7954,1.7158,1.7655,603978.54
2021-01-02 12:00:00,1.7638,1.8553,1.7116,1.7793,845519.06
2021-01-02 16:00:00,1.7799,2.0,1.75,1.9176,1152091.72
2021-01-02 20:00:00,1.9188,1.9205,1.7508,1.7999,722986.97
2021-01-03 00:00:00,1.7998,1.95,1.7973,1.9462,532881.9
2021-01-03 04:00:00,1.9467,2.1,1.9143,2.0709,1041262.8
2021-01-03 08:00:00,2.0662,2.38,2.0642,2.2657,2471257.28
2021-01-03 12:00:00,2.2657,2.3384,1.9893,2.0742,2031996.38
2021-01-03 16:00:00,2.074,2.1107,1.8938,1.9638,1213604.29
2021-01-03 20:00:00,1.9638,2.185,1.9472,2.1779,1027338.48
2021-01-04 00:00:00,2.1789,2.4,2.1,2.3094,1697574.43
2021-01-04 04:00:00,2.309,2.3758,2.0827,2.1168,985579.79
2021-01-04 08:00:00,2.1153,2.2138,1.86,2.0429,1753753.05
2021-01-04 12:00:00,2.0429,2.3478,2.0198,2.2786,1089168.53
2021-01-04 16:00:00,2.2757,2.45,2.1179,2.4397,1018018.08
2021-01-04 20:00:00,2.4397,2.4989,2.18,2.4909,1256720.92
2021-01-05 00:00:00,2.4911,2.5093,2.1673,2.1927,1284862.21
2021-01-05 04:00:00,2.1927,2.257,2.0621,2.1864,1418837.77
2021-01-05 08:00:00,2.1867,2.3977,2.1696,2.384,649144.49
2021-01-05 12:00:00,2.3882,2.4096,2.1502,2.1948,1255610.6
2021-01-05 16:00:00,2.1948,2.3473,2.1714,2.2341,869358.05
2021-01-05 20:00:00,2.2385,2.2591,2.1104,2.1636,1224193.87
2021-01-06 00:00:00,2.1636,2.1761,1.9692,1.9893,1419307.32
2021-01-06 04:00:00,1.9893,2.0681,1.9345,2.0192,1533555.23
2021-01-06 08:00:00,2.0165,2.1187,1.9734,2.08,1416605.96
2021-01-06 12:00:00,2.0825,2.189,2.0523,2.0813,1168757.56
2021-01-06 16:00:00,2.0801,2.1265,1.9743,1.981,1473862.55
2021-01-06 20:00:00,1.9754,2.051,1.9017,1.9414,1439440.85
2021-01-07 00:00:00,1.9404,2.45,1.9214,2.1755,3906187.02
2021-01-07 04:00:00,2.1804,2.2785,2.1263,2.1264,861279.9
2021-01-07 08:00:00,2.126,2.3896,2.005,2.2037,7923928.63
2021-01-07 12:00:00,2.2036,2.65,2.1883,2.3834,9917878.64
2021-01-07 16:00:00,2.3831,2.4499,2.1555,2.3626,5474369.74
2021-01-07 20:00:00,2.3629,2.423,2.3283,2.3635,2777362.31
2021-01-08 00:00:00,2.3655,2.4245,2.175,2.2619,3938806.46
2021-01-08 04:00:00,2.2616,2.4295,2.1925,2.4095,3379151.49
2021-01-08 08:00:00,2.4054,3.4,2.193,3.1519,9827803.45
2021-01-08 12:00:00,3.1555,3.8,3.0916,3.2992,7946546.07
2021-01-08 16:00:00,3.3027,3.5437,3.1826,3.2105,2664799.18
2021-01-08 20:00:00,3.2034,3.2496,3.0,3.2214,2109290.02
2021-01-09 00:00:00,3.212,3.2724,3.0407,3.1638,1767362.31
2021-01-09 04:00:00,3.161,3.34,3.0603,3.0834,1621995.99
2021-01-09 08:00:00,3.084,3.344,3.0725,3.1358,1338094.64
2021-01-09 12:00:00,3.1358,3.2401,3.0729,3.1066,725522.43
2021-01-09 16:00:00,3.1011,3.6998,2.93,3.6238,3049052.54
2021-01-09 20:00:00,3.6317,3.6772,3.3642,3.3829,1379160.74
2021-01-10 00:00:00,3.3734,3.6605,3.3151,3.5265,1005418.91
2021-01-10 04:00:00,3.5265,3.7517,3.52,3.733,530032.76
2021-01-10 08:00:00,3.733,3.7353,3.165,3.2501,1433639.64
2021-01-10 12:00:00,3.2501,3.4293,3.2038,3.4137,1079748.33
2021-01-10 16:00:00,3.4153,3.4599,3.2563,3.3251,904865.47
2021-01-10 20:00:00,3.326,3.5,3.1556,3.449,866108.4
2021-01-11 00:00:00,3.4455,3.5282,3.0376,3.1376,1345320.45
2021-01-11 04:00:00,3.1438,3.201,2.8362,2.9946,1282336.11
2021-01-11 08:00:00,2.9991,3.1509,2.8487,2.8589,1618049.62
2021-01-11 12:00:00,2.8648,2.9896,2.667,2.7598,2590287.12
2021-01-11 16:00:00,2.7584,2.9069,2.5795,2.8578,1160835.08
2021-01-11 20:00:00,2.8579,3.1165,2.8206,3.1016,758864.69
2021-01-12 00:00:00,3.1016,3.2799,3.058,3.2708,567930.66
2021-01-12 04:00:00,3.271,3.4999,3.2629,3.3824,871010.7
2021-01-12 08:00:00,3.3824,3.4695,3.293,3.4185,812800.82
2021-01-12 12:00:00,3.4207,3.478,3.15,3.3039,863494.36
2021-01-12 16:00:00,3.3064,3.88,3.3064,3.6777,2619402.26
2021-01-12 20:00:00,3.6754,3.6944,3.4504,3.6354,1341272.88
2021-01-13 00:00:00,3.6354,3.637,3.4425,3.5128,1111127.15
2021-01-13 04:00:00,3.5136,3.5219,3.2633,3.4868,1010576.17
2021-01-13 08:00:00,3.4888,3.4895,3.265,3.3708,721928.25
2021-01-13 12:00:00,3.3656,3.566,3.3264,3.5398,622893.71
2021-01-13 16:00:00,3.5407,3.5604,3.4455,3.4831,629419.33
2021-01-13 20:00:00,3.4831,3.6309,3.392,3.5242,1027711.19
2021-01-14 00:00:00,3.5243,3.5387,3.3616,3.3844,467139.43
2021-01-14 04:00:00,3.3844,3.5,3.3263,3.404,766948.55
2021-01-14 08:00:00,3.4045,3.475,3.3574,3.4219,698842.91
2021-01-14 12:00:00,3.4218,3.5955,3.3645,3.4899,1328853.62
2021-01-14 16:00:00,3.4951,3.5072,3.1814,3.2886,2420209.54
2021-01-14 20:00:00,3.2892,3.3242,3.2,3.2921,740115.68
2021-01-15 00:00:00,3.2921,3.4489,3.2766,3.3278,798486.34
2021-01-15 04:00:00,3.3278,3.3899,3.2443,3.3711,594015.22
2021-01-15 08:00:00,3.3711,3.4213,3.3233,3.3747,744955.94
2021-01-15 12:00:00,3.3715,3.4167,3.09,3.1006,1168855.12
2021-01-15 16:00:00,3.1004,3.1977,2.9618,3.1615,1050704.31
2021-01-15 20:00:00,3.1615,3.2708,3.1284,3.2475,455525.9
2021-01-16 00:00:00,3.2479,3.4622,3.2463,3.453,1055070.94
2021-01-16 04:00:00,3.4507,3.5153,3.3728,3.4574,1046602.74
2021-01-16 08:00:00,3.4611,3.5554,3.4,3.4122,1011764.12
2021-01-16 12:00:00,3.4122,3.4489,3.2769,3.4024,2051766.9
2021-01-16 16:00:00,3.4024,3.649,3.3164,3.5853,2079144.26
2021-01-16 20:00:00,3.5837,3.7081,3.3,3.4247,1318200.67
2021-01-17 00:00:00,3.4251,3.7177,3.3,3.7127,1271138.71
2021-01-17 04:00:00,3.7127,3.8297,3.3511,3.3926,1570363.5
2021-01-17 08:00:00,3.388,3.6085,3.3086,3.6009,900335.45
2021-01-17 12:00:00,3.6009,3.6198,3.4572,3.5505,1212467.87
2021-01-17 16:00:00,3.5567,3.9869,3.524,3.7862,2125369.31
2021-01-17 20:00:00,3.7881,3.9876,3.7567,3.8268,1452224.97
2021-01-18 00:00:00,3.8243,3.8997,3.6167,3.7607,1535188.71
2021-01-18 04:00:00,3.7582,4.0254,3.7204,4.0138,896092.67
2021-01-18 08:00:00,4.0084,4.17,3.86,3.9122,1607917.26
2021-01-18 12:00:00,3.9128,4.0288,3.8517,3.9574,1039737.78
2021-01-18 16:00:00,3.9654,4.0359,3.865,3.9021,503583.23
2021-01-18 20:00:00,3.9045,3.9146,3.7487,3.7868,644405.12
2021-01-19 00:00:00,3.7873,4.0498,3.7508,3.961,730198.32
2021-01-19 04:00:00,3.9609,4.01,3.7731,3.8123,1126732.67
2021-01-19 08:00:00,3.8123,3.9493,3.81,3.9,723466.29
2021-01-19 12:00:00,3.9,3.91,3.8,3.8336,636871.41
2021-01-19 16:00:00,3.8336,3.8578,3.6,3.6295,1028534.17
2021-01-19 20:00:00,3.6316,3.72,3.6059,3.6287,522916.91
2021-01-20 00:00:00,3.6288,3.7286,3.5273,3.5447,750933.87
2021-01-20 04:00:00,3.5447,3.6278,3.5347,3.6119,388910.98
2021-01-20 08:00:00,3.6117,3.6269,3.3627,3.4125,1208978.64
2021-01-20 12:00:00,3.4125,3.6275,3.34,3.5158,1344620.82
2021-01-20 16:00:00,3.5144,3.6839,3.4448,3.674,594294.43
2021-01-20 20:00:00,3.674,3.7413,3.642,3.7166,513901.54
2021-01-21 00:00:00,3.7199,3.7411,3.5041,3.53,675102.98
2021-01-21 04:00:00,3.5268,3.5937,3.51,3.551,300264.81
2021-01-21 08:00:00,3.5579,3.5579,3.365,3.4842,831118.26
2021-01-21 12:00:00,3.4841,3.5041,3.3,3.3077,913873.6
2021-01-21 16:00:00,3.3052,3.3843,3.2374,3.3156,729203.69
2021-01-21 20:00:00,3.3154,3.3231,2.9717,2.9899,936275.28
2021-01-22 00:00:00,2.9893,3.1939,2.5295,3.1587,2279174.59
2021-01-22 04:00:00,3.1586,3.1885,3.0134,3.0813,1576326.36
2021-01-22 08:00:00,3.0959,3.2268,3.0552,3.2165,552504.73
2021-01-22 12:00:00,3.2164,3.45,3.2061,3.3916,911538.45
2021-01-22 16:00:00,3.3902,3.4992,3.3479,3.4243,721471.3
2021-01-22 20:00:00,3.4302,3.4377,3.304,3.3352,440487.22
2021-01-23 00:00:00,3.3302,3.4233,3.3056,3.4226,257782.62
2021-01-23 04:00:00,3.4187,3.5555,3.4098,3.5515,473536.42
2021-01-23 08:00:00,3.554,3.6,3.4414,3.457,617428.74
2021-01-23 12:00:00,3.4514,3.55,3.4476,3.4722,407312.36
2021-01-23 16:00:00,3.4806,3.5364,3.4577,3.514,270622.13
2021-01-23 20:00:00,3.5183,3.55,3.4637,3.5079,242772.43
2021-01-24 00:00:00,3.5018,3.5771,3.4781,3.5555,276770.64
2021-01-24 04:00:00,3.5555,3.7292,3.5472,3.725,615921.16
2021-01-24 08:00:00,3.7276,3.79,3.7018,3.7419,363953.24
2021-01-24 12:00:00,3.745,3.7559,3.5674,3.5936,479798.29
2021-01-24 16:00:00,3.5987,3.641,3.5205,3.55,439349.48
2021-01-24 20:00:00,3.5456,3.6394,3.5413,3.6278,281966.86
2021-01-25 00:00:00,3.6287,3.6984,3.54,3.5469,568498.05
2021-01-25 04:00:00,3.5483,3.6174,3.48,3.5177,648218.55
2021-01-25 08:00:00,3.517,3.598,3.4398,3.5729,1273397.34
2021-01-25 12:00:00,3.5747,3.7162,3.4535,3.7116,1073150.15
2021-01-25 16:00:00,3.7116,3.9928,3.601,3.893,2202057.86
2021-01-25 20:00:00,3.893,3.9197,3.653,3.7038,1026220.38
2021-01-26 00:00:00,3.7036,3.961,3.6871,3.7328,988670.09
2021-01-26 04:00:00,3.7328,3.8452,3.7053,3.7513,493134.27
2021-01-26 08:00:00,3.7507,4.05,3.7347,4.017,1397630.68
2021-01-26 12:00:00,4.0165,4.0703,3.6478,3.7882,1552850.27
2021-01-26 16:00:00,3.7883,4.034,3.7403,4.0224,1471147.81
2021-01-26 20:00:00,4.0234,4.097,3.9792,4.041,714870.78
2021-01-27 00:00:00,4.0418,4.0422,3.8379,3.8438,363799.99
2021-01-27 04:00:00,3.8489,3.8743,3.7101,3.7858,473842.46
2021-01-27 08:00:00,3.7791,3.781,3.6233,3.6313,503509.65
2021-01-27 12:00:00,3.6254,3.7457,3.5114,3.7253,639994.02
2021-01-27 16:00:00,3.7248,3.7602,3.6384,3.7011,274381.36
2021-01-27 20:00:00,3.7021,3.7716,3.66,3.675,236230.34
2021-01-28 00:00:00,3.664,3.7387,3.6,3.7319,187575.25
2021-01-28 04:00:00,3.7289,3.7969,3.7289,3.7604,257854.86
2021-01-28 08:00:00,3.7634,3.8478,3.7358,3.8235,232629.02
2021-01-28 12:00:00,3.8235,3.96,3.7923,3.8884,649180.91
2021-01-28 16:00:00,3.8887,3.9205,3.8431,3.8542,372551.89
2021-01-28 20:00:00,3.851,3.877,3.79,3.81,355633.08
2021-01-29 00:00:00,3.8092,3.8742,3.7875,3.7875,294885.34
2021-01-29 04:00:00,3.7907,3.7935,3.6277,3.6664,467558.16
2021-01-29 08:00:00,3.6662,3.7551,3.6,3.728,820352.11
2021-01-29 12:00:00,3.7249,3.857,3.7019,3.813,581884.08
2021-01-29 16:00:00,3.8133,3.845,3.7036,3.7388,289338.23
2021-01-29 20:00:00,3.7375,3.912,3.7184,3.8293,538150.94
2021-01-30 00:00:00,3.8301,3.9188,3.8136,3.8286,310175.53
2021-01-30 04:00:00,3.8284,3.84,3.7667,3.8328,120446.33
2021-01-30 08:00:00,3.8361,3.93,3.8001,3.881,465840.79
2021-01-30 12:00:00,3.8873,4.0965,3.8556,4.0426,831611.13
2021-01-30 16:00:00,4.0426,4.2116,3.9447,4.02,1028510.34
2021-01-30 20:00:00,4.0239,4.3179,4.02,4.228,1188070.92
2021-01-31 00:00:00,4.228,4.3453,4.154,4.324,599084.45
2021-01-31 04:00:00,4.324,4.55,4.3209,4.4867,1103496.14
2021-01-31 08:00:00,4.4892,4.805,4.4659,4.55,1507240.6
2021-01-31 12:00:00,4.55,4.5771,4.1599,4.2266,1213519.23
2021-01-31 16:00:00,4.2266,4.3952,4.1798,4.2924,611417.78
2021-01-31 20:00:00,4.296,4.3543,4.2438,4.2525,404112.28
2021-02-01 00:00:00,4.2568,4.2595,4.1075,4.2186,378193.79
2021-02-01 04:00:00,4.2204,4.2293,4.1327,4.1719,227176.83
2021-02-01 08:00:00,4.1656,4.41,4.13,4.3697,440063.89
2021-02-01 12:00:00,4.3734,4.3955,4.1937,4.2058,356861.57
2021-02-01 16:00:00,4.2103,4.495,4.2042,4.495,361513.72
2021-02-01 20:00:00,4.4923,4.617,4.3958,4.6148,333242.67
2021-02-02 00:00:00,4.6148,4.92,4.4632,4.8068,1168783.9
2021-02-02 04:00:00,4.8039,5.03,4.7437,4.956,709477.05
2021-02-02 08:00:00,4.9562,5.3585,4.9562,5.22,1650219.23
2021-02-02 12:00:00,5.22,5.25,5.024,5.0612,568509.56
2021-02-02 16:00:00,5.0523,5.2666,5.03,5.1654,534489.33
2021-02-02 20:00:00,5.1654,5.4026,5.1109,5.2331,647443.54
2021-02-03 00:00:00,5.243,5.3039,5.0929,5.1036,325681.49
2021-02-03 04:00:00,5.0972,5.2493,5.0513,5.1877,432724.48
2021-02-03 08:00:00,5.1862,5.2284,5.1243,5.2239,233901.9
2021-02-03 12:00:00,5.2233,5.63,5.18,5.6068,1189246.53
2021-02-03 16:00:00,5.6051,5.6579,5.4284,5.4554,942480.66
2021-02-03 20:00:00,5.4554,5.783,5.4437,5.7311,853423.66
2021-02-04 00:00:00,5.7339,6.0788,5.6612,5.911,1731460.92
2021-02-04 04:00:00,5.9109,6.0338,5.8215,5.8314,695196.65
2021-02-04 08:00:00,5.8314,5.8745,5.5676,5.7631,795021.72
2021-02-04 12:00:00,5.7627,5.9515,5.6332,5.7092,569400.53
2021-02-04 16:00:00,5.7107,5.9379,5.6559,5.886,471040.91
2021-02-04 20:00:00,5.886,6.5426,5.886,6.4085,1347261.66
2021-02-05 00:00:00,6.4181,6.8649,6.4086,6.8451,868617.63
2021-02-05 04:00:00,6.8451,6.9306,6.6933,6.7668,655615.23
2021-02-05 08:00:00,6.7665,6.8058,6.5877,6.6629,706173.88
2021-02-05 12:00:00,6.6629,7.0,6.6256,6.9316,756324.84
2021-02-05 16:00:00,6.9411,7.1438,6.641,6.716,849748.18
2021-02-05 20:00:00,6.7182,6.7765,6.6268,6.7005,399045.73
2021-02-06 00:00:00,6.7001,6.8181,5.9528,6.1457,1451570.4
2021-02-06 04:00:00,6.1436,6.1436,5.8848,5.9809,706135.99
2021-02-06 08:00:00,5.9769,6.2601,5.9769,6.0033,784220.99
2021-02-06 12:00:00,6.0057,6.0767,5.7718,5.7933,655889.76
2021-02-06 16:00:00,5.7925,6.112,5.7,6.085,722965.64
2021-02-06 20:00:00,6.0823,6.3572,6.0658,6.1225,719425.47
2021-02-07 00:00:00,6.1219,6.1889,5.853,5.9017,398207.16
2021-02-07 04:00:00,5.9017,5.9666,5.75,5.9079,453759.47
2021-02-07 08:00:00,5.9079,6.6914,5.9079,6.6591,1129905.04
2021-02-07 12:00:00,6.66,6.8807,6.1888,6.4551,1558357.38
2021-02-07 16:00:00,6.4599,6.7054,6.11,6.5442,961807.05
2021-02-07 20:00:00,6.5482,6.6976,6.4666,6.6976,609030.79
2021-02-08 00:00:00,6.6931,6.7325,6.4554,6.6459,625358.75
2021-02-08 04:00:00,6.6367,7.6389,6.6337,7.5587,1823605.33
2021-02-08 08:00:00,7.5577,7.7158,7.3686,7.4868,981300.02
2021-02-08 12:00:00,7.4876,7.8226,7.0,7.7551,1144139.5
2021-02-08 16:00:00,7.755,8.078,7.5248,8.0344,1357388.63
2021-02-08 20:00:00,8.0336,8.0711,7.8123,7.855,787358.85
2021-02-09 00:00:00,7.8651,8.4945,7.678,8.328,1029762.29
2021-02-09 04:00:00,8.3319,8.4158,7.68,8.0645,634920.6
2021-02-09 08:00:00,8.07,8.4377,7.6801,7.7596,1505474.66
2021-02-09 12:00:00,7.7478,7.8111,7.55,7.695,712765.91
2021-02-09 16:00:00,7.6945,7.9438,7.5949,7.9164,538532.74
2021-02-09 20:00:00,7.9268,8.0,7.7876,7.8005,382033.17
2021-02-10 00:00:00,7.8005,8.3787,7.7259,8.3096,781891.79
2021-02-10 04:00:00,8.3005,8.3095,8.0688,8.1681,472297.55
2021-02-10 08:00:00,8.1681,8.4,8.1546,8.2456,492054.12
2021-02-10 12:00:00,8.2456,8.2811,7.26,7.7806,952534.91
2021-02-10 16:00:00,7.7833,8.3763,7.6435,8.3573,506451.51
2021-02-10 20:00:00,8.3561,9.09,8.2818,9.09,1214191.91
2021-02-11 00:00:00,9.0897,9.26,8.72,8.9489,728202.72
2021-02-11 04:00:00,8.9554,9.5998,8.9397,9.4559,991220.13
2021-02-11 08:00:00,9.4522,9.7425,9.0652,9.159,1976962.8
2021-02-11 12:00:00,9.1578,9.4574,9.1308,9.2748,640382.38
2021-02-11 16:00:00,9.2689,9.4085,8.9989,9.1219,754326.75
2021-02-11 20:00:00,9.1188,9.2842,8.8853,9.2004,603783.99
2021-02-12 00:00:00,9.2058,9.6464,9.0353,9.4242,604507.7
2021-02-12 04:00:00,9.418,9.4328,9.144,9.3377,438938.92
2021-02-12 08:00:00,9.3325,9.8874,9.2914,9.7662,471706.91
2021-02-12 12:00:00,9.7662,9.93,9.2066,9.5419,662433.14
2021-02-12 16:00:00,9.5404,9.7335,9.4233,9.4421,380831.02
2021-02-12 20:00:00,9.4525,9.4984,9.1976,9.2,308841.15
2021-02-13 00:00:00,9.2007,9.406,9.1403,9.3941,434184.13
2021-02-13 04:00:00,9.3948,9.5117,9.1323,9.1451,426745.26
2021-02-13 08:00:00,9.15,9.339,8.6596,8.8609,818735.89
2021-02-13 12:00:00,8.8762,9.1546,8.6857,9.067,784255.81
2021-02-13 16:00:00,9.07,9.1558,8.8647,8.8884,519810.66
2021-02-13 20:00:00,8.8959,8.8959,8.658,8.7441,503746.93
2021-02-14 00:00:00,8.7448,9.23,8.567,8.9088,843471.99
2021-02-14 04:00:00,8.9199,9.0276,8.578,8.7083,492997.59
2021-02-14 08:00:00,8.714,8.7419,8.5501,8.5699,306301.79
2021-02-14 12:00:00,8.5699,8.8236,8.5293,8.6773,720383.05
2021-02-14 16:00:00,8.6827,8.9933,8.6632,8.8517,332019.47
2021-02-14 20:00:00,8.8412,8.9102,8.7055,8.7158,194775.15
2021-02-15 00:00:00,8.7234,8.7988,7.7,8.1148,966891.12
2021-02-15 04:00:00,8.1193,8.3174,7.9034,8.2892,372428.21
2021-02-15 08:00:00,8.2909,8.6445,8.19,8.6276,369578.65
2021-02-15 12:00:00,8.628,9.1398,8.5,8.9132,712033.62
2021-02-15 16:00:00,8.9147,9.38,8.8333,9.1943,656445.04
2021-02-15 20:00:00,9.1941,9.3171,8.661,8.8516,347519.55
2021-02-16 00:00:00,8.866,9.0,8.5798,8.9037,320649.11
2021-02-16 04:00:00,8.8988,8.8988,8.484,8.7211,475550.81
2021-02-16 08:00:00,8.7288,8.7923,8.5736,8.575,229537.57
2021-02-16 12:00:00,8.5809,8.71,8.3778,8.3899,458776.76
2021-02-16 16:00:00,8.3813,8.4082,8.0103,8.1417,457008.89
2021-02-16 20:00:00,8.1487,8.3169,7.9601,8.3002,315694.55
2021-02-17 00:00:00,8.3035,8.3196,7.6885,7.7125,701878.99
2021-02-17 04:00:00,7.7057,7.9758,7.5182,7.9487,661475.56
2021-02-17 08:00:00,7.9603,8.1821,7.8321,8.1048,391162.69
2021-02-17 12:00:00,8.1084,8.3542,8.0243,8.2319,660266.8
2021-02-17 16:00:00,8.2319,8.45,8.1,8.4013,642203.87
2021-02-17 20:00:00,8.3942,8.4219,8.2033,8.2357,274657.53
2021-02-18 00:00:00,8.2412,8.5935,8.23,8.4599,250581.83
2021-02-18 04:00:00,8.4599,8.6475,8.4408,8.5484,154699.03
2021-02-18 08:00:00,8.5484,8.5846,8.4238,8.5178,206657.33
2021-02-18 12:00:00,8.5178,9.2467,8.4125,9.241,1037154.63
2021-02-18 16:00:00,9.2368,9.32,8.9336,9.033,659426.54
2021-02-18 20:00:00,9.0432,9.08,8.9151,8.9771,171339.83
2021-02-19 00:00:00,8.988,9.1028,8.5257,8.6818,815890.12
2021-02-19 04:00:00,8.6719,9.5042,8.5574,9.4914,1197088.99
2021-02-19 08:00:00,9.4914,9.8907,9.327,9.8492,934821.3
2021-02-19 12:00:00,9.8492,11.85,9.8379,10.9513,2775575.63
2021-02-19 16:00:00,10.9511,11.5385,10.9097,11.4696,624315.79
2021-02-19 20:00:00,11.4696,11.5381,10.8474,11.4912,758631.23
2021-02-20 00:00:00,11.4845,11.8327,10.8478,11.1003,1095388.66
2021-02-20 04:00:00,11.1031,11.3509,10.9037,10.9037,381604.97
2021-02-20 08:00:00,10.9048,11.0915,10.6136,10.7923,640676.58
2021-02-20 12:00:00,10.78,10.9806,9.754,10.2533,1174398.41
2021-02-20 16:00:00,10.2533,10.605,10.2064,10.4481,539801.44
2021-02-20 20:00:00,10.4502,10.4948,9.7926,9.9869,899454.31
2021-02-21 00:00:00,9.9849,10.4459,9.8101,10.2116,454619.65
2021-02-21 04:00:00,10.2135,10.2812,9.99,10.0302,302258.82
2021-02-21 08:00:00,10.0295,10.7446,9.9664,10.7298,368235.53
2021-02-21 12:00:00,10.7283,10.99,10.409,10.599,657405.51
2021-02-21 16:00:00,10.5967,11.6707,10.5831,11.3097,1223898.72
2021-02-21 20:00:00,11.31,11.3157,10.8116,11.0753,687846.92
2021-02-22 00:00:00,11.0738,11.1355,10.4726,10.5136,626552.1
2021-02-22 04:00:00,10.505,10.7612,10.3,10.6552,815459.08
2021-02-22 08:00:00,10.6651,10.86,9.6726,9.9162,2915386.49
2021-02-22 12:00:00,9.9162,10.5,9.1,10.2709,2013854.06
2021-02-22 16:00:00,10.2747,14.0238,10.1716,13.32,5606881.07
2021-02-22 20:00:00,13.3165,14.8,13.0,14.4191,2733538.0
2021-02-23 00:00:00,14.4176,15.2422,13.5476,13.993,3749727.31
2021-02-23 04:00:00,13.9867,14.1881,12.55,13.1238,2555273.65
2021-02-23 08:00:00,13.1146,14.7998,11.47,14.0057,6783757.94
2021-02-23 12:00:00,14.0086,15.8888,13.2086,15.3902,6101708.02
2021-02-23 16:00:00,15.4,15.8,14.23,14.2602,3466815.51
2021-02-23 20:00:00,14.2754,15.25,13.9795,15.2244,1649038.33
2021-02-24 00:00:00,15.2389,16.4,14.7917,15.9986,2101677.59
2021-02-24 04:00:00,15.9906,16.272,15.2556,15.5833,1399051.0
2021-02-24 08:00:00,15.5886,16.0936,15.5344,15.8097,1083624.7
2021-02-24 12:00:00,15.82,17.1558,15.7699,16.676,2483808.52
2021-02-24 16:00:00,16.6734,18.2052,16.5661,17.43,1985884.12
2021-02-24 20:00:00,17.4232,17.73,16.9645,17.1691,1723498.82
2021-02-25 00:00:00,17.1745,17.69,15.95,16.35,2009496.39
2021-02-25 04:00:00,16.35,16.6787,15.9136,16.3119,1398118.25
2021-02-25 08:00:00,16.3183,16.3852,15.532,16.1646,1337974.87
2021-02-25 12:00:00,16.1772,16.4899,15.667,16.0851,1342918.53
2021-02-25 16:00:00,16.0995,16.1902,15.0562,15.2692,1798708.44
2021-02-25 20:00:00,15.2692,15.2744,13.6579,13.8442,1633157.44
2021-02-26 00:00:00,13.8565,14.6432,13.2,14.63,1564108.5
2021-02-26 04:00:00,14.641,14.7157,13.1,13.3386,1268846.55
2021-02-26 08:00:00,13.362,14.2106,13.3565,13.8127,1210925.18
2021-02-26 12:00:00,13.813,14.4947,13.7002,14.4498,1193589.47
2021-02-26 16:00:00,14.4439,15.5083,14.3537,14.72,1495945.31
2021-02-26 20:00:00,14.72,14.8284,13.3222,13.5962,1296098.16
2021-02-27 00:00:00,13.5864,14.8359,13.5334,14.2348,1196010.62
2021-02-27 04:00:00,14.235,14.3203,13.55,13.8783,1071567.9
2021-02-27 08:00:00,13.8889,13.9941,13.3183,13.9314,1029431.01
2021-02-27 12:00:00,13.9212,14.4443,13.3472,13.3875,1768085.64
2021-02-27 16:00:00,13.3866,13.85,13.3342,13.8249,504294.86
2021-02-27 20:00:00,13.83,13.93,13.01,13.1916,663073.16
2021-02-28 00:00:00,13.1853,13.3339,12.028,12.07,1618388.25
2021-02-28 04:00:00,12.0785,12.4622,11.97,12.1365,877029.76
2021-02-28 08:00:00,12.1529,12.5446,12.141,12.3806,541355.42
2021-02-28 12:00:00,12.3869,12.4776,11.417,11.5213,1103152.94
2021-02-28 16:00:00,11.5129,13.501,11.4316,13.2421,1727879.07
2021-02-28 20:00:00,13.2741,13.7739,12.9289,13.0887,1363539.31
2021-03-01 00:00:00,13.08,14.2884,13.0102,13.9287,1306611.14
2021-03-01 04:00:00,13.9414,14.81,13.8204,14.5117,1154162.14
2021-03-01 08:00:00,14.5153,15.0223,14.3962,14.8363,800915.53
2021-03-01 12:00:00,14.8334,15.5187,14.5424,15.4556,1171751.61
2021-03-01 16:00:00,15.4547,15.5469,14.6373,14.8047,712596.15
2021-03-01 20:00:00,14.8033,15.1,14.5565,14.9855,365211.69
2021-03-02 00:00:00,14.9989,15.25,14.1941,14.3406,916765.39
2021-03-02 04:00:00,14.3408,14.6017,14.22,14.3024,359932.46
2021-03-02 08:00:00,14.2929,14.766,14.2739,14.5527,374789.59
2021-03-02 12:00:00,14.5549,15.1,14.5066,14.6411,512109.68
2021-03-02 16:00:00,14.6481,14.7296,13.3544,13.6704,1295458.88
2021-03-02 20:00:00,13.6699,14.0199,13.5001,13.9438,669370.11
2021-03-03 00:00:00,13.9546,14.15,13.7018,14.0388,425104.27
2021-03-03 04:00:00,14.0235,14.3206,13.9,14.1994,519849.97
2021-03-03 08:00:00,14.1979,14.6999,14.131,14.5343,502020.87
2021-03-03 12:00:00,14.5495,14.6301,13.9,14.1652,663120.18
2021-03-03 16:00:00,14.1587,14.738,14.0813,14.3112,815439.95
2021-03-03 20:00:00,14.2937,14.311,14.026,14.0742,351792.69
2021-03-04 00:00:00,14.0936,14.2737,13.7501,13.7726,445571.48
2021-03-04 04:00:00,13.7698,13.8796,13.5674,13.7258,405576.45
2021-03-04 08:00:00,13.746,13.892,13.2941,13.4454,423750.23
2021-03-04 12:00:00,13.4439,13.712,13.3484,13.4535,430392.85
2021-03-04 16:00:00,13.4613,13.5299,12.736,12.9061,727300.22
2021-03-04 20:00:00,12.9191,13.1535,12.75,13.0508,331781.14
2021-03-05 00:00:00,13.0649,13.0992,12.35,12.5591,448409.61
2021-03-05 04:00:00,12.5579,12.59,12.2508,12.5038,220106.62
2021-03-05 08:00:00,12.4904,12.5297,12.1251,12.5116,234841.59
2021-03-05 12:00:00,12.5271,13.0318,12.42,12.7174,465770.53
2021-03-05 16:00:00,12.7304,12.7834,12.2807,12.5438,439385.83
2021-03-05 20:00:00,12.5427,12.7837,12.485,12.5382,260877.07
2021-03-06 00:00:00,12.5507,12.6714,12.2744,12.3716,198571.9
2021-03-06 04:00:00,12.3737,12.5084,12.2302,12.2893,308092.21
2021-03-06 08:00:00,12.3007,12.3954,12.0025,12.0848,323584.26
2021-03-06 12:00:00,12.0848,13.0,11.9,12.2773,1018957.2
2021-03-06 16:00:00,12.2724,12.9,12.2211,12.895,527401.22
2021-03-06 20:00:00,12.895,13.31,12.8631,13.0421,685067.44
2021-03-07 00:00:00,13.0443,13.22,12.919,12.927,336407.27
2021-03-07 04:00:00,12.9498,13.0232,12.7049,12.7577,211683.79
2021-03-07 08:00:00,12.7578,13.631,12.7567,13.6253,782132.39
2021-03-07 12:00:00,13.6253,13.9476,13.3793,13.53,794606.52
2021-03-07 16:00:00,13.5476,14.014,13.5476,13.7359,493311.49
2021-03-07 20:00:00,13.7346,13.9499,13.5234,13.8174,381276.79
2021-03-08 00:00:00,13.8174,13.906,13.3678,13.4425,258600.93
2021-03-08 04:00:00,13.4398,13.6078,13.2653,13.3156,225018.91
2021-03-08 08:00:00,13.3102,13.39,13.138,13.2749,453793.85
2021-03-08 12:00:00,13.2749,13.7999,12.996,13.6171,725181.78
2021-03-08 16:00:00,13.6257,13.815,13.5533,13.7031,242118.91
2021-03-08 20:00:00,13.7138,13.74,13.4747,13.6028,211970.14
2021-03-09 00:00:00,13.608,13.9409,13.1985,13.9197,501740.5
2021-03-09 04:00:00,13.9197,14.18,13.7963,13.8773,416619.37
2021-03-09 08:00:00,13.8792,14.3984,13.8792,14.2898,385757.88
2021-03-09 12:00:00,14.2999,14.8474,13.9841,14.668,675285.04
2021-03-09 16:00:00,14.6806,14.8486,14.4369,14.8288,320762.19
2021-03-09 20:00:00,14.8288,14.9921,14.7007,14.839,294325.92
2021-03-10 00:00:00,14.85,15.2118,14.0742,14.217,642653.32
2021-03-10 04:00:00,14.227,14.5624,14.1603,14.5201,174785.12
2021-03-10 08:00:00,14.5067,14.7548,14.3448,14.7167,352980.66
2021-03-10 12:00:00,14.7055,14.8754,14.6212,14.7809,277868.84
2021-03-10 16:00:00,14.7766,14.8132,14.6094,14.651,176237.04
2021-03-10 20:00:00,14.6586,14.6708,14.0525,14.2048,319401.12
2021-03-11 00:00:00,14.2011,14.2572,13.8426,14.0916,350300.04
2021-03-11 04:00:00,14.0691,14.1441,13.8865,13.9091,189251.44
2021-03-11 08:00:00,13.8978,14.2565,13.67,14.0894,522559.53
2021-03-11 12:00:00,14.0883,14.6644,14.0156,14.2325,753228.74
2021-03-11 16:00:00,14.2488,16.147,14.2487,15.7413,1845293.35
2021-03-11 20:00:00,15.73,16.3222,15.5914,16.031,465109.47
2021-03-12 00:00:00,16.0519,16.5,15.7101,16.1219,460687.34
2021-03-12 04:00:00,16.1109,16.4,15.8423,16.0566,472327.38
2021-03-12 08:00:00,16.0357,16.13,15.3717,15.5535,614443.76
2021-03-12 12:00:00,15.545,15.5982,14.9646,15.511,591422.33
2021-03-12 16:00:00,15.5175,15.5939,14.45,14.6862,912996.54
2021-03-12 20:00:00,14.6861,14.7814,14.0803,14.5597,626511.03
2021-03-13 00:00:00,14.5532,14.6002,13.8439,14.1373,506476.8
2021-03-13 04:00:00,14.1288,14.5196,14.068,14.3796,303770.52
2021-03-13 08:00:00,14.3856,14.8717,14.316,14.6216,746559.25
2021-03-13 12:00:00,14.6242,15.1432,14.5339,14.8807,454353.44
2021-03-13 16:00:00,14.8926,15.3325,14.8512,15.0,404216.55
2021-03-13 20:00:00,15.01,15.4072,15.0053,15.3033,216943.81
2021-03-14 00:00:00,15.2902,15.376,14.9314,15.0326,290023.02
2021-03-14 04:00:00,15.0242,15.0259,14.5432,14.5596,388503.04
2021-03-14 08:00:00,14.5596,14.8504,14.3399,14.5241,322254.56
2021-03-14 12:00:00,14.5241,14.6728,14.4347,14.4799,273477.0
2021-03-14 16:00:00,14.4807,15.0457,14.3968,14.8585,232793.31
2021-03-14 20:00:00,14.8571,14.9179,14.4362,14.4605,243194.01
2021-03-15 00:00:00,14.461,14.7882,14.3848,14.7663,255399.85
2021-03-15 04:00:00,14.7642,14.8214,13.7233,13.9359,627643.99
2021-03-15 08:00:00,13.9304,14.35,13.6179,14.2587,489364.42
2021-03-15 12:00:00,14.2465,14.3804,14.0387,14.0865,262023.64
2021-03-15 16:00:00,14.0969,14.2993,13.977,14.2725,189074.32
2021-03-15 20:00:00,14.2963,14.3992,14.0935,14.1577,197443.71
2021-03-16 00:00:00,14.1586,14.2933,13.4717,13.5015,457602.15
2021-03-16 04:00:00,13.5015,13.6521,13.1389,13.5509,452356.72
2021-03-16 08:00:00,13.5555,13.91,13.53,13.6306,378291.64
2021-03-16 12:00:00,13.6385,13.773,13.4646,13.765,361307.21
2021-03-16 16:00:00,13.7711,14.004,13.5104,13.795,624887.61
2021-03-16 20:00:00,13.795,13.8699,13.6,13.6392,227212.16
2021-03-17 00:00:00,13.6379,13.7281,13.3742,13.3903,227614.14
2021-03-17 04:00:00,13.3903,13.5624,13.33,13.5128,175478.9
2021-03-17 08:00:00,13.5208,13.5912,13.0326,13.3059,339589.77
2021-03-17 12:00:00,13.2976,13.4984,13.2137,13.4714,234994.7
2021-03-17 16:00:00,13.4715,14.2685,13.4429,14.1649,494422.49
2021-03-17 20:00:00,14.1649,14.2578,13.9423,14.2018,230906.56
2021-03-18 00:00:00,14.1987,14.4844,14.1376,14.1847,310476.58
2021-03-18 04:00:00,14.1931,14.3574,14.0936,14.218,177413.07
2021-03-18 08:00:00,14.2247,14.3,14.0175,14.06,182436.1
2021-03-18 12:00:00,14.0575,14.2,13.957,14.1976,223479.25
2021-03-18 16:00:00,14.2,14.75,14.115,14.3147,470296.16
2021-03-18 20:00:00,14.3107,14.3878,14.1839,14.204,212570.55
2021-03-19 00:00:00,14.2153,14.2178,13.8554,14.0999,233178.66
2021-03-19 04:00:00,14.0999,14.2501,13.9779,14.0005,341744.66
2021-03-19 08:00:00,14.0005,14.1899,13.9802,14.18,178389.21
2021-03-19 12:00:00,14.1767,14.4883,14.102,14.36,273505.77
2021-03-19 16:00:00,14.3686,14.4628,14.2692,14.3238,203573.23
2021-03-19 20:00:00,14.3238,14.3942,14.0319,14.1552,231370.76
2021-03-20 00:00:00,14.1588,14.3388,14.09,14.3251,221765.48
2021-03-20 04:00:00,14.3164,14.5636,14.2721,14.514,168437.14
2021-03-20 08:00:00,14.523,14.8083,14.4505,14.8008,273103.6
2021-03-20 12:00:00,14.8078,14.9793,14.6197,14.6881,317213.65
2021-03-20 16:00:00,14.6788,14.7088,14.5171,14.6383,200598.38
2021-03-20 20:00:00,14.649,14.6727,14.1554,14.1894,212091.31
2021-03-21 00:00:00,14.1788,14.2711,13.9,14.0753,190251.96
2021-03-21 04:00:00,14.0757,14.0927,13.8012,13.9532,152839.57
2021-03-21 08:00:00,13.9458,14.027,13.6755,13.7333,199532.01
2021-03-21 12:00:00,13.7237,14.1045,13.638,13.9345,225312.5
2021-03-21 16:00:00,13.9242,14.3064,13.88,14.1922,259180.8
2021-03-21 20:00:00,14.1913,14.3636,14.0848,14.3372,164733.98
2021-03-22 00:00:00,14.3372,15.2,14.1697,15.17,639352.75
2021-03-22 04:00:00,15.17,16.2973,15.0629,16.1811,1809881.96
2021-03-22 08:00:00,16.1911,16.499,15.8628,16.3992,864750.44
2021-03-22 12:00:00,16.4001,16.59,15.6166,15.8338,797173.7
2021-03-22 16:00:00,15.83,15.89,15.2589,15.4325,482958.62
2021-03-22 20:00:00,15.4326,15.6998,14.75,14.7964,508874.07
2021-03-23 00:00:00,14.7962,15.227,14.693,15.1,360744.37
2021-03-23 04:00:00,15.1,15.1,14.0146,14.4264,518006.19
2021-03-23 08:00:00,14.4239,14.5776,14.2499,14.3816,287752.91
2021-03-23 12:00:00,14.3805,14.8205,14.3805,14.7128,402508.21
2021-03-23 16:00:00,14.7171,14.7344,14.2668,14.3598,246405.82
2021-03-23 20:00:00,14.3487,14.4381,14.1165,14.1552,189009.93
2021-03-24 00:00:00,14.1433,14.3521,13.8655,14.3317,232585.26
2021-03-24 04:00:00,14.33,14.6658,14.2131,14.66,221906.42
2021-03-24 08:00:00,14.6589,14.8329,14.5834,14.71,211825.49
2021-03-24 12:00:00,14.7116,14.9407,14.66,14.8464,314466.86
2021-03-24 16:00:00,14.8497,15.3719,14.5753,14.6594,678677.64
2021-03-24 20:00:00,14.6465,14.6479,13.5842,13.5973,657878.05
2021-03-25 00:00:00,13.5844,13.6898,12.9236,13.35,615821.91
2021-03-25 04:00:00,13.3384,13.7329,13.167,13.3045,243659.8
2021-03-25 08:00:00,13.3119,13.4478,13.0756,13.1114,425055.86
2021-03-25 12:00:00,13.1079,13.1773,12.47,12.7961,581303.93
2021-03-25 16:00:00,12.7871,13.071,12.6745,12.9752,232027.31
2021-03-25 20:00:00,12.9771,13.1317,12.8851,12.9787,194454.29
2021-03-26 00:00:00,12.9789,13.34,12.3043,12.689,460298.78
2021-03-26 04:00:00,12.689,14.1174,12.6081,14.0145,437975.67
2021-03-26 08:00:00,14.0064,14.3,13.8118,13.9628,649104.28
2021-03-26 12:00:00,13.974,14.1343,13.3363,13.9411,677494.73
2021-03-26 16:00:00,13.9463,14.4504,13.8622,14.2683,410953.83
2021-03-26 20:00:00,14.2696,14.7921,14.2551,14.7664,336454.48
2021-03-27 00:00:00,14.7751,15.0322,14.7173,14.8783,378691.1
2021-03-27 04:00:00,14.8803,16.1,14.7903,16.027,978211.01
2021-03-27 08:00:00,16.035,16.2127,15.4124,15.62,712823.29
2021-03-27 12:00:00,15.6179,16.0993,15.38,16.0,574759.6
2021-03-27 16:00:00,16.0085,16.35,15.6751,15.8912,733693.8
2021-03-27 20:00:00,15.8923,16.8,15.7651,16.4589,675714.9
2021-03-28 00:00:00,16.4516,17.634,16.3049,17.2226,917709.9
2021-03-28 04:00:00,17.2403,17.5213,16.9264,17.5179,546964.42
2021-03-28 08:00:00,17.5103,18.3699,17.2739,18.2957,1102346.47
2021-03-28 12:00:00,18.2956,19.2642,18.1014,18.9148,1871863.89
2021-03-28 16:00:00,18.9112,19.38,17.7889,18.558,1695573.14
2021-03-28 20:00:00,18.558,19.0807,17.9354,18.0645,1066269.67
2021-03-29 00:00:00,18.0645,18.8606,18.0337,18.4529,621404.99
2021-03-29 04:00:00,18.4422,18.5092,17.6439,18.1001,580856.14
2021-03-29 08:00:00,18.1013,18.4902,18.0638,18.3798,556015.18
2021-03-29 12:00:00,18.3859,18.7472,17.9878,18.1488,530064.35
2021-03-29 16:00:00,18.1444,19.0,18.0344,18.8299,469361.92
2021-03-29 20:00:00,18.8299,18.9588,18.4669,18.9504,306679.2
2021-03-30 00:00:00,18.9504,19.999,18.9105,19.999,955780.56
2021-03-30 04:00:00,19.9989,20.87,19.7323,20.3683,878616.18
2021-03-30 08:00:00,20.3646,20.4867,20.0,20.4691,582417.34
2021-03-30 12:00:00,20.4691,20.5135,19.3698,19.4093,455282.28
2021-03-30 16:00:00,19.4248,19.6899,19.1031,19.2805,539488.45
2021-03-30 20:00:00,19.2735,19.3492,18.9543,19.0685,396769.29
2021-03-31 00:00:00,19.0645,19.1934,18.2239,18.7394,484488.95
2021-03-31 04:00:00,18.7427,19.1302,18.5,18.5801,507586.57
2021-03-31 08:00:00,18.58,19.5,18.0,19.4406,585196.81
2021-03-31 12:00:00,19.4406,19.7096,19.2756,19.4123,474621.17
2021-03-31 16:00:00,19.4118,19.8154,18.88,19.5141,472544.16
2021-03-31 20:00:00,19.5147,19.7507,19.3335,19.3861,260295.79
2021-04-01 00:00:00,19.3818,19.7585,19.2331,19.746,237479.2
2021-04-01 04:00:00,19.7572,20.3583,19.6703,19.9834,567684.3
2021-04-01 08:00:00,19.9862,20.0812,19.0727,19.2831,474289.99
2021-04-01 12:00:00,19.2766,19.49,18.9911,19.4277,332790.02
2021-04-01 16:00:00,19.4311,19.5054,18.7433,19.1458,427694.38
2021-04-01 20:00:00,19.1396,19.2696,18.9915,19.0443,190671.45
2021-04-02 00:00:00,19.0443,19.1306,18.345,18.724,463623.95
2021-04-02 04:00:00,18.7375,19.0953,18.6309,19.018,212344.43
2021-04-02 08:00:00,19.0196,19.1466,18.9304,19.1032,187489.3
2021-04-02 12:00:00,19.1032,19.7017,19.0051,19.4936,378794.36
2021-04-02 16:00:00,19.4936,19.7201,18.9965,19.2665,307540.08
2021-04-02 20:00:00,19.2735,19.8003,19.2611,19.7501,223508.43
2021-04-03 00:00:00,19.7513,21.1835,19.7228,21.041,591228.24
2021-04-03 04:00:00,21.0411,21.88,20.8208,21.15,706991.1
2021-04-03 08:00:00,21.1538,22.6514,21.1538,22.5116,1340228.39
2021-04-03 12:00:00,22.4581,22.8,21.02,21.031,796928.36
2021-04-03 16:00:00,21.0204,22.531,20.4367,22.1705,1184621.42
2021-04-03 20:00:00,22.1594,23.8476,21.5059,22.5,1646321.99
2021-04-04 00:00:00,22.4672,23.7412,21.9867,22.7723,1253925.77
2021-04-04 04:00:00,22.7778,24.5,22.744,23.7662,1082128.33
2021-04-04 08:00:00,23.7662,24.5317,23.5172,23.6828,570432.71
2021-04-04 12:00:00,23.683,25.0,23.3169,24.7428,961560.6
2021-04-04 16:00:00,24.7557,25.5309,23.7702,24.1242,931682.92
2021-04-04 20:00:00,24.1101,24.1521,23.301,23.7755,474809.5
2021-04-05 00:00:00,23.7755,24.6232,23.1334,24.3263,563140.38
2021-04-05 04:00:00,24.3218,24.78,22.794,23.181,533351.32
2021-04-05 08:00:00,23.181,24.2984,22.9513,23.8241,378735.16
2021-04-05 12:00:00,23.8244,24.6201,23.29,24.1195,470163.35
2021-04-05 16:00:00,24.1023,24.429,23.4683,23.5505,442644.01
2021-04-05 20:00:00,23.5505,23.7565,22.7664,22.9717,433179.99
2021-04-06 00:00:00,22.9876,23.0836,22.4333,22.7268,446334.03
2021-04-06 04:00:00,22.741,23.2969,22.5814,23.0306,260492.31
2021-04-06 08:00:00,23.0306,23.7844,22.1769,22.8103,513130.31
2021-04-06 12:00:00,22.8102,23.4845,21.7554,22.7679,529729.91
2021-04-06 16:00:00,22.7358,24.6342,22.7059,24.2231,661622.74
2021-04-06 20:00:00,24.2214,25.3,24.0041,25.0548,915183.93
2021-04-07 00:00:00,25.0548,25.941,23.7736,25.1743,970393.67
2021-04-07 04:00:00,25.1841,26.4444,24.7156,25.3286,960561.55
2021-04-07 08:00:00,25.3023,25.47,22.9078,23.9988,1148325.38
2021-04-07 12:00:00,23.9737,27.5203,23.1071,26.5957,2281526.85
2021-04-07 16:00:00,26.6068,27.2734,25.2683,26.85,1414550.64
2021-04-07 20:00:00,26.88,27.482,26.1331,26.5385,1040300.54
2021-04-08 00:00:00,26.537,27.2,25.8961,26.0014,748343.48
2021-04-08 04:00:00,26.0397,27.2982,25.9611,27.0517,677645.01
2021-04-08 08:00:00,27.0425,27.9951,26.4748,26.5004,961889.4
2021-04-08 12:00:00,26.5112,27.1694,25.6431,26.1648,1063702.44
2021-04-08 16:00:00,26.1586,26.9579,26.0,26.2801,472664.11
2021-04-08 20:00:00,26.2802,27.0,26.0,26.9384,285309.17
2021-04-09 00:00:00,26.9261,28.0,26.7097,27.6372,585110.35
2021-04-09 04:00:00,27.6461,28.3586,27.3619,28.1507,499565.09
2021-04-09 08:00:00,28.1829,28.7843,27.7153,28.7004,609409.21
2021-04-09 12:00:00,28.699,29.0,27.9541,28.1554,539579.88
2021-04-09 16:00:00,28.1312,29.0,27.67,28.6446,474097.64
2021-04-09 20:00:00,28.66,28.7515,27.61,27.6172,329371.13
2021-04-10 00:00:00,27.6194,28.2948,27.4103,27.4569,668392.7
2021-04-10 04:00:00,27.4746,27.7778,26.7945,27.0398,586446.69
2021-04-10 08:00:00,27.0608,27.9743,27.0454,27.8592,313303.0
2021-04-10 12:00:00,27.8782,28.2025,26.8278,27.0614,434781.9
2021-04-10 16:00:00,27.0614,27.6,26.6105,26.6105,392090.62
2021-04-10 20:00:00,26.6105,26.8864,25.9017,26.8021,310982.15
2021-04-11 00:00:00,26.7993,27.0,26.1317,26.2044,309713.41
2021-04-11 04:00:00,26.2044,26.4224,25.5131,26.3355,465100.59
2021-04-11 08:00:00,26.3351,26.5225,25.9,26.0716,371289.71
2021-04-11 12:00:00,26.1036,27.9628,25.879,27.5901,546942.34
2021-04-11 16:00:00,27.5718,28.6369,27.3568,28.5467,489354.6
2021-04-11 20:00:00,28.5726,28.649,27.6509,27.8517,335285.16
2021-04-12 00:00:00,27.8598,29.9295,27.8025,28.938,712410.47
2021-04-12 04:00:00,28.9596,29.4444,28.2756,28.2983,489876.96
2021-04-12 08:00:00,28.2979,28.7369,27.3958,28.0877,536511.78
2021-04-12 12:00:00,28.0875,28.475,26.8049,27.114,482942.92
2021-04-12 16:00:00,27.1166,27.7293,26.9522,27.5368,290907.68
2021-04-12 20:00:00,27.5271,28.5989,27.3709,28.5424,329363.45
2021-04-13 00:00:00,28.5266,28.8162,27.8729,27.9154,346771.32
2021-04-13 04:00:00,27.9154,27.9527,26.3748,26.7951,382431.52
2021-04-13 08:00:00,26.7951,27.2803,26.2616,26.7485,496351.94
2021-04-13 12:00:00,26.7485,27.9632,26.6506,27.494,458706.7
2021-04-13 16:00:00,27.4938,28.2072,27.2066,27.6754,383352.47
2021-04-13 20:00:00,27.6754,27.9107,27.135,27.4507,208160.48
2021-04-14 00:00:00,27.4571,27.5613,26.2209,26.8034,717678.24
2021-04-14 04:00:00,26.8032,27.3014,26.22,26.3519,538037.04
2021-04-14 08:00:00,26.3452,26.8721,25.4909,25.99,519367.68
2021-04-14 12:00:00,26.0,26.2345,24.7,25.7589,668385.84
2021-04-14 16:00:00,25.7587,27.1586,25.0059,25.4339,796657.74
2021-04-14 20:00:00,25.4336,26.6,25.1808,26.4067,383836.74
2021-04-15 00:00:00,26.4182,26.6692,25.4723,25.7145,331671.4
2021-04-15 04:00:00,25.72,26.9,25.4479,26.7502,336055.4
2021-04-15 08:00:00,26.7532,26.997,26.3317,26.559,311030.69
2021-04-15 12:00:00,26.5397,27.6871,26.5285,27.2446,501137.05
2021-04-15 16:00:00,27.2649,27.536,26.7152,27.3167,257845.04
2021-04-15 20:00:00,27.3162,28.2,27.178,27.7816,408914.06
2021-04-16 00:00:00,27.7946,28.2571,27.4,27.9753,480079.92
2021-04-16 04:00:00,27.9677,28.1359,26.7286,26.9631,400261.26
2021-04-16 08:00:00,26.9468,27.1956,25.4756,26.1271,560105.51
2021-04-16 12:00:00,26.092,26.2051,24.8547,25.9811,516404.64
2021-04-16 16:00:00,25.958,26.0,25.3821,25.7419,403852.91
2021-04-16 20:00:00,25.7318,26.0,25.2039,25.2996,313208.08
2021-04-17 00:00:00,25.2926,25.8262,25.1171,25.7718,378430.54
2021-04-17 04:00:00,25.7635,26.2764,25.3643,26.1823,419819.45
2021-04-17 08:00:00,26.1925,26.7914,25.6935,25.8858,499539.77
2021-04-17 12:00:00,25.87,26.7501,25.6813,25.9826,439667.25
2021-04-17 16:00:00,25.8983,26.3374,25.15,25.2978,465736.9
2021-04-17 20:00:00,25.3141,25.6688,24.8181,24.85,239543.48
2021-04-18 00:00:00,24.8517,24.9761,21.1,22.0209,1037083.85
2021-04-18 04:00:00,22.0,27.7,21.9435,27.2368,2077333.31
2021-04-18 08:00:00,27.2438,28.6484,24.8874,25.3046,2530169.34
2021-04-18 12:00:00,25.3218,28.2921,25.2411,28.1281,1507294.94
2021-04-18 16:00:00,28.1237,30.707,27.1,30.2,2164313.51
2021-04-18 20:00:00,30.2,32.99,29.4152,32.3358,2383202.1
2021-04-19 00:00:00,32.3324,32.625,30.5374,31.8023,1704586.21
2021-04-19 04:00:00,31.8015,31.8021,30.08,30.7771,918767.88
2021-04-19 08:00:00,30.7973,34.95,29.8066,33.8528,2240750.18
2021-04-19 12:00:00,33.8521,34.9677,29.9676,30.4763,2836407.47
2021-04-19 16:00:00,30.4903,36.095,29.9617,34.3911,3243327.06
2021-04-19 20:00:00,34.407,34.7672,31.4176,31.4711,1131432.1
2021-04-20 00:00:00,31.5303,31.9068,28.81,30.4787,1243373.67
2021-04-20 04:00:00,30.443,32.8,29.2,29.7888,1621768.25
2021-04-20 08:00:00,29.7888,31.6584,29.4285,31.2561,1316207.4
2021-04-20 12:00:00,31.2397,31.378,28.9675,29.7206,991217.68
2021-04-20 16:00:00,29.7064,32.0,29.4229,31.7825,1033075.68
2021-04-20 20:00:00,31.7873,32.4477,31.2561,31.7028,830458.24
2021-04-21 00:00:00,31.6939,33.9,30.4041,32.6112,1083664.71
2021-04-21 04:00:00,32.5902,32.9914,31.4222,31.751,756069.39
2021-04-21 08:00:00,31.7411,31.9367,30.2148,30.7265,702462.9
2021-04-21 12:00:00,30.7486,35.1801,30.1101,34.3608,1767386.61
2021-04-21 16:00:00,34.3807,34.6673,32.9246,33.7102,878952.27
2021-04-21 20:00:00,33.6678,34.5896,31.7136,32.5534,1384791.21
2021-04-22 00:00:00,32.5965,37.0,31.4586,35.8759,2719833.26
2021-04-22 04:00:00,35.867,37.9846,35.38,37.8,1591628.97
2021-04-22 08:00:00,37.8022,37.8524,35.5392,36.493,1598862.66
2021-04-22 12:00:00,36.5141,38.9698,35.9495,38.8781,1325851.08
2021-04-22 16:00:00,38.8781,40.7467,36.96,38.2875,2926451.83
2021-04-22 20:00:00,38.274,41.1587,34.0,38.9,3854903.06
2021-04-23 00:00:00,38.8718,41.74,34.1,36.5064,4296971.22
2021-04-23 04:00:00,36.561,36.8108,32.05,32.2237,3120226.54
2021-04-23 08:00:00,32.1733,35.7945,31.4936,35.2822,2948809.09
2021-04-23 12:00:00,35.3016,36.8,33.8,34.9074,1995168.23
2021-04-23 16:00:00,34.8698,36.2226,33.4,35.7896,1070659.91
2021-04-23 20:00:00,35.7872,37.8875,35.7714,37.3893,1273313.49
2021-04-24 00:00:00,37.3018,37.8,34.5861,35.8534,1167414.32
2021-04-24 04:00:00,35.8404,37.18,35.33,35.9136,813761.81
2021-04-24 08:00:00,35.93,37.24,35.0,35.3061,1081935.7
2021-04-24 12:00:00,35.3061,37.0756,35.0139,36.9661,852168.51
2021-04-24 16:00:00,36.9958,42.85,36.3,42.1004,3679730.7
2021-04-24 20:00:00,42.0783,43.6397,40.2187,40.8401,2127774.02
2021-04-25 00:00:00,40.8525,43.6146,40.572,40.9943,2038993.56
2021-04-25 04:00:00,40.9857,41.3333,40.9747,41.2849,1393.58
2021-04-25 08:00:00,41.3079,43.0,40.843,42.057,1173163.49
2021-04-25 12:00:00,42.091,47.0,41.88,46.724,2515453.7
2021-04-25 16:00:00,46.661,47.002,43.223,44.027,2269792.731
2021-04-25 20:00:00,44.045,48.644,41.654,47.405,3965956.74
2021-04-26 00:00:00,47.395,48.3,44.79,47.189,2883356.742
2021-04-26 04:00:00,47.169,48.499,45.666,47.858,1599618.21
2021-04-26 08:00:00,47.847,48.378,45.309,45.406,1587536.414
2021-04-26 12:00:00,45.453,47.5,44.8,46.851,1449477.809
2021-04-26 16:00:00,46.863,47.25,44.86,45.326,1176090.319
2021-04-26 20:00:00,45.321,45.7,43.267,43.878,2383091.108
2021-04-27 00:00:00,43.884,46.606,43.6,45.065,1379966.811
2021-04-27 04:00:00,45.085,46.382,44.353,45.653,885501.304
2021-04-27 08:00:00,45.65,46.297,44.595,45.136,937212.556
2021-04-27 12:00:00,45.132,45.26,42.5,43.898,1785844.999
2021-04-27 16:00:00,43.882,44.06,42.539,43.417,1084012.045
2021-04-27 20:00:00,43.403,44.65,43.0,43.147,1029311.003
2021-04-28 00:00:00,43.147,45.095,42.025,43.159,1383663.539
2021-04-28 04:00:00,43.163,43.666,40.516,42.453,1216460.626
2021-04-28 08:00:00,42.453,44.15,41.425,44.105,924166.54
2021-04-28 12:00:00,44.105,46.563,43.898,45.831,2592306.664
2021-04-28 16:00:00,45.831,46.962,45.0,45.598,944594.459
2021-04-28 20:00:00,45.6,45.918,43.868,44.833,793874.491
2021-04-29 00:00:00,44.831,46.233,42.202,43.214,1344376.432
2021-04-29 04:00:00,43.214,44.49,43.035,43.649,772736.027
2021-04-29 08:00:00,43.649,44.518,42.6,44.094,1166941.382
2021-04-29 12:00:00,44.08,44.69,43.295,44.266,682940.338
2021-04-29 16:00:00,44.26,44.745,40.906,41.978,1245767.816
2021-04-29 20:00:00,41.976,42.7,41.239,42.484,592619.226
2021-04-30 00:00:00,42.452,42.935,41.21,42.255,606306.736
2021-04-30 04:00:00,42.311,43.053,42.258,43.003,444415.705
2021-04-30 08:00:00,43.01,44.313,42.682,42.957,632862.12
2021-04-30 12:00:00,42.958,43.636,42.117,42.633,690562.262
2021-04-30 16:00:00,42.633,43.99,42.18,43.727,612162.666
2021-04-30 20:00:00,43.741,43.742,42.61,42.786,316363.822
2021-05-01 00:00:00,42.786,43.041,42.001,43.033,704143.247
2021-05-01 04:00:00,43.033,43.51,42.567,42.834,406975.241
2021-05-01 08:00:00,42.828,44.5,42.324,44.403,679307.341
2021-05-01 12:00:00,44.393,47.867,43.659,47.36,1587256.639
2021-05-01 16:00:00,47.36,49.5,46.603,49.45,1532571.508
2021-05-01 20:00:00,49.461,49.88,47.144,49.67,893794.069
2021-05-02 00:00:00,49.646,49.99,47.077,47.472,793731.313
2021-05-02 04:00:00,47.416,48.4,46.0,46.55,782841.496
2021-05-02 08:00:00,46.55,47.682,45.904,46.651,713145.858
2021-05-02 12:00:00,46.651,47.5,46.0,47.04,697712.939
2021-05-02 16:00:00,47.011,48.23,46.68,47.902,437159.181
2021-05-02 20:00:00,47.881,48.093,46.274,46.897,369820.458
2021-05-03 00:00:00,46.926,47.922,46.671,47.639,392388.184
2021-05-03 04:00:00,47.663,48.968,47.399,48.469,497472.98
2021-05-03 08:00:00,48.47,49.0,47.608,48.24,486957.85
2021-05-03 12:00:00,48.24,48.6,46.653,47.837,655411.852
2021-05-03 16:00:00,47.845,47.996,46.8,47.022,637290.213
2021-05-03 20:00:00,47.022,47.035,44.774,45.912,1016486.29
2021-05-04 00:00:00,45.935,45.969,43.128,45.02,970856.804
2021-05-04 04:00:00,44.997,47.3,44.792,45.935,579617.715
2021-05-04 08:00:00,45.922,47.81,45.426,47.073,532198.45
2021-05-04 12:00:00,47.072,47.355,42.995,43.594,982658.06
2021-05-04 16:00:00,43.602,44.776,42.26,44.551,662744.892
2021-05-04 20:00:00,44.551,45.0,42.636,42.636,452481.46
2021-05-05 00:00:00,42.636,45.205,42.305,43.865,540945.054
2021-05-05 04:00:00,43.88,44.5,42.938,44.498,387102.698
2021-05-05 08:00:00,44.5,45.81,44.0,44.391,525510.882
2021-05-05 12:00:00,44.361,45.055,43.93,44.188,477374.999
2021-05-05 16:00:00,44.188,45.967,44.11,45.962,496937.868
2021-05-05 20:00:00,45.951,46.0,44.401,44.98,344950.022
2021-05-06 00:00:00,44.965,44.98,43.556,44.194,325750.397
2021-05-06 04:00:00,44.193,44.619,43.034,43.85,354947.785
2021-05-06 08:00:00,43.832,44.749,43.301,44.54,404394.032
2021-05-06 12:00:00,44.542,44.578,43.451,43.711,367842.758
2021-05-06 16:00:00,43.724,43.855,42.55,43.799,571710.891
2021-05-06 20:00:00,43.773,43.92,42.997,43.496,312617.149
2021-05-07 00:00:00,43.496,43.746,41.603,41.985,457243.558
2021-05-07 04:00:00,41.985,42.789,41.42,42.251,454704.808
2021-05-07 08:00:00,42.251,43.072,41.96,42.697,291259.932
2021-05-07 12:00:00,42.697,45.03,42.344,44.947,586564.095
2021-05-07 16:00:00,44.942,46.243,43.322,43.766,1127217.174
2021-05-07 20:00:00,43.77,44.5,42.226,43.182,342656.832
2021-05-08 00:00:00,43.154,43.667,42.275,43.514,237521.262
2021-05-08 04:00:00,43.533,43.64,42.681,43.626,257585.517
2021-05-08 08:00:00,43.624,44.65,43.523,44.257,389814.386
2021-05-08 12:00:00,44.241,45.5,43.408,43.553,639141.049
2021-05-08 16:00:00,43.564,45.346,43.523,44.897,456172.544
2021-05-08 20:00:00,44.881,46.65,44.279,45.612,558858.253
2021-05-09 00:00:00,45.632,47.15,44.54,44.569,598311.129
2021-05-09 04:00:00,44.574,46.2,42.6,44.712,750873.763
2021-05-09 08:00:00,44.712,45.447,44.277,44.8,391143.009
2021-05-09 12:00:00,44.8,44.917,43.285,44.159,465144.347
2021-05-09 16:00:00,44.189,45.0,43.994,44.23,453313.516
2021-05-09 20:00:00,44.245,44.972,43.971,44.33,436232.953
2021-05-10 00:00:00,44.33,45.455,44.174,45.025,350319.566
2021-05-10 04:00:00,45.024,45.89,44.75,45.488,331006.829
2021-05-10 08:00:00,45.488,45.532,43.628,43.918,382657.582
2021-05-10 12:00:00,43.915,44.366,43.067,43.881,375845.058
2021-05-10 16:00:00,43.881,43.94,42.0,42.088,451359.236
2021-05-10 20:00:00,42.041,44.0,39.0,42.854,978360.746
2021-05-11 00:00:00,42.868,42.99,40.0,40.4,544460.6
2021-05-11 04:00:00,40.4,41.66,39.7,41.62,388327.502
2021-05-11 08:00:00,41.622,42.2,40.149,41.408,483814.609
2021-05-11 12:00:00,41.39,41.669,40.047,41.377,417211.753
2021-05-11 16:00:00,41.437,43.0,41.251,42.956,344123.148
2021-05-11 20:00:00,42.943,45.18,42.648,44.538,580470.082
2021-05-12 00:00:00,44.579,45.6,43.991,44.469,491605.212
2021-05-12 04:00:00,44.469,45.8,43.684,44.838,467046.05
2021-05-12 08:00:00,44.849,46.706,44.645,46.088,822246.176
2021-05-12 12:00:00,46.088,48.2,44.916,47.45,1657063.633
2021-05-12 16:00:00,47.412,47.807,42.624,44.869,1586375.428
2021-05-12 20:00:00,44.85,49.243,42.18,43.709,2568423.629
2021-05-13 00:00:00,43.394,45.501,40.0,42.614,1884494.41
2021-05-13 04:00:00,42.58,45.026,42.464,44.272,808504.137
2021-05-13 08:00:00,44.203,44.581,40.4,41.575,1017169.023
2021-05-13 12:00:00,41.547,43.403,41.036,41.401,897593.142
2021-05-13 16:00:00,41.419,42.03,37.43,39.06,1803056.91
2021-05-13 20:00:00,39.108,41.871,38.703,41.049,751829.439
2021-05-14 00:00:00,41.051,42.391,40.222,40.806,673081.32
2021-05-14 04:00:00,40.809,41.211,39.901,41.084,409419.662
2021-05-14 08:00:00,41.087,43.2,41.084,42.795,726021.864
2021-05-14 12:00:00,42.791,44.897,41.86,44.619,648248.65
2021-05-14 16:00:00,44.6,44.769,43.117,43.149,463816.96
2021-05-14 20:00:00,43.149,43.3,41.405,42.7,501249.821
2021-05-15 00:00:00,42.697,43.037,41.72,42.148,371997.785
2021-05-15 04:00:00,42.148,42.736,40.508,40.804,427562.386
2021-05-15 08:00:00,40.785,41.516,40.284,41.206,386249.495
2021-05-15 12:00:00,41.191,41.9,40.033,41.351,456628.625
2021-05-15 16:00:00,41.36,42.282,39.305,42.282,773215.89
2021-05-15 20:00:00,42.275,45.5,41.841,43.486,941454.436
2021-05-16 00:00:00,43.462,47.87,43.059,47.614,1454367.212
2021-05-16 04:00:00,47.614,47.842,45.768,46.468,717221.071
2021-05-16 08:00:00,46.455,48.0,45.931,47.184,757032.883
2021-05-16 12:00:00,47.19,52.6,46.962,48.49,3807950.221
2021-05-16 16:00:00,48.461,49.9,41.602,43.654,3542530.975
2021-05-16 20:00:00,43.642,49.999,42.2,46.85,2883765.067
2021-05-17 00:00:00,46.85,47.67,43.514,44.029,1685628.94
2021-05-17 04:00:00,44.002,51.098,43.01,50.57,3076777.171
2021-05-17 08:00:00,50.608,51.594,47.7,50.137,2092171.495
2021-05-17 12:00:00,50.173,50.536,47.62,48.551,1602036.936
2021-05-17 16:00:00,48.517,51.985,45.688,49.155,4317150.62
2021-05-17 20:00:00,49.115,50.001,46.0,46.708,1065311.316
2021-05-18 00:00:00,46.747,48.406,46.051,47.743,1079498.0
2021-05-18 04:00:00,47.733,51.978,47.497,51.96,1638678.156
2021-05-18 08:00:00,51.943,55.137,51.508,54.516,2287835.775
2021-05-18 12:00:00,54.506,55.043,51.0,53.412,2515655.621
2021-05-18 16:00:00,53.391,58.38,53.029,55.16,3605022.764
2021-05-18 20:00:00,55.189,56.968,53.524,55.977,1411856.382
2021-05-19 00:00:00,55.969,57.691,50.928,51.974,2511699.326
2021-05-19 04:00:00,51.974,52.682,44.0,50.863,4410236.589
2021-05-19 08:00:00,50.871,51.0,38.6,43.969,3598068.949
2021-05-19 12:00:00,43.943,47.3,26.5,46.324,6755610.097
2021-05-19 16:00:00,46.331,47.5,40.0,40.857,2761481.601
2021-05-19 20:00:00,40.838,41.632,34.95,34.988,2222871.287
2021-05-20 00:00:00,34.987,39.706,32.0,36.451,2775320.304
2021-05-20 04:00:00,36.451,42.476,35.93,41.682,2252049.608
2021-05-20 08:00:00,41.666,44.11,39.286,43.238,1736393.149
2021-05-20 12:00:00,43.209,46.4,42.453,45.878,2285635.041
2021-05-20 16:00:00,45.878,53.0,42.0,44.831,6931549.698
2021-05-20 20:00:00,44.867,48.299,43.835,44.42,1888858.108
2021-05-21 00:00:00,44.367,47.7,44.313,45.446,1435771.792
2021-05-21 04:00:00,45.447,45.76,42.944,43.961,1830249.971
2021-05-21 08:00:00,43.971,44.319,41.0,42.214,1857123.67
2021-05-21 12:00:00,42.178,42.669,35.7,36.922,3956099.301
2021-05-21 16:00:00,36.909,40.2,36.396,38.159,2350256.643
2021-05-21 20:00:00,38.11,38.987,33.673,38.925,2311199.264
2021-05-22 00:00:00,38.925,40.0,36.659,37.68,1455226.548
2021-05-22 04:00:00,37.69,38.249,34.61,35.153,2104736.558
2021-05-22 08:00:00,35.155,37.869,35.155,36.953,1656207.988
2021-05-22 12:00:00,36.982,38.329,34.653,35.367,1576774.883
2021-05-22 16:00:00,35.357,35.499,31.134,31.35,2275576.576
2021-05-22 20:00:00,31.35,33.745,31.147,31.222,1053575.452
2021-05-23 00:00:00,31.222,32.4,29.082,30.247,2157676.151
2021-05-23 04:00:00,30.24,30.409,25.702,26.664,2924211.48
2021-05-23 08:00:00,26.684,26.859,21.337,25.671,7236602.737
2021-05-23 12:00:00,25.634,26.249,22.0,22.897,4401725.749
2021-05-23 16:00:00,22.904,23.564,19.117,22.939,5934739.264
2021-05-23 20:00:00,22.928,26.4,22.5,24.536,3132195.483
2021-05-24 00:00:00,24.53,27.571,24.496,26.625,2408873.33
2021-05-24 04:00:00,26.649,28.85,25.852,28.533,2635936.506
2021-05-24 08:00:00,28.548,31.0,27.069,30.282,3824806.922
2021-05-24 12:00:00,30.303,32.0,29.118,30.287,3165936.903
2021-05-24 16:00:00,30.305,32.0,28.6,31.925,2040140.032
2021-05-24 20:00:00,31.855,32.19,29.808,31.416,1338608.63
2021-05-25 00:00:00,31.42,33.195,28.709,29.192,1976962.161
2021-05-25 04:00:00,29.174,30.148,27.617,29.574,1896419.506
2021-05-25 08:00:00,29.602,29.626,25.915,26.313,2222227.749
2021-05-25 12:00:00,26.277,29.674,26.108,29.5,2084142.014
2021-05-25 16:00:00,29.578,29.97,28.152,28.381,1117284.61
2021-05-25 20:00:00,28.412,31.29,28.31,29.973,1003897.568
2021-05-26 00:00:00,29.985,32.499,28.858,32.487,1790435.616
2021-05-26 04:00:00,32.497,35.648,31.404,35.029,2261696.655
2021-05-26 08:00:00,35.044,36.35,32.992,36.176,1927254.288
2021-05-26 12:00:00,36.187,37.25,33.239,34.301,2565892.473
2021-05-26 16:00:00,34.289,35.23,32.678,33.535,1297283.199
2021-05-26 20:00:00,33.536,35.769,33.366,35.43,758781.003
2021-05-27 00:00:00,35.427,35.594,30.976,31.852,1386217.475
2021-05-27 04:00:00,31.851,33.462,31.423,33.133,758741.723
2021-05-27 08:00:00,33.149,35.245,32.351,35.054,1039595.067
2021-05-27 12:00:00,35.054,35.272,33.759,34.165,967818.501
2021-05-27 16:00:00,34.14,34.567,32.775,34.439,625669.304
2021-05-27 20:00:00,34.467,35.445,33.385,33.747,920812.606
2021-05-28 00:00:00,33.761,34.551,33.02,33.824,526184.035
2021-05-28 04:00:00,33.829,33.845,30.0,31.046,1268408.991
2021-05-28 08:00:00,31.034,31.282,28.211,28.48,1583894.678
2021-05-28 12:00:00,28.51,31.842,28.27,31.149,1318902.405
2021-05-28 16:00:00,31.149,31.5,30.186,30.815,663273.416
2021-05-28 20:00:00,30.803,31.239,28.0,28.989,1010063.226
2021-05-29 00:00:00,28.993,29.986,28.634,29.451,521346.689
2021-05-29 04:00:00,29.449,30.066,28.435,29.139,636655.387
2021-05-29 08:00:00,29.126,29.393,27.641,28.728,776827.07
2021-05-29 12:00:00,28.749,28.749,26.376,26.982,858222.21
2021-05-29 16:00:00,26.981,27.518,25.713,26.041,630454.898
2021-05-29 20:00:00,26.041,27.683,25.7,27.388,488043.346
2021-05-30 00:00:00,27.407,27.672,25.586,26.764,725734.85
2021-05-30 04:00:00,26.797,29.612,26.682,29.578,852144.409
2021-05-30 08:00:00,29.581,29.781,28.519,29.412,707379.729
2021-05-30 12:00:00,29.409,29.469,27.388,27.803,663760.749
2021-05-30 16:00:00,27.801,29.436,27.583,29.109,572482.854
2021-05-30 20:00:00,29.094,29.491,28.423,28.588,442738.328
2021-05-31 00:00:00,28.573,29.029,27.489,28.059,436840.839
2021-05-31 04:00:00,28.042,30.787,27.639,30.599,732964.994
2021-05-31 08:00:00,30.603,32.414,30.3,31.55,1460315.65
2021-05-31 12:00:00,31.549,32.797,30.533,32.646,1114302.814
2021-05-31 16:00:00,32.642,33.014,31.298,31.607,967711.803
2021-05-31 20:00:00,31.607,32.977,31.353,32.75,461150.371
2021-06-01 00:00:00,32.759,32.923,31.241,32.207,712752.034
2021-06-01 04:00:00,32.208,33.285,31.899,32.121,700009.924
2021-06-01 08:00:00,32.122,32.327,30.6,32.057,824230.925
2021-06-01 12:00:00,32.057,32.291,30.805,31.185,777608.13
2021-06-01 16:00:00,31.202,31.464,29.852,30.08,627009.061
2021-06-01 20:00:00,30.091,31.142,30.0,30.938,405255.128
2021-06-02 00:00:00,30.931,31.262,30.402,31.038,318811.678
2021-06-02 04:00:00,31.014,31.868,30.836,31.723,436945.079
2021-06-02 08:00:00,31.703,32.571,31.397,32.419,630416.79
2021-06-02 12:00:00,32.419,34.24,32.393,33.646,1333367.049
2021-06-02 16:00:00,33.633,35.129,33.386,34.173,1159620.596
2021-06-02 20:00:00,34.171,34.696,33.351,33.994,670127.941
2021-06-03 00:00:00,33.994,35.834,33.736,35.529,815473.177
2021-06-03 04:00:00,35.533,37.371,35.146,36.665,1010726.491
2021-06-03 08:00:00,36.651,37.67,36.239,36.756,1013528.775
2021-06-03 12:00:00,36.754,39.774,36.009,38.489,2299813.961
2021-06-03 16:00:00,38.496,39.9,38.016,39.485,1243148.038
2021-06-03 20:00:00,39.487,41.523,39.259,39.602,1479534.652
2021-06-04 00:00:00,39.599,39.737,36.95,38.84,1849516.755
2021-06-04 04:00:00,38.839,39.216,34.864,36.716,1698362.347
2021-06-04 08:00:00,36.705,38.078,34.965,35.584,1599072.434
2021-06-04 12:00:00,35.565,38.495,34.187,38.174,1832818.449
2021-06-04 16:00:00,38.173,38.809,37.0,37.761,1140455.348
2021-06-04 20:00:00,37.765,39.125,36.731,37.338,705590.605
2021-06-05 00:00:00,37.356,42.5,36.982,41.45,1777595.565
2021-06-05 04:00:00,41.44,42.787,41.309,41.506,1126940.074
2021-06-05 08:00:00,41.526,41.943,39.317,40.043,1739130.768
2021-06-05 12:00:00,40.022,41.551,39.089,40.509,1780073.758
2021-06-05 16:00:00,40.5,40.679,39.23,39.501,939275.051
2021-06-05 20:00:00,39.481,40.138,37.473,39.633,1291807.979
2021-06-06 00:00:00,39.663,40.653,38.912,39.685,857834.968
2021-06-06 04:00:00,39.696,40.482,39.152,39.75,606783.79
2021-06-06 08:00:00,39.739,41.494,39.739,40.557,926420.234
2021-06-06 12:00:00,40.57,43.0,40.19,42.836,1673801.4
2021-06-06 16:00:00,42.838,43.4,41.397,41.648,1249354.864
2021-06-06 20:00:00,41.619,42.966,41.449,42.205,837469.038
2021-06-07 00:00:00,42.2,43.95,41.688,42.596,1135412.243
2021-06-07 04:00:00,42.6,44.0,42.31,43.751,1009415.282
2021-06-07 08:00:00,43.766,44.2,43.01,43.3,870248.32
2021-06-07 12:00:00,43.29,44.08,41.84,42.176,1273017.515
2021-06-07 16:00:00,42.176,42.803,41.136,42.795,1206767.888
2021-06-07 20:00:00,42.776,42.974,37.8,38.235,2555170.087
2021-06-08 00:00:00,38.2,39.784,35.213,37.519,2431807.684
2021-06-08 04:00:00,37.502,38.09,34.711,36.796,2887431.027
2021-06-08 08:00:00,36.809,38.154,35.403,37.25,2153985.958
2021-06-08 12:00:00,37.26,37.5,33.6,36.683,3566614.247
2021-06-08 16:00:00,36.665,41.444,36.5,41.145,3532216.968
2021-06-08 20:00:00,41.145,42.596,40.013,41.245,2330488.791
2021-06-09 00:00:00,41.245,41.783,39.291,40.577,1844907.617
2021-06-09 04:00:00,40.566,43.984,39.63,42.979,2304329.829
2021-06-09 08:00:00,42.992,43.9,42.049,43.551,1890296.691
2021-06-09 12:00:00,43.563,44.0,41.322,42.536,2493551.041
2021-06-09 16:00:00,42.522,43.173,40.967,41.748,1516829.115
2021-06-09 20:00:00,41.748,42.782,41.523,42.032,714338.643
2021-06-10 00:00:00,42.032,42.075,40.6,40.724,855114.47
2021-06-10 04:00:00,40.745,42.4,40.62,42.124,765919.504
2021-06-10 08:00:00,42.127,43.097,41.068,41.979,1115454.728
2021-06-10 12:00:00,41.966,42.28,40.804,41.111,768227.105
2021-06-10 16:00:00,41.121,41.55,39.459,40.946,1142647.165
2021-06-10 20:00:00,40.95,41.5,40.0,41.105,507745.099
2021-06-11 00:00:00,41.091,41.376,39.28,40.171,671748.698
2021-06-11 04:00:00,40.167,40.359,38.317,38.729,831769.512
2021-06-11 08:00:00,38.733,39.85,38.662,39.314,579985.193
2021-06-11 12:00:00,39.351,39.99,37.75,37.8,663022.775
2021-06-11 16:00:00,37.806,38.27,36.808,37.143,925627.706
2021-06-11 20:00:00,37.143,37.31,35.074,36.157,1088836.194
2021-06-12 00:00:00,36.131,36.187,34.1,35.431,1097020.216
2021-06-12 04:00:00,35.426,36.5,34.56,36.122,1204623.688
2021-06-12 08:00:00,36.087,36.698,35.0,36.624,1069899.853
2021-06-12 12:00:00,36.65,37.64,36.125,36.586,871247.828
2021-06-12 16:00:00,36.587,37.315,36.376,36.441,496614.085
2021-06-12 20:00:00,36.472,37.6,36.277,36.476,456837.328
2021-06-13 00:00:00,36.492,37.355,35.526,35.753,435059.383
2021-06-13 04:00:00,35.753,36.273,35.302,35.743,495819.209
2021-06-13 08:00:00,35.74,36.382,35.505,35.856,448058.05
2021-06-13 12:00:00,35.851,36.163,34.72,34.969,491384.49
2021-06-13 16:00:00,34.964,39.0,34.905,38.1,1358484.086
2021-06-13 20:00:00,38.1,39.442,38.1,38.706,834523.894
2021-06-14 00:00:00,38.713,39.244,37.645,37.871,658921.64
2021-06-14 04:00:00,37.88,38.282,37.615,37.783,508998.872
2021-06-14 08:00:00,37.792,37.862,36.981,37.323,529933.402
2021-06-14 12:00:00,37.32,40.012,36.627,39.862,1440754.754
2021-06-14 16:00:00,39.88,40.561,38.462,39.002,1078859.078
2021-06-14 20:00:00,39.005,39.88,38.643,39.694,372676.533
2021-06-15 00:00:00,39.7,40.991,39.323,40.545,659583.917
2021-06-15 04:00:00,40.546,41.344,40.357,41.294,657842.396
2021-06-15 08:00:00,41.309,41.741,40.034,40.538,827934.771
2021-06-15 12:00:00,40.516,41.019,39.459,39.981,522898.653
2021-06-15 16:00:00,39.997,41.53,39.886,40.043,678264.583
2021-06-15 20:00:00,40.054,40.323,39.154,39.536,379475.241
2021-06-16 00:00:00,39.513,39.526,38.691,39.041,359329.317
2021-06-16 04:00:00,39.051,39.915,38.89,39.439,330903.947
2021-06-16 08:00:00,39.442,39.788,37.7,38.082,548388.145
2021-06-16 12:00:00,38.082,39.787,37.455,39.539,883906.344
2021-06-16 16:00:00,39.535,41.75,38.57,39.499,2355587.742
2021-06-16 20:00:00,39.499,40.524,38.728,39.728,577216.373
2021-06-17 00:00:00,39.73,40.564,39.444,40.291,455539.088
2021-06-17 04:00:00,40.298,41.044,39.803,41.005,470717.516
2021-06-17 08:00:00,41.006,41.264,40.414,40.646,457177.707
2021-06-17 12:00:00,40.666,40.75,39.422,40.27,629110.841
2021-06-17 16:00:00,40.27,40.385,38.211,39.291,807387.184
2021-06-17 20:00:00,39.279,39.644,38.555,39.265,454689.642
2021-06-18 00:00:00,39.259,39.342,38.2,39.172,285396.842
2021-06-18 04:00:00,39.19,39.502,38.55,39.015,270231.761
2021-06-18 08:00:00,39.018,39.13,37.828,38.215,534292.978
2021-06-18 12:00:00,38.227,38.292,35.485,35.554,1327724.798
2021-06-18 16:00:00,35.544,36.84,34.898,35.414,905817.444
2021-06-18 20:00:00,35.409,36.864,35.291,36.82,453674.983
2021-06-19 00:00:00,36.802,37.318,35.01,35.68,580910.025
2021-06-19 04:00:00,35.684,36.399,35.308,36.331,290848.424
2021-06-19 08:00:00,36.327,36.463,35.768,36.343,264460.312
2021-06-19 12:00:00,36.345,36.95,35.852,36.268,394855.427
2021-06-19 16:00:00,36.27,36.386,34.901,35.566,399524.036
2021-06-19 20:00:00,35.547,36.037,35.1,35.19,286039.804
2021-06-20 00:00:00,35.195,35.427,34.329,34.972,306883.448
2021-06-20 04:00:00,34.968,35.638,34.874,35.318,188852.403
2021-06-20 08:00:00,35.328,35.434,32.237,32.493,1001788.836
2021-06-20 12:00:00,32.491,34.5,31.3,33.764,1292018.308
2021-06-20 16:00:00,33.759,35.48,33.481,35.019,656526.246
2021-06-20 20:00:00,35.035,35.949,34.744,35.257,492752.289
2021-06-21 00:00:00,35.248,35.499,32.571,32.77,532608.009
2021-06-21 04:00:00,32.771,33.392,30.179,31.071,1583736.295
2021-06-21 08:00:00,31.062,31.872,28.353,30.498,2025284.852
2021-06-21 12:00:00,30.498,31.4,29.01,29.642,1610676.556
2021-06-21 16:00:00,29.684,30.022,27.506,28.58,1074821.704
2021-06-21 20:00:00,28.596,28.75,25.925,26.59,1386789.211
2021-06-22 00:00:00,26.597,28.813,25.0,27.938,2069741.288
2021-06-22 04:00:00,27.972,28.113,26.054,26.495,836126.034
2021-06-22 08:00:00,26.495,26.526,22.01,22.044,2430126.618
2021-06-22 12:00:00,22.058,26.754,20.187,25.66,6209851.304
2021-06-22 16:00:00,25.666,28.286,25.483,26.446,2991228.754
2021-06-22 20:00:00,26.441,27.87,25.757,26.958,1251751.958
2021-06-23 00:00:00,26.957,31.315,25.626,29.974,3040180.151
2021-06-23 04:00:00,29.952,30.96,29.525,30.64,1573767.166
2021-06-23 08:00:00,30.625,31.848,30.025,30.987,1585091.775
2021-06-23 12:00:00,30.994,32.9,28.949,29.056,2873202.318
2021-06-23 16:00:00,29.056,30.799,28.358,28.45,1739644.799
2021-06-23 20:00:00,28.445,31.041,28.3,30.837,1154425.044
2021-06-24 00:00:00,30.835,31.279,28.501,28.982,1576977.343
2021-06-24 04:00:00,28.981,29.95,28.481,29.429,916243.485
2021-06-24 08:00:00,29.441,30.811,29.316,30.731,912708.775
2021-06-24 12:00:00,30.728,31.63,30.0,30.719,1250580.82
2021-06-24 16:00:00,30.725,33.0,30.269,32.108,1796978.237
2021-06-24 20:00:00,32.108,32.5,31.137,31.141,760604.252
2021-06-25 00:00:00,31.144,32.8,31.1,32.679,993267.021
2021-06-25 04:00:00,32.652,32.989,30.819,31.265,917412.675
2021-06-25 08:00:00,31.261,31.826,29.393,29.574,1276176.434
2021-06-25 12:00:00,29.593,30.792,28.65,29.058,1804430.472
2021-06-25 16:00:00,29.07,29.78,27.949,29.416,1648579.981
2021-06-25 20:00:00,29.417,29.671,28.31,28.641,653276.593
2021-06-26 00:00:00,28.619,30.181,28.32,29.203,1134227.44
2021-06-26 04:00:00,29.219,30.0,27.171,27.309,1009366.658
2021-06-26 08:00:00,27.288,29.011,26.659,28.806,1846433.735
2021-06-26 12:00:00,28.794,28.99,27.098,28.43,1239718.083
2021-06-26 16:00:00,28.408,28.619,27.433,28.275,724773.128
2021-06-26 20:00:00,28.259,29.754,27.655,29.698,538465.19
2021-06-27 00:00:00,29.691,30.929,29.186,30.65,1240095.99
2021-06-27 04:00:00,30.661,30.857,29.623,30.613,842024.234
2021-06-27 08:00:00,30.609,30.85,29.773,30.445,1025044.47
2021-06-27 12:00:00,30.458,31.2,29.987,30.17,1250521.699
2021-06-27 16:00:00,30.17,30.5,29.601,29.917,511126.062
2021-06-27 20:00:00,29.917,31.95,29.618,31.897,982399.459
2021-06-28 00:00:00,31.883,32.0,30.961,31.44,518566.474
2021-06-28 04:00:00,31.44,32.75,31.073,32.548,619169.0
2021-06-28 08:00:00,32.544,32.96,31.453,31.584,949707.147
2021-06-28 12:00:00,31.586,34.34,31.307,34.035,1306671.819
2021-06-28 16:00:00,34.049,34.081,32.831,33.53,1000828.225
2021-06-28 20:00:00,33.524,34.31,32.554,33.001,601785.348
2021-06-29 00:00:00,33.018,33.813,32.665,33.133,425451.591
2021-06-29 04:00:00,33.13,34.0,32.965,33.478,551261.969
2021-06-29 08:00:00,33.478,34.5,33.274,34.313,797607.423
2021-06-29 12:00:00,34.315,35.837,34.151,35.28,1426910.837
2021-06-29 16:00:00,35.282,35.69,34.572,34.795,616644.14
2021-06-29 20:00:00,34.801,35.0,33.656,33.97,658409.832
2021-06-30 00:00:00,33.974,34.247,32.103,32.24,782057.92
2021-06-30 04:00:00,32.244,33.542,31.768,33.515,919702.643
2021-06-30 08:00:00,33.514,33.799,32.058,33.005,829089.68
2021-06-30 12:00:00,33.018,33.3,31.555,31.923,665108.965
2021-06-30 16:00:00,31.914,34.488,31.621,34.322,803907.851
2021-06-30 20:00:00,34.321,36.0,33.846,35.51,1361556.606
2021-07-01 00:00:00,35.51,35.567,33.624,33.794,666704.257
2021-07-01 04:00:00,33.78,34.96,32.351,32.391,1002400.525
2021-07-01 08:00:00,32.387,34.35,32.17,34.262,896519.265
2021-07-01 12:00:00,34.261,34.35,32.839,33.486,843358.655
2021-07-01 16:00:00,33.478,34.232,33.034,33.694,620984.119
2021-07-01 20:00:00,33.681,34.283,33.26,33.271,458958.078
2021-07-02 00:00:00,33.27,34.017,31.983,32.197,676792.073
2021-07-02 04:00:00,32.167,32.731,31.367,32.48,1059314.346
2021-07-02 08:00:00,32.492,32.749,31.494,31.893,599327.427
2021-07-02 12:00:00,31.893,32.996,31.733,32.975,830095.698
2021-07-02 16:00:00,32.994,33.312,32.611,33.255,593723.101
2021-07-02 20:00:00,33.26,34.217,32.649,34.0,564945.631
2021-07-03 00:00:00,34.001,34.308,33.217,33.517,510774.674
2021-07-03 04:00:00,33.517,35.0,33.333,34.783,606563.949
2021-07-03 08:00:00,34.771,35.406,34.548,35.1,652934.135
2021-07-03 12:00:00,35.101,35.3,34.462,34.818,562027.379
2021-07-03 16:00:00,34.82,35.198,34.636,34.828,321715.916
2021-07-03 20:00:00,34.844,34.9,33.898,34.498,409390.088
2021-07-04 00:00:00,34.497,34.546,33.533,33.817,272437.824
2021-07-04 04:00:00,33.817,35.448,33.74,35.343,689606.798
2021-07-04 08:00:00,35.343,35.531,34.896,35.172,368623.268
2021-07-04 12:00:00,35.169,35.248,34.347,34.895,523009.306
2021-07-04 16:00:00,34.895,35.284,34.852,35.019,427434.295
2021-07-04 20:00:00,35.018,35.33,34.053,34.28,691101.927
2021-07-05 00:00:00,34.278,34.384,33.446,33.63,448926.066
2021-07-05 04:00:00,33.631,34.209,33.27,33.993,350473.215
2021-07-05 08:00:00,33.999,34.49,32.941,33.166,538521.107
2021-07-05 12:00:00,33.162,33.664,32.63,32.768,736105.358
2021-07-05 16:00:00,32.772,33.438,32.37,33.235,613998.848
2021-07-05 20:00:00,33.239,33.667,32.806,32.908,320959.488
2021-07-06 00:00:00,32.908,33.474,32.883,33.345,290936.741
2021-07-06 04:00:00,33.339,34.396,33.323,34.224,474454.02
2021-07-06 08:00:00,34.228,35.041,33.309,33.722,846292.818
2021-07-06 12:00:00,33.718,34.584,33.4,33.818,893649.647
2021-07-06 16:00:00,33.823,33.879,33.203,33.687,420284.707
2021-07-06 20:00:00,33.698,34.42,33.226,34.226,364080.128
2021-07-07 00:00:00,34.221,34.857,33.82,34.799,492655.953
2021-07-07 04:00:00,34.81,35.387,34.54,34.998,487954.727
2021-07-07 08:00:00,34.999,37.2,34.577,36.949,1276824.201
2021-07-07 12:00:00,36.946,37.599,36.089,36.264,981591.423
2021-07-07 16:00:00,36.264,38.1,36.215,37.551,733670.277
2021-07-07 20:00:00,37.545,37.769,36.274,36.673,636561.972
2021-07-08 00:00:00,36.667,36.934,35.555,36.61,837477.01
2021-07-08 04:00:00,36.626,36.824,33.857,34.183,1432924.375
2021-07-08 08:00:00,34.167,35.118,33.75,34.976,741321.348
2021-07-08 12:00:00,34.968,35.306,33.701,34.344,663787.898
2021-07-08 16:00:00,34.341,34.424,33.5,33.976,479649.209
2021-07-08 20:00:00,33.977,34.069,32.654,33.142,339862.7
2021-07-09 00:00:00,33.134,33.784,31.976,33.412,567675.057
2021-07-09 04:00:00,33.4,33.646,32.639,32.969,365534.055
2021-07-09 08:00:00,32.96,33.17,32.33,32.466,241916.25
2021-07-09 12:00:00,32.448,34.46,32.198,33.923,805279.261
2021-07-09 16:00:00,33.936,34.141,32.756,32.947,422681.697
2021-07-09 20:00:00,32.945,33.775,32.825,33.315,407177.282
2021-07-10 00:00:00,33.315,34.215,33.052,33.284,330528.965
2021-07-10 04:00:00,33.284,33.614,32.788,33.362,220005.923
2021-07-10 08:00:00,33.368,33.69,32.459,32.777,323887.657
2021-07-10 12:00:00,32.776,33.324,32.157,32.361,975894.244
2021-07-10 16:00:00,32.353,32.833,31.477,31.822,645254.733
2021-07-10 20:00:00,31.802,32.0,31.025,31.693,342503.064
2021-07-11 00:00:00,31.716,32.193,31.548,31.686,261705.522
2021-07-11 04:00:00,31.683,32.067,31.3,31.626,387193.081
2021-07-11 08:00:00,31.627,32.348,31.479,32.211,332792.868
2021-07-11 12:00:00,32.218,32.568,31.814,32.39,365590.274
2021-07-11 16:00:00,32.391,32.424,31.926,32.001,285583.562
2021-07-11 20:00:00,32.001,32.544,31.845,32.182,311950.497
2021-07-12 00:00:00,32.173,32.696,31.952,32.535,230890.874
2021-07-12 04:00:00,32.549,32.681,32.102,32.204,314253.506
2021-07-12 08:00:00,32.213,32.329,31.254,31.348,361614.498
2021-07-12 12:00:00,31.349,31.683,31.066,31.083,295155.067
2021-07-12 16:00:00,31.083,31.196,30.011,30.361,735785.992
2021-07-12 20:00:00,30.352,31.008,30.103,30.77,313539.332
2021-07-13 00:00:00,30.77,31.096,30.481,30.8,147729.86
2021-07-13 04:00:00,30.818,31.012,30.012,30.492,239593.979
2021-07-13 08:00:00,30.498,30.795,30.039,30.125,228429.995
2021-07-13 12:00:00,30.124,30.315,29.107,30.255,587707.55
2021-07-13 16:00:00,30.256,30.331,28.961,29.027,384370.788
2021-07-13 20:00:00,29.029,29.529,28.81,29.136,249300.264
2021-07-14 00:00:00,29.154,29.281,27.706,28.159,420388.277
2021-07-14 04:00:00,28.149,28.362,27.363,28.1,455763.805
2021-07-14 08:00:00,28.1,29.43,27.536,28.999,686923.657
2021-07-14 12:00:00,29.0,31.2,28.761,30.582,1102771.242
2021-07-14 16:00:00,30.582,31.5,30.35,30.5,508776.215
2021-07-14 20:00:00,30.497,31.393,30.484,31.365,259561.982
2021-07-15 00:00:00,31.365,31.485,30.557,30.582,383805.47
2021-07-15 04:00:00,30.594,30.867,29.554,30.374,672104.966
2021-07-15 08:00:00,30.372,30.84,29.11,29.142,941044.22
2021-07-15 12:00:00,29.14,29.573,28.751,28.765,668014.999
2021-07-15 16:00:00,28.769,28.901,27.975,28.663,538724.332
2021-07-15 20:00:00,28.661,29.043,28.065,28.545,439317.542
2021-07-16 00:00:00,28.562,29.478,28.144,29.164,422623.301
2021-07-16 04:00:00,29.165,29.478,28.135,28.334,286045.63
2021-07-16 08:00:00,28.334,28.339,27.0,27.147,530811.858
2021-07-16 12:00:00,27.134,28.38,27.101,28.325,807897.514
2021-07-16 16:00:00,28.319,28.35,27.032,27.146,399686.312
2021-07-16 20:00:00,27.131,27.301,26.196,26.271,476511.177
2021-07-17 00:00:00,26.269,26.86,26.0,26.232,481694.717
2021-07-17 04:00:00,26.226,26.863,26.112,26.625,290032.254
2021-07-17 08:00:00,26.626,27.164,25.979,26.451,415831.367
2021-07-17 12:00:00,26.451,26.7,26.217,26.527,274669.322
2021-07-17 16:00:00,26.533,27.258,26.369,27.132,304479.702
2021-07-17 20:00:00,27.144,27.836,26.587,26.802,355681.739
2021-07-18 00:00:00,26.789,27.756,26.672,27.497,370241.565
2021-07-18 04:00:00,27.499,27.531,26.738,26.893,217015.924
2021-07-18 08:00:00,26.9,27.443,26.847,27.39,242340.459
2021-07-18 12:00:00,27.384,27.478,26.233,26.586,517173.49
2021-07-18 16:00:00,26.584,26.923,26.482,26.786,168599.048
2021-07-18 20:00:00,26.766,27.221,26.361,26.673,212231.302
2021-07-19 00:00:00,26.679,26.71,25.598,25.956,379399.649
2021-07-19 04:00:00,25.961,26.2,25.668,25.718,307256.886
2021-07-19 08:00:00,25.718,25.874,24.79,24.802,705519.264
2021-07-19 12:00:00,24.798,25.0,23.975,24.189,1073433.358
2021-07-19 16:00:00,24.185,24.554,24.021,24.382,340710.962
2021-07-19 20:00:00,24.397,24.86,24.253,24.509,324857.858
2021-07-20 00:00:00,24.524,24.982,22.723,22.86,965279.238
2021-07-20 04:00:00,22.864,23.2,22.718,23.095,439454.948
2021-07-20 08:00:00,23.102,23.25,22.1,22.887,661222.974
2021-07-20 12:00:00,22.887,23.941,22.61,23.803,691579.136
2021-07-20 16:00:00,23.804,24.055,23.333,23.805,421729.831
2021-07-20 20:00:00,23.811,24.117,23.207,23.474,376162.415
2021-07-21 00:00:00,23.484,24.089,22.8,24.064,625311.046
2021-07-21 04:00:00,24.064,26.0,24.041,25.711,1008573.635
2021-07-21 08:00:00,25.7,26.516,25.335,26.207,755939.921
2021-07-21 12:00:00,26.212,27.1,25.754,26.954,711925.406
2021-07-21 16:00:00,26.957,27.461,25.232,25.532,1054562.149
2021-07-21 20:00:00,25.541,26.729,25.27,26.7,405680.85
2021-07-22 00:00:00,26.706,27.149,25.91,26.3,428914.124
2021-07-22 04:00:00,26.306,27.294,26.2,27.023,447899.833
2021-07-22 08:00:00,27.036,27.598,26.521,26.729,547280.552
2021-07-22 12:00:00,26.735,27.798,26.321,27.795,537534.978
2021-07-22 16:00:00,27.796,28.17,27.664,27.888,409183.958
2021-07-22 20:00:00,27.889,27.996,27.282,27.699,272969.699
2021-07-23 00:00:00,27.7,28.713,27.278,28.281,472373.257
2021-07-23 04:00:00,28.281,28.609,27.421,27.92,557686.051
2021-07-23 08:00:00,27.926,27.933,27.086,27.537,521332.411
2021-07-23 12:00:00,27.519,27.87,26.7,26.877,472718.852
2021-07-23 16:00:00,26.88,26.892,26.385,26.606,464649.137
2021-07-23 20:00:00,26.609,28.54,26.546,28.516,551760.613
2021-07-24 00:00:00,28.53,29.0,28.25,28.7,436963.01
2021-07-24 04:00:00,28.713,29.517,28.531,28.75,572197.195
2021-07-24 08:00:00,28.754,29.143,28.223,28.66,540675.553
2021-07-24 12:00:00,28.664,28.958,28.314,28.402,284076.045
2021-07-24 16:00:00,28.392,29.548,28.258,28.426,598724.645
2021-07-24 20:00:00,28.412,28.733,28.013,28.616,245472.362
2021-07-25 00:00:00,28.626,28.898,27.704,27.902,358959.918
2021-07-25 04:00:00,27.906,28.786,27.66,28.606,415924.931
2021-07-25 08:00:00,28.614,28.792,27.911,27.99,289844.117
2021-07-25 12:00:00,28.0,28.0,26.5,27.356,806689.636
2021-07-25 16:00:00,27.351,27.743,26.98,27.535,236048.399
2021-07-25 20:00:00,27.533,28.249,27.359,28.248,243524.533
2021-07-26 00:00:00,28.247,31.115,28.0,30.108,1825157.783
2021-07-26 04:00:00,30.108,30.9,29.347,29.715,1048216.222
2021-07-26 08:00:00,29.72,30.2,29.244,30.039,877305.164
2021-07-26 12:00:00,30.053,30.491,29.536,30.087,642458.082
2021-07-26 16:00:00,30.07,30.9,29.578,29.692,719212.381
2021-07-26 20:00:00,29.664,29.786,27.83,28.184,1109342.265
2021-07-27 00:00:00,28.183,28.58,27.121,27.595,538689.805
2021-07-27 04:00:00,27.616,27.976,27.438,27.881,309679.247
2021-07-27 08:00:00,27.87,28.782,27.716,28.657,420176.737
2021-07-27 12:00:00,28.667,28.95,27.425,27.7,971044.152
2021-07-27 16:00:00,27.704,27.851,26.893,27.237,460366.274
2021-07-27 20:00:00,27.232,28.19,27.228,28.103,308418.542
2021-07-28 00:00:00,28.119,28.59,27.538,27.97,438933.602
2021-07-28 04:00:00,27.963,28.228,27.354,28.06,399019.213
2021-07-28 08:00:00,28.06,28.74,27.724,28.61,473216.59
2021-07-28 12:00:00,28.612,28.76,27.83,28.28,385870.059
2021-07-28 16:00:00,28.277,28.518,27.419,27.995,432223.011
2021-07-28 20:00:00,27.988,28.078,27.5,27.875,200639.084
2021-07-29 00:00:00,27.891,27.892,27.319,27.612,210243.653
2021-07-29 04:00:00,27.609,28.48,27.559,28.154,264570.235
2021-07-29 08:00:00,28.154,28.69,27.996,28.132,366292.915
2021-07-29 12:00:00,28.141,30.002,27.904,29.587,724422.736
2021-07-29 16:00:00,29.587,31.666,29.585,31.365,1176625.159
2021-07-29 20:00:00,31.364,31.888,30.853,31.235,949895.747
2021-07-30 00:00:00,31.238,33.084,30.721,32.751,997727.636
2021-07-30 04:00:00,32.753,32.914,31.73,32.056,587614.777
2021-07-30 08:00:00,32.059,32.1,29.91,30.921,1368222.934
2021-07-30 12:00:00,30.92,31.179,30.18,31.018,635038.313
2021-07-30 16:00:00,31.03,31.85,30.432,31.789,720766.515
2021-07-30 20:00:00,31.801,32.573,31.636,32.354,661289.834
2021-07-31 00:00:00,32.354,33.78,31.954,32.607,675786.398
2021-07-31 04:00:00,32.623,32.676,31.653,32.185,428098.062
2021-07-31 08:00:00,32.185,34.8,32.163,34.617,1108618.872
2021-07-31 12:00:00,34.636,34.981,33.695,34.246,713131.682
2021-07-31 16:00:00,34.241,34.798,33.595,34.38,488277.808
2021-07-31 20:00:00,34.377,37.004,34.279,36.744,906232.715
2021-08-01 00:00:00,36.742,36.822,35.101,36.09,822876.185
2021-08-01 04:00:00,36.09,36.181,35.111,35.305,449748.866
2021-08-01 08:00:00,35.305,35.999,34.651,35.121,501046.287
2021-08-01 12:00:00,35.12,35.987,35.004,35.467,372451.419
2021-08-01 16:00:00,35.48,35.711,34.281,35.532,545017.722
2021-08-01 20:00:00,35.545,36.253,33.165,34.165,799834.679
2021-08-02 00:00:00,34.178,35.074,33.322,34.812,489468.968
2021-08-02 04:00:00,34.813,35.95,34.262,35.419,439077.557
2021-08-02 08:00:00,35.414,35.621,34.5,34.582,350873.069
2021-08-02 12:00:00,34.573,34.719,33.546,33.82,890888.753
2021-08-02 16:00:00,33.82,34.059,33.5,33.674,548458.089
2021-08-02 20:00:00,33.679,33.752,33.0,33.167,387114.858
2021-08-03 00:00:00,33.177,33.665,32.72,33.219,394715.626
2021-08-03 04:00:00,33.206,33.55,32.327,33.53,418767.465
2021-08-03 08:00:00,33.519,34.621,33.023,34.37,595566.048
2021-08-03 12:00:00,34.371,35.9,33.687,34.92,1228708.431
2021-08-03 16:00:00,34.92,35.513,34.39,34.657,487329.313
2021-08-03 20:00:00,34.656,34.755,33.799,34.105,365104.755
2021-08-04 00:00:00,34.094,34.431,33.49,33.738,398890.886
2021-08-04 04:00:00,33.737,34.4,33.493,33.714,373390.948
2021-08-04 08:00:00,33.701,34.423,33.236,34.353,378434.209
2021-08-04 12:00:00,34.348,35.639,34.325,35.363,793518.545
2021-08-04 16:00:00,35.374,36.5,35.353,36.233,568024.14
2021-08-04 20:00:00,36.254,36.658,35.721,35.76,335579.941
2021-08-05 00:00:00,35.757,37.453,35.5,37.232,497074.26
2021-08-05 04:00:00,37.237,37.448,36.313,36.629,370290.132
2021-08-05 08:00:00,36.607,37.2,35.919,36.833,603603.909
2021-08-05 12:00:00,36.832,38.267,35.976,36.702,1722946.104
2021-08-05 16:00:00,36.707,37.382,36.05,36.926,549300.59
2021-08-05 20:00:00,36.927,37.785,36.833,37.353,316156.088
2021-08-06 00:00:00,37.354,37.503,35.8,35.916,533423.21
2021-08-06 04:00:00,35.925,37.057,35.611,37.0,356138.931
2021-08-06 08:00:00,37.0,37.269,36.77,36.953,298552.887
2021-08-06 12:00:00,36.94,39.698,36.71,39.687,1504472.458
2021-08-06 16:00:00,39.687,40.4,39.335,39.892,979611.214
2021-08-06 20:00:00,39.87,39.98,38.965,39.525,279118.874
2021-08-07 00:00:00,39.502,40.15,38.751,40.065,354565.452
2021-08-07 04:00:00,40.071,40.103,38.835,39.461,405440.2
2021-08-07 08:00:00,39.454,40.5,39.218,40.026,562030.289
2021-08-07 12:00:00,40.024,40.324,38.338,38.495,1009867.221
2021-08-07 16:00:00,38.489,38.95,37.502,38.603,901147.711
2021-08-07 20:00:00,38.59,39.579,38.5,39.469,328716.828
2021-08-08 00:00:00,39.454,39.549,37.933,38.711,411161.701
2021-08-08 04:00:00,38.722,39.4,38.22,38.778,348511.785
2021-08-08 08:00:00,38.76,39.359,38.207,38.221,311927.462
2021-08-08 12:00:00,38.207,38.838,37.301,37.74,419890.869
2021-08-08 16:00:00,37.729,37.898,36.896,37.391,328986.611
2021-08-08 20:00:00,37.417,38.44,37.095,37.65,210057.295
2021-08-09 00:00:00,37.653,37.898,36.351,37.288,324038.935
2021-08-09 04:00:00,37.299,37.804,36.945,37.774,172457.743
2021-08-09 08:00:00,37.774,39.342,37.711,39.272,531257.887
2021-08-09 12:00:00,39.281,39.93,38.7,39.857,381153.815
2021-08-09 16:00:00,39.861,39.999,39.1,39.246,261844.506
2021-08-09 20:00:00,39.255,39.471,37.981,38.646,457445.855
2021-08-10 00:00:00,38.646,40.683,38.183,39.802,531773.713
2021-08-10 04:00:00,39.819,40.312,39.205,39.976,303967.615
2021-08-10 08:00:00,39.98,40.869,39.58,40.795,437634.821
2021-08-10 12:00:00,40.782,41.678,39.814,40.128,622774.587
2021-08-10 16:00:00,40.124,40.689,39.041,40.627,451102.237
2021-08-10 20:00:00,40.634,41.378,40.191,40.64,255942.692
2021-08-11 00:00:00,40.639,41.947,40.605,41.758,375955.305
2021-08-11 04:00:00,41.772,43.0,41.404,42.518,512185.933
2021-08-11 08:00:00,42.524,42.94,41.907,42.534,375369.286
2021-08-11 12:00:00,42.53,43.417,42.197,42.589,495000.462
2021-08-11 16:00:00,42.589,43.437,42.33,43.402,279501.713
2021-08-11 20:00:00,43.387,43.729,41.399,41.621,474237.856
2021-08-12 00:00:00,41.619,43.401,41.469,42.985,284589.702
2021-08-12 04:00:00,42.987,43.049,40.215,41.434,599071.199
2021-08-12 08:00:00,41.434,41.9,40.708,40.762,349730.396
2021-08-12 12:00:00,40.765,41.228,39.316,39.828,565414.016
2021-08-12 16:00:00,39.831,41.149,39.36,41.024,276549.676
2021-08-12 20:00:00,41.012,41.37,39.582,41.102,338309.423
2021-08-13 00:00:00,41.105,42.332,40.668,42.253,209983.413
2021-08-13 04:00:00,42.253,43.858,42.253,43.395,244488.466
2021-08-13 08:00:00,43.405,44.647,43.397,43.596,594041.29
2021-08-13 12:00:00,43.581,44.396,42.818,43.615,473298.986
2021-08-13 16:00:00,43.624,43.997,43.147,43.538,327059.904
2021-08-13 20:00:00,43.538,44.911,43.379,44.83,432467.931
2021-08-14 00:00:00,44.859,44.869,43.665,44.096,225268.205
2021-08-14 04:00:00,44.082,44.648,43.672,44.478,200381.129
2021-08-14 08:00:00,44.486,44.874,42.727,43.739,537564.941
2021-08-14 12:00:00,43.742,44.123,43.0,44.065,270446.396
2021-08-14 16:00:00,44.05,44.184,43.525,43.869,160455.581
2021-08-14 20:00:00,43.882,44.249,43.027,44.14,154702.47
2021-08-15 00:00:00,44.124,45.767,43.873,44.573,383854.348
2021-08-15 04:00:00,44.585,45.577,43.361,43.649,308754.232
2021-08-15 08:00:00,43.626,47.177,43.368,46.767,885047.778
2021-08-15 12:00:00,46.768,48.851,46.003,48.704,1037689.503
2021-08-15 16:00:00,48.701,54.8,47.844,52.945,2564667.582
2021-08-15 20:00:00,52.947,54.207,51.97,53.531,1084270.122
2021-08-16 00:00:00,53.515,59.372,52.269,58.605,1997029.188
2021-08-16 04:00:00,58.609,64.8,57.616,61.915,3537828.281
2021-08-16 08:00:00,61.934,62.614,60.381,61.793,1242302.277
2021-08-16 12:00:00,61.79,68.867,60.86,67.077,4625524.976
2021-08-16 16:00:00,67.052,69.132,62.807,62.911,1885787.722
2021-08-16 20:00:00,62.91,66.603,61.55,62.016,1725892.484
2021-08-17 00:00:00,62.042,74.6,61.211,71.836,3600497.257
2021-08-17 04:00:00,71.854,75.155,69.407,74.053,2391016.403
2021-08-17 08:00:00,74.022,74.378,69.392,70.145,2277681.723
2021-08-17 12:00:00,70.144,71.482,66.755,69.85,1589855.254
2021-08-17 16:00:00,69.861,69.904,64.036,65.137,1609401.335
2021-08-17 20:00:00,65.186,67.829,58.822,64.123,3485373.978
2021-08-18 00:00:00,64.135,67.3,59.722,65.792,2188980.467
2021-08-18 04:00:00,65.793,70.377,63.925,67.445,1543256.244
2021-08-18 08:00:00,67.438,78.447,67.387,74.959,3873605.993
2021-08-18 12:00:00,74.958,80.5,73.451,77.335,3851694.345
2021-08-18 16:00:00,77.344,78.732,72.379,73.328,1559503.249
2021-08-18 20:00:00,73.338,76.267,69.92,72.663,2005092.155
2021-08-19 00:00:00,72.659,75.436,68.981,69.666,1861475.986
2021-08-19 04:00:00,69.632,73.558,69.25,71.258,1554351.363
2021-08-19 08:00:00,71.273,73.074,69.5,69.612,1048328.566
2021-08-19 12:00:00,69.6,74.48,68.24,73.522,1478915.327
2021-08-19 16:00:00,73.522,74.086,70.6,72.33,1047454.099
2021-08-19 20:00:00,72.333,74.846,71.0,72.764,828696.257
2021-08-20 00:00:00,72.8,74.158,71.813,72.388,629545.593
2021-08-20 04:00:00,72.38,72.6,71.007,71.212,744120.631
2021-08-20 08:00:00,71.222,72.419,70.873,71.494,662019.149
2021-08-20 12:00:00,71.518,74.22,71.371,73.35,1139267.314
2021-08-20 16:00:00,73.331,78.33,72.931,78.224,1450539.128
2021-08-20 20:00:00,78.222,80.0,77.218,78.643,1079584.907
2021-08-21 00:00:00,78.684,82.0,76.332,79.657,1363999.184
2021-08-21 04:00:00,79.663,80.306,78.233,78.855,760531.326
2021-08-21 08:00:00,78.852,79.15,74.341,75.898,1065043.611
2021-08-21 12:00:00,75.9,77.117,74.808,75.406,763926.112
2021-08-21 16:00:00,75.391,76.486,72.6,73.248,708645.258
2021-08-21 20:00:00,73.239,75.789,72.926,73.801,469653.871
2021-08-22 00:00:00,73.852,75.567,73.39,74.307,447106.532
2021-08-22 04:00:00,74.292,75.78,74.242,75.512,339569.184
2021-08-22 08:00:00,75.52,77.6,75.0,77.077,627193.709
2021-08-22 12:00:00,77.077,77.324,73.35,74.612,489591.045
2021-08-22 16:00:00,74.599,75.071,71.5,73.079,413900.171
2021-08-22 20:00:00,73.078,73.95,71.244,72.775,544826.412
2021-08-23 00:00:00,72.751,75.942,72.0,75.391,741852.493
2021-08-23 04:00:00,75.444,75.672,73.1,73.357,611870.247
2021-08-23 08:00:00,73.358,74.057,71.753,72.75,762869.628
2021-08-23 12:00:00,72.745,73.519,71.545,72.04,590020.668
2021-08-23 16:00:00,72.046,73.794,71.905,72.826,454118.678
2021-08-23 20:00:00,72.811,76.81,71.835,75.623,990048.881
2021-08-24 00:00:00,75.647,78.899,73.389,78.244,1441875.438
2021-08-24 04:00:00,78.242,79.45,76.638,77.277,1093149.343
2021-08-24 08:00:00,77.263,78.974,76.013,77.768,946986.476
2021-08-24 12:00:00,77.766,77.893,71.584,71.999,1488958.32
2021-08-24 16:00:00,71.985,72.634,68.5,71.672,1274872.033
2021-08-24 20:00:00,71.607,72.731,69.624,70.527,546794.527
2021-08-25 00:00:00,70.519,72.386,70.2,70.663,566753.803
2021-08-25 04:00:00,70.653,72.83,70.517,71.141,440321.845
2021-08-25 08:00:00,71.143,71.24,66.03,67.694,1620158.825
2021-08-25 12:00:00,67.687,71.572,66.378,71.305,1479442.026
2021-08-25 16:00:00,71.277,71.501,69.591,70.237,633634.513
2021-08-25 20:00:00,70.223,72.045,70.169,71.973,328753.792
2021-08-26 00:00:00,71.982,74.043,70.056,70.743,783850.849
2021-08-26 04:00:00,70.673,71.513,66.2,67.65,842973.909
2021-08-26 08:00:00,67.66,68.49,66.57,67.2,528198.71
2021-08-26 12:00:00,67.21,78.3,66.4,74.71,2175552.069
2021-08-26 16:00:00,74.71,77.61,73.39,74.75,1316934.97
2021-08-26 20:00:00,74.78,77.25,74.2,74.92,916160.24
2021-08-27 00:00:00,74.92,83.93,72.55,81.4,2881990.264
2021-08-27 04:00:00,81.4,83.27,78.98,81.92,1291162.85
2021-08-27 08:00:00,81.92,84.17,81.6,82.33,1294028.856
2021-08-27 12:00:00,82.32,83.15,80.38,82.49,1228765.47
2021-08-27 16:00:00,82.5,86.66,81.77,85.64,1159518.551
2021-08-27 20:00:00,85.64,88.92,84.5,87.98,930171.102
2021-08-28 00:00:00,87.98,88.85,86.08,86.3,689022.15
2021-08-28 04:00:00,86.32,87.3,85.59,86.92,417205.7
2021-08-28 08:00:00,86.93,92.94,86.85,92.43,1324491.695
2021-08-28 12:00:00,92.45,95.039,91.33,94.66,1460432.52
2021-08-28 16:00:00,94.65,96.43,93.17,93.93,1056558.093
2021-08-28 20:00:00,93.91,97.82,93.65,96.22,826661.1
2021-08-29 00:00:00,96.17,97.82,91.86,93.95,1074945.73
2021-08-29 04:00:00,93.95,96.11,92.88,94.08,724171.32
2021-08-29 08:00:00,94.08,94.57,91.21,91.75,850680.0
2021-08-29 12:00:00,91.75,94.4,90.3,92.16,705400.29
2021-08-29 16:00:00,92.17,94.39,91.01,93.92,444502.3
2021-08-29 20:00:00,93.91,95.0,92.68,94.23,372162.01
2021-08-30 00:00:00,94.23,101.96,93.58,97.63,1936784.408
2021-08-30 04:00:00,97.63,100.55,95.81,100.16,1017773.67
2021-08-30 08:00:00,100.15,102.1,98.61,101.04,1093537.32
2021-08-30 12:00:00,101.04,106.91,98.0,105.62,2122735.942
2021-08-30 16:00:00,105.59,116.84,104.35,109.66,3227594.635
2021-08-30 20:00:00,109.63,114.99,107.22,110.25,1711116.64
2021-08-31 00:00:00,110.26,115.3,108.65,115.19,1538742.33
2021-08-31 04:00:00,115.19,120.5,114.44,119.68,2026900.493
2021-08-31 08:00:00,119.68,125.0,117.09,124.77,1651865.744
2021-08-31 12:00:00,124.78,130.11,114.34,116.52,5187344.805
2021-08-31 16:00:00,116.52,117.23,106.26,114.69,4073345.15
2021-08-31 20:00:00,114.69,114.74,103.06,108.27,2031367.07
2021-09-01 00:00:00,108.27,112.43,105.89,111.24,1424390.45
2021-09-01 04:00:00,111.24,114.99,107.37,110.12,1265544.52
2021-09-01 08:00:00,110.13,117.03,109.07,116.07,1494208.91
2021-09-01 12:00:00,116.09,119.72,113.09,117.22,1796754.65
2021-09-01 16:00:00,117.27,118.88,114.0,114.98,1202386.08
2021-09-01 20:00:00,114.98,115.15,110.05,110.71,845019.18
2021-09-02 00:00:00,110.71,114.68,109.18,113.7,940837.67
2021-09-02 04:00:00,113.7,117.31,112.85,114.48,1005205.27
2021-09-02 08:00:00,114.47,118.0,114.08,114.92,1009895.29
2021-09-02 12:00:00,114.91,123.5,114.33,121.88,1821784.32
2021-09-02 16:00:00,121.87,129.0,119.54,127.18,2706988.26
2021-09-02 20:00:00,127.18,131.96,125.38,128.23,1722142.662
2021-09-03 00:00:00,128.2,137.0,128.12,135.35,2412313.501
2021-09-03 04:00:00,135.35,146.38,133.37,144.69,2778672.315
2021-09-03 08:00:00,144.67,145.19,135.54,139.39,2473119.69
2021-09-03 12:00:00,139.37,143.46,137.78,140.02,1531053.21
2021-09-03 16:00:00,140.02,143.42,138.13,142.9,1085087.2
2021-09-03 20:00:00,142.89,148.99,141.57,146.4,1646815.454
2021-09-04 00:00:00,146.36,150.6,144.85,148.34,1301587.386
2021-09-04 04:00:00,148.35,149.8,144.56,145.8,987114.65
2021-09-04 08:00:00,145.83,147.65,140.43,141.68,1124697.37
2021-09-04 12:00:00,141.67,144.45,139.36,142.36,993575.08
2021-09-04 16:00:00,142.34,142.88,135.73,138.89,1102541.02
2021-09-04 20:00:00,138.9,142.25,138.27,138.88,624547.02
2021-09-05 00:00:00,138.88,144.99,137.82,140.63,800761.48
2021-09-05 04:00:00,140.62,142.0,138.5,138.93,498896.81
2021-09-05 08:00:00,138.97,141.88,138.92,140.36,560322.18
2021-09-05 12:00:00,140.36,140.47,134.74,136.29,965291.96
2021-09-05 16:00:00,136.29,138.88,135.18,137.87,805465.2
2021-09-05 20:00:00,137.87,144.7,136.91,142.0,989147.79
2021-09-06 00:00:00,141.98,143.5,139.34,140.74,591021.73
2021-09-06 04:00:00,140.81,147.0,139.91,146.03,902065.41
2021-09-06 08:00:00,146.02,146.62,141.42,142.41,766085.29
2021-09-06 12:00:00,142.42,151.7,136.92,151.43,1845099.502
2021-09-06 16:00:00,151.43,164.58,151.39,162.37,3011710.101
2021-09-06 20:00:00,162.37,166.13,159.73,164.22,1319560.32
2021-09-07 00:00:00,164.19,175.42,162.0,173.45,1843980.479
2021-09-07 04:00:00,173.46,195.48,172.88,187.85,4984241.972
2021-09-07 08:00:00,187.79,189.8,175.62,182.91,3587282.93
2021-09-07 12:00:00,182.84,185.98,128.01,168.81,6652885.58
2021-09-07 16:00:00,169.06,192.0,161.13,173.7,5318015.49
2021-09-07 20:00:00,173.76,180.0,159.75,173.46,1990082.56
2021-09-08 00:00:00,173.49,180.0,166.78,173.03,1491249.57
2021-09-08 04:00:00,173.03,174.85,152.22,152.45,2641877.11
2021-09-08 08:00:00,152.48,166.44,146.5,160.77,2963197.4
2021-09-08 12:00:00,160.76,167.88,152.28,166.27,2391737.33
2021-09-08 16:00:00,166.27,195.0,164.01,194.79,3422881.84
2021-09-08 20:00:00,194.66,198.0,183.22,191.02,3755902.55
2021-09-09 00:00:00,191.02,216.0,189.0,211.25,4412243.47
2021-09-09 04:00:00,211.2,214.72,201.54,207.54,2385587.92
2021-09-09 08:00:00,207.54,213.9,205.26,206.57,1993697.21
2021-09-09 12:00:00,206.57,208.44,193.17,201.25,3435503.45
2021-09-09 16:00:00,201.25,203.02,180.7,185.01,2506308.57
2021-09-09 20:00:00,185.01,198.87,183.67,187.9,1616337.2
2021-09-10 00:00:00,187.89,197.41,182.88,194.18,1239260.23
2021-09-10 04:00:00,194.18,195.0,181.47,182.63,1120676.26
2021-09-10 08:00:00,182.64,185.8,175.0,184.44,1585256.82
2021-09-10 12:00:00,184.45,184.52,167.82,179.57,2431628.0
2021-09-10 16:00:00,179.61,183.36,171.24,181.82,1366258.1
2021-09-10 20:00:00,181.78,184.0,170.41,179.6,1312331.29
2021-09-11 00:00:00,179.6,193.51,177.39,181.48,1696443.92
2021-09-11 04:00:00,181.47,183.88,175.14,178.69,936515.37
2021-09-11 08:00:00,178.71,187.36,175.89,181.26,1202790.71
2021-09-11 12:00:00,181.29,191.53,180.23,188.48,1383102.62
2021-09-11 16:00:00,188.42,190.0,181.21,181.99,761195.35
2021-09-11 20:00:00,181.99,184.32,175.74,179.04,814615.28
2021-09-12 00:00:00,179.05,180.79,172.89,179.04,755781.96
2021-09-12 04:00:00,179.03,180.15,174.75,178.0,453346.94
2021-09-12 08:00:00,178.0,181.75,177.38,179.07,593483.44
2021-09-12 12:00:00,179.07,180.33,176.31,178.92,523479.96
2021-09-12 16:00:00,178.92,179.85,174.02,177.67,538825.12
2021-09-12 20:00:00,177.69,180.0,170.15,174.29,796294.22
2021-09-13 00:00:00,174.31,174.6,154.1,154.95,1822366.5
2021-09-13 04:00:00,154.95,163.32,151.1,152.91,1335714.17
2021-09-13 08:00:00,152.84,161.11,150.3,160.23,1357820.18
2021-09-13 12:00:00,160.12,167.73,151.0,157.03,1806170.34
2021-09-13 16:00:00,157.06,166.0,154.22,164.08,850887.16
2021-09-13 20:00:00,164.12,175.0,164.06,169.53,1250881.11
2021-09-14 00:00:00,169.54,171.83,163.62,167.43,727412.93
2021-09-14 04:00:00,167.44,168.96,163.4,165.96,701665.23
2021-09-14 08:00:00,166.04,171.51,163.67,165.04,789380.48
2021-09-14 12:00:00,165.01,165.8,155.22,159.26,1594215.53
2021-09-14 16:00:00,159.26,160.25,150.85,154.21,1704952.0
2021-09-14 20:00:00,154.2,159.87,142.6,158.88,2463770.35
2021-09-15 00:00:00,158.72,163.83,155.77,157.27,1092439.59
2021-09-15 04:00:00,157.27,166.5,153.69,162.03,1407601.36
2021-09-15 08:00:00,162.03,164.42,156.5,157.93,1020605.42
2021-09-15 12:00:00,157.96,162.61,155.02,161.97,1150794.57
2021-09-15 16:00:00,161.96,164.78,160.07,161.64,781258.94
2021-09-15 20:00:00,161.63,161.82,155.77,158.79,654619.72
2021-09-16 00:00:00,158.77,159.64,152.33,155.16,760335.79
2021-09-16 04:00:00,155.13,163.09,154.81,160.72,814116.61
2021-09-16 08:00:00,160.72,163.5,157.0,158.37,610888.4
2021-09-16 12:00:00,158.39,159.38,153.11,154.8,1041956.63
2021-09-16 16:00:00,154.8,159.59,150.63,152.28,825756.65
2021-09-16 20:00:00,152.3,152.89,147.35,152.29,686541.65
2021-09-17 00:00:00,152.3,153.55,146.16,148.64,711636.64
2021-09-17 04:00:00,148.65,150.36,143.0,143.48,906419.0
2021-09-17 08:00:00,143.48,145.62,134.0,138.85,2467916.86
2021-09-17 12:00:00,138.84,146.4,137.05,144.65,1612432.39
2021-09-17 16:00:00,144.62,145.87,138.54,144.57,1141203.0
2021-09-17 20:00:00,144.56,148.95,140.24,147.58,790317.66
2021-09-18 00:00:00,147.59,149.0,144.11,144.83,824401.57
2021-09-18 04:00:00,144.83,158.7,144.1,157.61,2046298.61
2021-09-18 08:00:00,157.64,164.79,157.13,160.91,2061103.06
2021-09-18 12:00:00,160.92,164.33,160.07,163.66,1048829.65
2021-09-18 16:00:00,163.63,165.2,160.85,162.62,964909.01
2021-09-18 20:00:00,162.62,171.47,157.47,169.22,1284258.04
2021-09-19 00:00:00,169.22,170.96,162.0,164.33,1151724.89
2021-09-19 04:00:00,164.32,165.25,159.84,161.54,763877.79
2021-09-19 08:00:00,161.54,163.49,155.02,156.14,923078.76
2021-09-19 12:00:00,156.09,162.09,155.42,159.38,861543.08
2021-09-19 16:00:00,159.41,160.27,153.22,154.38,671461.32
2021-09-19 20:00:00,154.38,156.67,150.6,152.76,574114.26
2021-09-20 00:00:00,152.78,153.43,142.66,145.12,1364841.28
2021-09-20 04:00:00,145.1,146.4,136.6,139.18,1383208.71
2021-09-20 08:00:00,139.18,144.0,134.2,137.48,1872158.09
2021-09-20 12:00:00,137.48,148.5,130.26,144.1,2960306.02
2021-09-20 16:00:00,144.07,146.0,133.17,138.82,1453497.48
2021-09-20 20:00:00,138.88,142.39,131.42,132.77,1119357.13
2021-09-21 00:00:00,132.77,141.72,125.22,136.43,2204308.5
2021-09-21 04:00:00,136.45,143.76,133.63,143.47,1118794.9
2021-09-21 08:00:00,143.44,144.64,140.29,142.74,1017579.63
2021-09-21 12:00:00,142.75,143.39,135.62,138.5,1069010.94
2021-09-21 16:00:00,138.51,138.52,127.09,127.16,1454176.9
2021-09-21 20:00:00,127.18,128.86,116.0,124.29,2744996.85
2021-09-22 00:00:00,124.3,132.17,122.1,128.95,1314772.69
2021-09-22 04:00:00,128.94,134.11,126.74,132.95,885077.47
2021-09-22 08:00:00,132.95,133.82,127.66,128.64,799602.03
2021-09-22 12:00:00,128.64,142.19,128.06,141.66,1571067.61
2021-09-22 16:00:00,141.68,151.36,140.18,146.39,2022796.66
2021-09-22 20:00:00,146.38,149.93,143.69,148.02,867279.88
2021-09-23 00:00:00,148.02,151.68,144.6,148.58,936978.31
2021-09-23 04:00:00,148.61,151.97,145.74,151.5,728867.8
2021-09-23 08:00:00,151.44,152.5,142.92,144.35,924150.15
2021-09-23 12:00:00,144.36,150.9,143.47,146.06,1023610.72
2021-09-23 16:00:00,146.07,151.98,144.58,149.61,1002960.54
2021-09-23 20:00:00,149.6,150.92,146.19,149.91,572365.25
2021-09-24 00:00:00,149.9,151.2,144.47,144.86,537776.78
2021-09-24 04:00:00,144.85,146.37,140.73,144.63,792762.87
2021-09-24 08:00:00,144.6,146.44,128.15,134.89,2513308.86
2021-09-24 12:00:00,134.91,141.12,130.95,137.66,1569117.21
2021-09-24 16:00:00,137.66,139.73,136.5,138.14,685774.72
2021-09-24 20:00:00,138.14,144.22,137.88,139.13,611664.01
2021-09-25 00:00:00,139.11,142.15,136.6,138.59,498872.01
2021-09-25 04:00:00,138.59,144.18,138.59,140.03,650142.13
2021-09-25 08:00:00,140.07,142.22,135.44,140.12,765611.53
2021-09-25 12:00:00,140.14,140.83,136.34,138.66,509116.71
2021-09-25 16:00:00,138.65,139.2,135.7,137.33,459778.45
2021-09-25 20:00:00,137.32,137.5,133.54,136.06,329212.48
2021-09-26 00:00:00,136.05,136.32,128.24,131.03,751383.15
2021-09-26 04:00:00,131.02,132.05,124.8,127.01,699842.85
2021-09-26 08:00:00,126.98,137.65,125.51,135.09,1105135.0
2021-09-26 12:00:00,135.1,140.26,134.47,140.07,818090.58
2021-09-26 16:00:00,140.08,140.81,135.14,136.24,459361.69
2021-09-26 20:00:00,136.25,139.5,133.37,135.64,508342.86
2021-09-27 00:00:00,135.7,143.17,133.72,139.24,714843.93
2021-09-27 04:00:00,139.24,142.55,137.53,138.16,551577.17
2021-09-27 08:00:00,138.18,148.92,137.84,147.38,1457485.39
2021-09-27 12:00:00,147.38,148.38,143.16,145.25,997122.62
2021-09-27 16:00:00,145.29,145.43,140.41,143.29,722052.64
2021-09-27 20:00:00,143.28,143.31,135.3,136.35,752542.52
2021-09-28 00:00:00,136.34,138.67,135.07,138.12,527279.36
2021-09-28 04:00:00,138.13,139.4,132.41,133.66,641965.09
2021-09-28 08:00:00,133.69,136.53,132.84,135.75,610535.03
2021-09-28 12:00:00,135.76,136.58,130.36,130.43,978417.82
2021-09-28 16:00:00,130.39,132.14,128.17,131.06,625085.04
2021-09-28 20:00:00,131.08,134.58,130.04,132.2,516663.24
2021-09-29 00:00:00,132.22,139.42,132.09,138.81,964408.59
2021-09-29 04:00:00,138.8,140.17,137.84,139.34,464079.56
2021-09-29 08:00:00,139.3,140.0,136.83,139.53,471426.56
2021-09-29 12:00:00,139.53,140.07,134.84,135.62,639871.21
2021-09-29 16:00:00,135.62,136.38,131.59,132.01,660936.22
2021-09-29 20:00:00,132.01,135.43,131.12,135.25,484776.14
2021-09-30 00:00:00,135.24,140.1,134.8,139.91,687903.99
2021-09-30 04:00:00,139.92,141.28,136.7,136.92,477011.01
2021-09-30 08:00:00,136.94,139.06,134.02,137.35,611563.33
2021-09-30 12:00:00,137.32,139.6,136.88,138.32,509116.33
2021-09-30 16:00:00,138.3,142.95,136.17,139.24,725618.31
2021-09-30 20:00:00,139.24,141.69,138.01,141.37,350241.61
2021-10-01 00:00:00,141.38,144.96,138.25,139.52,711894.21
2021-10-01 04:00:00,139.5,143.83,139.06,142.78,516720.73
2021-10-01 08:00:00,142.78,156.23,142.5,153.26,1574366.29
2021-10-01 12:00:00,153.27,159.09,149.25,157.4,1747450.23
2021-10-01 16:00:00,157.43,164.95,155.32,162.81,1177737.09
2021-10-01 20:00:00,162.81,163.2,156.68,161.56,1013998.33
2021-10-02 00:00:00,161.62,161.68,156.06,156.69,668651.74
2021-10-02 04:00:00,156.7,160.31,156.34,158.51,508324.44
2021-10-02 08:00:00,158.51,159.45,156.59,159.04,473153.86
2021-10-02 12:00:00,159.04,170.69,158.63,170.48,1595122.75
2021-10-02 16:00:00,170.44,175.0,170.03,174.8,1127341.35
2021-10-02 20:00:00,174.85,174.88,166.0,168.98,687392.88
2021-10-03 00:00:00,169.0,171.65,165.58,170.62,662233.15
2021-10-03 04:00:00,170.62,174.0,168.82,171.65,493098.48
2021-10-03 08:00:00,171.65,173.37,168.69,170.82,498681.47
2021-10-03 12:00:00,170.81,177.79,170.42,172.5,1130461.16
2021-10-03 16:00:00,172.48,177.0,171.68,175.59,714570.47
2021-10-03 20:00:00,175.58,176.0,167.69,172.98,734722.52
2021-10-04 00:00:00,172.99,173.34,166.0,167.13,623464.5
2021-10-04 04:00:00,167.09,170.13,164.12,169.61,643272.0
2021-10-04 08:00:00,169.62,169.87,164.81,165.86,566646.68
2021-10-04 12:00:00,165.83,172.8,162.0,166.44,1043188.55
2021-10-04 16:00:00,166.44,172.4,165.81,169.27,953991.91
2021-10-04 20:00:00,169.26,169.66,165.4,167.13,481936.28
2021-10-05 00:00:00,167.13,170.18,164.04,166.9,536122.42
2021-10-05 04:00:00,166.9,168.0,165.24,166.12,336863.71
2021-10-05 08:00:00,166.13,170.0,165.4,168.34,610411.63
2021-10-05 12:00:00,168.37,169.78,162.0,162.35,664848.5
2021-10-05 16:00:00,162.34,163.85,159.68,161.8,661805.9
2021-10-05 20:00:00,161.81,167.1,161.74,164.62,568389.55
2021-10-06 00:00:00,164.64,165.42,157.83,157.96,478361.81
2021-10-06 04:00:00,157.96,159.7,154.09,155.93,679702.75
2021-10-06 08:00:00,155.93,156.33,150.1,152.91,899540.94
2021-10-06 12:00:00,152.94,162.89,151.6,160.76,1308596.55
2021-10-06 16:00:00,160.75,161.66,157.68,159.78,542679.75
2021-10-06 20:00:00,159.8,160.08,152.58,153.87,590279.96
2021-10-07 00:00:00,153.9,155.04,150.34,152.03,457742.57
2021-10-07 04:00:00,152.02,159.4,151.83,158.47,554026.36
2021-10-07 08:00:00,158.5,160.18,154.18,157.7,626478.63
2021-10-07 12:00:00,157.69,161.42,153.5,155.88,707836.79
2021-10-07 16:00:00,155.87,157.0,153.41,156.07,507805.56
2021-10-07 20:00:00,156.07,158.8,153.01,154.26,397486.67
2021-10-08 00:00:00,154.26,157.03,152.52,154.44,287038.58
2021-10-08 04:00:00,154.43,159.09,152.39,158.77,427836.06
2021-10-08 08:00:00,158.77,166.64,157.87,162.22,1171591.26
2021-10-08 12:00:00,162.21,168.97,160.0,166.48,981631.69
2021-10-08 16:00:00,166.51,168.06,162.41,163.57,461970.07
2021-10-08 20:00:00,163.6,163.6,157.2,158.86,405017.72
2021-10-09 00:00:00,158.88,160.57,156.06,160.02,333736.58
2021-10-09 04:00:00,160.01,161.54,158.3,159.19,336170.8
2021-10-09 08:00:00,159.15,160.48,157.43,158.38,328955.89
2021-10-09 12:00:00,158.37,160.18,157.11,157.97,342087.37
2021-10-09 16:00:00,157.97,158.4,156.1,156.4,254752.86
2021-10-09 20:00:00,156.42,157.87,154.18,156.84,237605.52
2021-10-10 00:00:00,156.8,156.9,152.38,155.41,383065.48
2021-10-10 04:00:00,155.39,157.02,154.58,154.98,198384.39
2021-10-10 08:00:00,155.0,158.5,154.0,154.69,349279.71
2021-10-10 12:00:00,154.67,154.89,152.8,154.4,281834.86
2021-10-10 16:00:00,154.41,154.67,152.0,153.48,195073.83
2021-10-10 20:00:00,153.47,154.69,145.55,147.55,630257.42
2021-10-11 00:00:00,147.56,151.62,145.34,151.47,350719.91
2021-10-11 04:00:00,151.43,152.96,150.33,152.33,256208.75
2021-10-11 08:00:00,152.3,154.0,147.11,148.54,385242.84
2021-10-11 12:00:00,148.55,149.99,146.67,147.76,356947.6
2021-10-11 16:00:00,147.76,148.1,141.32,141.58,474972.11
2021-10-11 20:00:00,141.57,145.46,140.24,144.77,387231.93
2021-10-12 00:00:00,144.79,145.82,140.82,143.2,395223.26
2021-10-12 04:00:00,143.2,145.57,141.2,143.32,335657.47
2021-10-12 08:00:00,143.34,145.2,140.17,142.5,377403.73
2021-10-12 12:00:00,142.51,145.34,137.61,143.54,742606.72
2021-10-12 16:00:00,143.53,153.5,142.9,150.04,1030153.89
2021-10-12 20:00:00,150.01,153.1,147.92,152.32,496438.25
2021-10-13 00:00:00,152.35,155.56,148.41,149.28,563096.57
2021-10-13 04:00:00,149.28,150.41,144.58,145.43,467315.65
2021-10-13 08:00:00,145.43,147.62,145.23,146.86,356680.76
2021-10-13 12:00:00,146.86,147.42,144.28,146.31,400934.46
2021-10-13 16:00:00,146.31,147.9,144.56,145.01,545291.86
2021-10-13 20:00:00,145.02,149.5,144.74,148.04,427226.7
2021-10-14 00:00:00,148.05,150.99,147.27,149.65,406284.05
2021-10-14 04:00:00,149.65,152.0,148.48,150.36,467225.34
2021-10-14 08:00:00,150.36,154.21,149.91,153.88,487621.09
2021-10-14 12:00:00,153.87,155.65,152.22,152.81,591595.58
2021-10-14 16:00:00,152.83,153.53,148.56,150.07,505712.3
2021-10-14 20:00:00,150.06,151.49,148.9,150.02,196162.25
2021-10-15 00:00:00,150.01,151.41,146.68,150.85,452261.35
2021-10-15 04:00:00,150.85,163.64,150.8,161.57,1884919.83
2021-10-15 08:00:00,161.6,165.75,157.02,157.82,1193741.63
2021-10-15 12:00:00,157.82,163.11,157.02,159.36,619125.18
2021-10-15 16:00:00,159.35,162.94,158.7,160.4,633307.12
2021-10-15 20:00:00,160.39,164.3,159.14,163.18,605256.96
2021-10-16 00:00:00,163.15,163.5,158.19,158.79,336690.29
2021-10-16 04:00:00,158.78,159.71,157.51,158.29,286464.4
2021-10-16 08:00:00,158.29,164.8,157.94,162.14,541147.0
2021-10-16 12:00:00,162.14,162.98,158.71,159.55,423940.12
2021-10-16 16:00:00,159.55,160.12,158.0,158.19,212423.8
2021-10-16 20:00:00,158.19,158.85,156.36,157.54,184575.98
2021-10-17 00:00:00,157.54,163.02,156.66,162.96,282379.29
2021-10-17 04:00:00,162.96,165.0,160.67,162.16,695432.23
2021-10-17 08:00:00,162.16,167.65,162.11,163.54,657306.74
2021-10-17 12:00:00,163.54,165.49,160.01,160.77,457180.36
2021-10-17 16:00:00,160.75,161.75,158.2,158.83,369491.28
2021-10-17 20:00:00,158.83,160.15,153.13,160.12,608632.23
2021-10-18 00:00:00,160.11,162.98,159.06,159.92,390300.89
2021-10-18 04:00:00,159.92,161.48,158.6,158.87,244564.39
2021-10-18 08:00:00,158.85,159.93,156.0,156.96,463310.91
2021-10-18 12:00:00,156.97,159.68,155.58,156.66,509570.66
2021-10-18 16:00:00,156.65,158.01,154.91,156.75,404257.44
2021-10-18 20:00:00,156.75,158.25,155.63,157.12,228601.88
2021-10-19 00:00:00,157.12,158.97,156.06,158.5,247815.27
2021-10-19 04:00:00,158.5,159.45,156.72,157.67,264292.79
2021-10-19 08:00:00,157.67,157.91,155.6,157.0,267690.82
2021-10-19 12:00:00,157.01,157.99,154.79,155.53,392995.79
2021-10-19 16:00:00,155.54,156.51,154.41,154.53,298865.58
2021-10-19 20:00:00,154.52,157.3,153.06,155.78,349889.92
2021-10-20 00:00:00,155.77,157.47,155.62,155.77,194352.92
2021-10-20 04:00:00,155.76,157.11,155.0,156.52,208462.95
2021-10-20 08:00:00,156.52,160.15,155.91,160.08,369859.99
2021-10-20 12:00:00,160.07,169.95,159.44,168.74,1122857.7
2021-10-20 16:00:00,168.75,174.9,166.78,173.06,1216369.29
2021-10-20 20:00:00,173.07,176.87,169.92,176.72,772471.85
2021-10-21 00:00:00,176.72,189.77,176.7,184.22,2147968.15
2021-10-21 04:00:00,184.2,188.88,180.0,186.99,957463.38
2021-10-21 08:00:00,186.99,194.21,183.15,187.09,1492644.24
2021-10-21 12:00:00,187.09,191.1,177.8,182.6,1605117.44
2021-10-21 16:00:00,182.62,188.59,180.43,184.75,912186.47
2021-10-21 20:00:00,184.74,191.1,182.68,190.5,738331.09
2021-10-22 00:00:00,190.46,205.0,187.96,201.71,1826331.07
2021-10-22 04:00:00,201.72,208.0,200.25,203.24,1039307.97
2021-10-22 08:00:00,203.24,206.0,201.05,204.18,653242.18
2021-10-22 12:00:00,204.18,215.1,201.8,206.53,2548523.42
2021-10-22 16:00:00,206.53,211.12,195.36,197.69,1509956.85
2021-10-22 20:00:00,197.69,200.0,192.0,196.29,786877.93
2021-10-23 00:00:00,196.29,204.09,191.86,202.84,770249.62
2021-10-23 04:00:00,202.85,205.78,198.7,201.35,469442.38
2021-10-23 08:00:00,201.38,203.1,196.8,202.25,594269.58
2021-10-23 12:00:00,202.29,202.68,196.74,199.2,558439.27
2021-10-23 16:00:00,199.2,201.69,193.0,193.74,588799.67
2021-10-23 20:00:00,193.75,198.18,193.56,197.75,293502.53
2021-10-24 00:00:00,197.75,200.13,195.69,196.56,312797.75
2021-10-24 04:00:00,196.58,196.6,192.29,194.11,365620.91
2021-10-24 08:00:00,194.1,196.42,188.69,188.82,536180.42
2021-10-24 12:00:00,188.83,192.56,185.41,186.58,745160.18
2021-10-24 16:00:00,186.58,191.7,185.22,191.53,536134.67
2021-10-24 20:00:00,191.51,204.86,190.51,202.14,1078066.33
2021-10-25 00:00:00,202.15,203.9,198.0,201.68,626308.33
2021-10-25 04:00:00,201.68,210.82,200.81,207.75,854732.2
2021-10-25 08:00:00,207.75,212.7,205.62,207.9,755981.08
2021-10-25 12:00:00,207.9,218.93,204.9,218.63,1345815.6
2021-10-25 16:00:00,218.62,218.75,209.88,210.4,839307.06
2021-10-25 20:00:00,210.44,214.32,207.47,209.7,492335.02
2021-10-26 00:00:00,209.73,214.2,207.5,208.63,577238.41
2021-10-26 04:00:00,208.63,209.43,205.58,209.34,428382.96
2021-10-26 08:00:00,209.35,211.7,207.25,207.28,495397.03
2021-10-26 12:00:00,207.28,208.35,202.36,206.57,589159.37
2021-10-26 16:00:00,206.57,209.6,204.01,207.1,385858.93
2021-10-26 20:00:00,207.11,207.6,196.36,199.85,692670.46
2021-10-27 00:00:00,199.87,204.78,198.15,202.83,417627.93
2021-10-27 04:00:00,202.85,205.49,194.0,194.09,588287.25
2021-10-27 08:00:00,194.09,195.87,176.94,190.0,1939449.34
2021-10-27 12:00:00,189.98,194.2,187.15,188.97,739937.76
2021-10-27 16:00:00,188.96,192.24,184.43,189.33,672626.42
2021-10-27 20:00:00,189.3,191.17,181.12,184.49,645697.51
2021-10-28 00:00:00,184.45,190.25,181.64,186.84,511425.55
2021-10-28 04:00:00,186.83,191.19,184.79,186.74,589646.37
2021-10-28 08:00:00,186.77,200.0,186.7,195.41,860606.84
2021-10-28 12:00:00,195.41,201.38,194.7,197.3,526690.55
2021-10-28 16:00:00,197.3,198.85,191.13,198.2,579573.07
2021-10-28 20:00:00,198.2,201.0,193.75,195.42,435832.22
2021-10-29 00:00:00,195.37,205.22,194.45,201.6,586595.88
2021-10-29 04:00:00,201.63,202.19,196.55,198.03,367435.51
2021-10-29 08:00:00,198.05,199.75,195.4,196.35,298322.01
2021-10-29 12:00:00,196.35,203.43,195.61,201.82,465290.86
2021-10-29 16:00:00,201.84,204.95,199.71,200.59,486223.56
2021-10-29 20:00:00,200.6,203.86,199.09,200.41,280346.2
2021-10-30 00:00:00,200.36,200.62,196.5,197.04,252453.6
2021-10-30 04:00:00,197.04,199.04,195.95,198.07,191527.55
2021-10-30 08:00:00,198.08,198.61,195.06,197.01,245403.86
2021-10-30 12:00:00,197.03,197.24,190.29,193.18,378697.39
2021-10-30 16:00:00,193.15,194.69,191.08,194.56,207420.82
2021-10-30 20:00:00,194.57,195.86,187.3,195.7,334070.15
2021-10-31 00:00:00,195.69,196.96,191.12,191.91,286314.15
2021-10-31 04:00:00,191.92,192.5,189.14,190.58,187357.21
2021-10-31 08:00:00,190.59,190.66,185.88,186.38,259210.7
2021-10-31 12:00:00,186.4,202.0,185.31,195.0,782638.5
2021-10-31 16:00:00,194.99,198.71,193.03,195.91,341125.59
2021-10-31 20:00:00,195.92,205.0,195.0,202.49,519111.2
2021-11-01 00:00:00,202.53,210.0,198.85,200.89,780994.3
2021-11-01 04:00:00,200.89,210.0,197.7,209.91,624812.11
2021-11-01 08:00:00,209.89,211.66,204.02,204.69,553949.76
2021-11-01 12:00:00,204.64,206.4,200.97,204.05,512208.5
2021-11-01 16:00:00,204.05,204.5,199.0,204.04,422239.79
2021-11-01 20:00:00,204.04,206.28,200.8,203.9,255871.82
2021-11-02 00:00:00,203.91,204.8,200.97,203.92,220929.26
2021-11-02 04:00:00,203.91,205.8,202.67,203.43,214287.94
2021-11-02 08:00:00,203.43,207.81,202.35,204.35,345485.05
2021-11-02 12:00:00,204.33,208.9,203.69,208.84,364112.41
2021-11-02 16:00:00,208.84,217.69,206.55,217.23,1040567.41
2021-11-02 20:00:00,217.25,222.22,211.97,220.82,691322.472
2021-11-03 00:00:00,220.81,231.95,215.69,229.6,1205119.385
2021-11-03 04:00:00,229.6,232.66,224.0,232.47,549351.05
2021-11-03 08:00:00,232.49,235.0,226.82,231.7,733800.81
2021-11-03 12:00:00,231.7,232.02,223.12,225.31,760610.79
2021-11-03 16:00:00,225.35,237.94,221.12,234.69,915732.44
2021-11-03 20:00:00,234.68,247.0,234.38,243.37,1089101.877
2021-11-04 00:00:00,243.37,248.0,238.0,238.1,612086.46
2021-11-04 04:00:00,238.12,244.25,235.56,237.89,423231.07
2021-11-04 08:00:00,237.8,244.08,236.76,239.0,490709.9
2021-11-04 12:00:00,239.0,245.26,235.99,238.48,748786.59
2021-11-04 16:00:00,238.47,242.74,234.0,240.44,578701.95
2021-11-04 20:00:00,240.49,250.5,239.0,247.07,699132.61
2021-11-05 00:00:00,247.06,248.84,240.53,242.93,481605.04
2021-11-05 04:00:00,242.97,244.3,240.31,242.73,309391.15
2021-11-05 08:00:00,242.75,243.8,236.28,236.47,327128.72
2021-11-05 12:00:00,236.47,238.72,230.34,233.19,555236.19
2021-11-05 16:00:00,233.24,238.77,232.46,235.8,285159.1
2021-11-05 20:00:00,235.79,237.99,231.49,236.06,275280.03
2021-11-06 00:00:00,236.04,242.0,234.79,239.79,365834.96
2021-11-06 04:00:00,239.8,247.99,239.58,245.92,543568.04
2021-11-06 08:00:00,245.91,249.88,239.77,242.33,574398.22
2021-11-06 12:00:00,242.34,254.44,237.54,253.2,674622.42
2021-11-06 16:00:00,253.21,255.0,248.1,254.28,441081.66
2021-11-06 20:00:00,254.28,259.9,251.25,258.44,446557.16
2021-11-07 00:00:00,258.41,258.66,251.14,254.18,383728.05
2021-11-07 04:00:00,254.18,258.59,252.55,252.92,325406.74
2021-11-07 08:00:00,252.91,253.9,250.0,252.6,363808.46
2021-11-07 12:00:00,252.61,254.41,250.68,252.16,263915.84
2021-11-07 16:00:00,252.15,253.43,246.68,247.0,324970.72
2021-11-07 20:00:00,246.99,250.69,245.65,249.68,261263.06
2021-11-08 00:00:00,249.62,250.3,240.68,248.29,590765.74
2021-11-08 04:00:00,248.29,249.39,243.87,245.86,338190.93
2021-11-08 08:00:00,245.86,247.77,242.37,243.77,327025.65
2021-11-08 12:00:00,243.77,248.6,242.74,248.28,312085.85
2021-11-08 16:00:00,248.28,253.3,245.83,246.43,401738.17
2021-11-08 20:00:00,246.43,249.57,240.7,248.26,331545.42
2021-11-09 00:00:00,248.27,253.22,246.17,246.72,408546.71
2021-11-09 04:00:00,246.73,248.11,245.02,246.53,297631.44
2021-11-09 08:00:00,246.54,248.88,244.65,245.91,298425.38
2021-11-09 12:00:00,245.9,246.39,237.62,240.8,598630.05
2021-11-09 16:00:00,240.8,243.53,237.92,240.15,362805.56
2021-11-09 20:00:00,240.14,242.63,238.77,239.04,251048.92
2021-11-10 00:00:00,239.06,241.23,235.89,236.6,326774.63
2021-11-10 04:00:00,236.61,243.4,235.38,240.87,330022.96
2021-11-10 08:00:00,240.87,243.96,240.36,240.63,260906.58
2021-11-10 12:00:00,240.64,248.0,236.44,244.84,554211.08
2021-11-10 16:00:00,244.84,246.02,236.32,236.48,407487.76
2021-11-10 20:00:00,236.49,238.84,217.5,233.09,1213074.22
2021-11-11 00:00:00,233.06,239.16,229.4,239.04,359034.08
2021-11-11 04:00:00,239.02,246.5,237.74,244.2,456339.27
2021-11-11 08:00:00,244.19,246.07,239.85,239.88,316879.35
2021-11-11 12:00:00,239.88,243.21,236.16,239.42,391852.95
2021-11-11 16:00:00,239.41,240.7,235.32,237.77,222897.83
2021-11-11 20:00:00,237.77,238.79,233.31,233.37,250990.42
2021-11-12 00:00:00,233.34,239.09,230.06,232.24,362425.43
2021-11-12 04:00:00,232.24,234.85,227.03,228.09,335525.7
2021-11-12 08:00:00,228.12,231.65,224.68,226.17,369737.06
2021-11-12 12:00:00,226.17,229.33,221.48,222.3,422858.13
2021-11-12 16:00:00,222.3,232.57,220.83,228.85,437537.14
2021-11-12 20:00:00,228.85,233.35,227.81,228.48,186637.77
2021-11-13 00:00:00,228.46,232.72,225.46,225.54,195941.06
2021-11-13 04:00:00,225.54,227.38,224.79,227.07,149946.17
2021-11-13 08:00:00,227.08,228.95,225.04,226.96,158168.87
2021-11-13 12:00:00,226.98,237.2,226.39,233.62,378649.6
2021-11-13 16:00:00,233.61,239.16,233.46,237.18,317854.11
2021-11-13 20:00:00,237.2,241.97,236.93,241.59,257827.58
2021-11-14 00:00:00,241.58,242.0,236.41,237.2,182123.28
2021-11-14 04:00:00,237.2,238.73,234.77,235.31,136455.41
2021-11-14 08:00:00,235.31,237.28,233.55,236.27,167793.25
2021-11-14 12:00:00,236.27,238.78,234.06,234.41,178982.77
2021-11-14 16:00:00,234.41,235.84,230.4,235.37,214323.88
2021-11-14 20:00:00,235.36,239.06,235.27,238.64,195466.28
2021-11-15 00:00:00,238.63,244.51,237.63,243.72,392206.98
2021-11-15 04:00:00,243.71,244.48,239.46,241.28,227672.87
2021-11-15 08:00:00,241.29,244.0,239.81,243.0,241304.84
2021-11-15 12:00:00,243.01,246.36,238.62,239.76,441721.69
2021-11-15 16:00:00,239.75,242.41,237.57,240.31,336195.82
2021-11-15 20:00:00,240.3,240.61,234.49,238.2,282026.04
2021-11-16 00:00:00,238.18,238.21,224.13,226.7,688316.56
2021-11-16 04:00:00,226.74,230.62,224.37,226.63,332820.72
2021-11-16 08:00:00,226.67,229.9,213.81,224.93,644796.33
2021-11-16 12:00:00,224.93,227.82,220.28,225.29,360981.66
2021-11-16 16:00:00,225.24,226.97,222.24,225.9,230397.45
2021-11-16 20:00:00,225.82,225.89,216.81,219.04,300310.95
2021-11-17 00:00:00,219.09,221.36,211.73,212.49,373911.19
2021-11-17 04:00:00,212.5,216.55,210.71,214.81,331174.52
2021-11-17 08:00:00,214.82,220.46,209.53,220.28,413184.11
2021-11-17 12:00:00,220.32,222.44,210.02,213.67,379512.21
2021-11-17 16:00:00,213.66,217.58,211.4,214.47,347724.96
2021-11-17 20:00:00,214.46,218.97,212.52,218.94,249283.55
2021-11-18 00:00:00,218.9,222.78,216.61,216.74,301718.43
2021-11-18 04:00:00,216.75,218.14,211.38,212.63,274076.77
2021-11-18 08:00:00,212.64,213.3,207.29,207.9,318347.92
2021-11-18 12:00:00,207.9,209.6,193.0,196.99,814122.93
2021-11-18 16:00:00,197.04,202.08,186.5,200.18,954856.54
2021-11-18 20:00:00,200.21,202.82,192.45,195.01,414677.35
2021-11-19 00:00:00,195.19,202.71,188.99,192.0,512198.28
2021-11-19 04:00:00,192.03,199.97,191.51,196.44,310128.8
2021-11-19 08:00:00,196.43,206.37,196.31,202.94,472697.1
2021-11-19 12:00:00,202.9,215.99,201.98,213.99,625720.91
2021-11-19 16:00:00,213.97,219.59,213.48,217.31,518106.78
2021-11-19 20:00:00,217.32,218.51,212.64,215.25,273733.91
2021-11-20 00:00:00,215.25,221.17,213.28,214.94,292278.83
2021-11-20 04:00:00,214.95,216.0,212.75,212.83,187098.11
2021-11-20 08:00:00,212.81,217.09,212.24,215.56,232594.34
2021-11-20 12:00:00,215.55,216.12,207.0,207.1,325233.51
2021-11-20 16:00:00,207.13,217.71,205.84,215.4,348288.76
2021-11-20 20:00:00,215.42,218.82,215.33,217.63,175058.7
2021-11-21 00:00:00,217.64,218.22,210.93,211.66,180983.11
2021-11-21 04:00:00,211.67,215.36,211.11,213.87,143208.65
2021-11-21 08:00:00,213.88,214.34,210.66,211.51,158027.41
2021-11-21 12:00:00,211.52,215.32,210.53,215.06,205557.12
2021-11-21 16:00:00,215.08,233.35,214.6,228.84,693506.77
2021-11-21 20:00:00,228.84,240.0,226.24,230.51,506996.99
2021-11-22 00:00:00,230.56,231.99,219.69,220.45,476366.71
2021-11-22 04:00:00,220.45,222.27,215.32,215.99,361725.47
2021-11-22 08:00:00,216.0,224.34,215.71,218.93,355024.35
2021-11-22 12:00:00,218.94,225.32,214.37,222.54,479838.9
2021-11-22 16:00:00,222.55,225.25,212.22,212.84,503432.61
2021-11-22 20:00:00,212.86,218.82,211.6,215.59,280315.77
2021-11-23 00:00:00,215.58,221.83,214.23,220.95,214247.28
2021-11-23 04:00:00,220.97,221.17,212.16,212.95,198562.04
2021-11-23 08:00:00,212.92,216.68,210.91,212.25,382130.38
2021-11-23 12:00:00,212.27,219.64,211.13,215.99,303797.29
2021-11-23 16:00:00,215.99,224.59,215.96,224.53,334779.94
2021-11-23 20:00:00,224.54,226.08,221.29,221.75,220500.31
2021-11-24 00:00:00,221.76,222.47,214.1,217.13,317538.74
2021-11-24 04:00:00,217.06,220.33,215.2,216.92,163464.55
2021-11-24 08:00:00,216.88,219.9,214.04,214.6,239999.62
2021-11-24 12:00:00,214.58,215.34,207.11,212.34,397235.63
2021-11-24 16:00:00,212.33,214.0,200.14,202.05,488655.19
2021-11-24 20:00:00,202.06,207.92,200.73,205.7,271278.82
2021-11-25 00:00:00,205.76,211.7,204.71,210.95,273308.04
2021-11-25 04:00:00,210.87,211.22,204.8,205.7,219319.74
2021-11-25 08:00:00,205.69,210.86,201.93,208.44,385057.04
2021-11-25 12:00:00,208.43,214.67,208.0,214.42,375145.34
2021-11-25 16:00:00,214.44,216.35,209.9,210.45,316402.87
2021-11-25 20:00:00,210.44,212.65,207.45,209.97,195604.16
2021-11-26 00:00:00,209.94,210.53,205.18,205.5,200486.06
2021-11-26 04:00:00,205.5,207.1,200.01,201.39,402830.32
2021-11-26 08:00:00,201.35,201.42,183.75,185.31,1079805.78
2021-11-26 12:00:00,185.31,198.25,182.7,192.75,536557.03
2021-11-26 16:00:00,192.73,198.46,190.13,197.73,300277.51
2021-11-26 20:00:00,197.75,200.76,191.24,192.42,256148.74
2021-11-27 00:00:00,192.37,196.34,191.29,195.39,174223.4
2021-11-27 04:00:00,195.39,198.33,192.62,194.29,157030.09
2021-11-27 08:00:00,194.3,198.62,194.27,196.2,230326.78
2021-11-27 12:00:00,196.18,199.39,196.18,196.46,157145.71
2021-11-27 16:00:00,196.46,199.12,195.89,196.29,134943.09
2021-11-27 20:00:00,196.31,197.72,190.61,192.74,175286.2
2021-11-28 00:00:00,192.74,193.15,184.7,187.13,353950.85
2021-11-28 04:00:00,187.15,190.11,185.99,189.82,147749.15
2021-11-28 08:00:00,189.82,191.49,187.34,190.07,135629.08
2021-11-28 12:00:00,190.09,191.46,187.95,188.99,134466.03
2021-11-28 16:00:00,188.98,189.76,180.93,188.51,300637.31
2021-11-28 20:00:00,188.52,202.1,188.52,200.69,488548.43
2021-11-29 00:00:00,200.71,203.98,199.63,200.85,241446.89
2021-11-29 04:00:00,200.87,206.61,200.73,203.79,200800.04
2021-11-29 08:00:00,203.79,206.25,201.02,203.38,211329.56
2021-11-29 12:00:00,203.43,210.84,203.08,206.92,300121.93
2021-11-29 16:00:00,206.91,212.75,205.24,206.05,317606.29
2021-11-29 20:00:00,206.06,208.0,203.66,204.09,187458.86
2021-11-30 00:00:00,204.1,206.53,201.2,203.72,186261.51
2021-11-30 04:00:00,203.74,206.1,200.02,201.77,237736.36
2021-11-30 08:00:00,201.82,207.5,199.55,207.19,255409.76
2021-11-30 12:00:00,207.18,218.28,207.12,213.03,784756.29
2021-11-30 16:00:00,213.03,216.13,207.74,215.41,483946.85
2021-11-30 20:00:00,215.4,215.83,208.19,208.53,228623.62
2021-12-01 00:00:00,208.52,215.0,207.89,214.93,237304.89
2021-12-01 04:00:00,214.92,220.88,214.27,218.42,309922.29
2021-12-01 08:00:00,218.44,224.45,216.24,221.29,456112.7
2021-12-01 12:00:00,221.3,229.85,220.49,229.51,452046.19
2021-12-01 16:00:00,229.51,232.63,221.45,230.14,595736.66
2021-12-01 20:00:00,230.15,231.0,220.11,229.81,538355.5
2021-12-02 00:00:00,229.81,236.24,220.0,224.24,682539.68
2021-12-02 04:00:00,224.23,227.4,221.42,222.89,256066.43
2021-12-02 08:00:00,222.88,229.72,222.41,226.79,335678.94
2021-12-02 12:00:00,226.78,232.11,221.78,229.47,462047.98
2021-12-02 16:00:00,229.43,235.98,224.65,234.12,685284.06
2021-12-02 20:00:00,234.13,243.12,231.76,233.6,621095.58
2021-12-03 00:00:00,233.59,236.4,226.33,229.97,331359.01
2021-12-03 04:00:00,229.95,235.35,228.26,232.49,210188.32
2021-12-03 08:00:00,232.5,238.34,229.68,237.54,325741.6
2021-12-03 12:00:00,237.55,239.37,222.83,224.27,482844.66
2021-12-03 16:00:00,224.3,226.13,210.85,212.75,825306.54
2021-12-03 20:00:00,212.75,219.25,204.68,211.65,691694.28
2021-12-04 00:00:00,211.65,212.62,195.92,196.09,524683.66
2021-12-04 04:00:00,196.09,202.16,169.0,193.0,1970357.9
2021-12-04 08:00:00,193.04,196.81,185.49,188.24,638412.68
2021-12-04 12:00:00,188.29,207.66,188.29,205.05,745071.3
2021-12-04 16:00:00,205.03,208.7,198.28,207.13,545540.54
2021-12-04 20:00:00,207.13,210.52,198.75,200.67,471693.01
2021-12-05 00:00:00,200.68,204.51,191.15,196.5,463683.56
2021-12-05 04:00:00,196.51,203.35,194.1,200.49,282093.0
2021-12-05 08:00:00,200.49,201.62,195.19,196.06,267218.05
2021-12-05 12:00:00,196.17,199.58,181.44,185.45,613039.99
2021-12-05 16:00:00,185.35,192.0,184.87,190.2,512897.08
2021-12-05 20:00:00,190.18,197.78,186.64,196.43,343360.58
2021-12-06 00:00:00,196.49,197.08,187.2,193.31,381730.09
2021-12-06 04:00:00,193.25,196.56,183.0,184.99,334490.88
2021-12-06 08:00:00,185.08,189.8,176.17,182.07,750918.91
2021-12-06 12:00:00,182.02,188.47,179.19,188.35,454241.32
2021-12-06 16:00:00,188.29,192.0,185.83,187.56,406586.04
2021-12-06 20:00:00,187.56,197.71,187.56,193.56,487278.59
2021-12-07 00:00:00,193.57,198.0,192.94,195.35,359512.66
2021-12-07 04:00:00,195.34,201.08,194.62,199.36,291023.3
2021-12-07 08:00:00,199.37,204.1,199.02,203.14,330568.52
2021-12-07 12:00:00,203.15,203.45,196.23,198.11,356602.53
2021-12-07 16:00:00,198.16,198.93,193.51,194.3,253620.68
2021-12-07 20:00:00,194.34,195.18,187.26,190.19,348380.22
2021-12-08 00:00:00,190.24,193.45,186.0,186.62,255541.83
2021-12-08 04:00:00,186.61,190.94,186.53,189.62,235580.45
2021-12-08 08:00:00,189.61,191.1,183.5,186.31,316840.51
2021-12-08 12:00:00,186.35,196.27,184.8,192.49,391948.27
2021-12-08 16:00:00,192.44,194.69,189.5,193.02,242294.31
2021-12-08 20:00:00,193.03,194.63,191.05,194.61,228472.29
2021-12-09 00:00:00,194.61,196.6,188.29,189.25,213246.65
2021-12-09 04:00:00,189.22,192.08,188.52,190.85,156729.47
2021-12-09 08:00:00,190.85,190.85,186.81,187.63,349372.79
2021-12-09 12:00:00,187.62,189.5,182.23,184.9,302653.08
2021-12-09 16:00:00,184.93,186.68,178.91,181.26,414951.08
2021-12-09 20:00:00,181.27,184.05,178.64,181.11,227981.18
2021-12-10 00:00:00,181.08,184.6,179.8,179.82,190063.11
2021-12-10 04:00:00,179.88,180.33,175.18,176.16,254740.01
2021-12-10 08:00:00,176.16,178.92,175.42,178.66,232645.78
2021-12-10 12:00:00,178.67,183.61,172.51,173.65,518885.74
2021-12-10 16:00:00,173.64,175.08,169.76,173.57,399108.67
2021-12-10 20:00:00,173.58,175.72,167.0,167.39,267463.59
2021-12-11 00:00:00,167.39,171.87,161.33,170.18,561743.34
2021-12-11 04:00:00,170.21,172.46,167.5,169.23,192235.59
2021-12-11 08:00:00,169.22,172.47,168.32,170.05,197275.78
2021-12-11 12:00:00,170.09,171.18,167.7,170.99,210136.32
2021-12-11 16:00:00,171.0,173.8,167.59,167.98,223703.41
2021-12-11 20:00:00,167.99,172.42,167.71,172.15,156561.67
2021-12-12 00:00:00,172.15,172.67,168.74,169.8,131513.49
2021-12-12 04:00:00,169.77,170.92,168.0,170.24,103747.16
2021-12-12 08:00:00,170.25,170.62,167.64,169.1,145485.93
2021-12-12 12:00:00,169.14,172.0,168.71,170.41,179856.06
2021-12-12 16:00:00,170.41,176.85,169.82,174.43,276155.64
2021-12-12 20:00:00,174.43,175.4,172.73,172.8,139857.68
2021-12-13 00:00:00,172.83,172.83,167.09,167.4,280505.82
2021-12-13 04:00:00,167.38,167.97,163.49,164.09,250135.67
2021-12-13 08:00:00,164.09,167.76,162.77,167.71,203302.48
2021-12-13 12:00:00,167.71,168.79,155.35,158.19,531966.27
2021-12-13 16:00:00,158.16,159.23,148.04,153.17,720953.32
2021-12-13 20:00:00,153.15,159.32,149.18,155.21,483368.26
2021-12-14 00:00:00,155.2,158.35,152.58,153.77,307867.48
2021-12-14 04:00:00,153.76,155.23,149.6,154.77,358448.08
2021-12-14 08:00:00,154.76,158.49,153.05,158.09,296686.61
2021-12-14 12:00:00,158.14,161.72,156.68,157.7,494440.94
2021-12-14 16:00:00,157.71,159.22,152.65,153.96,300553.11
2021-12-14 20:00:00,153.97,163.35,153.91,161.26,393412.76
2021-12-15 00:00:00,161.25,163.66,158.54,160.5,283652.92
2021-12-15 04:00:00,160.5,166.66,159.55,166.29,334806.18
2021-12-15 08:00:00,166.29,168.66,164.63,165.75,307251.19
2021-12-15 12:00:00,165.76,166.88,157.25,157.7,435507.16
2021-12-15 16:00:00,157.66,177.59,156.81,175.26,1209124.06
2021-12-15 20:00:00,175.25,182.64,174.16,178.52,758209.38
2021-12-16 00:00:00,178.53,179.9,176.43,178.77,289735.53
2021-12-16 04:00:00,178.8,180.58,174.37,178.31,297625.54
2021-12-16 08:00:00,178.27,186.12,177.98,185.87,430838.19
2021-12-16 12:00:00,185.88,189.0,182.57,187.01,720794.9
2021-12-16 16:00:00,187.05,187.49,179.54,180.08,363167.65
2021-12-16 20:00:00,180.11,185.0,176.01,176.86,380739.57
2021-12-17 00:00:00,176.89,181.65,176.46,179.25,256071.87
2021-12-17 04:00:00,179.2,182.5,175.31,177.75,291883.78
2021-12-17 08:00:00,177.76,179.36,174.8,175.94,252372.6
2021-12-17 12:00:00,175.93,177.71,167.88,176.59,726000.63
2021-12-17 16:00:00,176.55,181.59,174.75,177.55,511280.16
2021-12-17 20:00:00,177.56,178.57,172.78,175.51,271003.9
2021-12-18 00:00:00,175.48,176.2,170.96,174.15,250360.11
2021-12-18 04:00:00,174.11,176.86,173.08,176.03,167075.43
2021-12-18 08:00:00,176.02,181.09,176.0,179.93,274320.12
2021-12-18 12:00:00,179.94,183.51,179.06,181.41,241488.45
2021-12-18 16:00:00,181.41,182.76,179.76,181.74,142356.38
2021-12-18 20:00:00,181.75,184.24,180.57,182.78,142848.5
2021-12-19 00:00:00,182.78,184.9,179.77,184.49,201916.06
2021-12-19 04:00:00,184.5,189.43,184.2,187.16,227892.9
2021-12-19 08:00:00,187.16,187.87,182.79,184.83,200382.66
2021-12-19 12:00:00,184.83,188.53,182.78,184.07,250489.54
2021-12-19 16:00:00,184.07,185.16,179.33,180.33,165823.69
2021-12-19 20:00:00,180.34,183.84,177.99,179.93,171377.75
2021-12-20 00:00:00,179.9,181.18,177.1,178.38,222842.94
2021-12-20 04:00:00,178.34,180.06,175.0,175.35,178867.5
2021-12-20 08:00:00,175.36,176.28,171.37,172.54,266591.72
2021-12-20 12:00:00,172.55,174.14,168.49,170.0,294250.82
2021-12-20 16:00:00,169.99,176.52,169.37,175.98,249881.97
2021-12-20 20:00:00,175.98,178.19,172.71,173.9,235750.85
2021-12-21 00:00:00,173.9,176.28,170.27,175.49,205913.67
2021-12-21 04:00:00,175.48,181.15,175.48,178.95,297339.65
2021-12-21 08:00:00,178.93,181.1,178.6,179.71,184638.12
2021-12-21 12:00:00,179.75,182.54,176.62,177.41,258154.91
2021-12-21 16:00:00,177.44,179.24,176.08,177.01,170097.17
2021-12-21 20:00:00,177.05,181.44,176.92,179.63,186623.08
2021-12-22 00:00:00,179.62,181.57,177.41,179.61,185017.17
2021-12-22 04:00:00,179.67,187.31,179.06,186.28,283040.02
2021-12-22 08:00:00,186.3,187.55,182.83,185.56,251271.8
2021-12-22 12:00:00,185.56,186.27,181.24,185.05,269981.67
2021-12-22 16:00:00,185.06,185.69,179.53,180.27,214241.48
2021-12-22 20:00:00,180.23,181.76,177.05,178.4,176087.31
2021-12-23 00:00:00,178.38,182.91,175.64,180.87,283855.97
2021-12-23 04:00:00,180.89,181.66,177.01,177.88,133761.87
2021-12-23 08:00:00,177.87,180.66,177.13,179.02,176007.0
2021-12-23 12:00:00,179.02,181.14,177.48,180.94,211099.04
2021-12-23 16:00:00,180.94,193.5,180.1,191.15,625107.44
2021-12-23 20:00:00,191.11,193.0,188.67,190.03,297075.98
2021-12-24 00:00:00,190.08,191.89,186.98,187.69,265440.25
2021-12-24 04:00:00,187.68,189.12,186.3,188.79,167439.78
2021-12-24 08:00:00,188.81,191.39,188.12,188.76,211806.57
2021-12-24 12:00:00,188.76,195.63,184.14,195.45,422656.64
2021-12-24 16:00:00,195.45,197.55,191.77,192.08,367807.68
2021-12-24 20:00:00,192.09,194.88,188.18,190.36,222312.64
2021-12-25 00:00:00,190.37,195.0,189.76,191.65,214360.72
2021-12-25 04:00:00,191.64,194.85,191.38,193.08,150157.54
2021-12-25 08:00:00,193.05,193.24,189.08,190.24,164238.31
2021-12-25 12:00:00,190.24,192.85,190.12,192.14,138030.67
2021-12-25 16:00:00,192.14,192.84,189.24,190.97,151990.68
2021-12-25 20:00:00,190.95,194.48,189.96,193.1,228373.94
2021-12-26 00:00:00,193.03,197.0,190.8,190.9,401193.75
2021-12-26 04:00:00,190.83,193.8,190.22,192.76,133987.96
2021-12-26 08:00:00,192.77,198.73,192.43,196.5,317453.31
2021-12-26 12:00:00,196.49,200.0,195.15,198.19,345834.52
2021-12-26 16:00:00,198.18,200.59,197.41,198.42,203500.67
2021-12-26 20:00:00,198.4,199.64,196.01,197.81,137559.82
2021-12-27 00:00:00,197.85,201.29,196.64,201.02,157581.33
2021-12-27 04:00:00,201.02,201.88,198.39,198.59,126337.19
2021-12-27 08:00:00,198.57,201.0,194.71,200.28,211565.06
2021-12-27 12:00:00,200.27,203.5,198.9,201.57,272492.05
2021-12-27 16:00:00,201.57,204.75,200.41,200.55,222392.21
2021-12-27 20:00:00,200.53,201.26,195.25,195.67,228131.86
2021-12-28 00:00:00,195.68,195.68,187.04,190.29,349657.36
2021-12-28 04:00:00,190.24,193.25,185.83,189.99,340785.05
2021-12-28 08:00:00,189.98,192.97,188.53,192.14,221759.64
2021-12-28 12:00:00,192.14,192.93,185.0,185.58,298564.58
2021-12-28 16:00:00,185.57,186.0,176.2,180.17,562304.7
2021-12-28 20:00:00,180.18,183.99,176.94,177.32,224171.87
2021-12-29 00:00:00,177.28,180.62,176.44,179.63,182056.16
2021-12-29 04:00:00,179.63,180.02,175.32,176.46,218506.07
2021-12-29 08:00:00,176.46,177.94,174.41,175.55,214324.68
2021-12-29 12:00:00,175.53,176.7,170.71,176.41,427289.91
2021-12-29 16:00:00,176.42,177.49,173.5,174.57,216343.3
2021-12-29 20:00:00,174.56,176.83,170.01,170.63,282083.63
2021-12-30 00:00:00,170.65,172.32,168.17,170.21,306524.03
2021-12-30 04:00:00,170.18,174.85,169.78,173.7,164208.47
2021-12-30 08:00:00,173.71,175.24,171.84,174.7,144515.3
2021-12-30 12:00:00,174.7,175.74,173.18,173.86,175354.28
2021-12-30 16:00:00,173.86,175.63,173.54,174.33,108165.92
2021-12-30 20:00:00,174.32,174.96,171.0,172.52,123941.31
2021-12-31 00:00:00,172.53,173.78,170.81,171.59,135040.34
2021-12-31 04:00:00,171.59,172.76,170.0,172.56,154576.2
2021-12-31 08:00:00,172.55,177.65,172.32,175.12,231431.19
2021-12-31 12:00:00,175.11,176.2,174.78,175.68,110205.43
2021-12-31 16:00:00,175.71,176.1,167.67,167.96,232998.75
2021-12-31 20:00:00,167.96,171.97,167.68,169.99,162351.43
2022-01-01 00:00:00,170.01,174.3,169.93,172.94,123623.05
2022-01-01 04:00:00,172.97,174.36,171.24,173.11,96869.62
2022-01-01 08:00:00,173.11,173.4,170.8,171.53,69731.59
2022-01-01 12:00:00,171.56,174.24,171.45,173.84,77620.88
2022-01-01 16:00:00,173.84,177.34,173.57,177.3,126904.92
2022-01-01 20:00:00,177.3,179.2,176.09,179.06,139849.33
2022-01-02 00:00:00,179.06,179.53,176.9,177.65,148724.94
2022-01-02 04:00:00,177.66,178.05,175.08,175.86,82525.8
2022-01-02 08:00:00,175.83,176.29,174.51,175.66,82573.1
2022-01-02 12:00:00,175.66,176.87,174.94,176.23,86832.56
2022-01-02 16:00:00,176.24,178.69,174.31,175.32,150294.65
2022-01-02 20:00:00,175.31,177.1,174.7,176.35,69136.33
2022-01-03 00:00:00,176.34,176.49,172.13,172.8,113217.48
2022-01-03 04:00:00,172.78,173.86,172.0,173.11,98608.79
2022-01-03 08:00:00,173.11,175.02,172.35,174.74,98573.74
2022-01-03 12:00:00,174.76,175.8,170.85,170.95,237905.02
2022-01-03 16:00:00,170.94,171.7,168.75,169.94,266790.7
2022-01-03 20:00:00,169.93,171.15,166.59,170.15,216220.7
2022-01-04 00:00:00,170.14,170.41,166.94,167.84,166741.34
2022-01-04 04:00:00,167.82,169.21,166.47,169.04,167832.08
2022-01-04 08:00:00,169.03,172.28,167.07,171.63,189611.06
2022-01-04 12:00:00,171.63,173.93,170.53,172.21,224424.44
2022-01-04 16:00:00,172.2,172.46,167.0,168.6,199806.39
2022-01-04 20:00:00,168.6,169.52,167.53,167.72,92917.32
2022-01-05 00:00:00,167.74,169.34,167.17,169.15,114440.89
2022-01-05 04:00:00,169.16,170.5,168.09,169.86,87007.27
2022-01-05 08:00:00,169.89,171.32,168.0,168.51,132224.18
2022-01-05 12:00:00,168.51,169.26,167.51,168.27,162814.6
2022-01-05 16:00:00,168.26,168.69,157.53,158.65,453250.04
2022-01-05 20:00:00,158.69,159.8,144.92,154.52,710111.19
2022-01-06 00:00:00,154.48,154.8,148.06,148.12,261526.53
2022-01-06 04:00:00,148.14,150.98,147.06,150.73,299516.03
2022-01-06 08:00:00,150.73,151.0,145.98,147.56,287481.76
2022-01-06 12:00:00,147.54,151.06,146.32,149.66,362357.09
2022-01-06 16:00:00,149.67,154.44,148.83,153.84,206657.38
2022-01-06 20:00:00,153.87,153.95,150.0,150.26,157532.51
2022-01-07 00:00:00,150.28,150.72,138.0,139.63,619227.91
2022-01-07 04:00:00,139.63,141.21,134.6,138.99,667955.75
2022-01-07 08:00:00,139.0,144.0,138.25,139.21,401139.05
2022-01-07 12:00:00,139.2,142.83,133.08,135.97,517642.88
2022-01-07 16:00:00,135.97,140.48,134.44,140.21,346790.16
2022-01-07 20:00:00,140.21,140.96,135.94,136.45,166641.55
2022-01-08 00:00:00,136.43,141.52,135.8,139.36,231379.52
2022-01-08 04:00:00,139.4,144.66,139.32,144.4,310411.23
2022-01-08 08:00:00,144.4,148.11,144.25,146.43,431749.22
2022-01-08 12:00:00,146.44,146.82,142.25,144.25,301737.4
2022-01-08 16:00:00,144.21,146.16,133.0,135.38,811000.75
2022-01-08 20:00:00,135.36,146.94,134.58,142.14,609137.39
2022-01-09 00:00:00,142.1,145.36,140.75,141.93,370734.15
2022-01-09 04:00:00,141.92,143.72,140.07,140.37,173973.94
2022-01-09 08:00:00,140.38,141.34,137.83,140.56,223003.73
2022-01-09 12:00:00,140.59,140.9,137.97,140.11,164267.03
2022-01-09 16:00:00,140.11,145.71,139.7,145.26,324326.52
2022-01-09 20:00:00,145.3,145.67,140.0,140.82,178847.78
2022-01-10 00:00:00,140.82,142.55,138.88,140.62,170643.01
2022-01-10 04:00:00,140.62,143.86,140.3,143.05,158596.71
2022-01-10 08:00:00,143.05,143.48,138.96,139.44,155875.84
2022-01-10 12:00:00,139.45,139.76,130.0,133.16,800570.62
2022-01-10 16:00:00,133.17,138.55,130.96,132.64,422227.66
2022-01-10 20:00:00,132.65,136.1,131.87,135.86,186598.67
2022-01-11 00:00:00,135.84,137.5,133.58,137.28,186714.88
2022-01-11 04:00:00,137.28,137.89,135.03,137.25,132074.94
2022-01-11 08:00:00,137.26,138.52,134.27,135.4,155512.65
2022-01-11 12:00:00,135.4,138.03,135.0,137.08,217661.0
2022-01-11 16:00:00,137.09,143.5,136.94,142.39,486881.21
2022-01-11 20:00:00,142.41,143.17,139.68,140.2,149734.89
2022-01-12 00:00:00,140.19,141.53,139.07,140.07,162379.86
2022-01-12 04:00:00,140.06,140.88,138.22,138.95,148564.6
2022-01-12 08:00:00,138.94,144.1,138.72,141.42,295995.94
2022-01-12 12:00:00,141.4,148.5,141.23,147.7,570425.0
2022-01-12 16:00:00,147.7,153.2,147.59,152.71,540280.27
2022-01-12 20:00:00,152.71,153.39,151.3,151.51,229143.09
2022-01-13 00:00:00,151.5,152.22,148.12,148.65,193043.05
2022-01-13 04:00:00,148.66,151.69,148.62,151.41,144358.07
2022-01-13 08:00:00,151.39,152.8,149.9,150.32,208862.36
2022-01-13 12:00:00,150.33,157.8,150.25,154.95,579656.23
2022-01-13 16:00:00,154.9,155.25,146.5,147.65,593930.06
2022-01-13 20:00:00,147.63,149.89,145.41,146.14,264271.82
2022-01-14 00:00:00,146.13,147.99,144.39,147.52,201101.41
2022-01-14 04:00:00,147.52,150.56,146.71,147.71,216155.34
2022-01-14 08:00:00,147.71,147.79,141.84,143.45,325330.63
2022-01-14 12:00:00,143.45,148.4,142.02,147.34,278954.23
2022-01-14 16:00:00,147.34,149.8,145.59,148.36,252169.31
2022-01-14 20:00:00,148.34,149.0,145.39,146.17,154434.38
2022-01-15 00:00:00,146.18,147.29,145.06,145.98,112478.85
2022-01-15 04:00:00,145.98,146.29,144.59,145.51,113837.03
2022-01-15 08:00:00,145.51,146.82,144.78,146.4,115518.45
2022-01-15 12:00:00,146.39,148.62,143.9,147.99,232226.41
2022-01-15 16:00:00,148.0,148.83,147.13,147.95,162416.77
2022-01-15 20:00:00,147.94,149.49,147.36,147.64,128537.24
2022-01-16 00:00:00,147.61,148.22,146.09,146.83,95000.69
2022-01-16 04:00:00,146.82,150.05,146.37,149.67,157935.03
2022-01-16 08:00:00,149.73,150.73,147.63,148.13,152194.23
2022-01-16 12:00:00,148.11,151.96,147.08,149.94,252206.98
2022-01-16 16:00:00,149.97,150.96,147.76,147.97,148977.49
2022-01-16 20:00:00,147.97,148.65,146.3,147.98,157955.72
2022-01-17 00:00:00,147.98,148.29,142.85,142.95,256622.37
2022-01-17 04:00:00,142.97,143.93,141.66,143.23,172336.95
2022-01-17 08:00:00,143.26,144.01,142.27,142.46,200036.67
2022-01-17 12:00:00,142.46,143.8,141.01,142.15,197426.54
2022-01-17 16:00:00,142.16,142.51,138.8,139.87,287998.41
2022-01-17 20:00:00,139.86,140.29,137.02,139.8,183233.2
2022-01-18 00:00:00,139.81,141.83,139.0,139.21,226393.02
2022-01-18 04:00:00,139.22,140.9,138.11,140.23,137612.82
2022-01-18 08:00:00,140.22,140.39,135.95,137.62,196465.69
2022-01-18 12:00:00,137.61,138.24,134.39,136.67,276165.48
2022-01-18 16:00:00,136.67,137.88,135.64,137.01,164874.77
2022-01-18 20:00:00,137.06,142.77,136.2,141.22,252825.39
2022-01-19 00:00:00,141.32,142.7,136.96,138.0,222832.98
2022-01-19 04:00:00,137.98,139.12,134.06,134.44,158796.36
2022-01-19 08:00:00,134.44,136.37,132.77,136.13,248307.57
2022-01-19 12:00:00,136.15,138.61,135.46,136.94,224608.74
2022-01-19 16:00:00,136.94,138.05,135.33,136.74,170239.36
2022-01-19 20:00:00,136.71,137.5,134.71,135.25,150386.38
2022-01-20 00:00:00,135.23,137.23,134.49,137.03,107801.23
2022-01-20 04:00:00,137.06,137.86,136.2,137.42,74839.52
2022-01-20 08:00:00,137.41,138.2,135.6,137.89,121919.29
2022-01-20 12:00:00,137.9,143.5,136.96,143.18,321304.26
2022-01-20 16:00:00,143.15,143.83,139.69,139.93,324355.21
2022-01-20 20:00:00,139.92,140.23,126.01,127.54,514374.47
2022-01-21 00:00:00,127.54,128.73,121.04,124.21,908951.91
2022-01-21 04:00:00,124.2,126.82,123.81,126.54,311222.02
2022-01-21 08:00:00,126.53,126.91,121.27,122.19,325877.54
2022-01-21 12:00:00,122.19,122.78,115.55,121.91,863431.35
2022-01-21 16:00:00,121.91,126.89,120.12,120.33,814582.0
2022-01-21 20:00:00,120.32,122.02,106.11,112.27,1298955.87
2022-01-22 00:00:00,112.24,114.89,108.27,109.67,494859.66
2022-01-22 04:00:00,109.67,110.42,98.26,100.39,1135773.74
2022-01-22 08:00:00,100.4,103.79,87.73,98.69,2051828.01
2022-01-22 12:00:00,98.69,103.3,92.88,93.05,950543.21
2022-01-22 16:00:00,93.04,98.5,88.54,90.58,1131661.84
2022-01-22 20:00:00,90.57,97.48,89.7,94.54,690942.52
2022-01-23 00:00:00,94.57,99.25,93.25,94.37,514583.71
2022-01-23 04:00:00,94.36,101.6,93.47,101.19,559272.36
2022-01-23 08:00:00,101.21,104.82,99.8,101.85,851603.75
2022-01-23 12:00:00,101.85,103.19,96.12,98.86,606540.56
2022-01-23 16:00:00,98.85,99.75,93.95,94.75,492393.57
2022-01-23 20:00:00,94.73,101.85,94.19,99.78,537357.09
2022-01-24 00:00:00,99.74,99.83,91.25,92.1,998180.88
2022-01-24 04:00:00,92.09,92.83,86.06,86.75,775278.34
2022-01-24 08:00:00,86.77,89.57,81.71,83.94,1440649.81
2022-01-24 12:00:00,83.95,88.0,80.83,87.47,1535676.71
2022-01-24 16:00:00,87.48,91.54,83.47,89.61,1305843.1
2022-01-24 20:00:00,89.61,96.31,89.51,91.93,934407.87
2022-01-25 00:00:00,91.94,92.03,87.88,90.07,408441.14
2022-01-25 04:00:00,90.1,90.74,87.41,90.0,363458.7
2022-01-25 08:00:00,89.98,94.52,89.91,91.59,654688.82
2022-01-25 12:00:00,91.6,94.9,90.38,92.95,625228.95
2022-01-25 16:00:00,92.95,99.95,92.66,96.13,888006.16
2022-01-25 20:00:00,96.13,96.3,91.94,94.67,542887.55
2022-01-26 00:00:00,94.65,95.4,91.37,94.73,396428.95
2022-01-26 04:00:00,94.71,97.0,93.63,94.45,324205.93
2022-01-26 08:00:00,94.44,98.23,94.39,98.05,399878.06
2022-01-26 12:00:00,98.05,103.0,96.02,98.79,884012.51
2022-01-26 16:00:00,98.79,104.43,96.38,98.21,1313043.92
2022-01-26 20:00:00,98.21,98.21,89.19,92.12,1183771.32
2022-01-27 00:00:00,92.11,93.65,85.71,86.75,803455.97
2022-01-27 04:00:00,86.73,90.78,86.33,88.78,441804.21
2022-01-27 08:00:00,88.8,91.35,88.21,91.18,439296.63
2022-01-27 12:00:00,91.19,94.6,90.75,92.32,697591.67
2022-01-27 16:00:00,92.3,93.46,89.11,89.87,499196.89
2022-01-27 20:00:00,89.88,90.69,85.71,89.51,648672.39
2022-01-28 00:00:00,89.51,92.96,88.67,92.42,469900.93
2022-01-28 04:00:00,92.45,93.55,89.56,89.69,346809.07
2022-01-28 08:00:00,89.68,90.99,87.58,88.65,352474.9
2022-01-28 12:00:00,88.64,91.48,87.21,91.16,535755.45
2022-01-28 16:00:00,91.15,93.13,90.05,91.58,507871.34
2022-01-28 20:00:00,91.61,93.48,90.21,91.34,434505.48
2022-01-29 00:00:00,91.35,94.0,90.5,92.11,318893.55
2022-01-29 04:00:00,92.13,97.3,91.99,97.2,418122.15
2022-01-29 08:00:00,97.21,97.7,95.24,96.31,296688.34
2022-01-29 12:00:00,96.3,98.93,93.83,95.08,430250.66
2022-01-29 16:00:00,95.05,95.79,93.29,95.24,299715.82
2022-01-29 20:00:00,95.25,97.0,94.51,96.13,287221.24
2022-01-30 00:00:00,96.15,96.34,93.46,94.45,256186.18
2022-01-30 04:00:00,94.47,97.6,94.36,96.71,178732.99
2022-01-30 08:00:00,96.73,97.11,95.03,96.37,165389.19
2022-01-30 12:00:00,96.37,96.54,93.88,95.15,189101.6
2022-01-30 16:00:00,95.16,95.92,91.71,92.04,258040.61
2022-01-30 20:00:00,92.03,94.27,91.38,93.29,210586.94
2022-01-31 00:00:00,93.26,93.62,89.25,90.72,351678.02
2022-01-31 04:00:00,90.73,90.75,89.18,90.25,190115.54
2022-01-31 08:00:00,90.26,91.77,89.95,91.37,156702.42
2022-01-31 12:00:00,91.36,96.0,90.32,95.41,541230.06
2022-01-31 16:00:00,95.42,98.8,94.95,98.39,652775.48
2022-01-31 20:00:00,98.4,101.4,95.31,99.49,521600.03
2022-02-01 00:00:00,99.5,108.0,99.02,106.92,720503.97
2022-02-01 04:00:00,106.92,107.54,104.52,105.42,434449.06
2022-02-01 08:00:00,105.41,109.0,103.8,106.35,723680.23
2022-02-01 12:00:00,106.35,110.93,106.04,108.71,748581.68
2022-02-01 16:00:00,108.7,113.66,107.77,107.89,1066069.15
2022-02-01 20:00:00,107.87,112.2,107.79,110.02,497223.56
2022-02-02 00:00:00,109.99,112.35,108.15,110.63,515529.19
2022-02-02 04:00:00,110.62,110.73,107.54,108.5,401651.29
2022-02-02 08:00:00,108.52,110.65,108.26,109.98,257134.76
2022-02-02 12:00:00,110.01,112.3,105.12,105.92,876912.54
2022-02-02 16:00:00,105.95,111.97,103.6,110.03,823841.77
2022-02-02 20:00:00,110.02,110.13,96.99,101.88,1988288.55
2022-02-03 00:00:00,101.91,103.13,96.7,97.4,687666.48
2022-02-03 04:00:00,97.38,99.55,97.15,99.36,381962.56
2022-02-03 08:00:00,99.4,100.01,94.0,97.43,1017889.18
2022-02-03 12:00:00,97.43,99.5,94.08,98.26,834279.48
2022-02-03 16:00:00,98.25,99.21,95.83,96.81,385033.59
2022-02-03 20:00:00,96.8,102.23,95.85,101.77,579732.27
2022-02-04 00:00:00,101.83,103.84,100.28,102.39,329781.13
2022-02-04 04:00:00,102.39,106.91,101.61,104.92,599159.42
2022-02-04 08:00:00,104.9,107.0,104.44,104.8,424097.68
2022-02-04 12:00:00,104.8,109.83,101.69,107.19,1392386.08
2022-02-04 16:00:00,107.19,111.38,106.94,110.65,987265.25
2022-02-04 20:00:00,110.64,112.81,109.31,112.62,453698.72
2022-02-05 00:00:00,112.63,114.25,110.22,114.01,527980.04
2022-02-05 04:00:00,114.02,118.6,113.53,115.56,598612.17
2022-02-05 08:00:00,115.56,116.93,114.49,114.95,358615.26
2022-02-05 12:00:00,114.95,117.19,114.17,116.03,373107.17
2022-02-05 16:00:00,116.01,116.42,110.76,113.5,560932.51
2022-02-05 20:00:00,113.49,115.77,112.87,113.75,229771.99
2022-02-06 00:00:00,113.74,115.8,113.67,114.4,227678.04
2022-02-06 04:00:00,114.41,114.94,112.08,114.32,278361.43
2022-02-06 08:00:00,114.31,116.06,113.56,114.41,209249.82
2022-02-06 12:00:00,114.41,115.93,111.09,113.07,392945.25
2022-02-06 16:00:00,113.06,114.56,112.03,112.88,198589.88
2022-02-06 20:00:00,112.88,115.5,112.05,115.28,254970.7
2022-02-07 00:00:00,115.26,119.65,112.69,119.2,466311.37
2022-02-07 04:00:00,119.21,120.0,116.93,117.27,405594.43
2022-02-07 08:00:00,117.29,117.9,115.2,117.53,318921.22
2022-02-07 12:00:00,117.5,121.72,116.61,121.3,573419.94
2022-02-07 16:00:00,121.31,121.93,119.26,120.03,562227.92
2022-02-07 20:00:00,120.04,121.0,116.58,117.55,404220.92
2022-02-08 00:00:00,117.57,119.0,115.51,117.47,361095.41
2022-02-08 04:00:00,117.48,120.36,116.85,117.73,589417.91
2022-02-08 08:00:00,117.7,117.9,112.02,114.36,589325.98
2022-02-08 12:00:00,114.32,114.32,110.04,112.03,500328.18
2022-02-08 16:00:00,112.07,112.73,110.31,110.82,355539.83
2022-02-08 20:00:00,110.84,114.79,109.66,113.45,415790.19
2022-02-09 00:00:00,113.44,115.1,110.86,111.23,319671.85
2022-02-09 04:00:00,111.23,111.93,109.4,111.5,267105.06
2022-02-09 08:00:00,111.5,113.73,110.43,113.27,315066.78
2022-02-09 12:00:00,113.27,117.08,112.82,113.18,501741.37
2022-02-09 16:00:00,113.18,115.68,112.5,115.06,387630.82
2022-02-09 20:00:00,115.07,116.43,113.65,113.93,323195.5
2022-02-10 00:00:00,113.96,114.08,110.6,111.01,310478.39
2022-02-10 04:00:00,111.02,112.54,110.8,112.4,211844.31
2022-02-10 08:00:00,112.39,115.38,112.06,113.77,348900.5
2022-02-10 12:00:00,113.78,114.2,105.7,111.96,1087232.17
2022-02-10 16:00:00,111.94,113.0,108.12,108.92,520205.83
2022-02-10 20:00:00,108.93,109.48,105.68,106.17,302920.57
2022-02-11 00:00:00,106.18,106.61,103.61,104.67,375574.41
2022-02-11 04:00:00,104.66,105.83,103.23,105.71,276182.56
2022-02-11 08:00:00,105.72,106.49,104.45,105.56,243123.88
2022-02-11 12:00:00,105.55,108.14,105.02,106.84,371502.0
2022-02-11 16:00:00,106.82,107.1,99.19,99.74,693735.15
2022-02-11 20:00:00,99.72,100.1,95.14,96.53,577109.68
2022-02-12 00:00:00,96.53,98.49,95.39,96.92,239300.76
2022-02-12 04:00:00,96.93,97.65,92.8,93.77,374254.8
2022-02-12 08:00:00,93.77,96.22,93.7,96.09,280708.71
2022-02-12 12:00:00,96.1,96.2,93.54,95.0,248819.23
2022-02-12 16:00:00,94.99,99.79,94.67,97.17,386960.49
2022-02-12 20:00:00,97.14,98.31,94.36,95.96,273886.68
2022-02-13 00:00:00,95.98,97.36,95.11,95.95,155206.36
2022-02-13 04:00:00,95.98,96.72,95.22,96.34,124480.83
2022-02-13 08:00:00,96.33,97.04,95.44,96.19,176271.22
2022-02-13 12:00:00,96.19,96.94,95.37,95.62,200379.59
2022-02-13 16:00:00,95.64,95.68,91.35,92.25,385071.29
2022-02-13 20:00:00,92.26,94.12,91.93,92.85,174674.09
2022-02-14 00:00:00,92.85,93.75,90.72,93.55,257722.71
2022-02-14 04:00:00,93.56,94.91,92.7,94.8,207745.3
2022-02-14 08:00:00,94.8,94.93,91.86,93.15,239850.04
2022-02-14 12:00:00,93.15,97.9,92.34,96.59,468162.5
2022-02-14 16:00:00,96.59,97.99,93.31,94.32,397239.63
2022-02-14 20:00:00,94.32,97.2,93.61,96.37,222001.12
2022-02-15 00:00:00,96.39,102.49,96.38,101.32,456392.97
2022-02-15 04:00:00,101.32,102.3,100.33,102.0,322071.65
2022-02-15 08:00:00,102.0,103.71,101.29,102.4,479120.67
2022-02-15 12:00:00,102.4,103.3,100.74,102.76,450323.49
2022-02-15 16:00:00,102.77,103.25,100.84,101.6,302916.63
2022-02-15 20:00:00,101.59,105.77,100.96,105.52,351398.04
2022-02-16 00:00:00,105.52,105.6,102.44,102.8,229524.2
2022-02-16 04:00:00,102.8,104.44,100.77,104.25,297834.75
2022-02-16 08:00:00,104.26,104.41,101.45,102.51,258794.17
2022-02-16 12:00:00,102.49,102.75,98.3,99.09,627343.43
2022-02-16 16:00:00,99.1,103.7,98.27,103.25,495547.9
2022-02-16 20:00:00,103.26,103.55,101.56,101.86,214114.66
2022-02-17 00:00:00,101.85,102.82,99.13,99.19,227789.26
2022-02-17 04:00:00,99.17,100.96,98.0,100.93,254150.14
2022-02-17 08:00:00,100.93,101.1,97.31,99.09,293331.37
2022-02-17 12:00:00,99.09,99.7,96.59,97.33,373294.52
2022-02-17 16:00:00,97.33,97.8,93.0,94.92,500447.56
2022-02-17 20:00:00,94.92,94.92,92.33,93.52,352068.45
2022-02-18 00:00:00,93.55,95.52,92.75,94.38,294691.65
2022-02-18 04:00:00,94.38,95.5,93.81,95.18,144418.78
2022-02-18 08:00:00,95.17,96.37,93.62,93.9,271910.29
2022-02-18 12:00:00,93.93,94.82,90.13,90.96,599795.83
2022-02-18 16:00:00,90.95,92.03,89.31,91.03,466227.02
2022-02-18 20:00:00,91.03,91.41,89.36,89.86,233033.08
2022-02-19 00:00:00,89.86,92.21,89.78,91.21,144771.65
2022-02-19 04:00:00,91.21,92.75,91.03,92.13,157119.32
2022-02-19 08:00:00,92.13,92.35,88.6,89.48,309207.64
2022-02-19 12:00:00,89.5,91.12,88.68,90.99,317831.8
2022-02-19 16:00:00,90.99,92.18,89.68,89.9,233188.84
2022-02-19 20:00:00,89.85,91.75,89.51,91.27,123458.89
2022-02-20 00:00:00,91.27,91.41,87.78,88.41,233089.67
2022-02-20 04:00:00,88.41,88.68,85.56,87.39,420479.92
2022-02-20 08:00:00,87.37,90.16,85.73,89.18,470250.96
2022-02-20 12:00:00,89.2,90.94,87.43,89.43,411967.49
2022-02-20 16:00:00,89.42,93.45,89.23,92.02,473442.21
2022-02-20 20:00:00,92.02,94.5,90.26,90.72,550243.29
2022-02-21 00:00:00,90.7,95.26,90.46,93.83,535312.61
2022-02-21 04:00:00,93.83,95.79,93.77,95.43,302652.09
2022-02-21 08:00:00,95.43,96.14,88.16,89.15,709455.88
2022-02-21 12:00:00,89.16,92.18,86.86,89.62,1070495.44
2022-02-21 16:00:00,89.6,90.3,86.26,87.49,726658.71
2022-02-21 20:00:00,87.49,88.27,82.62,82.96,718508.07
2022-02-22 00:00:00,82.95,84.6,81.06,81.64,554781.0
2022-02-22 04:00:00,81.65,83.83,81.39,82.12,492946.96
2022-02-22 08:00:00,82.11,86.0,81.87,85.2,530964.72
2022-02-22 12:00:00,85.19,87.56,84.18,85.85,573285.77
2022-02-22 16:00:00,85.85,86.54,83.81,86.28,428300.26
2022-02-22 20:00:00,86.3,87.13,84.77,86.38,255275.65
2022-02-23 00:00:00,86.39,88.78,86.08,87.24,383898.16
2022-02-23 04:00:00,87.24,89.98,86.96,89.14,371027.12
2022-02-23 08:00:00,89.17,93.36,88.73,92.04,543227.31
2022-02-23 12:00:00,92.06,93.4,89.08,89.72,718420.69
2022-02-23 16:00:00,89.73,92.15,87.56,88.11,608628.66
2022-02-23 20:00:00,88.11,88.43,84.38,84.59,568492.16
2022-02-24 00:00:00,84.58,85.81,76.1,77.52,1023411.78
2022-02-24 04:00:00,77.55,84.26,75.35,82.19,1750005.71
2022-02-24 08:00:00,82.18,84.6,79.32,81.37,1181020.35
2022-02-24 12:00:00,81.36,86.2,79.46,84.92,1185957.63
2022-02-24 16:00:00,84.95,91.37,83.35,90.81,1202773.96
2022-02-24 20:00:00,90.81,93.9,86.73,89.36,1154370.65
2022-02-25 00:00:00,89.35,90.82,87.57,89.65,540195.74
2022-02-25 04:00:00,89.64,89.88,86.86,88.74,386437.2
2022-02-25 08:00:00,88.74,89.46,86.93,89.2,517519.98
2022-02-25 12:00:00,89.22,92.2,87.85,91.06,946995.41
2022-02-25 16:00:00,91.06,92.0,88.81,89.55,611548.67
2022-02-25 20:00:00,89.55,95.0,89.0,92.71,689199.58
2022-02-26 00:00:00,92.73,95.49,92.14,92.79,508173.82
2022-02-26 04:00:00,92.77,93.65,90.4,92.02,288774.38
2022-02-26 08:00:00,92.05,92.99,90.08,90.66,476259.95
2022-02-26 12:00:00,90.67,92.14,90.14,91.26,280041.8
2022-02-26 16:00:00,91.28,91.66,89.23,90.78,334490.5
2022-02-26 20:00:00,90.78,92.59,89.54,90.23,391861.72
2022-02-27 00:00:00,90.25,90.69,86.0,87.01,437722.9
2022-02-27 04:00:00,87.01,89.22,86.59,88.83,172830.28
2022-02-27 08:00:00,88.83,90.97,88.07,90.79,294193.87
2022-02-27 12:00:00,90.78,92.19,88.31,91.2,677958.64
2022-02-27 16:00:00,91.21,91.28,84.48,84.87,547581.9
2022-02-27 20:00:00,84.85,86.58,84.08,85.63,463246.38
2022-02-28 00:00:00,85.61,88.05,84.17,86.68,340683.41
2022-02-28 04:00:00,86.69,88.7,84.71,88.12,341422.17
2022-02-28 08:00:00,88.13,91.15,88.1,90.76,583470.68
2022-02-28 12:00:00,90.75,96.83,88.85,95.59,1235477.05
2022-02-28 16:00:00,95.58,97.1,94.21,96.22,796340.8
2022-02-28 20:00:00,96.2,103.0,95.89,99.68,914681.46
2022-03-01 00:00:00,99.67,101.09,95.97,97.31,724369.92
2022-03-01 04:00:00,97.31,97.96,95.05,96.94,392454.71
2022-03-01 08:00:00,96.96,98.54,94.21,97.8,631984.27
2022-03-01 12:00:00,97.8,102.03,96.67,97.87,1221340.9
2022-03-01 16:00:00,97.87,99.12,96.02,97.71,395474.58
2022-03-01 20:00:00,97.71,99.38,96.78,98.66,299712.38
2022-03-02 00:00:00,98.65,105.19,96.76,104.24,887202.49
2022-03-02 04:00:00,104.25,105.34,101.19,102.37,687738.45
2022-03-02 08:00:00,102.39,106.43,101.2,104.58,747130.25
2022-03-02 12:00:00,104.57,105.24,100.17,101.6,1183008.87
2022-03-02 16:00:00,101.61,103.36,99.8,100.99,464857.84
2022-03-02 20:00:00,100.98,102.08,99.88,100.68,336388.74
2022-03-03 00:00:00,100.69,101.7,97.73,98.39,534949.19
2022-03-03 04:00:00,98.34,100.75,97.83,99.79,255813.67
2022-03-03 08:00:00,99.78,101.2,98.74,99.71,371102.62
2022-03-03 12:00:00,99.7,101.0,95.02,95.95,671694.36
2022-03-03 16:00:00,95.94,96.26,94.0,94.96,439332.55
2022-03-03 20:00:00,94.95,96.44,94.05,95.62,322668.28
2022-03-04 00:00:00,95.63,95.94,90.5,91.56,659663.41
2022-03-04 04:00:00,91.53,92.28,90.86,91.99,258486.31
2022-03-04 08:00:00,91.99,93.9,90.52,93.16,424878.59
2022-03-04 12:00:00,93.16,93.8,90.66,91.32,592482.02
2022-03-04 16:00:00,91.32,92.87,88.36,88.7,479774.65
2022-03-04 20:00:00,88.71,89.4,87.0,88.32,439685.21
2022-03-05 00:00:00,88.33,88.41,86.0,87.71,353109.74
2022-03-05 04:00:00,87.71,89.22,86.83,88.85,246100.92
2022-03-05 08:00:00,88.85,89.13,87.8,88.72,218230.7
2022-03-05 12:00:00,88.72,89.82,87.81,89.13,214827.63
2022-03-05 16:00:00,89.13,91.22,89.12,90.14,323517.52
2022-03-05 20:00:00,90.14,90.5,89.06,89.63,139766.99
2022-03-06 00:00:00,89.61,89.96,87.46,87.69,213833.25
2022-03-06 04:00:00,87.69,88.9,86.63,88.33,251782.18
2022-03-06 08:00:00,88.32,88.42,85.68,87.02,359826.31
2022-03-06 12:00:00,87.02,88.25,86.47,87.25,271828.11
2022-03-06 16:00:00,87.26,88.26,84.82,85.38,337371.29
2022-03-06 20:00:00,85.4,86.62,84.09,84.57,393629.43
2022-03-07 00:00:00,84.58,84.79,81.12,82.26,627399.12
2022-03-07 04:00:00,82.27,83.38,81.17,81.82,383156.91
2022-03-07 08:00:00,81.83,83.32,81.25,83.13,370861.9
2022-03-07 12:00:00,83.12,86.71,83.12,85.06,643090.24
2022-03-07 16:00:00,85.04,86.04,80.0,80.34,714660.04
2022-03-07 20:00:00,80.34,82.97,79.92,81.66,491821.13
2022-03-08 00:00:00,81.65,84.62,81.3,83.48,349781.12
2022-03-08 04:00:00,83.48,84.18,82.5,83.03,342962.82
2022-03-08 08:00:00,83.03,84.95,82.64,83.92,414370.97
2022-03-08 12:00:00,83.92,84.58,81.37,82.77,521465.85
2022-03-08 16:00:00,82.78,85.04,81.34,82.9,698110.25
2022-03-08 20:00:00,82.9,83.19,81.36,82.32,277843.78
2022-03-09 00:00:00,82.32,88.5,81.9,88.13,688547.92
2022-03-09 04:00:00,88.13,89.66,86.96,89.26,669578.14
2022-03-09 08:00:00,89.26,89.92,87.86,88.19,449317.77
2022-03-09 12:00:00,88.19,89.3,86.54,88.91,720148.74
2022-03-09 16:00:00,88.91,89.44,86.04,86.95,520383.2
2022-03-09 20:00:00,86.96,88.83,86.05,88.06,307242.96
2022-03-10 00:00:00,88.06,88.57,85.28,85.31,434235.85
2022-03-10 04:00:00,85.31,85.52,81.94,82.68,648787.53
2022-03-10 08:00:00,82.68,83.17,81.86,82.08,377842.42
2022-03-10 12:00:00,82.08,84.04,80.63,81.94,704289.0
2022-03-10 16:00:00,81.92,82.85,81.68,82.44,394614.66
2022-03-10 20:00:00,82.44,84.0,82.0,82.87,268721.75
2022-03-11 00:00:00,82.86,83.17,80.75,81.92,416083.3
2022-03-11 04:00:00,81.92,82.66,80.22,82.26,420003.2
2022-03-11 08:00:00,82.26,83.89,81.21,83.28,454474.53
2022-03-11 12:00:00,83.27,84.29,81.33,81.75,556901.67
2022-03-11 16:00:00,81.77,81.8,80.38,80.59,402013.7
2022-03-11 20:00:00,80.59,81.6,80.07,80.67,278858.45
2022-03-12 00:00:00,80.67,82.75,80.57,81.8,290185.19
2022-03-12 04:00:00,81.8,82.47,81.31,81.69,214960.05
2022-03-12 08:00:00,81.7,81.74,80.58,81.08,305819.92
2022-03-12 12:00:00,81.08,82.34,80.91,81.68,223497.36
2022-03-12 16:00:00,81.67,82.4,81.53,81.66,186575.01
2022-03-12 20:00:00,81.67,82.19,81.24,81.38,141230.6
2022-03-13 00:00:00,81.4,82.58,81.01,82.56,264697.63
2022-03-13 04:00:00,82.59,83.34,81.67,81.74,222628.68
2022-03-13 08:00:00,81.75,81.81,80.8,81.05,289613.21
2022-03-13 12:00:00,81.04,81.68,80.0,81.2,465302.59
2022-03-13 16:00:00,81.2,81.47,80.32,80.48,196402.29
2022-03-13 20:00:00,80.48,80.48,77.65,78.73,570790.57
2022-03-14 00:00:00,78.72,79.95,78.0,79.5,313795.96
2022-03-14 04:00:00,79.51,81.7,79.49,80.9,373742.05
2022-03-14 08:00:00,80.9,82.29,80.81,80.9,301045.72
2022-03-14 12:00:00,80.9,81.46,80.13,80.97,428786.44
2022-03-14 16:00:00,80.96,81.02,78.51,79.95,362087.94
2022-03-14 20:00:00,79.96,81.45,79.13,81.22,300461.28
2022-03-15 00:00:00,81.23,81.55,79.3,79.66,354569.21
2022-03-15 04:00:00,79.64,80.4,78.72,79.32,200726.64
2022-03-15 08:00:00,79.34,80.5,78.99,80.1,248678.44
2022-03-15 12:00:00,80.11,81.25,79.63,81.05,313482.62
2022-03-15 16:00:00,81.05,85.99,80.71,84.58,642517.36
2022-03-15 20:00:00,84.58,85.2,82.74,82.84,363629.1
2022-03-16 00:00:00,82.84,86.38,82.15,82.38,652599.95
2022-03-16 04:00:00,82.37,82.94,81.53,82.82,253207.16
2022-03-16 08:00:00,82.83,84.6,82.72,84.24,337483.04
2022-03-16 12:00:00,84.25,84.94,82.74,83.94,370003.29
2022-03-16 16:00:00,83.96,86.05,82.17,85.81,655065.85
2022-03-16 20:00:00,85.82,87.98,85.56,87.77,370431.04
2022-03-17 00:00:00,87.77,89.2,86.93,87.99,479749.02
2022-03-17 04:00:00,87.97,88.97,86.73,87.23,340930.23
2022-03-17 08:00:00,87.22,87.8,86.58,87.67,231030.01
2022-03-17 12:00:00,87.67,90.72,87.53,89.35,684612.47
2022-03-17 16:00:00,89.36,90.81,88.64,90.81,484444.57
2022-03-17 20:00:00,90.8,91.0,87.64,87.8,395685.5
2022-03-18 00:00:00,87.8,88.1,85.61,85.91,529189.6
2022-03-18 04:00:00,85.9,87.13,85.55,85.76,305048.25
2022-03-18 08:00:00,85.77,86.6,84.41,84.96,426704.98
2022-03-18 12:00:00,84.97,88.29,84.64,88.28,541085.28
2022-03-18 16:00:00,88.28,92.28,88.2,91.12,777460.26
2022-03-18 20:00:00,91.12,91.72,88.85,89.8,356460.64
2022-03-19 00:00:00,89.81,92.35,89.33,90.25,336354.62
2022-03-19 04:00:00,90.25,90.83,89.25,89.35,166984.99
2022-03-19 08:00:00,89.35,90.99,89.25,90.73,200370.53
2022-03-19 12:00:00,90.73,94.25,90.4,94.05,623813.96
2022-03-19 16:00:00,94.04,94.55,92.32,92.65,411726.02
2022-03-19 20:00:00,92.64,93.43,91.14,92.31,319098.84
2022-03-20 00:00:00,92.31,92.55,90.34,90.78,280567.12
2022-03-20 04:00:00,90.78,91.57,90.32,91.0,201157.33
2022-03-20 08:00:00,91.01,91.64,89.58,89.93,265516.45
2022-03-20 12:00:00,89.93,90.64,88.94,89.15,271811.49
2022-03-20 16:00:00,89.14,89.89,87.82,89.52,253136.6
2022-03-20 20:00:00,89.52,90.33,88.29,88.62,228269.3
2022-03-21 00:00:00,88.62,89.18,86.74,87.7,301594.81
2022-03-21 04:00:00,87.72,89.74,87.57,89.66,206020.21
2022-03-21 08:00:00,89.65,91.14,89.39,89.83,385556.93
2022-03-21 12:00:00,89.83,91.28,88.57,89.61,542820.61
2022-03-21 16:00:00,89.58,89.68,87.45,88.75,380800.71
2022-03-21 20:00:00,88.76,89.23,88.21,88.59,168289.3
2022-03-22 00:00:00,88.58,91.75,88.0,90.99,501712.89
2022-03-22 04:00:00,90.99,92.41,89.5,90.25,428610.23
2022-03-22 08:00:00,90.26,92.2,90.03,92.0,372644.0
2022-03-22 12:00:00,92.0,93.98,91.0,92.56,675745.37
2022-03-22 16:00:00,92.57,93.59,91.37,91.39,361942.26
2022-03-22 20:00:00,91.39,92.44,90.25,90.43,270690.81
2022-03-23 00:00:00,90.44,91.29,89.19,90.11,330069.69
2022-03-23 04:00:00,90.1,91.79,89.65,91.13,227828.85
2022-03-23 08:00:00,91.13,91.79,90.62,91.33,262060.75
2022-03-23 12:00:00,91.33,96.36,90.92,95.67,943577.35
2022-03-23 16:00:00,95.68,96.13,92.56,92.79,715049.22
2022-03-23 20:00:00,92.81,95.25,92.65,94.89,376239.34
2022-03-24 00:00:00,94.88,96.0,93.26,94.66,627057.75
2022-03-24 04:00:00,94.65,97.6,94.61,97.11,578621.24
2022-03-24 08:00:00,97.11,101.85,96.66,100.05,1134848.18
2022-03-24 12:00:00,100.05,102.19,98.21,101.62,1225892.79
2022-03-24 16:00:00,101.62,103.7,100.61,102.88,785848.27
2022-03-24 20:00:00,102.89,103.49,101.47,102.32,424740.28
2022-03-25 00:00:00,102.32,104.75,100.82,103.51,690048.22
2022-03-25 04:00:00,103.5,104.86,102.63,102.88,413216.24
2022-03-25 08:00:00,102.87,104.46,101.46,104.25,538244.85
2022-03-25 12:00:00,104.25,104.49,99.61,100.23,758264.46
2022-03-25 16:00:00,100.24,100.85,96.95,98.47,736795.19
2022-03-25 20:00:00,98.48,99.24,97.8,98.6,223871.61
2022-03-26 00:00:00,98.6,99.25,97.63,98.92,250241.57
2022-03-26 04:00:00,98.92,101.49,98.57,101.24,349571.35
2022-03-26 08:00:00,101.23,101.48,99.96,100.39,281861.37
2022-03-26 12:00:00,100.39,101.95,99.72,101.2,300618.64
2022-03-26 16:00:00,101.2,103.3,101.09,102.69,453633.44
2022-03-26 20:00:00,102.69,103.4,101.22,101.73,270417.07
2022-03-27 00:00:00,101.73,103.03,101.35,101.82,242275.16
2022-03-27 04:00:00,101.82,102.44,101.08,102.21,167466.48
2022-03-27 08:00:00,102.22,102.45,100.22,100.46,216839.41
2022-03-27 12:00:00,100.47,101.58,98.77,101.46,395627.49
2022-03-27 16:00:00,101.45,103.44,100.93,103.23,397399.63
2022-03-27 20:00:00,103.23,107.46,101.81,107.04,931472.47
2022-03-28 00:00:00,107.04,107.71,105.22,106.84,537697.73
2022-03-28 04:00:00,106.84,111.93,105.89,108.91,770049.13
2022-03-28 08:00:00,108.92,111.66,107.66,110.06,545275.55
2022-03-28 12:00:00,110.07,113.87,109.23,109.89,949123.68
2022-03-28 16:00:00,109.89,112.98,108.88,111.38,603037.04
2022-03-28 20:00:00,111.38,113.04,105.4,105.75,740840.09
2022-03-29 00:00:00,105.75,110.47,105.49,109.17,439623.27
2022-03-29 04:00:00,109.16,111.75,108.56,109.92,443615.89
2022-03-29 08:00:00,109.88,113.66,109.84,113.38,463176.67
2022-03-29 12:00:00,113.37,115.7,111.21,111.62,942282.01
2022-03-29 16:00:00,111.62,114.13,108.84,113.91,953500.79
2022-03-29 20:00:00,113.92,113.98,109.23,111.62,485061.29
2022-03-30 00:00:00,111.62,111.62,107.11,110.75,555536.39
2022-03-30 04:00:00,110.75,112.89,109.57,112.33,565727.23
2022-03-30 08:00:00,112.32,112.93,110.72,112.18,374750.5
2022-03-30 12:00:00,112.19,125.26,111.52,122.63,2215964.44
2022-03-30 16:00:00,122.62,125.05,119.6,121.16,1031764.92
2022-03-30 20:00:00,121.16,121.48,119.1,120.82,506680.68
2022-03-31 00:00:00,120.82,123.95,119.95,121.25,593354.87
2022-03-31 04:00:00,121.26,123.59,120.39,123.28,304086.14
2022-03-31 08:00:00,123.28,127.98,122.41,127.24,750998.28
2022-03-31 12:00:00,127.24,129.5,121.24,125.3,1786204.1
2022-03-31 16:00:00,125.28,127.48,121.72,122.96,1227760.47
2022-03-31 20:00:00,122.96,125.6,122.21,122.77,481571.04
2022-04-01 00:00:00,122.79,124.94,117.39,121.95,1105757.83
2022-04-01 04:00:00,121.95,126.46,119.82,126.45,766272.4
2022-04-01 08:00:00,126.45,127.2,123.99,124.37,617000.71
2022-04-01 12:00:00,124.34,133.71,122.1,132.75,1519470.26
2022-04-01 16:00:00,132.73,137.59,132.12,137.44,874196.76
2022-04-01 20:00:00,137.42,138.4,133.42,134.52,622379.67
2022-04-02 00:00:00,134.53,137.28,133.05,134.78,794611.64
2022-04-02 04:00:00,134.8,136.32,134.13,135.81,340299.66
2022-04-02 08:00:00,135.81,138.43,135.04,137.66,483990.57
2022-04-02 12:00:00,137.67,143.51,136.12,137.96,1344646.67
2022-04-02 16:00:00,137.96,140.55,134.36,135.87,778942.67
2022-04-02 20:00:00,135.87,137.51,131.47,132.49,451492.99
2022-04-03 00:00:00,132.48,136.19,130.52,135.45,632085.6
2022-04-03 04:00:00,135.46,138.95,135.46,137.56,471239.75
2022-04-03 08:00:00,137.59,141.11,136.28,139.1,528521.64
2022-04-03 12:00:00,139.1,140.02,135.51,136.05,500177.79
2022-04-03 16:00:00,136.05,136.98,134.09,135.29,363318.04
2022-04-03 20:00:00,135.3,139.45,135.05,136.9,469164.23
2022-04-04 00:00:00,136.9,137.39,134.07,135.31,429450.77
2022-04-04 04:00:00,135.31,138.29,134.86,136.93,308229.16
2022-04-04 08:00:00,136.94,137.88,133.14,134.76,495681.81
2022-04-04 12:00:00,134.76,135.48,128.26,129.32,931758.53
2022-04-04 16:00:00,129.32,131.54,125.82,130.11,824364.44
2022-04-04 20:00:00,130.11,133.09,129.04,132.14,467416.72
2022-04-05 00:00:00,132.14,133.97,129.73,133.36,329876.0
2022-04-05 04:00:00,133.38,134.22,131.39,133.34,286877.96
2022-04-05 08:00:00,133.35,134.86,131.46,134.51,316567.54
2022-04-05 12:00:00,134.51,136.63,129.24,131.51,914548.38
2022-04-05 16:00:00,131.5,133.61,129.17,131.19,626550.52
2022-04-05 20:00:00,131.19,131.5,126.07,126.87,359465.14
2022-04-06 00:00:00,126.88,126.97,120.12,123.69,765680.7
2022-04-06 04:00:00,123.7,127.4,123.0,125.51,300221.36
2022-04-06 08:00:00,125.52,125.85,119.25,121.63,556094.42
2022-04-06 12:00:00,121.62,123.2,114.71,117.63,1195498.0
2022-04-06 16:00:00,117.63,120.0,114.5,118.8,952722.34
2022-04-06 20:00:00,118.78,119.6,112.1,112.95,496653.38
2022-04-07 00:00:00,112.94,114.94,110.88,113.78,813874.74
2022-04-07 04:00:00,113.78,116.48,113.05,116.03,417369.03
2022-04-07 08:00:00,116.02,117.7,113.78,117.46,482942.56
2022-04-07 12:00:00,117.46,118.62,111.74,113.23,767176.86
2022-04-07 16:00:00,113.23,118.6,112.71,117.71,572636.27
2022-04-07 20:00:00,117.7,120.0,116.76,118.48,272347.29
2022-04-08 00:00:00,118.47,122.42,118.01,122.08,520556.63
2022-04-08 04:00:00,122.1,122.36,116.68,119.11,422915.75
2022-04-08 08:00:00,119.13,120.24,114.86,115.28,533861.06
2022-04-08 12:00:00,115.28,118.57,112.89,116.48,801195.88
2022-04-08 16:00:00,116.48,116.87,112.72,113.57,545996.44
2022-04-08 20:00:00,113.56,114.0,108.1,109.92,504440.73
2022-04-09 00:00:00,109.92,111.81,108.28,109.43,330578.49
2022-04-09 04:00:00,109.46,111.17,109.01,110.63,220287.31
2022-04-09 08:00:00,110.62,111.17,108.96,110.5,195063.1
2022-04-09 12:00:00,110.51,111.8,109.33,109.59,263360.87
2022-04-09 16:00:00,109.6,111.58,109.28,109.78,163970.15
2022-04-09 20:00:00,109.78,113.69,109.55,112.96,203636.85
2022-04-10 00:00:00,112.97,113.97,110.98,113.4,201749.38
2022-04-10 04:00:00,113.38,113.63,111.4,111.59,191201.35
2022-04-10 08:00:00,111.58,112.21,109.71,111.05,225096.04
2022-04-10 12:00:00,111.06,112.6,110.49,112.38,207614.71
2022-04-10 16:00:00,112.39,116.09,111.89,114.54,322344.3
2022-04-10 20:00:00,114.54,115.34,110.52,111.07,412714.26
2022-04-11 00:00:00,111.06,111.94,108.33,109.96,396818.89
2022-04-11 04:00:00,109.97,111.34,109.53,111.1,225770.29
2022-04-11 08:00:00,111.1,111.86,103.36,103.93,836994.95
2022-04-11 12:00:00,103.93,104.79,101.21,101.44,684263.67
2022-04-11 16:00:00,101.43,103.86,100.42,101.37,619990.53
2022-04-11 20:00:00,101.37,102.62,98.1,99.67,568294.8
2022-04-12 00:00:00,99.64,101.1,98.31,99.72,465744.11
2022-04-12 04:00:00,99.7,103.3,99.26,103.05,405008.05
2022-04-12 08:00:00,103.04,105.7,102.23,105.55,449093.8
2022-04-12 12:00:00,105.54,109.36,104.81,106.0,1150350.55
2022-04-12 16:00:00,105.99,107.04,100.32,101.0,618193.9
2022-04-12 20:00:00,101.0,103.65,100.78,103.22,439243.78
2022-04-13 00:00:00,103.21,105.11,101.87,103.68,302837.84
2022-04-13 04:00:00,103.67,104.84,102.93,103.94,236410.82
2022-04-13 08:00:00,103.95,104.29,101.0,101.05,294106.19
2022-04-13 12:00:00,101.05,106.04,100.09,105.15,714199.0
2022-04-13 16:00:00,105.13,105.99,103.64,103.95,388075.97
2022-04-13 20:00:00,103.92,105.47,103.66,104.94,268676.58
2022-04-14 00:00:00,104.92,107.34,104.53,105.62,352599.93
2022-04-14 04:00:00,105.63,107.72,105.56,106.41,339439.57
2022-04-14 08:00:00,106.4,107.28,103.23,103.67,408112.34
2022-04-14 12:00:00,103.66,105.78,101.13,101.34,615939.36
2022-04-14 16:00:00,101.36,101.98,98.77,99.57,713840.17
2022-04-14 20:00:00,99.57,101.29,99.09,100.77,281142.39
2022-04-15 00:00:00,100.77,102.11,99.55,102.07,227690.1
2022-04-15 04:00:00,102.06,102.49,100.53,101.79,231024.21
2022-04-15 08:00:00,101.81,102.1,100.86,101.72,166503.61
2022-04-15 12:00:00,101.72,102.91,99.85,102.31,359114.22
2022-04-15 16:00:00,102.32,102.81,100.2,100.39,251121.84
2022-04-15 20:00:00,100.38,101.42,100.33,101.31,149036.39
2022-04-16 00:00:00,101.38,102.07,100.9,101.07,128322.49
2022-04-16 04:00:00,101.06,101.91,101.0,101.48,90531.03
2022-04-16 08:00:00,101.47,102.78,101.1,101.89,174466.83
2022-04-16 12:00:00,101.89,103.5,100.71,100.98,318929.62
2022-04-16 16:00:00,100.96,102.7,100.76,101.99,152075.17
2022-04-16 20:00:00,101.98,102.9,101.73,102.06,141891.22
2022-04-17 00:00:00,102.06,102.36,101.01,101.51,118825.3
2022-04-17 04:00:00,101.5,102.25,101.34,101.89,114076.02
2022-04-17 08:00:00,101.89,102.5,101.81,102.44,131925.71
2022-04-17 12:00:00,102.45,105.28,102.33,105.11,386772.48
2022-04-17 16:00:00,105.1,105.44,102.76,104.07,361850.94
2022-04-17 20:00:00,104.06,104.26,99.62,100.15,396349.59
2022-04-18 00:00:00,100.15,101.74,99.87,101.18,226649.15
2022-04-18 04:00:00,101.19,101.32,95.03,96.43,725419.85
2022-04-18 08:00:00,96.43,97.28,94.62,96.79,349711.63
2022-04-18 12:00:00,96.78,99.19,96.78,98.66,520078.8
2022-04-18 16:00:00,98.66,102.41,97.1,101.18,643988.69
2022-04-18 20:00:00,101.18,102.65,100.99,102.33,285586.71
2022-04-19 00:00:00,102.37,103.79,101.2,101.42,367426.66
2022-04-19 04:00:00,101.43,102.59,101.02,101.85,226729.69
2022-04-19 08:00:00,101.85,103.56,101.24,102.34,364085.7
2022-04-19 12:00:00,102.34,108.58,102.28,106.46,821547.94
2022-04-19 16:00:00,106.46,107.19,105.28,106.92,464928.41
2022-04-19 20:00:00,106.93,109.0,105.8,108.51,430642.03
2022-04-20 00:00:00,108.51,109.5,107.05,108.29,439424.75
2022-04-20 04:00:00,108.28,108.6,106.67,107.01,298234.68
2022-04-20 08:00:00,107.01,110.9,106.61,110.42,486476.15
2022-04-20 12:00:00,110.43,110.74,104.75,105.72,859508.27
2022-04-20 16:00:00,105.72,106.67,104.25,106.04,402520.07
2022-04-20 20:00:00,106.04,107.59,105.0,105.59,281992.89
2022-04-21 00:00:00,105.58,107.17,105.39,107.06,204238.78
2022-04-21 04:00:00,107.06,107.63,105.31,106.85,262832.14
2022-04-21 08:00:00,106.85,109.07,105.75,108.38,392040.38
2022-04-21 12:00:00,108.39,110.0,107.66,107.75,764779.96
2022-04-21 16:00:00,107.74,107.75,104.18,104.29,525845.6
2022-04-21 20:00:00,104.29,104.34,99.86,101.78,521909.5
2022-04-22 00:00:00,101.78,103.15,101.4,102.55,260618.53
2022-04-22 04:00:00,102.56,103.55,101.33,102.62,254218.79
2022-04-22 08:00:00,102.63,102.98,100.11,102.2,333082.22
2022-04-22 12:00:00,102.2,102.78,99.38,99.69,510807.3
2022-04-22 16:00:00,99.69,101.98,99.19,100.91,300907.08
2022-04-22 20:00:00,100.91,101.74,100.0,100.55,117979.93
2022-04-23 00:00:00,100.55,101.04,99.32,99.86,154663.18
2022-04-23 04:00:00,99.86,101.27,98.31,101.21,214471.23
2022-04-23 08:00:00,101.21,102.05,100.68,101.54,198986.0
2022-04-23 12:00:00,101.55,102.55,100.82,102.14,191286.6
2022-04-23 16:00:00,102.16,102.9,101.44,102.07,186399.51
2022-04-23 20:00:00,102.08,102.49,100.13,100.63,135821.62
2022-04-24 00:00:00,100.63,101.62,100.26,101.3,135661.56
2022-04-24 04:00:00,101.29,102.01,101.18,101.81,106409.44
2022-04-24 08:00:00,101.8,102.31,100.82,101.13,129633.7
2022-04-24 12:00:00,101.13,101.54,99.88,100.11,240048.57
2022-04-24 16:00:00,100.11,101.25,98.55,100.48,290265.27
2022-04-24 20:00:00,100.49,100.69,98.99,99.23,162117.61
2022-04-25 00:00:00,99.22,99.42,96.18,98.05,410350.25
2022-04-25 04:00:00,98.05,98.3,94.32,95.13,397702.54
2022-04-25 08:00:00,95.12,96.94,94.49,96.75,340350.13
2022-04-25 12:00:00,96.75,98.25,95.86,96.95,438027.8
2022-04-25 16:00:00,96.95,100.78,96.8,100.69,478493.72
2022-04-25 20:00:00,100.67,101.59,99.8,100.99,252369.36
2022-04-26 00:00:00,100.98,101.98,100.23,101.0,194841.04
2022-04-26 04:00:00,101.01,101.53,99.92,100.88,231037.98
2022-04-26 08:00:00,100.89,101.62,99.77,100.51,230779.82
2022-04-26 12:00:00,100.51,101.09,96.37,96.53,485171.21
2022-04-26 16:00:00,96.53,97.77,95.63,96.58,477789.51
2022-04-26 20:00:00,96.56,97.5,94.61,95.7,278115.58
2022-04-27 00:00:00,95.7,97.2,94.89,96.8,211366.84
2022-04-27 04:00:00,96.79,99.54,96.61,99.52,220983.61
2022-04-27 08:00:00,99.55,100.11,98.01,99.22,361814.51
2022-04-27 12:00:00,99.22,100.79,96.84,98.15,582726.29
2022-04-27 16:00:00,98.17,98.99,96.82,97.42,312355.67
2022-04-27 20:00:00,97.42,98.89,97.21,98.36,144495.71
2022-04-28 00:00:00,98.35,99.98,97.98,99.14,208564.67
2022-04-28 04:00:00,99.14,100.0,98.45,99.48,214869.98
2022-04-28 08:00:00,99.48,100.55,98.97,99.84,256033.68
2022-04-28 12:00:00,99.84,100.07,96.33,97.51,573964.56
2022-04-28 16:00:00,97.48,100.2,96.88,98.76,381281.89
2022-04-28 20:00:00,98.77,99.11,97.3,98.24,214679.26
2022-04-29 00:00:00,98.23,98.68,96.96,97.23,186260.21
2022-04-29 04:00:00,97.24,98.05,96.75,97.81,173677.75
2022-04-29 08:00:00,97.81,98.02,95.1,95.61,322554.29
2022-04-29 12:00:00,95.6,97.05,95.22,96.16,383364.46
2022-04-29 16:00:00,96.16,96.36,92.35,92.93,458003.85
2022-04-29 20:00:00,92.93,94.5,92.62,93.96,212374.31
2022-04-30 00:00:00,93.96,94.95,93.71,94.09,157067.88
2022-04-30 04:00:00,94.1,94.95,93.7,94.03,153408.42
2022-04-30 08:00:00,94.03,94.53,93.56,93.88,143192.42
2022-04-30 12:00:00,93.88,94.2,91.46,92.25,268620.0
2022-04-30 16:00:00,92.24,92.58,90.3,91.58,282941.82
2022-04-30 20:00:00,91.58,91.58,81.91,84.63,824306.73
2022-05-01 00:00:00,84.63,88.43,84.15,88.03,633437.44
2022-05-01 04:00:00,88.04,89.85,87.08,88.89,346329.66
2022-05-01 08:00:00,88.9,89.92,87.76,88.24,263666.68
2022-05-01 12:00:00,88.22,90.37,87.03,90.03,379710.78
2022-05-01 16:00:00,90.04,93.12,87.07,88.02,457102.05
2022-05-01 20:00:00,88.01,90.48,87.74,89.68,273651.32
2022-05-02 00:00:00,89.67,90.89,88.67,89.34,264547.97
2022-05-02 04:00:00,89.34,90.77,89.05,89.79,207570.4
2022-05-02 08:00:00,89.79,90.0,86.29,86.78,349736.17
2022-05-02 12:00:00,86.77,88.94,86.25,87.72,535389.1
2022-05-02 16:00:00,87.74,87.96,85.1,87.26,372006.68
2022-05-02 20:00:00,87.29,88.49,86.32,87.5,186555.65
2022-05-03 00:00:00,87.49,88.66,86.72,88.65,190310.94
2022-05-03 04:00:00,88.65,88.81,87.85,88.35,179868.77
2022-05-03 08:00:00,88.35,88.74,87.23,88.48,209574.45
2022-05-03 12:00:00,88.49,88.58,86.74,87.22,330199.88
2022-05-03 16:00:00,87.22,87.44,84.82,85.45,442479.62
2022-05-03 20:00:00,85.46,86.59,84.66,85.86,209932.79
2022-05-04 00:00:00,85.86,86.78,85.47,86.14,174356.78
2022-05-04 04:00:00,86.14,87.53,85.51,87.34,190945.84
2022-05-04 08:00:00,87.33,88.75,87.06,88.45,325204.73
2022-05-04 12:00:00,88.46,88.75,86.31,87.19,409010.12
2022-05-04 16:00:00,87.19,92.18,86.5,91.64,882733.82
2022-05-04 20:00:00,91.64,93.06,91.38,92.77,263818.87
2022-05-05 00:00:00,92.77,95.25,92.67,94.32,373487.8
2022-05-05 04:00:00,94.32,94.57,92.81,93.19,235617.13
2022-05-05 08:00:00,93.19,93.39,92.08,92.31,241956.04
2022-05-05 12:00:00,92.32,92.99,84.23,84.95,1087642.8
2022-05-05 16:00:00,84.95,86.27,81.32,83.76,1038314.79
2022-05-05 20:00:00,83.76,85.38,83.05,84.52,334403.36
2022-05-06 00:00:00,84.52,84.84,82.56,82.84,273958.12
2022-05-06 04:00:00,82.84,83.51,81.0,82.41,469483.92
2022-05-06 08:00:00,82.42,83.65,80.4,81.23,450704.5
2022-05-06 12:00:00,81.24,83.2,79.98,81.79,862190.73
2022-05-06 16:00:00,81.79,82.47,81.02,81.97,390999.45
2022-05-06 20:00:00,81.97,82.4,81.33,81.68,159889.09
2022-05-07 00:00:00,81.67,81.99,80.38,80.5,187958.71
2022-05-07 04:00:00,80.5,80.97,79.12,80.46,342941.47
2022-05-07 08:00:00,80.46,82.03,80.24,81.79,276822.59
2022-05-07 12:00:00,81.79,82.33,80.9,82.08,337797.01
2022-05-07 16:00:00,82.09,82.22,81.2,81.44,217718.14
2022-05-07 20:00:00,81.44,81.44,77.03,78.86,543535.33
2022-05-08 00:00:00,78.86,79.41,75.93,76.94,536930.44
2022-05-08 04:00:00,76.94,78.6,76.93,77.84,339246.37
2022-05-08 08:00:00,77.84,79.36,77.79,79.09,243515.43
2022-05-08 12:00:00,79.1,79.34,76.75,77.14,479963.57
2022-05-08 16:00:00,77.14,78.1,73.69,76.36,866738.9
2022-05-08 20:00:00,76.36,76.55,74.67,75.38,270441.69
2022-05-09 00:00:00,75.39,77.21,73.75,75.24,533201.08
2022-05-09 04:00:00,75.25,76.06,73.32,73.94,347822.57
2022-05-09 08:00:00,73.93,75.25,70.68,72.23,734083.75
2022-05-09 12:00:00,72.24,73.13,69.22,69.84,1071627.01
2022-05-09 16:00:00,69.84,70.36,62.88,65.09,1964641.079
2022-05-09 20:00:00,65.14,68.43,61.7,62.16,1194661.193
2022-05-10 00:00:00,62.16,66.65,60.13,64.46,2005491.911
2022-05-10 04:00:00,64.46,73.0,64.09,68.91,1671925.7
2022-05-10 08:00:00,68.91,72.1,68.44,71.56,1061646.77
2022-05-10 12:00:00,71.56,74.03,67.27,69.46,1386878.58
2022-05-10 16:00:00,69.46,71.1,67.17,67.52,715431.83
2022-05-10 20:00:00,67.51,67.72,63.23,66.9,1013666.54
2022-05-11 00:00:00,66.9,68.31,65.01,66.2,802995.1
2022-05-11 04:00:00,66.19,68.44,60.67,62.62,1468779.5
2022-05-11 08:00:00,62.6,66.41,61.01,61.39,1429999.22
2022-05-11 12:00:00,61.39,63.93,48.0,55.53,4231695.538
2022-05-11 16:00:00,55.52,56.75,47.0,47.9,1653477.67
2022-05-11 20:00:00,47.89,51.01,43.17,50.9,2039175.993
2022-05-12 00:00:00,50.9,54.29,45.07,45.18,2596284.14
2022-05-12 04:00:00,45.17,46.76,37.37,44.7,4654030.075
2022-05-12 08:00:00,44.7,47.95,41.44,43.95,2349500.85
2022-05-12 12:00:00,43.94,49.33,42.68,44.67,1842532.03
2022-05-12 16:00:00,44.66,48.07,43.32,44.63,1223532.36
2022-05-12 20:00:00,44.65,45.67,41.5,44.64,969941.01
2022-05-13 00:00:00,44.64,52.11,43.83,50.43,1768865.76
2022-05-13 04:00:00,50.43,53.92,48.88,49.07,1941655.15
2022-05-13 08:00:00,49.08,53.28,49.06,53.18,1254138.81
2022-05-13 12:00:00,53.19,56.99,51.91,53.08,1812002.33
2022-05-13 16:00:00,53.09,54.25,49.7,51.49,1275270.4
2022-05-13 20:00:00,51.51,51.91,48.24,48.92,666662.05
2022-05-14 00:00:00,48.93,53.91,48.56,51.73,882937.91
2022-05-14 04:00:00,51.72,53.37,50.55,50.74,629761.16
2022-05-14 08:00:00,50.75,51.57,47.34,48.04,896213.49
2022-05-14 12:00:00,48.05,49.18,46.14,46.47,941960.79
2022-05-14 16:00:00,46.47,50.74,45.81,49.37,1043575.48
2022-05-14 20:00:00,49.37,52.98,49.32,52.43,705038.38
2022-05-15 00:00:00,52.43,52.83,49.63,50.2,529270.86
2022-05-15 04:00:00,50.19,52.6,49.86,51.46,464114.58
2022-05-15 08:00:00,51.46,53.68,50.81,53.45,535327.16
2022-05-15 12:00:00,53.45,54.77,52.21,52.88,758261.33
2022-05-15 16:00:00,52.88,55.65,52.69,55.27,618783.47
2022-05-15 20:00:00,55.27,59.31,55.01,58.83,979801.37
2022-05-16 00:00:00,58.83,58.83,55.31,56.09,716367.84
2022-05-16 04:00:00,56.1,56.43,53.18,53.79,866441.59
2022-05-16 08:00:00,53.79,55.24,52.58,53.82,934484.92
2022-05-16 12:00:00,53.83,55.5,51.89,53.29,1162341.88
2022-05-16 16:00:00,53.29,55.48,52.22,54.0,951345.71
2022-05-16 20:00:00,54.01,55.8,53.2,53.79,787239.69
2022-05-17 00:00:00,53.8,56.13,53.7,55.77,553906.06
2022-05-17 04:00:00,55.76,57.67,55.09,55.78,698826.76
2022-05-17 08:00:00,55.78,57.1,55.42,55.67,466134.78
2022-05-17 12:00:00,55.66,58.22,54.33,55.17,1091733.24
2022-05-17 16:00:00,55.17,56.08,53.04,55.19,984709.34
2022-05-17 20:00:00,55.18,57.62,55.0,57.02,550756.41
2022-05-18 00:00:00,57.01,57.85,54.88,55.09,451901.08
2022-05-18 04:00:00,55.08,56.25,54.78,55.42,532799.67
2022-05-18 08:00:00,55.42,55.55,53.78,54.2,632262.63
2022-05-18 12:00:00,54.2,54.31,49.68,50.4,1268324.04
2022-05-18 16:00:00,50.4,51.99,49.83,51.72,1050681.76
2022-05-18 20:00:00,51.73,51.76,49.38,49.93,534878.85
2022-05-19 00:00:00,49.93,50.97,48.2,50.63,632481.38
2022-05-19 04:00:00,50.63,52.26,50.16,51.08,486840.35
2022-05-19 08:00:00,51.07,51.56,48.25,51.22,807265.46
2022-05-19 12:00:00,51.22,54.09,50.3,53.22,1643641.17
2022-05-19 16:00:00,53.22,53.58,51.58,51.6,765581.72
2022-05-19 20:00:00,51.6,52.65,50.71,52.2,458525.86
2022-05-20 00:00:00,52.2,53.54,51.43,51.5,586870.14
2022-05-20 04:00:00,51.49,52.36,50.6,52.08,792941.48
2022-05-20 08:00:00,52.08,53.62,51.81,53.16,726679.89
2022-05-20 12:00:00,53.17,53.24,49.29,49.41,1281805.12
2022-05-20 16:00:00,49.41,50.31,47.81,50.16,991087.68
2022-05-20 20:00:00,50.16,50.77,49.33,49.43,432251.36
2022-05-21 00:00:00,49.42,50.23,48.43,50.13,429028.61
2022-05-21 04:00:00,50.13,50.38,49.45,50.0,301282.14
2022-05-21 08:00:00,50.0,50.2,48.93,49.44,290726.62
2022-05-21 12:00:00,49.44,50.84,48.99,50.71,362114.18
2022-05-21 16:00:00,50.71,51.21,49.95,50.22,374887.08
2022-05-21 20:00:00,50.21,50.65,49.45,50.31,211066.31
2022-05-22 00:00:00,50.3,50.74,49.93,50.14,205163.33
2022-05-22 04:00:00,50.14,50.54,49.69,50.27,238719.84
2022-05-22 08:00:00,50.27,52.01,50.19,51.49,635307.26
2022-05-22 12:00:00,51.49,52.89,51.33,51.81,855856.02
2022-05-22 16:00:00,51.82,52.23,51.14,51.42,319079.62
2022-05-22 20:00:00,51.42,53.2,51.32,52.48,469592.38
2022-05-23 00:00:00,52.48,53.19,51.82,52.22,274299.03
2022-05-23 04:00:00,52.22,54.38,51.91,53.56,609323.45
2022-05-23 08:00:00,53.56,54.68,52.94,54.01,577319.77
2022-05-23 12:00:00,54.01,54.64,52.22,53.86,948701.84
2022-05-23 16:00:00,53.87,54.44,50.03,50.09,941483.7
2022-05-23 20:00:00,50.09,51.05,48.61,49.17,850527.09
2022-05-24 00:00:00,49.17,49.98,48.89,49.89,313008.02
2022-05-24 04:00:00,49.89,50.32,49.41,49.84,367585.87
2022-05-24 08:00:00,49.83,49.97,48.68,49.55,463506.87
2022-05-24 12:00:00,49.54,50.61,47.1,50.09,1311624.91
2022-05-24 16:00:00,50.08,50.85,48.56,49.09,795689.0
2022-05-24 20:00:00,49.09,50.12,48.74,49.67,394033.98
2022-05-25 00:00:00,49.67,50.55,49.01,50.32,488938.97
2022-05-25 04:00:00,50.33,50.35,48.56,48.83,406476.88
2022-05-25 08:00:00,48.83,49.38,47.59,47.69,545785.32
2022-05-25 12:00:00,47.68,48.89,47.57,48.25,788401.17
2022-05-25 16:00:00,48.25,49.13,47.81,48.31,684377.21
2022-05-25 20:00:00,48.3,48.89,47.87,47.98,380939.21
2022-05-26 00:00:00,47.97,48.66,47.86,48.18,385398.32
2022-05-26 04:00:00,48.19,48.32,45.57,46.42,852202.37
2022-05-26 08:00:00,46.41,46.5,43.14,43.72,1659247.7
2022-05-26 12:00:00,43.71,45.89,41.69,45.11,2229700.46
2022-05-26 16:00:00,45.11,46.68,43.9,44.05,1185830.21
2022-05-26 20:00:00,44.04,44.83,43.29,43.44,713607.68
2022-05-27 00:00:00,43.44,43.95,41.18,42.65,1333049.96
2022-05-27 04:00:00,42.66,42.91,39.93,41.04,1764082.88
2022-05-27 08:00:00,41.04,42.27,40.52,41.59,1174262.67
2022-05-27 12:00:00,41.58,43.61,41.27,42.15,1543672.7
2022-05-27 16:00:00,42.14,42.36,40.42,41.86,1190551.03
2022-05-27 20:00:00,41.86,42.6,40.56,41.17,542195.56
2022-05-28 00:00:00,41.18,42.56,40.33,41.32,936054.28
2022-05-28 04:00:00,41.33,42.2,41.09,41.71,496577.97
2022-05-28 08:00:00,41.72,41.99,41.12,41.59,454961.48
2022-05-28 12:00:00,41.59,43.5,41.47,42.98,926852.16
2022-05-28 16:00:00,42.98,44.76,42.49,44.43,984989.85
2022-05-28 20:00:00,44.43,45.08,43.72,44.25,518081.32
2022-05-29 00:00:00,44.24,44.41,42.14,42.36,1013068.99
2022-05-29 04:00:00,42.36,42.66,41.79,42.45,459486.33
2022-05-29 08:00:00,42.44,44.18,42.28,44.07,952513.78
2022-05-29 12:00:00,44.06,45.67,44.06,44.71,1138105.75
2022-05-29 16:00:00,44.7,45.32,44.08,44.26,554492.73
2022-05-29 20:00:00,44.25,45.17,44.16,44.98,511203.52
2022-05-30 00:00:00,44.98,46.79,44.27,45.95,1025608.6
2022-05-30 04:00:00,45.95,47.37,45.54,47.07,953015.34
2022-05-30 08:00:00,47.06,47.24,45.87,46.07,653371.46
2022-05-30 12:00:00,46.06,46.65,44.94,45.84,953112.89
2022-05-30 16:00:00,45.85,46.36,45.4,45.67,527655.28
2022-05-30 20:00:00,45.66,48.39,45.46,47.22,1363549.57
2022-05-31 00:00:00,47.22,48.24,46.19,47.7,793168.37
2022-05-31 04:00:00,47.7,47.83,45.87,46.36,944938.89
2022-05-31 08:00:00,46.36,46.93,45.96,46.59,589956.24
2022-05-31 12:00:00,46.58,46.78,44.56,46.35,1067426.77
2022-05-31 16:00:00,46.34,46.83,45.21,45.53,707504.93
2022-05-31 20:00:00,45.53,46.21,45.4,45.77,376541.53
2022-06-01 00:00:00,45.78,46.12,44.67,44.78,457925.08
2022-06-01 04:00:00,44.77,45.21,44.34,44.59,528554.04
2022-06-01 08:00:00,44.59,45.29,44.23,44.6,416057.41
2022-06-01 12:00:00,44.6,45.67,42.81,42.93,1188763.62
2022-06-01 16:00:00,42.94,43.12,40.77,41.29,1270027.78
2022-06-01 20:00:00,41.29,41.38,39.51,40.11,917369.01
2022-06-02 00:00:00,40.11,40.24,38.7,38.85,1026539.96
2022-06-02 04:00:00,38.86,40.1,38.13,39.68,875608.57
2022-06-02 08:00:00,39.69,41.2,39.48,41.04,765420.82
2022-06-02 12:00:00,41.04,41.22,39.64,40.7,1367706.94
2022-06-02 16:00:00,40.7,41.05,39.91,40.45,566297.94
2022-06-02 20:00:00,40.45,41.65,40.39,40.85,552296.04
2022-06-03 00:00:00,40.86,41.54,40.43,41.15,518060.51
2022-06-03 04:00:00,41.13,41.22,40.27,40.32,371027.15
2022-06-03 08:00:00,40.33,40.47,37.93,38.25,1261230.45
2022-06-03 12:00:00,38.26,38.71,37.63,38.05,1128286.6
2022-06-03 16:00:00,38.05,38.59,37.77,38.17,691037.51
2022-06-03 20:00:00,38.18,38.97,37.92,38.28,467682.42
2022-06-04 00:00:00,38.28,38.38,35.71,36.3,1093200.49
2022-06-04 04:00:00,36.3,37.48,36.22,37.34,550633.45
2022-06-04 08:00:00,37.34,37.9,36.84,37.0,511308.57
2022-06-04 12:00:00,37.0,38.22,36.55,37.77,697210.18
2022-06-04 16:00:00,37.76,38.21,37.34,37.51,411222.97
2022-06-04 20:00:00,37.51,39.5,37.44,39.0,472601.13
2022-06-05 00:00:00,39.02,39.47,37.85,38.3,398854.94
2022-06-05 04:00:00,38.31,39.35,37.94,38.83,618300.92
2022-06-05 08:00:00,38.82,39.96,38.74,39.47,994208.23
2022-06-05 12:00:00,39.46,39.86,38.76,39.82,517383.49
2022-06-05 16:00:00,39.82,40.22,39.21,39.65,443944.0
2022-06-05 20:00:00,39.66,40.09,38.41,38.52,645819.8
2022-06-06 00:00:00,38.53,41.97,38.33,41.77,1267471.65
2022-06-06 04:00:00,41.77,43.99,41.52,43.05,1176115.16
2022-06-06 08:00:00,43.05,44.87,42.94,43.92,1188437.47
2022-06-06 12:00:00,43.93,44.14,42.31,42.83,1457032.22
2022-06-06 16:00:00,42.83,42.86,41.53,42.23,917309.95
2022-06-06 20:00:00,42.23,43.28,41.1,42.39,816891.85
2022-06-07 00:00:00,42.39,42.8,38.7,39.55,2177248.28
2022-06-07 04:00:00,39.55,39.68,38.83,39.31,588584.08
2022-06-07 08:00:00,39.32,39.67,37.12,38.07,1592419.71
2022-06-07 12:00:00,38.07,39.64,37.66,39.14,1021706.11
2022-06-07 16:00:00,39.14,41.16,38.63,40.44,988549.55
2022-06-07 20:00:00,40.44,41.36,38.4,39.31,1308779.1
2022-06-08 00:00:00,39.32,40.96,38.31,38.65,1116643.85
2022-06-08 04:00:00,38.64,39.55,38.28,39.25,615761.2
2022-06-08 08:00:00,39.26,39.74,38.98,39.31,565045.14
2022-06-08 12:00:00,39.31,40.16,38.72,39.71,782040.03
2022-06-08 16:00:00,39.71,39.87,38.4,38.79,580831.79
2022-06-08 20:00:00,38.78,39.4,38.68,38.83,327832.29
2022-06-09 00:00:00,38.83,39.23,38.44,39.12,418395.5
2022-06-09 04:00:00,39.13,39.55,38.88,39.54,281817.49
2022-06-09 08:00:00,39.55,41.97,39.31,41.22,2039857.06
2022-06-09 12:00:00,41.22,41.42,39.82,40.34,867400.37
2022-06-09 16:00:00,40.34,41.44,39.55,39.66,617539.51
2022-06-09 20:00:00,39.66,40.16,39.44,39.96,362317.82
2022-06-10 00:00:00,39.96,40.9,39.03,40.27,626882.61
2022-06-10 04:00:00,40.28,40.83,40.05,40.32,301592.59
2022-06-10 08:00:00,40.32,40.76,38.9,39.31,899781.19
2022-06-10 12:00:00,39.3,39.7,37.45,37.98,1322634.43
2022-06-10 16:00:00,37.97,38.09,37.0,37.26,814115.45
2022-06-10 20:00:00,37.27,38.08,36.8,37.17,399637.07
2022-06-11 00:00:00,37.17,37.72,36.99,37.54,262896.25
2022-06-11 04:00:00,37.54,37.93,37.11,37.7,573891.52
2022-06-11 08:00:00,37.71,37.77,35.13,35.47,1171840.037
2022-06-11 12:00:00,35.47,35.78,33.17,33.76,1371043.11
2022-06-11 16:00:00,33.77,34.77,33.34,34.12,767699.05
2022-06-11 20:00:00,34.12,34.69,33.62,33.93,490784.35
2022-06-12 00:00:00,33.94,34.31,31.45,32.31,1266827.044
2022-06-12 04:00:00,32.31,33.2,31.08,33.16,1024969.73
2022-06-12 08:00:00,33.16,33.85,32.29,32.74,892366.23
2022-06-12 12:00:00,32.75,34.5,31.4,34.01,1473466.18
2022-06-12 16:00:00,34.0,34.29,32.31,32.61,943873.16
2022-06-12 20:00:00,32.61,32.82,30.56,30.61,1209245.76
2022-06-13 00:00:00,30.6,31.11,27.62,28.85,2486670.833
2022-06-13 04:00:00,28.84,29.7,27.21,27.57,1997428.33
2022-06-13 08:00:00,27.57,28.5,26.05,26.84,3388160.733
2022-06-13 12:00:00,26.84,28.27,26.11,27.92,2647518.66
2022-06-13 16:00:00,27.92,29.45,27.42,28.31,1634621.4
2022-06-13 20:00:00,28.31,29.89,27.0,28.6,1182572.51
2022-06-14 00:00:00,28.59,29.19,25.86,28.94,2478919.87
2022-06-14 04:00:00,28.94,32.32,28.07,31.02,2740207.76
2022-06-14 08:00:00,31.02,31.12,28.66,29.1,1663627.02
2022-06-14 12:00:00,29.09,31.41,28.37,31.03,2137691.9
2022-06-14 16:00:00,31.03,31.2,29.05,29.44,1319798.12
2022-06-14 20:00:00,29.45,30.06,27.92,29.59,1097374.6
2022-06-15 00:00:00,29.59,30.29,28.64,28.8,1251877.41
2022-06-15 04:00:00,28.8,28.82,27.35,27.66,1627755.89
2022-06-15 08:00:00,27.65,29.24,26.79,28.9,2610493.99
2022-06-15 12:00:00,28.91,30.01,28.62,29.51,1808285.72
2022-06-15 16:00:00,29.5,33.0,28.11,31.48,3495987.61
2022-06-15 20:00:00,31.48,34.86,31.06,34.76,1879043.47
2022-06-16 00:00:00,34.75,36.0,33.73,33.79,1596979.39
2022-06-16 04:00:00,33.79,34.25,32.45,32.61,1297999.42
2022-06-16 08:00:00,32.61,33.0,30.73,31.28,2187958.18
2022-06-16 12:00:00,31.28,32.56,30.03,31.31,2438083.51
2022-06-16 16:00:00,31.31,32.65,30.44,30.87,1778743.27
2022-06-16 20:00:00,30.87,31.57,29.52,30.12,1118948.89
2022-06-17 00:00:00,30.12,31.34,29.26,30.03,1364242.74
2022-06-17 04:00:00,30.04,31.97,29.94,31.59,992113.69
2022-06-17 08:00:00,31.59,32.19,30.96,31.58,880762.09
2022-06-17 12:00:00,31.58,32.08,30.83,31.21,1372573.59
2022-06-17 16:00:00,31.2,32.12,30.96,31.14,1073170.51
2022-06-17 20:00:00,31.14,31.74,30.57,30.71,591507.88
2022-06-18 00:00:00,30.72,31.32,29.76,30.08,798614.98
2022-06-18 04:00:00,30.08,30.41,28.1,28.48,1352046.71
2022-06-18 08:00:00,28.48,30.69,27.82,30.0,2099919.56
2022-06-18 12:00:00,30.0,30.44,29.52,29.81,761030.7
2022-06-18 16:00:00,29.8,30.64,28.07,28.09,1455901.56
2022-06-18 20:00:00,28.1,32.06,27.15,32.02,2863130.83
2022-06-19 00:00:00,32.01,32.35,29.74,30.19,1878464.2
2022-06-19 04:00:00,30.18,30.61,28.84,29.21,1197854.74
2022-06-19 08:00:00,29.21,33.0,28.68,32.4,2269209.9
2022-06-19 12:00:00,32.41,33.62,31.54,33.47,1395173.84
2022-06-19 16:00:00,33.47,34.28,32.0,33.21,1280599.55
2022-06-19 20:00:00,33.2,35.4,33.04,34.19,1231820.55
2022-06-20 00:00:00,34.19,34.58,31.81,32.27,1338057.16
2022-06-20 04:00:00,32.27,32.83,31.73,32.33,645729.14
2022-06-20 08:00:00,32.33,36.9,32.17,36.34,2367987.4
2022-06-20 12:00:00,36.33,36.73,34.46,35.29,1753783.24
2022-06-20 16:00:00,35.28,35.29,33.94,34.45,1252426.96
2022-06-20 20:00:00,34.45,35.76,33.78,35.24,860162.9
2022-06-21 00:00:00,35.25,35.9,34.2,35.22,952840.99
2022-06-21 04:00:00,35.22,37.67,34.74,36.83,1848966.64
2022-06-21 08:00:00,36.82,38.55,36.71,37.15,1356229.02
2022-06-21 12:00:00,37.15,39.19,36.93,37.95,1437532.08
2022-06-21 16:00:00,37.94,38.61,36.52,36.6,1083983.16
2022-06-21 20:00:00,36.59,36.84,35.64,36.42,749546.87
2022-06-22 00:00:00,36.42,36.73,34.53,34.7,791802.56
2022-06-22 04:00:00,34.7,35.31,33.72,33.86,1038281.38
2022-06-22 08:00:00,33.86,36.13,33.65,35.48,993272.83
2022-06-22 12:00:00,35.49,36.87,34.54,34.75,1838703.73
2022-06-22 16:00:00,34.75,35.34,33.95,34.4,1167914.85
2022-06-22 20:00:00,34.39,35.1,33.86,34.12,664731.66
2022-06-23 00:00:00,34.13,35.86,33.91,35.13,781697.29
2022-06-23 04:00:00,35.12,36.66,35.01,35.97,949437.89
2022-06-23 08:00:00,35.96,37.48,35.71,36.91,1351242.83
2022-06-23 12:00:00,36.92,37.79,36.1,37.22,1278575.11
2022-06-23 16:00:00,37.21,38.48,36.26,37.57,1620403.14
2022-06-23 20:00:00,37.56,38.65,37.23,38.15,1021254.19
2022-06-24 00:00:00,38.15,39.6,37.67,38.93,1216791.93
2022-06-24 04:00:00,38.93,39.31,37.75,38.33,685720.23
2022-06-24 08:00:00,38.34,40.48,38.08,40.28,1143965.77
2022-06-24 12:00:00,40.28,41.36,39.75,40.09,1451286.63
2022-06-24 16:00:00,40.1,41.16,39.42,41.16,869258.8
2022-06-24 20:00:00,41.17,42.92,40.89,41.91,1216022.87
2022-06-25 00:00:00,41.91,42.46,40.7,41.41,756050.35
2022-06-25 04:00:00,41.41,42.37,40.96,42.17,596190.02
2022-06-25 08:00:00,42.17,42.64,41.75,41.86,639353.0
2022-06-25 12:00:00,41.86,42.08,39.73,39.86,1019127.7
2022-06-25 16:00:00,39.86,40.95,39.75,40.36,513876.82
2022-06-25 20:00:00,40.36,42.6,40.09,42.22,769613.18
2022-06-26 00:00:00,42.22,42.49,40.7,41.41,523231.45
2022-06-26 04:00:00,41.41,41.82,40.79,41.32,462855.0
2022-06-26 08:00:00,41.32,42.21,40.58,42.08,713191.74
2022-06-26 12:00:00,42.08,42.49,39.99,40.62,941513.82
2022-06-26 16:00:00,40.61,40.94,39.59,40.69,603216.28
2022-06-26 20:00:00,40.68,41.4,39.14,39.39,780135.55
2022-06-27 00:00:00,39.39,40.3,38.91,40.15,694818.78
2022-06-27 04:00:00,40.15,40.86,39.64,40.61,519217.36
2022-06-27 08:00:00,40.61,41.25,40.27,40.33,535071.63
2022-06-27 12:00:00,40.32,40.46,38.27,38.75,1214240.29
2022-06-27 16:00:00,38.76,39.18,37.9,38.33,779286.03
2022-06-27 20:00:00,38.34,39.15,38.3,38.52,430303.31
2022-06-28 00:00:00,38.5,38.97,37.0,37.74,693966.09
2022-06-28 04:00:00,37.75,38.72,37.55,38.61,441584.21
2022-06-28 08:00:00,38.62,39.71,38.45,39.24,948562.8
2022-06-28 12:00:00,39.23,39.9,37.02,37.05,1288771.9
2022-06-28 16:00:00,37.06,37.22,35.62,35.93,1429656.36
2022-06-28 20:00:00,35.93,36.7,35.02,35.35,778794.49
2022-06-29 00:00:00,35.34,36.12,35.03,35.46,707209.57
2022-06-29 04:00:00,35.46,35.72,34.45,35.35,879181.09
2022-06-29 08:00:00,35.34,35.75,34.3,34.97,866492.34
2022-06-29 12:00:00,34.96,35.16,33.61,34.67,1443762.45
2022-06-29 16:00:00,34.66,34.69,33.1,34.49,1064399.4
2022-06-29 20:00:00,34.48,35.12,33.53,34.05,794233.59
2022-06-30 00:00:00,34.06,34.2,32.53,33.01,688043.07
2022-06-30 04:00:00,33.01,33.22,31.55,31.91,742426.77
2022-06-30 08:00:00,31.91,32.14,31.21,31.68,882124.84
2022-06-30 12:00:00,31.68,32.31,30.92,32.1,1067756.66
2022-06-30 16:00:00,32.1,32.88,31.54,32.03,719051.66
2022-06-30 20:00:00,32.03,33.93,31.41,33.76,1237702.46
2022-07-01 00:00:00,33.76,35.4,33.47,33.66,1711484.76
2022-07-01 04:00:00,33.65,33.76,32.34,33.13,1329399.6
2022-07-01 08:00:00,33.14,33.58,31.82,32.34,913947.55
2022-07-01 12:00:00,32.33,33.15,32.03,32.33,978963.22
2022-07-01 16:00:00,32.33,33.48,32.25,33.24,672618.89
2022-07-01 20:00:00,33.25,33.97,32.63,32.84,549342.74
2022-07-02 00:00:00,32.85,33.44,32.08,32.16,621647.1
2022-07-02 04:00:00,32.16,32.88,32.1,32.42,277466.16
2022-07-02 08:00:00,32.43,32.79,31.87,32.77,408929.05
2022-07-02 12:00:00,32.77,33.37,32.6,32.87,577373.32
2022-07-02 16:00:00,32.87,33.52,32.69,33.13,447114.05
2022-07-02 20:00:00,33.12,34.14,32.9,33.36,407970.51
2022-07-03 00:00:00,33.36,33.62,32.7,33.07,302779.75
2022-07-03 04:00:00,33.08,33.77,32.32,32.87,613298.37
2022-07-03 08:00:00,32.87,33.13,32.5,32.91,280477.11
2022-07-03 12:00:00,32.91,33.01,32.14,32.34,386594.57
2022-07-03 16:00:00,32.34,33.57,32.29,33.45,366907.78
2022-07-03 20:00:00,33.45,33.68,33.13,33.39,444514.81
2022-07-04 00:00:00,33.4,33.87,32.63,32.64,437681.36
2022-07-04 04:00:00,32.63,33.08,32.45,32.78,263757.71
2022-07-04 08:00:00,32.78,34.4,32.74,34.39,705894.74
2022-07-04 12:00:00,34.39,34.98,33.77,34.3,1066495.43
2022-07-04 16:00:00,34.3,35.15,34.13,34.87,615437.95
2022-07-04 20:00:00,34.88,36.94,34.73,36.71,975347.94
2022-07-05 00:00:00,36.71,36.99,35.17,35.85,827311.89
2022-07-05 04:00:00,35.85,36.31,35.59,35.92,549673.41
2022-07-05 08:00:00,35.93,35.94,33.83,33.98,992486.85
2022-07-05 12:00:00,33.98,34.09,33.03,33.87,1371068.89
2022-07-05 16:00:00,33.86,36.08,33.62,35.71,1223064.39
2022-07-05 20:00:00,35.7,36.48,35.14,35.4,1134866.61
2022-07-06 00:00:00,35.41,36.06,34.8,35.56,931711.04
2022-07-06 04:00:00,35.56,36.5,35.27,35.96,974541.31
2022-07-06 08:00:00,35.95,36.67,35.6,35.62,798812.0
2022-07-06 12:00:00,35.62,36.5,35.3,35.74,940120.55
2022-07-06 16:00:00,35.74,36.8,35.68,36.28,1013878.71
2022-07-06 20:00:00,36.27,37.65,35.93,37.04,639489.29
2022-07-07 00:00:00,37.04,37.41,36.73,37.09,535810.96
2022-07-07 04:00:00,37.09,37.12,36.39,36.82,419523.07
2022-07-07 08:00:00,36.81,37.43,36.64,37.26,419334.28
2022-07-07 12:00:00,37.26,38.57,36.75,38.29,1115108.28
2022-07-07 16:00:00,38.29,39.29,38.07,39.01,1087693.77
2022-07-07 20:00:00,39.01,39.07,38.14,38.46,514306.92
2022-07-08 00:00:00,38.46,39.72,38.04,38.64,695427.36
2022-07-08 04:00:00,38.64,38.8,37.17,37.51,739044.09
2022-07-08 08:00:00,37.51,37.65,36.58,37.21,729212.18
2022-07-08 12:00:00,37.2,38.79,36.46,38.58,1476857.46
2022-07-08 16:00:00,38.59,39.35,37.93,38.96,1143841.01
2022-07-08 20:00:00,38.95,39.17,38.0,38.12,493610.66
2022-07-09 00:00:00,38.12,38.83,37.78,38.33,482169.84
2022-07-09 04:00:00,38.32,38.9,38.23,38.61,280134.37
2022-07-09 08:00:00,38.61,38.86,38.04,38.18,280679.35
2022-07-09 12:00:00,38.19,38.36,37.77,38.05,398584.4
2022-07-09 16:00:00,38.05,38.95,37.97,38.4,396666.9
2022-07-09 20:00:00,38.41,38.51,37.94,38.06,249839.0
2022-07-10 00:00:00,38.06,38.14,37.06,37.38,356128.94
2022-07-10 04:00:00,37.37,37.54,37.15,37.29,242669.73
2022-07-10 08:00:00,37.3,37.39,36.65,36.93,320630.28
2022-07-10 12:00:00,36.93,37.13,36.26,36.69,535537.54
2022-07-10 16:00:00,36.68,37.3,36.39,37.3,365269.31
2022-07-10 20:00:00,37.3,37.43,36.52,36.71,361351.8
2022-07-11 00:00:00,36.71,36.73,35.35,35.81,532652.44
2022-07-11 04:00:00,35.8,35.84,34.78,35.19,415281.93
2022-07-11 08:00:00,35.19,35.66,35.01,35.16,289707.09
2022-07-11 12:00:00,35.15,35.79,34.49,35.19,664795.68
2022-07-11 16:00:00,35.18,35.68,35.06,35.36,327611.02
2022-07-11 20:00:00,35.36,35.46,33.24,33.42,697919.21
2022-07-12 00:00:00,33.42,34.0,33.25,33.63,419787.33
2022-07-12 04:00:00,33.62,34.13,33.27,33.5,510510.72
2022-07-12 08:00:00,33.51,34.18,33.14,33.93,518054.07
2022-07-12 12:00:00,33.93,34.61,33.75,34.21,738068.55
2022-07-12 16:00:00,34.21,34.5,32.71,32.95,677388.97
2022-07-12 20:00:00,32.94,33.31,32.6,32.68,339160.76
2022-07-13 00:00:00,32.69,33.24,32.38,33.05,314766.79
2022-07-13 04:00:00,33.06,33.75,32.95,33.7,309592.81
2022-07-13 08:00:00,33.71,34.22,33.62,33.97,470656.16
2022-07-13 12:00:00,33.96,34.51,31.82,33.22,2246206.49
2022-07-13 16:00:00,33.22,34.08,33.0,33.64,819271.91
2022-07-13 20:00:00,33.65,35.08,33.49,34.94,637537.97
2022-07-14 00:00:00,34.94,35.33,34.52,34.58,802719.47
2022-07-14 04:00:00,34.58,34.74,34.19,34.35,492177.73
2022-07-14 08:00:00,34.34,34.49,33.58,33.81,640461.85
2022-07-14 12:00:00,33.8,35.22,33.61,35.16,984691.09
2022-07-14 16:00:00,35.17,37.2,34.83,36.36,1750739.92
2022-07-14 20:00:00,36.37,37.31,36.35,37.15,543976.96
2022-07-15 00:00:00,37.14,37.88,36.56,37.36,594022.3
2022-07-15 04:00:00,37.36,37.54,36.49,37.46,705443.58
2022-07-15 08:00:00,37.47,38.51,37.45,37.71,857603.59
2022-07-15 12:00:00,37.72,38.56,37.36,37.69,820155.48
2022-07-15 16:00:00,37.68,38.88,37.06,38.82,817189.15
2022-07-15 20:00:00,38.82,39.1,37.25,37.36,646214.94
2022-07-16 00:00:00,37.36,37.53,36.74,37.21,342972.88
2022-07-16 04:00:00,37.22,37.26,36.35,36.43,320163.48
2022-07-16 08:00:00,36.44,36.92,36.4,36.75,247596.19
2022-07-16 12:00:00,36.75,38.0,36.63,37.94,538673.47
2022-07-16 16:00:00,37.94,40.41,37.89,39.42,1809744.1
2022-07-16 20:00:00,39.42,39.92,38.79,39.58,686075.08
2022-07-17 00:00:00,39.59,40.49,39.28,39.89,595811.25
2022-07-17 04:00:00,39.89,41.09,39.86,40.35,871874.27
2022-07-17 08:00:00,40.36,40.58,39.29,39.78,639596.27
2022-07-17 12:00:00,39.78,39.9,39.03,39.28,488135.8
2022-07-17 16:00:00,39.27,39.81,38.29,39.01,771627.21
2022-07-17 20:00:00,39.01,39.55,38.49,38.62,428906.61
2022-07-18 00:00:00,38.61,40.9,38.55,40.56,687433.8
2022-07-18 04:00:00,40.55,42.47,40.27,42.13,1226802.58
2022-07-18 08:00:00,42.14,42.69,41.31,41.63,1040323.54
2022-07-18 12:00:00,41.63,42.58,41.21,42.31,1001607.38
2022-07-18 16:00:00,42.31,42.47,39.69,40.04,1267756.3
2022-07-18 20:00:00,40.05,44.07,39.78,43.52,1076359.35
2022-07-19 00:00:00,43.52,46.0,42.8,42.99,1933169.64
2022-07-19 04:00:00,43.0,44.15,42.54,43.48,898941.18
2022-07-19 08:00:00,43.48,45.9,43.24,45.54,1113510.05
2022-07-19 12:00:00,45.54,47.36,45.25,46.58,1973534.93
2022-07-19 16:00:00,46.58,47.26,45.38,45.42,1233220.73
2022-07-19 20:00:00,45.42,46.1,44.59,44.87,724275.29
2022-07-20 00:00:00,44.87,45.78,44.09,45.45,796772.78
2022-07-20 04:00:00,45.46,46.05,44.37,44.41,779234.06
2022-07-20 08:00:00,44.41,45.64,43.71,45.33,909870.29
2022-07-20 12:00:00,45.33,46.3,44.86,45.35,1198281.62
2022-07-20 16:00:00,45.34,45.47,43.12,43.21,1206963.1
2022-07-20 20:00:00,43.22,43.56,41.24,42.04,1489319.89
2022-07-21 00:00:00,42.03,42.47,39.86,40.02,1228066.03
2022-07-21 04:00:00,40.03,41.49,39.64,41.05,909214.72
2022-07-21 08:00:00,41.05,41.88,40.61,41.76,847448.3
2022-07-21 12:00:00,41.75,42.44,40.84,41.88,1113425.5
2022-07-21 16:00:00,41.87,43.89,41.84,43.8,1206930.4
2022-07-21 20:00:00,43.81,44.24,42.53,43.11,829014.34
2022-07-22 00:00:00,43.1,43.52,42.28,42.66,462434.49
2022-07-22 04:00:00,42.66,43.46,42.08,43.05,555092.34
2022-07-22 08:00:00,43.06,44.33,42.85,44.14,802035.55
2022-07-22 12:00:00,44.14,44.2,41.52,41.69,1224684.26
2022-07-22 16:00:00,41.69,41.9,40.03,40.2,952575.48
2022-07-22 20:00:00,40.21,41.09,40.14,40.54,498907.43
2022-07-23 00:00:00,40.54,41.49,40.1,41.08,399310.95
2022-07-23 04:00:00,41.09,41.91,41.0,41.33,378212.05
2022-07-23 08:00:00,41.34,41.51,39.52,39.6,694018.05
2022-07-23 12:00:00,39.61,40.49,39.37,40.2,593643.6
2022-07-23 16:00:00,40.2,40.39,38.6,39.36,864559.59
2022-07-23 20:00:00,39.36,40.23,39.17,39.97,492227.25
2022-07-24 00:00:00,39.97,40.44,39.47,39.61,401058.39
2022-07-24 04:00:00,39.6,41.18,39.5,40.72,620764.09
2022-07-24 08:00:00,40.72,41.43,40.22,40.89,558545.55
2022-07-24 12:00:00,40.89,41.32,40.11,41.21,591541.52
2022-07-24 16:00:00,41.2,41.28,40.6,40.83,355249.64
2022-07-24 20:00:00,40.82,42.1,40.71,40.93,800060.28
2022-07-25 00:00:00,40.93,41.09,37.74,38.09,1006633.37
2022-07-25 04:00:00,38.08,38.73,37.78,38.57,463208.5
2022-07-25 08:00:00,38.57,39.27,38.34,38.88,436230.47
2022-07-25 12:00:00,38.89,39.36,38.27,38.49,634220.53
2022-07-25 16:00:00,38.49,38.99,37.33,37.95,681494.44
2022-07-25 20:00:00,37.95,38.99,36.56,36.65,1016132.68
2022-07-26 00:00:00,36.66,36.84,35.51,36.21,1034360.15
2022-07-26 04:00:00,36.21,36.49,35.46,35.65,468328.81
2022-07-26 08:00:00,35.66,36.24,35.33,35.81,542616.57
2022-07-26 12:00:00,35.82,36.29,34.92,35.0,1026559.41
2022-07-26 16:00:00,34.99,35.59,34.67,35.02,619561.77
2022-07-26 20:00:00,35.02,36.34,34.79,36.25,804751.86
2022-07-27 00:00:00,36.26,36.38,35.68,35.78,389490.68
2022-07-27 04:00:00,35.78,37.2,35.77,36.82,540912.4
2022-07-27 08:00:00,36.83,37.06,36.3,36.39,424381.48
2022-07-27 12:00:00,36.39,37.46,36.19,37.17,637695.14
2022-07-27 16:00:00,37.17,40.34,36.42,39.38,2711060.95
2022-07-27 20:00:00,39.38,40.55,39.28,40.23,1157135.52
2022-07-28 00:00:00,40.23,40.55,39.03,39.73,859141.38
2022-07-28 04:00:00,39.73,40.0,39.26,39.33,594943.08
2022-07-28 08:00:00,39.33,40.86,39.27,40.53,797826.89
2022-07-28 12:00:00,40.53,42.12,39.22,41.93,2299399.15
2022-07-28 16:00:00,41.93,42.97,41.75,42.12,1146752.69
2022-07-28 20:00:00,42.13,44.15,42.12,42.91,1056278.96
2022-07-29 00:00:00,42.92,43.55,42.4,43.48,649746.03
2022-07-29 04:00:00,43.49,44.42,42.72,43.05,857791.36
2022-07-29 08:00:00,43.06,43.3,41.31,41.93,879368.43
2022-07-29 12:00:00,41.93,43.47,41.13,42.63,1066353.92
2022-07-29 16:00:00,42.64,42.68,41.25,41.84,864013.26
2022-07-29 20:00:00,41.8,43.1,41.52,41.91,632046.15
2022-07-30 00:00:00,41.92,42.49,41.41,41.87,713145.71
2022-07-30 04:00:00,41.88,42.49,41.47,42.35,494284.06
2022-07-30 08:00:00,42.36,43.09,41.84,42.41,564008.02
2022-07-30 12:00:00,42.41,46.31,42.21,46.28,1678535.38
2022-07-30 16:00:00,46.29,46.65,44.81,45.08,1178932.34
2022-07-30 20:00:00,45.07,45.47,43.41,43.84,759573.79
2022-07-31 00:00:00,43.84,44.19,43.0,43.23,590459.5
2022-07-31 04:00:00,43.23,44.45,43.22,43.84,492998.51
2022-07-31 08:00:00,43.85,44.76,43.28,44.41,500791.66
2022-07-31 12:00:00,44.41,44.6,43.62,44.13,385458.01
2022-07-31 16:00:00,44.13,45.21,42.8,43.78,815138.01
2022-07-31 20:00:00,43.77,43.91,42.22,42.35,502725.68
2022-08-01 00:00:00,42.34,43.26,42.04,43.01,405658.3
2022-08-01 04:00:00,43.0,43.12,42.26,42.94,384347.27
2022-08-01 08:00:00,42.95,43.12,41.64,42.23,617506.11
2022-08-01 12:00:00,42.22,42.96,41.35,42.47,824759.7
2022-08-01 16:00:00,42.46,42.54,40.57,41.11,711960.51
2022-08-01 20:00:00,41.1,41.89,40.77,41.65,358603.55
2022-08-02 00:00:00,41.65,42.11,39.97,40.24,591053.67
2022-08-02 04:00:00,40.24,40.65,39.93,40.53,331641.69
2022-08-02 08:00:00,40.53,40.82,39.82,40.56,353988.9
2022-08-02 12:00:00,40.56,41.85,39.91,41.49,986145.94
2022-08-02 16:00:00,41.49,42.45,40.94,41.15,732453.43
2022-08-02 20:00:00,41.14,41.5,39.5,39.79,602957.33
2022-08-03 00:00:00,39.78,40.11,37.43,38.54,2747485.76
2022-08-03 04:00:00,38.54,39.41,38.18,38.33,1572385.03
2022-08-03 08:00:00,38.33,39.99,38.33,39.67,1148675.61
2022-08-03 12:00:00,39.66,40.99,39.51,40.16,1460514.84
2022-08-03 16:00:00,40.17,40.75,39.8,40.1,591913.62
2022-08-03 20:00:00,40.1,40.28,38.21,38.54,870466.68
2022-08-04 00:00:00,38.54,39.7,38.43,39.36,793903.94
2022-08-04 04:00:00,39.37,39.74,38.55,39.21,766195.63
2022-08-04 08:00:00,39.21,39.32,38.56,38.61,646278.18
2022-08-04 12:00:00,38.61,39.85,38.33,38.88,1001922.46
2022-08-04 16:00:00,38.88,39.0,37.96,38.38,647341.18
2022-08-04 20:00:00,38.39,39.03,38.17,38.83,295455.51
2022-08-05 00:00:00,38.83,40.16,38.71,40.1,495236.92
2022-08-05 04:00:00,40.11,40.58,39.68,40.08,492463.04
2022-08-05 08:00:00,40.08,41.07,39.85,41.01,522366.19
2022-08-05 12:00:00,41.01,41.33,39.62,40.01,1033189.8
2022-08-05 16:00:00,40.01,40.15,39.44,39.94,499310.16
2022-08-05 20:00:00,39.93,40.76,39.74,40.55,468121.8
2022-08-06 00:00:00,40.55,40.72,40.17,40.51,283927.54
2022-08-06 04:00:00,40.52,40.67,40.25,40.42,198184.99
2022-08-06 08:00:00,40.42,40.88,40.27,40.29,282988.89
2022-08-06 12:00:00,40.3,40.56,40.17,40.45,218219.22
2022-08-06 16:00:00,40.45,40.89,39.85,40.81,348783.59
2022-08-06 20:00:00,40.81,40.89,39.92,40.07,268547.77
2022-08-07 00:00:00,40.07,40.26,39.21,39.76,313823.52
2022-08-07 04:00:00,39.76,40.21,39.72,39.99,177520.23
2022-08-07 08:00:00,39.98,40.16,39.69,40.13,215509.38
2022-08-07 12:00:00,40.14,40.63,40.09,40.33,297542.2
2022-08-07 16:00:00,40.34,40.79,40.25,40.56,250672.51
2022-08-07 20:00:00,40.55,41.57,40.47,40.6,490829.86
2022-08-08 00:00:00,40.6,42.09,40.55,41.93,591942.11
2022-08-08 04:00:00,41.93,42.8,41.86,42.68,536913.95
2022-08-08 08:00:00,42.67,43.42,42.42,43.41,704851.16
2022-08-08 12:00:00,43.4,43.71,42.41,42.5,956924.79
2022-08-08 16:00:00,42.5,42.56,42.01,42.5,468908.18
2022-08-08 20:00:00,42.5,43.14,41.77,42.18,564209.41
2022-08-09 00:00:00,42.17,42.47,41.52,42.44,362564.48
2022-08-09 04:00:00,42.43,42.76,42.23,42.56,313734.05
2022-08-09 08:00:00,42.56,42.59,40.68,40.85,881250.09
2022-08-09 12:00:00,40.85,41.44,39.73,40.14,680316.92
2022-08-09 16:00:00,40.13,40.48,39.94,40.08,298343.07
2022-08-09 20:00:00,40.07,40.72,40.05,40.33,296267.13
2022-08-10 00:00:00,40.34,40.34,39.15,39.28,822647.15
2022-08-10 04:00:00,39.28,39.81,39.15,39.68,311727.96
2022-08-10 08:00:00,39.68,40.2,39.66,40.04,348259.02
2022-08-10 12:00:00,40.05,42.45,39.84,42.08,1825043.06
2022-08-10 16:00:00,42.08,42.45,41.22,41.31,644306.62
2022-08-10 20:00:00,41.32,42.87,41.31,42.47,515811.13
2022-08-11 00:00:00,42.47,44.14,42.34,43.82,1025582.98
2022-08-11 04:00:00,43.83,45.08,43.82,44.52,1285701.07
2022-08-11 08:00:00,44.52,44.61,43.69,44.08,658492.08
2022-08-11 12:00:00,44.08,45.32,43.37,43.46,1752381.21
2022-08-11 16:00:00,43.46,44.01,42.85,43.37,678066.39
2022-08-11 20:00:00,43.38,43.5,42.38,42.77,408635.71
2022-08-12 00:00:00,42.78,43.64,42.21,43.4,501479.74
2022-08-12 04:00:00,43.4,43.66,42.81,43.15,256655.91
2022-08-12 08:00:00,43.15,43.8,42.12,42.31,584249.25
2022-08-12 12:00:00,42.31,43.29,42.29,43.2,564104.42
2022-08-12 16:00:00,43.2,44.83,42.94,44.65,772130.16
2022-08-12 20:00:00,44.64,45.49,44.31,45.48,698370.2
2022-08-13 00:00:00,45.49,47.78,45.27,47.42,1653940.21
2022-08-13 04:00:00,47.43,48.38,46.91,47.16,1014539.67
2022-08-13 08:00:00,47.16,47.76,46.36,46.73,699825.04
2022-08-13 12:00:00,46.72,47.13,46.04,46.24,450278.0
2022-08-13 16:00:00,46.24,46.78,46.06,46.3,499817.81
2022-08-13 20:00:00,46.3,47.39,46.2,46.6,388248.21
2022-08-14 00:00:00,46.59,47.64,46.05,46.74,510034.07
2022-08-14 04:00:00,46.74,48.06,46.54,47.74,556404.74
2022-08-14 08:00:00,47.73,47.77,46.6,46.71,544910.52
2022-08-14 12:00:00,46.7,46.72,45.75,46.04,481553.42
2022-08-14 16:00:00,46.04,46.1,44.46,45.09,801214.5
2022-08-14 20:00:00,45.09,45.82,44.75,44.87,582061.91
2022-08-15 00:00:00,44.86,47.24,44.36,46.46,868257.46
2022-08-15 04:00:00,46.47,46.65,43.53,43.83,957525.78
2022-08-15 08:00:00,43.82,44.43,43.23,43.8,605282.92
2022-08-15 12:00:00,43.8,44.57,43.3,44.51,608021.26
2022-08-15 16:00:00,44.51,44.76,43.65,43.81,463712.72
2022-08-15 20:00:00,43.82,44.14,42.75,43.72,642314.6
2022-08-16 00:00:00,43.72,44.2,42.53,43.66,762719.44
2022-08-16 04:00:00,43.66,43.78,42.78,43.31,486551.78
2022-08-16 08:00:00,43.31,44.31,43.13,43.97,574438.01
2022-08-16 12:00:00,43.98,44.23,42.61,43.41,922115.15
2022-08-16 16:00:00,43.42,43.59,42.54,43.12,590416.21
2022-08-16 20:00:00,43.13,43.52,42.83,43.08,268495.14
2022-08-17 00:00:00,43.08,44.09,42.96,44.0,463576.09
2022-08-17 04:00:00,44.01,44.75,43.0,43.14,632797.38
2022-08-17 08:00:00,43.14,43.44,42.61,42.77,436677.12
2022-08-17 12:00:00,42.77,42.81,40.76,41.11,1270594.51
2022-08-17 16:00:00,41.11,41.91,40.66,40.76,819618.5
2022-08-17 20:00:00,40.75,41.17,40.18,40.54,584069.4
2022-08-18 00:00:00,40.54,41.05,40.09,40.82,455689.38
2022-08-18 04:00:00,40.82,41.06,40.55,40.92,310688.23
2022-08-18 08:00:00,40.92,41.42,40.7,41.33,396662.36
2022-08-18 12:00:00,41.34,41.67,40.69,41.18,534288.75
2022-08-18 16:00:00,41.18,41.27,40.37,40.78,400888.81
2022-08-18 20:00:00,40.77,41.25,39.31,39.52,741146.45
2022-08-19 00:00:00,39.51,39.59,37.84,38.31,1304356.63
2022-08-19 04:00:00,38.31,38.43,35.25,36.65,1433862.85
2022-08-19 08:00:00,36.65,36.67,35.55,36.37,975137.95
2022-08-19 12:00:00,36.37,37.22,36.07,36.95,857679.31
2022-08-19 16:00:00,36.96,37.8,36.74,37.15,754261.06
2022-08-19 20:00:00,37.16,37.28,35.61,35.81,884311.23
2022-08-20 00:00:00,35.82,36.86,35.77,36.6,643499.17
2022-08-20 04:00:00,36.61,37.27,36.45,37.04,595323.8
2022-08-20 08:00:00,37.05,37.13,36.39,36.57,442001.34
2022-08-20 12:00:00,36.58,36.96,36.19,36.5,446138.4
2022-08-20 16:00:00,36.5,36.6,34.39,34.44,928100.67
2022-08-20 20:00:00,34.44,35.36,34.21,35.28,818014.1
2022-08-21 00:00:00,35.28,35.66,35.02,35.11,396072.01
2022-08-21 04:00:00,35.11,35.48,34.51,35.45,557104.31
2022-08-21 08:00:00,35.45,36.27,35.41,36.2,648025.18
2022-08-21 12:00:00,36.2,36.31,35.61,36.02,377638.72
2022-08-21 16:00:00,36.02,36.57,35.85,36.33,394028.06
2022-08-21 20:00:00,36.33,37.09,35.95,36.47,812049.44
2022-08-22 00:00:00,36.48,36.56,36.05,36.12,394390.26
2022-08-22 04:00:00,36.11,36.34,34.81,34.89,622769.01
2022-08-22 08:00:00,34.9,34.94,33.73,34.65,954947.33
2022-08-22 12:00:00,34.66,34.88,33.91,34.82,785480.89
2022-08-22 16:00:00,34.81,35.03,34.0,34.61,490966.19
2022-08-22 20:00:00,34.61,35.58,34.49,35.41,491894.46
2022-08-23 00:00:00,35.42,35.59,35.09,35.22,332505.47
2022-08-23 04:00:00,35.22,35.41,34.24,34.97,467336.34
2022-08-23 08:00:00,34.96,35.74,34.84,35.67,504624.59
2022-08-23 12:00:00,35.68,36.11,35.17,35.7,668143.35
2022-08-23 16:00:00,35.71,35.79,35.18,35.4,445743.03
2022-08-23 20:00:00,35.41,35.91,35.31,35.68,318325.58
2022-08-24 00:00:00,35.69,35.72,34.31,34.61,527606.27
2022-08-24 04:00:00,34.6,35.35,34.49,34.89,411492.61
2022-08-24 08:00:00,34.89,35.44,34.87,35.39,277275.09
2022-08-24 12:00:00,35.38,36.1,35.17,36.05,532628.82
2022-08-24 16:00:00,36.06,36.4,35.68,35.83,420766.28
2022-08-24 20:00:00,35.83,36.08,34.88,34.89,418999.34
2022-08-25 00:00:00,34.9,35.68,34.87,35.23,355560.36
2022-08-25 04:00:00,35.23,36.28,35.2,36.26,422792.65
2022-08-25 08:00:00,36.25,36.37,35.95,36.33,414338.76
2022-08-25 12:00:00,36.32,36.49,35.38,35.74,574030.32
2022-08-25 16:00:00,35.73,35.86,35.4,35.79,337311.85
2022-08-25 20:00:00,35.79,35.99,35.06,35.27,368065.56
2022-08-26 00:00:00,35.26,35.27,34.51,35.1,449028.31
2022-08-26 04:00:00,35.1,35.23,34.41,34.69,429052.05
2022-08-26 08:00:00,34.68,34.78,33.89,34.25,473493.42
2022-08-26 12:00:00,34.24,35.79,33.0,33.28,2262655.12
2022-08-26 16:00:00,33.29,33.39,32.56,32.92,772110.76
2022-08-26 20:00:00,32.93,33.16,31.36,31.72,882388.31
2022-08-27 00:00:00,31.72,32.03,31.52,31.88,480018.35
2022-08-27 04:00:00,31.87,32.25,31.14,32.23,504050.25
2022-08-27 08:00:00,32.23,32.25,31.77,31.99,423181.53
2022-08-27 12:00:00,31.98,32.05,31.05,31.35,662274.63
2022-08-27 16:00:00,31.36,31.44,30.86,31.33,632173.63
2022-08-27 20:00:00,31.33,31.67,31.04,31.53,323695.76
2022-08-28 00:00:00,31.53,31.79,31.17,31.41,317037.56
2022-08-28 04:00:00,31.41,31.86,31.26,31.79,235008.92
2022-08-28 08:00:00,31.79,32.05,31.51,31.77,419154.25
2022-08-28 12:00:00,31.78,31.92,31.22,31.85,318423.02
2022-08-28 16:00:00,31.85,32.21,31.66,31.7,353596.07
2022-08-28 20:00:00,31.7,31.9,30.19,30.44,601867.51
2022-08-29 00:00:00,30.43,30.97,30.0,30.69,648880.24
2022-08-29 04:00:00,30.68,30.79,30.11,30.58,467361.64
2022-08-29 08:00:00,30.58,30.78,30.34,30.7,418793.83
2022-08-29 12:00:00,30.7,32.29,30.64,31.79,1239070.08
2022-08-29 16:00:00,31.79,31.94,31.42,31.53,575240.31
2022-08-29 20:00:00,31.52,32.64,31.48,32.42,409554.61
2022-08-30 00:00:00,32.42,32.52,31.86,32.32,383522.78
2022-08-30 04:00:00,32.33,33.06,32.29,32.75,440084.51
2022-08-30 08:00:00,32.74,33.16,32.6,32.75,360418.57
2022-08-30 12:00:00,32.75,32.87,30.92,31.21,903152.92
2022-08-30 16:00:00,31.21,32.03,30.64,31.55,937248.03
2022-08-30 20:00:00,31.55,32.12,31.28,31.47,442418.56
2022-08-31 00:00:00,31.47,32.65,31.45,32.45,510057.16
2022-08-31 04:00:00,32.46,32.88,32.19,32.31,364257.95
2022-08-31 08:00:00,32.3,32.81,31.93,32.58,428983.95
2022-08-31 12:00:00,32.58,32.95,31.57,31.93,615228.19
2022-08-31 16:00:00,31.92,32.36,31.44,32.11,424232.65
2022-08-31 20:00:00,32.11,32.49,31.18,31.5,363035.39
2022-09-01 00:00:00,31.49,31.77,30.98,31.24,437810.43
2022-09-01 04:00:00,31.23,31.55,30.83,31.08,231577.71
2022-09-01 08:00:00,31.08,31.58,30.86,31.45,408090.56
2022-09-01 12:00:00,31.46,31.5,30.44,30.76,576103.73
2022-09-01 16:00:00,30.76,31.09,30.48,31.07,346308.88
2022-09-01 20:00:00,31.07,31.79,31.0,31.61,304276.25
2022-09-02 00:00:00,31.61,31.81,31.11,31.57,268884.12
2022-09-02 04:00:00,31.57,31.96,31.43,31.63,230890.89
2022-09-02 08:00:00,31.62,31.7,31.25,31.58,240608.28
2022-09-02 12:00:00,31.57,32.38,31.46,32.28,840180.22
2022-09-02 16:00:00,32.28,32.34,30.76,31.06,565151.95
2022-09-02 20:00:00,31.06,31.28,30.89,31.23,181478.75
2022-09-03 00:00:00,31.23,31.27,30.87,30.95,145472.77
2022-09-03 04:00:00,30.95,31.29,30.8,31.04,166799.24
2022-09-03 08:00:00,31.04,31.22,30.89,31.04,115209.66
2022-09-03 12:00:00,31.05,31.27,31.01,31.12,109934.32
2022-09-03 16:00:00,31.12,31.21,30.8,30.99,145446.22
2022-09-03 20:00:00,30.98,31.22,30.91,31.12,90551.99
2022-09-04 00:00:00,31.11,31.73,31.07,31.43,180087.11
2022-09-04 04:00:00,31.43,31.54,31.08,31.1,132355.86
2022-09-04 08:00:00,31.1,31.87,31.02,31.86,228413.35
2022-09-04 12:00:00,31.87,32.0,31.45,31.82,262914.07
2022-09-04 16:00:00,31.81,31.95,31.63,31.74,245254.17
2022-09-04 20:00:00,31.75,32.2,31.74,32.16,253936.19
2022-09-05 00:00:00,32.17,32.5,32.06,32.1,212906.62
2022-09-05 04:00:00,32.11,32.19,31.47,31.68,233035.97
2022-09-05 08:00:00,31.68,31.75,31.15,31.28,250722.25
2022-09-05 12:00:00,31.28,31.93,31.18,31.85,304231.49
2022-09-05 16:00:00,31.86,32.02,31.7,31.72,208616.7
2022-09-05 20:00:00,31.72,32.44,31.72,32.18,335782.69
2022-09-06 00:00:00,32.17,33.56,32.16,32.73,828215.19
2022-09-06 04:00:00,32.73,33.24,32.51,32.97,437460.61
2022-09-06 08:00:00,32.97,33.32,32.75,33.24,322972.73
2022-09-06 12:00:00,33.24,33.9,32.41,33.79,796962.1
2022-09-06 16:00:00,33.79,33.84,30.73,31.01,1604935.39
2022-09-06 20:00:00,31.02,31.33,30.44,30.88,672515.66
2022-09-07 00:00:00,30.88,31.21,30.31,30.88,442787.16
2022-09-07 04:00:00,30.88,31.18,30.7,31.1,255089.91
2022-09-07 08:00:00,31.1,31.33,30.95,31.15,215618.6
2022-09-07 12:00:00,31.16,31.59,30.85,31.5,496792.34
2022-09-07 16:00:00,31.5,32.37,31.41,31.95,512594.12
2022-09-07 20:00:00,31.96,32.94,31.96,32.69,593123.38
2022-09-08 00:00:00,32.7,32.84,32.24,32.45,300488.53
2022-09-08 04:00:00,32.44,32.78,31.97,32.37,421378.19
2022-09-08 08:00:00,32.37,33.3,32.34,32.89,509035.92
2022-09-08 12:00:00,32.9,33.98,32.16,33.4,1091421.73
2022-09-08 16:00:00,33.4,33.48,32.89,33.47,434107.04
2022-09-08 20:00:00,33.47,33.82,33.33,33.61,305939.13
2022-09-09 00:00:00,33.62,34.84,33.59,34.74,631151.38
2022-09-09 04:00:00,34.74,35.54,34.66,35.38,809370.99
2022-09-09 08:00:00,35.37,35.96,35.12,35.37,712874.96
2022-09-09 12:00:00,35.38,35.93,34.82,34.97,666100.41
2022-09-09 16:00:00,34.96,35.18,34.43,34.8,504251.4
2022-09-09 20:00:00,34.8,35.19,34.26,34.67,424554.86
2022-09-10 00:00:00,34.68,35.0,34.29,34.69,346526.29
2022-09-10 04:00:00,34.69,35.17,34.27,34.36,422635.34
2022-09-10 08:00:00,34.36,34.85,34.34,34.74,279138.67
2022-09-10 12:00:00,34.75,34.94,34.3,34.5,293934.84
2022-09-10 16:00:00,34.5,35.02,34.29,34.92,296147.83
2022-09-10 20:00:00,34.92,35.41,34.61,35.03,339247.99
2022-09-11 00:00:00,35.04,35.31,34.7,34.76,295020.71
2022-09-11 04:00:00,34.76,34.94,34.04,34.62,288787.24
2022-09-11 08:00:00,34.63,34.84,34.44,34.77,161671.82
2022-09-11 12:00:00,34.77,35.25,34.53,35.24,275111.99
2022-09-11 16:00:00,35.24,36.0,35.15,35.27,501684.33
2022-09-11 20:00:00,35.28,35.55,34.31,34.99,477660.1
2022-09-12 00:00:00,34.99,36.3,34.4,34.91,821668.19
2022-09-12 04:00:00,34.91,35.5,34.58,35.46,349687.87
2022-09-12 08:00:00,35.47,38.15,35.31,37.71,2036882.3
2022-09-12 12:00:00,37.7,38.39,36.83,37.14,990861.28
2022-09-12 16:00:00,37.14,37.86,36.8,37.64,637309.64
2022-09-12 20:00:00,37.64,37.82,37.18,37.44,350433.35
2022-09-13 00:00:00,37.44,38.92,36.7,38.79,830636.9
2022-09-13 04:00:00,38.78,39.01,38.14,38.54,748524.19
2022-09-13 08:00:00,38.54,38.98,38.15,38.46,498748.19
2022-09-13 12:00:00,38.46,38.86,34.41,34.73,2846704.27
2022-09-13 16:00:00,34.74,35.32,33.3,34.09,906152.74
2022-09-13 20:00:00,34.08,34.35,32.93,33.0,570949.15
2022-09-14 00:00:00,33.0,33.82,32.67,33.6,602777.01
2022-09-14 04:00:00,33.6,33.92,32.81,33.17,442467.9
2022-09-14 08:00:00,33.17,33.67,32.97,33.23,480697.9
2022-09-14 12:00:00,33.24,33.71,32.94,33.53,657263.1
2022-09-14 16:00:00,33.54,33.62,32.72,33.49,511095.84
2022-09-14 20:00:00,33.49,34.35,33.26,34.12,476182.47
2022-09-15 00:00:00,34.12,34.14,32.85,33.06,506685.18
2022-09-15 04:00:00,33.06,34.84,32.76,34.7,1012855.83
2022-09-15 08:00:00,34.71,34.81,33.69,33.92,483900.49
2022-09-15 12:00:00,33.92,34.07,32.42,32.99,945839.54
2022-09-15 16:00:00,32.98,33.68,32.82,33.42,365436.46
2022-09-15 20:00:00,33.42,33.8,32.76,33.07,381600.73
2022-09-16 00:00:00,33.08,33.26,32.5,32.86,453151.28
2022-09-16 04:00:00,32.86,33.11,32.8,32.82,146818.53
2022-09-16 08:00:00,32.83,33.14,32.34,33.07,270974.43
2022-09-16 12:00:00,33.08,33.12,31.83,32.27,658611.81
2022-09-16 16:00:00,32.27,32.27,31.5,32.11,468420.15
2022-09-16 20:00:00,32.11,32.39,32.06,32.25,182246.36
2022-09-17 00:00:00,32.25,32.97,32.23,32.67,270797.36
2022-09-17 04:00:00,32.68,33.07,32.53,32.85,210116.76
2022-09-17 08:00:00,32.85,32.99,32.62,32.63,126056.74
2022-09-17 12:00:00,32.62,33.32,32.53,33.3,253627.58
2022-09-17 16:00:00,33.3,33.63,33.1,33.26,306477.64
2022-09-17 20:00:00,33.27,33.89,33.18,33.68,247827.03
2022-09-18 00:00:00,33.69,33.88,33.23,33.42,266398.45
2022-09-18 04:00:00,33.41,33.87,33.39,33.83,151150.56
2022-09-18 08:00:00,33.83,33.99,32.97,33.34,351762.37
2022-09-18 12:00:00,33.34,33.49,32.75,32.9,257117.92
2022-09-18 16:00:00,32.89,32.99,32.07,32.41,560632.55
2022-09-18 20:00:00,32.4,32.44,30.86,31.1,712006.54
2022-09-19 00:00:00,31.1,31.77,30.5,30.9,645158.63
2022-09-19 04:00:00,30.9,31.65,30.84,31.11,587500.17
2022-09-19 08:00:00,31.11,31.47,30.62,31.26,421708.18
2022-09-19 12:00:00,31.26,32.53,31.18,31.92,855726.76
2022-09-19 16:00:00,31.92,32.98,31.68,32.81,560876.43
2022-09-19 20:00:00,32.82,33.08,32.56,32.62,432502.17
2022-09-20 00:00:00,32.63,32.88,31.94,32.44,366760.63
2022-09-20 04:00:00,32.45,32.75,32.1,32.32,333602.74
2022-09-20 08:00:00,32.33,32.53,31.9,32.19,341588.15
2022-09-20 12:00:00,32.19,32.56,31.57,32.51,618614.53
2022-09-20 16:00:00,32.52,32.53,31.45,31.84,565219.78
2022-09-20 20:00:00,31.84,31.99,31.29,31.41,333005.82
2022-09-21 00:00:00,31.42,31.99,31.32,31.84,219414.58
2022-09-21 04:00:00,31.84,32.04,31.42,31.76,227435.63
2022-09-21 08:00:00,31.76,32.1,31.43,32.04,286244.59
2022-09-21 12:00:00,32.05,32.34,31.23,31.51,469283.33
2022-09-21 16:00:00,31.5,33.48,30.78,31.55,2453011.44
2022-09-21 20:00:00,31.55,31.68,30.01,30.65,890149.51
2022-09-22 00:00:00,30.65,31.14,30.59,31.02,410694.42
2022-09-22 04:00:00,31.02,31.76,31.02,31.74,363387.83
2022-09-22 08:00:00,31.74,32.45,31.7,32.35,548624.65
2022-09-22 12:00:00,32.36,32.49,31.59,31.91,664155.47
2022-09-22 16:00:00,31.91,32.87,31.56,32.46,617967.58
2022-09-22 20:00:00,32.46,32.77,32.07,32.43,370495.95
2022-09-23 00:00:00,32.43,33.23,32.16,33.0,455824.1
2022-09-23 04:00:00,33.01,33.3,32.54,32.58,384925.94
2022-09-23 08:00:00,32.58,32.68,31.53,31.75,499613.28
2022-09-23 12:00:00,31.75,32.28,31.2,31.59,680980.21
2022-09-23 16:00:00,31.58,31.95,31.25,31.93,508841.02
2022-09-23 20:00:00,31.94,33.98,31.93,33.66,950892.18
2022-09-24 00:00:00,33.67,34.49,33.41,33.98,712944.48
2022-09-24 04:00:00,33.98,34.03,33.49,33.73,400362.38
2022-09-24 08:00:00,33.73,34.79,33.55,34.48,563735.92
2022-09-24 12:00:00,34.48,34.59,33.56,33.72,561161.22
2022-09-24 16:00:00,33.72,34.17,33.26,34.06,340422.15
2022-09-24 20:00:00,34.06,34.09,33.14,33.38,523688.2
2022-09-25 00:00:00,33.39,33.7,33.36,33.69,147632.97
2022-09-25 04:00:00,33.7,34.05,33.62,33.97,259301.31
2022-09-25 08:00:00,33.96,33.99,33.46,33.64,271934.26
2022-09-25 12:00:00,33.63,33.8,32.81,33.22,379936.83
2022-09-25 16:00:00,33.22,33.37,32.57,32.73,368229.5
2022-09-25 20:00:00,32.73,32.73,31.87,32.34,411474.46
2022-09-26 00:00:00,32.33,32.71,32.04,32.52,433011.17
2022-09-26 04:00:00,32.51,32.61,31.87,32.47,436384.5
2022-09-26 08:00:00,32.47,33.32,32.13,32.54,576789.7
2022-09-26 12:00:00,32.55,33.43,32.26,33.11,618872.32
2022-09-26 16:00:00,33.11,33.95,32.69,33.74,642861.64
2022-09-26 20:00:00,33.74,33.94,33.32,33.88,576223.6
2022-09-27 00:00:00,33.89,34.97,33.73,34.73,1021918.74
2022-09-27 04:00:00,34.73,35.04,34.48,34.52,539647.92
2022-09-27 08:00:00,34.52,34.96,34.33,34.66,353214.13
2022-09-27 12:00:00,34.65,35.41,34.31,34.37,773833.04
2022-09-27 16:00:00,34.38,34.57,32.08,32.61,1388829.49
2022-09-27 20:00:00,32.6,32.94,32.35,32.69,333671.31
2022-09-28 00:00:00,32.68,32.94,31.65,32.34,545903.68
2022-09-28 04:00:00,32.34,32.6,31.87,32.32,416235.09
2022-09-28 08:00:00,32.33,32.85,31.84,32.49,569756.48
2022-09-28 12:00:00,32.49,33.16,32.39,33.12,616648.12
2022-09-28 16:00:00,33.13,33.76,32.79,33.58,614952.8
2022-09-28 20:00:00,33.59,33.81,33.11,33.22,327610.33
2022-09-29 00:00:00,33.23,33.92,32.96,33.74,315206.78
2022-09-29 04:00:00,33.74,33.96,33.13,33.36,256492.56
2022-09-29 08:00:00,33.35,33.94,33.21,33.75,266899.3
2022-09-29 12:00:00,33.76,34.21,32.65,34.11,929333.01
2022-09-29 16:00:00,34.12,34.42,33.4,33.82,685501.94
2022-09-29 20:00:00,33.82,34.12,33.62,33.93,281947.62
2022-09-30 00:00:00,33.94,34.36,33.73,34.1,624647.94
2022-09-30 04:00:00,34.09,34.35,33.87,34.23,265022.83
2022-09-30 08:00:00,34.23,34.64,33.89,33.96,536907.63
2022-09-30 12:00:00,33.95,35.22,33.31,34.65,1583706.42
2022-09-30 16:00:00,34.66,34.85,33.64,33.72,692623.96
2022-09-30 20:00:00,33.72,33.88,32.62,33.25,561381.64
2022-10-01 00:00:00,33.25,33.25,32.7,33.08,235029.51
2022-10-01 04:00:00,33.08,33.09,32.78,33.01,288123.39
2022-10-01 08:00:00,33.01,33.18,32.81,33.02,236235.18
2022-10-01 12:00:00,33.02,33.1,32.81,32.99,182661.47
2022-10-01 16:00:00,32.98,33.0,32.34,32.65,362381.73
2022-10-01 20:00:00,32.65,32.69,32.4,32.44,154403.96
2022-10-02 00:00:00,32.44,32.96,32.42,32.84,163695.73
2022-10-02 04:00:00,32.84,33.0,32.74,32.83,146321.39
2022-10-02 08:00:00,32.82,32.89,32.1,32.54,259297.44
2022-10-02 12:00:00,32.54,32.61,32.22,32.42,178898.78
2022-10-02 16:00:00,32.41,32.84,32.36,32.73,263005.45
2022-10-02 20:00:00,32.73,32.77,31.9,32.06,461630.45
2022-10-03 00:00:00,32.06,32.51,31.73,32.32,248944.86
2022-10-03 04:00:00,32.33,32.46,31.97,32.26,211692.47
2022-10-03 08:00:00,32.26,32.51,32.12,32.5,155411.96
2022-10-03 12:00:00,32.51,33.14,32.42,32.83,516024.81
2022-10-03 16:00:00,32.84,33.23,32.67,32.95,438136.08
2022-10-03 20:00:00,32.96,33.27,32.72,32.89,320260.02
2022-10-04 00:00:00,32.9,33.16,32.84,33.1,151899.32
2022-10-04 04:00:00,33.11,33.79,32.98,33.73,356923.51
2022-10-04 08:00:00,33.73,33.88,33.4,33.67,272621.68
2022-10-04 12:00:00,33.67,34.39,33.55,34.17,490822.25
2022-10-04 16:00:00,34.17,34.25,33.79,34.1,422465.15
2022-10-04 20:00:00,34.11,34.4,33.92,34.09,255008.97
2022-10-05 00:00:00,34.1,34.37,33.89,34.08,232849.55
2022-10-05 04:00:00,34.08,34.32,33.93,34.12,201298.08
2022-10-05 08:00:00,34.12,34.14,33.44,33.52,333133.59
2022-10-05 12:00:00,33.52,33.7,33.18,33.68,397074.5
2022-10-05 16:00:00,33.68,34.28,33.62,33.87,339087.79
2022-10-05 20:00:00,33.87,34.15,33.66,34.04,274107.3
2022-10-06 00:00:00,34.04,34.5,34.03,34.32,301019.94
2022-10-06 04:00:00,34.32,34.46,33.89,34.05,251092.82
2022-10-06 08:00:00,34.05,34.17,33.84,34.14,188058.22
2022-10-06 12:00:00,34.15,34.32,33.57,33.83,501877.33
2022-10-06 16:00:00,33.83,34.04,33.58,33.64,289327.0
2022-10-06 20:00:00,33.63,33.8,33.23,33.36,268375.91
2022-10-07 00:00:00,33.35,33.76,33.33,33.62,184398.27
2022-10-07 04:00:00,33.62,33.74,33.14,33.33,243638.05
2022-10-07 08:00:00,33.33,33.47,33.15,33.35,234345.03
2022-10-07 12:00:00,33.35,33.39,32.43,32.91,895836.03
2022-10-07 16:00:00,32.9,33.06,32.61,32.96,254880.71
2022-10-07 20:00:00,32.96,33.15,32.83,32.98,150019.73
2022-10-08 00:00:00,32.98,33.08,32.77,32.83,146536.84
2022-10-08 04:00:00,32.83,33.02,32.72,33.0,88005.55
2022-10-08 08:00:00,33.0,33.0,32.84,32.96,80818.4
2022-10-08 12:00:00,32.95,32.98,32.68,32.83,114403.69
2022-10-08 16:00:00,32.83,32.99,32.66,32.72,157250.82
2022-10-08 20:00:00,32.72,32.82,32.35,32.58,198544.29
2022-10-09 00:00:00,32.57,32.64,32.44,32.51,86685.99
2022-10-09 04:00:00,32.5,32.77,32.47,32.72,84022.42
2022-10-09 08:00:00,32.72,32.95,32.6,32.83,159585.54
2022-10-09 12:00:00,32.83,33.14,32.8,33.11,185919.58
2022-10-09 16:00:00,33.1,33.12,32.85,32.96,145418.67
2022-10-09 20:00:00,32.96,32.99,32.6,32.92,221603.54
2022-10-10 00:00:00,32.92,33.46,32.84,33.04,226215.42
2022-10-10 04:00:00,33.04,33.11,32.77,32.9,133408.16
2022-10-10 08:00:00,32.9,32.91,32.36,32.7,306745.24
2022-10-10 12:00:00,32.71,32.91,32.41,32.6,302608.96
2022-10-10 16:00:00,32.6,32.65,32.27,32.46,284008.44
2022-10-10 20:00:00,32.46,32.57,31.88,31.96,301694.18
2022-10-11 00:00:00,31.95,31.96,31.07,31.36,490325.17
2022-10-11 04:00:00,31.36,31.61,31.28,31.56,200180.27
2022-10-11 08:00:00,31.55,31.64,31.27,31.55,164835.2
2022-10-11 12:00:00,31.56,31.74,31.07,31.57,384356.48
2022-10-11 16:00:00,31.57,31.89,31.13,31.16,322338.21
2022-10-11 20:00:00,31.15,31.39,30.42,30.8,361631.64
2022-10-12 00:00:00,30.8,31.12,30.67,30.94,158516.74
2022-10-12 04:00:00,30.94,31.43,30.93,31.25,197471.63
2022-10-12 08:00:00,31.26,31.55,31.15,31.24,124533.27
2022-10-12 12:00:00,31.24,31.35,30.91,31.28,293723.7
2022-10-12 16:00:00,31.29,31.29,30.85,31.11,173321.74
2022-10-12 20:00:00,31.11,31.28,31.09,31.16,100644.88
2022-10-13 00:00:00,31.15,31.21,30.52,30.76,154036.33
2022-10-13 04:00:00,30.77,30.77,29.31,29.72,630174.55
2022-10-13 08:00:00,29.73,29.96,28.25,28.8,927862.2
2022-10-13 12:00:00,28.8,30.1,27.87,29.67,1706284.4
2022-10-13 16:00:00,29.67,30.93,29.6,30.59,707567.04
2022-10-13 20:00:00,30.59,30.9,30.49,30.49,276724.19
2022-10-14 00:00:00,30.48,31.89,30.38,31.65,502145.95
2022-10-14 04:00:00,31.65,31.98,31.21,31.33,308252.79
2022-10-14 08:00:00,31.33,31.52,31.15,31.21,266840.59
2022-10-14 12:00:00,31.22,31.8,30.81,30.82,627450.93
2022-10-14 16:00:00,30.81,30.9,29.97,30.2,406445.48
2022-10-14 20:00:00,30.21,30.3,29.62,30.0,272967.93
2022-10-15 00:00:00,30.0,30.2,29.88,30.11,163766.09
2022-10-15 04:00:00,30.11,30.19,29.85,30.05,123832.66
2022-10-15 08:00:00,30.05,30.06,29.55,29.99,226016.33
2022-10-15 12:00:00,29.99,30.1,29.72,29.92,191944.52
2022-10-15 16:00:00,29.92,30.08,29.76,29.86,108930.33
2022-10-15 20:00:00,29.86,29.86,29.42,29.59,194753.66
2022-10-16 00:00:00,29.59,29.94,29.56,29.79,105500.25
2022-10-16 04:00:00,29.79,29.92,29.68,29.76,100305.3
2022-10-16 08:00:00,29.76,30.04,29.76,29.95,142375.36
2022-10-16 12:00:00,29.95,30.05,29.82,29.96,117069.82
2022-10-16 16:00:00,29.96,30.4,29.82,30.38,192169.67
2022-10-16 20:00:00,30.39,30.53,29.88,30.17,277529.0
2022-10-17 00:00:00,30.16,30.26,29.84,30.01,153880.8
2022-10-17 04:00:00,30.01,30.37,29.95,30.31,182302.35
2022-10-17 08:00:00,30.32,30.77,30.17,30.53,240827.79
2022-10-17 12:00:00,30.53,31.21,30.42,30.93,589200.9
2022-10-17 16:00:00,30.93,30.99,30.56,30.8,247512.99
2022-10-17 20:00:00,30.79,31.29,30.76,31.21,280705.13
2022-10-18 00:00:00,31.22,31.48,30.91,31.11,250086.91
2022-10-18 04:00:00,31.11,31.25,30.92,31.12,248323.72
2022-10-18 08:00:00,31.12,31.14,30.41,30.84,341279.6
2022-10-18 12:00:00,30.84,31.02,30.13,30.32,454146.78
2022-10-18 16:00:00,30.31,30.5,29.73,30.08,442159.78
2022-10-18 20:00:00,30.09,30.48,30.03,30.15,230284.35
2022-10-19 00:00:00,30.14,30.26,29.89,30.03,229614.61
2022-10-19 04:00:00,30.03,30.07,29.76,30.06,217823.9
2022-10-19 08:00:00,30.06,30.18,29.77,29.93,235405.78
2022-10-19 12:00:00,29.93,30.02,29.56,29.99,338640.65
2022-10-19 16:00:00,29.99,30.01,29.52,29.76,256137.73
2022-10-19 20:00:00,29.75,29.85,28.61,28.86,436105.09
2022-10-20 00:00:00,28.86,29.01,28.42,28.91,359669.33
2022-10-20 04:00:00,28.92,29.37,28.89,29.25,361462.28
2022-10-20 08:00:00,29.25,29.47,29.16,29.33,183359.2
2022-10-20 12:00:00,29.34,29.44,28.96,29.14,405047.17
2022-10-20 16:00:00,29.14,29.15,28.05,28.26,681234.5
2022-10-20 20:00:00,28.25,28.41,27.98,28.01,388543.39
2022-10-21 00:00:00,28.01,28.24,27.51,28.13,472778.05
2022-10-21 04:00:00,28.13,28.21,27.84,27.92,230034.68
2022-10-21 08:00:00,27.91,27.95,27.23,27.48,487795.32
2022-10-21 12:00:00,27.49,27.72,26.84,27.58,1087917.27
2022-10-21 16:00:00,27.58,28.26,27.57,28.19,678106.99
2022-10-21 20:00:00,28.19,28.28,27.87,28.1,252246.65
2022-10-22 00:00:00,28.1,28.17,27.66,27.82,212895.26
2022-10-22 04:00:00,27.81,27.89,27.48,27.77,183724.71
2022-10-22 08:00:00,27.77,28.02,27.72,27.99,183071.32
2022-10-22 12:00:00,27.98,28.22,27.83,28.0,306959.45
2022-10-22 16:00:00,27.99,28.08,27.64,27.82,260547.0
2022-10-22 20:00:00,27.82,28.19,27.75,28.01,186184.89
2022-10-23 00:00:00,28.01,28.58,27.91,28.36,319133.41
2022-10-23 04:00:00,28.35,28.58,28.21,28.42,244944.2
2022-10-23 08:00:00,28.42,28.53,27.93,27.96,272502.94
2022-10-23 12:00:00,27.96,28.16,27.73,27.94,247332.64
2022-10-23 16:00:00,27.94,29.03,27.89,28.81,565266.57
2022-10-23 20:00:00,28.82,29.44,28.73,29.28,501644.24
2022-10-24 00:00:00,29.28,29.5,28.57,28.62,528853.41
2022-10-24 04:00:00,28.61,28.78,28.35,28.54,370438.68
2022-10-24 08:00:00,28.54,29.2,28.47,29.13,305031.76
2022-10-24 12:00:00,29.13,29.19,28.18,28.45,685230.09
2022-10-24 16:00:00,28.44,28.59,28.16,28.41,428319.73
2022-10-24 20:00:00,28.41,28.57,28.23,28.3,207990.85
2022-10-25 00:00:00,28.31,28.53,28.09,28.47,238429.47
2022-10-25 04:00:00,28.48,28.6,28.34,28.44,163162.55
2022-10-25 08:00:00,28.43,28.45,28.05,28.22,226370.99
2022-10-25 12:00:00,28.22,29.79,28.1,29.69,836074.33
2022-10-25 16:00:00,29.69,32.31,29.69,31.5,2203260.83
2022-10-25 20:00:00,31.51,31.58,30.71,30.86,722340.7
2022-10-26 00:00:00,30.87,31.36,30.8,31.11,712746.58
2022-10-26 04:00:00,31.11,31.53,30.98,31.34,429728.02
2022-10-26 08:00:00,31.34,31.91,31.11,31.25,587882.36
2022-10-26 12:00:00,31.25,32.17,30.63,31.42,1162754.19
2022-10-26 16:00:00,31.42,31.67,30.94,31.27,532895.22
2022-10-26 20:00:00,31.27,31.6,30.99,31.29,483678.37
2022-10-27 00:00:00,31.29,31.63,31.06,31.44,366486.44
2022-10-27 04:00:00,31.44,32.36,31.39,31.65,811465.27
2022-10-27 08:00:00,31.64,31.85,31.19,31.37,375601.38
2022-10-27 12:00:00,31.36,32.1,31.18,31.3,903302.28
2022-10-27 16:00:00,31.31,31.61,31.1,31.42,335172.24
2022-10-27 20:00:00,31.43,31.5,30.41,30.58,816294.74
2022-10-28 00:00:00,30.6,30.86,30.38,30.68,279504.7
2022-10-28 04:00:00,30.67,30.72,30.11,30.22,252086.84
2022-10-28 08:00:00,30.22,30.64,30.21,30.42,304438.94
2022-10-28 12:00:00,30.41,31.32,30.12,31.1,756696.99
2022-10-28 16:00:00,31.09,32.28,31.03,32.01,871295.16
2022-10-28 20:00:00,32.01,32.54,31.98,32.07,553449.94
2022-10-29 00:00:00,32.06,33.0,31.85,32.89,455111.0
2022-10-29 04:00:00,32.9,33.3,32.53,33.29,509931.66
2022-10-29 08:00:00,33.28,33.84,32.86,32.97,802075.04
2022-10-29 12:00:00,32.98,33.4,32.74,33.15,536452.51
2022-10-29 16:00:00,33.15,33.73,32.77,32.93,746023.35
2022-10-29 20:00:00,32.94,33.14,32.6,32.87,267080.53
2022-10-30 00:00:00,32.87,33.26,32.72,33.0,199401.75
2022-10-30 04:00:00,33.01,33.53,32.74,33.42,325807.45
2022-10-30 08:00:00,33.41,33.54,32.38,32.69,468800.96
2022-10-30 12:00:00,32.69,32.72,32.12,32.22,325744.71
2022-10-30 16:00:00,32.21,32.49,32.0,32.34,187636.33
2022-10-30 20:00:00,32.35,33.15,31.93,32.94,455120.56
2022-10-31 00:00:00,32.93,33.38,32.41,32.82,428147.03
2022-10-31 04:00:00,32.82,33.49,32.82,33.41,435604.75
2022-10-31 08:00:00,33.42,34.39,33.13,34.03,674822.75
2022-10-31 12:00:00,34.03,34.17,32.63,33.01,875478.82
2022-10-31 16:00:00,33.0,33.24,32.54,32.55,335492.06
2022-10-31 20:00:00,32.55,32.77,32.2,32.56,332939.66
2022-11-01 00:00:00,32.57,33.0,32.5,32.61,299685.43
2022-11-01 04:00:00,32.61,33.23,32.57,33.03,298206.46
2022-11-01 08:00:00,33.03,33.39,32.83,32.9,416808.58
2022-11-01 12:00:00,32.91,33.14,32.27,32.48,449419.71
2022-11-01 16:00:00,32.47,32.59,32.16,32.22,352744.37
2022-11-01 20:00:00,32.22,32.44,32.15,32.2,198865.97
2022-11-02 00:00:00,32.2,32.38,31.93,32.26,297246.16
2022-11-02 04:00:00,32.26,32.42,31.53,31.73,262962.88
2022-11-02 08:00:00,31.72,31.96,31.11,31.3,305883.32
2022-11-02 12:00:00,31.3,31.56,31.13,31.33,264540.41
2022-11-02 16:00:00,31.32,32.95,30.83,30.91,1540435.33
2022-11-02 20:00:00,30.91,31.03,30.24,30.8,752761.03
2022-11-03 00:00:00,30.81,31.81,30.61,31.64,474173.07
2022-11-03 04:00:00,31.65,32.25,31.59,31.64,521452.92
2022-11-03 08:00:00,31.65,32.06,31.13,31.26,370131.33
2022-11-03 12:00:00,31.26,31.57,30.86,31.2,485842.0
2022-11-03 16:00:00,31.19,31.44,31.16,31.31,209752.85
2022-11-03 20:00:00,31.31,31.43,30.62,30.85,241514.29
2022-11-04 00:00:00,30.86,31.94,30.66,31.94,343677.18
2022-11-04 04:00:00,31.94,32.58,31.68,32.39,471661.59
2022-11-04 08:00:00,32.39,32.77,32.15,32.31,401674.7
2022-11-04 12:00:00,32.31,34.0,31.87,33.13,1628402.92
2022-11-04 16:00:00,33.12,33.53,32.7,33.5,853309.39
2022-11-04 20:00:00,33.5,34.2,33.38,33.74,408044.82
2022-11-05 00:00:00,33.73,35.04,33.66,34.7,734857.69
2022-11-05 04:00:00,34.69,35.6,34.51,35.24,586297.44
2022-11-05 08:00:00,35.23,35.55,34.8,35.42,485063.26
2022-11-05 12:00:00,35.42,38.08,34.39,37.24,2117180.92
2022-11-05 16:00:00,37.24,38.79,35.77,37.09,2860405.24
2022-11-05 20:00:00,37.1,37.32,36.46,36.9,682278.97
2022-11-06 00:00:00,36.9,37.06,35.63,36.01,695528.9
2022-11-06 04:00:00,36.01,36.23,35.53,36.16,462434.07
2022-11-06 08:00:00,36.17,36.41,35.57,35.75,525314.25
2022-11-06 12:00:00,35.75,36.0,34.96,35.05,619567.77
2022-11-06 16:00:00,35.06,35.4,33.71,34.19,1204661.69
2022-11-06 20:00:00,34.18,34.18,32.31,32.62,1214567.37
2022-11-07 00:00:00,32.61,33.13,32.12,32.44,1154992.4
2022-11-07 04:00:00,32.45,32.57,30.7,30.78,1378203.07
2022-11-07 08:00:00,30.78,31.93,30.62,31.62,1393003.72
2022-11-07 12:00:00,31.61,32.85,30.87,32.82,2014952.62
2022-11-07 16:00:00,32.82,32.87,31.86,32.38,1178455.54
2022-11-07 20:00:00,32.38,32.47,28.0,29.62,2691330.29
2022-11-08 00:00:00,29.62,29.7,26.0,26.5,3150564.19
2022-11-08 04:00:00,26.5,28.68,25.0,27.96,4766524.4
2022-11-08 08:00:00,27.95,29.09,27.78,28.0,2580096.64
2022-11-08 12:00:00,28.01,28.51,26.65,27.72,2518673.67
2022-11-08 16:00:00,27.71,31.72,19.8,23.77,11909662.889
2022-11-08 20:00:00,23.77,24.73,22.63,24.38,3231322.23
2022-11-09 00:00:00,24.38,24.38,21.21,22.1,2357501.32
2022-11-09 04:00:00,22.11,22.17,19.12,19.29,4995851.811
2022-11-09 08:00:00,19.29,20.48,16.24,20.05,8122742.536
2022-11-09 12:00:00,20.05,20.77,15.73,16.07,5364086.02
2022-11-09 16:00:00,16.08,17.84,12.54,13.84,8213011.129
2022-11-09 20:00:00,13.85,14.87,12.37,14.08,5911828.26
2022-11-10 00:00:00,14.08,16.05,13.19,15.28,6015387.12
2022-11-10 04:00:00,15.29,16.06,14.53,15.34,3283068.17
2022-11-10 08:00:00,15.34,15.34,13.14,14.15,5377360.28
2022-11-10 12:00:00,14.16,18.55,14.0,17.67,9163169.14
2022-11-10 16:00:00,17.66,18.87,16.24,17.28,4575888.02
2022-11-10 20:00:00,17.29,18.5,16.9,17.66,2863406.52
2022-11-11 00:00:00,17.65,18.15,15.81,16.39,3003478.34
2022-11-11 04:00:00,16.38,17.69,16.16,17.22,2208973.03
2022-11-11 08:00:00,17.22,18.31,17.07,18.13,2391622.73
2022-11-11 12:00:00,18.13,18.28,15.1,16.46,5046514.99
2022-11-11 16:00:00,16.46,16.65,15.79,16.22,2260156.65
2022-11-11 20:00:00,16.21,16.5,15.37,16.45,2041577.41
2022-11-12 00:00:00,16.46,16.53,15.67,15.81,1124481.62
2022-11-12 04:00:00,15.82,15.93,14.75,15.49,1817137.06
2022-11-12 08:00:00,15.49,15.7,15.04,15.31,1147866.67
2022-11-12 12:00:00,15.31,15.5,14.79,14.82,1261953.55
2022-11-12 16:00:00,14.82,15.26,14.76,15.16,776156.64
2022-11-12 20:00:00,15.15,15.17,14.47,14.58,830670.6
2022-11-13 00:00:00,14.58,14.74,14.04,14.55,1222011.94
2022-11-13 04:00:00,14.55,14.67,13.5,13.95,1793481.86
2022-11-13 08:00:00,13.95,13.99,13.33,13.78,1180164.05
2022-11-13 12:00:00,13.78,14.43,13.61,14.06,1306750.21
2022-11-13 16:00:00,14.05,14.19,13.63,13.99,877310.81
2022-11-13 20:00:00,13.98,14.02,13.02,13.18,1252685.95
2022-11-14 00:00:00,13.18,13.34,12.07,13.0,2111257.26
2022-11-14 04:00:00,13.01,14.98,12.46,14.54,3618340.02
2022-11-14 08:00:00,14.54,15.01,14.19,14.22,1937458.4
2022-11-14 12:00:00,14.23,14.97,13.5,13.72,2232685.47
2022-11-14 16:00:00,13.72,14.24,13.25,13.74,1363411.59
2022-11-14 20:00:00,13.75,14.23,13.59,14.0,1149029.21
2022-11-15 00:00:00,14.0,14.47,13.82,14.2,1540066.64
2022-11-15 04:00:00,14.19,14.7,13.91,14.48,886363.24
2022-11-15 08:00:00,14.48,14.91,14.45,14.53,1007658.1
2022-11-15 12:00:00,14.54,15.1,14.05,14.35,2461508.0
2022-11-15 16:00:00,14.34,14.62,14.05,14.34,1151648.87
2022-11-15 20:00:00,14.35,14.44,14.15,14.32,619411.49
2022-11-16 00:00:00,14.32,14.6,14.1,14.51,657226.37
2022-11-16 04:00:00,14.51,14.57,14.27,14.34,387600.34
2022-11-16 08:00:00,14.34,14.64,14.08,14.17,830595.7
2022-11-16 12:00:00,14.16,14.2,13.67,13.77,976441.57
2022-11-16 16:00:00,13.77,14.22,13.64,14.12,771825.6
2022-11-16 20:00:00,14.12,14.42,14.1,14.27,493722.9
2022-11-17 00:00:00,14.27,14.5,14.19,14.25,567541.38
2022-11-17 04:00:00,14.25,14.43,14.06,14.27,527256.73
2022-11-17 08:00:00,14.26,14.34,14.07,14.22,408761.0
2022-11-17 12:00:00,14.22,14.23,12.93,13.52,3575623.04
2022-11-17 16:00:00,13.52,13.76,13.32,13.45,1016422.57
2022-11-17 20:00:00,13.44,13.81,13.4,13.65,493673.27
2022-11-18 00:00:00,13.65,13.89,13.55,13.72,480753.17
2022-11-18 04:00:00,13.71,13.74,13.55,13.62,409495.67
2022-11-18 08:00:00,13.62,13.73,13.47,13.57,418796.81
2022-11-18 12:00:00,13.57,13.65,13.25,13.37,602775.01
2022-11-18 16:00:00,13.37,13.41,13.0,13.17,729169.18
2022-11-18 20:00:00,13.16,13.3,13.12,13.27,308505.34
2022-11-19 00:00:00,13.28,13.28,12.65,12.88,517751.37
2022-11-19 04:00:00,12.88,13.02,12.71,12.85,438007.01
2022-11-19 08:00:00,12.86,13.0,12.8,12.85,357826.35
2022-11-19 12:00:00,12.85,12.89,12.58,12.72,804885.83
2022-11-19 16:00:00,12.72,12.9,12.66,12.79,426585.6
2022-11-19 20:00:00,12.8,12.98,12.76,12.84,375092.06
2022-11-20 00:00:00,12.84,12.94,12.7,12.92,343988.74
2022-11-20 04:00:00,12.92,13.58,12.92,13.06,912773.91
2022-11-20 08:00:00,13.07,13.09,12.55,12.55,676754.45
2022-11-20 12:00:00,12.56,13.16,12.47,13.0,1322186.48
2022-11-20 16:00:00,13.0,13.03,12.67,12.76,499004.92
2022-11-20 20:00:00,12.76,12.8,12.1,12.27,1035357.53
2022-11-21 00:00:00,12.26,12.29,11.56,11.75,1289966.679
2022-11-21 04:00:00,11.75,12.01,11.65,11.72,624418.54
2022-11-21 08:00:00,11.72,11.9,11.54,11.81,701364.85
2022-11-21 12:00:00,11.82,12.17,11.73,11.92,692115.91
2022-11-21 16:00:00,11.92,12.08,11.27,11.42,804191.81
2022-11-21 20:00:00,11.42,12.01,11.4,11.83,809119.47
2022-11-22 00:00:00,11.83,12.08,11.57,11.61,506063.67
2022-11-22 04:00:00,11.6,11.7,11.32,11.51,463750.54
2022-11-22 08:00:00,11.51,11.52,11.0,11.04,744493.62
2022-11-22 12:00:00,11.03,12.09,10.94,12.06,2010281.87
2022-11-22 16:00:00,12.06,12.18,11.66,11.84,951420.86
2022-11-22 20:00:00,11.83,12.5,11.83,12.44,819340.99
2022-11-23 00:00:00,12.43,13.44,12.4,13.08,1593649.05
2022-11-23 04:00:00,13.07,13.27,12.82,13.13,945981.3
2022-11-23 08:00:00,13.14,13.48,12.94,13.34,1322384.64
2022-11-23 12:00:00,13.33,13.37,12.71,13.08,997254.12
2022-11-23 16:00:00,13.09,14.5,12.99,14.06,1772751.94
2022-11-23 20:00:00,14.06,14.48,13.85,14.36,1240861.37
2022-11-24 00:00:00,14.36,14.96,13.98,14.61,1304787.0
2022-11-24 04:00:00,14.62,14.63,14.18,14.42,688211.66
2022-11-24 08:00:00,14.41,14.5,13.84,14.09,834645.73
2022-11-24 12:00:00,14.1,14.55,13.99,14.44,777070.26
2022-11-24 16:00:00,14.44,14.79,14.32,14.44,700397.46
2022-11-24 20:00:00,14.43,14.68,14.3,14.59,420183.58
2022-11-25 00:00:00,14.6,14.61,13.97,14.2,708215.93
2022-11-25 04:00:00,14.2,14.26,13.91,14.24,353220.11
2022-11-25 08:00:00,14.25,14.48,13.98,14.31,518154.54
2022-11-25 12:00:00,14.31,14.43,14.04,14.15,464052.35
2022-11-25 16:00:00,14.15,14.23,13.95,14.23,382103.64
2022-11-25 20:00:00,14.22,14.31,14.01,14.03,393768.71
2022-11-26 00:00:00,14.03,14.58,13.99,14.37,606534.42
2022-11-26 04:00:00,14.37,14.5,14.23,14.48,280775.13
2022-11-26 08:00:00,14.47,14.98,14.34,14.75,685572.37
2022-11-26 12:00:00,14.74,14.76,14.35,14.42,537541.19
2022-11-26 16:00:00,14.43,14.44,14.07,14.24,453898.11
2022-11-26 20:00:00,14.23,14.24,13.97,14.17,347506.56
2022-11-27 00:00:00,14.17,14.31,14.06,14.27,196670.96
2022-11-27 04:00:00,14.26,14.45,14.21,14.31,331020.32
2022-11-27 08:00:00,14.32,14.38,14.21,14.35,308343.89
2022-11-27 12:00:00,14.35,14.43,14.16,14.41,497854.74
2022-11-27 16:00:00,14.41,14.43,14.21,14.31,314695.94
2022-11-27 20:00:00,14.3,14.44,14.05,14.12,414741.23
2022-11-28 00:00:00,14.11,14.17,12.78,13.1,1695674.89
2022-11-28 04:00:00,13.1,13.54,13.05,13.43,611188.17
2022-11-28 08:00:00,13.43,13.56,13.27,13.47,439739.8
2022-11-28 12:00:00,13.46,13.53,13.09,13.23,611750.58
2022-11-28 16:00:00,13.24,13.76,13.0,13.35,1089451.06
2022-11-28 20:00:00,13.36,13.43,13.27,13.32,270877.94
2022-11-29 00:00:00,13.33,13.58,13.14,13.47,517271.43
2022-11-29 04:00:00,13.47,13.9,13.45,13.73,538930.83
2022-11-29 08:00:00,13.74,13.96,13.6,13.64,432829.49
2022-11-29 12:00:00,13.65,13.67,13.33,13.44,450215.65
2022-11-29 16:00:00,13.45,13.46,13.28,13.42,353643.23
2022-11-29 20:00:00,13.42,13.47,13.27,13.34,312745.78
2022-11-30 00:00:00,13.35,13.93,13.33,13.5,790849.05
2022-11-30 04:00:00,13.5,13.74,13.5,13.7,450113.18
2022-11-30 08:00:00,13.71,13.8,13.65,13.71,323399.78
2022-11-30 12:00:00,13.72,13.73,13.47,13.53,545748.63
2022-11-30 16:00:00,13.53,13.85,13.21,13.64,835400.3
2022-11-30 20:00:00,13.65,14.32,13.61,14.16,654451.94
2022-12-01 00:00:00,14.17,14.19,13.81,13.92,516665.3
2022-12-01 04:00:00,13.93,14.0,13.81,13.81,295307.78
2022-12-01 08:00:00,13.82,13.93,13.74,13.82,289582.23
2022-12-01 12:00:00,13.82,13.95,13.46,13.62,754215.84
2022-12-01 16:00:00,13.63,13.65,13.5,13.52,331101.19
2022-12-01 20:00:00,13.52,13.57,13.4,13.51,380963.58
2022-12-02 00:00:00,13.51,13.68,13.33,13.44,448577.9
2022-12-02 04:00:00,13.44,13.56,13.33,13.53,198752.17
2022-12-02 08:00:00,13.52,13.68,13.49,13.61,446116.88
2022-12-02 12:00:00,13.61,13.84,13.37,13.54,923939.63
2022-12-02 16:00:00,13.53,13.7,13.45,13.69,415308.51
2022-12-02 20:00:00,13.69,13.79,13.66,13.71,432313.62
2022-12-03 00:00:00,13.71,13.77,13.56,13.63,316364.23
2022-12-03 04:00:00,13.64,13.69,13.51,13.56,371197.97
2022-12-03 08:00:00,13.56,13.6,13.44,13.5,314706.15
2022-12-03 12:00:00,13.49,13.59,13.48,13.58,238984.91
2022-12-03 16:00:00,13.57,13.64,13.48,13.52,341532.27
2022-12-03 20:00:00,13.52,13.53,13.2,13.29,376073.85
2022-12-04 00:00:00,13.29,13.54,13.27,13.42,292250.57
2022-12-04 04:00:00,13.42,13.52,13.41,13.46,182301.59
2022-12-04 08:00:00,13.46,13.48,13.34,13.38,171736.09
2022-12-04 12:00:00,13.37,13.51,13.35,13.48,387213.2
2022-12-04 16:00:00,13.48,13.57,13.44,13.55,348026.24
2022-12-04 20:00:00,13.54,13.75,13.53,13.71,396591.06
2022-12-05 00:00:00,13.71,14.17,13.66,13.91,1050138.96
2022-12-05 04:00:00,13.9,14.04,13.84,13.93,535585.24
2022-12-05 08:00:00,13.93,14.09,13.93,13.98,578589.48
2022-12-05 12:00:00,13.98,14.0,13.66,13.75,516445.58
2022-12-05 16:00:00,13.76,14.01,13.58,13.68,649831.71
2022-12-05 20:00:00,13.68,14.0,13.65,13.82,631898.92
2022-12-06 00:00:00,13.82,14.29,13.81,14.16,713044.75
2022-12-06 04:00:00,14.17,14.38,14.02,14.15,794620.39
2022-12-06 08:00:00,14.14,14.19,13.89,14.02,469923.4
2022-12-06 12:00:00,14.01,14.12,13.9,13.98,480046.39
2022-12-06 16:00:00,13.98,14.1,13.93,14.01,364885.65
2022-12-06 20:00:00,14.01,14.31,14.01,14.3,457564.13
2022-12-07 00:00:00,14.3,14.34,14.04,14.05,352263.28
2022-12-07 04:00:00,14.04,14.08,13.57,13.62,623101.86
2022-12-07 08:00:00,13.62,13.73,13.39,13.62,711114.73
2022-12-07 12:00:00,13.61,13.73,13.58,13.68,392833.67
2022-12-07 16:00:00,13.68,13.74,13.53,13.58,248443.9
2022-12-07 20:00:00,13.57,13.62,13.46,13.49,319573.22
2022-12-08 00:00:00,13.49,13.54,13.32,13.45,430899.14
2022-12-08 04:00:00,13.45,13.55,13.27,13.51,469654.74
2022-12-08 08:00:00,13.5,13.59,13.39,13.5,392925.77
2022-12-08 12:00:00,13.49,13.62,13.43,13.57,326431.81
2022-12-08 16:00:00,13.57,13.77,13.54,13.73,328560.24
2022-12-08 20:00:00,13.74,13.77,13.62,13.69,269899.32
2022-12-09 00:00:00,13.69,13.79,13.62,13.75,284231.05
2022-12-09 04:00:00,13.74,13.75,13.64,13.7,175010.4
2022-12-09 08:00:00,13.7,14.02,13.64,13.86,746052.13
2022-12-09 12:00:00,13.87,13.93,13.68,13.87,629147.17
2022-12-09 16:00:00,13.87,13.89,13.55,13.62,504241.49
2022-12-09 20:00:00,13.61,13.63,13.51,13.59,259259.72
2022-12-10 00:00:00,13.58,13.66,13.55,13.62,133110.77
2022-12-10 04:00:00,13.62,13.73,13.61,13.62,190259.39
2022-12-10 08:00:00,13.62,13.64,13.55,13.59,156301.7
2022-12-10 12:00:00,13.59,13.67,13.56,13.64,199769.55
2022-12-10 16:00:00,13.64,13.7,13.61,13.64,132791.41
2022-12-10 20:00:00,13.65,13.69,13.54,13.58,137885.29
2022-12-11 00:00:00,13.58,13.65,13.53,13.64,102010.68
2022-12-11 04:00:00,13.65,13.67,13.61,13.64,81456.55
2022-12-11 08:00:00,13.64,13.66,13.62,13.63,88423.68
2022-12-11 12:00:00,13.63,13.77,13.62,13.66,280869.78
2022-12-11 16:00:00,13.66,13.8,13.64,13.73,190547.28
2022-12-11 20:00:00,13.73,13.73,13.39,13.42,466926.59
2022-12-12 00:00:00,13.42,13.5,12.82,12.96,684509.85
2022-12-12 04:00:00,12.97,13.04,12.93,12.98,229553.35
2022-12-12 08:00:00,12.98,13.25,12.96,13.17,342916.86
2022-12-12 12:00:00,13.17,13.2,13.01,13.1,422720.69
2022-12-12 16:00:00,13.11,13.25,13.1,13.23,585908.32
2022-12-12 20:00:00,13.24,13.39,13.2,13.31,378408.01
2022-12-13 00:00:00,13.31,13.39,13.06,13.09,314835.95
2022-12-13 04:00:00,13.08,13.18,12.76,12.96,485780.25
2022-12-13 08:00:00,12.96,13.36,12.92,13.35,557708.69
2022-12-13 12:00:00,13.35,14.15,13.18,13.72,1921238.52
2022-12-13 16:00:00,13.73,13.84,13.57,13.79,410533.64
2022-12-13 20:00:00,13.79,13.9,13.72,13.89,273857.44
2022-12-14 00:00:00,13.9,14.0,13.82,13.96,322080.9
2022-12-14 04:00:00,13.95,14.04,13.81,13.9,241258.08
2022-12-14 08:00:00,13.9,14.02,13.9,13.97,285151.87
2022-12-14 12:00:00,13.97,14.55,13.95,14.48,1034140.62
2022-12-14 16:00:00,14.48,14.96,14.15,14.3,2475560.8
2022-12-14 20:00:00,14.3,14.48,14.07,14.12,726398.86
2022-12-15 00:00:00,14.12,14.52,13.86,14.38,795916.19
2022-12-15 04:00:00,14.38,14.4,14.13,14.14,321837.34
2022-12-15 08:00:00,14.15,14.2,14.02,14.1,359044.34
2022-12-15 12:00:00,14.1,14.16,13.86,14.0,579269.97
2022-12-15 16:00:00,13.99,14.13,13.87,14.11,327657.82
2022-12-15 20:00:00,14.11,14.2,13.92,14.04,327655.59
2022-12-16 00:00:00,14.05,14.17,13.88,14.04,275922.43
2022-12-16 04:00:00,14.04,14.11,13.91,14.09,181300.5
2022-12-16 08:00:00,14.09,14.1,13.35,13.5,889284.58
2022-12-16 12:00:00,13.5,13.5,12.95,13.01,826641.11
2022-12-16 16:00:00,13.01,13.11,12.63,13.01,1040221.64
2022-12-16 20:00:00,13.01,13.11,12.0,12.25,1309462.97
2022-12-17 00:00:00,12.25,12.38,11.92,12.26,718844.63
2022-12-17 04:00:00,12.26,12.6,12.18,12.46,525323.08
2022-12-17 08:00:00,12.46,12.5,12.25,12.31,455539.67
2022-12-17 12:00:00,12.3,12.37,12.21,12.31,268002.46
2022-12-17 16:00:00,12.31,12.34,12.14,12.26,247215.79
2022-12-17 20:00:00,12.26,12.55,12.24,12.51,250954.82
2022-12-18 00:00:00,12.5,12.55,12.37,12.49,156460.98
2022-12-18 04:00:00,12.49,12.6,12.41,12.43,338082.87
2022-12-18 08:00:00,12.43,12.48,12.25,12.39,201210.74
2022-12-18 12:00:00,12.39,12.45,12.29,12.31,128086.23
2022-12-18 16:00:00,12.31,12.54,12.29,12.44,237139.13
2022-12-18 20:00:00,12.45,12.6,12.34,12.38,297613.54
2022-12-19 00:00:00,12.38,12.59,12.16,12.23,429193.79
2022-12-19 04:00:00,12.24,12.34,12.18,12.24,231928.98
2022-12-19 08:00:00,12.23,12.36,12.21,12.28,243717.28
2022-12-19 12:00:00,12.28,12.34,12.15,12.17,338470.57
2022-12-19 16:00:00,12.17,12.23,11.92,12.02,695590.11
2022-12-19 20:00:00,12.02,12.15,11.66,11.94,446151.86
2022-12-20 00:00:00,11.94,12.32,11.84,12.19,359728.61
2022-12-20 04:00:00,12.2,12.45,12.19,12.34,234037.82
2022-12-20 08:00:00,12.35,12.44,12.31,12.38,169877.22
2022-12-20 12:00:00,12.38,12.49,12.19,12.35,441786.15
2022-12-20 16:00:00,12.34,12.35,12.12,12.24,277219.47
2022-12-20 20:00:00,12.24,12.33,12.2,12.26,216607.1
2022-12-21 00:00:00,12.26,12.29,12.06,12.08,260918.12
2022-12-21 04:00:00,12.08,12.11,11.92,12.03,239155.41
2022-12-21 08:00:00,12.03,12.15,11.97,12.11,221212.33
2022-12-21 12:00:00,12.11,12.13,11.93,12.07,336527.52
2022-12-21 16:00:00,12.07,12.07,11.93,11.96,178531.7
2022-12-21 20:00:00,11.96,12.22,11.9,12.14,313429.58
2022-12-22 00:00:00,12.14,12.19,12.08,12.12,143874.58
2022-12-22 04:00:00,12.13,12.15,11.98,12.07,150129.97
2022-12-22 08:00:00,12.06,12.17,12.04,12.12,205526.86
2022-12-22 12:00:00,12.11,12.15,11.72,11.77,482153.82
2022-12-22 16:00:00,11.76,11.88,11.69,11.84,251415.19
2022-12-22 20:00:00,11.85,12.1,11.67,11.82,572306.67
2022-12-23 00:00:00,11.81,12.11,11.72,12.02,379335.57
2022-12-23 04:00:00,12.03,12.04,11.84,11.89,273430.71
2022-12-23 08:00:00,11.9,11.98,11.8,11.89,234649.35
2022-12-23 12:00:00,11.88,11.97,11.77,11.85,444341.84
2022-12-23 16:00:00,11.84,11.88,11.79,11.86,150053.85
2022-12-23 20:00:00,11.86,11.88,11.75,11.78,165571.0
2022-12-24 00:00:00,11.79,11.79,11.71,11.78,152556.5
2022-12-24 04:00:00,11.78,11.79,11.07,11.37,1085251.89
2022-12-24 08:00:00,11.36,11.38,11.2,11.33,367259.38
2022-12-24 12:00:00,11.32,11.4,11.27,11.37,192156.83
2022-12-24 16:00:00,11.38,11.57,11.34,11.56,293690.3
2022-12-24 20:00:00,11.55,11.61,11.35,11.45,195963.24
2022-12-25 00:00:00,11.45,11.5,11.4,11.47,98390.16
2022-12-25 04:00:00,11.47,11.56,11.4,11.48,143708.7
2022-12-25 08:00:00,11.49,11.51,11.37,11.4,129036.17
2022-12-25 12:00:00,11.4,11.44,11.24,11.34,240136.93
2022-12-25 16:00:00,11.35,11.4,11.27,11.39,164934.4
2022-12-25 20:00:00,11.4,11.45,11.32,11.38,140211.28
2022-12-26 00:00:00,11.39,11.49,11.25,11.43,245991.33
2022-12-26 04:00:00,11.43,11.45,11.27,11.32,171761.81
2022-12-26 08:00:00,11.32,11.37,11.27,11.35,200666.4
2022-12-26 12:00:00,11.35,11.38,11.12,11.19,362855.53
2022-12-26 16:00:00,11.19,11.25,11.06,11.19,374932.22
2022-12-26 20:00:00,11.19,11.35,11.16,11.32,257018.53
2022-12-27 00:00:00,11.33,11.44,11.26,11.28,254123.24
2022-12-27 04:00:00,11.28,11.3,11.2,11.23,153115.62
2022-12-27 08:00:00,11.23,11.24,11.11,11.14,297611.11
2022-12-27 12:00:00,11.14,11.17,10.71,10.77,1119555.29
2022-12-27 16:00:00,10.76,11.03,10.71,11.02,863491.06
2022-12-27 20:00:00,11.02,11.16,10.97,11.09,364301.27
2022-12-28 00:00:00,11.1,11.12,10.68,10.78,444632.05
2022-12-28 04:00:00,10.78,10.79,9.65,10.14,2435352.651
2022-12-28 08:00:00,10.15,10.2,9.84,10.03,822708.03
2022-12-28 12:00:00,10.02,10.37,9.87,9.95,1593250.94
2022-12-28 16:00:00,9.95,10.1,9.77,9.79,715275.41
2022-12-28 20:00:00,9.78,9.91,9.39,9.76,1350986.1
2022-12-29 00:00:00,9.76,9.89,9.52,9.76,769197.77
2022-12-29 04:00:00,9.76,9.79,9.56,9.62,409955.86
2022-12-29 08:00:00,9.61,9.65,9.26,9.46,1071282.63
2022-12-29 12:00:00,9.46,9.52,9.31,9.39,1027285.93
2022-12-29 16:00:00,9.38,9.45,8.68,8.79,1972099.38
2022-12-29 20:00:00,8.78,10.89,8.0,9.64,6844167.96
2022-12-30 00:00:00,9.64,10.26,9.38,9.52,3802836.04
2022-12-30 04:00:00,9.52,9.74,9.09,9.12,2206230.19
2022-12-30 08:00:00,9.13,9.24,9.0,9.12,1097494.97
2022-12-30 12:00:00,9.12,10.0,9.11,9.58,2455437.44
2022-12-30 16:00:00,9.58,10.07,9.5,9.85,1665272.2
2022-12-30 20:00:00,9.85,10.07,9.7,9.9,1359808.67
2022-12-31 00:00:00,9.91,10.06,9.74,9.74,821136.94
2022-12-31 04:00:00,9.75,9.87,9.66,9.83,328807.16
2022-12-31 08:00:00,9.83,9.93,9.74,9.85,447060.78
2022-12-31 12:00:00,9.85,10.2,9.85,10.15,1058661.18
2022-12-31 16:00:00,10.16,10.19,9.93,10.07,557205.36
2022-12-31 20:00:00,10.07,10.12,9.86,9.97,408563.23
2023-01-01 00:00:00,9.97,10.09,9.91,9.97,388499.09
2023-01-01 04:00:00,9.97,9.99,9.69,9.8,402695.1
2023-01-01 08:00:00,9.8,9.98,9.7,9.93,419399.11
2023-01-01 12:00:00,9.93,9.97,9.8,9.87,341447.69
2023-01-01 16:00:00,9.86,10.06,9.85,9.97,425262.92
2023-01-01 20:00:00,9.97,10.06,9.94,9.99,310208.72
2023-01-02 00:00:00,9.99,10.02,9.81,9.99,377527.05
2023-01-02 04:00:00,10.0,12.0,9.94,11.09,2826907.79
2023-01-02 08:00:00,11.1,11.38,10.88,11.01,1977405.48
2023-01-02 12:00:00,11.02,11.23,11.01,11.11,1079344.45
2023-01-02 16:00:00,11.12,11.49,11.08,11.26,679438.82
2023-01-02 20:00:00,11.26,11.44,11.19,11.28,687641.34
2023-01-03 00:00:00,11.28,11.34,11.0,11.22,850728.24
2023-01-03 04:00:00,11.22,12.05,11.21,11.95,2408167.3
2023-01-03 08:00:00,11.95,12.02,11.7,11.84,1034071.37
2023-01-03 12:00:00,11.84,13.29,11.79,13.09,4609920.88
2023-01-03 16:00:00,13.09,13.91,12.7,12.94,4501379.9
2023-01-03 20:00:00,12.93,13.49,12.93,13.37,1582223.67
2023-01-04 00:00:00,13.37,14.05,13.23,13.57,3728337.78
2023-01-04 04:00:00,13.58,14.24,13.29,14.16,2354917.4
2023-01-04 08:00:00,14.16,14.16,13.55,13.65,1518830.4
2023-01-04 12:00:00,13.65,13.75,13.17,13.36,1955157.35
2023-01-04 16:00:00,13.36,13.64,13.08,13.2,1705764.95
2023-01-04 20:00:00,13.21,13.65,12.83,13.43,1349727.61
2023-01-05 00:00:00,13.43,13.45,13.05,13.21,1047660.49
2023-01-05 04:00:00,13.22,13.49,13.12,13.25,941313.14
2023-01-05 08:00:00,13.24,13.32,12.95,13.26,815817.18
2023-01-05 12:00:00,13.26,13.4,13.04,13.29,854574.8
2023-01-05 16:00:00,13.3,13.49,13.06,13.4,611099.6
2023-01-05 20:00:00,13.4,13.89,13.36,13.43,1563888.55
2023-01-06 00:00:00,13.43,13.58,13.14,13.19,1032034.54
2023-01-06 04:00:00,13.19,13.25,13.02,13.12,728416.96
2023-01-06 08:00:00,13.12,13.26,12.87,13.0,770658.03
2023-01-06 12:00:00,13.0,13.21,12.69,13.19,1268487.45
2023-01-06 16:00:00,13.2,13.44,13.07,13.37,904369.53
2023-01-06 20:00:00,13.37,13.6,13.16,13.5,700681.97
2023-01-07 00:00:00,13.51,13.51,13.29,13.32,540831.69
2023-01-07 04:00:00,13.33,13.33,13.21,13.29,346715.77
2023-01-07 08:00:00,13.29,13.32,13.13,13.15,293595.23
2023-01-07 12:00:00,13.15,13.29,13.14,13.27,258247.39
2023-01-07 16:00:00,13.27,13.28,13.18,13.22,181694.42
2023-01-07 20:00:00,13.22,13.25,13.01,13.1,283866.41
2023-01-08 00:00:00,13.1,13.42,12.85,13.37,1186390.59
2023-01-08 04:00:00,13.37,13.44,13.25,13.33,310874.33
2023-01-08 08:00:00,13.33,13.78,13.28,13.51,946006.74
2023-01-08 12:00:00,13.51,13.94,13.43,13.88,1081292.72
2023-01-08 16:00:00,13.88,13.91,13.47,13.55,831911.06
2023-01-08 20:00:00,13.55,14.89,13.53,14.45,1939120.68
2023-01-09 00:00:00,14.46,17.02,14.28,16.05,6412686.47
2023-01-09 04:00:00,16.05,16.53,15.9,16.35,2622272.61
2023-01-09 08:00:00,16.35,16.83,16.09,16.38,2101674.21
2023-01-09 12:00:00,16.37,17.5,16.09,17.13,3650009.46
2023-01-09 16:00:00,17.14,17.38,16.23,16.28,2994832.88
2023-01-09 20:00:00,16.28,16.68,16.02,16.25,1700483.94
2023-01-10 00:00:00,16.25,16.6,15.57,15.97,1686378.45
2023-01-10 04:00:00,15.98,16.31,15.86,15.89,1317257.52
2023-01-10 08:00:00,15.9,16.35,15.82,16.03,1327246.31
2023-01-10 12:00:00,16.03,16.49,15.82,16.25,1807411.82
2023-01-10 16:00:00,16.24,16.48,16.03,16.39,1078973.07
2023-01-10 20:00:00,16.39,16.73,16.14,16.2,1272150.6
2023-01-11 00:00:00,16.2,16.33,15.87,16.01,930647.66
2023-01-11 04:00:00,16.01,16.16,15.85,16.1,687569.86
2023-01-11 08:00:00,16.1,16.14,15.95,16.03,481227.0
2023-01-11 12:00:00,16.03,16.03,15.3,15.41,1709694.78
2023-01-11 16:00:00,15.41,16.13,15.28,16.0,1284491.23
2023-01-11 20:00:00,16.01,16.67,15.74,16.36,1567986.14
2023-01-12 00:00:00,16.37,17.0,16.14,16.42,2043462.85
2023-01-12 04:00:00,16.43,16.51,16.16,16.25,797506.16
2023-01-12 08:00:00,16.25,16.26,15.89,16.07,774811.87
2023-01-12 12:00:00,16.07,16.5,15.54,15.96,2602482.96
2023-01-12 16:00:00,15.96,16.8,15.9,16.54,2183261.0
2023-01-12 20:00:00,16.54,16.71,16.31,16.59,1207146.12
2023-01-13 00:00:00,16.59,16.85,16.29,16.7,858437.67
2023-01-13 04:00:00,16.7,17.35,16.69,16.9,2787515.8
2023-01-13 08:00:00,16.9,17.1,16.54,16.67,1095518.76
2023-01-13 12:00:00,16.68,16.88,16.46,16.81,917366.33
2023-01-13 16:00:00,16.82,17.21,16.52,17.18,1241486.79
2023-01-13 20:00:00,17.17,18.65,17.0,18.29,4029559.05
2023-01-14 00:00:00,18.29,22.84,18.2,21.92,7544541.95
2023-01-14 04:00:00,21.93,24.74,21.78,23.57,6245906.89
2023-01-14 08:00:00,23.57,23.93,21.31,22.36,4226735.84
2023-01-14 12:00:00,22.37,23.6,21.8,22.33,3411762.3
2023-01-14 16:00:00,22.34,23.43,22.15,23.06,2508499.01
2023-01-14 20:00:00,23.05,24.75,22.49,24.24,2059786.07
2023-01-15 00:00:00,24.23,25.0,22.52,23.06,3810772.7
2023-01-15 04:00:00,23.07,23.17,22.13,22.62,1125468.06
2023-01-15 08:00:00,22.63,23.08,21.98,22.9,1394822.01
2023-01-15 12:00:00,22.89,23.88,22.71,23.69,2115135.31
2023-01-15 16:00:00,23.69,23.8,22.97,23.36,1659059.81
2023-01-15 20:00:00,23.35,23.4,22.58,22.89,1152770.66
2023-01-16 00:00:00,22.9,24.19,22.45,23.22,1895827.16
2023-01-16 04:00:00,23.23,25.0,23.03,24.25,2320343.7
2023-01-16 08:00:00,24.25,24.27,22.85,23.38,1784203.56
2023-01-16 12:00:00,23.39,23.54,22.3,23.08,1657162.79
2023-01-16 16:00:00,23.08,23.8,22.85,23.55,1376360.38
2023-01-16 20:00:00,23.55,24.24,23.31,23.58,1009470.69
2023-01-17 00:00:00,23.58,23.84,22.79,23.19,1156501.5
2023-01-17 04:00:00,23.19,23.8,23.14,23.41,870853.48
2023-01-17 08:00:00,23.42,23.94,23.35,23.74,848175.95
2023-01-17 12:00:00,23.75,23.95,23.15,23.27,1598940.01
2023-01-17 16:00:00,23.27,23.56,23.04,23.43,796477.26
2023-01-17 20:00:00,23.43,23.68,22.7,22.86,785994.48
2023-01-18 00:00:00,22.86,23.33,22.59,23.04,1533411.11
2023-01-18 04:00:00,23.04,23.31,22.85,22.98,609016.62
2023-01-18 08:00:00,22.98,22.99,22.12,22.52,949696.59
2023-01-18 12:00:00,22.52,23.65,20.78,21.79,2398730.51
2023-01-18 16:00:00,21.78,22.53,20.34,21.77,4072403.78
2023-01-18 20:00:00,21.78,21.87,20.7,20.79,1778451.71
2023-01-19 00:00:00,20.78,21.54,20.77,21.35,1339470.58
2023-01-19 04:00:00,21.35,21.79,21.26,21.3,490111.19
2023-01-19 08:00:00,21.3,21.5,20.8,20.93,649355.44
2023-01-19 12:00:00,20.93,21.19,20.41,21.07,1670994.72
2023-01-19 16:00:00,21.07,21.74,20.86,21.65,1218175.8
2023-01-19 20:00:00,21.66,21.88,21.31,21.4,745237.34
2023-01-20 00:00:00,21.4,21.64,21.02,21.33,753062.36
2023-01-20 04:00:00,21.34,21.41,20.93,21.07,526686.39
2023-01-20 08:00:00,21.07,21.24,20.96,21.14,362992.68
2023-01-20 12:00:00,21.13,21.54,21.07,21.42,653397.98
2023-01-20 16:00:00,21.43,23.4,21.4,23.29,2448711.54
2023-01-20 20:00:00,23.3,25.82,23.28,25.51,4907582.44
2023-01-21 00:00:00,25.51,25.87,24.24,24.83,2978717.31
2023-01-21 04:00:00,24.83,25.73,24.72,25.54,1454937.98
2023-01-21 08:00:00,25.54,26.6,24.3,25.2,3676675.97
2023-01-21 12:00:00,25.2,25.65,25.04,25.23,2058526.66
2023-01-21 16:00:00,25.23,26.11,25.15,25.63,1711090.88
2023-01-21 20:00:00,25.62,25.68,24.52,24.57,902909.89
2023-01-22 00:00:00,24.56,25.32,24.4,25.0,1052309.19
2023-01-22 04:00:00,24.99,25.45,24.92,25.13,743038.7
2023-01-22 08:00:00,25.13,25.32,24.77,24.9,809607.95
2023-01-22 12:00:00,24.9,25.42,24.64,24.97,1281368.92
2023-01-22 16:00:00,24.96,25.25,24.72,24.9,941911.2
2023-01-22 20:00:00,24.9,24.93,23.5,24.21,1668543.3
2023-01-23 00:00:00,24.21,24.93,24.06,24.53,1028354.61
2023-01-23 04:00:00,24.53,24.79,24.33,24.46,424570.89
2023-01-23 08:00:00,24.46,24.8,24.15,24.62,879717.24
2023-01-23 12:00:00,24.62,24.7,23.7,24.17,2073950.36
2023-01-23 16:00:00,24.17,24.75,23.96,24.18,1203558.56
2023-01-23 20:00:00,24.17,24.52,24.03,24.33,490332.32
2023-01-24 00:00:00,24.32,25.24,24.06,24.99,1067135.29
2023-01-24 04:00:00,24.98,25.0,24.63,24.78,672811.74
2023-01-24 08:00:00,24.78,24.95,24.29,24.46,934528.82
2023-01-24 12:00:00,24.46,24.58,23.97,24.48,994565.97
2023-01-24 16:00:00,24.48,24.53,24.07,24.46,454585.48
2023-01-24 20:00:00,24.46,24.5,22.25,22.78,1997938.58
2023-01-25 00:00:00,22.77,22.99,22.24,22.93,1222859.21
2023-01-25 04:00:00,22.93,23.43,22.86,23.27,687364.51
2023-01-25 08:00:00,23.27,23.41,22.98,23.13,524527.22
2023-01-25 12:00:00,23.13,24.55,22.7,23.32,2551434.96
2023-01-25 16:00:00,23.32,23.79,23.22,23.73,813533.01
2023-01-25 20:00:00,23.74,25.43,23.73,24.52,2532649.38
2023-01-26 00:00:00,24.53,25.23,24.42,24.8,1061783.56
2023-01-26 04:00:00,24.8,24.94,24.24,24.34,707650.81
2023-01-26 08:00:00,24.33,24.58,24.06,24.32,462394.91
2023-01-26 12:00:00,24.32,25.12,24.07,24.26,1665958.0
2023-01-26 16:00:00,24.26,24.72,23.73,24.46,1137021.6
2023-01-26 20:00:00,24.45,24.61,24.2,24.33,415595.22
2023-01-27 00:00:00,24.33,24.53,23.27,23.73,1073391.08
2023-01-27 04:00:00,23.73,24.05,23.66,24.03,295182.56
2023-01-27 08:00:00,24.03,24.04,23.57,23.7,576255.5
2023-01-27 12:00:00,23.7,24.2,23.32,23.83,1193551.72
2023-01-27 16:00:00,23.82,24.59,23.81,24.48,716878.39
2023-01-27 20:00:00,24.48,24.96,24.01,24.43,873796.51
2023-01-28 00:00:00,24.43,24.88,24.29,24.5,569817.8
2023-01-28 04:00:00,24.52,25.24,24.17,24.35,805522.21
2023-01-28 08:00:00,24.36,24.47,24.18,24.3,472870.36
2023-01-28 12:00:00,24.3,24.31,23.7,24.17,880875.92
2023-01-28 16:00:00,24.16,24.22,23.93,24.12,299385.83
2023-01-28 20:00:00,24.12,24.13,23.77,24.0,349411.98
2023-01-29 00:00:00,24.0,24.69,23.73,24.13,979656.3
2023-01-29 04:00:00,24.13,24.19,24.01,24.14,210144.19
2023-01-29 08:00:00,24.14,24.51,24.06,24.36,447704.64
2023-01-29 12:00:00,24.36,24.79,24.2,24.69,882563.91
2023-01-29 16:00:00,24.68,26.58,24.46,26.32,3806463.68
2023-01-29 20:00:00,26.32,26.8,25.94,26.07,1459373.48
2023-01-30 00:00:00,26.07,26.31,25.21,25.45,1103915.92
2023-01-30 04:00:00,25.46,25.61,25.25,25.38,539769.01
2023-01-30 08:00:00,25.37,25.53,23.77,24.02,2351505.62
2023-01-30 12:00:00,24.01,24.77,23.86,24.38,1235138.76
2023-01-30 16:00:00,24.37,24.64,23.11,23.6,1647844.77
2023-01-30 20:00:00,23.59,24.01,23.34,23.96,654276.04
2023-01-31 00:00:00,23.97,24.28,23.66,24.01,568138.5
2023-01-31 04:00:00,24.02,24.13,23.66,24.11,577697.26
2023-01-31 08:00:00,24.11,24.14,23.49,23.75,430398.66
2023-01-31 12:00:00,23.75,24.36,23.63,24.09,936044.0
2023-01-31 16:00:00,24.1,24.47,24.02,24.21,647032.6
2023-01-31 20:00:00,24.21,24.26,23.61,23.92,903076.07
2023-02-01 00:00:00,23.93,24.04,23.67,23.87,369138.75
2023-02-01 04:00:00,23.87,24.01,23.42,23.56,500449.01
2023-02-01 08:00:00,23.56,23.63,23.15,23.54,733156.26
2023-02-01 12:00:00,23.53,23.67,22.7,22.81,1163238.41
2023-02-01 16:00:00,22.81,24.47,22.48,24.24,2475344.15
2023-02-01 20:00:00,24.24,25.22,24.11,25.0,2063561.73
2023-02-02 00:00:00,25.0,25.78,24.95,25.28,1405689.29
2023-02-02 04:00:00,25.28,25.42,24.72,24.87,749433.81
2023-02-02 08:00:00,24.86,25.08,24.8,25.0,458445.55
2023-02-02 12:00:00,25.0,25.27,24.59,25.02,1479606.66
2023-02-02 16:00:00,25.0,26.15,24.86,25.07,2029491.96
2023-02-02 20:00:00,25.07,25.26,24.05,24.32,1123923.31
2023-02-03 00:00:00,24.32,24.49,24.01,24.34,685274.56
2023-02-03 04:00:00,24.34,24.54,24.24,24.32,416501.57
2023-02-03 08:00:00,24.32,24.53,24.1,24.49,454977.56
2023-02-03 12:00:00,24.49,25.07,24.05,24.86,1916364.47
2023-02-03 16:00:00,24.86,25.05,24.35,24.38,729706.58
2023-02-03 20:00:00,24.38,24.81,24.25,24.69,556449.57
2023-02-04 00:00:00,24.69,24.82,24.42,24.46,314849.21
2023-02-04 04:00:00,24.46,24.53,24.29,24.5,219786.56
2023-02-04 08:00:00,24.51,24.6,24.41,24.58,190565.92
2023-02-04 12:00:00,24.59,24.95,24.54,24.71,379017.52
2023-02-04 16:00:00,24.71,24.8,24.51,24.66,445874.05
2023-02-04 20:00:00,24.66,24.75,24.17,24.34,484066.15
2023-02-05 00:00:00,24.34,24.44,24.05,24.3,530644.27
2023-02-05 04:00:00,24.3,24.46,24.25,24.35,216211.8
2023-02-05 08:00:00,24.35,24.45,24.14,24.19,330370.48
2023-02-05 12:00:00,24.19,24.23,23.1,23.64,1982174.25
2023-02-05 16:00:00,23.64,23.71,23.19,23.37,1167933.41
2023-02-05 20:00:00,23.37,23.68,23.02,23.47,594970.38
2023-02-06 00:00:00,23.46,23.72,23.25,23.37,293637.91
2023-02-06 04:00:00,23.38,23.46,22.83,23.35,792586.75
2023-02-06 08:00:00,23.35,23.4,23.05,23.32,295054.12
2023-02-06 12:00:00,23.32,23.5,22.81,23.47,713551.13
2023-02-06 16:00:00,23.47,23.6,23.15,23.37,678323.49
2023-02-06 20:00:00,23.37,23.37,22.45,22.66,819675.98
2023-02-07 00:00:00,22.65,23.17,22.54,23.06,374307.56
2023-02-07 04:00:00,23.06,23.36,23.03,23.22,355058.55
2023-02-07 08:00:00,23.21,23.45,23.1,23.35,454107.0
2023-02-07 12:00:00,23.34,23.43,22.94,23.03,579031.59
2023-02-07 16:00:00,23.02,23.86,22.59,23.27,2152515.71
2023-02-07 20:00:00,23.27,23.96,23.14,23.82,985003.44
2023-02-08 00:00:00,23.82,24.24,23.8,23.89,618276.45
2023-02-08 04:00:00,23.88,23.97,23.58,23.77,366327.23
2023-02-08 08:00:00,23.76,23.78,23.52,23.72,330856.45
2023-02-08 12:00:00,23.73,23.98,23.26,23.28,1122192.08
2023-02-08 16:00:00,23.28,23.47,22.8,23.09,1155931.75
2023-02-08 20:00:00,23.08,23.27,22.87,23.22,376445.18
2023-02-09 00:00:00,23.21,23.35,21.92,22.35,1498466.96
2023-02-09 04:00:00,22.35,22.9,22.19,22.76,536550.02
2023-02-09 08:00:00,22.76,22.98,22.72,22.79,454833.7
2023-02-09 12:00:00,22.79,22.97,22.57,22.65,641430.62
2023-02-09 16:00:00,22.66,22.7,21.46,21.8,1392900.25
2023-02-09 20:00:00,21.8,21.8,20.0,20.48,1874609.09
2023-02-10 00:00:00,20.48,20.9,20.27,20.79,1212774.35
2023-02-10 04:00:00,20.79,21.1,20.51,21.1,711419.69
2023-02-10 08:00:00,21.1,21.2,20.63,20.69,731608.82
2023-02-10 12:00:00,20.69,21.01,20.44,20.73,1105187.57
2023-02-10 16:00:00,20.72,20.99,20.52,20.89,749198.22
2023-02-10 20:00:00,20.89,20.91,19.68,20.11,1012835.88
2023-02-11 00:00:00,20.1,20.49,20.1,20.41,473815.76
2023-02-11 04:00:00,20.4,20.42,20.21,20.34,214010.83
2023-02-11 08:00:00,20.33,20.39,20.23,20.32,168442.52
2023-02-11 12:00:00,20.31,20.62,20.28,20.52,353236.37
2023-02-11 16:00:00,20.52,20.52,20.26,20.37,290415.06
2023-02-11 20:00:00,20.38,20.92,20.33,20.81,359932.44
2023-02-12 00:00:00,20.81,20.83,20.62,20.67,191972.72
2023-02-12 04:00:00,20.67,21.02,20.63,20.85,321254.27
2023-02-12 08:00:00,20.85,21.08,20.84,21.06,340724.5
2023-02-12 12:00:00,21.06,21.59,20.77,21.43,805828.0
2023-02-12 16:00:00,21.43,22.59,21.38,22.04,1797480.53
2023-02-12 20:00:00,22.05,22.22,21.1,21.49,1167981.79
2023-02-13 00:00:00,21.49,21.61,20.46,20.91,1850047.78
2023-02-13 04:00:00,20.92,21.31,20.86,21.17,731916.68
2023-02-13 08:00:00,21.17,21.19,20.04,20.45,1533639.3
2023-02-13 12:00:00,20.45,20.7,20.36,20.37,764921.78
2023-02-13 16:00:00,20.37,20.54,19.73,20.43,1145006.43
2023-02-13 20:00:00,20.43,20.86,20.24,20.77,659798.07
2023-02-14 00:00:00,20.77,21.08,20.66,20.83,583580.89
2023-02-14 04:00:00,20.81,21.09,20.76,21.06,402328.32
2023-02-14 08:00:00,21.06,21.61,20.76,21.37,1156595.6
2023-02-14 12:00:00,21.37,22.37,20.88,21.89,3423073.87
2023-02-14 16:00:00,21.89,22.06,21.63,22.02,1396374.63
2023-02-14 20:00:00,22.02,22.06,21.54,21.84,677568.52
2023-02-15 00:00:00,21.84,21.93,21.45,21.6,431872.71
2023-02-15 04:00:00,21.6,21.68,21.48,21.53,254666.09
2023-02-15 08:00:00,21.54,22.23,21.46,22.11,671743.58
2023-02-15 12:00:00,22.11,22.75,22.11,22.43,1396909.58
2023-02-15 16:00:00,22.42,23.02,22.27,23.0,1000641.82
2023-02-15 20:00:00,23.01,23.99,22.93,23.86,1832070.19
2023-02-16 00:00:00,23.86,24.2,23.56,23.81,1183894.3
2023-02-16 04:00:00,23.82,23.99,23.54,23.73,663934.11
2023-02-16 08:00:00,23.73,23.9,23.49,23.56,488808.12
2023-02-16 12:00:00,23.57,23.88,23.06,23.86,1472031.55
2023-02-16 16:00:00,23.86,24.14,23.36,23.59,1402793.38
2023-02-16 20:00:00,23.59,23.61,22.2,22.24,1621151.17
2023-02-17 00:00:00,22.24,22.8,21.99,22.68,677556.77
2023-02-17 04:00:00,22.68,22.81,22.52,22.54,439996.34
2023-02-17 08:00:00,22.54,22.72,22.46,22.6,381455.33
2023-02-17 12:00:00,22.6,22.99,22.43,22.79,1097219.59
2023-02-17 16:00:00,22.79,23.49,22.58,23.46,896397.03
2023-02-17 20:00:00,23.46,23.54,22.69,23.14,1047192.69
2023-02-18 00:00:00,23.14,23.63,23.13,23.34,406798.35
2023-02-18 04:00:00,23.35,23.48,23.11,23.22,250894.29
2023-02-18 08:00:00,23.22,23.26,22.92,23.06,423613.93
2023-02-18 12:00:00,23.06,23.55,23.0,23.42,437626.48
2023-02-18 16:00:00,23.41,23.94,23.4,23.48,719640.83
2023-02-18 20:00:00,23.48,23.67,23.26,23.45,408937.12
2023-02-19 00:00:00,23.46,23.6,23.2,23.3,255896.76
2023-02-19 04:00:00,23.3,24.0,23.26,23.53,596142.13
2023-02-19 08:00:00,23.53,23.73,23.46,23.69,393635.67
2023-02-19 12:00:00,23.7,25.28,23.7,25.26,2431967.81
2023-02-19 16:00:00,25.27,25.39,24.0,24.65,2694575.74
2023-02-19 20:00:00,24.65,25.64,24.01,24.84,1943947.14
2023-02-20 00:00:00,24.83,26.33,24.11,26.16,2642393.23
2023-02-20 04:00:00,26.16,27.12,25.84,26.49,2723691.47
2023-02-20 08:00:00,26.48,26.68,26.03,26.38,1406977.56
2023-02-20 12:00:00,26.38,26.71,26.13,26.54,1354278.77
2023-02-20 16:00:00,26.54,26.57,25.55,26.34,1551599.74
2023-02-20 20:00:00,26.34,26.38,25.9,26.26,587298.3
2023-02-21 00:00:00,26.26,26.61,25.78,26.12,1102306.82
2023-02-21 04:00:00,26.12,26.3,25.71,26.02,548157.14
2023-02-21 08:00:00,26.03,26.25,24.91,25.06,1951800.92
2023-02-21 12:00:00,25.06,25.38,24.75,25.06,1195721.01
2023-02-21 16:00:00,25.06,25.5,24.69,25.25,1059489.84
2023-02-21 20:00:00,25.26,25.47,24.5,24.98,866972.29
2023-02-22 00:00:00,24.98,25.24,23.86,24.44,1491190.61
2023-02-22 04:00:00,24.45,24.48,23.44,23.82,1225188.91
2023-02-22 08:00:00,23.82,23.83,23.21,23.56,1357725.0
2023-02-22 12:00:00,23.56,23.8,23.25,23.65,1283602.48
2023-02-22 16:00:00,23.66,24.15,23.4,23.78,1230779.42
2023-02-22 20:00:00,23.78,24.35,23.46,24.16,585819.24
2023-02-23 00:00:00,24.16,24.69,23.95,24.44,861529.61
2023-02-23 04:00:00,24.45,24.58,24.23,24.5,543923.87
2023-02-23 08:00:00,24.5,24.63,23.6,23.76,962145.9
2023-02-23 12:00:00,23.75,24.39,23.61,23.88,1054096.72
2023-02-23 16:00:00,23.87,24.08,23.61,24.04,577444.89
2023-02-23 20:00:00,24.03,24.21,23.68,23.91,391825.1
2023-02-24 00:00:00,23.91,24.13,23.69,23.78,472562.01
2023-02-24 04:00:00,23.79,24.1,23.74,23.96,443686.32
2023-02-24 08:00:00,23.96,24.07,23.52,23.78,609723.67
2023-02-24 12:00:00,23.79,24.01,22.92,23.05,1208614.08
2023-02-24 16:00:00,23.04,23.06,22.51,23.04,1450873.09
2023-02-24 20:00:00,23.05,23.35,22.46,23.07,683429.14
2023-02-25 00:00:00,23.07,23.33,22.93,22.95,537492.99
2023-02-25 04:00:00,22.95,23.19,22.83,22.94,529516.85
2023-02-25 08:00:00,22.94,23.05,22.61,22.77,581872.76
2023-02-25 12:00:00,22.77,22.8,22.02,22.34,962437.39
2023-02-25 16:00:00,22.34,22.52,21.65,21.92,883548.62
2023-02-25 20:00:00,21.91,22.5,21.41,22.37,1046381.44
2023-02-26 00:00:00,22.37,22.74,22.21,22.65,372497.77
2023-02-26 04:00:00,22.66,22.84,22.49,22.79,282243.5
2023-02-26 08:00:00,22.79,22.99,22.63,22.85,432523.75
2023-02-26 12:00:00,22.85,22.97,22.55,22.93,429794.43
2023-02-26 16:00:00,22.94,23.4,22.68,23.37,639179.27
2023-02-26 20:00:00,23.37,23.53,22.94,23.25,661636.33
2023-02-27 00:00:00,23.25,23.28,22.98,23.03,402575.39
2023-02-27 04:00:00,23.04,23.05,22.76,22.89,475579.47
2023-02-27 08:00:00,22.89,22.97,22.62,22.77,429624.52
2023-02-27 12:00:00,22.78,23.41,22.65,23.06,1025557.48
2023-02-27 16:00:00,23.07,23.14,22.32,22.54,886942.28
2023-02-27 20:00:00,22.54,22.79,22.36,22.68,450418.44
2023-02-28 00:00:00,22.68,22.75,22.42,22.61,266316.87
2023-02-28 04:00:00,22.62,22.63,22.06,22.08,386872.75
2023-02-28 08:00:00,22.08,22.32,22.05,22.2,272397.91
2023-02-28 12:00:00,22.2,22.6,22.19,22.54,451626.87
2023-02-28 16:00:00,22.54,22.7,22.18,22.2,342796.33
2023-02-28 20:00:00,22.19,22.25,21.75,21.89,571704.48
2023-03-01 00:00:00,21.88,22.41,21.65,22.32,487501.01
2023-03-01 04:00:00,22.33,22.68,22.3,22.58,315248.24
2023-03-01 08:00:00,22.59,22.91,22.54,22.68,406166.58
2023-03-01 12:00:00,22.68,22.87,22.52,22.66,447152.87
2023-03-01 16:00:00,22.66,22.67,22.11,22.15,419011.34
2023-03-01 20:00:00,22.14,22.55,22.1,22.51,370522.57
2023-03-02 00:00:00,22.5,22.65,21.89,22.04,479812.7
2023-03-02 04:00:00,22.04,22.17,21.85,21.98,300320.65
2023-03-02 08:00:00,21.98,22.1,21.89,22.08,283342.5
2023-03-02 12:00:00,22.08,22.1,21.67,21.85,627757.57
2023-03-02 16:00:00,21.84,22.15,21.7,22.09,272852.66
2023-03-02 20:00:00,22.09,22.16,21.93,22.0,267107.28
2023-03-03 00:00:00,22.0,22.02,20.34,20.86,1819919.1
2023-03-03 04:00:00,20.86,21.24,20.81,21.06,379816.54
2023-03-03 08:00:00,21.06,21.23,21.06,21.14,280340.21
2023-03-03 12:00:00,21.14,21.45,21.02,21.26,549093.32
2023-03-03 16:00:00,21.26,21.46,21.15,21.44,302991.9
2023-03-03 20:00:00,21.44,21.53,21.16,21.42,303119.82
2023-03-04 00:00:00,21.42,21.62,21.3,21.33,242138.39
2023-03-04 04:00:00,21.33,21.37,21.03,21.17,197535.17
2023-03-04 08:00:00,21.18,21.26,21.08,21.16,209011.73
2023-03-04 12:00:00,21.16,21.19,20.93,20.96,242569.27
2023-03-04 16:00:00,20.96,21.05,20.59,20.67,326518.39
2023-03-04 20:00:00,20.68,21.0,20.2,20.98,536309.66
2023-03-05 00:00:00,20.98,21.72,20.93,21.33,714428.91
2023-03-05 04:00:00,21.33,21.44,21.22,21.31,140771.8
2023-03-05 08:00:00,21.3,21.38,21.14,21.2,142062.43
2023-03-05 12:00:00,21.2,21.36,21.16,21.27,199727.72
2023-03-05 16:00:00,21.27,21.33,21.01,21.1,193494.75
2023-03-05 20:00:00,21.1,21.33,20.84,20.97,342816.35
2023-03-06 00:00:00,20.98,21.09,20.66,20.92,422198.29
2023-03-06 04:00:00,20.92,20.96,20.6,20.76,449004.37
2023-03-06 08:00:00,20.75,20.79,20.61,20.7,242309.09
2023-03-06 12:00:00,20.7,21.1,20.55,21.06,384769.59
2023-03-06 16:00:00,21.05,21.19,20.75,20.76,351215.52
2023-03-06 20:00:00,20.76,20.77,20.47,20.63,366923.02
2023-03-07 00:00:00,20.62,20.95,20.44,20.79,326197.63
2023-03-07 04:00:00,20.8,20.86,20.68,20.71,201826.51
2023-03-07 08:00:00,20.71,20.74,20.27,20.31,371874.02
2023-03-07 12:00:00,20.31,20.64,19.92,20.42,1097136.93
2023-03-07 16:00:00,20.42,20.51,19.97,20.02,545134.49
2023-03-07 20:00:00,20.01,20.29,19.71,20.25,562662.41
2023-03-08 00:00:00,20.25,20.39,19.8,20.0,487614.31
2023-03-08 04:00:00,20.0,20.07,19.13,19.19,854080.11
2023-03-08 08:00:00,19.2,19.53,19.16,19.34,524759.03
2023-03-08 12:00:00,19.33,19.38,18.64,19.24,1788894.58
2023-03-08 16:00:00,19.24,19.41,18.47,18.68,974143.03
2023-03-08 20:00:00,18.68,18.96,18.1,18.41,1197312.47
2023-03-09 00:00:00,18.41,18.68,18.37,18.58,587060.91
2023-03-09 04:00:00,18.59,18.78,18.48,18.5,333988.39
2023-03-09 08:00:00,18.5,18.61,18.24,18.54,582989.18
2023-03-09 12:00:00,18.54,18.68,18.14,18.35,1415970.23
2023-03-09 16:00:00,18.36,18.4,17.5,17.74,1971823.83
2023-03-09 20:00:00,17.74,17.74,16.69,17.33,2940716.42
2023-03-10 00:00:00,17.34,17.36,16.79,17.16,1274343.71
2023-03-10 04:00:00,17.15,17.19,16.6,16.98,1122512.06
2023-03-10 08:00:00,16.99,17.03,16.0,16.71,2054231.12
2023-03-10 12:00:00,16.71,17.93,16.59,17.67,3119685.16
2023-03-10 16:00:00,17.66,17.97,17.43,17.78,1124014.42
2023-03-10 20:00:00,17.77,18.36,17.46,18.17,825416.18
2023-03-11 00:00:00,18.17,18.89,18.02,18.18,1497399.93
2023-03-11 04:00:00,18.18,18.28,16.96,17.07,1276636.89
2023-03-11 08:00:00,17.06,17.76,16.94,17.4,1355772.78
2023-03-11 12:00:00,17.41,17.53,17.07,17.14,657023.09
2023-03-11 16:00:00,17.15,17.96,17.0,17.95,926701.86
2023-03-11 20:00:00,17.95,18.2,17.83,18.07,879571.86
2023-03-12 00:00:00,18.07,18.13,17.78,17.92,427676.15
2023-03-12 04:00:00,17.93,18.1,17.71,17.83,419310.22
2023-03-12 08:00:00,17.84,18.28,17.8,18.13,412631.21
2023-03-12 12:00:00,18.13,18.14,17.74,17.84,606391.01
2023-03-12 16:00:00,17.85,18.84,17.78,18.38,1761561.98
2023-03-12 20:00:00,18.38,20.53,18.37,20.2,2928276.06
2023-03-13 00:00:00,20.19,20.58,19.46,19.54,1890251.68
2023-03-13 04:00:00,19.54,19.85,19.52,19.75,790218.61
2023-03-13 08:00:00,19.74,19.79,18.9,19.21,1302486.68
2023-03-13 12:00:00,19.22,21.47,18.87,20.71,4351833.27
2023-03-13 16:00:00,20.71,20.99,20.32,20.52,1507240.95
2023-03-13 20:00:00,20.52,20.62,20.15,20.4,810071.12
2023-03-14 00:00:00,20.4,20.5,20.15,20.42,633476.48
2023-03-14 04:00:00,20.42,20.68,19.93,20.0,784064.18
2023-03-14 08:00:00,20.01,20.23,19.75,20.12,742180.09
2023-03-14 12:00:00,20.12,22.12,20.03,21.91,3993469.65
2023-03-14 16:00:00,21.91,22.0,20.34,20.91,2404501.91
2023-03-14 20:00:00,20.91,21.04,20.23,20.86,1255172.08
2023-03-15 00:00:00,20.86,21.22,20.58,21.04,728798.0
2023-03-15 04:00:00,21.05,21.46,20.98,21.24,554982.76
2023-03-15 08:00:00,21.23,21.24,20.17,20.58,914357.96
2023-03-15 12:00:00,20.59,21.02,19.07,19.24,2622334.65
2023-03-15 16:00:00,19.25,19.44,18.7,19.09,2178683.19
2023-03-15 20:00:00,19.09,19.48,19.0,19.24,662012.16
2023-03-16 00:00:00,19.25,19.49,18.88,19.32,649609.46
2023-03-16 04:00:00,19.32,19.63,19.05,19.51,609323.96
2023-03-16 08:00:00,19.51,19.82,19.26,19.67,781438.6
2023-03-16 12:00:00,19.66,19.71,19.03,19.58,1065285.55
2023-03-16 16:00:00,19.59,19.9,19.28,19.75,770152.97
2023-03-16 20:00:00,19.76,19.78,19.27,19.67,506072.14
2023-03-17 00:00:00,19.67,20.26,19.42,19.99,783897.25
2023-03-17 04:00:00,20.0,20.27,19.88,20.01,636820.12
2023-03-17 08:00:00,20.01,20.73,19.93,20.68,930634.78
2023-03-17 12:00:00,20.69,20.69,19.81,20.04,1023726.5
2023-03-17 16:00:00,20.03,20.63,19.9,20.54,924639.18
2023-03-17 20:00:00,20.55,21.69,20.32,21.6,1554028.32
2023-03-18 00:00:00,21.6,22.94,21.27,22.64,2426843.25
2023-03-18 04:00:00,22.64,22.87,22.11,22.18,997769.86
2023-03-18 08:00:00,22.17,22.51,21.78,22.49,915942.69
2023-03-18 12:00:00,22.48,22.52,21.44,21.84,1162181.63
2023-03-18 16:00:00,21.83,22.39,21.22,21.93,1193165.89
2023-03-18 20:00:00,21.93,22.17,21.05,21.2,722068.93
2023-03-19 00:00:00,21.2,21.85,21.19,21.82,473188.92
2023-03-19 04:00:00,21.82,21.93,21.29,21.56,453334.49
2023-03-19 08:00:00,21.55,21.77,21.22,21.7,562514.31
2023-03-19 12:00:00,21.69,22.13,21.48,22.01,728200.73
2023-03-19 16:00:00,22.0,22.43,21.97,22.19,1171110.28
2023-03-19 20:00:00,22.2,22.29,21.7,21.86,902641.3
2023-03-20 00:00:00,21.86,22.97,21.61,21.69,1805687.05
2023-03-20 04:00:00,21.69,23.16,21.35,23.09,1532236.28
2023-03-20 08:00:00,23.1,23.6,22.91,23.32,2046637.72
2023-03-20 12:00:00,23.33,23.91,22.93,23.17,1798760.91
2023-03-20 16:00:00,23.16,23.44,21.83,22.13,1990089.59
2023-03-20 20:00:00,22.14,22.79,22.0,22.13,883017.58
2023-03-21 00:00:00,22.13,22.73,22.0,22.45,1009579.27
2023-03-21 04:00:00,22.45,22.63,21.7,21.93,835940.03
2023-03-21 08:00:00,21.94,22.52,21.51,22.44,1112451.63
2023-03-21 12:00:00,22.45,23.33,22.35,22.92,1673096.65
2023-03-21 16:00:00,22.92,23.2,22.12,22.52,1246155.61
2023-03-21 20:00:00,22.52,22.67,22.25,22.53,670644.19
2023-03-22 00:00:00,22.52,22.53,22.02,22.3,576902.2
2023-03-22 04:00:00,22.31,22.56,22.2,22.31,546526.57
2023-03-22 08:00:00,22.31,22.71,22.1,22.48,867184.35
2023-03-22 12:00:00,22.48,23.09,22.32,22.63,1170701.52
2023-03-22 16:00:00,22.64,22.95,20.93,21.1,3846459.83
2023-03-22 20:00:00,21.1,21.85,20.96,21.42,1594518.51
2023-03-23 00:00:00,21.41,21.6,21.08,21.26,633172.2
2023-03-23 04:00:00,21.26,21.73,21.19,21.7,469482.13
2023-03-23 08:00:00,21.7,21.8,21.57,21.76,400730.33
2023-03-23 12:00:00,21.76,22.66,21.38,22.4,1400359.65
2023-03-23 16:00:00,22.39,22.95,21.7,22.09,1599014.91
2023-03-23 20:00:00,22.09,22.25,21.89,22.16,546652.14
2023-03-24 00:00:00,22.16,22.27,22.02,22.09,332575.96
2023-03-24 04:00:00,22.08,22.14,21.87,21.99,319121.92
2023-03-24 08:00:00,21.98,22.02,21.46,21.73,661055.71
2023-03-24 12:00:00,21.73,21.73,20.99,21.2,736877.21
2023-03-24 16:00:00,21.21,21.33,20.26,20.75,2173280.94
2023-03-24 20:00:00,20.76,20.8,20.33,20.66,773086.47
2023-03-25 00:00:00,20.66,20.93,20.62,20.72,371256.57
2023-03-25 04:00:00,20.73,20.81,20.5,20.62,239414.87
2023-03-25 08:00:00,20.61,20.71,20.4,20.66,300108.96
2023-03-25 12:00:00,20.66,20.98,20.56,20.87,475581.28
2023-03-25 16:00:00,20.88,20.91,20.09,20.14,606578.19
2023-03-25 20:00:00,20.13,20.45,20.11,20.41,345193.69
2023-03-26 00:00:00,20.4,20.76,20.29,20.67,267460.26
2023-03-26 04:00:00,20.67,20.88,20.63,20.76,176432.39
2023-03-26 08:00:00,20.76,20.96,20.7,20.83,326428.9
2023-03-26 12:00:00,20.84,21.14,20.74,20.82,538512.29
2023-03-26 16:00:00,20.82,21.01,20.65,20.92,263740.03
2023-03-26 20:00:00,20.91,21.1,20.76,20.94,276025.22
2023-03-27 00:00:00,20.94,20.99,20.57,20.72,293093.04
2023-03-27 04:00:00,20.71,20.75,20.37,20.45,358929.27
2023-03-27 08:00:00,20.44,20.66,20.35,20.61,338338.09
2023-03-27 12:00:00,20.61,20.71,19.33,19.78,1565537.03
2023-03-27 16:00:00,19.77,19.97,19.6,19.68,653870.76
2023-03-27 20:00:00,19.69,19.95,19.59,19.91,346616.19
2023-03-28 00:00:00,19.91,19.99,19.6,19.71,340325.45
2023-03-28 04:00:00,19.72,20.08,19.71,19.88,343076.26
2023-03-28 08:00:00,19.88,20.19,19.61,20.09,487542.54
2023-03-28 12:00:00,20.1,20.4,19.82,20.24,806862.42
2023-03-28 16:00:00,20.25,20.88,20.04,20.7,910908.07
2023-03-28 20:00:00,20.7,20.75,20.23,20.45,427747.67
2023-03-29 00:00:00,20.45,20.87,20.43,20.66,341477.45
2023-03-29 04:00:00,20.66,21.29,20.62,21.2,714252.37
2023-03-29 08:00:00,21.2,21.56,21.11,21.2,724629.62
2023-03-29 12:00:00,21.21,21.36,20.95,21.24,685214.01
2023-03-29 16:00:00,21.23,21.25,20.95,21.17,505793.39
2023-03-29 20:00:00,21.18,21.33,20.91,21.1,406156.44
2023-03-30 00:00:00,21.1,21.67,20.58,21.06,1311054.07
2023-03-30 04:00:00,21.06,21.22,20.85,21.03,488476.66
2023-03-30 08:00:00,21.02,21.05,20.52,20.68,557102.83
2023-03-30 12:00:00,20.68,20.7,20.41,20.53,818698.49
2023-03-30 16:00:00,20.54,20.54,20.16,20.49,782809.57
2023-03-30 20:00:00,20.5,20.73,20.38,20.55,391436.16
2023-03-31 00:00:00,20.55,20.75,20.44,20.53,383842.76
2023-03-31 04:00:00,20.54,20.62,20.04,20.29,468997.61
2023-03-31 08:00:00,20.29,20.42,20.22,20.32,298561.04
2023-03-31 12:00:00,20.31,21.0,20.2,20.87,924822.82
2023-03-31 16:00:00,20.87,21.01,20.69,20.97,528732.02
2023-03-31 20:00:00,20.98,21.49,20.83,21.16,623435.02
2023-04-01 00:00:00,21.15,21.34,20.92,21.03,449477.06
2023-04-01 04:00:00,21.03,21.28,20.84,21.02,354734.23
2023-04-01 08:00:00,21.02,21.11,20.92,21.03,225019.33
2023-04-01 12:00:00,21.02,21.09,20.86,20.96,249587.28
2023-04-01 16:00:00,20.96,21.04,20.74,20.94,321993.54
2023-04-01 20:00:00,20.94,21.22,20.94,21.08,223652.11
2023-04-02 00:00:00,21.07,21.15,20.88,21.02,168332.61
2023-04-02 04:00:00,21.03,21.3,20.92,21.18,199641.18
2023-04-02 08:00:00,21.18,21.2,20.97,20.99,196357.18
2023-04-02 12:00:00,20.98,21.0,20.43,20.58,606662.44
2023-04-02 16:00:00,20.59,20.68,20.23,20.34,386247.26
2023-04-02 20:00:00,20.34,20.57,20.27,20.52,265104.91
2023-04-03 00:00:00,20.52,20.56,19.94,20.04,540266.98
2023-04-03 04:00:00,20.04,20.27,20.0,20.26,279924.01
2023-04-03 08:00:00,20.27,20.58,20.25,20.41,541846.49
2023-04-03 12:00:00,20.4,20.6,20.07,20.32,503266.81
2023-04-03 16:00:00,20.33,20.96,20.15,20.9,1087176.03
2023-04-03 20:00:00,20.91,20.99,20.05,20.45,1031605.25
2023-04-04 00:00:00,20.45,20.57,20.28,20.42,273681.59
2023-04-04 04:00:00,20.42,20.65,20.33,20.52,266634.57
2023-04-04 08:00:00,20.53,21.0,20.47,20.97,579025.81
2023-04-04 12:00:00,20.97,21.26,20.68,20.86,846370.9
2023-04-04 16:00:00,20.86,21.01,20.75,20.94,297052.2
2023-04-04 20:00:00,20.94,21.08,20.83,20.92,252098.82
2023-04-05 00:00:00,20.91,21.34,20.83,21.14,556930.0
2023-04-05 04:00:00,21.14,21.31,21.11,21.19,303875.96
2023-04-05 08:00:00,21.18,21.28,21.07,21.18,289705.54
2023-04-05 12:00:00,21.19,21.24,20.58,20.8,893690.35
2023-04-05 16:00:00,20.81,20.97,20.64,20.92,372041.99
2023-04-05 20:00:00,20.91,21.04,20.82,20.97,186828.42
2023-04-06 00:00:00,20.96,20.99,20.51,20.83,317440.0
2023-04-06 04:00:00,20.83,20.83,20.62,20.64,164148.87
2023-04-06 08:00:00,20.63,20.76,20.43,20.69,372865.47
2023-04-06 12:00:00,20.68,20.82,20.46,20.74,395782.29
2023-04-06 16:00:00,20.75,20.86,20.61,20.72,246772.71
2023-04-06 20:00:00,20.72,20.78,20.53,20.62,177271.16
2023-04-07 00:00:00,20.62,20.78,20.4,20.55,250506.66
2023-04-07 04:00:00,20.56,20.57,20.22,20.28,292955.96
2023-04-07 08:00:00,20.28,20.44,20.23,20.31,212203.4
2023-04-07 12:00:00,20.32,20.64,20.27,20.54,250617.72
2023-04-07 16:00:00,20.54,20.57,20.42,20.49,104288.59
2023-04-07 20:00:00,20.49,20.53,20.35,20.44,110290.14
2023-04-08 00:00:00,20.44,20.5,20.27,20.48,154901.7
2023-04-08 04:00:00,20.47,20.74,20.44,20.6,223265.69
2023-04-08 08:00:00,20.6,20.65,20.52,20.57,102945.26
2023-04-08 12:00:00,20.57,20.58,20.33,20.45,176734.57
2023-04-08 16:00:00,20.45,20.45,20.07,20.2,327417.04
2023-04-08 20:00:00,20.2,20.24,19.85,20.04,623729.22
2023-04-09 00:00:00,20.04,20.23,20.02,20.11,189662.35
2023-04-09 04:00:00,20.1,20.25,19.87,20.01,186914.09
2023-04-09 08:00:00,20.01,20.2,19.95,20.19,125279.93
2023-04-09 12:00:00,20.18,20.32,20.0,20.13,167774.57
2023-04-09 16:00:00,20.12,20.42,20.06,20.27,214999.33
2023-04-09 20:00:00,20.28,20.44,20.2,20.28,166978.57
2023-04-10 00:00:00,20.29,20.35,20.13,20.26,138405.62
2023-04-10 04:00:00,20.26,20.33,20.18,20.23,86399.25
2023-04-10 08:00:00,20.24,20.44,20.22,20.29,167454.14
2023-04-10 12:00:00,20.29,20.31,20.08,20.22,249365.97
2023-04-10 16:00:00,20.22,20.71,20.17,20.69,557882.4
2023-04-10 20:00:00,20.69,20.95,20.53,20.89,415622.26
2023-04-11 00:00:00,20.89,21.3,20.82,21.27,710098.94
2023-04-11 04:00:00,21.27,22.68,21.21,22.47,2163752.83
2023-04-11 08:00:00,22.47,22.6,22.2,22.21,883954.61
2023-04-11 12:00:00,22.22,23.5,22.12,23.32,2045321.79
2023-04-11 16:00:00,23.32,23.68,23.03,23.42,1522471.32
2023-04-11 20:00:00,23.43,23.47,22.82,22.98,972260.5
2023-04-12 00:00:00,22.99,23.55,22.29,22.56,1636785.47
2023-04-12 04:00:00,22.56,24.05,22.5,23.69,2000132.78
2023-04-12 08:00:00,23.69,23.9,23.27,23.5,1117351.96
2023-04-12 12:00:00,23.5,24.48,23.26,23.61,2825991.88
2023-04-12 16:00:00,23.61,24.48,23.54,23.89,2090608.58
2023-04-12 20:00:00,23.89,24.18,23.61,23.8,703392.41
2023-04-13 00:00:00,23.81,24.13,23.63,24.0,771656.44
2023-04-13 04:00:00,24.0,24.29,23.87,24.13,582717.35
2023-04-13 08:00:00,24.13,24.55,23.9,24.31,1177169.43
2023-04-13 12:00:00,24.31,25.3,24.26,24.63,2345143.47
2023-04-13 16:00:00,24.62,24.89,24.38,24.73,718020.5
2023-04-13 20:00:00,24.74,24.79,24.29,24.43,468678.59
2023-04-14 00:00:00,24.43,25.44,24.21,25.08,1868297.26
2023-04-14 04:00:00,25.09,25.49,24.84,24.9,988252.61
2023-04-14 08:00:00,24.9,25.13,24.8,25.02,545720.89
2023-04-14 12:00:00,25.01,25.09,23.79,23.83,1450893.37
2023-04-14 16:00:00,23.83,24.73,23.73,24.52,981225.77
2023-04-14 20:00:00,24.53,24.98,24.43,24.71,597736.91
2023-04-15 00:00:00,24.72,24.8,24.14,24.26,497362.9
2023-04-15 04:00:00,24.26,24.5,24.0,24.41,342789.63
2023-04-15 08:00:00,24.42,24.52,24.21,24.35,573001.48
2023-04-15 12:00:00,24.35,24.51,24.16,24.34,436262.87
2023-04-15 16:00:00,24.34,24.41,23.84,24.04,745015.22
2023-04-15 20:00:00,24.04,24.15,23.81,24.05,266994.82
2023-04-16 00:00:00,24.05,24.48,23.81,24.32,548854.45
2023-04-16 04:00:00,24.32,24.44,24.18,24.25,274532.74
2023-04-16 08:00:00,24.25,24.34,23.99,24.05,286429.61
2023-04-16 12:00:00,24.06,24.35,23.99,24.32,271205.4
2023-04-16 16:00:00,24.32,24.83,24.19,24.53,584540.44
2023-04-16 20:00:00,24.54,25.49,24.31,25.34,1505855.03
2023-04-17 00:00:00,25.34,26.0,24.8,25.81,1790076.07
2023-04-17 04:00:00,25.81,25.97,25.08,25.12,814534.17
2023-04-17 08:00:00,25.12,25.38,24.6,24.92,829603.33
2023-04-17 12:00:00,24.91,25.46,24.28,24.53,1361654.94
2023-04-17 16:00:00,24.54,24.89,24.34,24.73,512370.28
2023-04-17 20:00:00,24.73,24.8,24.46,24.58,323298.71
2023-04-18 00:00:00,24.57,24.67,24.0,24.42,632343.12
2023-04-18 04:00:00,24.43,25.15,24.35,25.1,572522.82
2023-04-18 08:00:00,25.1,25.44,24.86,25.34,665796.85
2023-04-18 12:00:00,25.35,25.4,24.83,24.92,733268.39
2023-04-18 16:00:00,24.92,25.0,24.42,24.68,534062.85
2023-04-18 20:00:00,24.68,24.91,24.58,24.82,339510.57
2023-04-19 00:00:00,24.82,24.98,24.53,24.61,323245.63
2023-04-19 04:00:00,24.61,24.78,24.26,24.36,616429.3
2023-04-19 08:00:00,24.36,24.37,21.71,23.21,3222855.94
2023-04-19 12:00:00,23.21,23.55,22.93,23.33,921751.86
2023-04-19 16:00:00,23.34,23.49,22.83,22.99,626274.08
2023-04-19 20:00:00,22.98,23.16,22.14,22.66,939991.18
2023-04-20 00:00:00,22.66,23.09,22.37,22.86,484669.02
2023-04-20 04:00:00,22.87,23.08,22.57,22.61,794034.28
2023-04-20 08:00:00,22.6,22.87,22.23,22.33,835022.62
2023-04-20 12:00:00,22.34,23.18,22.06,22.13,1148539.55
2023-04-20 16:00:00,22.13,22.44,21.59,21.79,1785372.78
2023-04-20 20:00:00,21.78,22.3,21.68,22.2,438574.31
2023-04-21 00:00:00,22.19,22.41,21.99,22.31,300357.65
2023-04-21 04:00:00,22.31,22.36,21.81,22.26,513373.58
2023-04-21 08:00:00,22.26,22.4,21.93,22.03,367518.63
2023-04-21 12:00:00,22.02,22.3,21.8,21.88,596299.85
2023-04-21 16:00:00,21.87,21.94,21.0,21.21,1629573.36
2023-04-21 20:00:00,21.21,21.5,21.0,21.25,787373.3
2023-04-22 00:00:00,21.26,21.4,21.05,21.37,264878.8
2023-04-22 04:00:00,21.38,21.5,21.23,21.27,153816.32
2023-04-22 08:00:00,21.28,21.4,21.21,21.37,149697.35
2023-04-22 12:00:00,21.37,21.74,21.36,21.74,491746.29
2023-04-22 16:00:00,21.73,21.94,21.61,21.77,453268.65
2023-04-22 20:00:00,21.77,21.99,21.69,21.79,317806.68
2023-04-23 00:00:00,21.79,21.8,21.44,21.72,225561.69
2023-04-23 04:00:00,21.71,22.15,21.68,22.07,377710.84
2023-04-23 08:00:00,22.07,22.21,21.92,22.13,508130.62
2023-04-23 12:00:00,22.13,22.25,21.48,21.66,535081.98
2023-04-23 16:00:00,21.65,21.69,20.91,21.19,832963.08
2023-04-23 20:00:00,21.19,21.55,21.09,21.47,274691.44
2023-04-24 00:00:00,21.47,22.02,21.26,21.72,614338.31
2023-04-24 04:00:00,21.72,21.79,21.18,21.29,469381.48
2023-04-24 08:00:00,21.28,21.74,21.13,21.74,422342.52
2023-04-24 12:00:00,21.73,22.0,21.29,21.35,693027.01
2023-04-24 16:00:00,21.34,21.56,21.0,21.32,688868.7
2023-04-24 20:00:00,21.32,21.48,21.26,21.38,232656.14
2023-04-25 00:00:00,21.39,21.46,20.82,20.87,504424.46
2023-04-25 04:00:00,20.88,21.16,20.84,20.89,411095.26
2023-04-25 08:00:00,20.88,21.05,20.73,21.0,542144.6
2023-04-25 12:00:00,21.01,21.17,20.76,20.88,673672.84
2023-04-25 16:00:00,20.87,21.3,20.77,21.17,504036.52
2023-04-25 20:00:00,21.18,21.97,21.16,21.93,679225.86
2023-04-26 00:00:00,21.94,22.08,21.73,21.8,326917.56
2023-04-26 04:00:00,21.81,22.17,21.81,21.92,450496.1
2023-04-26 08:00:00,21.93,22.64,21.92,22.46,838633.96
2023-04-26 12:00:00,22.46,22.97,22.45,22.68,1364531.97
2023-04-26 16:00:00,22.67,22.85,20.8,21.09,1960644.51
2023-04-26 20:00:00,21.09,21.54,20.36,21.28,1716644.03
2023-04-27 00:00:00,21.28,22.08,21.18,21.63,1349063.74
2023-04-27 04:00:00,21.62,22.0,21.51,21.68,496710.29
2023-04-27 08:00:00,21.67,21.77,21.52,21.65,382423.78
2023-04-27 12:00:00,21.64,22.46,21.31,22.25,1145736.96
2023-04-27 16:00:00,22.25,22.52,22.03,22.33,826815.8
2023-04-27 20:00:00,22.33,22.49,22.13,22.33,502364.46
2023-04-28 00:00:00,22.34,22.68,22.19,22.31,382250.65
2023-04-28 04:00:00,22.31,22.65,22.3,22.61,302048.96
2023-04-28 08:00:00,22.62,22.87,22.34,22.49,563417.43
2023-04-28 12:00:00,22.49,22.75,22.16,22.38,635426.96
2023-04-28 16:00:00,22.38,23.47,22.37,23.31,1963451.63
2023-04-28 20:00:00,23.32,23.5,23.12,23.34,575728.75
2023-04-29 00:00:00,23.34,23.49,23.2,23.3,333135.02
2023-04-29 04:00:00,23.31,23.41,23.13,23.26,238289.01
2023-04-29 08:00:00,23.26,23.36,23.18,23.29,279509.96
2023-04-29 12:00:00,23.28,23.89,23.25,23.35,1247283.16
2023-04-29 16:00:00,23.34,23.4,22.9,23.31,473487.16
2023-04-29 20:00:00,23.3,23.31,22.92,23.19,622995.24
2023-04-30 00:00:00,23.18,23.21,22.97,23.15,227881.53
2023-04-30 04:00:00,23.15,23.49,23.07,23.42,289103.62
2023-04-30 08:00:00,23.42,23.74,23.42,23.49,359368.57
2023-04-30 12:00:00,23.49,23.99,23.33,23.67,632432.88
2023-04-30 16:00:00,23.68,23.88,23.04,23.18,797836.28
2023-04-30 20:00:00,23.18,23.33,22.69,22.74,804320.52
2023-05-01 00:00:00,22.73,22.88,21.91,22.18,1369271.87
2023-05-01 04:00:00,22.18,22.38,22.01,22.33,346635.04
2023-05-01 08:00:00,22.34,22.36,22.14,22.21,261421.85
2023-05-01 12:00:00,22.21,22.31,21.74,21.89,700061.59
2023-05-01 16:00:00,21.89,22.0,21.54,21.74,716342.85
2023-05-01 20:00:00,21.74,22.07,21.6,21.96,364901.01
2023-05-02 00:00:00,21.95,22.02,21.75,21.87,203969.95
2023-05-02 04:00:00,21.87,22.01,21.75,21.91,171807.63
2023-05-02 08:00:00,21.91,22.06,21.8,21.98,348227.03
2023-05-02 12:00:00,21.99,22.31,21.77,22.19,1042310.92
2023-05-02 16:00:00,22.19,22.38,22.09,22.29,442102.58
2023-05-02 20:00:00,22.3,22.35,22.16,22.25,358394.98
2023-05-03 00:00:00,22.25,22.27,21.75,21.89,484563.64
2023-05-03 04:00:00,21.89,22.01,21.6,21.75,484817.28
2023-05-03 08:00:00,21.74,21.85,21.34,21.41,557328.71
2023-05-03 12:00:00,21.4,21.52,21.23,21.33,806941.91
2023-05-03 16:00:00,21.32,21.72,21.27,21.4,951487.18
2023-05-03 20:00:00,21.41,22.3,21.39,22.24,896836.56
2023-05-04 00:00:00,22.24,22.49,22.13,22.24,572061.19
2023-05-04 04:00:00,22.23,22.35,22.1,22.12,257185.7
2023-05-04 08:00:00,22.11,22.45,22.08,22.24,340246.88
2023-05-04 12:00:00,22.25,22.33,21.76,21.82,766575.66
2023-05-04 16:00:00,21.81,21.92,21.61,21.75,390438.91
2023-05-04 20:00:00,21.75,21.8,21.62,21.74,203127.22
2023-05-05 00:00:00,21.74,22.12,21.67,21.9,430174.02
2023-05-05 04:00:00,21.9,22.01,21.66,21.79,367972.71
2023-05-05 08:00:00,21.78,22.04,21.77,22.01,272029.48
2023-05-05 12:00:00,22.02,22.49,21.56,22.32,1022544.48
2023-05-05 16:00:00,22.32,22.95,22.31,22.87,1128484.58
2023-05-05 20:00:00,22.88,23.07,22.76,22.82,415198.8
2023-05-06 00:00:00,22.82,23.23,22.64,22.72,543739.68
2023-05-06 04:00:00,22.72,22.8,22.54,22.64,355089.89
2023-05-06 08:00:00,22.63,22.68,22.44,22.67,353793.42
2023-05-06 12:00:00,22.67,22.69,21.56,21.79,1051412.91
2023-05-06 16:00:00,21.78,22.16,21.73,21.98,376337.66
2023-05-06 20:00:00,21.98,22.02,21.82,21.91,169372.1
2023-05-07 00:00:00,21.91,22.03,21.72,21.88,351629.4
2023-05-07 04:00:00,21.88,22.07,21.87,22.05,134011.39
2023-05-07 08:00:00,22.06,22.24,21.93,22.1,278404.55
2023-05-07 12:00:00,22.1,22.56,22.1,22.46,503629.07
2023-05-07 16:00:00,22.46,22.78,22.36,22.44,711965.48
2023-05-07 20:00:00,22.44,22.57,21.63,21.66,974745.08
2023-05-08 00:00:00,21.65,21.81,20.75,21.3,1155316.37
2023-05-08 04:00:00,21.3,21.44,20.92,21.22,562475.41
2023-05-08 08:00:00,21.22,21.32,21.05,21.26,648881.24
2023-05-08 12:00:00,21.27,21.39,21.07,21.16,686846.99
2023-05-08 16:00:00,21.16,21.2,20.0,20.39,1650861.75
2023-05-08 20:00:00,20.39,20.75,20.32,20.62,550042.79
2023-05-09 00:00:00,20.63,20.8,20.51,20.62,360680.24
2023-05-09 04:00:00,20.63,20.72,20.41,20.69,324403.3
2023-05-09 08:00:00,20.69,20.81,20.51,20.81,349376.98
2023-05-09 12:00:00,20.81,21.0,20.49,20.55,606834.42
2023-05-09 16:00:00,20.55,20.85,20.4,20.62,449427.47
2023-05-09 20:00:00,20.61,20.73,20.42,20.65,284751.19
2023-05-10 00:00:00,20.66,20.88,20.61,20.7,370677.33
2023-05-10 04:00:00,20.71,20.82,20.53,20.54,349275.35
2023-05-10 08:00:00,20.55,20.76,20.48,20.75,298632.54
2023-05-10 12:00:00,20.75,21.31,20.64,21.09,1250251.79
2023-05-10 16:00:00,21.08,21.19,19.74,20.96,2051911.07
2023-05-10 20:00:00,20.96,21.28,20.85,20.91,736422.22
2023-05-11 00:00:00,20.92,20.93,20.52,20.55,347420.55
2023-05-11 04:00:00,20.55,20.7,20.53,20.6,186284.49
2023-05-11 08:00:00,20.59,20.64,20.31,20.49,321260.5
2023-05-11 12:00:00,20.5,20.76,19.9,20.17,1298887.12
2023-05-11 16:00:00,20.16,20.2,19.69,20.0,1256246.19
2023-05-11 20:00:00,20.01,20.31,19.96,20.17,311616.25
2023-05-12 00:00:00,20.17,20.28,19.83,19.98,310620.69
2023-05-12 04:00:00,19.98,20.21,19.8,20.09,353799.98
2023-05-12 08:00:00,20.09,20.36,20.05,20.28,312068.88
2023-05-12 12:00:00,20.27,20.75,20.27,20.3,670945.0
2023-05-12 16:00:00,20.29,20.54,19.91,20.49,818478.19
2023-05-12 20:00:00,20.48,20.95,20.41,20.9,610539.44
2023-05-13 00:00:00,20.91,21.19,20.8,21.15,417362.62
2023-05-13 04:00:00,21.15,21.25,20.98,21.22,333428.24
2023-05-13 08:00:00,21.22,21.29,21.03,21.08,247818.03
2023-05-13 12:00:00,21.08,21.13,20.77,20.87,364787.27
2023-05-13 16:00:00,20.87,21.13,20.79,20.94,247220.27
2023-05-13 20:00:00,20.94,21.03,20.83,20.84,224805.18
2023-05-14 00:00:00,20.83,21.0,20.62,20.94,573692.24
2023-05-14 04:00:00,20.95,21.2,20.91,21.09,230512.03
2023-05-14 08:00:00,21.1,21.12,20.94,20.97,88237.28
2023-05-14 12:00:00,20.96,21.28,20.85,21.18,313603.25
2023-05-14 16:00:00,21.17,21.2,20.86,20.93,190203.79
2023-05-14 20:00:00,20.92,20.99,20.82,20.93,157126.49
2023-05-15 00:00:00,20.93,21.29,20.6,21.22,789868.92
2023-05-15 04:00:00,21.23,21.5,21.1,21.39,481011.1
2023-05-15 08:00:00,21.39,21.52,21.26,21.28,387280.02
2023-05-15 12:00:00,21.29,21.46,21.18,21.37,381999.94
2023-05-15 16:00:00,21.38,21.49,21.11,21.16,425868.29
2023-05-15 20:00:00,21.16,21.17,20.93,20.99,392289.56
2023-05-16 00:00:00,20.98,21.13,20.67,20.86,468864.91
2023-05-16 04:00:00,20.86,21.07,20.75,21.04,349093.0
2023-05-16 08:00:00,21.05,21.11,20.8,20.88,244925.96
2023-05-16 12:00:00,20.87,20.9,20.65,20.78,543910.86
2023-05-16 16:00:00,20.78,20.82,20.47,20.5,410115.7
2023-05-16 20:00:00,20.5,20.73,20.43,20.67,705491.01
2023-05-17 00:00:00,20.68,21.08,20.58,20.96,404528.1
2023-05-17 04:00:00,20.97,21.01,20.53,20.56,368199.68
2023-05-17 08:00:00,20.56,20.69,20.47,20.52,334964.58
2023-05-17 12:00:00,20.53,20.73,20.42,20.59,414986.9
2023-05-17 16:00:00,20.59,21.15,20.54,21.03,688507.37
2023-05-17 20:00:00,21.03,21.23,20.93,21.06,403227.38
2023-05-18 00:00:00,21.06,21.09,20.88,21.03,313603.66
2023-05-18 04:00:00,21.04,21.05,20.75,20.92,385525.12
2023-05-18 08:00:00,20.93,20.96,20.74,20.84,353871.02
2023-05-18 12:00:00,20.83,20.84,20.47,20.53,542602.88
2023-05-18 16:00:00,20.52,20.6,20.07,20.34,795290.79
2023-05-18 20:00:00,20.34,20.52,20.28,20.34,233477.05
2023-05-19 00:00:00,20.35,20.42,20.27,20.34,232688.64
2023-05-19 04:00:00,20.34,20.48,20.3,20.44,132628.33
2023-05-19 08:00:00,20.43,20.52,20.37,20.45,169429.4
2023-05-19 12:00:00,20.45,20.59,20.21,20.4,381041.27
2023-05-19 16:00:00,20.41,20.51,20.31,20.37,194362.96
2023-05-19 20:00:00,20.37,20.4,20.32,20.36,104392.89
2023-05-20 00:00:00,20.35,20.37,20.15,20.27,159801.06
2023-05-20 04:00:00,20.27,20.29,20.08,20.16,170745.42
2023-05-20 08:00:00,20.17,20.26,20.16,20.22,145768.6
2023-05-20 12:00:00,20.21,20.31,20.18,20.28,104555.22
2023-05-20 16:00:00,20.28,20.36,20.2,20.29,162564.7
2023-05-20 20:00:00,20.29,20.31,20.21,20.28,113283.98
2023-05-21 00:00:00,20.28,20.39,20.22,20.24,125034.62
2023-05-21 04:00:00,20.24,20.29,20.22,20.28,73518.93
2023-05-21 08:00:00,20.29,20.33,20.08,20.15,213026.78
2023-05-21 12:00:00,20.14,20.19,19.81,19.94,563344.81
2023-05-21 16:00:00,19.93,20.01,19.83,19.98,342095.72
2023-05-21 20:00:00,19.98,20.06,19.33,19.61,659313.92
2023-05-22 00:00:00,19.61,19.68,19.28,19.54,472971.21
2023-05-22 04:00:00,19.54,19.79,19.52,19.69,227106.14
2023-05-22 08:00:00,19.69,19.92,19.69,19.87,308324.95
2023-05-22 12:00:00,19.87,20.03,19.57,19.67,486832.84
2023-05-22 16:00:00,19.67,19.76,19.57,19.68,303260.0
2023-05-22 20:00:00,19.69,19.75,19.51,19.53,256432.18
2023-05-23 00:00:00,19.52,20.18,19.42,20.04,671932.99
2023-05-23 04:00:00,20.04,20.11,19.74,19.84,366492.68
2023-05-23 08:00:00,19.85,19.94,19.74,19.92,256021.35
2023-05-23 12:00:00,19.92,20.07,19.81,20.0,436930.88
2023-05-23 16:00:00,20.01,20.16,19.88,20.02,454764.71
2023-05-23 20:00:00,20.03,20.12,19.98,20.02,280112.72
2023-05-24 00:00:00,20.02,20.07,19.44,19.56,524684.53
2023-05-24 04:00:00,19.55,19.6,19.38,19.42,367799.43
2023-05-24 08:00:00,19.43,19.56,19.31,19.42,244814.68
2023-05-24 12:00:00,19.43,19.49,18.66,19.17,1054704.02
2023-05-24 16:00:00,19.17,19.29,19.04,19.19,353987.76
2023-05-24 20:00:00,19.2,19.37,19.15,19.22,234611.15
2023-05-25 00:00:00,19.22,19.4,18.77,19.37,515845.49
2023-05-25 04:00:00,19.38,19.47,19.27,19.27,235493.67
2023-05-25 08:00:00,19.27,19.42,19.24,19.38,277651.22
2023-05-25 12:00:00,19.39,19.58,19.18,19.24,281869.48
2023-05-25 16:00:00,19.24,19.43,19.19,19.31,253992.47
2023-05-25 20:00:00,19.32,19.34,19.21,19.25,127890.56
2023-05-26 00:00:00,19.25,19.36,19.18,19.29,149789.24
2023-05-26 04:00:00,19.29,19.31,19.08,19.3,183769.67
2023-05-26 08:00:00,19.3,19.35,19.25,19.29,147122.76
2023-05-26 12:00:00,19.3,19.56,19.21,19.43,303259.65
2023-05-26 16:00:00,19.43,19.5,19.3,19.46,155275.51
2023-05-26 20:00:00,19.47,19.5,19.34,19.35,95055.69
2023-05-27 00:00:00,19.35,19.5,19.33,19.48,77035.76
2023-05-27 04:00:00,19.47,19.64,19.44,19.53,122668.88
2023-05-27 08:00:00,19.53,19.54,19.44,19.48,125349.18
2023-05-27 12:00:00,19.48,19.61,19.43,19.61,176790.86
2023-05-27 16:00:00,19.61,19.69,19.51,19.67,208860.47
2023-05-27 20:00:00,19.66,20.54,19.66,20.43,855289.88
2023-05-28 00:00:00,20.42,20.79,20.29,20.48,778837.89
2023-05-28 04:00:00,20.49,20.56,20.42,20.49,204639.31
2023-05-28 08:00:00,20.48,20.67,20.4,20.52,321556.97
2023-05-28 12:00:00,20.52,20.67,20.42,20.5,259898.85
2023-05-28 16:00:00,20.5,20.99,20.47,20.77,570986.25
2023-05-28 20:00:00,20.77,21.19,20.71,20.81,738540.3
2023-05-29 00:00:00,20.81,20.98,20.64,20.7,513409.64
2023-05-29 04:00:00,20.71,20.78,20.54,20.73,242698.63
2023-05-29 08:00:00,20.73,20.78,20.61,20.74,245153.37
2023-05-29 12:00:00,20.75,20.78,20.41,20.48,453592.26
2023-05-29 16:00:00,20.47,20.59,20.26,20.51,596610.27
2023-05-29 20:00:00,20.5,20.68,20.43,20.57,170888.21
2023-05-30 00:00:00,20.57,21.17,20.46,20.86,736902.67
2023-05-30 04:00:00,20.87,20.92,20.66,20.74,313053.3
2023-05-30 08:00:00,20.75,21.37,20.74,21.28,577843.45
2023-05-30 12:00:00,21.28,21.4,20.88,20.96,750894.19
2023-05-30 16:00:00,20.95,21.39,20.8,21.36,591885.76
2023-05-30 20:00:00,21.36,21.39,21.14,21.25,222074.54
2023-05-31 00:00:00,21.25,21.33,20.94,21.1,281632.57
2023-05-31 04:00:00,21.1,21.14,20.47,20.72,704191.66
2023-05-31 08:00:00,20.72,20.81,20.52,20.61,280005.62
2023-05-31 12:00:00,20.61,20.7,20.37,20.48,385784.52
2023-05-31 16:00:00,20.47,20.73,20.45,20.64,244433.65
2023-05-31 20:00:00,20.64,20.84,20.63,20.81,154577.94
2023-06-01 00:00:00,20.82,20.98,20.41,20.7,489397.5
2023-06-01 04:00:00,20.7,20.74,20.55,20.61,184922.29
2023-06-01 08:00:00,20.62,20.73,20.58,20.72,181120.74
2023-06-01 12:00:00,20.71,20.9,20.62,20.69,370898.47
2023-06-01 16:00:00,20.69,20.86,20.5,20.68,346070.58
2023-06-01 20:00:00,20.67,20.71,20.41,20.49,159887.89
2023-06-02 00:00:00,20.49,20.78,20.3,20.76,293977.52
2023-06-02 04:00:00,20.77,21.14,20.71,20.98,426843.73
2023-06-02 08:00:00,20.98,21.3,20.98,21.25,362159.85
2023-06-02 12:00:00,21.25,21.3,20.95,21.19,441142.77
2023-06-02 16:00:00,21.18,21.37,21.06,21.29,285586.76
2023-06-02 20:00:00,21.3,21.37,21.18,21.26,258455.48
2023-06-03 00:00:00,21.26,21.31,21.07,21.12,170153.39
2023-06-03 04:00:00,21.12,21.19,21.03,21.17,121653.26
2023-06-03 08:00:00,21.18,21.24,21.08,21.18,270231.02
2023-06-03 12:00:00,21.17,21.25,21.08,21.25,159738.98
2023-06-03 16:00:00,21.24,21.35,21.04,21.06,256335.37
2023-06-03 20:00:00,21.06,21.19,20.95,21.19,152803.86
2023-06-04 00:00:00,21.19,21.31,21.03,21.25,178125.0
2023-06-04 04:00:00,21.26,21.82,21.22,21.6,467105.42
2023-06-04 08:00:00,21.61,21.73,21.46,21.7,233189.21
2023-06-04 12:00:00,21.7,22.15,21.69,22.05,803005.69
2023-06-04 16:00:00,22.04,22.29,21.9,22.21,571231.3
2023-06-04 20:00:00,22.21,22.3,21.78,21.82,547350.54
2023-06-05 00:00:00,21.83,22.06,21.51,21.54,689128.61
2023-06-05 04:00:00,21.53,21.69,21.39,21.66,434249.93
2023-06-05 08:00:00,21.66,21.69,21.5,21.6,398652.16
2023-06-05 12:00:00,21.61,21.61,19.84,19.93,1768310.01
2023-06-05 16:00:00,19.92,20.58,19.03,20.03,2406807.45
2023-06-05 20:00:00,20.03,20.14,19.67,20.0,517892.08
2023-06-06 00:00:00,20.01,20.03,19.71,20.0,344591.76
2023-06-06 04:00:00,19.99,20.12,19.86,20.11,433571.68
2023-06-06 08:00:00,20.1,20.12,19.82,19.88,249819.3
2023-06-06 12:00:00,19.88,20.08,19.23,19.94,1742366.29
2023-06-06 16:00:00,19.95,20.66,19.91,20.59,1111256.32
2023-06-06 20:00:00,20.58,20.7,20.23,20.38,501928.79
2023-06-07 00:00:00,20.38,20.53,20.01,20.15,454245.96
2023-06-07 04:00:00,20.15,20.25,19.96,20.01,246392.05
2023-06-07 08:00:00,20.01,20.1,19.57,19.95,558764.76
2023-06-07 12:00:00,19.95,19.96,19.22,19.32,849311.26
2023-06-07 16:00:00,19.32,19.32,18.6,18.97,1109052.79
2023-06-07 20:00:00,18.98,18.99,18.5,18.64,624504.13
2023-06-08 00:00:00,18.64,18.88,18.23,18.47,535075.34
2023-06-08 04:00:00,18.47,18.78,18.39,18.64,442998.18
2023-06-08 08:00:00,18.65,18.83,18.55,18.79,417705.8
2023-06-08 12:00:00,18.79,19.0,18.71,18.92,635932.82
2023-06-08 16:00:00,18.92,18.93,18.56,18.86,345472.9
2023-06-08 20:00:00,18.85,19.11,18.82,18.89,292528.97
2023-06-09 00:00:00,18.88,18.92,18.59,18.76,312752.98
2023-06-09 04:00:00,18.76,18.81,18.47,18.59,256051.16
2023-06-09 08:00:00,18.58,19.37,18.55,19.27,582950.85
2023-06-09 12:00:00,19.27,19.33,18.49,18.7,908627.02
2023-06-09 16:00:00,18.71,18.71,17.22,17.39,1651999.16
2023-06-09 20:00:00,17.39,17.75,17.11,17.4,1043074.32
2023-06-10 00:00:00,17.4,17.43,16.03,16.29,2170498.45
2023-06-10 04:00:00,16.29,16.47,12.8,14.42,6671106.66
2023-06-10 08:00:00,14.42,15.07,14.25,14.92,2342382.28
2023-06-10 12:00:00,14.92,14.93,14.42,14.77,1834029.69
2023-06-10 16:00:00,14.77,15.87,14.52,15.32,3044008.0
2023-06-10 20:00:00,15.33,15.89,15.19,15.61,1149709.75
2023-06-11 00:00:00,15.61,15.79,15.39,15.57,791933.25
2023-06-11 04:00:00,15.57,15.73,15.28,15.4,828634.44
2023-06-11 08:00:00,15.4,15.71,15.29,15.53,815840.74
2023-06-11 12:00:00,15.53,15.68,15.11,15.22,1002163.41
2023-06-11 16:00:00,15.22,16.18,15.14,16.0,1607186.07
2023-06-11 20:00:00,16.0,16.15,15.37,15.55,1018259.37
2023-06-12 00:00:00,15.55,15.6,14.9,15.1,1049700.32
2023-06-12 04:00:00,15.09,15.31,15.0,15.09,546058.13
2023-06-12 08:00:00,15.09,15.69,15.02,15.4,927888.33
2023-06-12 12:00:00,15.4,15.47,15.14,15.2,681627.74
2023-06-12 16:00:00,15.2,15.33,14.74,14.96,1223559.27
2023-06-12 20:00:00,14.95,15.39,14.9,15.19,766524.2
2023-06-13 00:00:00,15.19,15.52,15.0,15.34,751179.5
2023-06-13 04:00:00,15.33,15.52,15.12,15.43,442418.86
2023-06-13 08:00:00,15.43,15.69,15.35,15.64,875317.11
2023-06-13 12:00:00,15.63,16.0,14.76,14.8,1661885.08
2023-06-13 16:00:00,14.8,15.16,14.78,14.97,641699.19
2023-06-13 20:00:00,14.97,15.08,14.86,15.04,441774.53
2023-06-14 00:00:00,15.03,15.3,14.92,15.25,320893.14
2023-06-14 04:00:00,15.24,15.27,15.0,15.05,334905.19
2023-06-14 08:00:00,15.06,15.24,15.04,15.2,243405.9
2023-06-14 12:00:00,15.21,15.29,15.01,15.11,388275.89
2023-06-14 16:00:00,15.1,15.37,14.87,15.09,1149352.7
2023-06-14 20:00:00,15.09,15.13,14.06,14.48,1542058.71
2023-06-15 00:00:00,14.49,15.08,14.42,14.92,764581.35
2023-06-15 04:00:00,14.92,14.93,14.64,14.81,594431.01
2023-06-15 08:00:00,14.81,14.92,14.45,14.65,915690.6
2023-06-15 12:00:00,14.66,14.79,14.37,14.48,867353.88
2023-06-15 16:00:00,14.48,14.82,14.18,14.77,875232.39
2023-06-15 20:00:00,14.76,15.07,14.59,14.77,683359.62
2023-06-16 00:00:00,14.78,14.87,14.63,14.8,199437.33
2023-06-16 04:00:00,14.8,14.99,14.78,14.85,273870.18
2023-06-16 08:00:00,14.85,14.95,14.53,14.56,364101.39
2023-06-16 12:00:00,14.57,15.09,14.38,15.0,799198.72
2023-06-16 16:00:00,15.01,15.47,14.89,15.28,845195.46
2023-06-16 20:00:00,15.28,15.44,15.22,15.31,328087.01
2023-06-17 00:00:00,15.32,15.43,15.16,15.42,255876.03
2023-06-17 04:00:00,15.42,16.12,15.36,15.85,1020170.96
2023-06-17 08:00:00,15.86,15.95,15.72,15.77,369614.13
2023-06-17 12:00:00,15.76,15.92,15.56,15.65,396788.84
2023-06-17 16:00:00,15.65,15.79,15.62,15.65,295594.9
2023-06-17 20:00:00,15.66,15.77,15.59,15.64,162276.54
2023-06-18 00:00:00,15.65,15.67,15.41,15.59,235421.36
2023-06-18 04:00:00,15.59,15.7,15.47,15.59,193453.09
2023-06-18 08:00:00,15.59,15.75,15.5,15.72,184944.74
2023-06-18 12:00:00,15.73,15.79,15.61,15.72,179029.69
2023-06-18 16:00:00,15.71,15.83,15.68,15.81,184564.83
2023-06-18 20:00:00,15.82,15.84,15.28,15.45,626274.73
2023-06-19 00:00:00,15.45,15.58,15.34,15.49,216399.13
2023-06-19 04:00:00,15.48,15.54,15.41,15.48,157439.88
2023-06-19 08:00:00,15.48,15.57,15.41,15.56,135135.73
2023-06-19 12:00:00,15.57,15.7,15.45,15.56,259378.06
2023-06-19 16:00:00,15.56,15.98,15.43,15.85,750752.4
2023-06-19 20:00:00,15.85,16.14,15.79,16.1,371213.07
2023-06-20 00:00:00,16.1,16.3,16.0,16.02,522971.71
2023-06-20 04:00:00,16.03,16.13,15.92,15.98,183218.59
2023-06-20 08:00:00,15.97,15.98,15.8,15.93,203978.92
2023-06-20 12:00:00,15.93,16.1,15.73,15.95,479913.49
2023-06-20 16:00:00,15.95,16.5,15.85,16.36,1085312.22
2023-06-20 20:00:00,16.36,16.69,16.28,16.64,530186.79
2023-06-21 00:00:00,16.65,17.21,16.56,16.76,850664.58
2023-06-21 04:00:00,16.76,16.97,16.7,16.83,466731.33
2023-06-21 08:00:00,16.82,16.9,16.64,16.79,404857.25
2023-06-21 12:00:00,16.79,17.09,16.54,16.89,910940.25
2023-06-21 16:00:00,16.88,17.29,16.81,17.12,1039760.65
2023-06-21 20:00:00,17.13,17.4,16.95,17.23,473964.93
2023-06-22 00:00:00,17.23,17.75,17.17,17.53,537548.16
2023-06-22 04:00:00,17.54,17.56,17.14,17.37,582986.86
2023-06-22 08:00:00,17.38,17.4,16.62,16.86,927245.76
2023-06-22 12:00:00,16.85,17.16,16.66,16.9,696861.99
2023-06-22 16:00:00,16.89,17.11,16.79,16.93,522943.93
2023-06-22 20:00:00,16.94,16.95,16.57,16.62,279725.73
2023-06-23 00:00:00,16.62,16.8,16.52,16.78,330719.21
2023-06-23 04:00:00,16.78,16.86,16.68,16.78,246313.44
2023-06-23 08:00:00,16.78,16.84,16.54,16.59,349403.13
2023-06-23 12:00:00,16.6,17.05,16.16,16.98,1625839.21
2023-06-23 16:00:00,16.98,17.27,16.81,17.13,1607547.4
2023-06-23 20:00:00,17.12,17.53,16.92,17.13,691774.13
2023-06-24 00:00:00,17.14,17.53,17.05,17.37,742167.58
2023-06-24 04:00:00,17.37,17.42,17.02,17.07,340440.11
2023-06-24 08:00:00,17.07,17.32,17.06,17.21,260157.54
2023-06-24 12:00:00,17.22,17.39,16.5,16.62,799507.85
2023-06-24 16:00:00,16.62,16.8,16.42,16.69,502835.34
2023-06-24 20:00:00,16.69,16.69,16.37,16.64,263593.47
2023-06-25 00:00:00,16.64,16.99,16.57,16.98,294209.85
2023-06-25 04:00:00,16.98,17.37,16.92,17.28,515245.18
2023-06-25 08:00:00,17.27,17.38,17.02,17.24,497076.26
2023-06-25 12:00:00,17.25,17.3,16.76,17.12,697444.8
2023-06-25 16:00:00,17.12,17.28,16.88,16.99,498760.16
2023-06-25 20:00:00,16.98,17.11,16.8,16.96,220305.0
2023-06-26 00:00:00,16.96,16.97,16.54,16.75,573348.32
2023-06-26 04:00:00,16.76,17.06,16.61,16.93,320970.17
2023-06-26 08:00:00,16.93,16.97,16.72,16.92,278045.41
2023-06-26 12:00:00,16.92,17.12,16.74,16.82,467311.04
2023-06-26 16:00:00,16.82,16.82,16.09,16.31,968807.2
2023-06-26 20:00:00,16.31,16.33,15.89,16.27,448110.26
2023-06-27 00:00:00,16.27,16.5,16.13,16.5,371199.59
2023-06-27 04:00:00,16.5,16.74,16.35,16.73,397730.05
2023-06-27 08:00:00,16.74,16.78,16.51,16.69,400367.66
2023-06-27 12:00:00,16.7,16.83,16.33,16.39,767023.29
2023-06-27 16:00:00,16.39,16.81,16.34,16.72,505613.43
2023-06-27 20:00:00,16.71,16.93,16.48,16.63,509173.43
2023-06-28 00:00:00,16.63,16.65,16.12,16.39,792979.43
2023-06-28 04:00:00,16.39,16.39,15.79,15.98,781858.24
2023-06-28 08:00:00,15.97,16.23,15.91,16.21,375992.82
2023-06-28 12:00:00,16.21,16.52,16.08,16.33,709949.14
2023-06-28 16:00:00,16.33,16.41,15.6,15.9,927361.83
2023-06-28 20:00:00,15.9,16.1,15.77,15.97,452110.83
2023-06-29 00:00:00,15.98,16.19,15.87,16.03,280096.33
2023-06-29 04:00:00,16.03,16.35,16.0,16.26,293099.21
2023-06-29 08:00:00,16.26,18.28,16.24,18.06,3450492.46
2023-06-29 12:00:00,18.06,18.24,17.26,17.68,2119493.8
2023-06-29 16:00:00,17.67,17.8,17.52,17.73,916651.78
2023-06-29 20:00:00,17.73,18.06,17.44,17.99,888418.15
2023-06-30 00:00:00,18.0,19.08,17.86,18.95,2433543.72
2023-06-30 04:00:00,18.96,19.07,18.41,18.8,1319725.44
2023-06-30 08:00:00,18.79,19.02,18.58,18.88,892280.93
2023-06-30 12:00:00,18.88,19.56,17.01,18.28,3800730.01
2023-06-30 16:00:00,18.28,20.03,18.17,19.1,2329438.45
2023-06-30 20:00:00,19.1,19.36,18.81,18.86,678297.94
2023-07-01 00:00:00,18.85,19.0,18.16,18.3,976594.97
2023-07-01 04:00:00,18.31,18.48,17.9,18.45,1089805.41
2023-07-01 08:00:00,18.44,18.51,18.19,18.33,458176.87
2023-07-01 12:00:00,18.34,18.57,18.25,18.44,431568.59
2023-07-01 16:00:00,18.44,18.49,18.25,18.33,278210.51
2023-07-01 20:00:00,18.33,18.74,18.33,18.7,280735.58
2023-07-02 00:00:00,18.7,18.91,18.53,18.76,827666.71
2023-07-02 04:00:00,18.76,19.5,18.56,19.22,1181714.1
2023-07-02 08:00:00,19.22,19.41,19.0,19.04,597756.13
2023-07-02 12:00:00,19.04,19.39,18.77,19.29,1025061.82
2023-07-02 16:00:00,19.29,19.49,19.07,19.36,631492.36
2023-07-02 20:00:00,19.37,19.74,19.24,19.45,609083.96
2023-07-03 00:00:00,19.46,19.66,19.17,19.58,439596.14
2023-07-03 04:00:00,19.57,19.58,19.23,19.43,379217.62
2023-07-03 08:00:00,19.42,19.51,19.3,19.47,325870.08
2023-07-03 12:00:00,19.46,19.5,18.94,19.29,846663.9
2023-07-03 16:00:00,19.28,19.35,19.02,19.28,515430.59
2023-07-03 20:00:00,19.28,19.32,18.87,19.26,558408.51
2023-07-04 00:00:00,19.25,19.5,19.21,19.29,378220.68
2023-07-04 04:00:00,19.29,19.32,19.06,19.1,270516.97
2023-07-04 08:00:00,19.09,19.25,19.07,19.23,225601.8
2023-07-04 12:00:00,19.23,19.94,19.21,19.84,1031425.68
2023-07-04 16:00:00,19.84,19.86,19.3,19.5,777600.82
2023-07-04 20:00:00,19.5,19.57,19.09,19.13,412926.23
2023-07-05 00:00:00,19.14,19.3,19.1,19.28,189095.73
2023-07-05 04:00:00,19.29,19.38,19.19,19.32,207241.67
2023-07-05 08:00:00,19.32,19.53,18.32,18.71,939298.19
2023-07-05 12:00:00,18.7,18.9,18.44,18.59,540333.4
2023-07-05 16:00:00,18.59,18.88,18.51,18.6,295402.29
2023-07-05 20:00:00,18.6,19.04,18.54,19.0,244537.23
2023-07-06 00:00:00,18.99,19.75,18.95,19.46,1160564.03
2023-07-06 04:00:00,19.45,19.74,19.32,19.59,572255.93
2023-07-06 08:00:00,19.6,20.36,19.54,19.9,1619888.08
2023-07-06 12:00:00,19.89,19.92,18.82,19.71,2008091.13
2023-07-06 16:00:00,19.7,21.0,19.5,20.91,2529815.89
2023-07-06 20:00:00,20.91,20.98,19.6,19.61,1707401.93
2023-07-07 00:00:00,19.61,20.52,19.45,20.21,1219186.14
2023-07-07 04:00:00,20.2,20.3,19.26,19.46,1080276.46
2023-07-07 08:00:00,19.45,20.35,19.26,20.17,1681262.86
2023-07-07 12:00:00,20.17,21.9,20.17,21.23,3532029.17
2023-07-07 16:00:00,21.22,21.54,21.04,21.43,1489016.33
2023-07-07 20:00:00,21.43,21.86,21.15,21.5,792325.52
2023-07-08 00:00:00,21.51,21.99,21.43,21.7,883661.32
2023-07-08 04:00:00,21.7,22.13,21.32,21.99,1319410.05
2023-07-08 08:00:00,21.98,22.5,21.79,21.94,1541611.34
2023-07-08 12:00:00,21.93,21.99,21.37,21.52,1074117.27
2023-07-08 16:00:00,21.52,22.0,21.4,21.62,1098945.57
2023-07-08 20:00:00,21.62,21.99,21.42,21.81,555275.71
2023-07-09 00:00:00,21.82,22.38,21.53,21.66,990308.72
2023-07-09 04:00:00,21.67,21.87,21.4,21.56,472642.9
2023-07-09 08:00:00,21.57,21.89,21.5,21.62,506092.5
2023-07-09 12:00:00,21.62,21.85,21.1,21.25,1009868.14
2023-07-09 16:00:00,21.25,21.4,21.17,21.29,356194.61
2023-07-09 20:00:00,21.29,21.48,20.99,21.32,532254.89
2023-07-10 00:00:00,21.32,21.37,20.78,21.25,1244273.28
2023-07-10 04:00:00,21.25,21.28,20.56,20.74,672933.34
2023-07-10 08:00:00,20.73,20.88,20.47,20.8,740257.81
2023-07-10 12:00:00,20.8,21.3,20.66,21.15,832851.31
2023-07-10 16:00:00,21.16,21.62,20.91,21.58,767329.61
2023-07-10 20:00:00,21.59,21.81,21.08,21.3,1413444.59
2023-07-11 00:00:00,21.3,21.8,21.2,21.74,780418.35
2023-07-11 04:00:00,21.74,22.26,21.7,22.11,985646.07
2023-07-11 08:00:00,22.11,22.15,21.83,22.05,576117.71
2023-07-11 12:00:00,22.04,22.37,21.87,22.13,1228030.12
2023-07-11 16:00:00,22.14,22.19,21.9,21.97,494393.05
2023-07-11 20:00:00,21.97,22.11,21.74,22.07,552205.41
2023-07-12 00:00:00,22.06,22.27,21.89,21.91,561692.95
2023-07-12 04:00:00,21.91,22.16,21.86,22.03,398049.2
2023-07-12 08:00:00,22.02,22.18,21.94,22.13,486640.64
2023-07-12 12:00:00,22.13,22.8,21.98,22.42,2805369.15
2023-07-12 16:00:00,22.42,22.47,21.74,21.84,1171482.93
2023-07-12 20:00:00,21.84,22.14,21.76,21.94,662879.08
2023-07-13 00:00:00,21.93,22.02,21.56,21.65,606532.34
2023-07-13 04:00:00,21.65,21.95,21.42,21.76,682727.38
2023-07-13 08:00:00,21.77,22.49,21.72,22.41,796426.7
2023-07-13 12:00:00,22.42,25.4,22.11,24.06,3890638.87
2023-07-13 16:00:00,24.06,26.82,24.06,26.2,8423872.85
2023-07-13 20:00:00,26.19,26.21,25.36,26.01,1701940.88
2023-07-14 00:00:00,26.01,32.13,25.6,28.54,7551859.2
2023-07-14 04:00:00,28.54,28.91,28.22,28.71,1972597.08
2023-07-14 08:00:00,28.71,29.98,27.64,28.05,2840361.97
2023-07-14 12:00:00,28.05,28.34,27.38,28.17,1500629.2
2023-07-14 16:00:00,28.17,28.24,25.56,26.07,3836463.13
2023-07-14 20:00:00,26.07,26.91,25.23,26.67,1870003.23
2023-07-15 00:00:00,26.67,28.02,26.45,27.15,2963090.22
2023-07-15 04:00:00,27.15,28.94,27.12,28.73,2394545.83
2023-07-15 08:00:00,28.72,29.12,28.44,28.93,1723468.76
2023-07-15 12:00:00,28.93,29.04,27.42,27.56,1826829.54
2023-07-15 16:00:00,27.56,28.19,27.01,27.9,1410410.94
2023-07-15 20:00:00,27.9,27.9,27.21,27.46,724313.36
2023-07-16 00:00:00,27.47,27.95,26.46,27.03,1804289.58
2023-07-16 04:00:00,27.03,27.94,27.03,27.7,843567.64
2023-07-16 08:00:00,27.7,28.33,27.65,28.06,1021535.41
2023-07-16 12:00:00,28.07,28.7,27.92,28.1,1252325.2
2023-07-16 16:00:00,28.1,28.12,27.32,27.37,930921.01
2023-07-16 20:00:00,27.36,27.77,27.07,27.42,856277.77
2023-07-17 00:00:00,27.41,28.44,27.2,28.02,1173651.6
2023-07-17 04:00:00,28.01,28.49,27.35,27.64,934103.55
2023-07-17 08:00:00,27.63,27.64,26.55,27.13,1618223.02
2023-07-17 12:00:00,27.14,27.39,26.36,27.01,1309136.51
2023-07-17 16:00:00,27.01,27.26,25.55,26.18,2234012.11
2023-07-17 20:00:00,26.18,27.0,26.15,26.8,1393710.85
2023-07-18 00:00:00,26.8,27.09,26.41,26.56,666632.52
2023-07-18 04:00:00,26.57,26.61,25.66,25.71,1254845.54
2023-07-18 08:00:00,25.71,26.12,24.87,25.02,1830564.56
2023-07-18 12:00:00,25.02,25.69,24.76,25.53,1301073.56
2023-07-18 16:00:00,25.52,25.78,24.87,25.29,876121.96
2023-07-18 20:00:00,25.3,25.58,25.05,25.54,398077.74
2023-07-19 00:00:00,25.54,26.59,25.35,26.4,969389.7
2023-07-19 04:00:00,26.4,26.52,26.08,26.21,524318.74
2023-07-19 08:00:00,26.21,26.5,25.67,26.48,618167.05
2023-07-19 12:00:00,26.48,26.73,25.83,26.37,1019981.73
2023-07-19 16:00:00,26.36,26.91,26.19,26.77,953600.48
2023-07-19 20:00:00,26.77,26.99,26.26,26.31,881447.54
2023-07-20 00:00:00,26.31,26.81,26.14,26.49,523559.31
2023-07-20 04:00:00,26.49,26.95,26.31,26.87,565461.35
2023-07-20 08:00:00,26.86,27.38,26.8,27.16,936799.67
2023-07-20 12:00:00,27.15,27.24,25.57,25.69,1436771.64
2023-07-20 16:00:00,25.69,25.77,25.21,25.39,900371.65
2023-07-20 20:00:00,25.4,25.68,25.03,25.38,614314.96
2023-07-21 00:00:00,25.38,25.62,25.08,25.49,492354.97
2023-07-21 04:00:00,25.49,25.51,25.13,25.18,416709.3
2023-07-21 08:00:00,25.17,25.47,25.06,25.28,475540.49
2023-07-21 12:00:00,25.28,25.6,25.25,25.31,706179.9
2023-07-21 16:00:00,25.3,26.0,25.17,25.79,813057.95
2023-07-21 20:00:00,25.8,25.91,25.46,25.5,391601.77
2023-07-22 00:00:00,25.51,25.97,25.45,25.84,363368.88
2023-07-22 04:00:00,25.84,25.86,25.59,25.77,192554.94
2023-07-22 08:00:00,25.77,25.89,25.4,25.6,323537.83
2023-07-22 12:00:00,25.6,25.76,25.51,25.68,212915.12
2023-07-22 16:00:00,25.69,25.75,25.22,25.29,393212.5
2023-07-22 20:00:00,25.3,25.37,24.0,24.52,897308.94
2023-07-23 00:00:00,24.52,24.8,24.15,24.71,536538.85
2023-07-23 04:00:00,24.72,24.91,24.62,24.68,338097.93
2023-07-23 08:00:00,24.69,24.86,24.63,24.67,211516.14
2023-07-23 12:00:00,24.67,24.71,24.51,24.69,252599.41
2023-07-23 16:00:00,24.69,25.26,24.69,24.9,683800.94
2023-07-23 20:00:00,24.9,25.0,24.52,24.76,319036.52
2023-07-24 00:00:00,24.76,24.83,24.23,24.35,393844.88
2023-07-24 04:00:00,24.34,24.69,24.07,24.58,293085.98
2023-07-24 08:00:00,24.57,24.63,23.05,23.63,1302857.13
2023-07-24 12:00:00,23.62,23.68,22.89,23.21,1092379.84
2023-07-24 16:00:00,23.21,23.5,23.07,23.31,501657.75
2023-07-24 20:00:00,23.31,23.61,23.23,23.37,458240.64
2023-07-25 00:00:00,23.36,23.52,23.13,23.37,340223.56
2023-07-25 04:00:00,23.38,23.39,22.96,23.09,343967.45
2023-07-25 08:00:00,23.09,23.4,23.03,23.17,275843.99
2023-07-25 12:00:00,23.18,23.6,22.73,23.22,917812.49
2023-07-25 16:00:00,23.22,23.46,23.07,23.17,407584.26
2023-07-25 20:00:00,23.16,23.36,23.12,23.27,236763.69
2023-07-26 00:00:00,23.28,23.69,23.17,23.52,645721.52
2023-07-26 04:00:00,23.51,23.62,23.37,23.48,276355.14
2023-07-26 08:00:00,23.47,23.98,23.43,23.82,683936.83
2023-07-26 12:00:00,23.82,25.0,23.81,24.91,1550101.75
2023-07-26 16:00:00,24.92,25.68,24.5,25.37,2100613.68
2023-07-26 20:00:00,25.37,25.59,25.07,25.17,776987.66
2023-07-27 00:00:00,25.18,25.53,24.66,24.93,869164.82
2023-07-27 04:00:00,24.93,25.36,24.93,25.02,520991.04
2023-07-27 08:00:00,25.01,25.5,24.92,25.39,596947.83
2023-07-27 12:00:00,25.38,25.65,25.04,25.16,1062891.13
2023-07-27 16:00:00,25.15,25.34,24.71,24.94,835834.75
2023-07-27 20:00:00,24.95,25.25,24.76,25.1,321827.49
2023-07-28 00:00:00,25.1,25.4,24.83,24.94,363690.34
2023-07-28 04:00:00,24.94,25.03,24.56,24.63,383955.77
2023-07-28 08:00:00,24.63,24.84,24.54,24.63,313985.41
2023-07-28 12:00:00,24.63,25.56,24.63,25.23,964123.28
2023-07-28 16:00:00,25.23,25.42,24.83,25.05,484312.1
2023-07-28 20:00:00,25.04,25.12,24.81,24.82,226617.28
2023-07-29 00:00:00,24.82,25.21,24.75,25.13,289640.32
2023-07-29 04:00:00,25.13,25.25,25.04,25.07,303839.8
2023-07-29 08:00:00,25.07,25.18,24.94,24.97,287059.02
2023-07-29 12:00:00,24.96,25.21,24.92,25.08,295632.18
2023-07-29 16:00:00,25.07,25.35,25.03,25.22,401654.73
2023-07-29 20:00:00,25.22,25.39,25.13,25.17,191138.02
2023-07-30 00:00:00,25.17,25.21,25.01,25.02,242091.93
2023-07-30 04:00:00,25.02,25.13,24.84,24.93,201499.84
2023-07-30 08:00:00,24.93,25.06,24.83,24.97,217619.67
2023-07-30 12:00:00,24.97,25.1,24.73,24.9,404467.33
2023-07-30 16:00:00,24.89,25.0,23.87,24.24,858378.35
2023-07-30 20:00:00,24.24,24.33,23.47,24.25,850601.51
2023-07-31 00:00:00,24.25,24.79,24.12,24.64,570819.89
2023-07-31 04:00:00,24.65,24.69,24.37,24.49,354918.58
2023-07-31 08:00:00,24.49,24.6,24.35,24.46,306207.62
2023-07-31 12:00:00,24.46,24.71,23.91,23.92,819237.28
2023-07-31 16:00:00,23.93,24.15,23.52,23.68,645926.19
2023-07-31 20:00:00,23.68,23.93,23.56,23.73,470255.52
2023-08-01 00:00:00,23.72,23.99,22.88,23.4,1041122.98
2023-08-01 04:00:00,23.39,23.65,23.26,23.48,440165.43
2023-08-01 08:00:00,23.48,23.63,23.3,23.33,280202.29
2023-08-01 12:00:00,23.34,23.48,22.84,23.27,774746.41
2023-08-01 16:00:00,23.27,23.8,23.19,23.62,555081.28
2023-08-01 20:00:00,23.62,24.07,23.47,24.05,506761.82
2023-08-02 00:00:00,24.06,24.29,23.64,23.67,775990.17
2023-08-02 04:00:00,23.67,23.81,23.58,23.64,302745.4
2023-08-02 08:00:00,23.63,23.72,23.42,23.68,367542.96
2023-08-02 12:00:00,23.69,23.72,23.1,23.26,665311.35
2023-08-02 16:00:00,23.25,23.33,22.82,23.18,884852.41
2023-08-02 20:00:00,23.17,23.33,23.01,23.15,312238.38
2023-08-03 00:00:00,23.14,23.38,23.07,23.24,250566.14
2023-08-03 04:00:00,23.25,23.28,22.44,22.71,714146.82
2023-08-03 08:00:00,22.71,22.85,22.45,22.75,573890.35
2023-08-03 12:00:00,22.75,23.11,22.6,22.79,550884.75
2023-08-03 16:00:00,22.8,23.08,22.7,22.89,407269.29
2023-08-03 20:00:00,22.89,23.11,22.47,22.65,485095.67
2023-08-04 00:00:00,22.65,22.79,22.48,22.74,419587.83
2023-08-04 04:00:00,22.75,23.02,22.65,22.97,354864.76
2023-08-04 08:00:00,22.96,23.07,22.83,22.91,263558.37
2023-08-04 12:00:00,22.91,23.57,22.86,23.35,958262.52
2023-08-04 16:00:00,23.36,23.46,22.76,22.94,681530.15
2023-08-04 20:00:00,22.94,23.03,22.49,22.8,547250.29
2023-08-05 00:00:00,22.8,22.83,22.49,22.73,382836.21
2023-08-05 04:00:00,22.72,22.88,22.56,22.77,180652.79
2023-08-05 08:00:00,22.77,22.94,22.71,22.79,179653.14
2023-08-05 12:00:00,22.79,22.81,22.49,22.59,364718.13
2023-08-05 16:00:00,22.59,22.7,22.23,22.59,521151.08
2023-08-05 20:00:00,22.59,22.7,22.49,22.65,152290.04
2023-08-06 00:00:00,22.66,22.9,22.58,22.84,283219.33
2023-08-06 04:00:00,22.83,23.13,22.82,23.02,406621.36
2023-08-06 08:00:00,23.03,23.48,22.99,23.21,699107.77
2023-08-06 12:00:00,23.21,23.26,22.85,23.03,452142.31
2023-08-06 16:00:00,23.02,23.3,22.92,23.21,487774.33
2023-08-06 20:00:00,23.22,23.39,23.06,23.2,333605.6
2023-08-07 00:00:00,23.2,23.67,23.02,23.31,526711.8
2023-08-07 04:00:00,23.31,23.43,22.99,23.15,321303.3
2023-08-07 08:00:00,23.15,23.16,23.01,23.09,231828.47
2023-08-07 12:00:00,23.09,23.17,22.66,22.77,739809.56
2023-08-07 16:00:00,22.76,23.07,22.27,22.97,1186046.18
2023-08-07 20:00:00,22.98,23.12,22.92,23.12,297309.59
2023-08-08 00:00:00,23.11,23.24,23.02,23.15,269164.61
2023-08-08 04:00:00,23.16,23.39,23.11,23.23,441181.89
2023-08-08 08:00:00,23.23,23.39,23.16,23.38,318159.2
2023-08-08 12:00:00,23.38,23.91,23.17,23.73,1042942.0
2023-08-08 16:00:00,23.74,24.79,23.71,24.59,1635097.28
2023-08-08 20:00:00,24.59,24.66,24.05,24.22,946208.88
2023-08-09 00:00:00,24.22,24.49,24.16,24.31,480464.04
2023-08-09 04:00:00,24.3,24.63,24.27,24.57,324372.56
2023-08-09 08:00:00,24.57,24.98,24.53,24.85,949906.39
2023-08-09 12:00:00,24.85,24.99,24.43,24.56,1179044.49
2023-08-09 16:00:00,24.56,24.6,24.23,24.3,552839.26
2023-08-09 20:00:00,24.3,24.47,24.1,24.38,371048.21
2023-08-10 00:00:00,24.39,24.54,24.21,24.23,309884.48
2023-08-10 04:00:00,24.24,24.39,24.13,24.32,276732.6
2023-08-10 08:00:00,24.32,24.5,24.24,24.4,278974.18
2023-08-10 12:00:00,24.4,24.89,24.36,24.56,965707.15
2023-08-10 16:00:00,24.56,24.63,24.36,24.6,304068.02
2023-08-10 20:00:00,24.6,24.75,24.56,24.62,421475.23
2023-08-11 00:00:00,24.63,24.93,24.63,24.68,408494.32
2023-08-11 04:00:00,24.69,24.82,24.47,24.49,307497.06
2023-08-11 08:00:00,24.49,24.57,24.39,24.53,251097.51
2023-08-11 12:00:00,24.53,24.88,24.4,24.55,578852.69
2023-08-11 16:00:00,24.55,24.66,24.34,24.45,338665.22
2023-08-11 20:00:00,24.45,24.66,24.38,24.62,530512.94
2023-08-12 00:00:00,24.63,24.76,24.4,24.48,257884.14
2023-08-12 04:00:00,24.48,24.57,24.42,24.54,298910.44
2023-08-12 08:00:00,24.54,24.56,24.45,24.55,125450.84
2023-08-12 12:00:00,24.55,24.71,24.5,24.66,214158.18
2023-08-12 16:00:00,24.67,24.85,24.64,24.75,438547.96
2023-08-12 20:00:00,24.74,25.24,24.71,24.91,479067.8
2023-08-13 00:00:00,24.91,24.95,24.67,24.9,318589.41
2023-08-13 04:00:00,24.9,24.91,24.65,24.77,206198.99
2023-08-13 08:00:00,24.77,24.88,24.66,24.69,193348.31
2023-08-13 12:00:00,24.69,24.76,24.47,24.59,421907.55
2023-08-13 16:00:00,24.58,24.69,24.32,24.66,517542.18
2023-08-13 20:00:00,24.67,24.68,24.21,24.23,355944.5
2023-08-14 00:00:00,24.22,24.44,24.06,24.4,579854.68
2023-08-14 04:00:00,24.4,24.52,24.38,24.41,172668.03
2023-08-14 08:00:00,24.42,24.6,24.41,24.51,375762.13
2023-08-14 12:00:00,24.52,24.89,24.33,24.82,407059.07
2023-08-14 16:00:00,24.82,25.3,24.53,24.83,1036082.01
2023-08-14 20:00:00,24.83,25.23,24.77,25.18,363577.98
2023-08-15 00:00:00,25.19,25.42,24.89,25.0,585657.06
2023-08-15 04:00:00,24.99,25.06,24.71,24.89,408835.89
2023-08-15 08:00:00,24.88,25.06,24.73,24.83,535656.29
2023-08-15 12:00:00,24.84,25.0,24.66,24.72,397152.78
2023-08-15 16:00:00,24.72,24.84,23.75,24.05,1225856.51
2023-08-15 20:00:00,24.05,24.16,23.74,23.9,703340.04
2023-08-16 00:00:00,23.91,24.03,23.62,23.69,528306.53
2023-08-16 04:00:00,23.69,23.78,23.35,23.45,685850.9
2023-08-16 08:00:00,23.45,23.57,23.21,23.51,359908.09
2023-08-16 12:00:00,23.5,23.5,22.93,23.09,742997.3
2023-08-16 16:00:00,23.08,23.64,22.87,23.34,810493.13
2023-08-16 20:00:00,23.34,23.41,22.36,22.82,1205668.45
2023-08-17 00:00:00,22.82,23.43,22.46,23.31,741197.31
2023-08-17 04:00:00,23.31,23.39,23.21,23.25,211145.1
2023-08-17 08:00:00,23.26,23.3,22.99,23.08,275218.07
2023-08-17 12:00:00,23.09,23.43,22.57,22.87,1286527.31
2023-08-17 16:00:00,22.87,23.32,22.61,23.09,765076.17
2023-08-17 20:00:00,23.09,23.12,20.0,21.66,3015388.13
2023-08-18 00:00:00,21.67,22.03,21.3,21.56,649690.16
2023-08-18 04:00:00,21.56,22.2,21.39,22.08,561784.12
2023-08-18 08:00:00,22.08,22.18,21.81,22.02,348224.47
2023-08-18 12:00:00,22.03,22.06,21.55,21.6,676973.23
2023-08-18 16:00:00,21.6,21.75,20.9,21.29,1183021.62
2023-08-18 20:00:00,21.28,21.51,21.23,21.34,470419.21
2023-08-19 00:00:00,21.34,21.66,21.29,21.43,238518.47
2023-08-19 04:00:00,21.42,21.85,21.37,21.83,405448.79
2023-08-19 08:00:00,21.83,21.89,21.6,21.65,216454.66
2023-08-19 12:00:00,21.65,21.99,21.63,21.97,260744.48
2023-08-19 16:00:00,21.98,22.18,21.79,21.88,388699.42
2023-08-19 20:00:00,21.88,21.91,21.71,21.9,184367.5
2023-08-20 00:00:00,21.89,21.96,21.74,21.81,147122.3
2023-08-20 04:00:00,21.81,21.82,21.57,21.74,136197.08
2023-08-20 08:00:00,21.74,22.04,21.64,21.97,203904.73
2023-08-20 12:00:00,21.96,21.98,21.67,21.8,205671.52
2023-08-20 16:00:00,21.8,21.88,21.58,21.79,207872.53
2023-08-20 20:00:00,21.8,21.95,21.72,21.77,152845.21
2023-08-21 00:00:00,21.78,21.79,21.35,21.4,273187.64
2023-08-21 04:00:00,21.4,21.7,21.29,21.35,227821.85
2023-08-21 08:00:00,21.34,21.36,20.96,21.23,485569.7
2023-08-21 12:00:00,21.23,21.4,20.3,20.71,914744.76
2023-08-21 16:00:00,20.71,21.38,20.66,21.28,535189.12
2023-08-21 20:00:00,21.29,21.41,21.19,21.2,209879.41
2023-08-22 00:00:00,21.2,21.26,21.03,21.11,181214.6
2023-08-22 04:00:00,21.1,21.19,20.96,21.18,203401.79
2023-08-22 08:00:00,21.18,21.21,20.93,20.94,160256.77
2023-08-22 12:00:00,20.93,21.07,20.58,20.69,571231.76
2023-08-22 16:00:00,20.69,20.73,20.0,20.07,1339226.96
2023-08-22 20:00:00,20.06,20.7,19.35,20.59,1180568.83
2023-08-23 00:00:00,20.59,20.76,20.47,20.59,312091.3
2023-08-23 04:00:00,20.59,20.9,20.49,20.75,356943.73
2023-08-23 08:00:00,20.76,20.94,20.61,20.63,364825.28
2023-08-23 12:00:00,20.63,20.99,20.33,20.92,633360.41
2023-08-23 16:00:00,20.92,21.69,20.9,21.5,1495927.03
2023-08-23 20:00:00,21.5,21.82,21.27,21.74,541202.75
2023-08-24 00:00:00,21.74,21.81,21.6,21.76,215895.19
2023-08-24 04:00:00,21.77,22.02,21.67,21.74,385509.65
2023-08-24 08:00:00,21.74,21.92,21.62,21.78,249127.3
2023-08-24 12:00:00,21.79,21.79,21.01,21.03,825084.19
2023-08-24 16:00:00,21.04,21.2,20.74,20.93,697905.82
2023-08-24 20:00:00,20.93,21.09,20.67,21.06,345810.39
2023-08-25 00:00:00,21.05,21.06,20.47,20.74,297172.57
2023-08-25 04:00:00,20.74,20.76,20.42,20.56,237145.63
2023-08-25 08:00:00,20.56,20.77,20.56,20.68,185548.58
2023-08-25 12:00:00,20.69,20.89,20.25,20.34,832741.02
2023-08-25 16:00:00,20.35,20.47,20.09,20.24,452023.68
2023-08-25 20:00:00,20.23,20.43,20.18,20.42,317196.82
2023-08-26 00:00:00,20.42,20.42,20.22,20.41,155622.59
2023-08-26 04:00:00,20.4,20.44,20.21,20.31,160612.59
2023-08-26 08:00:00,20.31,20.36,20.24,20.3,102965.91
2023-08-26 12:00:00,20.29,20.4,20.19,20.37,134484.99
2023-08-26 16:00:00,20.37,20.39,20.2,20.35,125920.0
2023-08-26 20:00:00,20.34,20.37,20.24,20.29,64084.19
2023-08-27 00:00:00,20.28,20.39,20.24,20.3,85524.42
2023-08-27 04:00:00,20.29,20.43,20.28,20.38,66338.55
2023-08-27 08:00:00,20.39,20.74,20.37,20.57,384897.94
2023-08-27 12:00:00,20.57,20.92,20.55,20.75,232361.45
2023-08-27 16:00:00,20.74,20.8,20.55,20.77,205837.98
2023-08-27 20:00:00,20.78,20.84,20.62,20.79,128566.47
2023-08-28 00:00:00,20.79,20.79,20.43,20.49,190213.46
2023-08-28 04:00:00,20.48,20.51,20.21,20.39,216064.04
2023-08-28 08:00:00,20.39,20.4,20.03,20.37,282112.13
2023-08-28 12:00:00,20.36,20.8,20.34,20.54,394517.29
2023-08-28 16:00:00,20.54,20.68,20.38,20.47,282938.98
2023-08-28 20:00:00,20.47,20.64,20.37,20.56,256497.88
2023-08-29 00:00:00,20.57,20.77,20.43,20.51,207314.01
2023-08-29 04:00:00,20.5,20.53,20.22,20.27,228770.23
2023-08-29 08:00:00,20.26,20.34,20.12,20.15,246131.9
2023-08-29 12:00:00,20.15,22.05,20.12,21.32,2658532.0
2023-08-29 16:00:00,21.33,21.96,21.2,21.58,1112602.38
2023-08-29 20:00:00,21.58,21.96,21.58,21.79,818451.43
2023-08-30 00:00:00,21.79,21.99,21.47,21.64,393926.62
2023-08-30 04:00:00,21.63,21.75,21.54,21.64,169581.54
2023-08-30 08:00:00,21.63,21.72,21.38,21.42,343135.26
2023-08-30 12:00:00,21.42,21.52,20.66,20.84,1110476.07
2023-08-30 16:00:00,20.83,20.86,20.6,20.68,301130.51
2023-08-30 20:00:00,20.68,20.9,20.66,20.82,144456.77
2023-08-31 00:00:00,20.82,20.82,20.61,20.64,143772.25
2023-08-31 04:00:00,20.64,20.85,20.63,20.78,148229.64
2023-08-31 08:00:00,20.77,21.07,20.68,20.89,300419.69
2023-08-31 12:00:00,20.89,20.9,20.22,20.33,667712.74
2023-08-31 16:00:00,20.33,20.34,19.43,19.83,1632720.19
2023-08-31 20:00:00,19.83,19.84,19.43,19.74,449792.37
2023-09-01 00:00:00,19.74,19.93,19.7,19.89,155881.52
2023-09-01 04:00:00,19.89,19.93,19.77,19.8,379646.19
2023-09-01 08:00:00,19.81,19.91,19.73,19.84,200697.27
2023-09-01 12:00:00,19.85,19.93,19.28,19.39,690179.09
2023-09-01 16:00:00,19.4,19.56,19.02,19.27,818098.28
2023-09-01 20:00:00,19.28,19.52,19.21,19.33,272873.03
2023-09-02 00:00:00,19.33,19.59,19.31,19.57,242306.99
2023-09-02 04:00:00,19.58,19.66,19.45,19.58,177697.37
2023-09-02 08:00:00,19.58,19.66,19.5,19.57,157508.13
2023-09-02 12:00:00,19.57,19.69,19.37,19.56,331474.86
2023-09-02 16:00:00,19.55,19.6,19.13,19.41,340445.61
2023-09-02 20:00:00,19.4,19.55,19.36,19.5,169810.63
2023-09-03 00:00:00,19.5,19.67,19.46,19.63,188742.97
2023-09-03 04:00:00,19.64,19.65,19.47,19.52,100978.48
2023-09-03 08:00:00,19.53,19.54,19.32,19.42,167541.95
2023-09-03 12:00:00,19.42,19.57,19.3,19.34,229065.11
2023-09-03 16:00:00,19.34,19.57,19.23,19.48,185705.66
2023-09-03 20:00:00,19.49,19.64,19.43,19.57,160083.45
2023-09-04 00:00:00,19.57,20.05,19.55,19.76,498961.65
2023-09-04 04:00:00,19.76,19.86,19.61,19.78,452955.02
2023-09-04 08:00:00,19.77,19.88,19.58,19.58,256990.11
2023-09-04 12:00:00,19.58,19.65,19.23,19.41,604621.26
2023-09-04 16:00:00,19.4,19.55,19.33,19.43,135364.08
2023-09-04 20:00:00,19.43,19.53,19.15,19.52,257148.33
2023-09-05 00:00:00,19.52,19.56,19.03,19.21,465475.23
2023-09-05 04:00:00,19.21,19.48,19.21,19.4,303029.45
2023-09-05 08:00:00,19.41,19.63,19.25,19.55,663314.16
2023-09-05 12:00:00,19.55,20.6,19.49,20.41,1809076.11
2023-09-05 16:00:00,20.4,20.58,20.17,20.23,648935.91
2023-09-05 20:00:00,20.24,20.36,20.07,20.26,307340.89
2023-09-06 00:00:00,20.26,20.39,20.1,20.14,452579.22
2023-09-06 04:00:00,20.15,20.17,19.69,19.74,534733.11
2023-09-06 08:00:00,19.73,19.87,19.7,19.76,311740.68
2023-09-06 12:00:00,19.75,19.83,19.14,19.38,1017640.06
2023-09-06 16:00:00,19.39,19.87,19.14,19.47,913490.96
2023-09-06 20:00:00,19.47,19.66,19.47,19.64,199763.45
2023-09-07 00:00:00,19.63,19.82,19.57,19.75,369201.7
2023-09-07 04:00:00,19.76,19.83,19.55,19.55,374154.79
2023-09-07 08:00:00,19.55,19.6,19.36,19.4,325626.02
2023-09-07 12:00:00,19.39,19.62,19.32,19.52,350474.15
2023-09-07 16:00:00,19.53,19.76,19.52,19.67,469090.07
2023-09-07 20:00:00,19.66,20.0,19.61,19.92,487080.42
2023-09-08 00:00:00,19.92,20.28,19.83,20.01,352985.39
2023-09-08 04:00:00,20.02,20.09,19.82,19.9,334744.86
2023-09-08 08:00:00,19.9,19.92,19.37,19.56,488183.63
2023-09-08 12:00:00,19.55,19.7,19.49,19.52,410392.9
2023-09-08 16:00:00,19.52,19.57,19.38,19.57,281161.19
2023-09-08 20:00:00,19.56,19.65,19.48,19.61,104586.89
2023-09-09 00:00:00,19.6,19.61,19.47,19.54,74490.31
2023-09-09 04:00:00,19.53,19.59,19.46,19.46,99597.4
2023-09-09 08:00:00,19.46,19.58,19.45,19.56,106921.41
2023-09-09 12:00:00,19.57,19.59,19.47,19.53,103977.98
2023-09-09 16:00:00,19.53,19.57,19.38,19.43,168243.9
2023-09-09 20:00:00,19.43,19.54,19.42,19.44,93148.52
2023-09-10 00:00:00,19.43,19.44,19.19,19.2,357875.49
2023-09-10 04:00:00,19.2,19.21,18.0,18.53,2095208.36
2023-09-10 08:00:00,18.52,18.52,18.24,18.33,550810.94
2023-09-10 12:00:00,18.33,18.46,17.78,18.22,1188180.3
2023-09-10 16:00:00,18.22,18.27,17.81,18.19,839029.77
2023-09-10 20:00:00,18.18,18.6,18.13,18.24,599870.85
2023-09-11 00:00:00,18.23,18.46,17.98,18.36,761108.17
2023-09-11 04:00:00,18.35,18.43,18.15,18.19,435016.31
2023-09-11 08:00:00,18.2,18.22,17.36,17.67,1112438.68
2023-09-11 12:00:00,17.67,18.01,17.33,17.84,1370631.42
2023-09-11 16:00:00,17.84,18.0,17.42,17.52,597885.5
2023-09-11 20:00:00,17.52,17.76,17.42,17.72,478092.69
2023-09-12 00:00:00,17.72,18.53,17.57,18.19,896262.64
2023-09-12 04:00:00,18.19,18.28,17.86,17.98,802345.99
2023-09-12 08:00:00,17.98,18.8,17.93,18.3,1138432.38
2023-09-12 12:00:00,18.3,18.41,17.91,18.0,1089715.32
2023-09-12 16:00:00,18.0,18.32,17.68,17.93,684951.21
2023-09-12 20:00:00,17.93,18.06,17.86,17.92,206541.57
2023-09-13 00:00:00,17.91,18.18,17.78,17.83,364862.52
2023-09-13 04:00:00,17.82,18.56,17.69,17.89,821766.53
2023-09-13 08:00:00,17.9,18.29,17.86,18.18,534221.51
2023-09-13 12:00:00,18.18,18.55,17.95,18.36,765687.51
2023-09-13 16:00:00,18.36,18.54,17.89,18.36,1230406.57
2023-09-13 20:00:00,18.36,18.51,18.25,18.4,346765.72
2023-09-14 00:00:00,18.4,19.33,18.38,18.94,1473533.77
2023-09-14 04:00:00,18.93,18.94,18.61,18.79,377018.0
2023-09-14 08:00:00,18.79,18.91,18.54,18.85,868485.72
2023-09-14 12:00:00,18.85,19.19,18.74,18.97,837101.49
2023-09-14 16:00:00,18.97,19.13,18.87,19.04,563839.79
2023-09-14 20:00:00,19.04,19.1,18.79,18.85,277768.61
2023-09-15 00:00:00,18.85,19.19,18.73,19.14,244209.11
2023-09-15 04:00:00,19.14,19.29,19.03,19.08,239322.79
2023-09-15 08:00:00,19.08,19.24,19.0,19.01,247430.58
2023-09-15 12:00:00,19.01,19.06,18.73,18.88,357936.78
2023-09-15 16:00:00,18.89,18.91,18.55,18.73,360651.73
2023-09-15 20:00:00,18.74,19.5,18.67,19.14,638337.27
2023-09-16 00:00:00,19.15,19.46,19.05,19.21,350296.4
2023-09-16 04:00:00,19.22,19.38,19.06,19.11,278570.97
2023-09-16 08:00:00,19.11,19.25,19.04,19.15,190793.65
2023-09-16 12:00:00,19.15,19.19,18.86,18.97,237505.41
2023-09-16 16:00:00,18.96,19.14,18.92,18.97,145184.54
2023-09-16 20:00:00,18.96,19.15,18.95,19.12,214067.76
2023-09-17 00:00:00,19.12,19.14,18.74,19.03,242625.3
2023-09-17 04:00:00,19.03,19.06,18.89,18.9,97485.16
2023-09-17 08:00:00,18.91,19.11,18.88,19.04,140281.68
2023-09-17 12:00:00,19.03,19.08,18.95,18.98,101815.95
2023-09-17 16:00:00,18.97,19.0,18.75,18.9,191678.84
2023-09-17 20:00:00,18.9,18.9,18.63,18.81,299352.79
2023-09-18 00:00:00,18.81,19.29,18.58,19.2,559400.31
2023-09-18 04:00:00,19.2,19.31,18.99,19.13,528015.71
2023-09-18 08:00:00,19.12,19.75,19.09,19.58,697846.68
2023-09-18 12:00:00,19.58,20.15,19.53,19.95,915131.26
2023-09-18 16:00:00,19.96,20.06,19.5,19.78,835106.41
2023-09-18 20:00:00,19.78,19.9,19.61,19.64,196351.49
2023-09-19 00:00:00,19.65,19.98,19.58,19.96,286651.69
2023-09-19 04:00:00,19.97,19.99,19.74,19.79,149527.95
2023-09-19 08:00:00,19.79,20.42,19.76,20.21,719746.7
2023-09-19 12:00:00,20.21,20.22,19.82,20.13,730263.88
2023-09-19 16:00:00,20.13,20.15,19.83,19.94,1028703.17
2023-09-19 20:00:00,19.94,20.09,19.84,20.03,195587.9
2023-09-20 00:00:00,20.02,20.24,19.85,19.91,267494.27
2023-09-20 04:00:00,19.91,19.97,19.8,19.95,257049.9
2023-09-20 08:00:00,19.95,20.18,19.87,20.06,315248.91
2023-09-20 12:00:00,20.05,20.37,19.9,20.19,564245.08
2023-09-20 16:00:00,20.2,20.54,19.88,20.12,808913.01
2023-09-20 20:00:00,20.13,20.45,20.1,20.29,375448.03
2023-09-21 00:00:00,20.29,20.29,19.92,20.18,498793.96
2023-09-21 04:00:00,20.18,20.19,19.76,19.92,377235.42
2023-09-21 08:00:00,19.92,19.96,19.5,19.59,933482.61
2023-09-21 12:00:00,19.59,19.65,19.29,19.6,711666.52
2023-09-21 16:00:00,19.61,19.71,19.53,19.62,217675.82
2023-09-21 20:00:00,19.62,19.63,19.42,19.46,220515.91
2023-09-22 00:00:00,19.45,19.69,19.23,19.66,304862.89
2023-09-22 04:00:00,19.66,19.73,19.54,19.63,317271.91
2023-09-22 08:00:00,19.63,19.81,19.58,19.69,301743.64
2023-09-22 12:00:00,19.68,19.73,19.45,19.47,263486.6
2023-09-22 16:00:00,19.47,19.5,19.3,19.35,418535.07
2023-09-22 20:00:00,19.36,19.49,19.15,19.43,251871.22
2023-09-23 00:00:00,19.42,19.57,19.29,19.38,277967.18
2023-09-23 04:00:00,19.37,19.53,19.32,19.52,97862.03
2023-09-23 08:00:00,19.52,19.54,19.44,19.52,135582.18
2023-09-23 12:00:00,19.51,19.53,19.3,19.32,159455.79
2023-09-23 16:00:00,19.31,19.49,19.29,19.46,123704.15
2023-09-23 20:00:00,19.47,19.49,19.38,19.49,103341.67
2023-09-24 00:00:00,19.48,19.66,19.44,19.57,204716.12
2023-09-24 04:00:00,19.57,19.65,19.49,19.62,101926.44
2023-09-24 08:00:00,19.62,19.68,19.53,19.6,98404.62
2023-09-24 12:00:00,19.6,19.65,19.44,19.53,211686.32
2023-09-24 16:00:00,19.53,19.66,19.43,19.46,237041.15
2023-09-24 20:00:00,19.46,19.53,19.2,19.36,237252.32
2023-09-25 00:00:00,19.36,19.6,19.07,19.47,381138.86
2023-09-25 04:00:00,19.48,19.54,19.34,19.48,230658.96
2023-09-25 08:00:00,19.49,19.58,19.4,19.55,219496.74
2023-09-25 12:00:00,19.55,19.68,19.44,19.57,399465.44
2023-09-25 16:00:00,19.58,19.74,19.46,19.52,300696.29
2023-09-25 20:00:00,19.52,19.57,19.35,19.39,171538.85
2023-09-26 00:00:00,19.39,19.53,19.29,19.44,258678.48
2023-09-26 04:00:00,19.45,19.49,19.3,19.33,405225.81
2023-09-26 08:00:00,19.33,19.43,19.24,19.39,241665.89
2023-09-26 12:00:00,19.39,19.41,19.13,19.17,315239.2
2023-09-26 16:00:00,19.16,19.3,19.12,19.24,223670.71
2023-09-26 20:00:00,19.24,19.27,18.84,19.03,532715.51
2023-09-27 00:00:00,19.03,19.13,18.94,19.03,224297.72
2023-09-27 04:00:00,19.03,19.05,18.9,18.95,135674.0
2023-09-27 08:00:00,18.95,19.48,18.87,19.39,679871.12
2023-09-27 12:00:00,19.39,19.46,18.76,18.95,855091.57
2023-09-27 16:00:00,18.94,19.03,18.73,18.98,367619.51
2023-09-27 20:00:00,18.97,19.16,18.88,19.14,183884.28
2023-09-28 00:00:00,19.13,19.44,19.1,19.21,384680.64
2023-09-28 04:00:00,19.21,19.28,19.17,19.22,238787.21
2023-09-28 08:00:00,19.22,19.32,19.1,19.17,315839.01
2023-09-28 12:00:00,19.17,19.62,19.15,19.59,599510.81
2023-09-28 16:00:00,19.6,19.73,19.43,19.71,833432.66
2023-09-28 20:00:00,19.71,19.98,19.58,19.96,432585.13
2023-09-29 00:00:00,19.97,20.33,19.85,20.2,671356.85
2023-09-29 04:00:00,20.2,20.35,20.05,20.27,441351.97
2023-09-29 08:00:00,20.27,20.31,20.04,20.09,328302.57
2023-09-29 12:00:00,20.08,20.46,20.03,20.34,783365.82
2023-09-29 16:00:00,20.33,20.35,20.08,20.24,301839.03
2023-09-29 20:00:00,20.25,20.36,20.2,20.28,198768.18
2023-09-30 00:00:00,20.28,20.45,20.2,20.21,234502.54
2023-09-30 04:00:00,20.22,20.35,20.07,20.31,177702.43
2023-09-30 08:00:00,20.32,20.4,20.26,20.28,165017.29
2023-09-30 12:00:00,20.29,21.65,20.28,21.43,1871418.37
2023-09-30 16:00:00,21.44,21.81,21.25,21.41,897592.35
2023-09-30 20:00:00,21.41,21.46,21.23,21.37,219124.54
2023-10-01 00:00:00,21.37,21.43,21.13,21.21,329369.54
2023-10-01 04:00:00,21.21,21.41,21.17,21.37,216073.36
2023-10-01 08:00:00,21.37,24.25,21.36,22.97,2383286.95
2023-10-01 12:00:00,22.97,23.44,22.83,23.1,1044153.52
2023-10-01 16:00:00,23.09,23.09,22.44,22.72,728517.64
2023-10-01 20:00:00,22.73,24.5,22.58,23.87,1714927.49
2023-10-02 00:00:00,23.88,24.34,23.58,24.1,932998.55
2023-10-02 04:00:00,24.1,24.8,23.95,24.33,1175647.01
2023-10-02 08:00:00,24.33,24.52,23.78,23.82,747778.73
2023-10-02 12:00:00,23.83,24.48,23.59,24.06,1437750.15
2023-10-02 16:00:00,24.05,24.29,23.08,23.83,1313087.53
2023-10-02 20:00:00,23.83,23.83,22.9,23.37,705823.54
2023-10-03 00:00:00,23.38,23.81,23.3,23.66,515701.97
2023-10-03 04:00:00,23.66,24.25,23.49,23.82,883391.1
2023-10-03 08:00:00,23.82,24.47,23.78,23.92,920484.99
2023-10-03 12:00:00,23.93,24.77,23.75,23.99,1997391.25
2023-10-03 16:00:00,23.99,24.33,23.44,23.52,864071.46
2023-10-03 20:00:00,23.52,23.76,23.21,23.6,713681.49
2023-10-04 00:00:00,23.61,23.66,22.8,23.12,998845.48
2023-10-04 04:00:00,23.11,23.24,22.78,23.17,376114.73
2023-10-04 08:00:00,23.16,23.86,23.1,23.58,624411.49
2023-10-04 12:00:00,23.59,23.65,22.67,22.69,874334.67
2023-10-04 16:00:00,22.69,23.28,22.58,22.92,811543.52
2023-10-04 20:00:00,22.92,23.31,22.86,23.13,260011.44
2023-10-05 00:00:00,23.13,23.76,23.04,23.24,523521.64
2023-10-05 04:00:00,23.24,23.49,22.83,23.01,406483.15
2023-10-05 08:00:00,23.0,23.35,22.89,23.22,372256.56
2023-10-05 12:00:00,23.23,23.59,22.62,22.8,981916.8
2023-10-05 16:00:00,22.8,23.06,22.53,22.8,628499.18
2023-10-05 20:00:00,22.8,22.85,22.61,22.7,375045.45
2023-10-06 00:00:00,22.7,23.34,22.66,23.19,493009.17
2023-10-06 04:00:00,23.19,23.45,22.94,23.34,412056.95
2023-10-06 08:00:00,23.34,23.57,23.08,23.18,890782.22
2023-10-06 12:00:00,23.18,23.68,22.7,23.51,1369242.14
2023-10-06 16:00:00,23.51,23.75,23.33,23.42,758797.25
2023-10-06 20:00:00,23.41,23.76,23.29,23.41,442474.39
2023-10-07 00:00:00,23.41,23.74,23.34,23.67,373586.14
2023-10-07 04:00:00,23.67,24.21,23.47,23.53,715922.99
2023-10-07 08:00:00,23.52,23.84,23.36,23.48,902194.26
2023-10-07 12:00:00,23.48,23.58,23.29,23.34,538129.59
2023-10-07 16:00:00,23.34,23.45,23.08,23.13,282379.01
2023-10-07 20:00:00,23.12,23.35,23.11,23.3,137629.73
2023-10-08 00:00:00,23.29,23.64,23.18,23.52,545835.79
2023-10-08 04:00:00,23.52,23.55,23.2,23.33,235104.13
2023-10-08 08:00:00,23.33,23.53,23.16,23.22,318036.05
2023-10-08 12:00:00,23.22,23.5,23.06,23.48,312086.98
2023-10-08 16:00:00,23.49,23.56,23.26,23.33,323365.86
2023-10-08 20:00:00,23.33,23.48,23.17,23.22,200037.32
2023-10-09 00:00:00,23.21,23.31,23.08,23.25,274974.39
2023-10-09 04:00:00,23.25,23.37,22.85,22.99,352330.29
2023-10-09 08:00:00,22.99,23.01,22.05,22.17,1424599.66
2023-10-09 12:00:00,22.18,22.39,22.07,22.2,578867.71
2023-10-09 16:00:00,22.21,22.43,21.59,22.2,1302171.92
2023-10-09 20:00:00,22.2,22.26,22.0,22.1,253346.51
2023-10-10 00:00:00,22.09,22.25,21.88,22.14,331209.87
2023-10-10 04:00:00,22.15,22.4,22.04,22.33,203348.79
2023-10-10 08:00:00,22.32,22.45,22.11,22.13,433315.93
2023-10-10 12:00:00,22.13,22.48,21.93,21.98,567968.29
2023-10-10 16:00:00,21.97,22.07,21.69,22.03,589259.65
2023-10-10 20:00:00,22.04,22.19,21.8,22.11,209613.71
2023-10-11 00:00:00,22.11,22.29,21.73,21.98,450804.5
2023-10-11 04:00:00,21.98,22.36,21.95,22.02,478296.4
2023-10-11 08:00:00,22.01,22.43,21.99,22.14,527261.52
2023-10-11 12:00:00,22.14,22.33,21.9,21.99,573072.75
2023-10-11 16:00:00,21.99,22.03,21.62,21.91,535402.22
2023-10-11 20:00:00,21.9,22.03,21.75,22.01,169374.55
2023-10-12 00:00:00,22.01,22.05,21.49,21.71,496005.5
2023-10-12 04:00:00,21.71,21.84,21.64,21.64,177263.39
2023-10-12 08:00:00,21.64,21.66,21.15,21.5,849868.64
2023-10-12 12:00:00,21.51,21.54,21.24,21.27,482538.66
2023-10-12 16:00:00,21.28,21.37,20.93,21.22,706606.53
2023-10-12 20:00:00,21.22,21.35,21.13,21.28,208846.3
2023-10-13 00:00:00,21.29,21.47,21.12,21.13,242813.79
2023-10-13 04:00:00,21.13,21.46,21.11,21.39,275557.12
2023-10-13 08:00:00,21.4,21.57,21.31,21.48,264077.8
2023-10-13 12:00:00,21.49,21.61,21.35,21.43,444968.74
2023-10-13 16:00:00,21.42,21.61,21.41,21.58,226971.27
2023-10-13 20:00:00,21.57,22.23,21.56,21.84,949234.37
2023-10-14 00:00:00,21.85,22.06,21.8,22.03,309866.99
2023-10-14 04:00:00,22.04,22.13,21.95,22.05,194365.82
2023-10-14 08:00:00,22.06,22.31,21.91,21.98,403581.98
2023-10-14 12:00:00,21.97,22.09,21.85,22.08,190686.48
2023-10-14 16:00:00,22.08,22.1,21.97,22.04,107965.77
2023-10-14 20:00:00,22.04,22.04,21.92,22.0,97307.5
2023-10-15 00:00:00,22.0,22.17,21.83,21.93,175933.98
2023-10-15 04:00:00,21.93,21.97,21.87,21.94,116959.13
2023-10-15 08:00:00,21.93,22.02,21.81,21.87,339779.16
2023-10-15 12:00:00,21.87,21.94,21.66,21.73,280880.52
2023-10-15 16:00:00,21.74,21.98,21.71,21.91,236830.41
2023-10-15 20:00:00,21.91,22.11,21.84,21.93,305582.58
2023-10-16 00:00:00,21.93,22.23,21.89,22.11,226714.46
2023-10-16 04:00:00,22.11,22.87,22.11,22.82,776445.15
2023-10-16 08:00:00,22.82,23.16,22.62,23.16,795082.1
2023-10-16 12:00:00,23.15,24.75,22.9,23.15,3413285.6
2023-10-16 16:00:00,23.15,24.14,23.15,23.86,1012269.88
2023-10-16 20:00:00,23.86,24.2,23.65,23.95,749845.63
2023-10-17 00:00:00,23.95,24.34,23.77,24.0,701374.42
2023-10-17 04:00:00,24.0,24.23,23.76,24.09,545982.21
2023-10-17 08:00:00,24.08,24.56,24.05,24.08,983649.68
2023-10-17 12:00:00,24.08,24.19,23.46,23.89,1000911.48
2023-10-17 16:00:00,23.89,24.39,23.72,24.17,709331.72
2023-10-17 20:00:00,24.17,24.24,23.89,23.93,514765.8
2023-10-18 00:00:00,23.94,24.11,23.8,24.04,310679.54
2023-10-18 04:00:00,24.04,24.43,23.88,23.89,725248.11
2023-10-18 08:00:00,23.89,24.15,23.78,23.81,338800.81
2023-10-18 12:00:00,23.81,23.92,23.62,23.68,506144.38
2023-10-18 16:00:00,23.68,23.79,23.57,23.7,315492.83
2023-10-18 20:00:00,23.7,23.74,23.36,23.42,786044.29
2023-10-19 00:00:00,23.41,23.58,23.11,23.46,481146.1
2023-10-19 04:00:00,23.45,23.9,23.44,23.86,349130.66
2023-10-19 08:00:00,23.86,24.3,23.7,24.28,841266.05
2023-10-19 12:00:00,24.29,24.9,24.05,24.77,1526869.62
2023-10-19 16:00:00,24.77,25.77,24.67,25.16,2009614.2
2023-10-19 20:00:00,25.15,25.25,24.73,24.93,681142.36
2023-10-20 00:00:00,24.92,25.72,24.73,25.67,1065737.19
2023-10-20 04:00:00,25.67,26.53,25.6,26.24,1334917.19
2023-10-20 08:00:00,26.24,27.5,26.23,26.88,2014897.31
2023-10-20 12:00:00,26.89,27.14,26.55,26.88,1115693.2
2023-10-20 16:00:00,26.89,27.05,26.31,26.88,1066202.83
2023-10-20 20:00:00,26.88,27.35,26.7,27.03,669179.29
2023-10-21 00:00:00,27.02,27.13,26.65,26.81,612542.93
2023-10-21 04:00:00,26.82,28.45,26.66,28.08,1769369.99
2023-10-21 08:00:00,28.08,29.97,27.84,29.52,2240626.25
2023-10-21 12:00:00,29.51,29.66,28.62,29.04,1960978.1
2023-10-21 16:00:00,29.04,29.92,28.87,29.5,1494558.36
2023-10-21 20:00:00,29.51,30.31,29.2,29.32,1498283.09
2023-10-22 00:00:00,29.33,29.94,29.17,29.73,878156.63
2023-10-22 04:00:00,29.73,30.01,28.18,28.8,1317743.54
2023-10-22 08:00:00,28.81,29.05,28.09,28.34,1219024.09
2023-10-22 12:00:00,28.34,28.9,28.29,28.43,790577.3
2023-10-22 16:00:00,28.42,29.16,28.39,28.69,636169.51
2023-10-22 20:00:00,28.69,29.33,28.67,29.05,725808.96
2023-10-23 00:00:00,29.06,30.67,28.74,30.66,2243688.66
2023-10-23 04:00:00,30.66,31.36,29.88,30.1,2294810.24
2023-10-23 08:00:00,30.1,30.35,29.31,29.71,1520712.74
2023-10-23 12:00:00,29.71,29.88,28.81,28.98,1448990.33
2023-10-23 16:00:00,28.98,30.0,28.88,29.91,1749155.01
2023-10-23 20:00:00,29.91,32.81,29.75,31.88,2921189.13
2023-10-24 00:00:00,31.88,32.57,31.26,31.4,2746056.34
2023-10-24 04:00:00,31.39,31.77,30.65,31.25,1220688.44
2023-10-24 08:00:00,31.25,31.99,31.17,31.84,977423.17
2023-10-24 12:00:00,31.83,32.61,30.5,30.89,2941783.35
2023-10-24 16:00:00,30.89,31.2,30.02,30.5,1759336.28
2023-10-24 20:00:00,30.5,30.8,29.5,30.17,1506990.51
2023-10-25 00:00:00,30.18,32.21,30.0,31.04,1717292.76
2023-10-25 04:00:00,31.05,31.87,30.66,30.96,989454.37
2023-10-25 08:00:00,30.97,32.51,30.78,32.23,1661403.7
2023-10-25 12:00:00,32.23,33.9,32.22,33.41,3116826.28
2023-10-25 16:00:00,33.41,33.58,32.28,32.77,2031640.55
2023-10-25 20:00:00,32.77,33.07,31.87,32.44,1066015.23
2023-10-26 00:00:00,32.43,32.8,31.73,32.75,949010.23
2023-10-26 04:00:00,32.76,33.28,32.0,32.82,840712.34
2023-10-26 08:00:00,32.82,32.98,31.6,31.82,1294112.12
2023-10-26 12:00:00,31.82,32.39,30.91,31.32,1659362.03
2023-10-26 16:00:00,31.31,31.69,30.73,31.55,887578.13
2023-10-26 20:00:00,31.54,33.25,31.46,32.77,1309405.86
2023-10-27 00:00:00,32.78,32.86,31.82,32.39,875612.67
2023-10-27 04:00:00,32.39,32.89,32.13,32.34,700990.78
2023-10-27 08:00:00,32.34,33.1,32.15,32.58,1013470.44
2023-10-27 12:00:00,32.58,33.35,31.92,32.21,1733459.21
2023-10-27 16:00:00,32.21,32.49,31.2,31.93,1369809.81
2023-10-27 20:00:00,31.92,32.27,31.46,31.73,579988.44
2023-10-28 00:00:00,31.73,32.38,31.65,32.34,361061.49
2023-10-28 04:00:00,32.34,32.48,32.05,32.28,379029.3
2023-10-28 08:00:00,32.27,32.51,32.06,32.2,406302.61
2023-10-28 12:00:00,32.2,32.22,31.63,32.03,622788.4
2023-10-28 16:00:00,32.03,32.1,31.5,31.58,426415.69
2023-10-28 20:00:00,31.58,31.99,31.35,31.63,398880.92
2023-10-29 00:00:00,31.62,31.83,31.27,31.57,338257.37
2023-10-29 04:00:00,31.56,32.36,31.49,32.29,667019.28
2023-10-29 08:00:00,32.29,32.37,32.12,32.25,406955.96
2023-10-29 12:00:00,32.26,32.7,32.17,32.63,604690.78
2023-10-29 16:00:00,32.63,33.19,32.54,33.0,979513.06
2023-10-29 20:00:00,33.0,33.04,32.5,32.83,487398.45
2023-10-30 00:00:00,32.83,33.09,32.51,32.74,659324.3
2023-10-30 04:00:00,32.73,32.98,32.28,32.56,681440.26
2023-10-30 08:00:00,32.55,35.16,32.48,34.94,3520914.32
2023-10-30 12:00:00,34.95,35.35,34.51,35.04,1313940.16
2023-10-30 16:00:00,35.04,35.05,34.23,34.88,951939.78
2023-10-30 20:00:00,34.89,35.01,34.47,34.94,499696.31
2023-10-31 00:00:00,34.94,36.47,34.82,35.79,1842252.88
2023-10-31 04:00:00,35.79,36.61,35.57,35.72,1458523.98
2023-10-31 08:00:00,35.72,36.98,35.59,36.58,1563634.98
2023-10-31 12:00:00,36.58,36.68,35.62,36.1,1551738.79
2023-10-31 16:00:00,36.1,36.45,35.82,36.28,745321.83
2023-10-31 20:00:00,36.27,38.62,36.26,38.4,2106193.23
2023-11-01 00:00:00,38.41,38.79,37.9,38.27,1414812.91
2023-11-01 04:00:00,38.28,39.4,37.81,38.46,1303753.47
2023-11-01 08:00:00,38.46,39.8,38.0,39.28,2367688.78
2023-11-01 12:00:00,39.28,41.84,38.85,40.66,4204939.75
2023-11-01 16:00:00,40.67,46.9,40.39,42.0,6909221.28
2023-11-01 20:00:00,42.0,43.82,40.57,41.15,3285943.79
2023-11-02 00:00:00,41.16,42.84,41.1,42.59,1724949.66
2023-11-02 04:00:00,42.59,43.46,41.11,43.12,1650578.51
2023-11-02 08:00:00,43.12,44.57,42.53,44.47,1910216.01
2023-11-02 12:00:00,44.47,44.5,40.01,40.03,3791236.59
2023-11-02 16:00:00,40.03,41.58,38.65,41.42,3681674.4
2023-11-02 20:00:00,41.42,42.13,39.55,40.23,1985175.74
2023-11-03 00:00:00,40.24,40.26,37.98,38.94,2290996.58
2023-11-03 04:00:00,38.94,39.12,38.0,39.02,1320598.02
2023-11-03 08:00:00,39.02,39.77,38.08,39.15,1985209.93
2023-11-03 12:00:00,39.15,40.2,38.8,39.79,2049869.11
2023-11-03 16:00:00,39.81,40.06,38.51,39.17,1538280.02
2023-11-03 20:00:00,39.17,39.95,39.04,39.45,1105119.82
2023-11-04 00:00:00,39.45,41.23,39.0,41.12,1780704.97
2023-11-04 04:00:00,41.12,42.06,40.4,41.72,1649464.07
2023-11-04 08:00:00,41.72,42.72,41.26,41.53,1569360.87
2023-11-04 12:00:00,41.52,42.21,40.82,41.28,1216599.31
2023-11-04 16:00:00,41.28,41.88,41.03,41.38,487690.45
2023-11-04 20:00:00,41.39,42.69,41.3,42.41,748762.04
2023-11-05 00:00:00,42.41,42.85,41.7,42.52,783261.58
2023-11-05 04:00:00,42.52,42.54,41.42,41.57,708728.93
2023-11-05 08:00:00,41.56,41.81,41.1,41.64,588265.24
2023-11-05 12:00:00,41.64,41.88,40.5,40.72,854099.01
2023-11-05 16:00:00,40.72,41.6,40.63,40.74,576377.27
2023-11-05 20:00:00,40.75,41.55,40.1,41.15,607230.36
2023-11-06 00:00:00,41.16,41.83,40.88,41.11,620297.63
2023-11-06 04:00:00,41.11,41.23,39.66,39.93,1077333.26
2023-11-06 08:00:00,39.93,40.73,39.7,40.32,635724.65
2023-11-06 12:00:00,40.32,40.7,39.9,40.23,853730.46
2023-11-06 16:00:00,40.23,40.52,39.88,40.48,657456.12
2023-11-06 20:00:00,40.49,42.2,40.03,42.16,1022016.47
2023-11-07 00:00:00,42.16,42.29,40.08,40.81,1289109.06
2023-11-07 04:00:00,40.82,41.68,40.67,41.55,689817.25
2023-11-07 08:00:00,41.56,41.75,40.48,41.1,1012562.46
2023-11-07 12:00:00,41.1,42.1,40.71,41.21,1567153.06
2023-11-07 16:00:00,41.21,44.39,41.02,43.86,2767947.45
2023-11-07 20:00:00,43.86,44.78,42.76,42.93,1500071.19
2023-11-08 00:00:00,42.93,43.5,42.25,43.37,698981.97
2023-11-08 04:00:00,43.36,43.78,42.98,43.49,515665.94
2023-11-08 08:00:00,43.47,43.88,43.09,43.31,716189.83
2023-11-08 12:00:00,43.3,43.6,42.31,42.77,929544.53
2023-11-08 16:00:00,42.77,43.61,42.55,43.1,768404.65
2023-11-08 20:00:00,43.08,43.51,42.63,43.13,951584.09
2023-11-09 00:00:00,43.12,44.15,42.5,44.09,1336250.8
2023-11-09 04:00:00,44.09,44.61,43.8,43.9,1109507.59
2023-11-09 08:00:00,43.9,47.45,43.88,47.13,2569347.77
2023-11-09 12:00:00,47.13,48.88,45.72,46.4,3654141.02
2023-11-09 16:00:00,46.4,46.8,41.36,44.42,2796957.53
2023-11-09 20:00:00,44.41,45.74,43.04,45.29,1080736.62
2023-11-10 00:00:00,45.3,47.99,45.05,47.4,1560960.78
2023-11-10 04:00:00,47.41,48.87,46.81,47.55,1377620.14
2023-11-10 08:00:00,47.54,51.2,46.56,50.7,2897939.39
2023-11-10 12:00:00,50.7,51.93,48.63,50.87,3234905.75
2023-11-10 16:00:00,50.88,54.99,50.64,54.11,3228527.69
2023-11-10 20:00:00,54.11,57.54,53.02,56.67,2408601.6
2023-11-11 00:00:00,56.67,57.7,54.39,55.84,2358233.76
2023-11-11 04:00:00,55.82,56.0,53.55,54.26,1266492.33
2023-11-11 08:00:00,54.27,55.84,53.8,55.25,1082337.57
2023-11-11 12:00:00,55.25,63.95,55.02,60.89,4795260.86
2023-11-11 16:00:00,60.89,62.49,58.1,60.53,2340562.26
2023-11-11 20:00:00,60.53,60.53,55.36,56.34,1947971.52
2023-11-12 00:00:00,56.36,57.91,54.5,57.39,2341627.92
2023-11-12 04:00:00,57.37,61.86,56.44,61.08,2296003.63
2023-11-12 08:00:00,61.09,61.45,58.4,59.97,1645461.95
2023-11-12 12:00:00,59.98,60.39,57.68,58.62,1333902.49
2023-11-12 16:00:00,58.63,58.77,55.5,56.03,1445932.37
2023-11-12 20:00:00,56.02,57.57,55.56,56.28,1183157.03
2023-11-13 00:00:00,56.27,59.42,55.1,56.99,1660877.4
2023-11-13 04:00:00,56.98,59.5,56.65,58.24,1234307.43
2023-11-13 08:00:00,58.23,59.6,56.46,57.04,1236013.66
2023-11-13 12:00:00,57.02,59.86,54.28,55.64,2952184.83
2023-11-13 16:00:00,55.63,56.9,52.2,54.64,2151097.05
2023-11-13 20:00:00,54.64,54.65,51.28,51.6,1832382.87
2023-11-14 00:00:00,51.6,54.84,51.12,54.03,1842957.17
2023-11-14 04:00:00,54.03,55.44,53.79,55.16,1406067.72
2023-11-14 08:00:00,55.16,55.82,52.01,52.65,1472104.57
2023-11-14 12:00:00,52.65,57.99,52.01,56.23,3545586.39
2023-11-14 16:00:00,56.22,56.98,52.2,55.1,2470820.56
2023-11-14 20:00:00,55.1,57.44,54.81,56.81,1476241.83
2023-11-15 00:00:00,56.81,57.97,56.15,56.24,1005579.01
2023-11-15 04:00:00,56.24,59.68,56.23,59.16,1435076.91
2023-11-15 08:00:00,59.17,63.5,58.72,62.99,2368273.48
2023-11-15 12:00:00,62.98,63.92,61.27,62.42,2692044.4
2023-11-15 16:00:00,62.43,65.8,60.61,65.33,3059141.43
2023-11-15 20:00:00,65.34,67.12,64.13,65.43,2239994.05
2023-11-16 00:00:00,65.43,66.72,64.4,65.88,1645316.77
2023-11-16 04:00:00,65.88,68.2,64.72,65.68,1736121.23
2023-11-16 08:00:00,65.67,66.11,63.28,64.03,2144018.51
2023-11-16 12:00:00,64.02,64.7,60.44,61.6,3138042.4
2023-11-16 16:00:00,61.61,62.87,59.0,62.34,2321547.81
2023-11-16 20:00:00,62.34,62.89,56.31,57.8,2883280.32
2023-11-17 00:00:00,57.81,60.57,57.63,58.95,2119898.51
2023-11-17 04:00:00,58.95,59.97,58.0,58.16,1414344.14
2023-11-17 08:00:00,58.16,59.04,56.47,58.15,1805903.2
2023-11-17 12:00:00,58.14,59.63,54.1,55.04,2935638.82
2023-11-17 16:00:00,55.04,58.95,54.39,57.58,2617254.69
2023-11-17 20:00:00,57.58,59.46,57.48,58.51,1075264.42
2023-11-18 00:00:00,58.52,58.62,56.31,56.68,1112644.71
2023-11-18 04:00:00,56.68,57.45,54.7,56.36,1350497.55
2023-11-18 08:00:00,56.36,57.64,56.05,56.96,898248.89
2023-11-18 12:00:00,56.97,58.35,55.5,58.01,1504216.21
2023-11-18 16:00:00,58.01,59.37,57.51,59.06,1680275.08
2023-11-18 20:00:00,59.07,59.31,57.97,58.56,829064.06
2023-11-19 00:00:00,58.56,58.57,56.61,58.25,832602.36
2023-11-19 04:00:00,58.25,60.93,57.75,60.44,1431223.99
2023-11-19 08:00:00,60.44,61.79,59.42,59.87,1658903.29
2023-11-19 12:00:00,59.87,60.35,59.08,59.97,988668.38
2023-11-19 16:00:00,59.98,61.29,59.41,61.19,952723.55
2023-11-19 20:00:00,61.2,62.1,60.14,61.1,1145528.52
2023-11-20 00:00:00,61.1,61.33,59.78,59.92,973344.61
2023-11-20 04:00:00,59.91,60.18,59.12,59.88,672604.57
2023-11-20 08:00:00,59.89,61.09,59.3,60.08,888828.5
2023-11-20 12:00:00,60.08,60.63,57.6,59.01,1490147.98
2023-11-20 16:00:00,59.01,59.41,56.6,57.54,1842382.6
2023-11-20 20:00:00,57.54,57.79,56.0,56.57,1260254.02
2023-11-21 00:00:00,56.57,57.4,55.1,56.0,1155926.31
2023-11-21 04:00:00,56.01,56.45,55.3,55.39,800519.87
2023-11-21 08:00:00,55.39,57.12,55.36,56.27,939525.79
2023-11-21 12:00:00,56.28,56.65,52.73,55.11,2472966.67
2023-11-21 16:00:00,55.11,56.24,52.35,54.81,2727687.85
2023-11-21 20:00:00,54.82,55.8,51.23,51.65,2644462.41
2023-11-22 00:00:00,51.65,54.46,51.43,54.37,1484593.69
2023-11-22 04:00:00,54.36,55.29,53.89,54.67,867782.35
2023-11-22 08:00:00,54.68,55.23,54.37,54.53,893664.07
2023-11-22 12:00:00,54.53,55.73,54.04,54.94,1376751.33
2023-11-22 16:00:00,54.94,57.67,54.4,57.34,1775262.1
2023-11-22 20:00:00,57.33,58.94,56.93,57.56,1493411.11
2023-11-23 00:00:00,57.55,58.49,56.98,57.64,917047.17
2023-11-23 04:00:00,57.64,58.53,57.5,57.8,555542.87
2023-11-23 08:00:00,57.81,58.98,57.2,57.97,855837.5
2023-11-23 12:00:00,57.98,59.63,56.43,56.6,1599333.56
2023-11-23 16:00:00,56.61,57.32,56.14,56.35,606884.09
2023-11-23 20:00:00,56.34,57.05,56.29,56.51,390989.96
2023-11-24 00:00:00,56.52,57.6,56.2,57.28,528395.14
2023-11-24 04:00:00,57.27,57.44,56.67,57.34,361537.77
2023-11-24 08:00:00,57.34,58.79,57.08,58.03,993196.92
2023-11-24 12:00:00,58.02,58.52,57.2,58.13,858031.5
2023-11-24 16:00:00,58.13,58.43,56.82,57.14,746393.52
2023-11-24 20:00:00,57.14,57.6,56.5,56.86,418097.07
2023-11-25 00:00:00,56.86,59.82,55.7,58.83,1668765.42
2023-11-25 04:00:00,58.82,58.98,58.41,58.6,451257.98
2023-11-25 08:00:00,58.59,58.83,57.33,57.81,604978.82
2023-11-25 12:00:00,57.81,58.74,57.7,58.55,452530.46
2023-11-25 16:00:00,58.55,59.7,58.34,59.03,607852.14
2023-11-25 20:00:00,59.03,59.3,58.61,58.82,309744.46
2023-11-26 00:00:00,58.81,59.04,57.99,58.31,347330.45
2023-11-26 04:00:00,58.32,58.65,58.16,58.41,250885.73
2023-11-26 08:00:00,58.4,58.63,57.75,57.86,374112.83
2023-11-26 12:00:00,57.86,58.11,56.67,57.1,794972.27
2023-11-26 16:00:00,57.09,57.3,56.12,57.2,738890.77
2023-11-26 20:00:00,57.2,58.69,57.01,57.57,591645.42
2023-11-27 00:00:00,57.57,58.09,56.15,56.6,528071.71
2023-11-27 04:00:00,56.6,57.34,55.5,55.93,638105.59
2023-11-27 08:00:00,55.93,56.29,54.69,55.02,923157.3
2023-11-27 12:00:00,55.02,55.22,53.91,53.94,896291.54
2023-11-27 16:00:00,53.94,55.15,53.47,54.13,940354.36
2023-11-27 20:00:00,54.12,55.17,53.68,55.06,692889.1
2023-11-28 00:00:00,55.06,55.42,54.62,54.96,507346.22
2023-11-28 04:00:00,54.96,55.32,53.94,55.09,810241.88
2023-11-28 08:00:00,55.08,56.35,54.65,56.19,871902.04
2023-11-28 12:00:00,56.19,56.42,55.41,56.05,912558.38
2023-11-28 16:00:00,56.05,58.4,55.95,58.04,1758369.37
2023-11-28 20:00:00,58.04,58.65,57.56,58.18,782498.06
2023-11-29 00:00:00,58.18,58.85,57.72,58.53,847442.89
2023-11-29 04:00:00,58.54,59.64,58.2,59.36,1225784.43
2023-11-29 08:00:00,59.37,61.78,59.36,60.64,1963614.53
2023-11-29 12:00:00,60.63,61.62,59.11,60.06,1731514.27
2023-11-29 16:00:00,60.06,60.39,58.88,60.06,1028232.13
2023-11-29 20:00:00,60.05,60.26,58.6,59.31,777804.59
2023-11-30 00:00:00,59.31,60.75,58.75,60.42,856129.39
2023-11-30 04:00:00,60.42,61.25,59.65,60.0,744943.05
2023-11-30 08:00:00,60.01,60.94,59.24,60.78,669029.99
2023-11-30 12:00:00,60.79,61.7,59.15,59.59,1166883.21
2023-11-30 16:00:00,59.6,60.0,58.96,59.99,625384.52
2023-11-30 20:00:00,59.99,60.18,58.98,59.3,534733.85
2023-12-01 00:00:00,59.3,61.08,58.6,60.75,1050384.86
2023-12-01 04:00:00,60.76,61.3,60.21,60.86,794683.57
2023-12-01 08:00:00,60.87,61.9,60.68,61.04,956545.49
2023-12-01 12:00:00,61.05,61.2,59.75,60.12,827951.61
2023-12-01 16:00:00,60.13,61.66,59.87,60.51,1155640.4
2023-12-01 20:00:00,60.52,60.71,59.58,59.75,637288.13
2023-12-02 00:00:00,59.74,61.15,59.67,61.01,603346.26
2023-12-02 04:00:00,61.02,62.65,60.8,62.01,976740.69
2023-12-02 08:00:00,62.01,62.48,61.61,62.15,723255.49
2023-12-02 12:00:00,62.15,62.56,61.45,61.89,751833.55
2023-12-02 16:00:00,61.88,63.32,61.31,62.98,972267.68
2023-12-02 20:00:00,62.98,63.9,62.71,63.66,871060.09
2023-12-03 00:00:00,63.66,65.53,63.51,64.09,1496475.59
2023-12-03 04:00:00,64.08,64.3,63.48,63.96,610226.33
2023-12-03 08:00:00,63.95,64.13,63.03,63.52,501092.46
2023-12-03 12:00:00,63.53,63.62,62.44,62.98,788326.99
2023-12-03 16:00:00,62.99,63.02,62.22,62.94,479086.58
2023-12-03 20:00:00,62.94,64.1,62.52,62.98,799990.7
2023-12-04 00:00:00,62.99,64.88,62.92,64.23,1147886.74
2023-12-04 04:00:00,64.22,65.25,63.54,63.69,1220048.62
2023-12-04 08:00:00,63.69,64.35,59.75,62.11,2072881.97
2023-12-04 12:00:00,62.11,62.27,59.94,60.53,1604726.12
2023-12-04 16:00:00,60.53,61.31,60.32,61.04,867857.85
2023-12-04 20:00:00,61.03,62.1,60.66,61.64,782814.89
2023-12-05 00:00:00,61.63,62.17,59.66,60.62,1092424.75
2023-12-05 04:00:00,60.62,60.66,59.11,59.69,994308.42
2023-12-05 08:00:00,59.69,60.44,59.43,60.16,655510.75
2023-12-05 12:00:00,60.16,61.64,59.98,60.96,982283.85
2023-12-05 16:00:00,60.95,62.6,60.38,61.37,1530138.48
2023-12-05 20:00:00,61.37,61.63,60.21,61.03,777772.01
2023-12-06 00:00:00,61.04,64.47,61.03,64.36,2619357.89
2023-12-06 04:00:00,64.36,64.66,62.59,63.36,1517385.78
2023-12-06 08:00:00,63.35,66.68,62.0,63.05,3390580.58
2023-12-06 12:00:00,63.04,63.75,62.35,62.61,1428525.7
2023-12-06 16:00:00,62.61,64.45,62.48,64.42,922672.67
2023-12-06 20:00:00,64.42,64.6,61.5,61.85,1242613.06
2023-12-07 00:00:00,61.85,63.97,61.64,62.92,881565.57
2023-12-07 04:00:00,62.92,63.84,62.85,63.37,643466.13
2023-12-07 08:00:00,63.36,64.32,61.78,64.18,1985622.8
2023-12-07 12:00:00,64.18,66.18,63.61,65.81,2228490.43
2023-12-07 16:00:00,65.81,67.49,64.5,64.77,2256278.76
2023-12-07 20:00:00,64.77,69.37,64.63,67.74,2653159.63
2023-12-08 00:00:00,67.74,72.29,67.74,71.47,2689786.14
2023-12-08 04:00:00,71.47,72.87,70.83,71.39,2255047.75
2023-12-08 08:00:00,71.38,73.78,70.45,72.95,1667551.94
2023-12-08 12:00:00,72.95,74.3,71.7,72.02,2019399.75
2023-12-08 16:00:00,72.02,74.08,72.0,72.28,1510474.5
2023-12-08 20:00:00,72.28,75.3,72.26,74.94,1172570.268
2023-12-09 00:00:00,74.93,75.53,72.9,74.16,1267033.58
2023-12-09 04:00:00,74.16,77.78,73.66,76.96,1757326.65
2023-12-09 08:00:00,76.96,77.5,74.6,77.1,1793415.25
2023-12-09 12:00:00,77.1,77.46,75.13,75.57,1472962.31
2023-12-09 16:00:00,75.57,75.84,72.73,74.08,1303717.18
2023-12-09 20:00:00,74.09,74.32,71.5,72.3,1215509.33
2023-12-10 00:00:00,72.31,74.0,72.17,73.0,825597.81
2023-12-10 04:00:00,73.0,73.61,71.64,72.47,887680.25
2023-12-10 08:00:00,72.48,72.75,70.67,71.42,1200906.05
2023-12-10 12:00:00,71.42,74.64,71.36,73.73,1256566.53
2023-12-10 16:00:00,73.72,74.1,72.16,73.47,747433.36
2023-12-10 20:00:00,73.46,74.89,73.3,74.87,968624.01
2023-12-11 00:00:00,74.88,75.0,64.18,70.88,3618084.48
2023-12-11 04:00:00,70.88,71.2,67.72,68.49,1995097.35
2023-12-11 08:00:00,68.5,69.96,67.73,69.66,1440411.39
2023-12-11 12:00:00,69.66,69.85,66.92,69.26,1937703.34
2023-12-11 16:00:00,69.26,70.88,67.94,69.33,2578456.75
2023-12-11 20:00:00,69.32,70.6,67.74,70.25,1400935.16
2023-12-12 00:00:00,70.24,72.42,70.23,71.18,1414268.02
2023-12-12 04:00:00,71.18,71.78,69.61,71.77,968396.96
2023-12-12 08:00:00,71.76,72.2,70.5,70.61,1094171.06
2023-12-12 12:00:00,70.62,71.79,68.21,68.46,1760070.99
2023-12-12 16:00:00,68.45,68.78,65.75,67.62,1718498.87
2023-12-12 20:00:00,67.62,69.09,66.93,68.6,808057.74
2023-12-13 00:00:00,68.6,68.76,65.12,65.48,1672081.87
2023-12-13 04:00:00,65.51,66.28,63.67,64.89,1516428.06
2023-12-13 08:00:00,64.9,66.6,64.79,65.38,904862.68
2023-12-13 12:00:00,65.37,68.17,65.1,67.56,1259262.87
2023-12-13 16:00:00,67.57,70.58,66.76,70.35,1323176.39
2023-12-13 20:00:00,70.35,72.6,70.09,70.62,1596113.57
2023-12-14 00:00:00,70.62,71.05,69.66,70.08,770545.75
2023-12-14 04:00:00,70.08,71.94,69.7,71.52,897888.48
2023-12-14 08:00:00,71.52,73.7,71.06,73.53,1073890.17
2023-12-14 12:00:00,73.52,73.87,68.18,71.65,1902560.45
2023-12-14 16:00:00,71.65,74.48,71.64,73.28,1463114.91
2023-12-14 20:00:00,73.28,76.24,72.67,75.68,1385589.65
2023-12-15 00:00:00,75.68,75.85,73.98,74.38,999348.81
2023-12-15 04:00:00,74.38,77.05,74.38,76.62,1623413.49
2023-12-15 08:00:00,76.63,79.31,76.16,79.14,1857901.38
2023-12-15 12:00:00,79.13,79.5,75.22,76.06,1773015.47
2023-12-15 16:00:00,76.06,77.49,73.61,76.94,1411276.58
2023-12-15 20:00:00,76.94,77.23,72.13,72.51,1169611.71
2023-12-16 00:00:00,72.51,74.41,71.18,74.21,1333578.07
2023-12-16 04:00:00,74.21,74.59,73.64,74.38,649312.88
2023-12-16 08:00:00,74.39,75.15,73.77,75.15,606053.97
2023-12-16 12:00:00,75.14,77.22,74.91,77.15,1135896.29
2023-12-16 16:00:00,77.16,77.17,73.78,74.16,1028015.09
2023-12-16 20:00:00,74.16,74.58,72.84,73.72,760223.31
2023-12-17 00:00:00,73.71,74.12,72.55,73.51,709526.62
2023-12-17 04:00:00,73.51,74.24,72.03,72.38,724314.41
2023-12-17 08:00:00,72.38,73.32,71.82,73.08,544916.49
2023-12-17 12:00:00,73.08,73.29,71.39,72.68,868243.92
2023-12-17 16:00:00,72.68,75.05,72.25,73.54,1266061.2
2023-12-17 20:00:00,73.55,74.22,70.36,70.87,995578.62
2023-12-18 00:00:00,70.85,71.97,68.56,69.94,1377410.52
2023-12-18 04:00:00,69.94,70.21,68.68,68.94,850342.31
2023-12-18 08:00:00,68.94,69.95,67.0,69.01,1576272.17
2023-12-18 12:00:00,69.02,71.85,68.23,70.73,1331992.78
2023-12-18 16:00:00,70.73,72.69,70.41,72.34,807723.38
2023-12-18 20:00:00,72.34,75.46,71.66,74.42,1276081.17
2023-12-19 00:00:00,74.41,76.09,73.83,75.27,1052506.6
2023-12-19 04:00:00,75.27,76.37,74.97,75.71,956282.81
2023-12-19 08:00:00,75.71,76.11,74.49,74.63,817368.48
2023-12-19 12:00:00,74.62,75.13,72.79,73.67,1075997.02
2023-12-19 16:00:00,73.68,74.39,71.78,74.26,1132491.49
2023-12-19 20:00:00,74.26,75.42,72.3,73.0,1052159.76
2023-12-20 00:00:00,73.0,75.11,72.96,74.92,1140457.36
2023-12-20 04:00:00,74.92,76.18,74.33,76.07,930907.36
2023-12-20 08:00:00,76.07,78.6,75.5,77.07,1795182.79
2023-12-20 12:00:00,77.06,81.25,76.34,80.68,2275041.29
2023-12-20 16:00:00,80.68,84.14,79.04,81.07,2762064.92
2023-12-20 20:00:00,81.07,82.46,79.25,82.21,1797640.57
2023-12-21 00:00:00,82.22,84.69,81.03,83.38,1661051.44
2023-12-21 04:00:00,83.38,87.14,83.03,86.83,1782116.39
2023-12-21 08:00:00,86.84,88.42,85.13,87.01,1872791.21
2023-12-21 12:00:00,87.01,88.71,85.6,87.5,1760956.68
2023-12-21 16:00:00,87.5,95.35,87.48,92.89,3345450.82
2023-12-21 20:00:00,92.88,95.54,91.22,93.84,1707277.81
2023-12-22 00:00:00,93.86,99.5,93.06,97.77,2715075.81
2023-12-22 04:00:00,97.78,99.28,92.21,93.78,2525045.15
2023-12-22 08:00:00,93.78,95.23,90.34,93.78,2257481.44
2023-12-22 12:00:00,93.79,96.8,92.0,96.31,1786153.01
2023-12-22 16:00:00,96.31,97.63,93.34,96.91,1721157.74
2023-12-22 20:00:00,96.91,98.42,95.8,97.9,970208.41
2023-12-23 00:00:00,97.91,98.22,93.33,93.73,1142516.09
2023-12-23 04:00:00,93.72,96.52,92.8,95.36,700873.72
2023-12-23 08:00:00,95.35,96.4,94.71,95.87,614291.6
2023-12-23 12:00:00,95.87,97.3,95.28,96.77,913486.17
2023-12-23 16:00:00,96.77,103.82,96.12,102.88,2468762.94
2023-12-23 20:00:00,102.87,110.0,101.46,107.88,2496490.08
2023-12-24 00:00:00,107.88,117.69,107.3,116.22,2737295.41
2023-12-24 04:00:00,116.22,118.1,109.76,114.51,2402187.95
2023-12-24 08:00:00,114.5,114.7,107.58,110.34,2040168.03
2023-12-24 12:00:00,110.35,114.44,109.05,113.55,1549568.5
2023-12-24 16:00:00,113.56,116.8,112.22,115.16,1674680.82
2023-12-24 20:00:00,115.15,115.5,109.51,112.45,1857798.32
2023-12-25 00:00:00,112.45,113.07,107.92,112.03,1448513.16
2023-12-25 04:00:00,112.03,114.46,111.57,112.93,990162.85
2023-12-25 08:00:00,112.94,113.65,109.67,111.75,977878.38
2023-12-25 12:00:00,111.75,124.3,110.2,123.15,3136298.75
2023-12-25 16:00:00,123.15,126.36,120.5,121.26,2603096.12
2023-12-25 20:00:00,121.26,123.99,116.42,120.91,1958548.66
2023-12-26 00:00:00,120.91,121.36,116.69,119.37,1192461.25
2023-12-26 04:00:00,119.37,120.69,110.67,113.4,2456746.22
2023-12-26 08:00:00,113.41,115.85,111.15,114.8,1682934.17
2023-12-26 12:00:00,114.81,117.16,110.27,110.51,1960745.03
2023-12-26 16:00:00,110.52,112.91,102.09,106.65,3335379.75
2023-12-26 20:00:00,106.66,113.07,106.16,112.49,1671828.96
2023-12-27 00:00:00,112.48,113.6,107.84,108.53,1318056.22
2023-12-27 04:00:00,108.51,112.75,108.38,111.36,972459.65
2023-12-27 08:00:00,111.37,115.3,110.93,112.78,1386877.11
2023-12-27 12:00:00,112.78,113.24,106.27,107.8,2178330.3
2023-12-27 16:00:00,107.79,110.67,104.58,109.02,2146513.86
2023-12-27 20:00:00,109.03,111.0,106.45,106.91,970401.76
2023-12-28 00:00:00,106.92,109.66,103.0,104.49,1813420.73
2023-12-28 04:00:00,104.51,106.45,102.2,105.85,1340613.88
2023-12-28 08:00:00,105.84,106.15,103.16,104.86,1162756.05
2023-12-28 12:00:00,104.85,105.09,97.14,99.71,3096775.27
2023-12-28 16:00:00,99.7,101.65,98.37,101.1,1414705.55
2023-12-28 20:00:00,101.1,103.97,98.81,101.8,1365929.54
2023-12-29 00:00:00,101.8,105.91,99.0,104.89,1869610.61
2023-12-29 04:00:00,104.91,108.59,104.02,105.12,1452684.02
2023-12-29 08:00:00,105.13,110.0,104.98,107.56,1764653.76
2023-12-29 12:00:00,107.56,109.77,104.25,105.98,1664714.68
2023-12-29 16:00:00,105.98,107.96,102.28,105.84,1944664.0
2023-12-29 20:00:00,105.84,106.34,102.7,106.17,736211.6
2023-12-30 00:00:00,106.17,107.47,102.9,103.55,743619.56
2023-12-30 04:00:00,103.56,105.01,103.14,103.44,604110.62
2023-12-30 08:00:00,103.45,103.47,100.62,102.16,895924.8
2023-12-30 12:00:00,102.15,104.37,102.06,104.26,764312.57
2023-12-30 16:00:00,104.27,104.97,102.6,103.26,709756.9
2023-12-30 20:00:00,103.24,104.31,101.22,101.9,460615.17
2023-12-31 00:00:00,101.9,102.93,99.54,100.65,636843.84
2023-12-31 04:00:00,100.63,104.88,100.43,103.98,645055.57
2023-12-31 08:00:00,103.98,105.18,103.38,104.26,628428.14
2023-12-31 12:00:00,104.27,105.21,102.15,102.49,621733.66
2023-12-31 16:00:00,102.49,104.48,102.3,103.77,420480.13
2023-12-31 20:00:00,103.77,105.08,99.78,101.72,869449.33
2024-01-01 00:00:00,101.72,104.75,101.51,103.07,691468.73
2024-01-01 04:00:00,103.07,103.98,101.44,102.51,425646.11
2024-01-01 08:00:00,102.49,104.95,101.78,104.32,644538.73
2024-01-01 12:00:00,104.33,106.39,103.86,105.98,779092.49
2024-01-01 16:00:00,105.99,109.07,105.83,108.81,1012433.63
2024-01-01 20:00:00,108.82,109.93,107.12,109.91,850130.68
2024-01-02 00:00:00,109.93,113.15,108.46,111.41,1512690.67
2024-01-02 04:00:00,111.41,114.7,110.89,114.47,1025196.57
2024-01-02 08:00:00,114.47,116.95,112.55,113.86,1689851.48
2024-01-02 12:00:00,113.86,114.38,107.66,109.61,1631668.33
2024-01-02 16:00:00,109.62,110.48,106.36,107.67,1187643.71
2024-01-02 20:00:00,107.67,108.9,106.02,106.73,784315.29
2024-01-03 00:00:00,106.72,108.7,106.48,108.11,722979.07
2024-01-03 04:00:00,108.11,109.9,107.09,107.81,911634.67
2024-01-03 08:00:00,107.8,109.38,102.3,103.42,1808389.76
2024-01-03 12:00:00,103.42,103.47,85.0,102.06,5272547.84
2024-01-03 16:00:00,102.03,103.3,95.21,97.38,2476710.43
2024-01-03 20:00:00,97.38,100.52,97.22,98.52,1028798.61
2024-01-04 00:00:00,98.52,102.0,97.54,101.1,1015153.15
2024-01-04 04:00:00,101.1,101.67,98.75,98.88,852262.81
2024-01-04 08:00:00,98.89,99.26,96.6,98.51,955438.12
2024-01-04 12:00:00,98.51,104.4,97.98,103.66,1641309.79
2024-01-04 16:00:00,103.66,106.86,101.49,105.16,1539521.95
2024-01-04 20:00:00,105.16,108.15,104.29,104.91,1231797.13
2024-01-05 00:00:00,104.91,105.48,98.5,100.95,1322337.22
2024-01-05 04:00:00,100.92,102.23,99.99,101.15,871011.61
2024-01-05 08:00:00,101.16,103.17,99.07,99.62,1151219.59
2024-01-05 12:00:00,99.63,101.44,96.72,98.03,1468753.85
2024-01-05 16:00:00,98.03,98.89,95.23,97.95,1181102.33
2024-01-05 20:00:00,97.96,100.47,97.68,99.94,709142.61
2024-01-06 00:00:00,99.93,100.3,97.76,98.66,508097.15
2024-01-06 04:00:00,98.66,98.92,91.53,94.5,1572363.83
2024-01-06 08:00:00,94.51,95.7,93.7,94.45,700329.54
2024-01-06 12:00:00,94.45,96.57,92.82,95.18,773560.19
2024-01-06 16:00:00,95.18,97.24,94.52,95.05,847744.84
2024-01-06 20:00:00,95.05,95.65,92.23,93.77,749382.48
2024-01-07 00:00:00,93.77,96.3,91.0,92.9,966038.99
2024-01-07 04:00:00,92.9,95.75,92.53,95.25,997161.49
2024-01-07 08:00:00,95.26,95.62,92.91,94.53,642834.59
2024-01-07 12:00:00,94.53,96.8,93.19,93.96,894548.14
2024-01-07 16:00:00,93.96,95.0,93.0,94.75,588268.12
2024-01-07 20:00:00,94.76,95.31,87.68,89.44,1458482.82
2024-01-08 00:00:00,89.44,90.9,85.16,87.25,2096259.51
2024-01-08 04:00:00,87.24,91.0,86.91,89.68,1228052.81
2024-01-08 08:00:00,89.68,92.24,88.48,92.23,986399.2
2024-01-08 12:00:00,92.23,95.56,92.2,94.67,2173413.1
2024-01-08 16:00:00,94.69,99.97,93.76,99.26,2243530.31
2024-01-08 20:00:00,99.26,99.43,96.4,97.88,949842.2
2024-01-09 00:00:00,97.88,99.8,95.25,99.79,1317450.69
2024-01-09 04:00:00,99.8,103.95,99.47,101.87,1593493.38
2024-01-09 08:00:00,101.87,102.67,99.49,101.88,1038978.24
2024-01-09 12:00:00,101.88,102.38,95.91,99.8,1665185.72
2024-01-09 16:00:00,99.79,101.44,98.17,99.29,994213.37
2024-01-09 20:00:00,99.3,104.89,95.5,99.36,1965609.27
2024-01-10 00:00:00,99.36,100.21,97.53,99.65,709492.88
2024-01-10 04:00:00,99.65,100.42,98.01,98.12,384074.56
2024-01-10 08:00:00,98.13,98.27,96.28,97.31,776426.81
2024-01-10 12:00:00,97.32,97.74,91.68,94.78,1930144.23
2024-01-10 16:00:00,94.77,98.39,93.99,96.31,1384266.48
2024-01-10 20:00:00,96.3,105.52,93.0,102.0,3449875.11
2024-01-11 00:00:00,101.99,102.15,99.16,100.32,1224556.67
2024-01-11 04:00:00,100.32,101.73,98.0,99.72,1007025.24
2024-01-11 08:00:00,99.71,104.59,99.55,104.43,1233820.61
2024-01-11 12:00:00,104.44,107.32,99.0,100.79,3350808.66
2024-01-11 16:00:00,100.79,101.53,97.67,101.36,1492324.36
2024-01-11 20:00:00,101.36,102.4,99.07,99.9,678147.41
2024-01-12 00:00:00,99.89,100.34,97.47,97.73,637138.59
2024-01-12 04:00:00,97.72,100.49,97.65,98.83,642555.02
2024-01-12 08:00:00,98.83,99.13,97.58,98.22,730438.81
2024-01-12 12:00:00,98.22,99.3,95.0,95.32,1335846.06
2024-01-12 16:00:00,95.33,96.69,92.68,95.21,1380457.58
2024-01-12 20:00:00,95.22,95.91,87.0,92.12,1735754.18
2024-01-13 00:00:00,92.14,92.65,89.51,91.08,831445.34
2024-01-13 04:00:00,91.08,93.31,90.92,92.56,538435.03
2024-01-13 08:00:00,92.56,93.19,91.52,92.24,425308.87
2024-01-13 12:00:00,92.23,93.35,91.09,92.89,562896.82
2024-01-13 16:00:00,92.9,95.7,91.57,94.8,647806.0
2024-01-13 20:00:00,94.8,97.05,94.7,95.85,1048118.86
2024-01-14 00:00:00,95.85,96.99,94.32,96.93,774777.38
2024-01-14 04:00:00,96.92,98.85,95.97,98.28,734258.02
2024-01-14 08:00:00,98.28,98.6,96.59,96.74,488834.64
2024-01-14 12:00:00,96.75,99.74,96.26,99.49,823949.84
2024-01-14 16:00:00,99.49,102.87,96.0,96.14,1741599.78
2024-01-14 20:00:00,96.14,97.71,93.62,93.81,1204485.0
2024-01-15 00:00:00,93.81,96.96,93.81,95.9,614603.3
2024-01-15 04:00:00,95.9,96.82,94.89,95.59,522311.88
2024-01-15 08:00:00,95.58,95.98,94.41,95.52,497964.29
2024-01-15 12:00:00,95.51,95.79,92.97,93.51,786246.89
2024-01-15 16:00:00,93.5,96.82,93.26,96.01,697166.4
2024-01-15 20:00:00,96.02,96.5,93.1,94.36,487685.55
2024-01-16 00:00:00,94.35,96.24,94.34,96.19,478122.78
2024-01-16 04:00:00,96.19,98.22,95.29,97.73,563768.15
2024-01-16 08:00:00,97.73,98.29,96.27,96.7,713722.7
2024-01-16 12:00:00,96.7,97.74,94.16,97.25,980008.84
2024-01-16 16:00:00,97.25,97.85,96.1,96.78,428566.17
2024-01-16 20:00:00,96.78,98.73,96.71,97.61,604099.44
2024-01-17 00:00:00,97.6,101.09,97.31,99.96,980928.4
2024-01-17 04:00:00,99.96,100.36,97.09,97.32,675565.79
2024-01-17 08:00:00,97.32,102.8,96.5,102.02,1444536.51
2024-01-17 12:00:00,102.01,102.75,99.15,99.38,1575618.1
2024-01-17 16:00:00,99.37,101.3,97.25,100.79,1318994.33
2024-01-17 20:00:00,100.79,102.35,100.0,102.1,936663.41
2024-01-18 00:00:00,102.1,103.59,99.54,99.91,887064.02
2024-01-18 04:00:00,99.91,101.5,99.46,100.76,899489.16
2024-01-18 08:00:00,100.75,101.27,98.27,98.96,707369.81
2024-01-18 12:00:00,98.95,99.25,97.76,98.25,584810.35
2024-01-18 16:00:00,98.25,98.26,91.41,92.36,2169693.49
2024-01-18 20:00:00,92.37,94.88,92.21,94.4,968246.17
2024-01-19 00:00:00,94.39,94.79,91.47,93.09,835812.16
2024-01-19 04:00:00,93.09,95.39,92.85,94.48,530863.14
2024-01-19 08:00:00,94.49,95.47,93.83,94.78,472898.75
2024-01-19 12:00:00,94.78,94.78,90.71,91.2,1258591.21
2024-01-19 16:00:00,91.21,94.73,87.04,94.12,2556711.33
2024-01-19 20:00:00,94.12,94.95,92.71,93.62,702566.16
2024-01-20 00:00:00,93.62,94.27,92.04,93.58,471481.23
2024-01-20 04:00:00,93.59,93.69,91.68,91.9,465936.53
2024-01-20 08:00:00,91.89,92.33,91.1,91.98,509572.62
2024-01-20 12:00:00,91.98,92.25,90.2,90.84,498680.56
2024-01-20 16:00:00,90.84,92.58,90.72,92.01,437341.24
2024-01-20 20:00:00,92.02,93.44,91.78,92.88,416373.69
2024-01-21 00:00:00,92.88,93.38,91.84,92.92,288149.23
2024-01-21 04:00:00,92.93,93.06,91.83,92.35,222610.89
2024-01-21 08:00:00,92.35,93.93,92.2,93.16,468292.13
2024-01-21 12:00:00,93.17,93.74,91.99,92.5,419642.97
2024-01-21 16:00:00,92.51,92.89,91.67,92.46,280109.25
2024-01-21 20:00:00,92.46,92.61,90.79,91.09,334947.36
2024-01-22 00:00:00,91.08,91.9,88.15,89.34,827111.27
2024-01-22 04:00:00,89.35,90.17,88.2,89.22,582506.83
2024-01-22 08:00:00,89.22,89.22,86.2,88.36,1150124.98
2024-01-22 12:00:00,88.36,90.0,85.65,87.26,1301578.02
2024-01-22 16:00:00,87.29,87.67,82.06,83.64,2064016.57
2024-01-22 20:00:00,83.64,86.35,83.17,83.84,1140107.15
2024-01-23 00:00:00,83.84,85.9,83.6,85.18,672768.13
2024-01-23 04:00:00,85.18,86.0,82.24,82.83,611901.84
2024-01-23 08:00:00,82.82,83.5,79.0,80.22,2335306.51
2024-01-23 12:00:00,80.21,83.4,79.0,82.71,2159919.56
2024-01-23 16:00:00,82.71,84.0,80.84,80.92,1508098.52
2024-01-23 20:00:00,80.92,84.44,80.41,84.35,996310.77
2024-01-24 00:00:00,84.36,85.78,83.39,83.55,1275140.78
2024-01-24 04:00:00,83.57,86.84,83.3,86.16,847531.75
2024-01-24 08:00:00,86.16,88.57,85.94,87.21,1164441.41
2024-01-24 12:00:00,87.22,88.0,85.24,86.99,1224486.77
2024-01-24 16:00:00,86.99,87.85,85.54,86.37,798965.49
2024-01-24 20:00:00,86.36,89.47,85.9,88.77,748327.95
2024-01-25 00:00:00,88.77,89.64,87.69,88.35,687164.0
2024-01-25 04:00:00,88.34,88.65,86.74,88.2,575172.26
2024-01-25 08:00:00,88.19,89.37,86.55,89.03,749548.66
2024-01-25 12:00:00,89.03,89.3,86.01,86.41,844054.98
2024-01-25 16:00:00,86.42,88.19,85.09,87.75,789642.97
2024-01-25 20:00:00,87.75,87.83,86.45,86.91,357115.33
2024-01-26 00:00:00,86.9,88.3,85.96,87.96,558639.51
2024-01-26 04:00:00,87.96,88.5,86.71,87.02,315256.19
2024-01-26 08:00:00,87.03,92.4,87.01,91.95,1396067.64
2024-01-26 12:00:00,91.96,92.68,90.12,92.42,904514.29
2024-01-26 16:00:00,92.42,93.72,92.22,92.84,953739.18
2024-01-26 20:00:00,92.83,93.72,91.7,92.28,565601.74
2024-01-27 00:00:00,92.29,93.78,92.06,92.69,596870.97
2024-01-27 04:00:00,92.7,92.81,90.78,91.2,443536.83
2024-01-27 08:00:00,91.21,92.29,90.68,92.02,459934.32
2024-01-27 12:00:00,92.02,92.99,91.64,92.83,377183.22
2024-01-27 16:00:00,92.83,93.44,92.19,93.1,426141.43
2024-01-27 20:00:00,93.11,94.5,92.86,94.28,432170.68
2024-01-28 00:00:00,94.27,96.76,93.31,96.65,758044.79
2024-01-28 04:00:00,96.65,97.38,95.24,95.76,875338.48
2024-01-28 08:00:00,95.76,99.44,95.55,98.4,1116658.36
2024-01-28 12:00:00,98.4,98.6,96.64,97.07,1277794.82
2024-01-28 16:00:00,97.07,97.92,93.94,94.49,800496.46
2024-01-28 20:00:00,94.48,96.35,93.45,95.98,790075.32
2024-01-29 00:00:00,95.99,98.99,95.06,97.85,840744.64
2024-01-29 04:00:00,97.85,97.99,96.21,96.72,589984.34
2024-01-29 08:00:00,96.72,97.99,96.26,97.44,548648.95
2024-01-29 12:00:00,97.44,100.29,95.5,99.92,1342616.79
2024-01-29 16:00:00,99.91,101.79,98.97,100.54,1792158.16
2024-01-29 20:00:00,100.54,101.98,100.51,101.68,658366.94
2024-01-30 00:00:00,101.67,103.8,100.95,102.12,1148449.24
2024-01-30 04:00:00,102.11,103.42,101.71,102.89,627900.83
2024-01-30 08:00:00,102.88,106.4,102.4,106.07,1239398.58
2024-01-30 12:00:00,106.07,106.49,103.52,104.78,1686213.37
2024-01-30 16:00:00,104.77,105.69,103.25,105.27,1273742.39
2024-01-30 20:00:00,105.27,105.6,101.0,101.4,1014822.84
2024-01-31 00:00:00,101.4,101.95,98.66,101.13,1553627.56
2024-01-31 04:00:00,101.13,101.82,100.02,101.66,765251.54
2024-01-31 08:00:00,101.65,101.95,97.34,99.15,1369262.73
2024-01-31 12:00:00,99.15,101.9,97.52,101.55,1749650.22
2024-01-31 16:00:00,101.54,102.73,99.63,100.99,1489156.29
2024-01-31 20:00:00,100.99,101.23,95.9,96.96,1683008.53
2024-02-01 00:00:00,96.96,97.69,93.34,93.6,1728121.37
2024-02-01 04:00:00,93.6,95.79,93.11,94.94,980985.8
2024-02-01 08:00:00,94.93,96.75,94.61,95.46,807367.79
2024-02-01 12:00:00,95.45,97.5,94.67,96.0,1345335.55
2024-02-01 16:00:00,96.0,97.97,94.68,97.87,1180333.73
2024-02-01 20:00:00,97.87,98.11,96.91,97.81,513861.83
2024-02-02 00:00:00,97.81,100.05,97.39,98.97,1146659.81
2024-02-02 04:00:00,98.98,101.53,98.41,101.21,769551.22
2024-02-02 08:00:00,101.21,102.35,99.92,101.97,763577.08
2024-02-02 12:00:00,101.97,102.57,98.32,101.3,1532271.77
2024-02-02 16:00:00,101.3,102.2,98.23,99.46,868757.02
2024-02-02 20:00:00,99.47,100.84,98.89,100.58,407044.94
2024-02-03 00:00:00,100.57,101.24,99.15,99.23,474540.1
2024-02-03 04:00:00,99.23,100.09,98.0,99.11,417433.42
2024-02-03 08:00:00,99.11,99.38,98.38,98.66,359769.72
2024-02-03 12:00:00,98.65,98.95,96.53,98.0,751419.05
2024-02-03 16:00:00,98.0,98.76,97.2,98.16,521129.7
2024-02-03 20:00:00,98.16,98.47,97.57,97.96,263081.12
2024-02-04 00:00:00,97.95,98.59,96.86,98.35,427764.73
2024-02-04 04:00:00,98.35,98.36,96.13,96.51,492702.96
2024-02-04 08:00:00,96.51,98.26,95.9,97.91,543107.6
2024-02-04 12:00:00,97.91,98.4,97.22,97.62,349239.71
2024-02-04 16:00:00,97.62,97.68,96.13,96.35,514023.06
2024-02-04 20:00:00,96.34,97.02,95.08,95.49,588038.28
2024-02-05 00:00:00,95.48,96.2,94.11,96.04,691351.48
2024-02-05 04:00:00,96.04,98.04,95.8,97.62,626648.78
2024-02-05 08:00:00,97.61,98.24,96.91,97.88,552295.49
2024-02-05 12:00:00,97.88,98.7,95.23,95.6,892063.58
2024-02-05 16:00:00,95.61,96.53,95.34,95.94,569052.09
2024-02-05 20:00:00,95.94,96.12,94.25,95.66,559734.64
2024-02-06 00:00:00,95.66,96.79,95.22,96.01,549428.62
2024-02-06 04:00:00,96.01,96.1,94.89,95.77,334702.53
2024-02-06 08:00:00,95.76,96.35,92.88,94.29,1249842.6
2024-02-06 12:00:00,94.29,95.85,93.32,95.76,850029.08
2024-02-06 16:00:00,95.76,97.67,95.11,97.58,724118.49
2024-02-06 20:00:00,97.58,97.88,96.69,96.88,571116.75
2024-02-07 00:00:00,96.87,97.45,95.47,95.5,437450.37
2024-02-07 04:00:00,95.51,96.2,95.01,95.57,418779.92
2024-02-07 08:00:00,95.58,96.0,94.62,95.14,614466.99
2024-02-07 12:00:00,95.14,96.67,95.1,96.26,640121.01
2024-02-07 16:00:00,96.26,98.12,96.14,97.08,872832.59
2024-02-07 20:00:00,97.09,101.58,97.08,101.14,1594021.18
2024-02-08 00:00:00,101.14,102.54,100.92,101.77,981976.39
2024-02-08 04:00:00,101.76,102.04,100.51,100.83,618679.56
2024-02-08 08:00:00,100.82,102.32,100.78,101.24,663320.12
2024-02-08 12:00:00,101.24,104.98,101.0,104.83,1440529.56
2024-02-08 16:00:00,104.83,104.92,101.75,102.31,934610.32
2024-02-08 20:00:00,102.3,103.4,102.3,102.76,443695.51
2024-02-09 00:00:00,102.77,105.77,102.76,104.35,973905.65
2024-02-09 04:00:00,104.34,105.74,103.78,105.28,583668.16
2024-02-09 08:00:00,105.28,106.4,103.88,105.89,1048113.9
2024-02-09 12:00:00,105.89,107.0,104.06,105.64,1765502.29
2024-02-09 16:00:00,105.64,106.48,104.34,104.99,1087583.31
2024-02-09 20:00:00,104.99,109.13,104.83,106.94,1227985.14
2024-02-10 00:00:00,106.94,110.71,106.86,110.67,888250.95
2024-02-10 04:00:00,110.67,110.86,108.67,108.87,621655.78
2024-02-10 08:00:00,108.86,109.65,107.22,108.14,816344.09
2024-02-10 12:00:00,108.14,108.81,107.15,108.53,516392.29
2024-02-10 16:00:00,108.54,109.58,107.77,109.19,466641.54
2024-02-10 20:00:00,109.18,110.42,108.61,109.01,630241.84
2024-02-11 00:00:00,109.01,109.75,107.75,109.43,493304.62
2024-02-11 04:00:00,109.43,109.93,108.75,109.22,399813.09
2024-02-11 08:00:00,109.21,110.33,108.55,109.72,516671.54
2024-02-11 12:00:00,109.71,110.67,108.67,108.82,523019.09
2024-02-11 16:00:00,108.81,109.11,107.65,108.19,446521.69
2024-02-11 20:00:00,108.19,108.79,107.24,107.46,376068.37
2024-02-12 00:00:00,107.46,109.34,104.56,106.27,984697.05
2024-02-12 04:00:00,106.28,106.41,104.63,105.93,488315.43
2024-02-12 08:00:00,105.92,106.34,103.4,104.21,691564.24
2024-02-12 12:00:00,104.21,109.03,103.79,108.86,1292541.98
2024-02-12 16:00:00,108.87,111.3,107.56,109.79,1834446.52
2024-02-12 20:00:00,109.79,112.22,109.67,111.64,878086.83
2024-02-13 00:00:00,111.65,114.99,111.64,113.02,1210726.48
2024-02-13 04:00:00,113.02,114.63,112.99,114.02,464766.69
2024-02-13 08:00:00,114.02,115.15,112.28,114.14,724192.52
2024-02-13 12:00:00,114.13,114.21,108.89,110.31,1507521.96
2024-02-13 16:00:00,110.33,112.32,108.25,111.51,992183.95
2024-02-13 20:00:00,111.52,113.76,111.47,112.48,723433.96
2024-02-14 00:00:00,112.49,112.54,110.61,111.86,442337.39
2024-02-14 04:00:00,111.87,113.31,111.2,113.06,409430.26
2024-02-14 08:00:00,113.06,116.4,112.76,115.66,1391445.01
2024-02-14 12:00:00,115.66,118.69,115.05,116.88,1448910.94
2024-02-14 16:00:00,116.89,117.0,115.0,116.06,779200.82
2024-02-14 20:00:00,116.05,117.32,115.93,116.97,413500.0
2024-02-15 00:00:00,116.97,118.39,115.92,117.23,747962.74
2024-02-15 04:00:00,117.23,117.27,114.54,115.01,598586.79
2024-02-15 08:00:00,115.0,117.02,114.72,116.07,586812.87
2024-02-15 12:00:00,116.06,117.28,112.97,114.05,1451979.86
2024-02-15 16:00:00,114.04,115.06,112.88,114.02,846082.65
2024-02-15 20:00:00,114.0,114.39,111.51,113.5,696310.59
2024-02-16 00:00:00,113.5,114.25,112.12,113.84,482046.57
2024-02-16 04:00:00,113.84,113.98,111.39,111.48,494106.28
2024-02-16 08:00:00,111.47,112.69,110.06,112.11,763495.82
2024-02-16 12:00:00,112.11,113.19,107.94,109.67,1305465.29
2024-02-16 16:00:00,109.67,110.42,108.17,108.65,597058.16
2024-02-16 20:00:00,108.65,110.71,108.35,110.33,304960.65
2024-02-17 00:00:00,110.32,111.08,109.16,109.89,348388.49
2024-02-17 04:00:00,109.89,110.44,108.62,110.34,385209.27
2024-02-17 08:00:00,110.34,110.81,108.37,109.38,498632.11
2024-02-17 12:00:00,109.38,109.55,105.0,107.2,1037538.38
2024-02-17 16:00:00,107.19,108.07,106.47,108.01,287673.79
2024-02-17 20:00:00,108.01,109.66,107.75,108.92,340263.63
2024-02-18 00:00:00,108.92,109.76,107.51,108.38,391800.87
2024-02-18 04:00:00,108.38,110.0,108.04,109.23,339548.73
2024-02-18 08:00:00,109.23,112.97,108.82,111.78,845291.67
2024-02-18 12:00:00,111.78,112.48,110.68,112.32,464848.76
2024-02-18 16:00:00,112.32,114.04,111.7,112.73,593702.07
2024-02-18 20:00:00,112.73,113.64,111.87,112.24,448641.63
2024-02-19 00:00:00,112.25,112.92,111.21,111.68,399749.34
2024-02-19 04:00:00,111.67,113.65,111.14,113.22,443044.29
2024-02-19 08:00:00,113.23,113.37,110.75,112.67,636455.16
2024-02-19 12:00:00,112.67,114.87,111.72,113.69,1206636.07
2024-02-19 16:00:00,113.69,114.17,111.48,111.94,695200.5
2024-02-19 20:00:00,111.93,113.06,111.1,111.53,365619.59
2024-02-20 00:00:00,111.53,112.11,109.07,109.48,563570.58
2024-02-20 04:00:00,109.49,111.11,108.0,109.42,657703.55
2024-02-20 08:00:00,109.41,110.82,108.06,110.42,747892.14
2024-02-20 12:00:00,110.41,110.75,103.0,106.62,2018176.69
2024-02-20 16:00:00,106.62,107.6,104.69,107.33,1097803.98
2024-02-20 20:00:00,107.32,109.8,106.72,108.31,591587.19
2024-02-21 00:00:00,108.32,108.4,106.39,106.63,479224.04
2024-02-21 04:00:00,106.63,107.05,104.36,104.85,506965.95
2024-02-21 08:00:00,104.85,105.6,102.28,102.73,1000943.35
2024-02-21 12:00:00,102.73,104.37,101.01,103.86,1109004.23
2024-02-21 16:00:00,103.86,104.49,100.23,102.04,826865.31
2024-02-21 20:00:00,102.04,105.69,101.39,105.03,829685.13
2024-02-22 00:00:00,105.04,105.09,102.07,103.58,508655.85
2024-02-22 04:00:00,103.59,105.42,103.21,105.07,745756.58
2024-02-22 08:00:00,105.08,107.1,104.85,105.84,786446.02
2024-02-22 12:00:00,105.83,106.15,103.18,105.39,666271.72
2024-02-22 16:00:00,105.4,105.47,103.33,103.54,506803.21
2024-02-22 20:00:00,103.55,105.33,101.53,101.76,691708.95
2024-02-23 00:00:00,101.75,102.87,101.0,101.83,500181.43
2024-02-23 04:00:00,101.82,103.1,101.39,101.98,381171.0
2024-02-23 08:00:00,101.98,103.01,101.2,102.67,430739.21
2024-02-23 12:00:00,102.68,102.91,100.18,100.29,968968.75
2024-02-23 16:00:00,100.29,101.7,98.64,101.39,853409.86
2024-02-23 20:00:00,101.4,101.76,98.86,99.9,412383.74
2024-02-24 00:00:00,99.91,100.77,98.48,100.23,513081.4
2024-02-24 04:00:00,100.22,102.31,100.18,102.24,362771.76
2024-02-24 08:00:00,102.24,102.8,101.53,102.13,465600.41
2024-02-24 12:00:00,102.14,102.58,101.7,101.95,250157.31
2024-02-24 16:00:00,101.96,104.16,101.91,104.05,428486.5
2024-02-24 20:00:00,104.05,104.85,103.68,104.01,314018.64
2024-02-25 00:00:00,104.02,104.43,102.18,103.38,401467.62
2024-02-25 04:00:00,103.38,103.67,102.7,103.03,330212.55
2024-02-25 08:00:00,103.02,103.1,102.0,102.8,223440.98
2024-02-25 12:00:00,102.79,103.8,102.29,102.78,329093.66
2024-02-25 16:00:00,102.78,103.7,102.17,103.36,289063.97
2024-02-25 20:00:00,103.37,104.34,103.01,103.47,393906.03
2024-02-26 00:00:00,103.47,104.8,102.26,103.49,496546.78
2024-02-26 04:00:00,103.48,104.25,102.92,103.3,350070.22
2024-02-26 08:00:00,103.3,104.15,100.6,100.95,691208.73
2024-02-26 12:00:00,100.95,105.05,100.29,104.97,1075160.64
2024-02-26 16:00:00,104.96,110.27,104.53,109.69,1935451.61
2024-02-26 20:00:00,109.7,110.89,108.4,109.9,843700.73
2024-02-27 00:00:00,109.9,112.3,109.21,110.17,1710593.93
2024-02-27 04:00:00,110.16,111.48,108.95,110.41,673077.1
2024-02-27 08:00:00,110.42,112.18,110.42,111.5,680935.57
2024-02-27 12:00:00,111.49,112.0,106.15,106.81,1544938.85
2024-02-27 16:00:00,106.81,108.44,105.29,108.41,1093311.9
2024-02-27 20:00:00,108.41,109.34,107.53,108.36,495306.17
2024-02-28 00:00:00,108.35,109.32,107.25,107.56,550679.59
2024-02-28 04:00:00,107.57,110.19,107.54,110.08,541533.75
2024-02-28 08:00:00,110.09,114.98,109.21,111.39,2295962.23
2024-02-28 12:00:00,111.39,113.33,110.48,113.07,1827602.82
2024-02-28 16:00:00,113.08,116.86,106.85,111.34,4497853.0
2024-02-28 20:00:00,111.33,119.06,110.1,119.03,2118650.62
2024-02-29 00:00:00,119.03,124.34,117.15,123.52,2821535.99
2024-02-29 04:00:00,123.51,126.0,121.47,125.49,1933791.88
2024-02-29 08:00:00,125.5,132.94,125.2,129.18,3248143.12
2024-02-29 12:00:00,129.17,134.65,126.99,132.32,2142155.05
2024-02-29 16:00:00,132.33,133.03,126.33,130.19,2122022.66
2024-02-29 20:00:00,130.18,131.92,122.5,125.68,1579438.62
2024-03-01 00:00:00,125.68,137.2,125.61,133.94,2145029.58
2024-03-01 04:00:00,133.95,137.8,131.59,131.92,1368623.19
2024-03-01 08:00:00,131.91,135.47,130.75,135.37,1045997.04
2024-03-01 12:00:00,135.37,135.37,130.23,131.18,1454338.71
2024-03-01 16:00:00,131.18,133.7,129.35,130.93,1365118.01
2024-03-01 20:00:00,130.92,131.78,129.32,129.43,997524.56
2024-03-02 00:00:00,129.43,131.69,127.2,130.06,1210897.68
2024-03-02 04:00:00,130.06,130.71,127.8,129.16,678610.33
2024-03-02 08:00:00,129.16,130.53,127.28,128.69,850387.64
2024-03-02 12:00:00,128.69,130.44,127.35,127.91,829198.03
2024-03-02 16:00:00,127.92,130.79,127.46,130.63,570561.75
2024-03-02 20:00:00,130.63,131.46,128.19,130.02,553596.51
2024-03-03 00:00:00,130.03,130.73,128.23,130.15,832966.28
2024-03-03 04:00:00,130.14,130.56,124.17,126.76,1015267.64
2024-03-03 08:00:00,126.77,131.35,125.0,128.71,1366331.52
2024-03-03 12:00:00,128.7,129.6,127.5,129.36,798463.54
2024-03-03 16:00:00,129.35,131.14,128.77,130.17,639974.9
2024-03-03 20:00:00,130.17,132.11,129.48,130.16,575366.98
2024-03-04 00:00:00,130.16,133.0,128.42,128.98,1191076.63
2024-03-04 04:00:00,128.97,129.89,128.5,129.6,570508.03
2024-03-04 08:00:00,129.61,134.95,129.47,132.58,1884236.88
2024-03-04 12:00:00,132.59,133.71,129.35,131.77,1364000.22
2024-03-04 16:00:00,131.76,132.03,127.35,129.53,1842269.14
2024-03-04 20:00:00,129.53,133.34,128.15,133.27,1201593.89
2024-03-05 00:00:00,133.26,133.34,129.18,130.13,1346230.76
2024-03-05 04:00:00,130.12,133.03,127.68,129.48,1839576.3
2024-03-05 08:00:00,129.48,132.16,128.93,130.68,884966.69
2024-03-05 12:00:00,130.68,142.72,130.68,139.18,3807676.69
2024-03-05 16:00:00,139.19,140.59,105.0,119.24,5244447.06
2024-03-05 20:00:00,119.24,127.34,115.95,125.31,3912345.02
2024-03-06 00:00:00,125.31,126.87,120.0,122.38,1445796.7
2024-03-06 04:00:00,122.37,133.31,122.34,133.2,2086351.01
2024-03-06 08:00:00,133.2,134.95,129.04,131.93,1681441.2
2024-03-06 12:00:00,131.93,132.2,125.33,128.22,2398700.97
2024-03-06 16:00:00,128.23,132.0,128.03,130.81,1208430.97
2024-03-06 20:00:00,130.82,132.4,130.02,130.79,760896.63
2024-03-07 00:00:00,130.8,141.77,130.52,138.19,2756447.56
2024-03-07 04:00:00,138.2,140.05,136.03,138.24,1305375.09
2024-03-07 08:00:00,138.25,144.45,138.06,140.28,1842672.66
2024-03-07 12:00:00,140.28,149.0,139.04,145.91,2783010.41
2024-03-07 16:00:00,145.92,149.3,145.21,148.75,1293664.81
2024-03-07 20:00:00,148.75,148.94,143.39,143.82,971804.77
2024-03-08 00:00:00,143.82,146.48,143.03,144.29,781845.67
2024-03-08 04:00:00,144.3,145.55,142.0,144.48,885703.35
2024-03-08 08:00:00,144.48,149.18,144.31,148.98,902492.26
2024-03-08 12:00:00,148.98,152.64,143.0,145.35,2535604.99
2024-03-08 16:00:00,145.38,150.72,142.03,147.8,1959615.09
2024-03-08 20:00:00,147.8,149.09,143.4,144.79,1031484.29
2024-03-09 00:00:00,144.79,147.0,143.8,145.76,763013.0
2024-03-09 04:00:00,145.75,149.15,145.34,148.33,669330.49
2024-03-09 08:00:00,148.34,148.75,145.0,146.82,604366.52
2024-03-09 12:00:00,146.83,147.25,145.0,147.0,538465.18
2024-03-09 16:00:00,147.0,147.22,143.54,145.34,753323.95
2024-03-09 20:00:00,145.34,146.7,144.0,144.29,358377.67
2024-03-10 00:00:00,144.3,148.31,143.8,146.71,723809.7
2024-03-10 04:00:00,146.7,148.5,146.58,148.27,482251.36
2024-03-10 08:00:00,148.27,148.49,144.88,145.42,781503.08
2024-03-10 12:00:00,145.42,145.86,141.36,142.91,1249754.78
2024-03-10 16:00:00,142.91,145.32,142.78,145.11,578678.59
2024-03-10 20:00:00,145.1,145.3,140.43,144.39,673521.74
2024-03-11 00:00:00,144.39,144.5,136.49,141.17,1822617.17
2024-03-11 04:00:00,141.16,148.33,139.54,147.85,1365388.3
2024-03-11 08:00:00,147.85,150.2,147.5,148.26,1648230.26
2024-03-11 12:00:00,148.27,150.07,145.58,147.06,1468084.02
2024-03-11 16:00:00,147.06,148.31,145.76,146.67,937736.5
2024-03-11 20:00:00,146.67,149.29,146.48,148.83,501328.1
2024-03-12 00:00:00,148.83,155.0,147.12,150.9,1529311.97
2024-03-12 04:00:00,150.91,154.54,149.36,151.86,1376155.81
2024-03-12 08:00:00,151.86,153.19,147.9,150.45,1144017.4
2024-03-12 12:00:00,150.45,152.0,147.23,150.22,1847548.37
2024-03-12 16:00:00,150.23,150.95,141.5,149.88,2196939.88
2024-03-12 20:00:00,149.87,151.29,146.95,151.05,836564.57
2024-03-13 00:00:00,151.06,151.64,148.71,149.28,668474.65
2024-03-13 04:00:00,149.28,153.0,148.74,150.74,1017300.73
2024-03-13 08:00:00,150.74,154.69,150.45,153.73,932102.11
2024-03-13 12:00:00,153.74,159.49,149.61,157.25,2373457.5
2024-03-13 16:00:00,157.25,161.89,156.59,161.44,1431575.0
2024-03-13 20:00:00,161.44,166.73,159.48,163.9,1204375.96
2024-03-14 00:00:00,163.9,169.28,163.09,167.45,1505648.08
2024-03-14 04:00:00,167.45,170.0,165.2,168.31,963353.27
2024-03-14 08:00:00,168.3,174.07,168.14,173.09,1525778.71
2024-03-14 12:00:00,173.1,173.37,164.0,167.64,2466129.79
2024-03-14 16:00:00,167.64,170.2,159.2,162.42,2296858.46
2024-03-14 20:00:00,162.42,178.5,161.99,176.65,1665817.55
2024-03-15 00:00:00,176.65,186.77,170.0,176.02,4125370.14
2024-03-15 04:00:00,176.02,182.03,171.36,176.07,3033116.76
2024-03-15 08:00:00,176.07,177.22,164.5,170.0,3169022.05
2024-03-15 12:00:00,170.0,184.81,168.12,181.84,3059481.2
2024-03-15 16:00:00,181.85,188.98,178.18,183.32,2212480.11
2024-03-15 20:00:00,183.28,185.6,175.25,183.95,1885491.34
2024-03-16 00:00:00,183.95,189.11,180.41,187.62,1431059.13
2024-03-16 04:00:00,187.61,193.76,185.24,192.94,1998155.57
2024-03-16 08:00:00,192.93,197.95,190.51,192.68,2159303.74
2024-03-16 12:00:00,192.67,196.04,187.71,195.08,2241785.2
2024-03-16 16:00:00,195.09,195.65,178.61,180.08,2754005.06
2024-03-16 20:00:00,180.08,185.91,176.78,182.05,2432749.31
2024-03-17 00:00:00,182.05,189.39,181.75,186.5,2042310.21
2024-03-17 04:00:00,186.5,188.8,178.55,181.86,2081560.59
2024-03-17 08:00:00,181.85,193.82,179.8,191.94,1862858.1
2024-03-17 12:00:00,191.93,196.0,188.45,195.6,1545711.17
2024-03-17 16:00:00,195.6,198.27,192.25,195.7,1069978.76
2024-03-17 20:00:00,195.69,205.2,195.52,201.86,1922118.23
2024-03-18 00:00:00,201.85,205.49,193.8,203.93,1794881.92
2024-03-18 04:00:00,203.93,204.99,200.0,203.22,1206616.28
2024-03-18 08:00:00,203.23,210.18,197.9,208.08,3035253.07
2024-03-18 12:00:00,208.09,209.4,198.37,203.81,2412635.25
2024-03-18 16:00:00,203.8,206.28,195.41,198.35,1934601.81
2024-03-18 20:00:00,198.35,205.97,195.36,195.92,1199747.75
2024-03-19 00:00:00,195.92,198.68,180.11,184.21,3021264.13
2024-03-19 04:00:00,184.21,189.16,179.0,186.14,2516336.08
2024-03-19 08:00:00,186.14,186.2,170.0,177.84,3392104.34
2024-03-19 12:00:00,177.84,185.9,174.54,182.98,2983546.27
2024-03-19 16:00:00,182.98,186.36,180.0,181.47,2163096.91
2024-03-19 20:00:00,181.47,181.98,166.0,169.82,2858951.14
2024-03-20 00:00:00,169.82,177.03,169.29,169.84,2012298.82
2024-03-20 04:00:00,169.85,174.31,162.45,173.36,2162112.4
2024-03-20 08:00:00,173.35,175.3,169.39,172.06,1473386.68
2024-03-20 12:00:00,172.05,177.01,170.01,170.53,1924137.78
2024-03-20 16:00:00,170.54,184.99,165.51,182.54,2876238.15
2024-03-20 20:00:00,182.55,193.19,181.71,191.77,1917610.85
2024-03-21 00:00:00,191.76,195.68,189.3,190.28,1366473.43
2024-03-21 04:00:00,190.28,192.31,184.75,188.55,1402268.41
2024-03-21 08:00:00,188.56,191.6,185.01,189.13,1126070.66
2024-03-21 12:00:00,189.13,191.43,183.8,185.32,1442700.85
2024-03-21 16:00:00,185.32,187.95,177.03,177.91,1715999.14
2024-03-21 20:00:00,177.91,182.08,175.84,179.46,1010804.07
2024-03-22 00:00:00,179.46,181.95,173.94,179.06,1144824.23
2024-03-22 04:00:00,179.07,180.89,177.11,179.08,870995.97
2024-03-22 08:00:00,179.07,180.2,171.62,172.05,1020506.52
2024-03-22 12:00:00,172.05,173.99,167.57,171.66,1745965.16
2024-03-22 16:00:00,171.67,173.66,168.78,172.81,683354.41
2024-03-22 20:00:00,172.81,175.22,168.2,175.21,686460.6
2024-03-23 00:00:00,175.21,178.14,170.38,171.9,975886.33
2024-03-23 04:00:00,171.89,177.6,171.41,175.98,444844.89
2024-03-23 08:00:00,175.98,177.11,174.03,175.85,514633.1
2024-03-23 12:00:00,175.84,179.0,174.44,175.16,717431.26
2024-03-23 16:00:00,175.16,176.74,173.74,174.79,415032.51
2024-03-23 20:00:00,174.79,175.49,172.5,172.65,436888.52
2024-03-24 00:00:00,172.65,177.39,171.5,171.7,622479.41
2024-03-24 04:00:00,171.7,173.79,171.25,173.54,350155.05
2024-03-24 08:00:00,173.54,176.15,173.0,174.84,501816.81
2024-03-24 12:00:00,174.84,177.25,174.54,176.21,508709.28
2024-03-24 16:00:00,176.2,176.98,172.43,176.09,555272.0
2024-03-24 20:00:00,176.08,186.78,175.42,183.88,1039826.83
2024-03-25 00:00:00,183.87,185.47,180.92,184.81,767364.21
2024-03-25 04:00:00,184.81,189.63,183.82,185.76,738293.79
2024-03-25 08:00:00,185.76,191.77,185.61,187.94,848390.2
2024-03-25 12:00:00,187.94,194.6,186.35,192.78,1324159.62
2024-03-25 16:00:00,192.78,194.5,190.35,192.24,865206.62
2024-03-25 20:00:00,192.24,193.0,188.37,188.99,696677.41
2024-03-26 00:00:00,188.98,192.05,188.07,191.64,577089.62
2024-03-26 04:00:00,191.64,196.57,191.31,193.99,834051.32
2024-03-26 08:00:00,194.0,196.26,192.01,194.8,609100.3
2024-03-26 12:00:00,194.8,195.31,189.48,190.35,991632.92
2024-03-26 16:00:00,190.35,191.5,186.0,188.29,958384.38
2024-03-26 20:00:00,188.3,192.58,188.26,190.46,495352.82
2024-03-27 00:00:00,190.46,192.74,188.69,189.99,582765.6
2024-03-27 04:00:00,189.99,190.54,186.04,186.79,496155.07
2024-03-27 08:00:00,186.8,188.68,183.51,188.53,753924.75
2024-03-27 12:00:00,188.54,191.2,180.0,181.11,2053299.99
2024-03-27 16:00:00,181.11,184.18,180.0,182.68,696068.78
2024-03-27 20:00:00,182.68,189.33,182.6,186.33,591714.9
2024-03-28 00:00:00,186.34,188.09,180.92,182.17,635251.95
2024-03-28 04:00:00,182.16,187.56,182.0,187.33,473545.97
2024-03-28 08:00:00,187.32,188.59,184.7,185.39,580940.37
2024-03-28 12:00:00,185.38,189.45,182.67,187.36,797146.48
2024-03-28 16:00:00,187.36,187.39,184.49,186.27,453595.95
2024-03-28 20:00:00,186.27,190.93,186.16,189.63,661713.42
2024-03-29 00:00:00,189.64,190.74,187.6,188.34,554962.94
2024-03-29 04:00:00,188.33,189.14,183.39,183.63,468011.13
2024-03-29 08:00:00,183.63,186.45,183.44,185.83,468973.79
2024-03-29 12:00:00,185.83,190.0,184.2,184.91,897821.47
2024-03-29 16:00:00,184.92,187.72,184.33,187.69,441195.45
2024-03-29 20:00:00,187.69,193.0,187.33,192.01,749150.98
2024-03-30 00:00:00,192.02,194.52,190.71,192.77,571109.14
2024-03-30 04:00:00,192.77,200.0,192.57,195.76,1172451.24
2024-03-30 08:00:00,195.76,198.8,193.19,197.76,606776.8
2024-03-30 12:00:00,197.76,198.5,195.05,196.29,417945.43
2024-03-30 16:00:00,196.3,197.9,193.44,195.45,380115.04
2024-03-30 20:00:00,195.45,196.74,193.26,194.2,342936.73
2024-03-31 00:00:00,194.19,197.31,193.69,194.29,378849.32
2024-03-31 04:00:00,194.3,197.34,194.0,196.74,327318.85
2024-03-31 08:00:00,196.75,197.21,195.43,195.83,279839.23
2024-03-31 12:00:00,195.83,197.66,195.46,195.69,278126.44
2024-03-31 16:00:00,195.69,201.0,195.51,200.13,593458.6
2024-03-31 20:00:00,200.13,203.17,198.45,202.45,540543.01
2024-04-01 00:00:00,202.45,204.46,200.82,202.58,550251.68
2024-04-01 04:00:00,202.57,203.53,193.25,197.96,1281097.67
2024-04-01 08:00:00,197.96,198.0,194.73,195.14,567144.12
2024-04-01 12:00:00,195.14,197.75,186.87,188.08,1172776.69
2024-04-01 16:00:00,188.08,193.52,187.28,193.33,670939.57
2024-04-01 20:00:00,193.32,193.96,191.79,192.24,357566.92
2024-04-02 00:00:00,192.24,192.24,181.71,183.59,1095221.82
2024-04-02 04:00:00,183.59,186.27,181.0,183.17,735087.58
2024-04-02 08:00:00,183.18,183.85,177.49,179.87,935137.82
2024-04-02 12:00:00,179.87,182.22,175.92,177.43,1036111.89
2024-04-02 16:00:00,177.43,186.89,176.77,185.69,1199484.48
2024-04-02 20:00:00,185.67,186.42,180.71,181.53,765733.81
2024-04-03 00:00:00,181.53,189.09,176.92,188.47,1214450.42
2024-04-03 04:00:00,188.47,192.0,186.98,189.54,1076086.8
2024-04-03 08:00:00,189.54,191.66,186.41,187.75,662778.87
2024-04-03 12:00:00,187.76,191.25,186.5,189.06,804628.23
2024-04-03 16:00:00,189.06,191.03,184.09,185.65,801656.64
2024-04-03 20:00:00,185.65,186.61,182.08,185.05,450674.61
2024-04-04 00:00:00,185.05,187.4,180.83,181.52,633486.89
2024-04-04 04:00:00,181.51,185.82,180.02,184.96,493357.31
2024-04-04 08:00:00,184.96,186.34,184.43,185.62,387467.32
2024-04-04 12:00:00,185.63,189.71,185.38,186.99,849980.54
2024-04-04 16:00:00,187.0,190.13,185.47,185.66,647857.69
2024-04-04 20:00:00,185.65,185.83,180.98,184.0,761597.61
2024-04-05 00:00:00,184.0,185.07,177.6,179.42,609809.99
2024-04-05 04:00:00,179.41,180.37,172.88,175.04,1271384.68
2024-04-05 08:00:00,175.04,177.1,169.11,169.76,1021248.4
2024-04-05 12:00:00,169.76,177.36,167.84,175.89,1331738.97
2024-04-05 16:00:00,175.89,176.9,172.44,175.4,473629.57
2024-04-05 20:00:00,175.4,176.83,174.11,174.37,293035.61
2024-04-06 00:00:00,174.37,176.55,173.54,175.93,367899.21
2024-04-06 04:00:00,175.93,178.21,174.89,177.27,426787.36
2024-04-06 08:00:00,177.27,178.45,175.28,175.69,333909.47
2024-04-06 12:00:00,175.69,177.32,173.79,177.17,356203.81
2024-04-06 16:00:00,177.16,178.99,176.5,177.37,423059.92
2024-04-06 20:00:00,177.37,179.89,176.74,178.68,734009.61
2024-04-07 00:00:00,178.69,182.71,177.26,180.65,550262.6
2024-04-07 04:00:00,180.66,181.31,179.05,179.75,244916.81
2024-04-07 08:00:00,179.74,180.87,178.66,180.73,223360.58
2024-04-07 12:00:00,180.72,182.31,179.49,179.64,462526.12
2024-04-07 16:00:00,179.65,182.68,177.69,178.27,461763.69
2024-04-07 20:00:00,178.28,180.05,176.85,179.52,292968.43
2024-04-08 00:00:00,179.51,179.53,175.25,176.41,456287.36
2024-04-08 04:00:00,176.4,181.12,175.75,180.15,492665.17
2024-04-08 08:00:00,180.15,184.68,179.72,182.74,1183898.63
2024-04-08 12:00:00,182.73,183.6,179.35,181.46,739710.58
2024-04-08 16:00:00,181.46,182.12,178.54,179.38,516993.9
2024-04-08 20:00:00,179.38,181.66,179.19,180.68,301146.33
2024-04-09 00:00:00,180.68,180.9,176.5,177.5,427610.03
2024-04-09 04:00:00,177.5,178.67,175.02,175.62,597165.43
2024-04-09 08:00:00,175.61,176.44,173.17,176.21,514174.81
2024-04-09 12:00:00,176.2,176.68,169.11,172.47,820285.37
2024-04-09 16:00:00,172.48,177.65,171.76,174.33,694722.0
2024-04-09 20:00:00,174.32,176.01,172.14,172.42,347928.25
2024-04-10 00:00:00,172.41,173.09,169.24,171.39,696476.3
2024-04-10 04:00:00,171.39,173.65,170.89,172.76,400528.35
2024-04-10 08:00:00,172.76,172.78,168.24,170.21,530993.25
2024-04-10 12:00:00,170.21,170.68,162.28,167.92,1526488.64
2024-04-10 16:00:00,167.92,173.08,167.0,171.31,899262.55
2024-04-10 20:00:00,171.31,175.5,170.22,173.31,599718.56
2024-04-11 00:00:00,173.3,173.38,171.09,172.76,438468.34
2024-04-11 04:00:00,172.77,175.99,171.65,174.46,536804.15
2024-04-11 08:00:00,174.46,175.4,170.14,170.52,503011.45
2024-04-11 12:00:00,170.52,175.4,170.07,173.39,1288677.37
2024-04-11 16:00:00,173.4,176.32,172.0,174.63,655163.38
2024-04-11 20:00:00,174.64,175.65,172.0,172.37,339072.8
2024-04-12 00:00:00,172.37,174.34,172.33,174.06,396620.46
2024-04-12 04:00:00,174.05,175.98,172.92,173.25,537406.83
2024-04-12 08:00:00,173.24,173.65,171.34,172.67,283295.16
2024-04-12 12:00:00,172.67,172.71,166.49,167.36,849612.89
2024-04-12 16:00:00,167.35,167.82,141.0,149.26,3242380.93
2024-04-12 20:00:00,149.25,154.36,148.73,153.16,1532779.95
2024-04-13 00:00:00,153.16,153.46,145.47,151.77,1697661.28
2024-04-13 04:00:00,151.77,155.0,150.55,151.02,1431561.25
2024-04-13 08:00:00,151.02,153.39,149.46,151.23,675791.9
2024-04-13 12:00:00,151.22,153.0,148.0,148.99,1089273.72
2024-04-13 16:00:00,148.99,149.64,130.0,133.73,3995824.38
2024-04-13 20:00:00,133.73,143.46,116.0,138.47,6554307.53
2024-04-14 00:00:00,138.47,140.96,130.45,134.91,2765871.2
2024-04-14 04:00:00,134.9,144.56,133.85,144.06,1976732.53
2024-04-14 08:00:00,144.05,145.6,138.25,138.84,1375202.09
2024-04-14 12:00:00,138.84,143.27,135.49,137.99,2062759.51
2024-04-14 16:00:00,137.99,143.16,133.44,141.78,2453291.92
2024-04-14 20:00:00,141.77,152.84,139.83,151.25,1794513.43
2024-04-15 00:00:00,151.26,151.27,146.4,148.11,1218605.26
2024-04-15 04:00:00,148.11,156.06,146.08,153.75,1582258.89
2024-04-15 08:00:00,153.74,155.0,150.79,150.95,980783.06
2024-04-15 12:00:00,150.94,152.24,141.39,143.31,2141173.52
2024-04-15 16:00:00,143.32,144.56,133.56,137.89,2472010.33
2024-04-15 20:00:00,137.89,140.17,135.4,138.51,937593.68
2024-04-16 00:00:00,138.51,140.57,133.62,134.6,1223011.06
2024-04-16 04:00:00,134.6,138.9,130.14,137.87,1443161.96
2024-04-16 08:00:00,137.86,138.04,129.77,136.18,1552370.57
2024-04-16 12:00:00,136.19,136.19,127.43,127.62,2410381.2
2024-04-16 16:00:00,127.61,135.43,126.4,132.14,2309035.2
2024-04-16 20:00:00,132.14,137.96,131.63,136.22,856751.91
2024-04-17 00:00:00,136.21,138.24,134.88,137.41,803624.48
2024-04-17 04:00:00,137.41,142.77,136.67,139.46,1850617.34
2024-04-17 08:00:00,139.46,140.25,134.0,134.29,909203.07
2024-04-17 12:00:00,134.28,135.15,127.59,128.71,2819684.71
2024-04-17 16:00:00,128.72,137.91,126.87,134.62,2066828.4
2024-04-17 20:00:00,134.62,138.0,131.61,131.84,1109527.27
2024-04-18 00:00:00,131.84,136.65,129.65,135.58,1118786.56
2024-04-18 04:00:00,135.57,136.83,128.96,129.43,1209374.8
2024-04-18 08:00:00,129.44,137.0,127.62,135.81,1512577.78
2024-04-18 12:00:00,135.8,141.5,131.95,138.99,2159574.21
2024-04-18 16:00:00,139.0,141.53,135.51,140.29,966096.32
2024-04-18 20:00:00,140.3,144.25,139.55,142.07,838658.15
2024-04-19 00:00:00,142.08,142.08,128.5,136.54,3176402.61
2024-04-19 04:00:00,136.54,146.93,136.2,143.32,3220539.01
2024-04-19 08:00:00,143.31,146.01,142.31,144.44,1380028.93
2024-04-19 12:00:00,144.43,147.49,141.67,146.19,1462528.08
2024-04-19 16:00:00,146.18,147.46,143.61,145.49,1010461.3
2024-04-19 20:00:00,145.5,145.73,139.97,142.5,895401.6
2024-04-20 00:00:00,142.5,143.5,139.66,142.4,956835.99
2024-04-20 04:00:00,142.4,145.0,141.59,143.51,749691.07
2024-04-20 08:00:00,143.52,143.57,140.0,141.55,639597.43
2024-04-20 12:00:00,141.55,147.8,140.96,147.19,724923.15
2024-04-20 16:00:00,147.2,151.99,146.32,151.2,1205586.89
2024-04-20 20:00:00,151.2,152.39,149.1,151.22,579339.14
2024-04-21 00:00:00,151.21,153.5,148.07,150.63,822390.07
2024-04-21 04:00:00,150.63,151.74,149.88,151.12,448813.19
2024-04-21 08:00:00,151.12,152.65,149.57,151.46,597151.87
2024-04-21 12:00:00,151.46,151.74,148.4,150.14,630630.77
2024-04-21 16:00:00,150.14,150.32,146.68,148.0,645148.72
2024-04-21 20:00:00,147.99,150.8,147.46,148.8,502666.91
2024-04-22 00:00:00,148.81,151.5,146.63,150.35,1037867.97
2024-04-22 04:00:00,150.35,156.64,149.93,153.62,1179394.19
2024-04-22 08:00:00,153.63,154.64,152.23,153.28,594572.4
2024-04-22 12:00:00,153.29,154.95,151.55,153.45,890901.31
2024-04-22 16:00:00,153.44,156.11,152.41,154.55,686201.58
2024-04-22 20:00:00,154.55,158.5,154.12,156.95,578422.71
2024-04-23 00:00:00,156.94,159.33,155.43,155.51,670154.05
2024-04-23 04:00:00,155.5,156.82,153.04,153.62,692920.52
2024-04-23 08:00:00,153.62,155.6,153.16,154.08,535694.48
2024-04-23 12:00:00,154.07,159.77,153.57,157.92,1099818.14
2024-04-23 16:00:00,157.93,160.0,157.12,157.48,552829.62
2024-04-23 20:00:00,157.49,157.78,154.57,154.75,550855.3
2024-04-24 00:00:00,154.75,158.89,154.42,156.73,862194.63
2024-04-24 04:00:00,156.72,159.8,156.26,157.84,939702.02
2024-04-24 08:00:00,157.84,159.39,156.5,159.33,559650.23
2024-04-24 12:00:00,159.32,159.67,151.1,151.51,1788056.88
2024-04-24 16:00:00,151.51,153.85,147.4,149.83,1488552.87
2024-04-24 20:00:00,149.82,150.49,145.58,147.78,853806.37
2024-04-25 00:00:00,147.79,149.6,144.75,146.03,841499.69
2024-04-25 04:00:00,146.03,148.55,144.73,146.3,666118.79
2024-04-25 08:00:00,146.3,147.5,143.13,144.8,902302.33
2024-04-25 12:00:00,144.8,148.47,142.09,147.81,1206599.98
2024-04-25 16:00:00,147.81,149.6,146.53,146.86,972860.17
2024-04-25 20:00:00,146.86,148.9,144.71,144.84,828084.31
2024-04-26 00:00:00,144.83,145.09,141.44,143.25,933837.03
2024-04-26 04:00:00,143.26,144.85,142.4,143.45,429890.93
2024-04-26 08:00:00,143.46,144.6,142.26,143.15,482312.43
2024-04-26 12:00:00,143.15,146.19,141.11,142.7,1024734.16
2024-04-26 16:00:00,142.7,144.25,141.69,142.65,406828.41
2024-04-26 20:00:00,142.69,143.81,138.74,139.23,471750.55
2024-04-27 00:00:00,139.23,140.22,132.88,136.3,1188124.86
2024-04-27 04:00:00,136.29,137.23,135.54,136.15,430598.99
2024-04-27 08:00:00,136.16,136.81,135.26,135.89,365673.1
2024-04-27 12:00:00,135.88,139.83,135.68,137.72,596368.54
2024-04-27 16:00:00,137.72,142.5,137.46,142.3,842271.15
2024-04-27 20:00:00,142.3,143.04,140.0,141.31,398025.27
2024-04-28 00:00:00,141.31,144.82,140.74,143.83,459454.4
2024-04-28 04:00:00,143.83,144.47,142.88,143.54,763064.64
2024-04-28 08:00:00,143.54,143.93,140.89,141.2,476500.19
2024-04-28 12:00:00,141.19,142.96,141.11,141.98,491143.12
2024-04-28 16:00:00,141.98,144.0,141.79,142.06,269220.83
2024-04-28 20:00:00,142.06,142.34,137.03,137.99,492530.38
2024-04-29 00:00:00,137.99,138.93,134.52,134.93,635721.83
2024-04-29 04:00:00,134.93,136.77,134.0,134.96,604121.523
2024-04-29 08:00:00,134.95,136.71,133.67,134.68,573284.528
2024-04-29 12:00:00,134.67,137.68,133.94,136.49,842632.269
2024-04-29 16:00:00,136.49,136.68,133.38,134.98,1077050.195
2024-04-29 20:00:00,134.98,138.69,134.05,137.77,535073.152
2024-04-30 00:00:00,137.79,139.77,134.98,136.51,573186.102
2024-04-30 04:00:00,136.52,136.77,134.66,135.1,876377.0
2024-04-30 08:00:00,135.08,135.53,128.26,128.78,1198528.552
2024-04-30 12:00:00,128.78,130.39,126.7,127.76,1121239.215
2024-04-30 16:00:00,127.75,127.75,121.21,123.04,1432050.873
2024-04-30 20:00:00,123.04,128.81,123.01,126.77,825173.746
2024-05-01 00:00:00,126.76,127.57,123.77,126.23,812778.056
2024-05-01 04:00:00,126.23,126.9,118.47,120.58,1564562.694
2024-05-01 08:00:00,120.57,123.09,118.6,123.06,1211712.457
2024-05-01 12:00:00,123.06,125.03,121.41,123.4,947679.055
2024-05-01 16:00:00,123.4,135.97,122.64,129.73,2451603.724
2024-05-01 20:00:00,129.74,135.21,128.81,134.64,1002989.285
2024-05-02 00:00:00,134.64,134.98,128.66,130.06,1006311.599
2024-05-02 04:00:00,130.06,135.5,128.19,131.39,938585.422
2024-05-02 08:00:00,131.38,138.97,131.08,138.74,1256214.232
2024-05-02 12:00:00,138.74,140.46,135.06,139.09,1317598.233
2024-05-02 16:00:00,139.1,139.84,136.96,138.05,530073.122
2024-05-02 20:00:00,138.06,140.9,135.55,137.58,694683.013
2024-05-03 00:00:00,137.58,141.96,136.72,141.01,761263.867
2024-05-03 04:00:00,141.01,141.55,136.68,137.23,592756.775
2024-05-03 08:00:00,137.23,139.18,135.88,136.88,633247.046
2024-05-03 12:00:00,136.88,143.97,136.47,142.09,1544438.09
2024-05-03 16:00:00,142.09,143.16,141.14,142.77,396575.749
2024-05-03 20:00:00,142.76,145.0,142.45,143.69,596574.029
2024-05-04 00:00:00,143.7,145.0,142.22,144.22,439188.913
2024-05-04 04:00:00,144.21,146.5,143.71,143.96,792832.95
2024-05-04 08:00:00,143.96,149.14,143.92,146.49,586964.44
2024-05-04 12:00:00,146.52,148.26,145.6,146.18,456236.343
2024-05-04 16:00:00,146.18,147.5,145.25,147.4,320023.304
2024-05-04 20:00:00,147.41,147.87,145.8,146.05,212757.29
2024-05-05 00:00:00,146.05,147.25,143.1,144.62,543704.63
2024-05-05 04:00:00,144.62,146.0,144.14,145.64,460898.888
2024-05-05 08:00:00,145.65,146.74,145.11,146.63,230166.448
2024-05-05 12:00:00,146.63,148.0,145.35,147.49,384927.688
2024-05-05 16:00:00,147.5,147.88,145.67,146.07,303431.932
2024-05-05 20:00:00,146.07,146.13,144.7,145.73,208720.677
2024-05-06 00:00:00,145.74,148.08,145.4,146.28,329110.456
2024-05-06 04:00:00,146.27,149.34,145.93,148.73,402238.186
2024-05-06 08:00:00,148.74,156.89,148.73,153.99,1552163.984
2024-05-06 12:00:00,153.99,156.31,149.72,153.82,1400349.58
2024-05-06 16:00:00,153.83,154.21,150.84,153.48,646364.885
2024-05-06 20:00:00,153.49,155.74,152.5,152.82,457214.476
2024-05-07 00:00:00,152.81,158.05,151.92,153.89,804075.532
2024-05-07 04:00:00,153.88,156.27,153.13,155.13,550076.5
2024-05-07 08:00:00,155.14,159.19,154.84,154.97,914361.312
2024-05-07 12:00:00,154.97,157.07,152.01,154.71,950603.511
2024-05-07 16:00:00,154.7,155.5,150.77,151.19,689629.914
2024-05-07 20:00:00,151.18,152.43,147.76,148.03,577632.827
2024-05-08 00:00:00,148.03,149.96,147.2,149.5,517330.2
2024-05-08 04:00:00,149.5,152.0,145.74,146.42,988747.045
2024-05-08 08:00:00,146.41,147.0,144.78,145.39,568455.844
2024-05-08 12:00:00,145.39,148.94,144.4,145.86,767439.347
2024-05-08 16:00:00,145.86,149.12,144.65,145.48,790333.054
2024-05-08 20:00:00,145.48,145.93,140.0,142.18,900959.851
2024-05-09 00:00:00,142.17,144.87,141.92,144.14,431615.652
2024-05-09 04:00:00,144.13,145.89,142.09,143.27,715446.301
2024-05-09 08:00:00,143.26,144.01,140.61,142.8,550536.29
2024-05-09 12:00:00,142.8,148.0,141.62,146.47,809945.075
2024-05-09 16:00:00,146.47,150.98,145.73,150.86,709853.806
2024-05-09 20:00:00,150.85,153.39,149.25,152.57,694742.784
2024-05-10 00:00:00,152.56,155.0,151.34,153.93,479082.477
2024-05-10 04:00:00,153.93,155.75,152.27,154.34,516045.972
2024-05-10 08:00:00,154.35,155.18,152.97,155.01,398796.996
2024-05-10 12:00:00,155.01,155.4,145.34,146.94,1475250.359
2024-05-10 16:00:00,146.95,148.78,145.12,147.17,852954.227
2024-05-10 20:00:00,147.17,148.05,144.49,146.01,402645.177
2024-05-11 00:00:00,146.02,147.7,143.33,143.64,580791.517
2024-05-11 04:00:00,143.65,146.46,143.54,145.78,295266.609
2024-05-11 08:00:00,145.77,145.86,143.12,144.25,303068.822
2024-05-11 12:00:00,144.24,147.04,143.86,145.65,400013.452
2024-05-11 16:00:00,145.65,146.71,144.81,146.44,271612.524
2024-05-11 20:00:00,146.43,146.54,145.09,145.42,166279.89
2024-05-12 00:00:00,145.42,146.95,145.2,146.4,165344.663
2024-05-12 04:00:00,146.41,147.8,143.65,144.22,313948.17
2024-05-12 08:00:00,144.23,146.36,143.83,145.07,288121.494
2024-05-12 12:00:00,145.07,145.72,144.0,145.2,231009.327
2024-05-12 16:00:00,145.2,146.4,144.35,144.96,199633.536
2024-05-12 20:00:00,144.96,145.27,142.5,143.43,224490.437
2024-05-13 00:00:00,143.42,145.94,138.35,140.13,937470.432
2024-05-13 04:00:00,140.13,144.2,137.78,143.56,734323.068
2024-05-13 08:00:00,143.56,147.5,143.55,145.62,1028681.532
2024-05-13 12:00:00,145.61,148.28,144.8,147.26,654899.727
2024-05-13 16:00:00,147.26,150.88,145.79,148.81,745705.742
2024-05-13 20:00:00,148.8,149.61,146.76,147.54,306849.422
2024-05-14 00:00:00,147.53,148.27,145.7,146.34,403642.992
2024-05-14 04:00:00,146.32,149.09,143.71,146.54,648225.377
2024-05-14 08:00:00,146.54,147.48,145.36,146.59,359150.5
2024-05-14 12:00:00,146.59,148.42,141.84,142.92,1127654.752
2024-05-14 16:00:00,142.92,144.68,141.82,143.8,624451.867
2024-05-14 20:00:00,143.8,143.91,141.9,142.03,226807.883
2024-05-15 00:00:00,142.03,144.18,141.21,143.96,309201.85
2024-05-15 04:00:00,143.96,144.62,143.12,144.29,471707.757
2024-05-15 08:00:00,144.28,146.08,143.11,144.19,519164.028
2024-05-15 12:00:00,144.19,154.06,143.64,151.61,1831283.631
2024-05-15 16:00:00,151.61,155.0,150.99,154.92,766870.207
2024-05-15 20:00:00,154.92,158.88,154.25,158.52,987046.73
2024-05-16 00:00:00,158.52,163.9,158.14,163.11,1019708.931
2024-05-16 04:00:00,163.11,163.64,161.31,162.78,605216.847
2024-05-16 08:00:00,162.78,164.79,161.77,163.73,514599.316
2024-05-16 12:00:00,163.72,163.74,157.6,160.45,1033162.377
2024-05-16 16:00:00,160.46,160.55,156.46,159.08,748831.648
2024-05-16 20:00:00,159.09,159.59,157.41,159.37,278593.646
2024-05-17 00:00:00,159.36,162.85,159.32,162.19,588047.871
2024-05-17 04:00:00,162.2,170.0,161.0,169.2,1166813.444
2024-05-17 08:00:00,169.2,170.0,167.21,167.46,610247.53
2024-05-17 12:00:00,167.46,170.93,165.78,169.69,703522.0
2024-05-17 16:00:00,169.68,174.0,166.19,168.89,769476.707
2024-05-17 20:00:00,168.89,169.85,167.35,169.44,259079.289
2024-05-18 00:00:00,169.43,174.86,168.65,173.2,634933.988
2024-05-18 04:00:00,173.21,173.9,172.05,172.31,284887.151
2024-05-18 08:00:00,172.3,176.06,172.13,174.4,660216.982
2024-05-18 12:00:00,174.41,174.7,171.65,172.42,560069.633
2024-05-18 16:00:00,172.42,172.65,170.0,172.25,474927.8
2024-05-18 20:00:00,172.25,173.65,171.62,172.4,259438.443
2024-05-19 00:00:00,172.4,175.16,171.98,174.32,311572.914
2024-05-19 04:00:00,174.32,175.5,172.35,174.17,287616.612
2024-05-19 08:00:00,174.16,174.58,170.79,171.76,471822.501
2024-05-19 12:00:00,171.75,171.84,165.96,168.29,801343.507
2024-05-19 16:00:00,168.28,171.79,167.24,169.3,524725.023
2024-05-19 20:00:00,169.31,171.7,168.21,169.93,299903.517
2024-05-20 00:00:00,169.93,173.5,167.47,172.15,515680.309
2024-05-20 04:00:00,172.14,178.66,171.8,178.03,1242368.097
2024-05-20 08:00:00,178.02,179.41,175.69,177.7,642669.749
2024-05-20 12:00:00,177.72,179.5,175.33,179.01,523227.566
2024-05-20 16:00:00,179.01,188.32,178.11,187.25,1411629.653
2024-05-20 20:00:00,187.25,187.7,182.25,186.7,1354993.624
2024-05-21 00:00:00,186.69,188.89,182.79,184.27,940460.074
2024-05-21 04:00:00,184.27,185.03,180.02,181.28,915949.111
2024-05-21 08:00:00,181.28,183.84,180.39,180.4,596580.736
2024-05-21 12:00:00,180.41,181.41,176.0,176.75,1152303.911
2024-05-21 16:00:00,176.75,178.92,174.37,175.3,697821.692
2024-05-21 20:00:00,175.32,178.63,175.15,178.15,424664.54
2024-05-22 00:00:00,178.15,179.29,176.51,177.95,396884.921
2024-05-22 04:00:00,177.95,183.09,174.96,179.89,824944.422
2024-05-22 08:00:00,179.89,181.35,178.02,178.06,436735.778
2024-05-22 12:00:00,178.07,182.77,176.09,181.39,826542.885
2024-05-22 16:00:00,181.39,185.0,177.35,178.36,851111.089
2024-05-22 20:00:00,178.36,180.8,176.29,176.95,936681.032
2024-05-23 00:00:00,176.96,179.37,175.62,178.79,379238.549
2024-05-23 04:00:00,178.79,178.86,176.25,177.44,729990.36
2024-05-23 08:00:00,177.45,177.98,172.59,175.67,963573.065
2024-05-23 12:00:00,175.67,176.99,168.82,172.7,1271448.966
2024-05-23 16:00:00,172.69,175.25,170.54,170.92,534440.056
2024-05-23 20:00:00,170.92,181.04,165.35,176.16,1720230.634
2024-05-24 00:00:00,176.15,176.15,171.53,172.01,782830.773
2024-05-24 04:00:00,172.0,172.01,165.12,166.16,1309117.631
2024-05-24 08:00:00,166.15,166.62,162.5,166.34,932422.118
2024-05-24 12:00:00,166.34,169.12,165.11,167.29,951745.55
2024-05-24 16:00:00,167.29,170.61,164.73,168.33,600377.852
2024-05-24 20:00:00,168.33,168.75,166.66,167.7,243166.718
2024-05-25 00:00:00,167.7,169.8,165.9,169.66,356935.032
2024-05-25 04:00:00,169.65,170.16,168.11,168.99,242806.162
2024-05-25 08:00:00,168.99,170.55,168.37,168.61,394336.979
2024-05-25 12:00:00,168.61,168.91,166.48,167.83,389874.692
2024-05-25 16:00:00,167.83,168.08,166.35,167.23,283289.871
2024-05-25 20:00:00,167.23,168.66,166.55,168.35,244200.399
2024-05-26 00:00:00,168.35,168.4,164.81,166.28,375134.79
2024-05-26 04:00:00,166.28,167.02,164.56,165.33,420874.581
2024-05-26 08:00:00,165.33,165.65,162.23,164.02,715298.217
2024-05-26 12:00:00,164.03,165.85,162.37,162.85,623994.432
2024-05-26 16:00:00,162.85,163.49,161.14,162.71,622801.152
2024-05-26 20:00:00,162.71,164.16,161.0,163.41,368014.817
2024-05-27 00:00:00,163.42,166.65,163.26,165.38,580611.171
2024-05-27 04:00:00,165.38,166.43,163.83,165.52,421905.521
2024-05-27 08:00:00,165.53,168.08,165.0,167.74,517665.741
2024-05-27 12:00:00,167.73,171.47,166.68,171.04,725623.665
2024-05-27 16:00:00,171.03,172.28,166.98,168.65,660496.813
2024-05-27 20:00:00,168.64,171.67,168.36,170.15,353714.144
2024-05-28 00:00:00,170.15,172.09,166.05,167.4,701626.042
2024-05-28 04:00:00,167.4,167.58,164.92,166.09,462066.447
2024-05-28 08:00:00,166.1,170.38,165.88,169.81,542867.486
2024-05-28 12:00:00,169.81,173.24,166.72,168.28,1229770.337
2024-05-28 16:00:00,168.3,170.78,166.0,170.39,605597.764
2024-05-28 20:00:00,170.39,170.74,168.31,168.68,237323.267
2024-05-29 00:00:00,168.68,172.55,167.44,172.35,378770.046
2024-05-29 04:00:00,172.35,173.93,170.79,170.8,519578.268
2024-05-29 08:00:00,170.81,171.06,167.56,168.28,565052.797
2024-05-29 12:00:00,168.28,170.0,167.0,168.6,608571.457
2024-05-29 16:00:00,168.61,171.86,167.53,169.41,614669.599
2024-05-29 20:00:00,169.41,169.94,167.77,168.32,259635.127
2024-05-30 00:00:00,168.32,170.97,167.9,169.99,336282.029
2024-05-30 04:00:00,169.99,170.89,164.23,165.0,714643.545
2024-05-30 08:00:00,164.99,167.28,163.55,166.2,498420.891
2024-05-30 12:00:00,166.2,169.66,166.0,168.48,625043.108
2024-05-30 16:00:00,168.47,173.0,167.88,168.42,757940.496
2024-05-30 20:00:00,168.43,168.43,166.18,166.88,375436.978
2024-05-31 00:00:00,166.88,167.56,165.52,167.24,237144.66
2024-05-31 04:00:00,167.25,167.68,165.0,166.62,294917.926
2024-05-31 08:00:00,166.62,168.98,166.03,168.75,343860.024
2024-05-31 12:00:00,168.74,170.94,164.75,164.81,1015530.491
2024-05-31 16:00:00,164.81,167.01,163.67,166.33,456687.321
2024-05-31 20:00:00,166.34,167.04,165.04,165.65,244595.966
2024-06-01 00:00:00,165.65,167.82,165.64,167.02,229778.357
2024-06-01 04:00:00,167.02,167.45,166.3,166.85,150431.556
2024-06-01 08:00:00,166.85,167.36,166.56,166.88,181278.299
2024-06-01 12:00:00,166.89,167.95,166.78,167.31,179675.638
2024-06-01 16:00:00,167.31,167.66,166.85,167.45,134291.591
2024-06-01 20:00:00,167.43,167.77,165.69,166.14,195043.487
2024-06-02 00:00:00,166.14,167.1,165.42,166.2,225049.675
2024-06-02 04:00:00,166.2,166.53,164.93,165.02,211143.197
2024-06-02 08:00:00,165.02,166.16,164.0,166.05,276064.453
2024-06-02 12:00:00,166.05,166.29,164.61,165.16,260463.365
2024-06-02 16:00:00,165.17,165.37,161.32,163.12,498173.663
2024-06-02 20:00:00,163.11,163.74,161.73,163.15,198683.633
2024-06-03 00:00:00,163.14,165.23,161.79,163.59,372640.329
2024-06-03 04:00:00,163.59,165.79,162.64,165.35,305890.845
2024-06-03 08:00:00,165.35,166.85,164.51,164.83,271345.305
2024-06-03 12:00:00,164.82,167.21,163.0,164.83,699068.522
2024-06-03 16:00:00,164.84,166.99,163.5,166.93,502979.788
2024-06-03 20:00:00,166.94,167.2,164.43,164.89,226091.743
2024-06-04 00:00:00,164.9,166.83,164.31,166.47,190345.46
2024-06-04 04:00:00,166.47,167.0,164.91,165.24,239324.311
2024-06-04 08:00:00,165.25,165.84,164.45,165.51,212597.783
2024-06-04 12:00:00,165.5,167.92,165.29,167.91,514163.916
2024-06-04 16:00:00,167.92,170.39,167.78,169.47,673334.684
2024-06-04 20:00:00,169.47,171.87,168.29,171.78,295187.861
2024-06-05 00:00:00,171.78,174.86,171.11,172.97,657174.08
2024-06-05 04:00:00,172.97,174.32,172.31,173.43,334179.815
2024-06-05 08:00:00,173.43,174.11,172.1,172.85,319926.489
2024-06-05 12:00:00,172.86,175.14,170.0,174.74,608786.209
2024-06-05 16:00:00,174.74,175.6,172.5,172.97,485955.894
2024-06-05 20:00:00,172.97,173.8,172.75,173.54,154201.102
2024-06-06 00:00:00,173.55,174.4,173.16,173.85,191872.533
2024-06-06 04:00:00,173.86,174.1,171.54,172.6,297740.336
2024-06-06 08:00:00,172.59,173.44,172.14,173.08,249692.324
2024-06-06 12:00:00,173.09,173.7,172.4,172.99,326983.198
2024-06-06 16:00:00,172.99,173.07,168.65,169.12,550779.569
2024-06-06 20:00:00,169.12,170.85,167.51,170.15,499170.274
2024-06-07 00:00:00,170.15,170.6,168.99,170.57,216253.466
2024-06-07 04:00:00,170.56,172.54,170.44,172.01,360360.142
2024-06-07 08:00:00,172.01,172.4,170.93,172.2,213503.695
2024-06-07 12:00:00,172.19,172.85,169.15,170.15,481914.219
2024-06-07 16:00:00,170.15,170.36,152.92,162.01,1898650.271
2024-06-07 20:00:00,162.02,163.23,161.03,162.5,368170.298
2024-06-08 00:00:00,162.51,163.13,161.88,162.7,258142.126
2024-06-08 04:00:00,162.7,163.78,160.88,163.6,243250.122
2024-06-08 08:00:00,163.6,163.64,160.05,160.48,256348.258
2024-06-08 12:00:00,160.47,161.35,158.28,160.15,517805.179
2024-06-08 16:00:00,160.15,161.05,158.82,159.85,299465.812
2024-06-08 20:00:00,159.85,159.98,157.37,157.83,214871.153
2024-06-09 00:00:00,157.83,158.8,156.52,157.78,246099.469
2024-06-09 04:00:00,157.79,159.79,157.26,159.01,231686.374
2024-06-09 08:00:00,159.02,159.81,158.58,159.44,188814.247
2024-06-09 12:00:00,159.44,161.87,159.21,161.63,406224.583
2024-06-09 16:00:00,161.63,163.04,160.55,162.13,245826.972
2024-06-09 20:00:00,162.13,162.39,161.27,162.12,126253.355
2024-06-10 00:00:00,162.12,162.18,159.65,159.87,138509.877
2024-06-10 04:00:00,159.88,160.56,157.46,157.62,258944.499
2024-06-10 08:00:00,157.62,160.22,157.54,159.46,259285.866
2024-06-10 12:00:00,159.45,163.18,157.7,162.38,430002.589
2024-06-10 16:00:00,162.37,162.92,160.05,160.44,359656.582
2024-06-10 20:00:00,160.45,160.67,158.17,159.05,313877.541
2024-06-11 00:00:00,159.04,159.75,154.81,156.07,668886.146
2024-06-11 04:00:00,156.06,156.18,152.4,153.39,524456.185
2024-06-11 08:00:00,153.39,155.3,152.72,153.89,427270.454
2024-06-11 12:00:00,153.89,154.58,146.29,147.67,955897.839
2024-06-11 16:00:00,147.66,149.8,145.2,149.23,725789.378
2024-06-11 20:00:00,149.22,150.27,148.07,149.31,344282.775
2024-06-12 00:00:00,149.31,149.88,145.44,149.65,410129.708
2024-06-12 04:00:00,149.65,151.98,149.58,151.79,285277.311
2024-06-12 08:00:00,151.78,153.56,150.93,151.74,358621.513
2024-06-12 12:00:00,151.75,161.84,151.5,158.84,1247662.624
2024-06-12 16:00:00,158.85,159.81,151.16,153.33,1221325.229
2024-06-12 20:00:00,153.33,155.63,152.8,155.22,328840.009
2024-06-13 00:00:00,155.21,155.21,149.65,151.55,511186.403
2024-06-13 04:00:00,151.56,152.84,150.78,152.09,239058.25
2024-06-13 08:00:00,152.1,152.47,149.05,149.63,369201.817
2024-06-13 12:00:00,149.64,152.3,146.13,146.87,661130.594
2024-06-13 16:00:00,146.87,148.94,146.23,147.73,410496.886
2024-06-13 20:00:00,147.72,148.41,146.03,147.29,382215.161
2024-06-14 00:00:00,147.29,148.52,145.89,147.5,354002.109
2024-06-14 04:00:00,147.51,149.0,146.8,147.62,359458.373
2024-06-14 08:00:00,147.62,148.75,147.16,148.1,286751.237
2024-06-14 12:00:00,148.11,149.0,143.0,143.78,703646.662
2024-06-14 16:00:00,143.78,144.1,139.67,141.8,1096607.766
2024-06-14 20:00:00,141.8,145.15,141.43,143.05,382995.346
2024-06-15 00:00:00,143.04,144.95,142.92,144.94,220506.983
2024-06-15 04:00:00,144.93,145.58,143.64,143.78,333384.199
2024-06-15 08:00:00,143.78,144.64,143.0,144.5,192093.539
2024-06-15 12:00:00,144.5,145.43,144.02,145.19,230343.787
2024-06-15 16:00:00,145.18,145.78,144.1,144.66,205542.915
2024-06-15 20:00:00,144.66,145.69,143.85,145.52,165053.499
2024-06-16 00:00:00,145.52,145.58,143.88,144.01,134400.928
2024-06-16 04:00:00,144.01,145.28,143.08,144.49,231329.466
2024-06-16 08:00:00,144.5,145.74,143.82,145.0,149891.103
2024-06-16 12:00:00,145.0,148.8,144.8,148.53,314665.793
2024-06-16 16:00:00,148.52,149.36,147.6,148.78,266388.046
2024-06-16 20:00:00,148.77,151.35,148.38,151.3,309204.091
2024-06-17 00:00:00,151.3,151.79,147.08,147.36,359464.384
2024-06-17 04:00:00,147.36,149.23,145.81,146.61,517419.431
2024-06-17 08:00:00,146.61,147.28,141.66,143.94,672321.274
2024-06-17 12:00:00,143.94,144.64,140.77,141.23,601364.887
2024-06-17 16:00:00,141.23,146.82,139.85,144.57,825894.678
2024-06-17 20:00:00,144.57,144.66,141.27,143.27,436495.158
2024-06-18 00:00:00,143.28,143.82,127.95,135.62,2496519.16
2024-06-18 04:00:00,135.61,137.87,134.74,136.71,663131.523
2024-06-18 08:00:00,136.71,138.85,135.61,137.16,629381.282
2024-06-18 12:00:00,137.17,137.85,132.88,136.01,1241846.308
2024-06-18 16:00:00,136.01,136.16,130.41,133.14,687486.899
2024-06-18 20:00:00,133.13,138.47,132.03,137.41,839611.538
2024-06-19 00:00:00,137.41,141.5,135.96,140.15,798872.438
2024-06-19 04:00:00,140.15,141.9,139.49,139.98,564477.195
2024-06-19 08:00:00,139.99,140.29,137.0,137.96,496134.669
2024-06-19 12:00:00,137.95,138.92,135.51,136.92,413227.521
2024-06-19 16:00:00,136.93,139.05,135.59,136.67,685889.796
2024-06-19 20:00:00,136.67,136.82,134.47,135.62,578175.849
2024-06-20 00:00:00,135.62,137.24,132.6,133.06,533789.76
2024-06-20 04:00:00,133.05,138.18,132.53,137.18,760721.402
2024-06-20 08:00:00,137.19,141.29,136.42,139.34,626276.454
2024-06-20 12:00:00,139.34,139.74,132.55,133.27,800804.873
2024-06-20 16:00:00,133.27,135.83,131.9,134.25,481940.057
2024-06-20 20:00:00,134.24,134.91,133.42,133.55,304147.962
2024-06-21 00:00:00,133.55,134.85,131.71,132.68,476782.883
2024-06-21 04:00:00,132.68,133.34,130.64,131.43,471843.473
2024-06-21 08:00:00,131.43,132.8,129.66,132.08,547796.669
2024-06-21 12:00:00,132.08,133.76,129.4,131.4,761219.099
2024-06-21 16:00:00,131.41,133.95,128.76,132.64,567403.184
2024-06-21 20:00:00,132.63,135.38,131.92,134.6,405028.719
2024-06-22 00:00:00,134.61,135.28,133.0,135.07,281944.938
2024-06-22 04:00:00,135.07,136.74,134.52,134.86,379616.762
2024-06-22 08:00:00,134.85,134.94,133.7,134.52,235382.591
2024-06-22 12:00:00,134.52,134.79,133.9,134.25,205145.2
2024-06-22 16:00:00,134.25,135.0,133.91,134.47,173415.597
2024-06-22 20:00:00,134.48,134.62,133.16,133.69,123710.803
2024-06-23 00:00:00,133.7,135.09,133.59,134.77,212031.417
2024-06-23 04:00:00,134.76,135.0,134.21,134.72,101906.33
2024-06-23 08:00:00,134.71,134.83,133.48,134.03,134263.525
2024-06-23 12:00:00,134.03,134.4,131.43,131.58,244230.612
2024-06-23 16:00:00,131.58,132.53,130.43,131.46,281907.731
2024-06-23 20:00:00,131.46,131.54,128.22,128.69,518061.616
2024-06-24 00:00:00,128.68,129.79,126.0,126.23,638034.592
2024-06-24 04:00:00,126.23,126.69,123.21,125.2,976442.957
2024-06-24 08:00:00,125.21,127.5,122.0,127.07,1201541.584
2024-06-24 12:00:00,127.06,129.95,125.64,126.31,839888.262
2024-06-24 16:00:00,126.31,130.38,125.85,127.49,1066240.103
2024-06-24 20:00:00,127.48,132.66,125.04,132.33,861350.279
2024-06-25 00:00:00,132.34,136.58,131.2,135.79,679433.479
2024-06-25 04:00:00,135.79,136.86,134.56,134.82,662791.505
2024-06-25 08:00:00,134.82,139.16,133.47,137.8,800601.431
2024-06-25 12:00:00,137.81,139.9,136.45,139.43,812689.943
2024-06-25 16:00:00,139.43,139.6,137.01,138.75,600620.231
2024-06-25 20:00:00,138.73,139.0,135.86,136.58,407525.115
2024-06-26 00:00:00,136.57,140.41,136.14,138.46,544461.078
2024-06-26 04:00:00,138.46,138.8,136.33,137.94,407065.09
2024-06-26 08:00:00,137.94,138.17,136.03,137.32,340422.215
2024-06-26 12:00:00,137.32,139.49,136.07,136.88,481893.583
2024-06-26 16:00:00,136.89,137.83,134.85,137.76,439031.238
2024-06-26 20:00:00,137.75,138.46,136.26,136.81,290554.862
2024-06-27 00:00:00,136.81,137.94,135.61,137.52,284568.837
2024-06-27 04:00:00,137.51,137.73,135.2,135.91,263693.309
2024-06-27 08:00:00,135.91,139.47,135.52,139.05,454528.939
2024-06-27 12:00:00,139.03,151.21,138.52,147.77,2627684.289
2024-06-27 16:00:00,147.77,149.44,146.61,148.46,494099.961
2024-06-27 20:00:00,148.46,150.52,148.07,149.71,326392.101
2024-06-28 00:00:00,149.71,150.84,146.51,147.54,524051.981
2024-06-28 04:00:00,147.54,147.59,143.79,145.37,469424.833
2024-06-28 08:00:00,145.38,146.2,144.77,145.5,289064.716
2024-06-28 12:00:00,145.5,146.93,140.86,143.23,1057901.804
2024-06-28 16:00:00,143.22,143.97,140.12,140.98,649630.663
2024-06-28 20:00:00,140.98,141.64,139.01,140.03,348957.27
2024-06-29 00:00:00,140.03,142.6,139.97,141.77,311564.641
2024-06-29 04:00:00,141.78,142.52,140.1,142.0,276607.098
2024-06-29 08:00:00,142.0,143.26,141.49,142.66,312632.007
2024-06-29 12:00:00,142.66,143.0,141.2,142.68,238770.011
2024-06-29 16:00:00,142.67,142.83,140.82,141.72,145414.337
2024-06-29 20:00:00,141.72,141.82,139.67,140.28,183997.449
2024-06-30 00:00:00,140.28,141.09,138.02,138.3,301986.888
2024-06-30 04:00:00,138.3,141.12,137.09,140.64,397920.75
2024-06-30 08:00:00,140.65,141.79,140.34,141.18,273357.972
2024-06-30 12:00:00,141.18,144.0,140.58,143.83,318899.058
2024-06-30 16:00:00,143.82,145.9,142.75,144.82,339680.834
2024-06-30 20:00:00,144.82,147.62,143.79,146.61,454824.687
2024-07-01 00:00:00,146.61,149.13,145.97,147.61,480564.952
2024-07-01 04:00:00,147.61,148.71,147.17,148.3,224585.498
2024-07-01 08:00:00,148.3,149.09,145.87,146.14,408230.012
2024-07-01 12:00:00,146.15,148.72,146.04,148.5,527808.963
2024-07-01 16:00:00,148.51,149.36,146.6,147.32,418704.782
2024-07-01 20:00:00,147.33,148.26,146.0,146.67,220358.629
2024-07-02 00:00:00,146.68,149.91,146.14,149.16,278596.94
2024-07-02 04:00:00,149.17,149.95,146.98,147.43,371612.774
2024-07-02 08:00:00,147.43,150.1,146.88,149.68,354728.174
2024-07-02 12:00:00,149.68,151.87,147.22,148.39,701234.403
2024-07-02 16:00:00,148.4,153.82,147.65,152.79,630246.386
2024-07-02 20:00:00,152.8,155.0,152.33,154.03,439642.615
2024-07-03 00:00:00,154.03,154.5,149.2,150.56,618380.397
2024-07-03 04:00:00,150.57,150.57,146.39,146.4,674137.142
2024-07-03 08:00:00,146.39,147.28,142.77,144.07,853579.574
2024-07-03 12:00:00,144.07,144.34,140.94,141.68,835975.866
2024-07-03 16:00:00,141.68,143.23,139.12,140.43,649808.432
2024-07-03 20:00:00,140.43,142.05,139.01,140.84,557460.522
2024-07-04 00:00:00,140.84,142.75,132.21,137.08,1350869.938
2024-07-04 04:00:00,137.07,137.35,133.82,134.38,495106.184
2024-07-04 08:00:00,134.4,135.95,132.25,132.73,824979.017
2024-07-04 12:00:00,132.73,135.96,129.58,135.4,1278998.16
2024-07-04 16:00:00,135.4,135.98,133.66,134.0,536722.825
2024-07-04 20:00:00,134.0,135.66,127.2,127.86,744136.034
2024-07-05 00:00:00,127.85,129.16,121.0,123.67,2287258.567
2024-07-05 04:00:00,123.68,127.72,121.0,126.72,1542140.713
2024-07-05 08:00:00,126.72,130.86,122.07,130.13,1409241.491
2024-07-05 12:00:00,130.13,134.99,128.36,134.93,1370420.45
2024-07-05 16:00:00,134.94,136.58,133.71,134.97,770605.602
2024-07-05 20:00:00,134.97,135.79,133.92,134.32,289804.408
2024-07-06 00:00:00,134.32,137.83,132.33,134.44,507174.323
2024-07-06 04:00:00,134.44,137.38,133.55,136.94,375964.828
2024-07-06 08:00:00,136.93,140.62,136.44,138.75,705959.189
2024-07-06 12:00:00,138.74,142.15,137.8,141.88,554434.256
2024-07-06 16:00:00,141.88,143.54,140.72,142.82,414481.745
2024-07-06 20:00:00,142.82,144.35,142.17,143.05,315904.795
2024-07-07 00:00:00,143.05,143.33,140.29,142.12,427734.683
2024-07-07 04:00:00,142.11,142.11,138.06,139.09,531839.68
2024-07-07 08:00:00,139.09,140.68,138.75,139.89,220905.554
2024-07-07 12:00:00,139.88,140.8,135.47,137.07,568430.771
2024-07-07 16:00:00,137.08,139.6,136.76,137.33,288342.957
2024-07-07 20:00:00,137.33,137.85,131.23,131.64,553551.724
2024-07-08 00:00:00,131.64,132.97,127.77,130.71,1196437.187
2024-07-08 04:00:00,130.7,134.01,129.88,132.59,531793.243
2024-07-08 08:00:00,132.6,142.0,132.35,140.61,1457928.673
2024-07-08 12:00:00,140.6,141.99,133.53,137.43,1499266.764
2024-07-08 16:00:00,137.44,138.61,135.0,138.29,522437.463
2024-07-08 20:00:00,138.3,141.0,137.2,139.81,500494.678
2024-07-09 00:00:00,139.81,141.2,136.45,140.44,633380.571
2024-07-09 04:00:00,140.44,143.45,140.06,142.12,686274.179
2024-07-09 08:00:00,142.13,144.33,140.19,141.92,748625.334
2024-07-09 12:00:00,141.92,143.08,138.61,140.52,555655.699
2024-07-09 16:00:00,140.52,143.13,140.08,142.12,444211.259
2024-07-09 20:00:00,142.13,143.54,140.85,141.42,295526.564
2024-07-10 00:00:00,141.43,141.81,138.6,141.73,316105.422
2024-07-10 04:00:00,141.73,146.2,141.69,144.17,732120.246
2024-07-10 08:00:00,144.17,144.5,142.27,142.79,333513.526
2024-07-10 12:00:00,142.79,143.17,139.97,141.18,893122.928
2024-07-10 16:00:00,141.17,142.68,140.31,141.07,245853.737
2024-07-10 20:00:00,141.08,142.47,140.21,141.98,180110.034
2024-07-11 00:00:00,141.99,143.23,139.08,140.3,372589.443
2024-07-11 04:00:00,140.31,142.53,140.1,142.1,316925.397
2024-07-11 08:00:00,142.1,143.98,142.1,143.52,388262.689
2024-07-11 12:00:00,143.52,146.1,137.68,138.45,1130045.603
2024-07-11 16:00:00,138.44,139.01,136.4,136.57,555116.066
2024-07-11 20:00:00,136.55,137.64,135.64,135.73,600154.932
2024-07-12 00:00:00,135.73,138.19,134.05,136.53,604270.385
2024-07-12 04:00:00,136.52,137.07,134.11,135.41,442513.463
2024-07-12 08:00:00,135.41,135.93,133.92,135.65,603534.052
2024-07-12 12:00:00,135.65,139.36,135.44,138.85,715854.335
2024-07-12 16:00:00,138.85,140.55,137.72,138.49,353223.948
2024-07-12 20:00:00,138.49,139.53,136.66,139.46,210132.248
2024-07-13 00:00:00,139.47,139.97,138.28,138.75,178728.061
2024-07-13 04:00:00,138.76,139.5,137.94,139.38,159528.148
2024-07-13 08:00:00,139.38,140.94,138.43,140.12,219143.25
2024-07-13 12:00:00,140.13,140.62,139.25,140.37,188173.119
2024-07-13 16:00:00,140.37,140.83,139.2,139.82,203194.443
2024-07-13 20:00:00,139.82,143.6,139.1,141.9,408410.6
2024-07-14 00:00:00,141.89,145.18,141.87,143.96,676589.303
2024-07-14 04:00:00,143.96,145.98,143.88,144.77,474102.335
2024-07-14 08:00:00,144.78,147.0,144.66,144.88,720084.235
2024-07-14 12:00:00,144.88,146.04,143.43,145.9,471994.902
2024-07-14 16:00:00,145.9,145.98,144.59,145.22,191689.36
2024-07-14 20:00:00,145.23,148.56,145.09,147.66,463006.622
2024-07-15 00:00:00,147.66,152.18,147.0,151.39,682570.4
2024-07-15 04:00:00,151.4,154.5,150.72,153.23,516924.356
2024-07-15 08:00:00,153.23,154.45,150.93,151.64,542423.212
2024-07-15 12:00:00,151.65,154.3,151.63,152.94,468685.64
2024-07-15 16:00:00,152.94,157.0,152.53,155.33,693164.397
2024-07-15 20:00:00,155.34,159.95,155.22,159.38,525080.517
2024-07-16 00:00:00,159.37,160.22,156.08,157.88,609662.816
2024-07-16 04:00:00,157.89,158.81,153.68,154.49,858285.401
2024-07-16 08:00:00,154.48,157.63,152.57,157.32,684591.138
2024-07-16 12:00:00,157.32,161.6,154.47,160.98,706170.732
2024-07-16 16:00:00,160.98,162.49,158.88,161.94,765542.187
2024-07-16 20:00:00,161.93,162.01,159.06,160.62,363853.18
2024-07-17 00:00:00,160.62,163.8,160.02,160.92,479266.664
2024-07-17 04:00:00,160.93,162.56,160.07,160.6,325242.976
2024-07-17 08:00:00,160.59,163.61,159.53,160.84,568840.531
2024-07-17 12:00:00,160.84,162.16,157.82,158.08,568765.129
2024-07-17 16:00:00,158.09,158.31,154.68,156.83,647534.941
2024-07-17 20:00:00,156.83,157.28,154.87,155.5,250932.849
2024-07-18 00:00:00,155.5,159.94,155.5,158.93,428246.273
2024-07-18 04:00:00,158.93,160.0,157.06,158.66,343638.157
2024-07-18 08:00:00,158.66,159.87,158.0,159.45,285775.846
2024-07-18 12:00:00,159.44,161.6,156.01,156.37,757587.982
2024-07-18 16:00:00,156.37,157.7,155.07,156.98,513383.306
2024-07-18 20:00:00,156.98,160.62,156.36,159.22,256072.56
2024-07-19 00:00:00,159.22,162.1,156.07,161.83,469982.846
2024-07-19 04:00:00,161.84,165.62,160.66,161.42,937245.193
2024-07-19 08:00:00,161.42,164.0,159.14,162.65,693105.014
2024-07-19 12:00:00,162.66,169.09,162.27,168.8,1217660.574
2024-07-19 16:00:00,168.8,172.42,168.25,170.46,1067559.874
2024-07-19 20:00:00,170.46,170.54,167.79,169.13,299959.739
2024-07-20 00:00:00,169.12,171.8,168.26,169.57,328326.569
2024-07-20 04:00:00,169.57,170.39,168.5,168.57,228489.282
2024-07-20 08:00:00,168.56,169.84,167.65,168.03,210786.073
2024-07-20 12:00:00,168.04,169.73,167.27,169.28,253424.777
2024-07-20 16:00:00,169.28,174.56,168.87,172.42,682814.058
2024-07-20 20:00:00,172.42,175.1,172.42,173.6,343955.287
2024-07-21 00:00:00,173.6,175.5,172.74,173.14,275200.655
2024-07-21 04:00:00,173.13,173.8,170.97,171.33,291310.485
2024-07-21 08:00:00,171.33,173.03,171.24,172.88,194913.261
2024-07-21 12:00:00,172.87,176.66,171.31,175.4,625577.637
2024-07-21 16:00:00,175.4,178.18,170.27,177.98,1177737.502
2024-07-21 20:00:00,177.98,185.17,177.42,184.49,1119796.871
2024-07-22 00:00:00,184.49,185.0,180.33,180.94,499283.977
2024-07-22 04:00:00,180.94,181.81,177.65,178.39,521582.385
2024-07-22 08:00:00,178.39,180.98,176.71,180.59,607399.011
2024-07-22 12:00:00,180.59,181.86,177.0,179.88,782779.816
2024-07-22 16:00:00,179.87,183.0,178.61,182.86,433965.015
2024-07-22 20:00:00,182.85,183.38,177.11,178.9,500599.321
2024-07-23 00:00:00,178.9,180.54,177.14,179.1,325891.767
2024-07-23 04:00:00,179.09,179.1,173.73,176.06,700281.957
2024-07-23 08:00:00,176.06,178.73,174.1,175.62,689537.161
2024-07-23 12:00:00,175.62,178.39,172.18,176.49,909551.263
2024-07-23 16:00:00,176.48,176.99,169.72,171.98,924762.954
2024-07-23 20:00:00,171.99,174.73,171.16,173.03,345802.23
2024-07-24 00:00:00,173.03,174.49,170.9,173.65,377962.013
2024-07-24 04:00:00,173.64,174.6,172.21,174.25,376866.013
2024-07-24 08:00:00,174.25,178.52,173.66,177.76,573383.328
2024-07-24 12:00:00,177.77,182.08,176.21,177.76,970674.431
2024-07-24 16:00:00,177.77,182.5,176.44,178.2,1008473.011
2024-07-24 20:00:00,178.2,180.33,175.53,178.06,537818.917
2024-07-25 00:00:00,178.07,179.59,167.95,170.53,1374518.87
2024-07-25 04:00:00,170.53,172.99,169.29,169.4,582160.398
2024-07-25 08:00:00,169.4,171.28,167.04,168.81,612108.729
2024-07-25 12:00:00,168.81,172.06,165.71,170.43,956375.087
2024-07-25 16:00:00,170.44,172.5,166.66,168.13,718766.723
2024-07-25 20:00:00,168.13,172.9,165.42,171.85,615457.621
2024-07-26 00:00:00,171.86,176.94,171.69,175.75,785348.341
2024-07-26 04:00:00,175.74,177.77,175.6,176.75,412264.57
2024-07-26 08:00:00,176.75,180.06,176.75,178.81,410006.17
2024-07-26 12:00:00,178.8,185.01,177.49,181.53,870527.279
2024-07-26 16:00:00,181.53,182.97,180.71,182.21,305737.999
2024-07-26 20:00:00,182.22,183.7,181.11,183.06,246718.887
2024-07-27 00:00:00,183.07,184.29,181.29,182.66,246642.029
2024-07-27 04:00:00,182.66,186.22,182.53,185.84,386293.47
2024-07-27 08:00:00,185.83,187.37,184.21,185.4,424352.214
2024-07-27 12:00:00,185.4,188.33,181.54,182.52,846154.294
2024-07-27 16:00:00,182.53,183.33,179.42,181.48,608447.295
2024-07-27 20:00:00,181.47,186.81,178.11,183.92,1006962.754
2024-07-28 00:00:00,183.92,186.77,182.39,184.31,344588.629
2024-07-28 04:00:00,184.31,184.86,181.16,183.84,310164.278
2024-07-28 08:00:00,183.85,186.0,183.01,185.26,295189.496
2024-07-28 12:00:00,185.26,186.63,183.69,184.11,503317.994
2024-07-28 16:00:00,184.12,185.59,183.13,184.78,231458.337
2024-07-28 20:00:00,184.78,185.4,182.61,184.9,216755.223
2024-07-29 00:00:00,184.91,193.35,184.4,192.25,985656.065
2024-07-29 04:00:00,192.25,193.98,189.87,192.35,661795.217
2024-07-29 08:00:00,192.35,192.41,190.26,190.84,343557.559
2024-07-29 12:00:00,190.84,193.2,184.89,186.95,911668.552
2024-07-29 16:00:00,186.95,187.49,184.1,186.84,658727.528
2024-07-29 20:00:00,186.85,186.89,181.57,182.57,463155.393
2024-07-30 00:00:00,182.57,183.95,179.3,182.58,660171.202
2024-07-30 04:00:00,182.58,184.95,181.25,182.39,473595.406
2024-07-30 08:00:00,182.38,182.89,180.07,181.02,308880.449
2024-07-30 12:00:00,181.01,182.66,178.7,181.01,717444.454
2024-07-30 16:00:00,181.0,181.59,176.28,177.97,535129.039
2024-07-30 20:00:00,177.96,179.94,175.39,179.16,379277.943
2024-07-31 00:00:00,179.16,181.72,178.08,180.91,289169.282
2024-07-31 04:00:00,180.91,185.1,178.09,183.13,539209.315
2024-07-31 08:00:00,183.13,184.57,181.34,181.72,361162.462
2024-07-31 12:00:00,181.71,184.28,179.73,180.08,564000.713
2024-07-31 16:00:00,180.08,182.68,174.99,176.59,741388.094
2024-07-31 20:00:00,176.58,177.0,171.61,171.71,755932.661
2024-08-01 00:00:00,171.7,172.91,168.52,168.62,760011.128
2024-08-01 04:00:00,168.63,169.74,166.0,168.23,816652.984
2024-08-01 08:00:00,168.23,169.94,168.01,169.69,507949.121
2024-08-01 12:00:00,169.69,171.46,161.25,162.67,1311560.649
2024-08-01 16:00:00,162.68,162.91,157.91,162.4,1299028.95
2024-08-01 20:00:00,162.39,168.48,161.2,167.37,828294.783
2024-08-02 00:00:00,167.37,169.43,161.52,164.32,569896.964
2024-08-02 04:00:00,164.31,165.32,159.06,161.44,587759.321
2024-08-02 08:00:00,161.43,165.42,160.41,164.37,571993.561
2024-08-02 12:00:00,164.36,167.65,152.8,156.76,1872429.405
2024-08-02 16:00:00,156.76,157.46,150.01,151.3,900783.174
2024-08-02 20:00:00,151.29,155.06,150.0,152.77,1050155.509
2024-08-03 00:00:00,152.78,154.05,148.62,153.56,1008143.72
2024-08-03 04:00:00,153.56,153.56,151.18,151.64,496917.129
2024-08-03 08:00:00,151.64,152.58,148.35,152.38,654037.996
2024-08-03 12:00:00,152.38,153.59,146.02,146.2,859088.183
2024-08-03 16:00:00,146.19,147.61,140.0,140.42,1656324.11
2024-08-03 20:00:00,140.42,143.97,140.07,142.52,770443.555
2024-08-04 00:00:00,142.53,146.08,141.81,144.32,653389.135
2024-08-04 04:00:00,144.31,144.48,140.57,140.82,446692.187
2024-08-04 08:00:00,140.83,144.52,139.4,143.51,593549.302
2024-08-04 12:00:00,143.5,145.12,135.0,135.19,1396293.139
2024-08-04 16:00:00,135.19,143.0,131.22,142.0,2960801.969
2024-08-04 20:00:00,141.99,143.93,137.35,138.33,986989.553
2024-08-05 00:00:00,138.32,139.37,121.93,126.14,4875818.79
2024-08-05 04:00:00,126.13,130.13,110.0,122.9,7364427.947
2024-08-05 08:00:00,122.91,123.9,110.56,115.96,2953604.585
2024-08-05 12:00:00,115.97,132.65,110.03,130.44,5592308.081
2024-08-05 16:00:00,130.45,135.53,126.7,128.76,2324503.279
2024-08-05 20:00:00,128.76,135.1,128.33,129.78,1156895.137
2024-08-06 00:00:00,129.79,141.1,129.4,138.62,1712722.807
2024-08-06 04:00:00,138.63,144.0,137.5,141.98,1135041.577
2024-08-06 08:00:00,141.98,142.11,136.34,139.47,1354575.129
2024-08-06 12:00:00,139.46,146.37,136.11,145.9,1979241.765
2024-08-06 16:00:00,145.9,148.45,144.97,146.33,1157598.21
2024-08-06 20:00:00,146.33,149.59,143.25,144.4,1023464.146
2024-08-07 00:00:00,144.4,151.78,142.33,151.62,1519113.543
2024-08-07 04:00:00,151.63,155.0,150.0,152.46,1391114.126
2024-08-07 08:00:00,152.46,154.92,150.65,151.61,1114660.331
2024-08-07 12:00:00,151.61,154.52,146.24,148.46,2098382.063
2024-08-07 16:00:00,148.45,149.45,142.35,143.16,1269386.659
2024-08-07 20:00:00,143.16,147.54,142.21,144.77,979650.865
2024-08-08 00:00:00,144.78,156.38,141.4,153.09,1677591.963
2024-08-08 04:00:00,153.09,155.53,151.44,153.65,775602.045
2024-08-08 08:00:00,153.66,155.72,152.97,154.12,634580.568
2024-08-08 12:00:00,154.13,160.76,152.5,160.6,1897336.179
2024-08-08 16:00:00,160.6,162.82,155.18,155.81,1102402.691
2024-08-08 20:00:00,155.8,163.7,155.36,163.13,1215620.514
2024-08-09 00:00:00,163.12,163.54,158.23,158.94,789470.253
2024-08-09 04:00:00,158.94,159.12,155.68,157.92,601792.028
2024-08-09 08:00:00,157.91,159.69,155.32,156.62,486896.796
2024-08-09 12:00:00,156.63,157.37,151.11,151.13,1073969.175
2024-08-09 16:00:00,151.12,154.25,150.72,153.6,498646.758
2024-08-09 20:00:00,153.61,157.36,151.5,156.28,647960.223
2024-08-10 00:00:00,156.29,158.75,153.27,154.17,539441.409
2024-08-10 04:00:00,154.17,155.44,152.54,155.43,257080.066
2024-08-10 08:00:00,155.42,155.9,153.6,154.85,285896.71
2024-08-10 12:00:00,154.86,155.23,152.8,153.96,306125.587
2024-08-10 16:00:00,153.97,155.36,153.0,154.51,334625.776
2024-08-10 20:00:00,154.51,155.15,153.65,154.01,162669.685
2024-08-11 00:00:00,154.01,157.05,153.65,155.69,305350.519
2024-08-11 04:00:00,155.7,156.85,154.8,156.69,240837.454
2024-08-11 08:00:00,156.69,158.0,153.03,153.66,433119.6
2024-08-11 12:00:00,153.65,153.8,148.03,148.73,874422.829
2024-08-11 16:00:00,148.73,149.75,145.63,145.78,570357.267
2024-08-11 20:00:00,145.78,145.86,141.2,141.57,1044226.586
2024-08-12 00:00:00,141.56,144.84,141.2,143.92,642700.767
2024-08-12 04:00:00,143.91,146.77,142.21,145.94,637838.061
2024-08-12 08:00:00,145.94,150.79,143.58,150.25,1123595.082
2024-08-12 12:00:00,150.26,150.51,143.01,147.58,1428232.394
2024-08-12 16:00:00,147.58,148.26,142.94,143.75,563823.407
2024-08-12 20:00:00,143.75,147.53,141.84,146.29,550755.528
2024-08-13 00:00:00,146.29,147.36,142.92,143.66,571580.082
2024-08-13 04:00:00,143.66,147.04,142.96,145.99,338497.037
2024-08-13 08:00:00,145.99,146.38,143.24,145.88,389080.239
2024-08-13 12:00:00,145.87,147.67,144.66,146.08,573081.756
2024-08-13 16:00:00,146.08,149.82,144.88,146.55,725839.961
2024-08-13 20:00:00,146.54,147.89,145.72,146.65,267576.348
2024-08-14 00:00:00,146.65,147.27,143.58,145.14,472220.864
2024-08-14 04:00:00,145.15,145.73,144.09,145.73,349703.151
2024-08-14 08:00:00,145.73,149.04,144.83,148.01,502402.34
2024-08-14 12:00:00,148.02,152.18,144.5,146.7,1737243.494
2024-08-14 16:00:00,146.71,147.24,143.76,144.24,552718.507
2024-08-14 20:00:00,144.24,144.7,142.36,143.71,312860.291
2024-08-15 00:00:00,143.7,145.4,143.17,144.7,363414.779
2024-08-15 04:00:00,144.71,144.88,141.04,142.51,494293.133
2024-08-15 08:00:00,142.51,143.52,141.29,143.13,384782.119
2024-08-15 12:00:00,143.13,146.6,142.05,145.95,853657.213
2024-08-15 16:00:00,145.95,147.64,137.78,139.99,1407053.887
2024-08-15 20:00:00,139.99,144.92,138.7,142.58,725837.685
2024-08-16 00:00:00,142.58,144.43,140.74,141.99,549226.593
2024-08-16 04:00:00,141.99,144.82,141.6,144.53,398509.224
2024-08-16 08:00:00,144.53,144.88,141.71,141.97,468558.923
2024-08-16 12:00:00,141.98,142.63,136.3,137.91,1164412.479
2024-08-16 16:00:00,137.91,141.45,136.1,140.94,1129523.219
2024-08-16 20:00:00,140.95,141.93,139.0,139.04,325090.167
2024-08-17 00:00:00,139.04,140.3,137.61,138.89,336457.036
2024-08-17 04:00:00,138.89,139.73,138.62,139.45,153552.675
2024-08-17 08:00:00,139.45,140.17,138.12,139.12,280709.719
2024-08-17 12:00:00,139.11,141.85,138.94,140.18,417691.902
2024-08-17 16:00:00,140.18,141.65,140.1,141.11,229458.066
2024-08-17 20:00:00,141.11,141.99,140.68,141.93,143724.705
2024-08-18 00:00:00,141.92,143.31,141.0,141.17,343882.71
2024-08-18 04:00:00,141.16,142.0,140.56,141.55,159697.699
2024-08-18 08:00:00,141.55,147.31,141.3,144.62,618589.536
2024-08-18 12:00:00,144.62,146.69,144.0,145.8,559253.861
2024-08-18 16:00:00,145.79,146.61,144.09,146.44,319602.163
2024-08-18 20:00:00,146.44,147.07,142.28,142.42,351020.774
2024-08-19 00:00:00,142.42,143.47,141.59,143.23,440968.92
2024-08-19 04:00:00,143.23,143.51,141.91,142.3,371127.413
2024-08-19 08:00:00,142.31,143.35,140.33,142.33,477455.399
2024-08-19 12:00:00,142.33,144.66,141.67,143.86,637842.393
2024-08-19 16:00:00,143.87,146.19,142.6,142.95,566771.705
2024-08-19 20:00:00,142.95,144.54,142.63,144.29,446192.123
2024-08-20 00:00:00,144.28,147.9,143.36,145.58,585218.75
2024-08-20 04:00:00,145.58,148.83,145.4,147.47,552787.108
2024-08-20 08:00:00,147.48,147.71,145.17,145.4,397066.922
2024-08-20 12:00:00,145.4,146.43,141.0,142.16,844334.156
2024-08-20 16:00:00,142.16,144.3,141.63,144.02,374493.53
2024-08-20 20:00:00,144.02,144.55,142.22,142.27,267567.13
2024-08-21 00:00:00,142.27,143.1,141.55,142.53,237964.103
2024-08-21 04:00:00,142.54,143.83,142.23,143.18,221892.062
2024-08-21 08:00:00,143.18,143.54,140.93,141.31,327767.853
2024-08-21 12:00:00,141.3,142.52,138.7,140.36,778075.938
2024-08-21 16:00:00,140.36,143.66,139.67,143.43,495266.718
2024-08-21 20:00:00,143.43,144.42,142.09,142.79,458615.185
2024-08-22 00:00:00,142.78,143.25,140.63,141.73,367535.696
2024-08-22 04:00:00,141.73,143.69,141.43,143.33,215092.605
2024-08-22 08:00:00,143.34,144.83,142.62,144.53,412878.815
2024-08-22 12:00:00,144.53,144.88,142.0,142.63,459225.955
2024-08-22 16:00:00,142.64,143.6,142.4,142.74,194277.906
2024-08-22 20:00:00,142.74,143.74,142.68,143.22,176391.741
2024-08-23 00:00:00,143.23,145.73,143.19,144.48,394577.656
2024-08-23 04:00:00,144.47,145.93,144.38,145.15,290473.643
2024-08-23 08:00:00,145.15,145.49,143.4,143.49,258500.997
2024-08-23 12:00:00,143.5,147.1,142.68,144.4,794478.983
2024-08-23 16:00:00,144.4,150.2,144.07,149.7,1140217.992
2024-08-23 20:00:00,149.7,154.08,149.68,153.26,902840.891
2024-08-24 00:00:00,153.27,154.67,151.97,153.25,682026.849
2024-08-24 04:00:00,153.25,155.39,153.15,154.61,469237.757
2024-08-24 08:00:00,154.62,158.74,154.34,157.34,674573.856
2024-08-24 12:00:00,157.33,159.78,156.97,159.46,473152.892
2024-08-24 16:00:00,159.45,162.3,159.26,160.57,847811.757
2024-08-24 20:00:00,160.57,161.16,157.28,160.67,592283.838
2024-08-25 00:00:00,160.67,160.76,157.36,158.3,453547.492
2024-08-25 04:00:00,158.3,159.05,155.25,156.12,515774.129
2024-08-25 08:00:00,156.12,158.7,155.8,157.28,400078.004
2024-08-25 12:00:00,157.27,159.92,156.93,159.35,442477.253
2024-08-25 16:00:00,159.36,160.32,158.48,159.1,321078.043
2024-08-25 20:00:00,159.11,162.0,158.41,158.92,496128.782
2024-08-26 00:00:00,158.92,160.16,157.38,160.11,355285.264
2024-08-26 04:00:00,160.12,161.12,158.34,159.11,415355.927
2024-08-26 08:00:00,159.12,162.0,158.46,160.38,537114.893
2024-08-26 12:00:00,160.37,161.71,155.95,157.64,986703.849
2024-08-26 16:00:00,157.63,159.4,155.53,158.0,632485.003
2024-08-26 20:00:00,158.0,159.28,156.4,157.12,391453.105
2024-08-27 00:00:00,157.12,159.0,157.04,158.53,305926.513
2024-08-27 04:00:00,158.54,159.69,157.25,157.72,349204.724
2024-08-27 08:00:00,157.73,158.03,153.33,154.26,623715.154
2024-08-27 12:00:00,154.26,155.82,152.67,153.75,729614.03
2024-08-27 16:00:00,153.75,155.55,153.25,154.98,381663.758
2024-08-27 20:00:00,154.98,155.06,145.03,146.79,1260251.587
2024-08-28 00:00:00,146.78,148.32,145.37,148.17,498076.761
2024-08-28 04:00:00,148.17,149.3,143.73,143.97,714595.854
2024-08-28 08:00:00,143.97,148.1,142.72,147.16,773723.574
2024-08-28 12:00:00,147.15,148.54,143.11,144.11,786781.233
2024-08-28 16:00:00,144.11,145.63,140.53,144.26,1020666.907
2024-08-28 20:00:00,144.26,146.37,141.6,143.95,477022.705
2024-08-29 00:00:00,143.96,145.02,142.94,143.32,292776.969
2024-08-29 04:00:00,143.33,145.38,143.16,144.66,408471.103
2024-08-29 08:00:00,144.66,146.85,144.38,145.63,393458.317
2024-08-29 12:00:00,145.64,147.36,144.73,146.06,556821.085
2024-08-29 16:00:00,146.06,146.8,138.57,140.28,852825.151
2024-08-29 20:00:00,140.27,141.4,138.05,140.0,417464.204
2024-08-30 00:00:00,140.01,141.11,138.42,138.75,387340.997
2024-08-30 04:00:00,138.75,139.92,137.15,139.02,540680.413
2024-08-30 08:00:00,139.03,140.06,138.35,138.66,317539.056
2024-08-30 12:00:00,138.65,140.73,132.49,133.32,1341211.748
2024-08-30 16:00:00,133.33,137.91,132.04,135.98,1131431.907
2024-08-30 20:00:00,135.98,138.48,135.65,137.99,320593.048
2024-08-31 00:00:00,137.99,139.23,137.5,138.29,264961.297
2024-08-31 04:00:00,138.29,138.77,137.38,137.59,130327.815
2024-08-31 08:00:00,137.59,137.85,135.79,137.01,300188.45
2024-08-31 12:00:00,137.02,137.29,135.57,136.63,177030.014
2024-08-31 16:00:00,136.63,136.7,134.49,134.97,178614.814
2024-08-31 20:00:00,134.97,136.3,134.51,135.35,179088.355
2024-09-01 00:00:00,135.35,135.62,132.88,134.07,279306.294
2024-09-01 04:00:00,134.07,134.09,131.09,132.81,397081.784
2024-09-01 08:00:00,132.81,132.84,130.18,131.91,436844.474
2024-09-01 12:00:00,131.91,134.87,130.0,134.29,529518.341
2024-09-01 16:00:00,134.29,135.92,131.87,135.23,363573.128
2024-09-01 20:00:00,135.24,136.15,127.66,128.5,922120.72
2024-09-02 00:00:00,128.5,130.7,128.27,130.21,567146.12
2024-09-02 04:00:00,130.21,130.37,126.8,127.66,639972.608
2024-09-02 08:00:00,127.65,132.93,127.22,131.83,789983.861
2024-09-02 12:00:00,131.83,133.45,130.0,132.54,511501.253
2024-09-02 16:00:00,132.54,133.87,131.71,133.05,286378.41
2024-09-02 20:00:00,133.04,135.39,132.81,134.94,351333.302
2024-09-03 00:00:00,134.95,138.13,134.21,135.51,401897.702
2024-09-03 04:00:00,135.5,135.89,133.54,134.6,337314.591
2024-09-03 08:00:00,134.6,134.64,132.77,134.36,279259.928
2024-09-03 12:00:00,134.36,135.5,129.31,129.8,667203.267
2024-09-03 16:00:00,129.81,132.21,129.31,130.95,374791.042
2024-09-03 20:00:00,130.96,131.61,127.15,127.54,566915.395
2024-09-04 00:00:00,127.54,128.89,122.6,127.7,1200406.418
2024-09-04 04:00:00,127.7,131.44,126.55,130.3,505116.797
2024-09-04 08:00:00,130.29,130.71,128.11,128.43,398907.541
2024-09-04 12:00:00,128.43,134.13,127.88,133.83,1032149.438
2024-09-04 16:00:00,133.82,134.98,132.58,133.19,474295.422
2024-09-04 20:00:00,133.19,134.66,132.89,133.64,203183.493
2024-09-05 00:00:00,133.64,134.38,131.28,131.6,292498.457
2024-09-05 04:00:00,131.6,134.26,130.84,133.1,373792.043
2024-09-05 08:00:00,133.1,133.87,131.69,132.83,315818.006
2024-09-05 12:00:00,132.83,135.58,130.16,130.61,905450.033
2024-09-05 16:00:00,130.61,131.14,127.85,128.44,622556.003
2024-09-05 20:00:00,128.44,129.91,128.13,129.41,251922.51
2024-09-06 00:00:00,129.4,131.56,128.66,130.7,301311.701
2024-09-06 04:00:00,130.71,131.18,127.41,128.09,352960.505
2024-09-06 08:00:00,128.08,131.07,128.02,130.24,395152.434
2024-09-06 12:00:00,130.25,134.29,126.86,128.09,1540693.7
2024-09-06 16:00:00,128.08,128.33,123.81,125.14,1350756.163
2024-09-06 20:00:00,125.14,126.0,120.0,125.05,1553377.867
2024-09-07 00:00:00,125.05,125.74,124.13,125.17,267590.862
2024-09-07 04:00:00,125.16,128.5,125.09,127.62,581101.736
2024-09-07 08:00:00,127.62,127.8,126.68,126.99,277926.611
2024-09-07 12:00:00,127.0,129.5,126.88,128.84,362828.133
2024-09-07 16:00:00,128.84,129.18,126.26,128.31,438243.079
2024-09-07 20:00:00,128.33,128.43,126.44,127.71,183906.544
2024-09-08 00:00:00,127.72,128.51,126.9,128.28,178898.772
2024-09-08 04:00:00,128.28,130.13,127.85,129.59,279081.718
2024-09-08 08:00:00,129.6,130.97,129.2,130.08,401820.542
2024-09-08 12:00:00,130.08,130.27,126.61,126.74,468335.182
2024-09-08 16:00:00,126.75,129.36,126.63,128.71,251368.3
2024-09-08 20:00:00,128.71,131.7,128.34,130.15,392415.352
2024-09-09 00:00:00,130.15,131.02,127.93,128.59,398593.615
2024-09-09 04:00:00,128.59,129.4,127.51,129.31,253676.248
2024-09-09 08:00:00,129.3,131.0,129.19,129.44,432690.029
2024-09-09 12:00:00,129.44,130.21,126.96,128.41,686717.726
2024-09-09 16:00:00,128.4,135.0,128.26,134.98,1246366.438
2024-09-09 20:00:00,134.98,137.09,133.72,135.08,646912.822
2024-09-10 00:00:00,135.07,135.2,132.79,132.91,312201.941
2024-09-10 04:00:00,132.91,135.29,132.5,134.96,262327.359
2024-09-10 08:00:00,134.96,135.48,134.02,135.23,306765.681
2024-09-10 12:00:00,135.23,136.4,133.37,134.14,561300.332
2024-09-10 16:00:00,134.14,138.0,133.77,136.65,599603.802
2024-09-10 20:00:00,136.65,136.79,135.14,135.63,262972.105
2024-09-11 00:00:00,135.64,135.91,133.28,133.65,452040.703
2024-09-11 04:00:00,133.64,133.64,131.07,132.45,543558.781
2024-09-11 08:00:00,132.44,132.45,130.36,132.0,329135.648
2024-09-11 12:00:00,131.99,133.33,128.2,131.17,990257.309
2024-09-11 16:00:00,131.17,133.57,131.05,132.7,620795.533
2024-09-11 20:00:00,132.7,133.11,131.99,132.42,203595.444
2024-09-12 00:00:00,132.43,136.0,132.38,135.62,514934.084
2024-09-12 04:00:00,135.61,136.25,134.31,134.9,286283.118
2024-09-12 08:00:00,134.9,135.39,134.21,134.79,236081.501
2024-09-12 12:00:00,134.8,136.78,133.42,133.56,577772.743
2024-09-12 16:00:00,133.55,135.76,133.48,135.74,404865.94
2024-09-12 20:00:00,135.74,136.72,135.07,136.05,253421.923
2024-09-13 00:00:00,136.06,136.21,134.35,134.44,205186.864
2024-09-13 04:00:00,134.45,134.85,133.73,134.58,202180.594
2024-09-13 08:00:00,134.59,134.67,132.5,132.58,341690.021
2024-09-13 12:00:00,132.59,136.69,131.7,136.59,829288.449
2024-09-13 16:00:00,136.58,138.21,135.96,138.04,693534.991
2024-09-13 20:00:00,138.05,139.8,137.92,139.02,442651.106
2024-09-14 00:00:00,139.02,139.8,138.49,139.43,250546.182
2024-09-14 04:00:00,139.43,139.55,137.39,137.51,309745.016
2024-09-14 08:00:00,137.51,137.57,136.51,136.79,241295.446
2024-09-14 12:00:00,136.8,138.16,136.57,137.39,218833.18
2024-09-14 16:00:00,137.39,137.87,135.6,136.58,253206.869
2024-09-14 20:00:00,136.58,137.35,136.58,137.14,123206.605
2024-09-15 00:00:00,137.15,137.95,137.06,137.45,134422.788
2024-09-15 04:00:00,137.45,137.58,136.82,137.16,131208.944
2024-09-15 08:00:00,137.16,137.19,135.12,135.61,230673.018
2024-09-15 12:00:00,135.6,136.4,134.63,135.76,339282.145
2024-09-15 16:00:00,135.77,135.82,132.93,133.46,565454.691
2024-09-15 20:00:00,133.45,133.5,130.43,131.37,449415.154
2024-09-16 00:00:00,131.38,131.85,129.25,130.62,451354.791
2024-09-16 04:00:00,130.63,131.42,130.4,131.25,232901.137
2024-09-16 08:00:00,131.26,132.4,130.69,131.89,274376.17
2024-09-16 12:00:00,131.88,132.38,129.96,131.46,468964.675
2024-09-16 16:00:00,131.47,131.79,128.91,131.13,486903.241
2024-09-16 20:00:00,131.13,131.92,129.95,131.47,221888.291
2024-09-17 00:00:00,131.47,131.96,130.12,131.12,222296.471
2024-09-17 04:00:00,131.12,132.85,130.73,132.25,202792.089
2024-09-17 08:00:00,132.25,133.35,131.75,131.95,330055.937
2024-09-17 12:00:00,131.96,135.55,130.91,134.67,783039.99
2024-09-17 16:00:00,134.66,134.94,131.0,132.23,603509.993
2024-09-17 20:00:00,132.22,132.72,131.2,131.54,198151.431
2024-09-18 00:00:00,131.54,132.15,130.22,131.68,255751.193
2024-09-18 04:00:00,131.69,131.84,130.6,131.35,246504.0
2024-09-18 08:00:00,131.34,131.35,128.08,129.42,456959.209
2024-09-18 12:00:00,129.41,130.35,127.07,127.67,642086.541
2024-09-18 16:00:00,127.66,133.08,127.24,129.49,1266234.207
2024-09-18 20:00:00,129.48,134.45,128.47,134.34,442252.108
2024-09-19 00:00:00,134.34,138.67,134.27,138.01,999355.336
2024-09-19 04:00:00,138.01,139.11,137.6,138.56,564479.964
2024-09-19 08:00:00,138.56,139.63,138.27,139.48,422239.326
2024-09-19 12:00:00,139.47,143.0,139.43,142.96,929065.979
2024-09-19 16:00:00,142.96,144.04,142.46,143.04,675018.579
2024-09-19 20:00:00,143.04,143.82,140.9,142.89,540276.166
2024-09-20 00:00:00,142.88,144.7,141.18,144.66,419182.097
2024-09-20 04:00:00,144.65,152.5,144.45,151.04,1383792.624
2024-09-20 08:00:00,151.05,151.8,150.0,150.58,640849.467
2024-09-20 12:00:00,150.57,151.15,145.92,147.88,1179429.019
2024-09-20 16:00:00,147.88,148.42,144.81,146.67,571089.404
2024-09-20 20:00:00,146.67,147.98,146.14,146.66,293758.004
2024-09-21 00:00:00,146.67,148.0,144.95,145.97,363723.322
2024-09-21 04:00:00,145.96,147.75,144.61,147.45,314466.29
2024-09-21 08:00:00,147.44,147.93,146.44,147.21,214389.796
2024-09-21 12:00:00,147.2,150.25,146.71,147.64,436739.539
2024-09-21 16:00:00,147.63,148.79,147.17,147.38,385344.115
2024-09-21 20:00:00,147.38,149.89,147.21,149.41,202070.154
2024-09-22 00:00:00,149.42,149.92,147.12,148.09,267602.431
2024-09-22 04:00:00,148.08,148.98,146.37,147.17,233435.959
2024-09-22 08:00:00,147.16,147.57,144.12,144.87,405502.064
2024-09-22 12:00:00,144.86,145.18,142.63,143.13,349731.529
2024-09-22 16:00:00,143.12,145.45,142.41,144.68,322955.602
2024-09-22 20:00:00,144.66,145.78,141.12,144.63,586735.303
2024-09-23 00:00:00,144.64,149.07,142.13,147.73,746473.284
2024-09-23 04:00:00,147.73,148.22,145.17,145.52,399654.211
2024-09-23 08:00:00,145.52,145.65,143.07,143.57,589751.609
2024-09-23 12:00:00,143.56,145.5,142.59,144.21,714090.678
2024-09-23 16:00:00,144.2,145.03,142.76,143.31,410051.486
2024-09-23 20:00:00,143.31,145.2,142.42,144.79,366352.505
2024-09-24 00:00:00,144.79,146.9,143.09,146.63,611812.965
2024-09-24 04:00:00,146.64,147.35,145.35,147.19,373567.601
2024-09-24 08:00:00,147.19,148.76,145.95,146.46,564864.493
2024-09-24 12:00:00,146.46,148.53,144.16,145.52,893748.021
2024-09-24 16:00:00,145.53,148.47,145.34,148.24,586034.197
2024-09-24 20:00:00,148.23,154.0,147.99,152.73,985475.654
2024-09-25 00:00:00,152.74,153.93,151.03,152.0,684281.54
2024-09-25 04:00:00,152.0,152.25,148.97,149.77,475956.078
2024-09-25 08:00:00,149.77,151.01,149.43,150.98,321445.425
2024-09-25 12:00:00,150.98,153.0,149.71,150.42,481193.695
2024-09-25 16:00:00,150.42,151.97,148.84,149.99,465199.543
2024-09-25 20:00:00,149.98,150.88,147.28,147.98,300177.065
2024-09-26 00:00:00,147.97,149.73,146.57,149.22,440585.273
2024-09-26 04:00:00,149.23,151.86,148.7,151.81,368625.037
2024-09-26 08:00:00,151.82,153.18,150.46,152.91,631447.222
2024-09-26 12:00:00,152.92,158.05,151.09,157.11,1623413.963
2024-09-26 16:00:00,157.12,158.04,155.35,155.51,759217.725
2024-09-26 20:00:00,155.51,156.41,153.85,155.55,427931.543
2024-09-27 00:00:00,155.54,156.42,153.89,155.72,413126.047
2024-09-27 04:00:00,155.72,158.89,155.63,157.47,633937.891
2024-09-27 08:00:00,157.48,159.23,155.73,156.08,601504.132
2024-09-27 12:00:00,156.07,161.43,155.21,159.03,1314036.048
2024-09-27 16:00:00,159.03,159.66,157.02,157.59,591819.318
2024-09-27 20:00:00,157.59,158.59,157.31,157.64,171237.562
2024-09-28 00:00:00,157.63,159.43,157.59,158.65,254639.035
2024-09-28 04:00:00,158.65,158.88,156.15,156.39,349917.818
2024-09-28 08:00:00,156.39,157.58,155.0,157.17,421409.008
2024-09-28 12:00:00,157.18,158.01,156.2,156.87,281619.199
2024-09-28 16:00:00,156.87,157.45,156.41,156.88,149390.602
2024-09-28 20:00:00,156.87,157.07,155.63,156.75,123858.679
2024-09-29 00:00:00,156.75,158.53,156.23,157.83,289281.926
2024-09-29 04:00:00,157.83,158.2,155.12,155.48,494071.653
2024-09-29 08:00:00,155.48,156.87,155.09,156.75,228785.256
2024-09-29 12:00:00,156.76,158.0,155.54,157.28,356987.428
2024-09-29 16:00:00,157.27,159.66,156.67,159.42,317848.76
2024-09-29 20:00:00,159.43,161.78,157.89,158.46,663683.453
2024-09-30 00:00:00,158.47,159.77,155.24,156.19,822234.147
2024-09-30 04:00:00,156.19,157.75,155.2,156.86,423087.023
2024-09-30 08:00:00,156.86,156.95,153.74,155.6,624921.419
2024-09-30 12:00:00,155.6,157.38,154.01,154.16,513507.529
2024-09-30 16:00:00,154.16,155.73,153.96,155.06,371424.622
2024-09-30 20:00:00,155.07,156.94,151.73,152.49,485507.466
2024-10-01 00:00:00,152.51,155.27,151.48,155.09,373286.222
2024-10-01 04:00:00,155.1,157.15,154.81,156.79,330208.935
2024-10-01 08:00:00,156.79,157.34,155.93,156.46,354792.109
2024-10-01 12:00:00,156.47,156.69,146.12,149.61,1510357.836
2024-10-01 16:00:00,149.6,149.99,142.55,145.42,1525464.791
2024-10-01 20:00:00,145.42,146.4,142.29,145.13,897131.526
2024-10-02 00:00:00,145.12,148.03,143.42,147.21,554540.038
2024-10-02 04:00:00,147.2,148.96,146.22,147.75,394164.311
2024-10-02 08:00:00,147.75,148.48,145.18,146.14,493674.727
2024-10-02 12:00:00,146.13,147.68,142.74,147.46,751961.671
2024-10-02 16:00:00,147.46,148.4,138.61,139.98,1085645.235
2024-10-02 20:00:00,139.98,141.71,138.61,140.18,537620.137
2024-10-03 00:00:00,140.18,142.96,138.68,142.88,650144.345
2024-10-03 04:00:00,142.88,142.88,139.82,139.9,281809.426
2024-10-03 08:00:00,139.91,140.08,135.25,136.85,911085.328
2024-10-03 12:00:00,136.86,138.57,133.11,135.58,1132465.548
2024-10-03 16:00:00,135.58,137.44,133.64,137.31,455650.991
2024-10-03 20:00:00,137.31,137.88,135.24,136.82,311192.207
2024-10-04 00:00:00,136.81,138.68,135.95,137.33,361584.878
2024-10-04 04:00:00,137.34,139.77,137.28,139.56,363318.138
2024-10-04 08:00:00,139.55,141.03,139.17,140.1,510596.308
2024-10-04 12:00:00,140.11,142.67,138.05,142.43,1156905.994
2024-10-04 16:00:00,142.44,144.54,141.86,143.89,525490.006
2024-10-04 20:00:00,143.89,144.55,142.6,143.24,202256.629
2024-10-05 00:00:00,143.24,144.0,141.71,141.83,367130.138
2024-10-05 04:00:00,141.83,144.58,141.56,143.8,250457.35
2024-10-05 08:00:00,143.8,144.93,143.3,143.45,225404.318
2024-10-05 12:00:00,143.45,144.16,142.5,142.9,205279.882
2024-10-05 16:00:00,142.89,143.02,142.01,142.16,208110.961
2024-10-05 20:00:00,142.17,142.98,141.06,142.59,218835.167
2024-10-06 00:00:00,142.59,143.68,142.0,142.69,165988.747
2024-10-06 04:00:00,142.69,143.42,142.09,142.97,109664.283
2024-10-06 08:00:00,142.96,144.33,142.63,144.02,203994.539
2024-10-06 12:00:00,144.02,146.7,143.95,146.0,374636.487
2024-10-06 16:00:00,145.99,146.52,144.89,145.42,321447.486
2024-10-06 20:00:00,145.42,146.75,144.31,146.48,233339.858
2024-10-07 00:00:00,146.47,151.0,145.88,149.94,663108.029
2024-10-07 04:00:00,149.95,150.54,146.63,148.02,508341.434
2024-10-07 08:00:00,148.02,149.21,145.65,147.43,436724.342
2024-10-07 12:00:00,147.44,152.4,146.38,148.71,973354.797
2024-10-07 16:00:00,148.7,149.43,145.49,147.09,590377.942
2024-10-07 20:00:00,147.1,147.26,143.5,143.96,435848.407
2024-10-08 00:00:00,143.97,145.6,143.5,144.71,354596.447
2024-10-08 04:00:00,144.71,145.05,142.17,143.08,392602.919
2024-10-08 08:00:00,143.08,144.62,142.64,144.49,296039.278
2024-10-08 12:00:00,144.48,145.52,141.17,142.8,638560.043
2024-10-08 16:00:00,142.8,144.06,141.75,143.74,319303.449
2024-10-08 20:00:00,143.74,144.7,142.67,143.49,152726.017
2024-10-09 00:00:00,143.5,145.34,143.09,143.94,278138.842
2024-10-09 04:00:00,143.93,144.31,142.68,143.17,223581.008
2024-10-09 08:00:00,143.16,143.5,142.47,143.2,244629.291
2024-10-09 12:00:00,143.19,143.34,140.19,142.83,627352.123
2024-10-09 16:00:00,142.83,142.9,139.75,141.12,390227.73
2024-10-09 20:00:00,141.11,141.11,138.66,139.33,307589.067
2024-10-10 00:00:00,139.33,140.41,137.66,139.89,250535.327
2024-10-10 04:00:00,139.89,140.92,139.48,139.69,158599.588
2024-10-10 08:00:00,139.7,140.5,137.43,140.44,366584.628
2024-10-10 12:00:00,140.44,140.83,136.2,138.67,668834.55
2024-10-10 16:00:00,138.66,139.09,135.52,138.11,581698.327
2024-10-10 20:00:00,138.11,139.07,137.14,139.03,263530.487
2024-10-11 00:00:00,139.04,141.56,138.68,140.83,282670.374
2024-10-11 04:00:00,140.83,142.12,140.64,141.17,345131.351
2024-10-11 08:00:00,141.17,142.7,140.98,141.97,277900.419
2024-10-11 12:00:00,141.98,145.52,141.88,144.41,635720.649
2024-10-11 16:00:00,144.41,146.62,143.92,145.45,476034.987
2024-10-11 20:00:00,145.44,146.41,145.15,145.53,251631.138
2024-10-12 00:00:00,145.52,146.6,144.71,145.14,226350.195
2024-10-12 04:00:00,145.15,145.98,145.15,145.58,182601.834
2024-10-12 08:00:00,145.58,147.28,145.47,146.26,226761.658
2024-10-12 12:00:00,146.26,147.27,145.71,146.09,368372.02
2024-10-12 16:00:00,146.08,147.19,146.08,146.79,183006.235
2024-10-12 20:00:00,146.79,147.32,146.34,146.4,160587.606
2024-10-13 00:00:00,146.39,147.06,145.13,145.3,207924.317
2024-10-13 04:00:00,145.31,146.99,145.27,146.42,130473.372
2024-10-13 08:00:00,146.42,148.39,146.4,146.47,335381.441
2024-10-13 12:00:00,146.47,148.11,144.45,145.34,421852.527
2024-10-13 16:00:00,145.34,146.53,144.7,146.03,229003.539
2024-10-13 20:00:00,146.02,148.86,145.65,147.74,274419.637
2024-10-14 00:00:00,147.74,152.58,146.8,152.51,665709.532
2024-10-14 04:00:00,152.51,153.5,150.9,153.04,672420.437
2024-10-14 08:00:00,153.04,154.02,152.04,153.16,558063.924
2024-10-14 12:00:00,153.15,158.1,152.57,156.71,1112894.316
2024-10-14 16:00:00,156.7,156.9,154.56,155.66,674354.9
2024-10-14 20:00:00,155.65,158.08,155.41,157.59,303612.036
2024-10-15 00:00:00,157.59,158.44,155.0,155.46,427593.676
2024-10-15 04:00:00,155.47,156.34,153.71,155.13,418196.243
2024-10-15 08:00:00,155.13,155.5,151.8,152.41,570629.375
2024-10-15 12:00:00,152.42,159.73,150.3,153.29,1902788.307
2024-10-15 16:00:00,153.3,156.4,153.07,155.16,705256.48
2024-10-15 20:00:00,155.17,155.28,152.0,154.76,455561.03
2024-10-16 00:00:00,154.76,156.1,153.0,154.23,426999.019
2024-10-16 04:00:00,154.22,154.96,153.01,153.67,335143.618
2024-10-16 08:00:00,153.67,158.41,153.4,155.88,695558.972
2024-10-16 12:00:00,155.88,156.89,153.69,155.71,706255.482
2024-10-16 16:00:00,155.71,155.97,154.1,154.35,398717.079
2024-10-16 20:00:00,154.34,155.14,153.64,154.28,289142.18
2024-10-17 00:00:00,154.28,155.73,153.56,154.62,324914.862
2024-10-17 04:00:00,154.62,154.78,151.6,152.61,514128.336
2024-10-17 08:00:00,152.61,153.47,151.11,151.31,400878.283
2024-10-17 12:00:00,151.31,153.25,150.77,152.89,562090.574
2024-10-17 16:00:00,152.89,152.92,147.66,149.38,659192.346
2024-10-17 20:00:00,149.39,150.98,149.27,150.5,203605.547
2024-10-18 00:00:00,150.5,153.25,149.56,151.88,356195.818
2024-10-18 04:00:00,151.88,154.23,151.88,153.89,264163.307
2024-10-18 08:00:00,153.9,154.3,152.85,153.0,222102.857
2024-10-18 12:00:00,152.99,155.24,152.14,154.72,451185.415
2024-10-18 16:00:00,154.71,156.65,153.62,154.84,378066.496
2024-10-18 20:00:00,154.84,155.18,153.77,154.94,157680.225
2024-10-19 00:00:00,154.93,156.05,154.2,154.56,300313.228
2024-10-19 04:00:00,154.56,155.14,154.12,154.56,157520.967
2024-10-19 08:00:00,154.56,155.04,153.45,153.83,204435.089
2024-10-19 12:00:00,153.83,157.5,153.8,156.51,366210.094
2024-10-19 16:00:00,156.51,156.97,155.32,156.37,266727.712
2024-10-19 20:00:00,156.38,159.85,156.13,159.79,429297.076
2024-10-20 00:00:00,159.79,160.62,158.14,159.03,484070.978
2024-10-20 04:00:00,159.03,160.64,158.58,158.78,334334.928
2024-10-20 08:00:00,158.78,159.42,158.38,159.2,143790.479
2024-10-20 12:00:00,159.19,161.5,157.58,160.01,696462.858
2024-10-20 16:00:00,160.02,161.22,159.3,160.38,325550.572
2024-10-20 20:00:00,160.38,167.94,160.14,167.4,1110489.01
2024-10-21 00:00:00,167.4,170.14,167.2,169.51,959229.609
2024-10-21 04:00:00,169.5,171.76,168.58,168.64,710586.26
2024-10-21 08:00:00,168.65,169.62,165.72,166.42,748290.681
2024-10-21 12:00:00,166.42,167.07,160.99,165.27,1169396.5
2024-10-21 16:00:00,165.27,168.08,163.02,167.81,779341.428
2024-10-21 20:00:00,167.81,168.16,166.06,166.17,440914.264
2024-10-22 00:00:00,166.16,167.9,162.99,166.45,629835.746
2024-10-22 04:00:00,166.45,168.96,166.18,167.11,384501.494
2024-10-22 08:00:00,167.1,169.21,163.53,167.88,871885.734
2024-10-22 12:00:00,167.88,170.99,164.79,167.78,1383386.758
2024-10-22 16:00:00,167.79,169.16,166.0,168.48,521137.171
2024-10-22 20:00:00,168.47,169.26,166.77,167.59,324938.599
2024-10-23 00:00:00,167.6,167.96,164.49,165.51,481949.862
2024-10-23 04:00:00,165.51,166.51,164.34,165.74,422094.692
2024-10-23 08:00:00,165.73,166.94,164.13,166.41,533380.616
2024-10-23 12:00:00,166.41,169.48,164.97,168.13,982150.075
2024-10-23 16:00:00,168.14,173.76,164.7,173.02,1491480.318
2024-10-23 20:00:00,173.02,174.3,170.0,170.85,598736.729
2024-10-24 00:00:00,170.86,175.03,170.5,174.14,741675.611
2024-10-24 04:00:00,174.14,175.26,172.78,173.56,479471.912
2024-10-24 08:00:00,173.55,174.38,171.0,173.85,650630.252
2024-10-24 12:00:00,173.85,177.22,173.72,175.43,989938.915
2024-10-24 16:00:00,175.43,177.9,174.65,177.4,541594.094
2024-10-24 20:00:00,177.41,179.3,176.49,177.19,489741.336
2024-10-25 00:00:00,177.19,177.47,174.38,174.68,463099.85
2024-10-25 04:00:00,174.69,175.06,171.46,171.9,627458.319
2024-10-25 08:00:00,171.9,174.14,170.66,173.65,791411.831
2024-10-25 12:00:00,173.65,177.6,171.15,172.45,1070221.229
2024-10-25 16:00:00,172.45,173.04,165.11,167.95,1411688.62
2024-10-25 20:00:00,167.95,168.84,159.12,164.9,1354427.217
2024-10-26 00:00:00,164.91,165.94,162.43,165.64,756858.338
2024-10-26 04:00:00,165.64,169.18,165.3,167.35,615142.398
2024-10-26 08:00:00,167.35,170.3,167.33,168.65,428038.029
2024-10-26 12:00:00,168.66,169.5,167.23,168.63,447795.694
2024-10-26 16:00:00,168.63,172.31,168.36,171.52,406811.281
2024-10-26 20:00:00,171.52,173.25,170.65,170.88,356057.056
2024-10-27 00:00:00,170.87,173.26,170.26,172.14,327998.924
2024-10-27 04:00:00,172.14,173.52,171.66,173.27,241256.159
2024-10-27 08:00:00,173.26,175.53,173.17,174.02,486763.009
2024-10-27 12:00:00,174.03,177.05,174.02,175.77,615231.128
2024-10-27 16:00:00,175.78,177.8,174.74,177.21,603237.421
2024-10-27 20:00:00,177.21,178.27,176.58,176.63,331645.13
2024-10-28 00:00:00,176.63,177.19,174.68,175.74,433482.77
2024-10-28 04:00:00,175.74,176.75,173.14,175.69,610018.978
2024-10-28 08:00:00,175.69,178.59,175.62,176.95,517918.064
2024-10-28 12:00:00,176.95,177.95,173.25,173.39,952863.091
2024-10-28 16:00:00,173.39,178.05,172.45,176.42,747135.632
2024-10-28 20:00:00,176.4,179.8,175.75,178.29,615911.686
2024-10-29 00:00:00,178.28,182.3,177.14,181.81,938342.581
2024-10-29 04:00:00,181.81,182.78,179.5,180.16,448778.814
2024-10-29 08:00:00,180.16,181.84,180.0,180.8,383186.997
2024-10-29 12:00:00,180.79,180.97,178.37,180.61,803468.06
2024-10-29 16:00:00,180.6,183.38,178.1,178.17,1011413.565
2024-10-29 20:00:00,178.17,180.31,176.41,179.42,460919.922
2024-10-30 00:00:00,179.43,180.84,176.94,180.09,370309.562
2024-10-30 04:00:00,180.08,181.36,178.16,178.69,299898.567
2024-10-30 08:00:00,178.69,179.33,175.2,175.71,482466.835
2024-10-30 12:00:00,175.7,177.29,173.15,173.93,819078.994
2024-10-30 16:00:00,173.94,175.79,173.01,174.29,457150.209
2024-10-30 20:00:00,174.3,177.06,173.03,174.87,464208.584
2024-10-31 00:00:00,174.87,176.56,174.1,174.35,321939.588
2024-10-31 04:00:00,174.35,176.0,173.11,174.5,366556.37
2024-10-31 08:00:00,174.5,176.36,173.31,175.0,307230.696
2024-10-31 12:00:00,175.0,175.45,169.3,170.65,774730.622
2024-10-31 16:00:00,170.65,170.73,168.53,168.7,485890.136
2024-10-31 20:00:00,168.69,170.29,167.56,168.69,405181.886
2024-11-01 00:00:00,168.69,169.42,165.38,167.15,623504.618
2024-11-01 04:00:00,167.14,167.63,165.05,165.96,318584.095
2024-11-01 08:00:00,165.96,168.77,165.55,167.88,399859.004
2024-11-01 12:00:00,167.88,174.0,163.43,164.09,1214760.554
2024-11-01 16:00:00,164.1,167.81,163.69,166.6,547041.504
2024-11-01 20:00:00,166.6,167.12,163.93,166.1,221912.672
2024-11-02 00:00:00,166.11,168.61,166.05,167.0,200310.291
2024-11-02 04:00:00,166.99,167.7,165.66,167.64,149039.417
2024-11-02 08:00:00,167.63,167.86,165.85,166.04,175577.333
2024-11-02 12:00:00,166.03,166.44,162.11,163.82,561620.362
2024-11-02 16:00:00,163.82,165.41,163.0,165.15,310917.928
2024-11-02 20:00:00,165.15,166.93,164.94,166.17,205808.272
2024-11-03 00:00:00,166.16,166.61,160.84,161.94,546931.303
2024-11-03 04:00:00,161.95,164.08,161.79,163.53,220131.9
2024-11-03 08:00:00,163.53,164.85,162.65,163.62,269145.554
2024-11-03 12:00:00,163.62,164.61,157.82,159.99,858274.481
2024-11-03 16:00:00,159.99,161.83,158.06,161.06,472307.046
2024-11-03 20:00:00,161.06,163.83,160.5,162.53,378519.545
2024-11-04 00:00:00,162.52,165.04,160.48,162.82,417272.601
2024-11-04 04:00:00,162.83,163.85,161.35,161.41,333015.378
2024-11-04 08:00:00,161.41,164.93,160.07,164.08,537401.339
2024-11-04 12:00:00,164.08,165.0,161.62,163.03,545222.22
2024-11-04 16:00:00,163.04,163.47,159.14,159.59,499971.452
2024-11-04 20:00:00,159.59,160.0,155.11,157.95,686368.335
2024-11-05 00:00:00,157.95,159.71,156.86,159.66,523891.823
2024-11-05 04:00:00,159.65,162.47,159.35,162.04,415795.449
2024-11-05 08:00:00,162.04,163.08,161.03,162.39,438574.074
2024-11-05 12:00:00,162.38,167.94,161.84,165.94,906118.809
2024-11-05 16:00:00,165.95,169.3,163.36,164.09,702230.803
2024-11-05 20:00:00,164.09,167.71,163.11,166.62,451545.913
2024-11-06 00:00:00,166.63,185.0,166.4,184.94,2795820.854
2024-11-06 04:00:00,184.94,188.36,182.69,183.83,2737315.058
2024-11-06 08:00:00,183.82,186.85,180.11,186.72,1538526.527
2024-11-06 12:00:00,186.72,188.7,184.26,185.51,1582449.543
2024-11-06 16:00:00,185.51,188.37,184.74,188.36,762675.735
2024-11-06 20:00:00,188.36,190.01,186.42,186.59,968448.275
2024-11-07 00:00:00,186.59,191.95,185.84,189.08,943625.655
2024-11-07 04:00:00,189.08,190.04,186.0,188.01,533907.606
2024-11-07 08:00:00,188.01,189.35,185.96,186.04,421008.629
2024-11-07 12:00:00,186.05,192.78,185.96,192.66,645310.267
2024-11-07 16:00:00,192.65,197.84,190.94,197.0,1165655.328
2024-11-07 20:00:00,196.99,197.78,194.13,196.35,500822.335
2024-11-08 00:00:00,196.36,201.0,195.64,198.15,1108673.897
2024-11-08 04:00:00,198.16,200.8,197.39,200.38,631342.985
2024-11-08 08:00:00,200.38,205.0,198.09,203.06,946547.727
2024-11-08 12:00:00,203.05,205.0,198.41,200.99,1122845.525
2024-11-08 16:00:00,200.98,202.1,196.21,199.55,918186.556
2024-11-08 20:00:00,199.54,200.19,197.1,199.85,401647.498
2024-11-09 00:00:00,199.86,200.26,197.21,198.97,384331.266
2024-11-09 04:00:00,198.96,202.41,198.96,200.26,454222.138
2024-11-09 08:00:00,200.27,203.45,199.91,202.18,435627.473
2024-11-09 12:00:00,202.17,202.56,197.35,198.4,548164.264
2024-11-09 16:00:00,198.39,199.59,194.86,197.75,563185.032
2024-11-09 20:00:00,197.75,201.99,197.4,199.89,447774.823
2024-11-10 00:00:00,199.89,204.91,198.68,201.42,933412.981
2024-11-10 04:00:00,201.41,209.0,200.92,205.06,1532725.432
2024-11-10 08:00:00,205.06,207.39,204.02,206.59,766237.375
2024-11-10 12:00:00,206.59,213.3,203.47,212.23,1687775.148
2024-11-10 16:00:00,212.23,215.27,206.25,208.47,1506892.234
2024-11-10 20:00:00,208.48,213.97,199.73,210.07,1541585.06
2024-11-11 00:00:00,210.07,212.38,208.13,210.0,1104263.249
2024-11-11 04:00:00,210.0,210.26,204.16,208.01,1304102.32
2024-11-11 08:00:00,208.0,217.67,206.6,217.62,1420235.651
2024-11-11 12:00:00,217.62,221.0,214.47,219.0,1966256.845
2024-11-11 16:00:00,219.0,222.0,216.03,217.82,1544799.191
2024-11-11 20:00:00,217.81,224.0,216.67,222.13,1595649.712
2024-11-12 00:00:00,222.12,222.57,215.0,220.64,1382615.072
2024-11-12 04:00:00,220.63,221.92,216.02,221.84,1080563.086
2024-11-12 08:00:00,221.84,225.21,208.49,211.13,2565229.966
2024-11-12 12:00:00,211.12,213.98,204.71,210.53,2023993.824
2024-11-12 16:00:00,210.54,215.35,206.61,213.17,1048890.887
2024-11-12 20:00:00,213.17,215.46,210.08,211.64,900697.824
2024-11-13 00:00:00,211.63,213.2,203.02,203.18,1201202.752
2024-11-13 04:00:00,203.19,207.27,200.67,205.22,1580697.641
2024-11-13 08:00:00,205.22,209.45,203.85,207.71,1036765.168
2024-11-13 12:00:00,207.71,217.3,205.95,216.4,3143850.083
2024-11-13 16:00:00,216.39,220.44,210.31,210.87,2538588.379
2024-11-13 20:00:00,210.87,215.5,205.93,215.13,1332948.776
2024-11-14 00:00:00,215.14,219.5,212.05,219.44,1161417.537
2024-11-14 04:00:00,219.44,220.73,215.16,218.12,1187523.435
2024-11-14 08:00:00,218.12,222.8,213.51,216.04,1439076.389
2024-11-14 12:00:00,216.03,217.96,209.03,210.84,1675961.205
2024-11-14 16:00:00,210.84,217.12,209.85,215.62,973308.821
2024-11-14 20:00:00,215.61,215.61,206.78,209.57,1021236.321
2024-11-15 00:00:00,209.57,212.88,208.03,209.02,854240.333
2024-11-15 04:00:00,209.01,210.66,204.48,209.18,781583.976
2024-11-15 08:00:00,209.19,213.93,207.82,213.58,668365.831
2024-11-15 12:00:00,213.57,215.33,206.71,208.32,1187285.686
2024-11-15 16:00:00,208.32,213.52,208.04,212.38,745734.316
2024-11-15 20:00:00,212.38,220.5,212.25,218.45,1033881.782
2024-11-16 00:00:00,218.44,221.61,215.88,221.35,695595.979
2024-11-16 04:00:00,221.34,221.99,218.45,218.91,604384.784
2024-11-16 08:00:00,218.91,219.76,216.61,218.9,573347.932
2024-11-16 12:00:00,218.9,221.8,213.72,215.03,1255500.894
2024-11-16 16:00:00,215.03,217.0,213.35,216.27,644934.013
2024-11-16 20:00:00,216.27,217.36,214.01,215.71,430705.698
2024-11-17 00:00:00,215.72,221.5,212.1,221.37,1013895.458
2024-11-17 04:00:00,221.37,239.9,221.37,237.23,2914764.352
2024-11-17 08:00:00,237.22,242.33,234.29,234.81,1525599.255
2024-11-17 12:00:00,234.81,236.01,229.4,233.96,1370098.384
2024-11-17 16:00:00,233.96,235.59,231.21,235.4,732717.657
2024-11-17 20:00:00,235.4,238.4,231.59,237.47,876349.098
2024-11-18 00:00:00,237.47,244.47,234.01,244.18,1090259.67
2024-11-18 04:00:00,244.18,245.27,239.39,242.05,1225463.041
2024-11-18 08:00:00,242.06,248.44,239.74,242.5,1335868.167
2024-11-18 12:00:00,242.51,245.0,238.04,243.33,1538522.327
2024-11-18 16:00:00,243.33,243.94,234.26,236.28,1484981.217
2024-11-18 20:00:00,236.29,240.9,235.7,239.79,810755.939
2024-11-19 00:00:00,239.79,243.39,237.54,240.61,605954.565
2024-11-19 04:00:00,240.6,244.62,238.7,243.32,767785.754
2024-11-19 08:00:00,243.32,247.0,241.93,246.07,1000511.18
2024-11-19 12:00:00,246.07,247.5,238.36,240.58,1355505.965
2024-11-19 16:00:00,240.59,244.54,240.09,243.54,831755.328
2024-11-19 20:00:00,243.54,244.23,233.4,237.63,1034100.61
2024-11-20 00:00:00,237.64,237.91,230.37,233.81,988197.469
2024-11-20 04:00:00,233.81,236.36,231.47,235.94,600896.449
2024-11-20 08:00:00,235.94,238.78,234.77,237.55,740021.915
2024-11-20 12:00:00,237.55,242.54,235.5,238.37,1256475.335
2024-11-20 16:00:00,238.37,239.14,230.95,233.0,1227279.959
2024-11-20 20:00:00,233.0,238.06,231.73,235.48,659332.349
2024-11-21 00:00:00,235.48,238.7,229.6,235.82,947135.404
2024-11-21 04:00:00,235.82,242.78,235.66,241.47,1355972.203
2024-11-21 08:00:00,241.48,243.49,239.79,239.97,836635.152
2024-11-21 12:00:00,239.98,253.0,239.95,248.86,2652802.398
2024-11-21 16:00:00,248.87,259.8,248.3,253.93,2057972.415
2024-11-21 20:00:00,253.93,257.5,252.89,256.37,745422.422
2024-11-22 00:00:00,256.38,264.39,252.37,262.48,1254399.555
2024-11-22 04:00:00,262.48,262.8,257.84,259.22,859120.939
2024-11-22 08:00:00,259.23,260.96,256.23,259.26,639525.348
2024-11-22 12:00:00,259.26,260.35,252.48,256.38,1165926.264
2024-11-22 16:00:00,256.38,256.38,251.47,254.04,742551.805
2024-11-22 20:00:00,254.04,257.91,253.28,256.9,493657.994
2024-11-23 00:00:00,256.9,257.74,253.34,257.2,672673.182
2024-11-23 04:00:00,257.2,264.0,256.9,258.26,1065572.417
2024-11-23 08:00:00,258.27,259.46,255.8,256.14,481658.902
2024-11-23 12:00:00,256.13,263.6,255.91,259.71,1063832.656
2024-11-23 16:00:00,259.71,260.3,254.15,254.39,1057963.362
2024-11-23 20:00:00,254.38,256.06,252.69,254.89,495082.708
2024-11-24 00:00:00,254.9,259.78,254.49,258.57,487862.368
2024-11-24 04:00:00,258.58,259.2,254.06,256.63,325702.121
2024-11-24 08:00:00,256.63,256.75,248.0,248.39,759958.191
2024-11-24 12:00:00,248.39,250.21,240.93,244.17,1137321.457
2024-11-24 16:00:00,244.18,250.44,243.66,248.58,481607.787
2024-11-24 20:00:00,248.57,254.76,248.14,252.73,472793.888
2024-11-25 00:00:00,252.74,253.18,245.7,252.46,422026.138
2024-11-25 04:00:00,252.45,254.06,251.65,253.28,428781.919
2024-11-25 08:00:00,253.28,256.7,251.26,252.17,512275.365
2024-11-25 12:00:00,252.17,252.55,235.04,244.97,1501239.747
2024-11-25 16:00:00,244.97,246.13,237.26,239.65,902760.797
2024-11-25 20:00:00,239.65,241.15,231.21,234.18,932552.351
2024-11-26 00:00:00,234.18,239.62,233.57,237.45,581716.011
2024-11-26 04:00:00,237.44,239.66,234.97,235.73,429029.649
2024-11-26 08:00:00,235.72,236.6,221.8,227.73,1596305.161
2024-11-26 12:00:00,227.73,232.64,225.81,227.36,1195646.773
2024-11-26 16:00:00,227.36,232.49,223.4,229.03,743026.327
2024-11-26 20:00:00,229.03,232.2,227.4,230.69,466897.535
2024-11-27 00:00:00,230.69,233.81,228.14,231.51,447197.765
2024-11-27 04:00:00,231.51,234.99,227.51,234.34,688861.36
2024-11-27 08:00:00,234.35,237.08,232.04,235.0,644926.872
2024-11-27 12:00:00,234.99,240.91,232.61,240.59,862990.426
2024-11-27 16:00:00,240.59,241.14,237.71,239.07,602868.978
2024-11-27 20:00:00,239.06,243.33,238.78,241.96,560438.896
2024-11-28 00:00:00,241.96,245.28,238.1,240.01,608824.179
2024-11-28 04:00:00,240.01,241.15,236.61,238.02,477551.913
2024-11-28 08:00:00,238.03,239.14,234.37,236.9,485457.648
2024-11-28 12:00:00,236.89,237.73,232.8,233.06,548113.357
2024-11-28 16:00:00,233.06,237.04,233.06,235.47,369360.186
2024-11-28 20:00:00,235.47,238.35,234.9,237.59,204725.777
2024-11-29 00:00:00,237.58,243.11,236.55,241.98,433940.472
2024-11-29 04:00:00,241.97,242.2,237.54,237.65,447424.957
2024-11-29 08:00:00,237.66,245.49,237.66,245.22,437609.464
2024-11-29 12:00:00,245.22,246.77,242.09,243.5,722253.073
2024-11-29 16:00:00,243.51,244.55,239.97,241.14,555307.178
2024-11-29 20:00:00,241.14,245.3,240.95,243.33,294270.935
2024-11-30 00:00:00,243.33,243.35,239.01,242.88,396034.436
2024-11-30 04:00:00,242.89,245.13,241.57,244.23,403145.97
2024-11-30 08:00:00,244.22,245.4,240.06,241.46,473016.555
2024-11-30 12:00:00,241.47,243.08,238.65,239.87,430330.505
2024-11-30 16:00:00,239.87,240.55,238.82,239.92,248706.455
2024-11-30 20:00:00,239.91,241.17,237.5,237.6,328022.895
2024-12-01 00:00:00,237.6,239.89,234.1,235.67,487475.916
2024-12-01 04:00:00,235.66,236.89,235.02,235.46,255635.379
2024-12-01 08:00:00,235.46,238.74,235.35,237.09,406584.084
2024-12-01 12:00:00,237.09,239.32,236.15,238.5,427256.11
2024-12-01 16:00:00,238.51,239.41,235.05,236.29,392769.247
2024-12-01 20:00:00,236.28,239.08,234.2,236.8,466152.218
2024-12-02 00:00:00,236.79,238.2,228.0,228.47,1055358.25
2024-12-02 04:00:00,228.46,230.3,225.93,228.62,1030548.148
2024-12-02 08:00:00,228.62,228.8,222.84,224.77,981319.997
2024-12-02 12:00:00,224.78,229.6,221.61,229.21,1108682.271
2024-12-02 16:00:00,229.21,229.94,220.0,223.98,1072476.231
2024-12-02 20:00:00,223.97,225.86,221.21,225.72,619675.378
2024-12-03 00:00:00,225.73,229.32,223.15,227.95,891614.977
2024-12-03 04:00:00,227.95,230.98,225.14,226.92,794241.934
2024-12-03 08:00:00,226.92,228.5,222.9,225.59,637575.453
2024-12-03 12:00:00,225.58,226.34,215.0,223.22,1975367.144
2024-12-03 16:00:00,223.21,228.43,220.27,228.16,859986.446
2024-12-03 20:00:00,228.16,239.6,227.73,233.92,1759818.774
2024-12-04 00:00:00,233.92,240.6,233.92,237.7,1034788.874
2024-12-04 04:00:00,237.7,241.0,235.79,236.58,577204.7
2024-12-04 08:00:00,236.57,237.87,235.02,235.98,578192.381
2024-12-04 12:00:00,235.98,236.15,229.92,233.72,868228.627
2024-12-04 16:00:00,233.73,234.04,224.67,232.67,1040032.523
2024-12-04 20:00:00,232.68,236.23,225.78,229.15,868417.1
2024-12-05 00:00:00,229.15,238.59,222.95,232.93,1364017.561
2024-12-05 04:00:00,232.92,238.23,231.39,233.89,845891.258
2024-12-05 08:00:00,233.9,242.37,233.51,241.79,925690.016
2024-12-05 12:00:00,241.79,244.77,236.21,239.06,1532559.651
2024-12-05 16:00:00,239.07,242.93,232.35,233.07,1029702.196
2024-12-05 20:00:00,233.08,240.65,225.0,235.84,1693689.311
2024-12-06 00:00:00,235.84,247.0,234.31,241.98,1489011.608
2024-12-06 04:00:00,241.98,242.93,237.67,239.3,518071.449
2024-12-06 08:00:00,239.31,240.51,233.61,234.13,667868.649
2024-12-06 12:00:00,234.12,240.0,230.92,238.02,1168002.056
2024-12-06 16:00:00,238.01,240.43,237.04,239.7,790352.518
2024-12-06 20:00:00,239.7,240.73,235.34,236.87,503247.547
2024-12-07 00:00:00,236.87,237.44,234.12,234.86,383017.26
2024-12-07 04:00:00,234.86,236.59,234.32,236.21,269612.208
2024-12-07 08:00:00,236.21,239.36,235.01,238.15,452308.489
2024-12-07 12:00:00,238.15,243.2,237.17,240.84,736213.35
2024-12-07 16:00:00,240.85,242.54,238.88,241.67,528918.206
2024-12-07 20:00:00,241.67,243.61,237.83,238.14,563551.925
2024-12-08 00:00:00,238.14,241.51,237.6,240.66,375225.184
2024-12-08 04:00:00,240.67,241.07,236.6,237.6,340971.378
2024-12-08 08:00:00,237.6,237.78,233.22,235.96,504876.189
2024-12-08 12:00:00,235.95,237.64,234.47,237.35,399372.368
2024-12-08 16:00:00,237.34,237.68,234.09,236.51,332128.251
2024-12-08 20:00:00,236.51,237.75,234.6,237.02,270264.181
2024-12-09 00:00:00,237.02,237.28,230.17,231.83,600467.245
2024-12-09 04:00:00,231.82,232.8,228.11,231.59,609335.59
2024-12-09 08:00:00,231.59,231.82,225.29,225.99,687605.72
2024-12-09 12:00:00,225.99,231.76,222.89,224.29,1289855.446
2024-12-09 16:00:00,224.3,226.15,221.7,221.95,756941.269
2024-12-09 20:00:00,221.95,225.75,203.0,216.63,3447378.438
2024-12-10 00:00:00,216.62,221.06,206.96,215.8,1579723.2
2024-12-10 04:00:00,215.79,218.74,212.14,217.34,673894.842
2024-12-10 08:00:00,217.33,218.59,215.08,216.21,558496.931
2024-12-10 12:00:00,216.21,218.6,206.27,206.55,1792172.941
2024-12-10 16:00:00,206.58,212.77,203.21,212.1,1829416.341
2024-12-10 20:00:00,212.09,216.29,211.34,213.6,585003.475
2024-12-11 00:00:00,213.6,219.4,211.51,219.39,1157200.493
2024-12-11 04:00:00,219.39,220.32,216.9,218.44,487675.48
2024-12-11 08:00:00,218.45,225.41,218.31,224.79,757343.603
2024-12-11 12:00:00,224.78,230.29,224.06,228.38,1227630.79
2024-12-11 16:00:00,228.38,230.51,227.29,229.77,729220.471
2024-12-11 20:00:00,229.78,230.65,226.77,227.29,329413.971
2024-12-12 00:00:00,227.29,231.97,225.67,230.36,564657.113
2024-12-12 04:00:00,230.37,232.98,228.98,230.01,589396.092
2024-12-12 08:00:00,230.0,233.53,228.3,229.59,489415.772
2024-12-12 12:00:00,229.59,233.28,228.61,231.3,713361.866
2024-12-12 16:00:00,231.3,234.69,226.59,227.24,764584.495
2024-12-12 20:00:00,227.25,229.73,225.71,226.96,437688.729
2024-12-13 00:00:00,226.95,228.44,224.27,227.17,462297.585
2024-12-13 04:00:00,227.18,227.51,223.09,224.81,436732.221
2024-12-13 08:00:00,224.82,227.27,223.89,225.61,313522.212
2024-12-13 12:00:00,225.6,226.71,220.7,221.13,806287.154
2024-12-13 16:00:00,221.12,223.89,220.6,223.28,577586.481
2024-12-13 20:00:00,223.28,224.92,223.07,224.79,293101.118
2024-12-14 00:00:00,224.79,227.0,223.62,226.23,315834.832
2024-12-14 04:00:00,226.23,227.51,225.14,225.97,252162.415
2024-12-14 08:00:00,225.98,226.75,224.06,224.36,234050.285
2024-12-14 12:00:00,224.36,224.64,220.42,222.56,390030.055
2024-12-14 16:00:00,222.55,222.55,216.73,218.03,538423.095
2024-12-14 20:00:00,218.04,220.91,215.13,219.93,425153.789
2024-12-15 00:00:00,219.94,221.79,218.87,219.44,237204.326
2024-12-15 04:00:00,219.44,221.86,215.68,217.27,321325.475
2024-12-15 08:00:00,217.26,220.14,216.47,218.41,250492.736
2024-12-15 12:00:00,218.41,221.5,217.38,220.88,434467.38
2024-12-15 16:00:00,220.89,222.49,220.49,221.24,279372.061
2024-12-15 20:00:00,221.24,225.5,216.22,224.27,608046.031
2024-12-16 00:00:00,224.26,227.56,220.45,221.25,714254.97
2024-12-16 04:00:00,221.25,223.89,220.6,223.13,328578.162
2024-12-16 08:00:00,223.12,223.33,213.61,214.1,813002.402
2024-12-16 12:00:00,214.11,218.09,213.26,216.98,828831.24
2024-12-16 16:00:00,216.97,221.74,216.81,218.33,773070.137
2024-12-16 20:00:00,218.34,218.97,215.86,216.19,405672.29
2024-12-17 00:00:00,216.19,216.69,211.36,215.45,636926.779
2024-12-17 04:00:00,215.45,216.54,213.0,215.57,390459.451
2024-12-17 08:00:00,215.57,223.84,215.5,221.59,815531.483
2024-12-17 12:00:00,221.6,227.55,217.0,220.53,1459005.949
2024-12-17 16:00:00,220.53,228.95,219.86,227.45,1197008.0
2024-12-17 20:00:00,227.46,228.6,221.65,223.15,678805.086
2024-12-18 00:00:00,223.16,226.04,217.13,217.5,790234.641
2024-12-18 04:00:00,217.5,218.3,213.55,215.91,730731.195
2024-12-18 08:00:00,215.92,218.94,215.31,217.85,490241.569
2024-12-18 12:00:00,217.85,218.78,214.64,217.73,669104.738
2024-12-18 16:00:00,217.73,218.34,211.68,211.69,809950.025
2024-12-18 20:00:00,211.68,212.8,204.8,206.53,2075664.395
2024-12-19 00:00:00,206.53,209.27,199.39,208.84,1467696.235
2024-12-19 04:00:00,208.85,212.14,207.23,211.81,474502.436
2024-12-19 08:00:00,211.82,211.82,207.82,210.48,493751.111
2024-12-19 12:00:00,210.47,211.09,202.4,205.44,916062.494
2024-12-19 16:00:00,205.44,206.92,187.0,191.88,2673643.576
2024-12-19 20:00:00,191.88,198.14,187.64,193.81,1376994.034
2024-12-20 00:00:00,193.82,199.81,191.7,196.36,854901.748
2024-12-20 04:00:00,196.37,197.4,188.11,191.37,905679.58
2024-12-20 08:00:00,191.36,191.59,175.26,176.01,3711774.893
2024-12-20 12:00:00,176.02,191.27,175.83,189.89,2390741.136
2024-12-20 16:00:00,189.89,193.16,188.29,191.63,1003012.388
2024-12-20 20:00:00,191.63,194.78,187.91,194.48,927273.923
2024-12-21 00:00:00,194.48,196.69,193.05,194.28,528147.445
2024-12-21 04:00:00,194.29,201.98,194.2,198.81,699382.876
2024-12-21 08:00:00,198.8,198.97,192.2,192.94,637078.819
2024-12-21 12:00:00,192.93,193.1,183.21,186.65,1638530.182
2024-12-21 16:00:00,186.65,187.5,178.3,181.52,968865.502
2024-12-21 20:00:00,181.51,183.39,178.72,181.45,771567.793
2024-12-22 00:00:00,181.46,183.95,179.96,182.56,634879.227
2024-12-22 04:00:00,182.55,184.81,177.88,184.32,657457.804
2024-12-22 08:00:00,184.31,186.98,183.71,186.69,432240.986
2024-12-22 12:00:00,186.69,187.87,179.03,181.87,693725.917
2024-12-22 16:00:00,181.88,184.05,177.85,178.49,559463.028
2024-12-22 20:00:00,178.5,182.41,176.88,180.52,595602.01
2024-12-23 00:00:00,180.53,187.38,176.48,186.24,1037423.947
2024-12-23 04:00:00,186.24,187.73,179.91,182.25,606463.68
2024-12-23 08:00:00,182.24,186.67,181.74,183.59,459780.73
2024-12-23 12:00:00,183.59,185.76,180.73,180.87,686549.878
2024-12-23 16:00:00,180.87,189.66,180.74,187.43,689750.403
2024-12-23 20:00:00,187.43,193.48,186.73,190.11,737695.392
2024-12-24 00:00:00,190.12,190.41,186.13,189.97,375780.849
2024-12-24 04:00:00,189.97,191.96,189.29,191.51,257323.343
2024-12-24 08:00:00,191.51,193.98,190.56,192.95,407272.056
2024-12-24 12:00:00,192.95,199.0,191.28,197.79,733727.358
2024-12-24 16:00:00,197.79,198.64,194.99,195.25,654307.132
2024-12-24 20:00:00,195.25,198.0,193.35,197.09,281166.934
2024-12-25 00:00:00,197.09,201.85,196.4,199.87,513957.079
2024-12-25 04:00:00,199.86,200.59,197.69,198.13,265967.188
2024-12-25 08:00:00,198.14,200.54,195.0,195.79,389010.519
2024-12-25 12:00:00,195.8,199.45,195.05,198.27,302283.386
2024-12-25 16:00:00,198.26,199.45,196.0,199.25,228659.454
2024-12-25 20:00:00,199.25,200.13,195.61,197.44,258766.861
2024-12-26 00:00:00,197.45,199.71,195.71,196.62,355191.704
2024-12-26 04:00:00,196.61,196.61,193.35,193.43,361587.903
2024-12-26 08:00:00,193.43,193.84,188.23,189.8,485546.149
2024-12-26 12:00:00,189.81,190.16,187.57,188.7,311724.892
2024-12-26 16:00:00,188.7,190.97,187.4,189.17,274392.553
2024-12-26 20:00:00,189.16,190.05,186.54,188.46,257122.899
2024-12-27 00:00:00,188.46,190.5,187.28,189.44,262123.463
2024-12-27 04:00:00,189.45,191.17,185.58,186.67,305766.839
2024-12-27 08:00:00,186.67,194.39,186.65,191.32,484388.581
2024-12-27 12:00:00,191.31,191.42,183.3,184.13,398186.84
2024-12-27 16:00:00,184.12,187.33,182.74,186.9,277037.898
2024-12-27 20:00:00,186.9,187.0,183.13,184.22,219006.024
2024-12-28 00:00:00,184.22,186.01,183.82,185.03,183303.245
2024-12-28 04:00:00,185.03,186.32,184.26,185.13,172811.415
2024-12-28 08:00:00,185.13,187.36,185.0,187.19,183668.43
2024-12-28 12:00:00,187.19,191.3,186.5,190.18,326507.097
2024-12-28 16:00:00,190.19,195.35,189.64,193.76,348568.007
2024-12-28 20:00:00,193.76,196.1,192.71,195.5,279989.673
2024-12-29 00:00:00,195.5,195.7,192.42,194.78,261346.132
2024-12-29 04:00:00,194.79,197.37,194.07,196.04,226220.927
2024-12-29 08:00:00,196.03,197.34,194.88,196.09,216117.187
2024-12-29 12:00:00,196.1,197.71,192.91,195.14,336831.566
2024-12-29 16:00:00,195.15,195.48,192.16,192.71,217764.295
2024-12-29 20:00:00,192.71,192.81,188.57,189.94,301909.912
2024-12-30 00:00:00,189.94,194.4,189.08,191.38,332906.435
2024-12-30 04:00:00,191.37,193.73,189.58,192.36,245144.784
2024-12-30 08:00:00,192.37,194.14,191.52,193.51,249320.98
2024-12-30 12:00:00,193.52,194.82,185.99,187.32,596411.939
2024-12-30 16:00:00,187.32,196.3,185.89,196.21,593100.561
2024-12-30 20:00:00,196.2,196.47,189.1,191.38,399100.789
2024-12-31 00:00:00,191.37,192.05,188.33,189.96,282814.546
2024-12-31 04:00:00,189.95,190.77,188.04,190.07,283226.206
2024-12-31 08:00:00,190.07,194.96,190.0,193.79,448946.097
2024-12-31 12:00:00,193.8,198.76,193.01,198.44,595922.956
2024-12-31 16:00:00,198.44,199.27,193.22,193.81,460862.38
2024-12-31 20:00:00,193.81,194.82,189.2,189.31,390206.077
2025-01-01 00:00:00,189.31,192.66,189.08,190.43,300383.879
2025-01-01 04:00:00,190.42,190.62,189.32,190.06,200370.138
2025-01-01 08:00:00,190.06,191.86,188.0,191.36,282560.942
2025-01-01 12:00:00,191.35,192.15,189.14,191.91,303578.959
2025-01-01 16:00:00,191.91,193.91,189.25,193.1,292988.472
2025-01-01 20:00:00,193.1,195.33,193.1,194.28,275277.712
2025-01-02 00:00:00,194.28,199.7,193.43,198.54,596298.24
2025-01-02 04:00:00,198.55,206.89,198.54,205.91,818936.965
2025-01-02 08:00:00,205.91,208.88,205.66,208.51,492598.555
2025-01-02 12:00:00,208.52,210.48,205.45,206.77,692607.425
2025-01-02 16:00:00,206.77,209.07,204.67,206.69,397816.106
2025-01-02 20:00:00,206.69,208.44,205.2,208.31,226666.691
2025-01-03 00:00:00,208.3,208.45,205.63,208.05,285439.789
2025-01-03 04:00:00,208.05,210.0,207.09,207.95,385288.935
2025-01-03 08:00:00,207.95,215.18,207.6,214.51,785327.584
2025-01-03 12:00:00,214.52,218.7,212.09,217.36,855675.834
2025-01-03 16:00:00,217.37,219.83,216.46,217.1,608719.343
2025-01-03 20:00:00,217.1,218.04,215.81,217.99,330635.071
2025-01-04 00:00:00,218.0,218.18,215.67,216.97,409005.05
2025-01-04 04:00:00,216.97,217.96,215.58,216.71,300841.337
2025-01-04 08:00:00,216.7,216.73,214.4,216.45,307779.925
2025-01-04 12:00:00,216.46,217.66,213.54,214.32,517489.082
2025-01-04 16:00:00,214.31,215.96,213.73,215.58,213635.313
2025-01-04 20:00:00,215.58,217.27,215.41,216.67,194960.683
2025-01-05 00:00:00,216.67,218.99,215.27,217.96,446040.445
2025-01-05 04:00:00,217.96,219.05,215.97,216.47,299171.901
2025-01-05 08:00:00,216.47,216.57,212.91,213.93,332411.755
2025-01-05 12:00:00,213.94,214.61,211.61,213.59,528394.801
2025-01-05 16:00:00,213.58,214.29,211.46,212.79,293290.116
2025-01-05 20:00:00,212.79,214.54,212.54,213.41,201731.527
2025-01-06 00:00:00,213.41,216.99,211.56,215.61,407522.331
2025-01-06 04:00:00,215.61,216.9,213.9,215.22,357605.372
2025-01-06 08:00:00,215.22,216.27,213.23,216.26,283782.476
2025-01-06 12:00:00,216.26,222.14,215.77,221.62,920232.208
2025-01-06 16:00:00,221.62,223.18,217.34,220.0,618459.488
2025-01-06 20:00:00,220.0,220.44,217.55,218.22,267760.983
2025-01-07 00:00:00,218.22,219.11,216.23,217.34,332023.177
2025-01-07 04:00:00,217.35,217.45,215.49,216.04,267074.144
2025-01-07 08:00:00,216.04,216.77,212.88,214.06,497502.634
2025-01-07 12:00:00,214.07,214.36,205.36,207.76,1416679.796
2025-01-07 16:00:00,207.76,209.09,203.52,204.56,746652.762
2025-01-07 20:00:00,204.56,204.99,201.8,202.17,482365.771
2025-01-08 00:00:00,202.17,203.28,196.71,198.67,811404.522
2025-01-08 04:00:00,198.68,199.57,193.14,195.71,897448.314
2025-01-08 08:00:00,195.71,198.0,194.45,195.5,644966.998
2025-01-08 12:00:00,195.51,199.57,194.86,197.8,674808.365
2025-01-08 16:00:00,197.8,197.97,188.34,194.32,1060441.487
2025-01-08 20:00:00,194.31,198.3,193.67,197.48,357760.544
2025-01-09 00:00:00,197.48,199.06,194.15,194.35,433836.763
2025-01-09 04:00:00,194.35,195.55,189.76,190.11,482716.979
2025-01-09 08:00:00,190.11,192.83,189.12,191.18,434027.698
2025-01-09 12:00:00,191.17,193.07,185.07,192.22,993576.041
2025-01-09 16:00:00,192.22,192.81,185.72,185.89,525562.213
2025-01-09 20:00:00,185.9,187.59,182.0,184.95,737427.499
2025-01-10 00:00:00,184.96,189.56,184.95,189.14,432214.297
2025-01-10 04:00:00,189.14,193.02,188.38,191.78,516491.013
2025-01-10 08:00:00,191.77,192.87,191.13,191.97,507468.756
2025-01-10 12:00:00,191.98,192.18,183.51,187.28,1220525.027
2025-01-10 16:00:00,187.28,192.07,183.85,190.22,675075.977
2025-01-10 20:00:00,190.22,190.5,186.71,187.68,291117.012
2025-01-11 00:00:00,187.69,188.79,185.61,186.37,322477.373
2025-01-11 04:00:00,186.37,187.2,185.04,186.24,305434.037
2025-01-11 08:00:00,186.24,186.88,184.01,186.69,712008.859
2025-01-11 12:00:00,186.69,188.25,185.87,186.95,320258.807
2025-01-11 16:00:00,186.96,187.99,185.66,187.75,207932.707
2025-01-11 20:00:00,187.74,191.91,187.49,188.09,336374.273
2025-01-12 00:00:00,188.09,188.6,186.54,187.31,207032.089
2025-01-12 04:00:00,187.31,187.5,185.6,186.57,180009.041
2025-01-12 08:00:00,186.57,186.99,185.17,186.68,184152.342
2025-01-12 12:00:00,186.68,191.0,186.17,190.45,302015.114
2025-01-12 16:00:00,190.45,190.76,188.63,188.9,244077.756
2025-01-12 20:00:00,188.9,189.98,186.59,188.51,213630.793
2025-01-13 00:00:00,188.5,191.99,184.21,185.03,562485.334
2025-01-13 04:00:00,185.02,186.98,181.5,182.46,495409.913
2025-01-13 08:00:00,182.46,182.53,175.23,175.41,1194661.187
2025-01-13 12:00:00,175.41,180.34,168.88,178.8,2001562.696
2025-01-13 16:00:00,178.81,179.81,174.45,177.6,769065.433
2025-01-13 20:00:00,177.6,183.81,176.61,182.87,646741.05
2025-01-14 00:00:00,182.86,184.63,181.88,184.19,484091.845
2025-01-14 04:00:00,184.2,186.91,184.2,185.61,368483.769
2025-01-14 08:00:00,185.61,190.09,185.6,187.06,551061.885
2025-01-14 12:00:00,187.05,190.11,184.69,186.85,674968.359
2025-01-14 16:00:00,186.85,187.91,185.72,187.08,427393.873
2025-01-14 20:00:00,187.08,188.81,185.82,187.57,231355.333
2025-01-15 00:00:00,187.57,189.74,187.03,189.73,358905.827
2025-01-15 04:00:00,189.73,190.77,188.35,190.0,285611.254
2025-01-15 08:00:00,189.99,190.7,185.84,186.98,406200.026
2025-01-15 12:00:00,186.98,198.03,185.99,196.52,1295869.18
2025-01-15 16:00:00,196.52,202.35,196.43,201.9,705589.874
2025-01-15 20:00:00,201.9,206.04,201.89,205.86,716434.419
2025-01-16 00:00:00,205.86,206.29,201.36,201.99,523044.45
2025-01-16 04:00:00,201.98,203.5,201.46,203.14,253830.604
2025-01-16 08:00:00,203.15,212.98,198.47,212.78,1076998.371
2025-01-16 12:00:00,212.77,217.14,205.36,209.07,2243710.689
2025-01-16 16:00:00,209.07,215.44,208.83,214.19,1137533.386
2025-01-16 20:00:00,214.2,214.54,208.53,211.14,475138.157
2025-01-17 00:00:00,211.15,215.35,209.84,211.1,593063.203
2025-01-17 04:00:00,211.1,213.83,210.94,213.27,420155.717
2025-01-17 08:00:00,213.27,219.7,213.22,218.77,841428.75
2025-01-17 12:00:00,218.77,222.11,216.39,218.6,1242379.461
2025-01-17 16:00:00,218.6,221.93,215.66,217.16,643975.957
2025-01-17 20:00:00,217.17,221.22,216.46,219.51,643469.75
2025-01-18 00:00:00,219.52,228.8,217.29,220.47,1777777.778
2025-01-18 04:00:00,220.47,238.15,219.85,232.89,4459351.333
2025-01-18 08:00:00,232.89,245.0,230.75,238.95,3331213.692
2025-01-18 12:00:00,238.95,260.0,238.91,257.75,3192526.156
2025-01-18 16:00:00,257.75,270.67,242.51,255.35,5468270.001
2025-01-18 20:00:00,255.35,264.68,247.22,261.97,1742842.62
2025-01-19 00:00:00,261.97,265.0,252.08,255.6,1702621.169
2025-01-19 04:00:00,255.6,277.99,254.17,271.53,4419693.792
2025-01-19 08:00:00,271.52,295.83,266.28,286.24,6221741.09
2025-01-19 12:00:00,286.23,289.72,262.95,270.58,4324670.285
2025-01-19 16:00:00,270.58,275.41,264.04,269.5,1583882.291
2025-01-19 20:00:00,269.5,278.43,236.68,252.42,6799058.973
2025-01-20 00:00:00,252.4,252.76,229.44,241.38,4943604.559
2025-01-20 04:00:00,241.38,264.3,239.0,261.9,3270310.516
2025-01-20 08:00:00,261.91,273.29,256.64,260.6,2305897.425
2025-01-20 12:00:00,260.6,261.74,249.91,254.06,1997796.985
2025-01-20 16:00:00,254.07,256.77,232.07,246.26,3268470.713
2025-01-20 20:00:00,246.27,250.99,241.51,242.19,1093495.363
2025-01-21 00:00:00,242.18,245.21,232.1,237.86,1804666.693
2025-01-21 04:00:00,237.87,239.15,230.0,236.84,1311050.383
2025-01-21 08:00:00,236.83,242.15,235.59,239.44,1166623.965
2025-01-21 12:00:00,239.44,244.84,235.77,240.92,1246259.894
2025-01-21 16:00:00,240.92,260.06,239.79,253.41,1506736.697
2025-01-21 20:00:00,253.41,255.99,246.69,250.33,847399.625
2025-01-22 00:00:00,250.33,256.97,248.43,254.11,727096.055
2025-01-22 04:00:00,254.11,259.78,252.4,258.51,786417.302
2025-01-22 08:00:00,258.51,258.94,252.22,257.76,613638.275
2025-01-22 12:00:00,257.75,264.98,254.48,257.3,1468496.895
2025-01-22 16:00:00,257.31,266.31,253.22,265.29,1123495.792
2025-01-22 20:00:00,265.29,272.03,255.64,257.36,1504283.297
2025-01-23 00:00:00,257.37,258.48,246.38,248.85,1002455.204
2025-01-23 04:00:00,248.84,250.71,245.02,249.53,663669.155
2025-01-23 08:00:00,249.52,249.92,242.33,244.19,654669.237
2025-01-23 12:00:00,244.19,254.76,242.19,249.39,1651199.113
2025-01-23 16:00:00,249.4,256.32,245.27,246.84,985709.887
2025-01-23 20:00:00,246.84,258.38,243.62,253.11,1845060.127
2025-01-24 00:00:00,253.12,256.46,247.18,252.23,823363.858
2025-01-24 04:00:00,252.23,264.44,250.6,259.7,1099152.265
2025-01-24 08:00:00,259.7,267.34,259.68,266.82,894766.51
2025-01-24 12:00:00,266.83,270.18,260.84,262.28,1028557.948
2025-01-24 16:00:00,262.28,265.49,260.45,262.06,516069.254
2025-01-24 20:00:00,262.06,262.39,252.74,253.37,852384.734
2025-01-25 00:00:00,253.36,253.71,248.08,252.74,779460.056
2025-01-25 04:00:00,252.73,252.74,246.49,247.28,654188.153
2025-01-25 08:00:00,247.27,250.78,246.33,249.97,558270.81
2025-01-25 12:00:00,249.97,254.7,248.25,253.68,540860.567
2025-01-25 16:00:00,253.68,260.78,253.08,258.5,770950.307
2025-01-25 20:00:00,258.49,259.75,255.59,256.41,400259.408
2025-01-26 00:00:00,256.4,259.96,253.58,258.42,495989.214
2025-01-26 04:00:00,258.43,260.16,257.36,258.95,329320.155
2025-01-26 08:00:00,258.95,258.95,252.79,255.59,398760.583
2025-01-26 12:00:00,255.58,257.55,253.32,254.58,410981.141
2025-01-26 16:00:00,254.59,258.0,253.83,256.28,292138.02
2025-01-26 20:00:00,256.29,256.63,240.32,240.5,1100826.411
2025-01-27 00:00:00,240.49,242.68,232.88,235.8,1695886.273
2025-01-27 04:00:00,235.81,235.81,221.71,227.53,1931884.113
2025-01-27 08:00:00,227.52,227.99,220.89,225.85,1123592.728
2025-01-27 12:00:00,225.84,237.67,223.71,233.66,1670740.655
2025-01-27 16:00:00,233.67,235.9,223.92,226.53,1799482.605
2025-01-27 20:00:00,226.54,237.9,226.48,234.89,695034.468
2025-01-28 00:00:00,234.9,237.8,233.06,236.69,493190.108
2025-01-28 04:00:00,236.68,244.0,236.66,238.74,703484.208
2025-01-28 08:00:00,238.74,239.72,235.32,238.25,396489.689
2025-01-28 12:00:00,238.25,240.23,233.75,237.49,645380.633
2025-01-28 16:00:00,237.49,237.78,230.3,232.19,574850.598
2025-01-28 20:00:00,232.2,232.6,225.01,227.06,670054.851
2025-01-29 00:00:00,227.06,232.0,226.79,231.2,344250.45
2025-01-29 04:00:00,231.2,234.78,229.83,234.41,301325.233
2025-01-29 08:00:00,234.42,235.9,230.14,231.99,299006.613
2025-01-29 12:00:00,231.98,232.03,226.0,228.4,604067.515
2025-01-29 16:00:00,228.41,236.12,222.63,231.68,1359642.651
2025-01-29 20:00:00,231.68,238.49,227.61,228.16,935901.376
2025-01-30 00:00:00,228.16,241.01,226.84,240.24,733229.267
2025-01-30 04:00:00,240.25,242.13,237.2,238.9,648069.727
2025-01-30 08:00:00,238.9,241.94,238.01,241.77,383272.852
2025-01-30 12:00:00,241.77,244.7,239.11,241.09,712173.922
2025-01-30 16:00:00,241.08,243.42,238.72,241.13,486005.19
2025-01-30 20:00:00,241.14,242.2,238.3,238.31,378515.015
2025-01-31 00:00:00,238.3,239.19,235.13,235.95,417851.749
2025-01-31 04:00:00,235.95,238.41,234.92,235.73,240051.315
2025-01-31 08:00:00,235.73,239.05,234.19,238.76,465802.41
2025-01-31 12:00:00,238.77,241.82,236.05,240.09,703507.609
2025-01-31 16:00:00,240.1,240.18,230.17,230.52,711126.27
2025-01-31 20:00:00,230.51,231.86,228.24,231.77,403826.214
2025-02-01 00:00:00,231.77,236.46,230.61,231.46,449454.296
2025-02-01 04:00:00,231.47,233.08,230.0,230.68,177240.936
2025-02-01 08:00:00,230.67,230.93,226.29,228.11,417385.941
2025-02-01 12:00:00,228.1,229.53,224.83,226.38,481443.38
2025-02-01 16:00:00,226.38,227.66,220.86,221.75,383407.867
2025-02-01 20:00:00,221.76,221.76,212.74,213.03,940816.23
2025-02-02 00:00:00,213.03,218.9,206.83,207.11,981358.929
2025-02-02 04:00:00,207.11,214.08,206.74,211.78,762187.957
2025-02-02 08:00:00,211.77,215.79,207.71,208.68,632307.734
2025-02-02 12:00:00,208.67,214.19,208.24,212.07,625738.954
2025-02-02 16:00:00,212.06,212.13,195.0,203.54,2317261.692
2025-02-02 20:00:00,203.53,206.78,192.31,203.51,1936645.067
2025-02-03 00:00:00,203.52,203.89,175.89,197.92,5016897.629
2025-02-03 04:00:00,197.92,199.97,189.27,199.09,1445560.263
2025-02-03 08:00:00,199.09,202.15,193.38,198.74,1367106.371
2025-02-03 12:00:00,198.74,210.0,189.9,207.02,2581912.425
2025-02-03 16:00:00,207.01,215.27,203.61,215.2,1317827.5
2025-02-03 20:00:00,215.19,218.7,209.89,216.28,1107666.077
2025-02-04 00:00:00,216.27,219.97,213.89,215.48,652129.033
2025-02-04 04:00:00,215.48,216.08,201.87,204.23,1393539.966
2025-02-04 08:00:00,204.22,210.8,202.43,207.67,751118.204
2025-02-04 12:00:00,207.67,216.74,207.67,215.65,1074095.205
2025-02-04 16:00:00,215.65,218.35,208.27,208.29,991416.188
2025-02-04 20:00:00,208.29,210.49,202.52,206.64,1161895.791
2025-02-05 00:00:00,206.64,209.39,205.11,207.38,483143.034
2025-02-05 04:00:00,207.38,208.32,203.54,205.07,404922.448
2025-02-05 08:00:00,205.06,206.94,202.92,206.33,377347.799
2025-02-05 12:00:00,206.32,207.62,201.42,201.77,569999.384
2025-02-05 16:00:00,201.76,202.12,196.42,199.56,899147.828
2025-02-05 20:00:00,199.56,200.67,195.14,196.12,420241.544
2025-02-06 00:00:00,196.12,201.27,195.93,200.71,353973.639
2025-02-06 04:00:00,200.71,203.98,200.27,202.0,624228.001
2025-02-06 08:00:00,202.0,202.93,198.66,200.26,309073.484
2025-02-06 12:00:00,200.27,200.65,190.52,191.23,751294.293
2025-02-06 16:00:00,191.23,192.95,188.36,189.9,790564.327
2025-02-06 20:00:00,189.91,194.66,187.39,189.54,615633.403
2025-02-07 00:00:00,189.53,195.87,189.18,193.31,654145.617
2025-02-07 04:00:00,193.3,195.36,189.02,192.54,418918.367
2025-02-07 08:00:00,192.54,198.66,191.69,198.47,465203.274
2025-02-07 12:00:00,198.47,203.42,195.84,198.07,1340794.299
2025-02-07 16:00:00,198.08,199.15,194.62,195.44,534240.034
2025-02-07 20:00:00,195.44,195.64,188.12,191.99,512295.182
2025-02-08 00:00:00,192.0,194.34,191.38,192.98,329062.388
2025-02-08 04:00:00,192.98,193.34,189.81,192.79,309755.504
2025-02-08 08:00:00,192.79,194.99,191.65,194.39,273834.177
2025-02-08 12:00:00,194.39,196.45,192.74,193.41,365749.78
2025-02-08 16:00:00,193.42,198.4,193.2,196.9,407289.949
2025-02-08 20:00:00,196.89,200.88,196.74,199.32,281904.954
2025-02-09 00:00:00,199.32,207.0,198.52,206.95,503666.491
2025-02-09 04:00:00,206.95,207.37,203.8,203.96,447511.437
2025-02-09 08:00:00,203.96,204.58,201.22,201.44,395010.634
2025-02-09 12:00:00,201.44,203.05,196.44,200.7,586084.557
2025-02-09 16:00:00,200.7,202.24,197.81,199.08,269886.794
2025-02-09 20:00:00,199.07,203.0,193.53,200.47,676978.547
2025-02-10 00:00:00,200.47,205.1,195.85,201.97,950196.099
2025-02-10 04:00:00,201.97,204.6,199.95,202.77,686800.0
2025-02-10 08:00:00,202.77,205.97,202.56,204.5,598303.096
2025-02-10 12:00:00,204.5,209.05,201.48,203.07,938392.157
2025-02-10 16:00:00,203.07,204.41,201.03,201.37,504649.566
2025-02-10 20:00:00,201.36,203.0,199.27,200.47,362499.63
2025-02-11 00:00:00,200.47,204.66,199.94,201.11,738179.626
2025-02-11 04:00:00,201.11,206.18,201.04,204.39,977810.063
2025-02-11 08:00:00,204.39,205.95,201.2,203.4,683735.412
2025-02-11 12:00:00,203.39,203.4,197.8,199.47,729499.57
2025-02-11 16:00:00,199.47,200.12,195.12,195.65,410134.514
2025-02-11 20:00:00,195.65,199.49,195.52,197.96,390879.15
2025-02-12 00:00:00,197.95,198.56,193.85,194.33,354024.061
2025-02-12 04:00:00,194.33,196.24,193.13,195.19,301343.646
2025-02-12 08:00:00,195.2,198.01,195.09,197.37,278926.39
2025-02-12 12:00:00,197.36,198.55,188.48,192.0,1549087.937
2025-02-12 16:00:00,192.01,196.66,189.34,193.7,880298.936
2025-02-12 20:00:00,193.71,198.48,193.02,196.78,534852.351
2025-02-13 00:00:00,196.78,198.19,194.96,198.19,382446.094
2025-02-13 04:00:00,198.19,198.47,192.75,193.07,331597.03
2025-02-13 08:00:00,193.07,193.52,191.1,191.91,349096.993
2025-02-13 12:00:00,191.91,193.12,188.78,191.94,678383.089
2025-02-13 16:00:00,191.93,194.6,190.02,192.68,426547.364
2025-02-13 20:00:00,192.68,195.45,192.57,194.25,259701.306
2025-02-14 00:00:00,194.24,197.35,194.11,197.0,285494.125
2025-02-14 04:00:00,197.0,197.37,194.72,196.59,218751.651
2025-02-14 08:00:00,196.59,201.4,196.35,199.59,733906.766
2025-02-14 12:00:00,199.59,202.12,196.45,200.86,689105.007
2025-02-14 16:00:00,200.85,205.34,198.84,201.56,932944.276
2025-02-14 20:00:00,201.56,202.24,198.09,199.39,867484.238
2025-02-15 00:00:00,199.4,200.27,196.76,198.36,414076.402
2025-02-15 04:00:00,198.36,198.87,195.25,195.9,218487.323
2025-02-15 08:00:00,195.9,196.74,193.89,194.85,390328.096
2025-02-15 12:00:00,194.85,196.06,193.26,194.66,286063.639
2025-02-15 16:00:00,194.66,195.1,193.32,194.17,158861.554
2025-02-15 20:00:00,194.18,195.03,192.61,194.48,165483.385
2025-02-16 00:00:00,194.47,195.51,193.05,194.73,235252.677
2025-02-16 04:00:00,194.72,196.24,192.34,192.89,215253.651
2025-02-16 08:00:00,192.9,194.0,192.21,193.73,165937.55
2025-02-16 12:00:00,193.72,193.78,189.23,190.32,597166.256
2025-02-16 16:00:00,190.32,191.27,187.64,189.23,472254.804
2025-02-16 20:00:00,189.22,189.92,186.3,188.27,323515.924
2025-02-17 00:00:00,188.26,189.72,185.28,186.34,308179.291
2025-02-17 04:00:00,186.33,186.49,180.77,181.35,907107.253
2025-02-17 08:00:00,181.36,185.5,180.12,184.25,666016.011
2025-02-17 12:00:00,184.25,186.94,179.84,180.36,811889.169
2025-02-17 16:00:00,180.37,181.41,174.63,177.09,1137362.38
2025-02-17 20:00:00,177.1,181.3,177.01,177.53,457019.626
2025-02-18 00:00:00,177.53,179.09,175.46,177.98,424751.039
2025-02-18 04:00:00,177.98,178.01,163.93,165.72,1970470.559
2025-02-18 08:00:00,165.73,170.92,163.17,168.72,1242682.479
2025-02-18 12:00:00,168.71,171.5,164.34,165.95,885722.243
2025-02-18 16:00:00,165.95,167.11,160.88,165.31,1151366.322
2025-02-18 20:00:00,165.31,169.78,163.93,169.32,644193.524
2025-02-19 00:00:00,169.32,170.86,166.66,167.48,554842.05
2025-02-19 04:00:00,167.48,169.84,163.75,168.95,584091.102
2025-02-19 08:00:00,168.96,174.3,168.42,173.92,651909.877
2025-02-19 12:00:00,173.92,174.13,168.14,169.74,669116.553
2025-02-19 16:00:00,169.74,173.44,168.15,168.7,517873.5
2025-02-19 20:00:00,168.7,169.96,166.41,168.93,500486.18
2025-02-20 00:00:00,168.94,172.89,167.66,172.44,466976.708
2025-02-20 04:00:00,172.43,174.96,170.86,171.77,406781.526
2025-02-20 08:00:00,171.77,175.15,170.92,173.99,511460.338
2025-02-20 12:00:00,173.99,176.65,171.21,171.61,756247.577
2025-02-20 16:00:00,171.62,175.46,171.22,174.98,400408.092
2025-02-20 20:00:00,174.97,176.54,173.17,176.0,396879.094
2025-02-21 00:00:00,176.0,176.47,173.0,173.28,329030.9
2025-02-21 04:00:00,173.27,176.8,173.27,175.86,449693.289
2025-02-21 08:00:00,175.86,180.28,175.83,177.21,679578.443
2025-02-21 12:00:00,177.2,180.52,170.56,173.17,1089040.987
2025-02-21 16:00:00,173.16,175.66,168.18,168.42,1109214.476
2025-02-21 20:00:00,168.42,169.97,167.15,168.94,447124.762
2025-02-22 00:00:00,168.94,172.76,168.07,170.35,496900.538
2025-02-22 04:00:00,170.35,173.14,170.09,171.74,293626.835
2025-02-22 08:00:00,171.74,174.14,171.36,173.56,363880.981
2025-02-22 12:00:00,173.56,174.6,172.66,174.23,280181.574
2025-02-22 16:00:00,174.23,174.68,172.3,172.64,291277.226
2025-02-22 20:00:00,172.63,173.62,171.89,172.07,160946.303
2025-02-23 00:00:00,172.07,172.3,170.19,170.61,250405.798
2025-02-23 04:00:00,170.61,173.07,169.95,172.85,209356.917
2025-02-23 08:00:00,172.85,172.91,169.36,169.59,179421.505
2025-02-23 12:00:00,169.6,169.92,166.6,166.76,417303.443
2025-02-23 16:00:00,166.76,168.72,166.75,167.71,244872.649
2025-02-23 20:00:00,167.71,168.86,166.42,167.94,186950.447
2025-02-24 00:00:00,167.94,169.69,160.56,161.01,792175.34
2025-02-24 04:00:00,161.02,161.75,156.88,160.99,1060356.882
2025-02-24 08:00:00,160.99,161.1,155.38,159.28,888129.314
2025-02-24 12:00:00,159.27,160.41,150.65,152.66,1587066.29
2025-02-24 16:00:00,152.67,155.15,147.86,150.12,1176702.704
2025-02-24 20:00:00,150.13,152.68,138.0,141.81,2492807.385
2025-02-25 00:00:00,141.81,144.45,138.17,138.95,2532890.988
2025-02-25 04:00:00,138.95,142.08,133.0,136.25,3145641.456
2025-02-25 08:00:00,136.26,141.36,131.91,141.28,2158755.072
2025-02-25 12:00:00,141.27,141.83,134.53,138.89,1761698.336
2025-02-25 16:00:00,138.89,145.57,137.96,145.43,1393019.038
2025-02-25 20:00:00,145.42,147.09,143.26,144.33,755005.255
2025-02-26 00:00:00,144.33,145.19,141.63,143.32,600468.922
2025-02-26 04:00:00,143.33,144.7,139.63,140.19,513975.694
2025-02-26 08:00:00,140.19,142.21,138.01,138.14,564388.728
2025-02-26 12:00:00,138.13,140.47,134.61,139.27,1175474.246
2025-02-26 16:00:00,139.27,139.79,130.65,131.93,1496871.335
2025-02-26 20:00:00,131.94,137.87,130.89,135.32,1017222.134
2025-02-27 00:00:00,135.33,139.05,134.96,138.57,680370.163
2025-02-27 04:00:00,138.57,142.9,137.05,140.99,687189.917
2025-02-27 08:00:00,141.0,142.46,139.25,140.48,657310.865
2025-02-27 12:00:00,140.48,141.26,136.28,139.63,976643.516
2025-02-27 16:00:00,139.62,140.15,135.63,136.29,547309.735
2025-02-27 20:00:00,136.28,138.21,134.71,137.68,774166.263
2025-02-28 00:00:00,137.68,137.98,127.17,127.62,2182588.471
2025-02-28 04:00:00,127.62,129.6,125.55,128.55,1674284.124
2025-02-28 08:00:00,128.54,134.72,127.9,133.52,1422048.273
2025-02-28 12:00:00,133.52,147.86,133.0,145.68,2970450.54
2025-02-28 16:00:00,145.67,147.25,143.74,146.36,1135023.251
2025-02-28 20:00:00,146.35,148.72,144.62,148.18,655565.954
2025-03-01 00:00:00,148.18,151.25,145.54,145.67,1276966.738
2025-03-01 04:00:00,145.68,147.16,142.2,142.49,709308.762
2025-03-01 08:00:00,142.49,144.29,139.53,140.35,700454.6
2025-03-01 12:00:00,140.35,141.72,138.57,140.39,550358.172
2025-03-01 16:00:00,140.39,141.51,138.7,140.53,453811.068
2025-03-01 20:00:00,140.53,143.82,139.9,143.66,460956.418
2025-03-02 00:00:00,143.66,146.01,142.03,143.85,564432.115
2025-03-02 04:00:00,143.86,145.17,142.23,143.79,308611.126
2025-03-02 08:00:00,143.78,144.88,142.47,143.49,353233.66
2025-03-02 12:00:00,143.5,163.39,140.04,157.46,3502102.972
2025-03-02 16:00:00,157.47,179.85,157.47,172.18,7038818.526
2025-03-02 20:00:00,172.17,179.32,171.66,178.71,1707441.447
2025-03-03 00:00:00,178.72,179.47,168.11,169.88,1580531.725
2025-03-03 04:00:00,169.89,170.57,159.8,162.26,1458640.834
2025-03-03 08:00:00,162.27,163.37,156.83,161.09,1078421.609
2025-03-03 12:00:00,161.08,167.07,154.07,157.78,2546433.118
2025-03-03 16:00:00,157.78,159.61,140.05,141.87,2816719.183
2025-03-03 20:00:00,141.87,144.97,139.21,142.16,1615455.571
2025-03-04 00:00:00,142.16,145.08,132.46,136.38,2232567.084
2025-03-04 04:00:00,136.39,139.58,135.64,136.02,872230.58
2025-03-04 08:00:00,136.02,138.58,134.62,136.98,982640.059
2025-03-04 12:00:00,136.97,143.39,132.64,138.59,3078325.736
2025-03-04 16:00:00,138.59,144.77,130.66,143.16,2027388.825
2025-03-04 20:00:00,143.15,147.0,141.55,144.79,1196446.05
2025-03-05 00:00:00,144.8,145.55,141.76,141.82,692820.649
2025-03-05 04:00:00,141.82,144.1,140.82,142.88,620986.515
2025-03-05 08:00:00,142.89,149.73,142.74,147.13,1044394.142
2025-03-05 12:00:00,147.13,149.23,140.32,141.66,1339096.426
2025-03-05 16:00:00,141.66,146.47,140.18,144.77,817465.66
2025-03-05 20:00:00,144.78,146.84,143.91,146.28,380757.193
2025-03-06 00:00:00,146.27,150.68,144.54,148.73,709517.914
2025-03-06 04:00:00,148.73,150.66,147.62,148.62,566337.926
2025-03-06 08:00:00,148.63,152.9,148.34,151.71,735590.113
2025-03-06 12:00:00,151.71,151.92,145.06,149.03,1205506.065
2025-03-06 16:00:00,149.04,149.43,142.44,143.58,738490.55
2025-03-06 20:00:00,143.59,145.92,143.19,143.31,496437.093
2025-03-07 00:00:00,143.3,145.57,135.04,140.79,1743676.516
2025-03-07 04:00:00,140.79,144.63,140.63,144.34,377834.376
2025-03-07 08:00:00,144.34,146.21,141.8,143.58,941906.793
2025-03-07 12:00:00,143.57,148.13,141.75,144.89,1341666.719
2025-03-07 16:00:00,144.89,150.88,141.34,146.36,1497217.219
2025-03-07 20:00:00,146.35,147.62,137.5,139.39,1365111.148
2025-03-08 00:00:00,139.39,141.09,137.8,139.68,564268.956
2025-03-08 04:00:00,139.67,141.03,138.33,138.78,358297.853
2025-03-08 08:00:00,138.77,139.21,136.64,137.58,308873.81
2025-03-08 12:00:00,137.57,138.75,136.07,137.21,362684.439
2025-03-08 16:00:00,137.21,138.92,135.29,138.45,362557.39
2025-03-08 20:00:00,138.45,138.59,136.32,137.01,179068.945
2025-03-09 00:00:00,137.01,138.51,136.53,137.92,188094.016
2025-03-09 04:00:00,137.91,139.88,137.67,139.63,239635.902
2025-03-09 08:00:00,139.63,139.78,135.61,136.32,461609.247
2025-03-09 12:00:00,136.32,136.43,129.75,130.16,1072850.434
2025-03-09 16:00:00,130.16,131.54,125.81,129.19,1234090.435
2025-03-09 20:00:00,129.19,130.59,125.41,126.51,713215.618
2025-03-10 00:00:00,126.52,129.11,124.03,126.59,924107.54
2025-03-10 04:00:00,126.59,129.25,126.46,128.11,641027.108
2025-03-10 08:00:00,128.11,131.57,125.91,129.94,893649.432
2025-03-10 12:00:00,129.94,130.89,120.18,121.96,1661313.427
2025-03-10 16:00:00,121.95,122.36,115.47,119.71,1939570.727
2025-03-10 20:00:00,119.72,120.24,117.56,118.32,594441.097
2025-03-11 00:00:00,118.32,121.9,112.0,119.96,1982977.936
2025-03-11 04:00:00,119.95,124.02,119.75,123.07,832560.438
2025-03-11 08:00:00,123.07,125.81,122.93,124.71,641629.457
2025-03-11 12:00:00,124.71,126.27,118.59,125.02,1691558.616
2025-03-11 16:00:00,125.01,128.43,122.84,128.15,924986.727
2025-03-11 20:00:00,128.14,128.25,125.07,125.35,361564.689
2025-03-12 00:00:00,125.35,127.03,122.47,122.53,525419.366
2025-03-12 04:00:00,122.52,123.53,121.22,123.19,804498.722
2025-03-12 08:00:00,123.19,126.84,122.88,126.76,716124.83
2025-03-12 12:00:00,126.77,131.33,123.04,124.57,1376847.32
2025-03-12 16:00:00,124.56,126.31,123.31,125.05,601205.659
2025-03-12 20:00:00,125.05,127.08,123.97,126.62,386406.243
2025-03-13 00:00:00,126.61,127.46,124.73,124.97,426826.406
2025-03-13 04:00:00,124.97,125.36,123.03,124.24,421023.939
2025-03-13 08:00:00,124.25,128.03,123.64,126.88,476643.353
2025-03-13 12:00:00,126.88,128.76,123.6,124.34,775129.671
2025-03-13 16:00:00,124.34,124.41,121.08,121.46,480135.543
2025-03-13 20:00:00,121.47,124.36,120.76,123.37,244826.049
2025-03-14 00:00:00,123.36,125.47,122.98,124.48,338983.028
2025-03-14 04:00:00,124.48,125.63,124.41,124.68,298129.857
2025-03-14 08:00:00,124.68,126.6,124.62,126.17,300682.178
2025-03-14 12:00:00,126.16,134.01,125.46,132.12,1615705.937
2025-03-14 16:00:00,132.13,134.71,130.87,134.28,594407.246
2025-03-14 20:00:00,134.29,136.03,131.96,133.54,459817.246
2025-03-15 00:00:00,133.53,135.3,132.91,135.02,333647.227
2025-03-15 04:00:00,135.03,135.52,132.71,132.91,334792.255
2025-03-15 08:00:00,132.91,133.69,132.44,133.37,311561.661
2025-03-15 12:00:00,133.37,135.8,133.09,135.12,391110.277
2025-03-15 16:00:00,135.12,136.53,133.58,134.49,393292.719
2025-03-15 20:00:00,134.5,136.5,134.37,135.86,153673.351
2025-03-16 00:00:00,135.86,136.71,134.13,135.5,240062.093
2025-03-16 04:00:00,135.5,136.23,133.86,134.64,249407.981
2025-03-16 08:00:00,134.64,134.97,129.68,129.91,668997.366
2025-03-16 12:00:00,129.92,130.87,127.49,128.78,605244.953
2025-03-16 16:00:00,128.77,131.28,126.04,126.94,692029.6
2025-03-16 20:00:00,126.94,127.77,125.21,126.13,308518.899
2025-03-17 00:00:00,126.13,129.23,125.85,128.96,513593.718
2025-03-17 04:00:00,128.96,129.5,126.5,129.26,292741.952
2025-03-17 08:00:00,129.26,129.65,128.42,129.18,290792.213
2025-03-17 12:00:00,129.17,130.11,125.55,127.51,738046.904
2025-03-17 16:00:00,127.5,130.64,126.66,129.84,619998.646
2025-03-17 20:00:00,129.83,129.95,127.77,128.01,252437.661
2025-03-18 00:00:00,128.01,128.19,123.49,124.15,835228.345
2025-03-18 04:00:00,124.14,125.24,123.0,125.2,635130.84
2025-03-18 08:00:00,125.2,125.96,123.2,123.54,426596.92
2025-03-18 12:00:00,123.53,123.78,121.76,122.57,627746.915
2025-03-18 16:00:00,122.57,124.5,122.44,124.22,398288.045
2025-03-18 20:00:00,124.22,125.71,123.53,125.33,258798.634
2025-03-19 00:00:00,125.33,126.72,124.2,126.47,363642.447
2025-03-19 04:00:00,126.48,126.88,125.39,125.73,481274.591
2025-03-19 08:00:00,125.73,129.53,125.7,128.69,507771.617
2025-03-19 12:00:00,128.69,132.73,126.97,132.32,1252852.081
2025-03-19 16:00:00,132.33,134.33,128.18,133.03,1084550.718
2025-03-19 20:00:00,133.03,136.08,133.0,135.33,480406.537
2025-03-20 00:00:00,135.33,136.12,132.82,133.91,460300.543
2025-03-20 04:00:00,133.92,134.96,132.76,134.01,298491.092
2025-03-20 08:00:00,134.01,134.55,130.31,130.65,499995.902
2025-03-20 12:00:00,130.65,132.3,128.51,128.91,672380.557
2025-03-20 16:00:00,128.9,129.38,126.65,127.94,468944.014
2025-03-20 20:00:00,127.93,128.49,127.17,127.6,193175.878
2025-03-21 00:00:00,127.6,129.07,127.33,127.94,290223.727
2025-03-21 04:00:00,127.95,128.76,127.4,128.07,207433.225
2025-03-21 08:00:00,128.08,129.1,125.74,126.39,458899.319
2025-03-21 12:00:00,126.4,127.77,125.39,125.98,426161.106
2025-03-21 16:00:00,125.98,129.73,124.81,128.24,715310.652
2025-03-21 20:00:00,128.25,130.18,127.57,128.48,302394.319
2025-03-22 00:00:00,128.47,129.38,127.8,128.88,231011.001
2025-03-22 04:00:00,128.88,129.75,128.54,128.82,256142.948
2025-03-22 08:00:00,128.81,131.84,128.77,130.34,373494.351
2025-03-22 12:00:00,130.35,130.55,128.64,129.25,250406.714
2025-03-22 16:00:00,129.24,130.27,128.9,129.97,214411.937
2025-03-22 20:00:00,129.97,130.06,128.12,128.51,172701.245
2025-03-23 00:00:00,128.5,130.85,128.21,130.85,208220.156
2025-03-23 04:00:00,130.85,131.49,129.73,131.15,212738.81
2025-03-23 08:00:00,131.15,134.06,130.95,133.1,435342.674
2025-03-23 12:00:00,133.11,133.83,132.14,132.51,395780.239
2025-03-23 16:00:00,132.52,132.74,130.35,130.55,277195.29
2025-03-23 20:00:00,130.54,132.85,130.2,132.84,234208.817
2025-03-24 00:00:00,132.85,138.46,132.04,138.16,925361.928
2025-03-24 04:00:00,138.16,139.36,137.77,138.88,794433.055
2025-03-24 08:00:00,138.89,144.13,138.6,143.41,879015.564
2025-03-24 12:00:00,143.42,144.96,142.3,143.25,1063640.575
2025-03-24 16:00:00,143.24,143.44,141.29,142.77,443131.193
2025-03-24 20:00:00,142.76,143.64,139.64,141.01,448549.33
2025-03-25 00:00:00,141.01,142.29,138.2,138.57,517956.31
2025-03-25 04:00:00,138.57,140.35,138.17,139.46,299805.304
2025-03-25 08:00:00,139.46,143.43,139.43,142.15,461655.956
2025-03-25 12:00:00,142.14,147.48,141.06,145.28,1338142.036
2025-03-25 16:00:00,145.28,146.25,143.61,145.03,485885.487
2025-03-25 20:00:00,145.02,146.09,142.48,143.64,426513.577
2025-03-26 00:00:00,143.64,144.63,141.5,141.84,369761.366
2025-03-26 04:00:00,141.84,144.89,141.64,144.5,375171.609
2025-03-26 08:00:00,144.5,145.49,143.77,144.61,351983.651
2025-03-26 12:00:00,144.61,145.07,139.0,139.34,1032492.001
2025-03-26 16:00:00,139.33,140.21,136.23,137.45,592239.615
2025-03-26 20:00:00,137.45,138.51,135.89,137.34,377875.045
2025-03-27 00:00:00,137.35,140.22,136.82,139.91,425889.2
2025-03-27 04:00:00,139.91,140.07,137.91,138.88,317737.529
2025-03-27 08:00:00,138.88,139.29,137.1,137.4,464504.945
2025-03-27 12:00:00,137.4,139.83,135.63,137.79,713863.645
2025-03-27 16:00:00,137.79,139.71,137.36,139.06,320958.722
2025-03-27 20:00:00,139.07,139.95,138.12,138.43,223208.642
2025-03-28 00:00:00,138.44,139.05,135.9,136.78,619076.01
2025-03-28 04:00:00,136.79,137.35,131.38,131.62,1180653.184
2025-03-28 08:00:00,131.63,132.67,130.36,131.93,563337.107
2025-03-28 12:00:00,131.92,132.46,129.14,129.92,713947.358
2025-03-28 16:00:00,129.92,130.3,129.03,129.43,417627.917
2025-03-28 20:00:00,129.43,130.46,127.69,129.49,397549.789
2025-03-29 00:00:00,129.5,130.54,126.58,128.84,426165.337
2025-03-29 04:00:00,128.83,129.13,125.45,126.39,526673.224
2025-03-29 08:00:00,126.39,127.1,124.31,125.3,545971.325
2025-03-29 12:00:00,125.3,126.82,125.0,126.32,320786.433
2025-03-29 16:00:00,126.32,126.79,123.71,125.3,494981.01
2025-03-29 20:00:00,125.3,125.43,122.68,124.58,295488.186
2025-03-30 00:00:00,124.58,126.6,123.49,125.71,331271.839
2025-03-30 04:00:00,125.7,126.56,125.16,125.48,188600.491
2025-03-30 08:00:00,125.48,126.43,124.66,125.12,254954.045
2025-03-30 12:00:00,125.12,125.59,123.15,124.92,387216.248
2025-03-30 16:00:00,124.92,127.08,123.0,125.85,290593.515
2025-03-30 20:00:00,125.84,126.37,123.19,124.82,291139.158
2025-03-31 00:00:00,124.83,127.63,122.75,124.56,456755.469
2025-03-31 04:00:00,124.57,127.08,124.33,125.88,428772.482
2025-03-31 08:00:00,125.89,126.7,123.05,124.28,534871.913
2025-03-31 12:00:00,124.27,127.81,123.22,126.78,1303614.149
2025-03-31 16:00:00,126.77,127.36,123.83,125.25,542225.867
2025-03-31 20:00:00,125.25,126.27,124.47,124.54,464388.973
2025-04-01 00:00:00,124.53,126.72,123.74,126.06,456527.231
2025-04-01 04:00:00,126.07,126.78,125.59,126.69,289286.331
2025-04-01 08:00:00,126.69,129.97,126.68,127.61,715628.001
2025-04-01 12:00:00,127.6,130.55,124.68,129.27,1325487.084
2025-04-01 16:00:00,129.27,129.64,125.52,126.82,491681.836
2025-04-01 20:00:00,126.82,127.53,125.3,126.67,275667.365
2025-04-02 00:00:00,126.68,126.96,124.1,124.32,360376.601
2025-04-02 04:00:00,124.32,125.03,123.5,124.55,315887.887
2025-04-02 08:00:00,124.54,126.73,124.28,125.69,343921.196
2025-04-02 12:00:00,125.7,131.16,125.12,130.43,1459216.398
2025-04-02 16:00:00,130.43,131.79,129.17,131.43,830662.196
2025-04-02 20:00:00,131.42,136.21,117.0,117.42,2978844.402
2025-04-03 00:00:00,117.42,120.94,116.25,119.8,1382064.844
2025-04-03 04:00:00,119.81,120.86,117.9,118.64,839800.031
2025-04-03 08:00:00,118.64,119.22,115.11,115.74,971616.952
2025-04-03 12:00:00,115.74,116.04,112.24,114.16,1414822.953
2025-04-03 16:00:00,114.17,116.0,113.26,115.42,882146.55
2025-04-03 20:00:00,115.43,117.45,115.08,117.17,364415.948
2025-04-04 00:00:00,117.17,117.5,114.63,115.4,496369.612
2025-04-04 04:00:00,115.41,118.35,114.73,118.18,684370.718
2025-04-04 08:00:00,118.17,119.94,113.25,114.54,1014820.91
2025-04-04 12:00:00,114.53,120.99,113.96,118.6,1694857.327
2025-04-04 16:00:00,118.6,123.98,118.23,122.61,1400599.221
2025-04-04 20:00:00,122.61,124.0,121.78,122.79,430054.532
2025-04-05 00:00:00,122.8,122.85,120.66,120.73,327845.359
2025-04-05 04:00:00,120.72,121.32,120.18,121.07,215636.507
2025-04-05 08:00:00,121.07,121.96,119.86,120.28,269080.287
2025-04-05 12:00:00,120.29,120.33,117.15,117.55,467518.899
2025-04-05 16:00:00,117.55,119.35,117.52,118.63,234342.093
2025-04-05 20:00:00,118.63,120.56,118.41,120.32,269958.155
2025-04-06 00:00:00,120.33,121.13,119.43,119.98,217230.754
2025-04-06 04:00:00,119.99,120.6,118.82,119.21,213970.852
2025-04-06 08:00:00,119.2,120.18,118.18,118.62,214065.208
2025-04-06 12:00:00,118.61,118.86,114.3,114.97,755225.63
2025-04-06 16:00:00,114.96,115.26,106.28,108.07,1992197.845
2025-04-06 20:00:00,108.08,108.55,103.81,105.91,1541656.696
2025-04-07 00:00:00,105.9,107.82,102.22,103.27,1464905.201
2025-04-07 04:00:00,103.27,103.77,95.26,97.14,2680762.496
2025-04-07 08:00:00,97.14,102.64,96.93,100.29,1763746.244
2025-04-07 12:00:00,100.3,113.0,99.74,106.65,4896344.113
2025-04-07 16:00:00,106.65,107.98,103.56,105.75,1254447.666
2025-04-07 20:00:00,105.75,109.3,105.74,106.99,570459.273
2025-04-08 00:00:00,106.98,112.58,106.65,111.31,902739.705
2025-04-08 04:00:00,111.3,112.16,107.97,108.7,627406.872
2025-04-08 08:00:00,108.69,111.82,107.15,111.56,649111.464
2025-04-08 12:00:00,111.56,112.2,106.68,107.2,1520093.694
2025-04-08 16:00:00,107.19,107.29,102.96,104.06,1419684.359
2025-04-08 20:00:00,104.06,106.48,103.67,105.4,720093.688
2025-04-09 00:00:00,105.4,106.6,101.26,103.15,1281631.768
2025-04-09 04:00:00,103.14,107.85,103.04,107.37,1092739.892
2025-04-09 08:00:00,107.37,108.26,102.75,103.43,1123041.729
2025-04-09 12:00:00,103.42,107.43,102.31,106.54,1144877.072
2025-04-09 16:00:00,106.54,121.0,106.22,118.95,3832842.415
2025-04-09 20:00:00,118.95,120.5,118.07,119.05,859453.263
2025-04-10 00:00:00,119.05,119.3,114.5,115.49,733019.523
2025-04-10 04:00:00,115.5,116.99,114.05,114.78,1103888.042
2025-04-10 08:00:00,114.79,115.24,113.39,113.95,556270.738
2025-04-10 12:00:00,113.94,115.76,109.39,109.6,1731619.491
2025-04-10 16:00:00,109.6,111.9,108.21,111.34,1048568.877
2025-04-10 20:00:00,111.34,113.4,111.27,112.81,392957.958
2025-04-11 00:00:00,112.8,115.78,112.16,115.41,520424.442
2025-04-11 04:00:00,115.42,117.76,115.0,116.59,388685.254
2025-04-11 08:00:00,116.6,119.4,115.87,118.02,945814.241
2025-04-11 12:00:00,118.03,121.57,117.58,119.91,1354246.441
2025-04-11 16:00:00,119.91,122.0,118.66,120.87,740557.094
2025-04-11 20:00:00,120.87,122.65,119.99,121.41,394339.417
2025-04-12 00:00:00,121.41,122.23,119.41,120.18,440133.08
2025-04-12 04:00:00,120.18,124.57,119.82,124.26,836715.985
2025-04-12 08:00:00,124.26,125.52,124.01,124.6,467294.75
2025-04-12 12:00:00,124.6,131.77,124.39,130.47,1413322.317
2025-04-12 16:00:00,130.47,131.55,128.2,130.71,749731.3
2025-04-12 20:00:00,130.72,134.11,130.6,132.24,713068.423
2025-04-13 00:00:00,132.24,133.96,130.87,131.81,626515.872
2025-04-13 04:00:00,131.81,132.03,128.17,128.55,592221.793
2025-04-13 08:00:00,128.55,131.61,128.2,129.82,601099.587
2025-04-13 12:00:00,129.82,130.43,126.78,128.72,688010.234
2025-04-13 16:00:00,128.71,132.56,127.05,128.21,762990.549
2025-04-13 20:00:00,128.22,130.0,125.32,128.38,783532.568
2025-04-14 00:00:00,128.38,136.13,127.98,131.73,969351.362
2025-04-14 04:00:00,131.74,134.34,131.1,132.3,495931.913
2025-04-14 08:00:00,132.31,134.17,131.5,133.5,542882.306
2025-04-14 12:00:00,133.5,134.79,128.12,128.8,1180939.397
2025-04-14 16:00:00,128.8,131.99,128.08,131.08,619493.674
2025-04-14 20:00:00,131.09,131.19,128.65,129.42,341652.798
2025-04-15 00:00:00,129.41,130.75,127.71,130.54,517850.864
2025-04-15 04:00:00,130.54,132.3,129.68,131.55,396556.909
2025-04-15 08:00:00,131.55,133.92,131.34,132.15,515048.186
2025-04-15 12:00:00,132.14,134.45,129.07,129.61,930044.329
2025-04-15 16:00:00,129.62,130.6,127.31,127.88,538794.561
2025-04-15 20:00:00,127.89,128.59,125.82,126.11,533187.648
2025-04-16 00:00:00,126.1,127.35,124.8,126.44,533551.256
2025-04-16 04:00:00,126.45,126.68,124.37,124.78,414706.324
2025-04-16 08:00:00,124.78,126.68,123.49,126.27,603391.926
2025-04-16 12:00:00,126.26,129.6,124.46,128.39,1203324.57
2025-04-16 16:00:00,128.4,133.91,124.86,132.45,1847730.44
2025-04-16 20:00:00,132.45,133.71,130.78,131.33,718064.478
2025-04-17 00:00:00,131.33,132.67,129.5,129.79,543337.549
2025-04-17 04:00:00,129.79,135.59,129.62,134.26,769719.73
2025-04-17 08:00:00,134.25,135.0,132.43,133.12,522574.074
2025-04-17 12:00:00,133.12,134.5,130.55,133.45,851429.304
2025-04-17 16:00:00,133.45,136.2,132.0,132.91,803140.577
2025-04-17 20:00:00,132.91,135.29,132.91,134.83,327258.484
2025-04-18 00:00:00,134.84,136.02,133.78,134.51,547917.484
2025-04-18 04:00:00,134.52,135.03,133.26,134.91,402212.327
2025-04-18 08:00:00,134.91,135.54,133.56,134.27,388279.807
2025-04-18 12:00:00,134.27,135.21,132.47,132.91,832148.24
2025-04-18 16:00:00,132.91,134.47,132.69,134.21,221737.273
2025-04-18 20:00:00,134.21,134.4,133.23,134.04,164046.743
2025-04-19 00:00:00,134.05,139.16,133.58,138.82,873032.032
2025-04-19 04:00:00,138.82,139.47,137.78,138.76,378654.863
2025-04-19 08:00:00,138.76,139.96,138.47,138.77,460949.872
2025-04-19 12:00:00,138.77,140.5,138.51,138.95,407392.445
2025-04-19 16:00:00,138.96,139.49,137.67,138.71,509276.06
2025-04-19 20:00:00,138.7,139.9,138.34,139.87,186732.796
2025-04-20 00:00:00,139.86,141.96,139.4,140.96,451629.395
2025-04-20 04:00:00,140.96,141.62,138.6,139.61,419899.112
2025-04-20 08:00:00,139.61,139.8,135.82,136.38,1401727.604
2025-04-20 12:00:00,136.38,138.03,135.64,135.94,601538.546
2025-04-20 16:00:00,135.94,137.25,135.72,137.2,287638.289
2025-04-20 20:00:00,137.19,138.5,136.37,137.86,335665.669
2025-04-21 00:00:00,137.86,143.25,137.66,139.39,1048611.685
2025-04-21 04:00:00,139.39,141.85,139.22,140.17,515627.088
2025-04-21 08:00:00,140.18,141.14,138.31,138.99,385571.883
2025-04-21 12:00:00,138.98,140.11,136.76,138.33,914772.915
2025-04-21 16:00:00,138.32,138.81,133.82,136.94,1439910.656
2025-04-21 20:00:00,136.94,137.43,135.35,136.56,352906.276
2025-04-22 00:00:00,136.57,139.87,134.68,139.35,613827.632
2025-04-22 04:00:00,139.35,140.62,138.43,140.19,570257.469
2025-04-22 08:00:00,140.19,140.77,138.96,140.45,391298.379
2025-04-22 12:00:00,140.45,145.52,140.05,145.32,1380713.563
2025-04-22 16:00:00,145.31,147.71,143.52,144.24,964839.29
2025-04-22 20:00:00,144.24,150.23,143.46,148.79,1157473.203
2025-04-23 00:00:00,148.78,149.47,147.13,149.24,621507.273
2025-04-23 04:00:00,149.24,152.3,148.58,151.58,899298.892
2025-04-23 08:00:00,151.58,153.74,151.0,152.09,888149.692
2025-04-23 12:00:00,152.09,154.21,148.71,151.41,1499295.107
2025-04-23 16:00:00,151.41,152.49,148.94,150.16,590127.94
2025-04-23 20:00:00,150.16,151.82,149.83,151.1,302999.566
2025-04-24 00:00:00,151.1,151.45,147.66,147.76,517099.25
2025-04-24 04:00:00,147.76,149.17,146.95,147.17,426678.601
2025-04-24 08:00:00,147.16,147.8,144.87,147.7,796094.133
2025-04-24 12:00:00,147.7,151.46,147.07,149.34,790217.881
2025-04-24 16:00:00,149.35,152.45,148.84,151.54,660109.668
2025-04-24 20:00:00,151.54,152.9,150.0,152.55,345660.951
2025-04-25 00:00:00,152.55,154.5,150.53,151.74,594679.235
2025-04-25 04:00:00,151.73,155.0,150.73,154.86,500602.292
2025-04-25 08:00:00,154.85,155.02,152.94,154.75,703703.672
2025-04-25 12:00:00,154.75,157.0,152.2,152.94,1379529.65
2025-04-25 16:00:00,152.94,153.24,150.43,151.4,639178.741
2025-04-25 20:00:00,151.39,152.5,149.87,150.82,409074.383
2025-04-26 00:00:00,150.82,153.17,150.82,151.36,328735.587
2025-04-26 04:00:00,151.36,152.35,150.0,151.36,242846.799
2025-04-26 08:00:00,151.36,152.33,148.0,148.51,480272.965
2025-04-26 12:00:00,148.51,149.58,147.75,149.31,378129.548
2025-04-26 16:00:00,149.32,149.46,148.33,149.25,168710.431
2025-04-26 20:00:00,149.24,149.66,148.34,149.21,168110.55
2025-04-27 00:00:00,149.22,150.41,146.07,147.55,452255.799
2025-04-27 04:00:00,147.56,147.88,145.51,147.43,247164.955
2025-04-27 08:00:00,147.43,148.77,147.35,147.95,172654.461
2025-04-27 12:00:00,147.96,149.75,147.0,149.01,327987.42
2025-04-27 16:00:00,149.02,150.25,148.2,150.03,194099.476
2025-04-27 20:00:00,150.02,150.1,147.83,147.98,205815.78
2025-04-28 00:00:00,147.97,149.6,144.63,148.39,624877.046
2025-04-28 04:00:00,148.38,151.5,148.38,151.09,346144.631
2025-04-28 08:00:00,151.09,153.4,148.97,151.7,991977.086
2025-04-28 12:00:00,151.69,151.84,145.54,146.34,782658.061
2025-04-28 16:00:00,146.33,148.88,145.38,148.43,487674.722
2025-04-28 20:00:00,148.42,148.45,146.54,147.84,274618.899
2025-04-29 00:00:00,147.84,149.21,146.92,147.47,418937.589
2025-04-29 04:00:00,147.46,148.96,145.55,148.88,356386.869
2025-04-29 08:00:00,148.88,149.5,147.61,149.0,379431.688
2025-04-29 12:00:00,148.99,149.24,146.86,148.02,427607.843
2025-04-29 16:00:00,148.01,150.39,147.7,149.29,424733.728
2025-04-29 20:00:00,149.28,149.52,145.0,146.31,491894.775
2025-04-30 00:00:00,146.3,148.67,145.06,148.17,425773.738
2025-04-30 04:00:00,148.17,148.38,146.11,146.4,247386.191
2025-04-30 08:00:00,146.39,148.0,146.04,147.94,175650.937
2025-04-30 12:00:00,147.93,147.99,140.32,142.22,1056793.852
2025-04-30 16:00:00,142.21,146.06,141.37,145.62,490311.415
2025-04-30 20:00:00,145.62,148.12,145.36,147.54,384900.23
2025-05-01 00:00:00,147.54,149.62,147.54,148.71,361054.475
2025-05-01 04:00:00,148.71,150.25,147.99,149.8,333269.484
2025-05-01 08:00:00,149.79,152.47,149.56,151.75,486460.951
2025-05-01 12:00:00,151.75,153.99,150.62,151.8,867442.077
2025-05-01 16:00:00,151.8,152.86,150.04,150.26,775061.065
2025-05-01 20:00:00,150.26,150.96,149.87,150.85,213993.402
2025-05-02 00:00:00,150.85,151.72,149.99,150.78,371032.51
2025-05-02 04:00:00,150.78,151.05,148.37,148.52,412808.32
2025-05-02 08:00:00,148.52,150.81,148.4,150.73,241501.893
2025-05-02 12:00:00,150.72,151.91,149.28,149.88,557526.504
2025-05-02 16:00:00,149.89,151.43,147.7,148.08,414267.28
2025-05-02 20:00:00,148.09,148.65,147.3,148.05,219126.566
2025-05-03 00:00:00,148.04,149.05,147.52,148.3,210266.37
2025-05-03 04:00:00,148.3,148.58,147.38,148.08,176952.341
2025-05-03 08:00:00,148.08,148.4,146.68,147.14,303702.758
2025-05-03 12:00:00,147.14,149.0,147.13,148.46,307870.686
2025-05-03 16:00:00,148.47,148.47,145.82,147.42,266722.962
2025-05-03 20:00:00,147.42,147.91,146.63,146.71,141068.443
2025-05-04 00:00:00,146.71,147.71,145.5,145.61,190012.87
2025-05-04 04:00:00,145.61,146.54,145.17,145.62,235365.637
2025-05-04 08:00:00,145.62,146.01,144.68,145.45,388439.088
2025-05-04 12:00:00,145.46,147.27,144.94,146.84,241870.325
2025-05-04 16:00:00,146.83,147.81,146.0,146.18,250358.408
2025-05-04 20:00:00,146.18,147.14,143.5,143.95,307312.225
2025-05-05 00:00:00,143.94,145.44,142.5,144.91,355187.502
2025-05-05 04:00:00,144.91,147.36,144.89,146.88,276946.352
2025-05-05 08:00:00,146.88,147.05,143.56,144.19,274401.447
2025-05-05 12:00:00,144.18,145.42,143.16,143.76,388956.856
2025-05-05 16:00:00,143.76,147.14,143.68,146.48,407143.464
2025-05-05 20:00:00,146.48,147.73,144.95,146.72,328360.18
2025-05-06 00:00:00,146.72,146.83,143.8,144.63,367296.356
2025-05-06 04:00:00,144.63,145.88,144.32,145.28,204464.029
2025-05-06 08:00:00,145.27,145.28,142.0,142.57,424425.083
2025-05-06 12:00:00,142.57,143.96,141.41,143.18,462147.178
2025-05-06 16:00:00,143.18,145.28,142.42,144.85,381449.415
2025-05-06 20:00:00,144.85,147.23,143.52,146.88,512528.874
2025-05-07 00:00:00,146.89,149.54,145.43,146.24,576871.733
2025-05-07 04:00:00,146.23,147.32,145.43,147.27,197765.439
2025-05-07 08:00:00,147.27,148.29,146.93,147.59,275188.956
2025-05-07 12:00:00,147.6,147.74,145.43,145.75,380726.041
2025-05-07 16:00:00,145.75,147.34,144.68,145.77,525191.445
2025-05-07 20:00:00,145.77,148.35,145.48,147.32,484822.67
2025-05-08 00:00:00,147.32,151.19,147.08,150.87,586318.16
2025-05-08 04:00:00,150.88,151.97,149.97,151.57,786307.046
2025-05-08 08:00:00,151.57,155.28,151.53,154.57,695506.267
2025-05-08 12:00:00,154.57,163.18,154.18,160.24,1803513.916
2025-05-08 16:00:00,160.23,161.07,158.52,160.53,1104587.546
2025-05-08 20:00:00,160.54,164.6,159.75,164.46,1064389.683
2025-05-09 00:00:00,164.46,164.46,161.34,161.37,644843.302
2025-05-09 04:00:00,161.37,166.91,161.07,165.08,826538.8
2025-05-09 08:00:00,165.08,176.15,164.3,172.32,2367640.729
2025-05-09 12:00:00,172.33,173.44,167.36,170.75,1428271.654
2025-05-09 16:00:00,170.76,172.58,168.59,171.89,672993.851
2025-05-09 20:00:00,171.9,173.81,171.15,172.78,378286.313
2025-05-10 00:00:00,172.77,175.19,170.66,171.59,449443.818
2025-05-10 04:00:00,171.59,172.54,169.76,172.32,387316.261
2025-05-10 08:00:00,172.32,173.4,168.72,169.0,671046.586
2025-05-10 12:00:00,169.0,172.03,169.0,171.07,415046.499
2025-05-10 16:00:00,171.07,173.83,170.86,172.22,523576.162
2025-05-10 20:00:00,172.22,178.98,171.41,177.89,893271.853
2025-05-11 00:00:00,177.89,180.26,172.92,175.86,1151356.383
2025-05-11 04:00:00,175.86,177.7,172.29,172.6,476338.515
2025-05-11 08:00:00,172.61,175.04,172.58,174.76,320930.122
2025-05-11 12:00:00,174.76,175.22,169.35,170.48,582839.69
2025-05-11 16:00:00,170.48,173.43,169.4,172.73,419532.052
2025-05-11 20:00:00,172.72,173.85,171.26,173.19,259732.758
2025-05-12 00:00:00,173.2,176.88,171.74,174.9,698943.076
2025-05-12 04:00:00,174.9,179.79,173.63,176.09,1397760.785
2025-05-12 08:00:00,176.08,177.01,173.64,174.11,791743.579
2025-05-12 12:00:00,174.1,181.46,174.0,174.4,1841197.937
2025-05-12 16:00:00,174.39,176.67,168.31,171.22,1132361.922
2025-05-12 20:00:00,171.22,174.81,170.41,174.22,383725.678
2025-05-13 00:00:00,174.22,174.38,166.94,166.97,725687.793
2025-05-13 04:00:00,166.98,172.44,166.18,171.49,531456.72
2025-05-13 08:00:00,171.49,175.15,170.93,174.0,444451.876
2025-05-13 12:00:00,174.0,176.31,172.11,176.09,968525.19
2025-05-13 16:00:00,176.08,184.45,175.72,182.05,1184464.876
2025-05-13 20:00:00,182.05,184.83,180.35,183.75,732456.943
2025-05-14 00:00:00,183.75,184.88,179.11,180.28,892108.183
2025-05-14 04:00:00,180.28,183.99,179.86,181.72,537256.044
2025-05-14 08:00:00,181.73,182.62,177.57,181.06,708105.908
2025-05-14 12:00:00,181.06,181.89,175.6,177.35,766121.297
2025-05-14 16:00:00,177.34,177.68,173.23,177.06,482846.691
2025-05-14 20:00:00,177.07,177.69,175.22,176.64,232717.13
2025-05-15 00:00:00,176.63,178.33,174.06,174.06,426083.866
2025-05-15 04:00:00,174.06,175.29,169.76,170.4,515629.439
2025-05-15 08:00:00,170.4,173.06,168.67,171.09,491536.874
2025-05-15 12:00:00,171.08,172.84,166.98,172.23,967334.357
2025-05-15 16:00:00,172.23,174.49,167.72,169.76,630724.358
2025-05-15 20:00:00,169.77,170.66,166.7,169.16,514728.83
2025-05-16 00:00:00,169.16,173.68,168.69,172.62,601701.173
2025-05-16 04:00:00,172.62,173.52,170.98,172.13,325723.391
2025-05-16 08:00:00,172.13,174.21,169.35,172.81,470266.696
2025-05-16 12:00:00,172.82,174.2,170.85,172.08,572666.991
2025-05-16 16:00:00,172.09,172.72,169.73,171.44,338527.912
2025-05-16 20:00:00,171.43,171.43,166.36,167.4,457500.508
2025-05-17 00:00:00,167.4,168.65,164.01,168.26,718454.782
2025-05-17 04:00:00,168.26,169.99,166.97,168.55,308739.525
2025-05-17 08:00:00,168.55,169.38,166.71,167.6,308673.825
2025-05-17 12:00:00,167.6,168.23,165.82,167.31,246994.126
2025-05-17 16:00:00,167.31,167.52,164.4,165.25,355959.501
2025-05-17 20:00:00,165.25,167.93,164.36,165.94,323299.947
2025-05-18 00:00:00,165.94,167.9,165.85,166.9,257060.17
2025-05-18 04:00:00,166.91,170.72,166.88,170.68,291793.914
2025-05-18 08:00:00,170.68,172.0,170.56,170.79,274171.724
2025-05-18 12:00:00,170.78,176.67,170.2,176.26,564060.339
2025-05-18 16:00:00,176.26,176.77,166.51,166.65,956928.492
2025-05-18 20:00:00,166.64,174.28,164.54,173.3,850596.297
2025-05-19 00:00:00,173.3,173.94,165.0,165.35,833700.651
2025-05-19 04:00:00,165.35,166.84,159.44,161.89,1070074.648
2025-05-19 08:00:00,161.9,162.7,160.44,162.19,450687.283
2025-05-19 12:00:00,162.19,164.76,160.16,164.21,704323.095
2025-05-19 16:00:00,164.2,167.39,162.78,166.61,655781.865
2025-05-19 20:00:00,166.6,167.8,165.14,166.86,361785.202
2025-05-20 00:00:00,166.87,173.11,166.78,169.19,939665.023
2025-05-20 04:00:00,169.18,170.64,167.08,167.34,438612.635
2025-05-20 08:00:00,167.35,168.14,165.23,166.47,412925.344
2025-05-20 12:00:00,166.46,167.36,164.51,166.64,465567.783
2025-05-20 16:00:00,166.63,169.13,164.56,168.17,493020.493
2025-05-20 20:00:00,168.16,169.38,166.26,168.59,385629.148
2025-05-21 00:00:00,168.59,170.92,166.78,169.97,564366.717
2025-05-21 04:00:00,169.97,171.76,168.32,168.85,588141.319
2025-05-21 08:00:00,168.85,169.64,167.35,169.34,293404.644
2025-05-21 12:00:00,169.33,173.65,168.37,172.17,881814.372
2025-05-21 16:00:00,172.17,174.95,165.51,171.14,1367771.005
2025-05-21 20:00:00,171.14,175.99,169.12,173.53,705112.343
2025-05-22 00:00:00,173.54,177.52,172.59,176.82,829467.629
2025-05-22 04:00:00,176.83,178.79,175.26,178.49,658437.282
2025-05-22 08:00:00,178.49,180.87,177.16,178.08,767226.679
2025-05-22 12:00:00,178.07,179.89,176.94,179.02,652369.756
2025-05-22 16:00:00,179.03,180.36,177.5,177.85,417292.692
2025-05-22 20:00:00,177.86,180.02,177.31,179.68,283428.824
2025-05-23 00:00:00,179.68,185.4,179.28,185.0,1011102.678
2025-05-23 04:00:00,185.01,185.32,179.99,182.55,682046.52
2025-05-23 08:00:00,182.56,187.71,177.1,177.91,1214646.339
2025-05-23 12:00:00,177.91,183.76,173.29,180.66,1875739.145
2025-05-23 16:00:00,180.67,182.25,178.41,179.14,658649.745
2025-05-23 20:00:00,179.13,179.26,173.23,174.01,670726.349
2025-05-24 00:00:00,174.0,176.02,172.5,175.11,567108.51
2025-05-24 04:00:00,175.11,176.39,173.46,173.92,396774.621
2025-05-24 08:00:00,173.93,178.33,173.24,176.9,493749.295
2025-05-24 12:00:00,176.89,177.13,175.05,176.31,333992.827
2025-05-24 16:00:00,176.32,177.68,175.31,177.14,246176.007
2025-05-24 20:00:00,177.14,177.91,175.35,175.87,280163.761
2025-05-25 00:00:00,175.87,176.88,170.36,173.64,655947.136
2025-05-25 04:00:00,173.64,174.41,171.88,172.34,250997.175
2025-05-25 08:00:00,172.35,172.36,170.13,171.98,509827.658
2025-05-25 12:00:00,171.99,172.66,169.14,170.29,453529.841
2025-05-25 16:00:00,170.29,172.77,169.18,172.52,277011.47
2025-05-25 20:00:00,172.53,175.91,170.96,175.74,383050.579
2025-05-26 00:00:00,175.75,177.83,175.04,177.01,561576.419
2025-05-26 04:00:00,177.02,179.02,176.6,178.16,377490.685
2025-05-26 08:00:00,178.15,178.36,176.42,177.91,301608.628
2025-05-26 12:00:00,177.91,178.8,175.89,177.49,394598.5
2025-05-26 16:00:00,177.49,178.06,173.48,174.05,370308.058
2025-05-26 20:00:00,174.05,176.04,173.64,174.91,209142.506
2025-05-27 00:00:00,174.92,175.79,171.24,173.51,442931.777
2025-05-27 04:00:00,173.5,175.9,172.5,175.46,310159.399
2025-05-27 08:00:00,175.47,177.17,175.01,176.8,325899.007
2025-05-27 12:00:00,176.8,179.41,175.02,178.44,784277.643
2025-05-27 16:00:00,178.45,179.3,177.43,177.5,421320.612
2025-05-27 20:00:00,177.51,178.64,175.42,176.71,283920.93
2025-05-28 00:00:00,176.72,177.45,174.22,175.12,378541.176
2025-05-28 04:00:00,175.13,175.33,173.7,173.89,241431.686
2025-05-28 08:00:00,173.9,174.53,172.86,174.51,324581.336
2025-05-28 12:00:00,174.52,175.13,168.92,169.7,873313.272
2025-05-28 16:00:00,169.71,172.03,169.13,169.42,468085.791
2025-05-28 20:00:00,169.42,172.66,169.23,172.21,248707.616
2025-05-29 00:00:00,172.22,175.34,171.35,173.7,553385.443
2025-05-29 04:00:00,173.69,173.95,170.12,172.23,326839.235
2025-05-29 08:00:00,172.23,173.46,171.64,172.88,251627.217
2025-05-29 12:00:00,172.87,172.92,169.03,169.75,598886.916
2025-05-29 16:00:00,169.76,170.3,166.03,166.84,638605.666
2025-05-29 20:00:00,166.83,168.55,165.96,166.71,272445.491
2025-05-30 00:00:00,166.71,167.51,160.13,165.16,870221.324
2025-05-30 04:00:00,165.15,165.86,162.57,162.68,449616.335
2025-05-30 08:00:00,162.68,164.16,161.48,163.83,471072.652
2025-05-30 12:00:00,163.83,163.96,160.1,161.23,615158.386
2025-05-30 16:00:00,161.23,161.77,156.01,160.81,854414.851
2025-05-30 20:00:00,160.81,161.03,155.22,156.2,509795.964
2025-05-31 00:00:00,156.2,157.24,152.14,154.16,765681.06
2025-05-31 04:00:00,154.15,155.86,153.03,154.84,240770.021
2025-05-31 08:00:00,154.85,155.26,152.62,152.92,320380.365
2025-05-31 12:00:00,152.92,156.77,152.57,155.63,468158.657
2025-05-31 16:00:00,155.64,157.97,155.19,157.52,332668.951
2025-05-31 20:00:00,157.53,158.01,156.31,156.45,224598.698
2025-06-01 00:00:00,156.45,156.73,153.4,154.72,317942.344
2025-06-01 04:00:00,154.72,155.94,154.14,154.45,192199.525
2025-06-01 08:00:00,154.45,154.64,150.59,152.05,453558.121
2025-06-01 12:00:00,152.05,154.57,150.66,154.17,309017.595
2025-06-01 16:00:00,154.18,156.73,153.47,155.89,510490.716
2025-06-01 20:00:00,155.88,157.92,155.18,157.68,258922.74
2025-06-02 00:00:00,157.68,158.93,155.36,155.46,379930.487
2025-06-02 04:00:00,155.46,156.73,154.66,155.55,284845.699
2025-06-02 08:00:00,155.54,156.55,152.95,153.45,492813.738
2025-06-02 12:00:00,153.44,154.5,151.67,153.16,577659.613
2025-06-02 16:00:00,153.16,155.13,151.77,152.95,389282.236
2025-06-02 20:00:00,152.96,157.24,152.92,156.83,377520.418
2025-06-03 00:00:00,156.83,162.38,156.39,159.44,768092.556
2025-06-03 04:00:00,159.45,160.2,158.22,159.82,261021.457
2025-06-03 08:00:00,159.83,161.65,158.28,160.56,374046.947
2025-06-03 12:00:00,160.56,163.64,159.44,162.2,594658.998
2025-06-03 16:00:00,162.21,162.41,159.98,160.56,328225.45
2025-06-03 20:00:00,160.56,160.59,154.14,155.19,523539.737
2025-06-04 00:00:00,155.19,157.63,154.18,156.56,418735.688
2025-06-04 04:00:00,156.57,157.02,155.72,156.42,178183.765
2025-06-04 08:00:00,156.42,157.92,155.72,155.92,245382.814
2025-06-04 12:00:00,155.92,157.97,154.58,157.13,401742.744
2025-06-04 16:00:00,157.13,157.57,155.28,155.37,239970.463
2025-06-04 20:00:00,155.36,155.59,152.94,153.26,506630.95
2025-06-05 00:00:00,153.27,154.61,153.0,153.83,320665.732
2025-06-05 04:00:00,153.84,154.15,151.9,152.44,761586.149
2025-06-05 08:00:00,152.44,153.04,151.28,152.37,322959.042
2025-06-05 12:00:00,152.38,154.41,148.54,150.9,833077.738
2025-06-05 16:00:00,150.9,151.11,144.15,146.2,985248.608
2025-06-05 20:00:00,146.2,146.6,141.53,144.29,1034503.806
2025-06-06 00:00:00,144.28,146.85,144.11,146.84,359753.145
2025-06-06 04:00:00,146.84,148.25,146.65,147.4,314776.104
2025-06-06 08:00:00,147.4,149.61,147.24,149.1,331158.082
2025-06-06 12:00:00,149.11,152.39,149.11,151.08,652005.603
2025-06-06 16:00:00,151.09,151.56,148.46,149.09,326373.539
2025-06-06 20:00:00,149.1,149.97,147.68,147.83,183724.641
2025-06-07 00:00:00,147.82,149.71,146.84,149.46,242735.582
2025-06-07 04:00:00,149.47,152.84,148.99,152.38,300726.678
2025-06-07 08:00:00,152.37,152.72,151.23,151.45,179152.49
2025-06-07 12:00:00,151.45,152.42,150.71,150.99,318207.437
2025-06-07 16:00:00,151.0,151.61,150.15,150.58,210222.573
2025-06-07 20:00:00,150.57,151.49,149.76,150.06,157159.855
2025-06-08 00:00:00,150.07,150.35,149.15,149.85,219074.514
2025-06-08 04:00:00,149.85,150.51,149.13,149.31,138677.605
2025-06-08 08:00:00,149.3,149.71,147.88,149.62,232937.473
2025-06-08 12:00:00,149.62,151.19,149.02,150.7,225287.801
2025-06-08 16:00:00,150.69,154.52,150.64,154.46,433260.695
2025-06-08 20:00:00,154.47,155.3,152.13,152.45,314762.278
2025-06-09 00:00:00,152.45,153.17,150.79,151.54,288776.062
2025-06-09 04:00:00,151.54,151.87,149.58,150.88,272080.358
2025-06-09 08:00:00,150.87,156.61,150.4,155.62,727822.673
2025-06-09 12:00:00,155.62,155.83,153.07,155.02,541305.262
2025-06-09 16:00:00,155.02,157.01,155.0,155.75,538679.122
2025-06-09 20:00:00,155.76,161.73,155.72,161.16,711064.788
2025-06-10 00:00:00,161.16,161.82,158.69,159.17,373703.071
2025-06-10 04:00:00,159.18,159.61,157.4,158.45,343045.127
2025-06-10 08:00:00,158.46,161.51,157.15,160.85,537599.279
2025-06-10 12:00:00,160.85,161.99,156.32,158.02,717430.019
2025-06-10 16:00:00,158.03,165.48,157.1,163.61,982700.13
2025-06-10 20:00:00,163.61,165.67,162.86,165.12,635081.537
2025-06-11 00:00:00,165.12,167.46,163.43,166.67,766347.637
2025-06-11 04:00:00,166.67,167.15,164.35,166.65,437800.647
2025-06-11 08:00:00,166.65,167.19,164.0,164.5,533461.191
2025-06-11 12:00:00,164.5,168.36,163.73,167.26,1038023.646
2025-06-11 16:00:00,167.27,167.44,162.39,162.64,656756.969
2025-06-11 20:00:00,162.64,163.86,159.21,160.97,587034.909
2025-06-12 00:00:00,160.98,161.28,159.28,159.87,426395.638
2025-06-12 04:00:00,159.87,160.56,158.28,158.8,328952.692
2025-06-12 08:00:00,158.8,159.92,157.42,157.72,455771.482
2025-06-12 12:00:00,157.72,160.64,156.44,157.02,613689.262
2025-06-12 16:00:00,157.02,160.46,154.5,154.84,487995.614
2025-06-12 20:00:00,154.84,155.47,152.02,152.32,570671.997
2025-06-13 00:00:00,152.32,152.59,140.21,144.76,2280448.408
2025-06-13 04:00:00,144.76,145.46,142.58,145.02,711498.216
2025-06-13 08:00:00,145.02,146.67,143.66,145.45,672915.64
2025-06-13 12:00:00,145.45,147.78,143.92,147.18,730693.916
2025-06-13 16:00:00,147.18,148.52,144.3,145.17,627940.565
2025-06-13 20:00:00,145.17,148.94,144.75,148.6,316286.038
2025-06-14 00:00:00,148.6,148.7,146.42,146.71,303413.942
2025-06-14 04:00:00,146.71,147.15,145.54,146.18,221756.179
2025-06-14 08:00:00,146.17,146.21,144.93,145.86,192168.769
2025-06-14 12:00:00,145.85,145.95,143.8,144.54,340759.98
2025-06-14 16:00:00,144.53,145.11,142.92,143.5,341155.243
2025-06-14 20:00:00,143.51,145.01,141.97,144.64,280740.638
2025-06-15 00:00:00,144.65,146.05,144.6,145.75,195420.068
2025-06-15 04:00:00,145.75,148.1,145.68,145.87,365597.827
2025-06-15 08:00:00,145.87,146.71,144.22,146.36,297480.129
2025-06-15 12:00:00,146.35,152.97,146.16,150.84,928987.126
2025-06-15 16:00:00,150.84,153.54,150.18,152.23,516532.463
2025-06-15 20:00:00,152.23,153.0,148.15,152.97,527982.003
2025-06-16 00:00:00,152.97,157.41,150.99,155.58,938467.777
2025-06-16 04:00:00,155.59,157.95,155.51,157.28,419157.505
2025-06-16 08:00:00,157.27,157.5,154.81,156.48,519194.024
2025-06-16 12:00:00,156.48,157.78,154.68,156.58,575446.561
2025-06-16 16:00:00,156.58,158.8,156.35,157.79,403163.621
2025-06-16 20:00:00,157.8,157.86,150.3,150.72,717767.297
2025-06-17 00:00:00,150.73,153.98,147.47,153.36,887864.701
2025-06-17 04:00:00,153.37,154.33,151.91,152.67,362748.302
2025-06-17 08:00:00,152.67,152.9,150.18,150.53,427122.512
2025-06-17 12:00:00,150.53,151.43,146.52,147.62,634730.455
2025-06-17 16:00:00,147.62,150.39,145.61,148.87,705640.21
2025-06-17 20:00:00,148.87,149.25,146.26,147.57,377542.679
2025-06-18 00:00:00,147.58,149.1,146.54,148.37,348215.558
2025-06-18 04:00:00,148.38,149.28,146.89,147.99,334984.172
2025-06-18 08:00:00,147.99,148.56,145.34,146.52,359523.159
2025-06-18 12:00:00,146.52,146.77,143.76,145.74,698361.506
2025-06-18 16:00:00,145.74,146.51,143.65,144.71,633743.727
2025-06-18 20:00:00,144.71,147.92,144.09,146.34,426080.858
2025-06-19 00:00:00,146.35,147.9,144.96,146.58,395349.138
2025-06-19 04:00:00,146.58,147.16,145.0,145.07,483704.797
2025-06-19 08:00:00,145.08,146.5,144.85,145.09,282924.398
2025-06-19 12:00:00,145.1,145.5,142.92,143.16,461435.515
2025-06-19 16:00:00,143.16,146.04,143.11,145.48,364892.127
2025-06-19 20:00:00,145.48,147.45,145.03,147.04,297029.754
2025-06-20 00:00:00,147.04,147.54,145.41,145.44,232426.675
2025-06-20 04:00:00,145.45,147.78,144.3,147.47,258030.337
2025-06-20 08:00:00,147.48,148.81,146.91,148.17,407145.424
2025-06-20 12:00:00,148.17,148.37,142.35,142.86,652353.824
2025-06-20 16:00:00,142.86,143.0,135.69,139.82,1542973.264
2025-06-20 20:00:00,139.81,141.71,138.67,140.11,300397.685
2025-06-21 00:00:00,140.11,141.34,139.54,140.76,259040.426
2025-06-21 04:00:00,140.75,140.98,139.85,140.64,158434.193
2025-06-21 08:00:00,140.64,142.6,140.29,142.08,366231.727
2025-06-21 12:00:00,142.08,142.46,139.15,140.3,444706.75
2025-06-21 16:00:00,140.29,141.05,137.22,137.28,542044.57
2025-06-21 20:00:00,137.29,138.9,130.9,135.43,1055966.477
2025-06-22 00:00:00,135.43,137.62,133.24,135.11,708682.132
2025-06-22 04:00:00,135.12,136.5,134.6,134.82,309529.393
2025-06-22 08:00:00,134.82,135.36,131.95,133.25,370187.075
2025-06-22 12:00:00,133.26,133.88,126.51,128.55,1524658.349
2025-06-22 16:00:00,128.56,131.48,128.29,129.06,462495.192
2025-06-22 20:00:00,129.07,132.56,126.0,131.71,876567.882
2025-06-23 00:00:00,131.71,133.53,131.53,132.67,452520.918
2025-06-23 04:00:00,132.67,135.01,132.35,134.38,358384.775
2025-06-23 08:00:00,134.38,134.88,133.25,134.09,260737.337
2025-06-23 12:00:00,134.1,137.5,132.91,133.43,939109.236
2025-06-23 16:00:00,133.44,140.27,130.68,139.79,1365362.733
2025-06-23 20:00:00,139.79,146.92,139.21,144.51,1197032.668
2025-06-24 00:00:00,144.51,144.77,142.31,143.24,411388.604
2025-06-24 04:00:00,143.23,146.77,142.84,144.01,550150.127
2025-06-24 08:00:00,144.01,145.81,143.02,144.57,468516.736
2025-06-24 12:00:00,144.56,145.7,143.44,144.31,550064.717
2025-06-24 16:00:00,144.31,146.62,142.84,143.61,481214.156
2025-06-24 20:00:00,143.61,145.96,143.19,145.92,280474.746
2025-06-25 00:00:00,145.93,146.9,145.02,145.52,285609.18
2025-06-25 04:00:00,145.51,147.49,144.88,147.01,294235.674
2025-06-25 08:00:00,147.01,147.13,145.03,146.26,347865.258
2025-06-25 12:00:00,146.26,147.95,143.12,143.69,717721.415
2025-06-25 16:00:00,143.7,144.74,142.82,144.74,339449.357
2025-06-25 20:00:00,144.74,145.61,142.25,143.57,248721.025
2025-06-26 00:00:00,143.57,148.0,143.43,145.9,391115.194
2025-06-26 04:00:00,145.91,146.07,144.02,145.15,313216.464
2025-06-26 08:00:00,145.16,145.81,143.2,143.65,310581.216
2025-06-26 12:00:00,143.65,143.96,141.41,143.0,569500.52
2025-06-26 16:00:00,143.0,143.24,140.89,142.29,359222.786
2025-06-26 20:00:00,142.28,143.96,138.62,139.06,578871.762
2025-06-27 00:00:00,139.05,141.58,137.14,141.36,486476.143
2025-06-27 04:00:00,141.37,142.22,140.18,140.33,272399.69
2025-06-27 08:00:00,140.33,142.8,140.32,142.15,332706.693
2025-06-27 12:00:00,142.15,143.85,141.15,143.47,456334.695
2025-06-27 16:00:00,143.47,144.85,140.12,141.78,525963.654
2025-06-27 20:00:00,141.77,143.36,141.63,142.09,397966.275
2025-06-28 00:00:00,142.09,143.55,141.13,143.4,295491.488
2025-06-28 04:00:00,143.39,146.81,143.08,146.57,417061.842
2025-06-28 08:00:00,146.56,147.62,145.61,147.15,673383.914
2025-06-28 12:00:00,147.14,148.67,145.87,148.17,356111.129
2025-06-28 16:00:00,148.16,152.7,148.1,150.67,729669.414
2025-06-28 20:00:00,150.67,151.37,150.04,150.72,186118.895
2025-06-29 00:00:00,150.73,151.08,149.42,149.47,321242.27
2025-06-29 04:00:00,149.47,150.33,149.36,150.32,168449.037
2025-06-29 08:00:00,150.33,152.24,149.93,151.68,318094.461
2025-06-29 12:00:00,151.68,152.55,150.72,150.75,353539.037
2025-06-29 16:00:00,150.76,152.24,149.72,151.18,291991.889
2025-06-29 20:00:00,151.19,154.77,150.35,153.32,696709.478
2025-06-30 00:00:00,153.32,154.08,151.26,151.77,451430.28
2025-06-30 04:00:00,151.77,152.02,149.7,150.64,349802.726
2025-06-30 08:00:00,150.63,151.07,149.45,150.38,307902.961
2025-06-30 12:00:00,150.38,159.99,149.67,157.83,1504747.342
2025-06-30 16:00:00,157.83,158.46,155.32,157.77,860505.414
2025-06-30 20:00:00,157.77,157.8,154.5,154.81,397001.612
2025-07-01 00:00:00,154.82,155.64,153.17,153.94,340192.158
2025-07-01 04:00:00,153.93,153.93,148.82,150.07,644254.074
2025-07-01 08:00:00,150.06,150.07,148.14,148.84,470324.364
2025-07-01 12:00:00,148.85,149.29,146.24,147.22,614792.649
2025-07-01 16:00:00,147.22,148.45,145.33,145.46,447403.103
2025-07-01 20:00:00,145.46,147.02,144.85,146.88,253895.826
2025-07-02 00:00:00,146.87,149.25,145.85,148.87,291945.51
2025-07-02 04:00:00,148.86,149.92,148.32,149.09,247056.613
2025-07-02 08:00:00,149.1,149.99,148.39,148.62,287353.961
2025-07-02 12:00:00,148.61,151.58,147.12,151.31,668722.473
2025-07-02 16:00:00,151.31,153.64,150.33,153.02,805466.996
2025-07-02 20:00:00,153.02,154.47,151.97,152.27,352028.726
2025-07-03 00:00:00,152.28,154.02,151.77,153.42,284069.238
2025-07-03 04:00:00,153.41,155.95,153.22,155.61,427649.297
2025-07-03 08:00:00,155.61,156.35,154.13,154.53,355566.232
2025-07-03 12:00:00,154.53,155.26,149.86,150.18,1053851.969
2025-07-03 16:00:00,150.18,152.04,149.91,151.81,331389.902
2025-07-03 20:00:00,151.81,153.26,151.81,152.36,233691.567
2025-07-04 00:00:00,152.35,153.16,150.9,151.69,219950.28
2025-07-04 04:00:00,151.7,153.88,150.27,150.48,442284.744
2025-07-04 08:00:00,150.48,150.98,149.02,150.21,336622.39
2025-07-04 12:00:00,150.22,151.25,146.29,146.57,618399.498
2025-07-04 16:00:00,146.56,147.0,145.22,146.72,427611.217
2025-07-04 20:00:00,146.73,148.37,146.37,147.7,263218.607
2025-07-05 00:00:00,147.69,148.56,147.2,147.75,162640.995
2025-07-05 04:00:00,147.76,148.52,146.72,147.86,231282.311
2025-07-05 08:00:00,147.85,148.55,146.81,148.18,216066.192
2025-07-05 12:00:00,148.19,148.7,147.05,147.12,186496.906
2025-07-05 16:00:00,147.11,147.26,145.9,146.89,261454.233
2025-07-05 20:00:00,146.89,148.02,146.47,147.55,116023.223
2025-07-06 00:00:00,147.55,147.65,146.85,147.35,132096.927
2025-07-06 04:00:00,147.35,148.5,147.08,147.9,191658.793
2025-07-06 08:00:00,147.89,148.04,146.78,147.98,147586.586
2025-07-06 12:00:00,147.99,152.09,147.86,151.53,978174.8
2025-07-06 16:00:00,151.53,153.2,150.68,151.27,643531.546
2025-07-06 20:00:00,151.28,153.89,151.23,151.86,393811.066
2025-07-07 00:00:00,151.86,152.9,150.24,151.86,261498.31
2025-07-07 04:00:00,151.86,152.45,150.89,152.38,252161.335
2025-07-07 08:00:00,152.37,153.6,151.65,152.78,263725.757
2025-07-07 12:00:00,152.79,153.43,151.02,151.07,420369.75
2025-07-07 16:00:00,151.07,151.59,148.63,148.97,561944.671
2025-07-07 20:00:00,148.96,148.96,147.7,148.88,415027.9
2025-07-08 00:00:00,148.89,150.1,147.85,148.64,291723.602
2025-07-08 04:00:00,148.64,149.75,148.2,149.66,195490.528
2025-07-08 08:00:00,149.65,151.67,149.54,151.31,485861.394
2025-07-08 12:00:00,151.31,152.88,149.77,149.83,606860.361
2025-07-08 16:00:00,149.84,152.83,149.03,151.63,610032.824
2025-07-08 20:00:00,151.63,151.94,150.0,151.67,522900.614
2025-07-09 00:00:00,151.68,152.34,151.06,151.29,203649.988
2025-07-09 04:00:00,151.29,153.88,150.53,153.01,568484.501
2025-07-09 08:00:00,153.01,154.43,152.33,153.73,301686.929
2025-07-09 12:00:00,153.74,155.53,152.87,153.97,744915.802
2025-07-09 16:00:00,153.98,157.86,153.23,157.27,623183.791
2025-07-09 20:00:00,157.26,157.93,155.46,157.05,465298.737
2025-07-10 00:00:00,157.06,159.34,155.93,157.35,337576.402
2025-07-10 04:00:00,157.35,158.63,156.67,157.89,307194.328
2025-07-10 08:00:00,157.9,159.17,157.16,157.65,242425.44
2025-07-10 12:00:00,157.66,158.37,155.64,156.43,522859.232
2025-07-10 16:00:00,156.44,161.18,156.16,159.34,1013216.636
2025-07-10 20:00:00,159.34,165.43,159.23,164.34,1005110.311
2025-07-11 00:00:00,164.33,165.4,161.94,165.22,518721.559
2025-07-11 04:00:00,165.22,166.8,163.14,163.27,756764.8
2025-07-11 08:00:00,163.28,165.38,163.28,163.87,412025.879
2025-07-11 12:00:00,163.88,168.2,161.78,162.34,1345966.159
2025-07-11 16:00:00,162.34,165.03,161.27,164.58,703844.235
2025-07-11 20:00:00,164.58,164.83,159.54,162.93,616857.081
2025-07-12 00:00:00,162.92,163.9,161.78,163.45,283317.854
2025-07-12 04:00:00,163.46,163.84,162.03,163.22,231949.412
2025-07-12 08:00:00,163.21,163.43,161.41,161.62,253373.539
2025-07-12 12:00:00,161.62,161.81,157.74,158.14,826526.974
2025-07-12 16:00:00,158.14,160.75,157.93,160.71,289431.522
2025-07-12 20:00:00,160.71,160.94,158.94,160.69,158612.641
2025-07-13 00:00:00,160.7,161.78,160.2,161.21,206427.796
2025-07-13 04:00:00,161.21,162.98,161.04,162.67,240939.832
2025-07-13 08:00:00,162.67,162.74,161.57,162.06,169802.196
2025-07-13 12:00:00,162.06,164.19,161.79,162.04,460783.798
2025-07-13 16:00:00,162.04,163.55,160.53,162.54,423197.452
2025-07-13 20:00:00,162.53,163.06,159.63,161.15,428594.777
2025-07-14 00:00:00,161.15,168.2,160.61,167.11,844220.103
2025-07-14 04:00:00,167.11,168.65,165.37,167.25,845339.49
2025-07-14 08:00:00,167.26,168.15,166.04,166.53,513407.239
2025-07-14 12:00:00,166.53,168.6,163.04,163.96,821594.129
2025-07-14 16:00:00,163.96,165.35,162.42,164.3,537141.034
2025-07-14 20:00:00,164.31,164.31,161.67,162.21,412004.538
2025-07-15 00:00:00,162.21,162.89,158.17,159.15,700903.11
2025-07-15 04:00:00,159.14,160.87,158.26,159.54,376259.668
2025-07-15 08:00:00,159.54,160.14,158.39,159.86,359129.829
2025-07-15 12:00:00,159.87,162.17,157.23,160.47,939668.527
2025-07-15 16:00:00,160.46,163.7,159.98,160.22,818422.085
2025-07-15 20:00:00,160.22,164.26,159.71,163.98,470912.534
2025-07-16 00:00:00,163.98,165.26,161.51,162.5,491283.404
2025-07-16 04:00:00,162.51,164.64,161.79,164.05,303621.479
2025-07-16 08:00:00,164.05,167.58,163.81,166.66,775699.801
2025-07-16 12:00:00,166.66,168.84,165.4,168.45,1075941.567
2025-07-16 16:00:00,168.45,174.7,168.4,174.16,1541209.535
2025-07-16 20:00:00,174.15,176.0,172.37,173.63,832532.337
2025-07-17 00:00:00,173.62,174.85,168.71,169.54,769849.322
2025-07-17 04:00:00,169.53,174.17,169.24,174.02,552386.659
2025-07-17 08:00:00,174.02,178.19,172.67,176.17,808987.943
2025-07-17 12:00:00,176.16,177.54,172.78,174.13,855184.444
2025-07-17 16:00:00,174.12,175.42,171.21,173.05,620916.809
2025-07-17 20:00:00,173.05,177.4,171.34,175.87,884230.55
2025-07-18 00:00:00,175.88,181.15,175.29,180.8,991006.965
2025-07-18 04:00:00,180.79,184.67,179.86,180.94,1288132.836
2025-07-18 08:00:00,180.93,181.97,177.1,178.46,660085.162
2025-07-18 12:00:00,178.45,182.02,174.86,177.02,1101371.576
2025-07-18 16:00:00,177.02,179.11,176.15,176.99,511602.663
2025-07-18 20:00:00,176.98,177.62,173.24,177.28,639653.966
2025-07-19 00:00:00,177.28,177.69,174.0,177.45,354342.522
2025-07-19 04:00:00,177.45,177.77,176.1,176.99,291461.055
2025-07-19 08:00:00,176.99,177.81,175.41,176.59,226657.409
2025-07-19 12:00:00,176.6,177.88,174.8,177.4,472760.528
2025-07-19 16:00:00,177.41,178.19,176.12,177.04,248145.005
2025-07-19 20:00:00,177.04,178.61,174.91,176.96,465948.489
2025-07-20 00:00:00,176.97,179.75,176.33,177.98,729412.703
2025-07-20 04:00:00,177.97,178.67,176.94,177.94,258410.01
2025-07-20 08:00:00,177.95,181.51,177.95,180.44,484114.255
2025-07-20 12:00:00,180.44,183.17,179.96,181.96,814946.359
2025-07-20 16:00:00,181.97,183.66,180.25,181.99,762318.509
2025-07-20 20:00:00,182.0,182.39,177.8,181.43,645653.079
2025-07-21 00:00:00,181.44,187.04,178.25,186.71,938605.848
2025-07-21 04:00:00,186.71,191.08,185.06,190.07,895269.545
2025-07-21 08:00:00,190.06,192.99,189.69,191.4,1168585.825
2025-07-21 12:00:00,191.39,199.28,190.22,196.79,1643494.924
2025-07-21 16:00:00,196.79,197.25,193.01,194.63,1305545.557
2025-07-21 20:00:00,194.64,197.78,193.64,195.72,544405.48
2025-07-22 00:00:00,195.72,204.67,193.75,200.09,2435412.987
2025-07-22 04:00:00,200.08,201.32,194.1,198.1,1542930.55
2025-07-22 08:00:00,198.1,200.15,194.05,199.91,1047292.012
2025-07-22 12:00:00,199.91,204.99,196.95,201.83,1916439.915
2025-07-22 16:00:00,201.82,204.24,198.39,198.92,1020851.727
2025-07-22 20:00:00,198.91,206.3,198.39,205.7,672699.982
2025-07-23 00:00:00,205.7,205.75,200.99,201.39,641791.745
2025-07-23 04:00:00,201.4,202.26,198.88,199.46,446529.365
2025-07-23 08:00:00,199.47,200.0,195.86,197.42,573102.72
2025-07-23 12:00:00,197.41,197.57,187.61,192.72,1924581.79
2025-07-23 16:00:00,192.72,192.75,186.01,188.08,1017136.74
2025-07-23 20:00:00,188.09,190.04,183.97,189.4,944995.139
2025-07-24 00:00:00,189.4,191.87,188.48,189.85,505356.649
2025-07-24 04:00:00,189.85,190.12,179.21,184.21,1272610.88
2025-07-24 08:00:00,184.2,186.92,182.92,186.4,679593.958
2025-07-24 12:00:00,186.41,191.76,183.36,188.53,1133457.461
2025-07-24 16:00:00,188.54,190.04,184.85,187.99,821896.496
2025-07-24 20:00:00,187.99,189.06,182.01,182.87,804149.427
2025-07-25 00:00:00,182.88,183.54,175.63,177.71,1090465.703
2025-07-25 04:00:00,177.72,179.78,175.91,177.51,749156.28
2025-07-25 08:00:00,177.51,182.08,176.86,181.12,818502.62
2025-07-25 12:00:00,181.12,181.89,176.24,178.2,796177.263
2025-07-25 16:00:00,178.19,182.84,177.47,182.17,618370.939
2025-07-25 20:00:00,182.16,186.85,182.08,186.76,408637.635
2025-07-26 00:00:00,186.75,186.93,184.48,185.97,351534.604
2025-07-26 04:00:00,185.97,187.14,185.63,186.43,210088.884
2025-07-26 08:00:00,186.43,189.78,186.42,187.74,426910.756
2025-07-26 12:00:00,187.75,188.48,186.05,187.52,307043.382
2025-07-26 16:00:00,187.53,187.8,185.06,186.45,232333.333
2025-07-26 20:00:00,186.44,186.76,184.29,184.88,245542.916
2025-07-27 00:00:00,184.89,187.59,184.53,187.19,210948.8
2025-07-27 04:00:00,187.19,188.33,186.62,187.22,230105.751
2025-07-27 08:00:00,187.22,188.57,186.18,187.01,268813.946
2025-07-27 12:00:00,187.02,187.34,184.9,186.47,381338.1
2025-07-27 16:00:00,186.48,189.76,185.95,186.92,648131.865
2025-07-27 20:00:00,186.92,190.7,186.44,188.64,493721.671
2025-07-28 00:00:00,188.64,193.82,187.66,193.35,644448.782
2025-07-28 04:00:00,193.34,195.26,191.64,192.37,661554.847
2025-07-28 08:00:00,192.36,193.36,190.63,192.0,362433.148
2025-07-28 12:00:00,192.0,193.52,186.55,187.18,1015953.296
2025-07-28 16:00:00,187.18,187.99,183.45,185.26,825859.995
2025-07-28 20:00:00,185.25,185.53,182.16,183.11,557622.059
2025-07-29 00:00:00,183.1,184.72,180.67,184.33,592652.608
2025-07-29 04:00:00,184.34,186.68,183.21,186.05,365000.509
2025-07-29 08:00:00,186.04,186.51,182.24,182.93,307758.3
2025-07-29 12:00:00,182.93,184.99,179.23,180.81,610963.148
2025-07-29 16:00:00,180.81,182.37,178.3,181.11,379320.935
2025-07-29 20:00:00,181.11,182.0,179.3,181.48,286216.536
2025-07-30 00:00:00,181.47,182.37,178.81,181.69,343986.519
2025-07-30 04:00:00,181.69,182.56,179.34,180.83,243801.365
2025-07-30 08:00:00,180.83,181.49,176.42,177.3,562755.281
2025-07-30 12:00:00,177.29,180.59,176.65,179.18,689632.126
2025-07-30 16:00:00,179.17,180.15,170.29,176.12,1115046.789
2025-07-30 20:00:00,176.12,178.09,174.76,177.77,342028.107
2025-07-31 00:00:00,177.77,180.55,177.62,180.31,287253.066
2025-07-31 04:00:00,180.31,181.62,179.81,181.24,314782.379
2025-07-31 08:00:00,181.24,182.7,180.24,180.74,283519.115
2025-07-31 12:00:00,180.75,180.89,175.25,177.35,679543.021
2025-07-31 16:00:00,177.34,179.77,174.75,175.32,538100.344
2025-07-31 20:00:00,175.31,175.74,171.44,172.22,521643.858
2025-08-01 00:00:00,172.22,172.26,167.42,171.14,1030707.548
2025-08-01 04:00:00,171.14,171.14,167.96,169.4,449244.623
2025-08-01 08:00:00,169.41,169.41,166.19,169.2,539365.528
2025-08-01 12:00:00,169.19,170.35,164.58,168.57,774051.491
2025-08-01 16:00:00,168.56,169.75,165.1,166.47,634786.471
2025-08-01 20:00:00,166.47,166.82,159.2,162.71,889373.654
2025-08-02 00:00:00,162.71,165.02,162.56,164.36,237465.758
2025-08-02 04:00:00,164.37,165.3,161.82,164.43,251898.353
2025-08-02 08:00:00,164.44,165.13,162.22,164.51,222570.066
2025-08-02 12:00:00,164.5,164.94,161.03,161.5,262590.495
2025-08-02 16:00:00,161.51,162.2,155.83,157.44,847412.892
2025-08-02 20:00:00,157.45,159.81,157.04,158.48,386237.511
2025-08-03 00:00:00,158.49,161.07,156.28,160.86,344099.038
2025-08-03 04:00:00,160.86,161.59,160.03,161.37,225275.137
2025-08-03 08:00:00,161.37,162.9,160.68,161.47,286152.309
2025-08-03 12:00:00,161.47,162.35,160.37,162.11,376515.511
2025-08-03 16:00:00,162.1,162.75,161.12,161.65,535750.889
2025-08-03 20:00:00,161.64,163.14,160.75,161.97,530116.427
2025-08-04 00:00:00,161.98,164.98,161.42,162.98,406904.188
2025-08-04 04:00:00,162.98,163.41,161.26,163.03,283658.722
2025-08-04 08:00:00,163.04,164.08,161.64,162.38,375487.921
2025-08-04 12:00:00,162.39,166.91,162.14,165.49,677494.665
2025-08-04 16:00:00,165.49,169.8,165.0,165.65,540242.329
2025-08-04 20:00:00,165.64,169.78,165.3,169.55,405166.333
2025-08-05 00:00:00,169.55,169.97,167.57,167.92,280719.371
2025-08-05 04:00:00,167.92,169.28,165.78,166.22,320599.334
2025-08-05 08:00:00,166.21,171.73,165.66,170.89,401901.212
2025-08-05 12:00:00,170.89,171.04,162.9,163.78,907980.606
2025-08-05 16:00:00,163.77,164.94,162.28,162.76,432796.162
2025-08-05 20:00:00,162.76,164.54,161.3,164.09,210961.324
2025-08-06 00:00:00,164.09,164.17,161.13,161.86,204645.359
2025-08-06 04:00:00,161.86,164.79,161.25,164.25,216024.256
2025-08-06 08:00:00,164.26,164.64,162.72,164.2,252055.091
2025-08-06 12:00:00,164.2,169.42,162.65,169.04,602980.618
2025-08-06 16:00:00,169.05,169.93,167.18,168.82,360608.53
2025-08-06 20:00:00,168.82,168.85,167.32,168.09,161177.575
2025-08-07 00:00:00,168.1,169.0,166.7,166.89,199853.998
2025-08-07 04:00:00,166.9,170.45,166.76,169.99,366454.602
2025-08-07 08:00:00,169.99,173.49,169.06,172.82,686547.098
2025-08-07 12:00:00,172.83,173.18,169.7,170.49,728069.885
2025-08-07 16:00:00,170.48,171.94,167.0,171.75,486405.746
2025-08-07 20:00:00,171.76,175.51,171.52,175.36,547331.666
2025-08-08 00:00:00,175.37,175.92,173.43,174.71,734440.62
2025-08-08 04:00:00,174.71,177.87,173.88,177.14,447839.862
2025-08-08 08:00:00,177.13,177.95,174.88,177.65,516005.681
2025-08-08 12:00:00,177.65,179.14,174.21,175.23,925795.327
2025-08-08 16:00:00,175.23,179.66,175.01,178.47,810991.136
2025-08-08 20:00:00,178.46,178.76,176.62,176.78,243718.029
2025-08-09 00:00:00,176.79,179.02,176.64,177.26,311928.364
2025-08-09 04:00:00,177.26,182.15,176.94,180.62,853393.777
2025-08-09 08:00:00,180.62,183.35,180.39,180.79,576042.364
2025-08-09 12:00:00,180.78,182.49,178.92,180.09,607724.28
2025-08-09 16:00:00,180.1,182.7,179.46,182.14,400314.358
2025-08-09 20:00:00,182.13,183.45,179.72,179.95,576101.244
2025-08-10 00:00:00,179.96,185.99,179.81,184.98,1105247.344
2025-08-10 04:00:00,184.98,186.18,177.66,178.94,913480.456
2025-08-10 08:00:00,178.94,181.05,177.51,179.97,655245.387
2025-08-10 12:00:00,179.98,182.4,178.52,181.54,521923.423
2025-08-10 16:00:00,181.54,183.3,181.21,182.8,330271.285
2025-08-10 20:00:00,182.8,183.94,181.27,182.66,671119.392
2025-08-11 00:00:00,182.67,185.8,181.27,185.14,754514.272
2025-08-11 04:00:00,185.13,186.8,182.79,182.97,680536.454
2025-08-11 08:00:00,182.97,184.67,178.35,179.08,614257.101
2025-08-11 12:00:00,179.07,180.52,177.23,180.19,790856.83
2025-08-11 16:00:00,180.19,181.77,175.54,176.62,610097.078
2025-08-11 20:00:00,176.62,176.88,173.43,174.84,510481.796
2025-08-12 00:00:00,174.83,176.74,174.64,175.53,293670.156
2025-08-12 04:00:00,175.53,176.64,173.6,175.9,381070.522
2025-08-12 08:00:00,175.9,176.51,173.72,175.23,401457.593
2025-08-12 12:00:00,175.23,182.1,174.73,181.7,1334137.609
2025-08-12 16:00:00,181.7,191.14,180.77,190.64,1637090.09
2025-08-12 20:00:00,190.65,193.76,189.59,191.78,1026922.187
2025-08-13 00:00:00,191.77,199.54,191.48,197.73,1713090.0
2025-08-13 04:00:00,197.74,200.1,195.18,198.74,1029526.368
2025-08-13 08:00:00,198.74,202.71,197.61,201.0,1090204.619
2025-08-13 12:00:00,201.0,204.96,194.15,197.44,1935714.892
2025-08-13 16:00:00,197.43,202.2,197.01,202.08,843086.365
2025-08-13 20:00:00,202.09,203.33,199.83,201.51,537104.035
2025-08-14 00:00:00,201.51,209.04,200.59,207.94,1571108.834
2025-08-14 04:00:00,207.94,209.86,204.02,205.66,1258405.183
2025-08-14 08:00:00,205.67,205.85,201.77,203.62,1039760.828
2025-08-14 12:00:00,203.61,205.46,186.68,194.85,3492259.235
2025-08-14 16:00:00,194.86,195.51,190.25,192.91,907917.567
2025-08-14 20:00:00,192.91,193.24,187.32,192.47,696155.667
2025-08-15 00:00:00,192.46,195.6,191.94,195.15,517703.825
2025-08-15 04:00:00,195.14,198.07,194.44,196.95,603957.875
2025-08-15 08:00:00,196.95,197.59,193.63,194.32,439776.796
2025-08-15 12:00:00,194.32,196.19,184.36,185.55,1407910.532
2025-08-15 16:00:00,185.55,186.9,183.3,183.89,855718.072
2025-08-15 20:00:00,183.88,188.26,183.37,185.72,535220.296
2025-08-16 00:00:00,185.71,188.36,185.34,187.1,451977.406
2025-08-16 04:00:00,187.09,189.65,186.11,189.12,347015.956
2025-08-16 08:00:00,189.12,189.23,185.39,185.74,441804.36
2025-08-16 12:00:00,185.75,189.47,185.2,188.79,461355.922
2025-08-16 16:00:00,188.78,189.36,187.08,188.69,208056.105
2025-08-16 20:00:00,188.68,190.06,187.94,189.6,189608.699
2025-08-17 00:00:00,189.61,191.94,187.35,191.61,362012.918
2025-08-17 04:00:00,191.61,193.55,191.33,191.88,372180.764
2025-08-17 08:00:00,191.89,193.87,191.53,193.58,435766.843
2025-08-17 12:00:00,193.58,195.49,191.91,195.47,370457.983
2025-08-17 16:00:00,195.48,195.89,189.94,191.18,450637.822
2025-08-17 20:00:00,191.17,193.44,190.88,190.99,270499.226
2025-08-18 00:00:00,191.0,191.33,181.82,182.67,1042225.73
2025-08-18 04:00:00,182.67,183.51,180.22,180.62,659547.289
2025-08-18 08:00:00,180.63,181.98,180.0,181.36,444806.83
2025-08-18 12:00:00,181.37,183.34,180.52,183.1,532070.614
2025-08-18 16:00:00,183.1,185.7,181.76,183.21,437847.077
2025-08-18 20:00:00,183.21,185.0,182.07,182.94,257577.157
2025-08-19 00:00:00,182.94,185.87,178.17,178.52,684011.058
2025-08-19 04:00:00,178.52,180.59,177.32,180.11,452831.951
2025-08-19 08:00:00,180.12,182.81,179.11,182.66,362969.525
2025-08-19 12:00:00,182.67,183.42,177.46,177.98,723498.931
2025-08-19 16:00:00,177.98,178.78,175.69,176.74,659672.426
2025-08-19 20:00:00,176.75,179.54,175.88,176.22,377106.068
2025-08-20 00:00:00,176.22,181.5,176.04,180.49,447004.324
2025-08-20 04:00:00,180.49,181.7,179.83,180.53,360924.936
2025-08-20 08:00:00,180.53,182.25,178.32,180.29,459582.274
2025-08-20 12:00:00,180.28,185.06,177.53,183.03,1056274.772
2025-08-20 16:00:00,183.02,187.97,182.59,187.59,762490.645
2025-08-20 20:00:00,187.6,187.95,185.78,187.94,378680.723
2025-08-21 00:00:00,187.95,190.1,185.51,188.43,847804.628
2025-08-21 04:00:00,188.43,188.7,185.89,186.98,358402.24
2025-08-21 08:00:00,186.99,187.04,183.48,184.03,417312.125
2025-08-21 12:00:00,184.03,186.42,181.44,181.65,653560.088
2025-08-21 16:00:00,181.65,182.93,179.85,180.15,419791.244
2025-08-21 20:00:00,180.15,181.86,179.43,180.29,217641.278
2025-08-22 00:00:00,180.3,183.5,180.0,181.76,357848.232
2025-08-22 04:00:00,181.76,184.36,181.75,183.98,306794.93
2025-08-22 08:00:00,183.97,185.1,179.6,179.63,476379.83
2025-08-22 12:00:00,179.63,195.42,177.27,193.47,3196497.746
2025-08-22 16:00:00,193.48,199.73,193.48,198.97,1365879.831
2025-08-22 20:00:00,198.97,202.4,198.38,200.69,890717.82
2025-08-23 00:00:00,200.69,200.82,195.26,198.16,735618.04
2025-08-23 04:00:00,198.15,208.62,198.1,205.18,2072364.143
2025-08-23 08:00:00,205.18,205.66,201.53,201.98,875163.943
2025-08-23 12:00:00,201.99,203.8,200.58,202.58,625574.666
2025-08-23 16:00:00,202.57,204.57,202.2,204.09,297304.083
2025-08-23 20:00:00,204.08,204.86,202.8,204.14,182615.884
2025-08-24 00:00:00,204.15,211.99,204.14,209.05,1292167.1
2025-08-24 04:00:00,209.06,210.76,206.6,206.66,876390.499
2025-08-24 08:00:00,206.67,209.0,203.41,204.48,819520.01
2025-08-24 12:00:00,204.48,209.35,203.57,205.62,849870.407
2025-08-24 16:00:00,205.62,211.97,201.44,205.01,1969133.164
2025-08-24 20:00:00,205.01,207.15,201.09,205.98,1358568.058
2025-08-25 00:00:00,205.99,213.6,202.23,209.24,1525854.655
2025-08-25 04:00:00,209.24,209.71,198.69,199.82,1543945.818
2025-08-25 08:00:00,199.81,200.8,195.0,197.55,1307567.256
2025-08-25 12:00:00,197.54,199.5,195.56,196.56,1163970.008
2025-08-25 16:00:00,196.57,198.36,190.98,191.47,921580.475
2025-08-25 20:00:00,191.47,192.12,185.33,187.2,1490182.541
2025-08-26 00:00:00,187.19,189.29,185.58,186.9,1032410.688
2025-08-26 04:00:00,186.9,189.92,186.9,188.92,595369.921
2025-08-26 08:00:00,188.92,190.37,186.67,187.97,594464.855
2025-08-26 12:00:00,187.98,192.55,187.18,190.77,1179204.886
2025-08-26 16:00:00,190.76,197.51,190.58,197.43,753071.616
2025-08-26 20:00:00,197.43,198.1,195.37,195.86,579897.556
2025-08-27 00:00:00,195.85,202.81,193.78,201.92,909709.26
2025-08-27 04:00:00,201.91,205.7,200.81,202.43,1505812.552
2025-08-27 08:00:00,202.44,205.38,201.48,205.01,813548.353
2025-08-27 12:00:00,205.01,209.4,202.62,208.66,1438991.466
2025-08-27 16:00:00,208.66,212.08,205.95,206.4,1446542.131
2025-08-27 20:00:00,206.4,209.49,202.57,202.95,1720536.392
2025-08-28 00:00:00,202.95,208.35,201.72,208.15,848839.237
2025-08-28 04:00:00,208.16,213.33,207.47,213.11,1372623.202
2025-08-28 08:00:00,213.11,216.5,211.07,213.14,1507240.297
2025-08-28 12:00:00,213.15,216.89,210.2,211.06,1875626.856
2025-08-28 16:00:00,211.06,214.0,207.17,209.94,979217.904
2025-08-28 20:00:00,209.95,215.73,209.64,214.43,663759.05
2025-08-29 00:00:00,214.43,217.97,212.0,216.86,1361416.3
2025-08-29 04:00:00,216.86,218.0,207.8,208.77,1869253.172
2025-08-29 08:00:00,208.78,210.07,205.34,207.62,1315206.12
2025-08-29 12:00:00,207.61,214.94,203.81,204.46,2207692.114
2025-08-29 16:00:00,204.46,205.5,201.34,202.95,1121270.227
2025-08-29 20:00:00,202.95,205.5,199.85,205.08,732648.664
2025-08-30 00:00:00,205.09,206.65,200.68,205.61,1016056.129
2025-08-30 04:00:00,205.61,207.06,204.37,205.14,636007.652
2025-08-30 08:00:00,205.13,205.56,201.65,202.64,568973.963
2025-08-30 12:00:00,202.64,202.67,197.52,201.05,1012487.733
2025-08-30 16:00:00,201.05,201.61,199.74,201.25,325752.107
2025-08-30 20:00:00,201.25,203.33,199.75,202.7,335298.531
2025-08-31 00:00:00,202.7,206.66,202.69,205.58,719938.555
2025-08-31 04:00:00,205.57,205.65,202.73,203.55,506583.734
2025-08-31 08:00:00,203.56,206.0,202.23,203.65,497006.579
2025-08-31 12:00:00,203.65,204.89,201.5,204.58,558733.153
2025-08-31 16:00:00,204.58,205.99,203.68,204.62,382702.553
2025-08-31 20:00:00,204.61,205.78,200.28,200.62,638259.374
2025-09-01 00:00:00,200.62,202.49,196.03,198.42,1095348.972
2025-09-01 04:00:00,198.41,202.93,196.61,202.92,723200.706
2025-09-01 08:00:00,202.92,204.58,198.36,199.4,796310.266
2025-09-01 12:00:00,199.41,201.13,197.67,198.37,628970.474
2025-09-01 16:00:00,198.36,200.16,197.27,200.16,430656.417
2025-09-01 20:00:00,200.16,200.17,194.19,197.32,790280.938
2025-09-02 00:00:00,197.32,203.36,196.77,201.85,683276.649
2025-09-02 04:00:00,201.86,204.45,201.39,202.12,573884.452
2025-09-02 08:00:00,202.12,204.45,201.67,201.98,485173.647
2025-09-02 12:00:00,201.97,205.15,197.37,200.3,1436972.942
2025-09-02 16:00:00,200.29,207.0,199.48,205.54,860842.502
2025-09-02 20:00:00,205.53,209.68,204.91,209.65,854487.357
2025-09-03 00:00:00,209.64,211.97,207.42,210.03,1074401.43
2025-09-03 04:00:00,210.02,210.48,207.94,209.36,565061.696
2025-09-03 08:00:00,209.36,211.34,208.15,210.38,572759.788
2025-09-03 12:00:00,210.37,213.02,208.69,211.37,1167373.022
2025-09-03 16:00:00,211.37,211.97,208.83,210.38,388604.335
2025-09-03 20:00:00,210.38,210.96,208.38,210.77,294991.412
2025-09-04 00:00:00,210.77,211.94,207.47,208.19,488986.062
2025-09-04 04:00:00,208.19,208.56,205.68,206.68,353396.148
2025-09-04 08:00:00,206.68,208.79,206.58,207.22,279470.32
2025-09-04 12:00:00,207.23,208.5,203.38,203.76,784895.444
2025-09-04 16:00:00,203.77,205.18,201.84,202.12,401437.473
2025-09-04 20:00:00,202.11,204.82,201.88,202.32,418593.83
2025-09-05 00:00:00,202.32,204.05,200.95,203.53,428152.722
2025-09-05 04:00:00,203.53,208.43,203.0,207.87,678134.358
2025-09-05 08:00:00,207.87,207.96,204.52,206.67,540095.09
2025-09-05 12:00:00,206.67,210.0,201.61,203.56,1639974.602
2025-09-05 16:00:00,203.55,205.55,201.91,205.44,527852.482
2025-09-05 20:00:00,205.43,205.69,202.7,203.36,307186.001
2025-09-06 00:00:00,203.37,204.68,203.14,204.07,219743.501
2025-09-06 04:00:00,204.06,204.07,202.07,203.03,270340.564
2025-09-06 08:00:00,203.03,203.56,201.8,202.38,226912.717
2025-09-06 12:00:00,202.38,202.87,201.01,201.26,250379.867
2025-09-06 16:00:00,201.26,202.37,199.32,199.71,375364.512
2025-09-06 20:00:00,199.7,201.2,199.7,200.16,138759.836
2025-09-07 00:00:00,200.17,203.27,200.12,202.86,229169.683
2025-09-07 04:00:00,202.85,203.3,202.23,202.99,144615.751
2025-09-07 08:00:00,203.0,203.99,202.72,203.96,203095.962
2025-09-07 12:00:00,203.96,205.55,203.08,205.2,378157.51
2025-09-07 16:00:00,205.2,205.48,201.48,203.08,474253.21
2025-09-07 20:00:00,203.08,207.95,202.58,206.35,788218.647
2025-09-08 00:00:00,206.35,209.0,205.59,207.65,689936.433
2025-09-08 04:00:00,207.64,208.87,206.66,207.92,542588.067
2025-09-08 08:00:00,207.91,215.84,207.39,214.28,1598221.836
2025-09-08 12:00:00,214.28,216.83,212.8,215.04,1390691.079
2025-09-08 16:00:00,215.04,217.11,213.88,216.15,1009621.332
2025-09-08 20:00:00,216.16,216.22,213.55,214.11,498620.188
2025-09-09 00:00:00,214.11,214.91,210.79,214.63,736262.906
2025-09-09 04:00:00,214.62,219.79,213.96,219.23,1023258.594
2025-09-09 08:00:00,219.23,219.5,217.0,217.25,510642.02
2025-09-09 12:00:00,217.24,218.54,211.69,213.07,1508779.467
2025-09-09 16:00:00,213.07,216.99,213.0,216.34,721110.055
2025-09-09 20:00:00,216.35,217.8,215.01,217.21,479251.671
2025-09-10 00:00:00,217.22,219.65,215.09,219.2,784172.042
2025-09-10 04:00:00,219.2,222.89,217.82,222.25,832462.629
2025-09-10 08:00:00,222.25,222.45,218.77,220.25,695044.216
2025-09-10 12:00:00,220.24,226.0,219.74,223.17,1555217.137
2025-09-10 16:00:00,223.16,224.13,220.53,221.23,598543.573
2025-09-10 20:00:00,221.23,224.65,220.95,224.07,358745.615
2025-09-11 00:00:00,224.06,225.59,222.94,224.17,487255.101
2025-09-11 04:00:00,224.17,224.29,221.72,223.23,448845.177
2025-09-11 08:00:00,223.23,225.85,222.28,225.03,545294.32
2025-09-11 12:00:00,225.04,228.95,222.79,226.82,1631416.502
2025-09-11 16:00:00,226.82,228.37,225.3,226.71,620031.663
2025-09-11 20:00:00,226.69,228.94,225.47,228.73,619514.238
2025-09-12 00:00:00,228.73,235.81,228.11,235.09,1207675.905
2025-09-12 04:00:00,235.08,239.86,234.22,237.33,1376519.657
2025-09-12 08:00:00,237.33,239.55,236.72,239.18,491350.401
2025-09-12 12:00:00,239.18,241.84,237.56,239.31,1160771.078
2025-09-12 16:00:00,239.32,241.48,237.94,241.0,763911.375
2025-09-12 20:00:00,241.0,244.04,238.33,242.18,891425.515
2025-09-13 00:00:00,242.18,244.14,240.68,243.61,711408.504
2025-09-13 04:00:00,243.62,243.67,241.23,242.46,415512.041
2025-09-13 08:00:00,242.45,243.72,241.26,241.93,511414.931
2025-09-13 12:00:00,241.93,243.09,237.93,239.43,733910.291
2025-09-13 16:00:00,239.43,239.69,235.73,238.98,530973.647
2025-09-13 20:00:00,238.98,243.18,238.84,242.38,402441.851
2025-09-14 00:00:00,242.38,249.6,242.2,246.89,1039067.768
2025-09-14 04:00:00,246.89,248.4,244.5,246.39,540408.995
2025-09-14 08:00:00,246.4,248.09,245.58,246.09,377330.593
2025-09-14 12:00:00,246.1,246.77,241.53,243.81,859662.312
2025-09-14 16:00:00,243.81,248.45,242.13,242.51,757233.741
2025-09-14 20:00:00,242.5,244.72,239.23,239.76,591467.719
2025-09-15 00:00:00,239.75,243.41,239.15,242.64,445620.562
2025-09-15 04:00:00,242.65,244.0,236.17,237.98,711140.007
2025-09-15 08:00:00,237.98,238.11,231.55,236.45,1451753.3
2025-09-15 12:00:00,236.46,238.16,231.96,233.0,1120024.664
2025-09-15 16:00:00,233.0,234.67,230.15,233.0,679264.543
2025-09-15 20:00:00,232.99,235.37,232.78,234.31,325786.543
2025-09-16 00:00:00,234.32,235.8,232.87,235.08,406532.065
2025-09-16 04:00:00,235.09,237.03,232.97,235.77,439716.76
2025-09-16 08:00:00,235.77,236.93,234.77,235.37,357847.921
2025-09-16 12:00:00,235.36,238.09,231.26,237.79,804674.844
2025-09-16 16:00:00,237.79,240.95,236.24,237.82,843085.465
2025-09-16 20:00:00,237.82,239.03,236.44,236.96,329770.005
2025-09-17 00:00:00,236.96,237.85,233.84,234.07,442085.963
2025-09-17 04:00:00,234.07,238.09,233.2,237.69,574416.426
2025-09-17 08:00:00,237.69,237.73,233.66,234.17,425306.308
2025-09-17 12:00:00,234.18,235.99,233.56,233.9,442459.616
2025-09-17 16:00:00,233.9,239.1,232.23,238.74,1767201.407
2025-09-17 20:00:00,238.74,246.62,236.01,244.84,1120059.773
2025-09-18 00:00:00,244.84,247.99,244.16,246.72,716898.945
2025-09-18 04:00:00,246.71,246.97,242.58,244.75,501792.035
2025-09-18 08:00:00,244.75,247.17,244.34,245.97,467499.978
2025-09-18 12:00:00,245.96,248.99,245.01,248.24,755572.778
2025-09-18 16:00:00,248.25,253.51,247.33,248.36,1081932.43
2025-09-18 20:00:00,248.36,249.22,245.88,247.5,393194.742
2025-09-19 00:00:00,247.5,248.57,244.66,245.0,486455.778
2025-09-19 04:00:00,245.0,245.73,242.83,243.82,591199.43
2025-09-19 08:00:00,243.81,244.83,240.0,240.91,521484.767
2025-09-19 12:00:00,240.92,242.71,235.81,237.54,964529.52
2025-09-19 16:00:00,237.54,238.87,235.12,235.98,552758.243
2025-09-19 20:00:00,235.98,238.85,235.98,238.53,268557.96
2025-09-20 00:00:00,238.53,239.96,237.36,238.09,292277.489
2025-09-20 04:00:00,238.09,239.78,237.73,239.78,188414.615
2025-09-20 08:00:00,239.77,239.78,236.91,238.14,198950.509
2025-09-20 12:00:00,238.14,241.22,237.05,240.1,470638.18
2025-09-20 16:00:00,240.11,241.1,237.97,238.64,230385.504
2025-09-20 20:00:00,238.64,240.31,238.44,239.48,169822.918
2025-09-21 00:00:00,239.48,241.79,238.96,241.78,256811.845
2025-09-21 04:00:00,241.78,241.82,239.45,239.87,212290.486
2025-09-21 08:00:00,239.87,240.09,237.1,238.64,216475.625
2025-09-21 12:00:00,238.64,240.28,237.7,237.91,196966.672
2025-09-21 16:00:00,237.91,238.41,236.08,237.99,249970.647
2025-09-21 20:00:00,237.99,238.11,235.32,236.16,259922.701
2025-09-22 00:00:00,236.16,236.96,230.5,232.81,1045277.527
2025-09-22 04:00:00,232.81,233.16,214.5,221.88,1920590.553
2025-09-22 08:00:00,221.88,222.78,219.32,221.49,828237.826
2025-09-22 12:00:00,221.49,224.03,219.91,220.73,772216.741
2025-09-22 16:00:00,220.73,221.53,216.56,217.1,909206.16
2025-09-22 20:00:00,217.1,221.1,216.45,220.38,361064.896
2025-09-23 00:00:00,220.39,221.41,212.34,216.94,909225.517
2025-09-23 04:00:00,216.94,220.26,214.02,219.0,606280.357
2025-09-23 08:00:00,219.0,220.86,217.87,219.34,376465.729
2025-09-23 12:00:00,219.33,220.65,216.97,219.28,495109.161
2025-09-23 16:00:00,219.27,221.71,214.35,214.52,667060.786
2025-09-23 20:00:00,214.51,216.68,212.96,213.3,394766.918
2025-09-24 00:00:00,213.29,216.45,207.41,208.51,1196430.768
2025-09-24 04:00:00,208.5,211.43,204.81,210.63,1465594.599
2025-09-24 08:00:00,210.63,212.6,209.83,212.35,424450.64
2025-09-24 12:00:00,212.36,216.24,211.41,213.61,706125.967
2025-09-24 16:00:00,213.6,215.51,212.41,213.18,339233.479
2025-09-24 20:00:00,213.18,213.24,210.72,211.6,295622.073
2025-09-25 00:00:00,211.61,212.44,206.02,207.3,848925.731
2025-09-25 04:00:00,207.3,207.63,202.76,204.19,967402.525
2025-09-25 08:00:00,204.19,205.91,200.69,201.35,729173.977
2025-09-25 12:00:00,201.34,204.06,197.03,201.15,1358179.897
2025-09-25 16:00:00,201.14,201.95,193.6,198.09,1824534.378
2025-09-25 20:00:00,198.09,198.7,191.32,192.74,1033040.783
2025-09-26 00:00:00,192.73,197.55,192.53,196.47,793835.75
2025-09-26 04:00:00,196.47,197.42,193.75,196.31,726413.597
2025-09-26 08:00:00,196.31,196.98,190.8,193.47,786834.274
2025-09-26 12:00:00,193.46,198.31,192.15,196.02,1577594.807
2025-09-26 16:00:00,196.02,202.66,195.81,200.68,1192444.925
2025-09-26 20:00:00,200.68,205.52,199.56,205.17,546079.521
2025-09-27 00:00:00,205.16,205.43,203.57,203.88,468318.03
2025-09-27 04:00:00,203.88,204.12,201.52,202.05,377609.353
2025-09-27 08:00:00,202.05,202.21,199.88,201.71,355448.756
2025-09-27 12:00:00,201.71,203.77,200.97,203.52,321632.965
2025-09-27 16:00:00,203.52,203.61,200.85,202.19,373010.573
2025-09-27 20:00:00,202.19,204.89,201.89,203.46,208913.738
2025-09-28 00:00:00,203.47,204.07,200.74,201.4,341292.836
2025-09-28 04:00:00,201.4,202.45,200.38,202.1,182680.133
2025-09-28 08:00:00,202.1,202.7,199.23,199.86,280341.152
2025-09-28 12:00:00,199.86,203.55,198.0,203.42,445496.91
2025-09-28 16:00:00,203.43,206.67,203.26,206.18,432486.691
2025-09-28 20:00:00,206.18,211.0,206.02,210.83,511962.352
2025-09-29 00:00:00,210.83,210.89,208.74,210.28,480507.93
2025-09-29 04:00:00,210.27,210.64,207.37,208.95,382478.561
2025-09-29 08:00:00,208.94,209.69,206.02,207.07,300697.236
2025-09-29 12:00:00,207.07,213.5,204.58,210.07,1124784.909
2025-09-29 16:00:00,210.07,213.5,207.67,212.93,565969.834
2025-09-29 20:00:00,212.93,214.74,212.43,212.75,358660.381
2025-09-30 00:00:00,212.74,213.67,209.83,210.71,502259.774
2025-09-30 04:00:00,210.71,211.72,208.55,209.0,333039.505
2025-09-30 08:00:00,208.99,209.0,205.53,207.08,508045.926
2025-09-30 12:00:00,207.07,209.64,204.65,206.0,651944.601
2025-09-30 16:00:00,205.99,209.21,204.29,208.92,769192.192
2025-09-30 20:00:00,208.92,210.98,207.42,208.68,500299.487
2025-10-01 00:00:00,208.68,210.9,206.43,206.69,605455.675
2025-10-01 04:00:00,206.68,210.34,206.31,210.18,408600.968
2025-10-01 08:00:00,210.18,217.95,209.86,217.75,1185581.059
2025-10-01 12:00:00,217.75,220.66,217.16,220.25,889129.102
2025-10-01 16:00:00,220.24,221.0,217.34,220.05,559762.071
2025-10-01 20:00:00,220.05,222.77,218.41,222.04,401732.046
2025-10-02 00:00:00,222.04,225.06,219.52,223.8,766557.324
2025-10-02 04:00:00,223.81,226.74,222.43,222.9,658529.904
2025-10-02 08:00:00,222.91,226.7,222.69,225.27,469729.472
2025-10-02 12:00:00,225.28,227.44,222.61,227.18,971047.694
2025-10-02 16:00:00,227.19,233.79,226.24,232.3,1156299.686
2025-10-02 20:00:00,232.29,234.99,230.81,234.74,568532.308
2025-10-03 00:00:00,234.74,234.84,230.56,232.26,497550.343
2025-10-03 04:00:00,232.26,233.23,227.68,229.41,512563.868
2025-10-03 08:00:00,229.42,231.79,227.76,230.78,584160.624
2025-10-03 12:00:00,230.79,234.98,227.13,234.79,907743.724
2025-10-03 16:00:00,234.79,237.0,228.33,233.17,1408277.101
2025-10-03 20:00:00,233.18,233.99,230.72,232.84,306315.954
2025-10-04 00:00:00,232.84,234.05,227.93,229.25,457226.914
2025-10-04 04:00:00,229.24,230.53,228.73,229.11,185493.857
2025-10-04 08:00:00,229.1,229.92,228.21,229.19,234320.616
2025-10-04 12:00:00,229.19,229.84,224.31,224.88,477348.863
2025-10-04 16:00:00,224.87,227.02,224.07,226.91,346747.192
2025-10-04 20:00:00,226.91,228.29,226.91,227.86,140273.163
2025-10-05 00:00:00,227.86,232.29,226.45,230.91,566636.333
2025-10-05 04:00:00,230.91,236.93,230.9,236.59,804163.627
2025-10-05 08:00:00,236.58,237.22,230.76,232.66,636400.946
2025-10-05 12:00:00,232.66,232.67,228.42,230.14,444581.037
2025-10-05 16:00:00,230.13,231.47,226.72,227.07,397313.916
2025-10-05 20:00:00,227.07,229.26,226.7,228.56,250537.667
2025-10-06 00:00:00,228.56,233.3,227.55,232.24,563967.157
2025-10-06 04:00:00,232.23,234.86,230.17,231.36,446108.941
2025-10-06 08:00:00,231.37,234.15,231.37,233.02,359815.261
2025-10-06 12:00:00,233.02,236.67,232.63,235.64,697496.689
2025-10-06 16:00:00,235.64,237.79,234.05,235.35,534512.908
2025-10-06 20:00:00,235.34,236.15,231.64,232.35,380027.419
2025-10-07 00:00:00,232.35,233.98,231.0,233.95,385311.776
2025-10-07 04:00:00,233.95,235.21,229.41,231.01,622703.027
2025-10-07 08:00:00,231.01,231.64,228.22,230.44,562991.52
2025-10-07 12:00:00,230.44,231.59,220.8,223.79,1619389.724
2025-10-07 16:00:00,223.79,225.31,220.71,221.69,773380.036
2025-10-07 20:00:00,221.7,224.28,219.7,219.97,437269.674
2025-10-08 00:00:00,219.98,222.78,217.91,218.31,631534.444
2025-10-08 04:00:00,218.3,220.98,217.3,220.95,395944.606
2025-10-08 08:00:00,220.95,222.64,220.65,221.2,364962.179
2025-10-08 12:00:00,221.2,224.18,218.78,221.19,611449.452
2025-10-08 16:00:00,221.2,229.67,220.71,229.34,752819.514
2025-10-08 20:00:00,229.34,229.72,227.42,229.02,347050.45
2025-10-09 00:00:00,229.03,229.69,223.84,226.19,569902.509
2025-10-09 04:00:00,226.19,228.87,224.14,224.5,447470.805
2025-10-09 08:00:00,224.49,224.81,219.32,223.14,587257.341
2025-10-09 12:00:00,223.14,226.32,218.62,219.11,781057.471
2025-10-09 16:00:00,219.11,220.14,216.53,218.29,631473.899
2025-10-09 20:00:00,218.29,221.64,217.56,220.93,255791.406
2025-10-10 00:00:00,220.93,222.87,219.5,221.65,346629.018
2025-10-10 04:00:00,221.64,222.9,217.92,218.12,414183.951
2025-10-10 08:00:00,218.13,221.56,217.4,221.14,407829.681
2025-10-10 12:00:00,221.15,224.46,209.01,210.7,1721621.409
2025-10-10 16:00:00,210.69,213.06,203.43,205.32,1157612.956
2025-10-10 20:00:00,205.31,207.8,168.79,188.43,5574958.414
2025-10-11 00:00:00,188.43,191.05,182.16,184.85,1967350.02
2025-10-11 04:00:00,184.86,186.88,180.0,182.75,1267649.828
2025-10-11 08:00:00,182.75,189.5,181.76,183.85,1201413.392
2025-10-11 12:00:00,183.85,185.05,180.77,183.71,975179.346
2025-10-11 16:00:00,183.71,184.64,176.6,177.57,950768.032
2025-10-11 20:00:00,177.57,178.78,172.58,177.62,930026.63
2025-10-12 00:00:00,177.63,178.5,173.0,177.06,778604.574
2025-10-12 04:00:00,177.06,182.97,176.61,182.55,907355.04
2025-10-12 08:00:00,182.54,182.8,180.33,180.96,571208.267
2025-10-12 12:00:00,180.96,191.8,178.2,191.23,1948392.285
2025-10-12 16:00:00,191.23,196.6,191.22,195.85,1429928.258
2025-10-12 20:00:00,195.86,199.0,193.12,197.0,851511.297
2025-10-13 00:00:00,196.99,199.99,194.34,194.81,859440.428
2025-10-13 04:00:00,194.82,199.5,192.91,196.81,697655.095
2025-10-13 08:00:00,196.8,198.68,190.02,192.56,901085.761
2025-10-13 12:00:00,192.56,197.66,191.31,196.42,1268838.45
2025-10-13 16:00:00,196.42,208.75,196.23,207.1,1914640.531
2025-10-13 20:00:00,207.1,209.28,206.81,208.69,611501.246
2025-10-14 00:00:00,208.69,211.25,204.96,205.71,1130894.724
2025-10-14 04:00:00,205.72,205.95,192.0,194.47,1675002.569
2025-10-14 08:00:00,194.46,197.58,191.03,195.32,1092499.074
2025-10-14 12:00:00,195.33,202.64,191.5,202.22,1513523.547
2025-10-14 16:00:00,202.23,206.48,197.05,198.54,1546766.954
2025-10-14 20:00:00,198.54,203.42,198.17,202.44,390481.007
2025-10-15 00:00:00,202.45,205.82,200.89,201.65,734513.941
2025-10-15 04:00:00,201.65,205.45,200.47,204.66,671527.243
2025-10-15 08:00:00,204.65,208.91,202.04,202.6,874064.113
2025-10-15 12:00:00,202.59,204.87,196.18,197.13,1536188.566
2025-10-15 16:00:00,197.14,198.73,194.18,194.81,860173.691
2025-10-15 20:00:00,194.81,196.62,192.04,193.84,692687.885
2025-10-16 00:00:00,193.84,196.19,193.17,193.63,425855.19
2025-10-16 04:00:00,193.64,195.6,191.38,192.93,653263.775
2025-10-16 08:00:00,192.93,197.16,186.37,196.81,1147608.123
2025-10-16 12:00:00,196.82,198.42,186.56,187.61,1249209.158
2025-10-16 16:00:00,187.61,192.33,183.56,185.04,1260560.744
2025-10-16 20:00:00,185.05,186.11,182.03,184.85,668143.673
2025-10-17 00:00:00,184.84,187.55,184.27,187.09,501154.423
2025-10-17 04:00:00,187.09,187.46,177.34,177.75,1351548.603
2025-10-17 08:00:00,177.75,182.7,174.06,181.45,1749495.229
2025-10-17 12:00:00,181.44,182.82,176.25,182.72,1229553.619
2025-10-17 16:00:00,182.71,185.41,181.42,181.98,848007.258
2025-10-17 20:00:00,181.98,186.04,181.47,181.96,423149.745
2025-10-18 00:00:00,181.97,185.54,181.75,184.8,389074.412
2025-10-18 04:00:00,184.8,188.26,183.11,186.27,558790.528
2025-10-18 08:00:00,186.26,187.18,184.4,186.1,410950.833
2025-10-18 12:00:00,186.11,187.4,183.96,185.03,280702.452
2025-10-18 16:00:00,185.04,186.41,183.2,186.34,286323.985
2025-10-18 20:00:00,186.35,187.84,185.9,187.56,179998.885
2025-10-19 00:00:00,187.55,187.87,184.88,187.04,239032.315
2025-10-19 04:00:00,187.03,187.69,185.19,185.9,179804.387
2025-10-19 08:00:00,185.89,190.05,183.19,188.99,804874.713
2025-10-19 12:00:00,189.0,191.7,188.11,190.78,550649.01
2025-10-19 16:00:00,190.77,192.29,188.33,188.88,416711.876
2025-10-19 20:00:00,188.88,190.16,186.83,187.86,292892.299
2025-10-20 00:00:00,187.86,191.75,183.82,191.21,743331.871
2025-10-20 04:00:00,191.21,194.5,190.6,193.02,564222.729
2025-10-20 08:00:00,193.02,194.18,191.0,192.2,411838.944
2025-10-20 12:00:00,192.21,192.99,190.44,190.5,439754.017
2025-10-20 16:00:00,190.51,190.51,185.56,188.83,726870.7
2025-10-20 20:00:00,188.83,191.18,188.26,189.71,291983.238
2025-10-21 00:00:00,189.71,190.21,185.31,185.57,569706.431
2025-10-21 04:00:00,185.57,185.63,182.72,185.03,617599.587
2025-10-21 08:00:00,185.04,186.75,183.77,186.29,303743.764
2025-10-21 12:00:00,186.28,197.15,183.94,196.22,1269186.523
2025-10-21 16:00:00,196.22,197.71,192.11,193.96,1085050.944
2025-10-21 20:00:00,193.97,194.22,185.11,185.63,805795.372
2025-10-22 00:00:00,185.62,187.45,184.14,185.24,556653.945
2025-10-22 04:00:00,185.23,186.31,183.28,185.01,490383.589
2025-10-22 08:00:00,185.01,185.98,181.92,185.05,467384.919
2025-10-22 12:00:00,185.05,186.91,181.28,183.98,965788.671
2025-10-22 16:00:00,183.99,184.96,177.07,180.2,862504.568
2025-10-22 20:00:00,180.21,180.78,177.04,180.12,634289.023
2025-10-23 00:00:00,180.13,183.4,179.68,182.86,333221.726
2025-10-23 04:00:00,182.87,188.0,182.7,187.48,510146.209
2025-10-23 08:00:00,187.48,189.49,187.48,187.98,590289.765
2025-10-23 12:00:00,187.98,192.62,186.6,191.04,1084518.789
2025-10-23 16:00:00,191.04,193.45,190.1,191.15,566207.586
2025-10-23 20:00:00,191.14,191.51,188.31,191.35,417575.04
2025-10-24 00:00:00,191.36,193.85,190.85,191.31,420966.163
2025-10-24 04:00:00,191.31,194.6,190.82,192.15,504623.968
2025-10-24 08:00:00,192.15,193.45,190.58,192.13,321280.037
2025-10-24 12:00:00,192.13,197.0,188.83,189.45,1335784.418
2025-10-24 16:00:00,189.45,193.64,188.83,193.09,545332.865
2025-10-24 20:00:00,193.1,194.14,192.84,193.59,228775.175
2025-10-25 00:00:00,193.58,194.49,192.45,193.47,274729.892
2025-10-25 04:00:00,193.48,194.91,193.44,193.96,264835.24
2025-10-25 08:00:00,193.97,195.25,191.19,192.71,374620.98
2025-10-25 12:00:00,192.7,194.22,191.8,191.89,276863.497
2025-10-25 16:00:00,191.88,194.65,191.42,194.53,269735.279
2025-10-25 20:00:00,194.53,194.91,193.76,193.84,166054.05
2025-10-26 00:00:00,193.84,194.36,191.9,192.97,213438.623
2025-10-26 04:00:00,192.98,194.31,192.73,193.86,157441.909
2025-10-26 08:00:00,193.85,197.9,193.73,197.75,604768.068
2025-10-26 12:00:00,197.74,199.96,196.91,199.53,641967.496
2025-10-26 16:00:00,199.53,199.67,198.18,198.87,255182.972
2025-10-26 20:00:00,198.87,202.43,196.86,200.03,704951.062
2025-10-27 00:00:00,200.03,205.08,199.48,204.33,680006.801
2025-10-27 04:00:00,204.33,205.33,202.26,202.51,616446.009
2025-10-27 08:00:00,202.5,202.54,198.02,200.18,754944.259
2025-10-27 12:00:00,200.18,200.58,198.3,200.11,467154.625
2025-10-27 16:00:00,200.11,203.25,199.82,200.03,590812.625
2025-10-27 20:00:00,200.03,200.23,197.34,198.7,406245.068
2025-10-28 00:00:00,198.71,202.05,198.41,201.27,458190.136
2025-10-28 04:00:00,201.27,203.0,198.62,202.35,494348.088
2025-10-28 08:00:00,202.36,203.99,199.14,199.73,521805.505
2025-10-28 12:00:00,199.73,203.03,196.58,198.85,1138560.2
2025-10-28 16:00:00,198.86,201.28,194.48,195.35,707786.929
2025-10-28 20:00:00,195.34,195.36,190.22,194.15,1008479.103
2025-10-29 00:00:00,194.16,195.09,192.68,193.89,409753.254
2025-10-29 04:00:00,193.9,196.07,193.75,195.65,217468.131
2025-10-29 08:00:00,195.65,199.37,193.78,198.74,616444.316
2025-10-29 12:00:00,198.74,201.7,196.37,196.78,944043.823
2025-10-29 16:00:00,196.78,198.77,189.37,192.76,1903009.868
2025-10-29 20:00:00,192.75,197.06,191.92,193.88,530168.437
2025-10-30 00:00:00,193.89,198.19,192.12,197.1,438846.06
2025-10-30 04:00:00,197.09,197.18,190.35,195.8,1052876.845
2025-10-30 08:00:00,195.79,196.11,191.01,191.85,533894.297
2025-10-30 12:00:00,191.85,192.06,184.49,185.02,1354983.198
2025-10-30 16:00:00,185.01,186.35,178.65,179.06,936802.787
2025-10-30 20:00:00,179.05,184.74,178.79,184.69,737135.076
2025-10-31 00:00:00,184.69,186.91,183.7,185.15,648608.894
2025-10-31 04:00:00,185.14,187.03,184.77,185.36,440672.765
2025-10-31 08:00:00,185.36,189.22,184.58,188.89,458602.915
2025-10-31 12:00:00,188.89,190.26,186.0,188.13,801559.511
2025-10-31 16:00:00,188.12,189.04,184.38,188.42,589384.971
2025-10-31 20:00:00,188.41,188.78,186.54,187.21,254564.784
2025-11-01 00:00:00,187.21,187.48,185.5,187.2,279684.527
2025-11-01 04:00:00,187.2,187.55,185.0,185.8,204620.722
2025-11-01 08:00:00,185.79,186.72,185.28,186.22,222733.555
2025-11-01 12:00:00,186.22,186.65,183.79,186.42,343727.969
2025-11-01 16:00:00,186.42,187.12,184.87,186.27,274011.508
2025-11-01 20:00:00,186.28,186.96,184.98,186.35,159726.939
2025-11-02 00:00:00,186.35,186.37,184.66,185.29,208954.786
2025-11-02 04:00:00,185.3,188.34,185.02,187.72,289882.073
2025-11-02 08:00:00,187.72,187.95,184.45,186.15,316944.044
2025-11-02 12:00:00,186.14,186.5,183.53,183.77,396484.887
2025-11-02 16:00:00,183.77,184.68,182.0,184.02,281296.922
2025-11-02 20:00:00,184.02,188.1,183.58,187.71,267734.845
2025-11-03 00:00:00,187.71,189.13,176.73,177.57,1094378.434
2025-11-03 04:00:00,177.56,178.75,174.22,176.5,863661.732
2025-11-03 08:00:00,176.51,176.92,173.0,175.32,1002707.728
2025-11-03 12:00:00,175.32,176.95,165.0,166.79,2334599.655
2025-11-03 16:00:00,166.79,171.0,165.61,166.74,1203562.117
2025-11-03 20:00:00,166.75,167.24,163.15,166.06,828703.397
2025-11-04 00:00:00,166.06,168.42,164.18,167.66,456279.203
2025-11-04 04:00:00,167.66,168.13,155.87,157.07,1727235.108
2025-11-04 08:00:00,157.07,162.25,156.41,161.71,878336.359
2025-11-04 12:00:00,161.71,165.27,159.32,161.5,1067811.866
2025-11-04 16:00:00,161.5,162.36,152.26,154.62,1758082.425
2025-11-04 20:00:00,154.62,155.9,145.85,155.03,2400832.604
2025-11-05 00:00:00,155.04,157.42,147.29,156.93,1311505.522
2025-11-05 04:00:00,156.93,158.62,155.66,156.47,618742.279
2025-11-05 08:00:00,156.47,157.63,153.67,157.48,688517.494
2025-11-05 12:00:00,157.48,160.57,156.77,160.5,848056.116
2025-11-05 16:00:00,160.5,163.93,158.57,162.53,793259.484
2025-11-05 20:00:00,162.53,163.97,161.12,162.37,390450.793
2025-11-06 00:00:00,162.37,162.91,159.7,162.45,646585.508
2025-11-06 04:00:00,162.46,162.75,158.25,158.84,375368.033
2025-11-06 08:00:00,158.84,159.9,157.66,158.85,462417.2
2025-11-06 12:00:00,158.85,161.51,155.4,155.92,933014.212
2025-11-06 16:00:00,155.92,158.67,153.8,156.89,768891.367
2025-11-06 20:00:00,156.89,157.82,153.45,155.28,390477.007
2025-11-07 00:00:00,155.27,158.62,154.22,156.85,516516.016
2025-11-07 04:00:00,156.86,158.28,155.24,157.79,343595.132
2025-11-07 08:00:00,157.79,158.21,151.67,153.85,557571.888
2025-11-07 12:00:00,153.86,156.27,149.82,155.42,1207437.006
2025-11-07 16:00:00,155.42,164.48,154.4,164.17,1019600.496
2025-11-07 20:00:00,164.17,164.41,161.61,161.79,568357.434
2025-11-08 00:00:00,161.8,164.89,160.59,162.52,546395.306
2025-11-08 04:00:00,162.52,163.66,159.58,161.06,346943.276
2025-11-08 08:00:00,161.05,162.34,159.01,159.39,421708.497
2025-11-08 12:00:00,159.39,159.7,155.9,156.65,572620.926
2025-11-08 16:00:00,156.65,158.18,155.8,157.36,375927.994
2025-11-08 20:00:00,157.36,158.44,157.22,158.02,239331.241
2025-11-09 00:00:00,158.01,158.32,155.11,155.88,306080.487
2025-11-09 04:00:00,155.89,159.58,155.85,159.3,429866.591
2025-11-09 08:00:00,159.29,159.94,157.28,159.06,263577.165
2025-11-09 12:00:00,159.06,163.98,158.59,162.53,1151496.478
2025-11-09 16:00:00,162.53,166.31,161.23,166.15,628834.464
2025-11-09 20:00:00,166.16,166.57,163.93,164.53,451934.39
2025-11-10 00:00:00,164.53,168.76,163.42,168.12,756387.017
2025-11-10 04:00:00,168.13,168.92,166.38,167.38,429425.483
2025-11-10 08:00:00,167.38,169.81,166.11,168.33,504546.393
2025-11-10 12:00:00,168.32,170.48,165.2,166.26,940561.178
2025-11-10 16:00:00,166.26,168.49,165.25,167.19,599038.76
2025-11-10 20:00:00,167.19,168.41,164.81,167.31,399002.295
2025-11-11 00:00:00,167.31,171.94,166.0,169.97,753568.353
2025-11-11 04:00:00,169.97,170.11,163.57,163.98,922944.548
2025-11-11 08:00:00,163.98,164.97,162.7,163.69,576448.391
2025-11-11 12:00:00,163.69,164.37,160.0,160.89,1180837.363
2025-11-11 16:00:00,160.88,161.22,157.42,157.58,629419.687
2025-11-11 20:00:00,157.59,157.87,153.93,154.63,638885.871
2025-11-12 00:00:00,154.63,155.58,153.59,154.57,587229.658
2025-11-12 04:00:00,154.58,156.57,154.2,155.02,544393.301
2025-11-12 08:00:00,155.03,161.14,155.0,160.03,813653.125
2025-11-12 12:00:00,160.03,161.06,155.23,155.73,848259.406
2025-11-12 16:00:00,155.73,156.21,151.2,153.05,1010302.977
2025-11-12 20:00:00,153.04,154.68,152.54,153.42,335367.0
2025-11-13 00:00:00,153.43,155.78,150.42,154.33,674316.17
2025-11-13 04:00:00,154.33,157.2,153.4,155.31,660873.561
2025-11-13 08:00:00,155.3,156.5,153.86,156.3,417271.961
2025-11-13 12:00:00,156.3,156.96,152.26,153.13,862678.228
2025-11-13 16:00:00,153.12,153.41,142.04,142.73,1600894.008
2025-11-13 20:00:00,142.73,146.25,141.04,144.73,1202155.769
2025-11-14 00:00:00,144.74,145.68,142.8,144.28,689700.077
2025-11-14 04:00:00,144.27,144.48,138.71,142.85,1432639.09
2025-11-14 08:00:00,142.85,143.19,139.84,140.77,769504.935
2025-11-14 12:00:00,140.76,143.76,135.76,142.23,2107292.107
2025-11-14 16:00:00,142.23,144.22,140.57,143.14,685439.553
2025-11-14 20:00:00,143.14,143.24,137.2,138.92,491849.385
2025-11-15 00:00:00,138.93,143.35,138.75,142.53,485860.587
2025-11-15 04:00:00,142.54,143.59,141.81,142.76,321053.134
2025-11-15 08:00:00,142.75,142.84,139.97,140.22,358754.991
2025-11-15 12:00:00,140.21,142.26,139.98,141.72,345360.745
2025-11-15 16:00:00,141.72,144.69,140.81,141.77,451561.081
2025-11-15 20:00:00,141.78,141.96,138.61,139.61,388887.484
2025-11-16 00:00:00,139.6,141.52,137.39,141.43,409097.314
2025-11-16 04:00:00,141.43,142.46,140.73,142.31,249302.74
2025-11-16 08:00:00,142.31,143.38,139.5,139.92,436307.484
2025-11-16 12:00:00,139.91,140.85,137.15,137.48,500550.897
2025-11-16 16:00:00,137.47,138.51,134.42,136.83,1113334.674
2025-11-16 20:00:00,136.83,138.17,134.91,137.17,676841.175
2025-11-17 00:00:00,137.17,140.79,136.09,140.28,678176.064
2025-11-17 04:00:00,140.28,141.85,139.66,141.33,381720.702
2025-11-17 08:00:00,141.33,142.8,140.94,141.9,530510.527
2025-11-17 12:00:00,141.9,143.28,136.8,137.16,1374053.29
2025-11-17 16:00:00,137.16,137.21,129.37,129.65,1876713.067
2025-11-17 20:00:00,129.64,131.97,128.82,130.99,783547.125
2025-11-18 00:00:00,131.0,135.23,129.0,134.51,1200360.695
2025-11-18 04:00:00,134.52,137.81,132.52,136.92,1476375.518
2025-11-18 08:00:00,136.93,139.12,136.47,137.88,708678.511
2025-11-18 12:00:00,137.88,142.17,136.84,139.7,1077764.638
2025-11-18 16:00:00,139.7,142.12,138.77,141.44,657471.269
2025-11-18 20:00:00,141.45,142.12,139.66,140.69,408198.179
2025-11-19 00:00:00,140.68,142.84,139.29,139.81,619607.706
2025-11-19 04:00:00,139.8,141.14,137.12,140.58,661015.288
2025-11-19 08:00:00,140.57,141.03,138.35,138.56,368670.991
2025-11-19 12:00:00,138.57,139.23,134.42,134.62,1000992.166
2025-11-19 16:00:00,134.61,135.45,130.53,131.74,844399.747
2025-11-19 20:00:00,131.74,137.06,131.36,137.06,773781.146
2025-11-20 00:00:00,137.06,144.46,136.38,143.18,1377106.515
2025-11-20 04:00:00,143.18,144.8,142.19,143.8,722228.139
2025-11-20 08:00:00,143.8,143.96,141.07,142.12,602504.635
2025-11-20 12:00:00,142.12,143.39,138.35,138.57,1002193.061
2025-11-20 16:00:00,138.56,138.74,131.11,133.92,2507134.344
2025-11-20 20:00:00,133.91,136.68,132.66,133.67,837087.53
2025-11-21 00:00:00,133.67,135.06,131.03,132.62,851377.991
2025-11-21 04:00:00,132.62,133.1,122.2,127.55,1943288.477
2025-11-21 08:00:00,127.55,129.45,123.79,124.32,1669518.962
2025-11-21 12:00:00,124.32,129.61,121.66,125.41,2087383.232
2025-11-21 16:00:00,125.4,130.62,123.58,128.12,1111016.931
2025-11-21 20:00:00,128.12,129.36,125.11,128.68,623300.1
2025-11-22 00:00:00,128.69,129.94,126.82,127.13,476869.742
2025-11-22 04:00:00,127.13,128.39,125.35,127.74,519649.141
2025-11-22 08:00:00,127.74,127.74,125.32,126.68,475095.143
2025-11-22 12:00:00,126.68,127.79,125.08,127.13,440628.354
2025-11-22 16:00:00,127.13,128.6,126.79,127.2,414704.394
2025-11-22 20:00:00,127.2,128.92,126.1,127.59,285541.085
2025-11-23 00:00:00,127.6,130.8,127.56,129.96,491028.466
2025-11-23 04:00:00,129.95,131.9,128.11,128.86,491253.734
2025-11-23 08:00:00,128.86,130.99,128.83,129.75,300116.288
2025-11-23 12:00:00,129.76,133.13,129.65,132.87,760576.743
2025-11-23 16:00:00,132.88,133.47,130.84,132.38,413285.315
2025-11-23 20:00:00,132.39,133.54,130.52,130.58,362454.644
2025-11-24 00:00:00,130.58,134.41,129.31,133.43,667217.445
2025-11-24 04:00:00,133.42,133.93,130.19,130.34,736429.477
2025-11-24 08:00:00,130.33,130.76,128.44,129.62,488160.134
2025-11-24 12:00:00,129.61,132.6,128.54,131.94,865454.321
2025-11-24 16:00:00,131.93,138.0,131.82,137.24,1171221.116
2025-11-24 20:00:00,137.24,139.87,137.24,138.44,816374.553
2025-11-25 00:00:00,138.43,138.99,137.25,137.8,339660.447
2025-11-25 04:00:00,137.8,138.97,136.3,136.33,283357.024
2025-11-25 08:00:00,136.33,136.84,134.73,136.29,516734.358
2025-11-25 12:00:00,136.29,136.98,133.13,134.86,773169.974
2025-11-25 16:00:00,134.86,138.02,134.24,136.72,571150.898
2025-11-25 20:00:00,136.73,140.5,135.98,138.96,510747.152
2025-11-26 00:00:00,138.96,140.68,137.92,138.15,466628.933
2025-11-26 04:00:00,138.15,139.95,137.72,139.89,422753.327
2025-11-26 08:00:00,139.88,139.93,136.21,136.87,482180.089
2025-11-26 12:00:00,136.86,138.29,135.5,136.66,888185.7
2025-11-26 16:00:00,136.67,144.75,136.46,143.99,1267639.711
2025-11-26 20:00:00,143.99,144.23,142.51,143.02,494474.91
2025-11-27 00:00:00,143.01,144.14,142.07,142.52,427643.815
2025-11-27 04:00:00,142.52,144.29,142.33,143.77,335308.642
2025-11-27 08:00:00,143.77,143.9,141.51,142.08,325361.224
2025-11-27 12:00:00,142.08,142.54,140.67,142.15,407380.925
2025-11-27 16:00:00,142.15,143.15,141.43,142.73,548532.704
2025-11-27 20:00:00,142.73,142.91,140.47,140.85,287445.879
2025-11-28 00:00:00,140.85,141.45,138.59,139.68,414090.873
2025-11-28 04:00:00,139.68,140.6,138.97,138.97,337429.517
2025-11-28 08:00:00,138.98,142.64,138.95,140.99,614761.359
2025-11-28 12:00:00,140.99,143.6,140.43,141.61,937180.174
2025-11-28 16:00:00,141.62,141.65,136.01,137.53,896752.777
2025-11-28 20:00:00,137.54,138.3,136.59,137.33,302295.331
2025-11-29 00:00:00,137.33,137.89,136.7,136.83,246755.399
2025-11-29 04:00:00,136.84,137.72,136.22,137.28,316477.661
2025-11-29 08:00:00,137.28,137.48,136.39,137.33,265128.876
2025-11-29 12:00:00,137.33,137.66,136.5,137.58,234356.046
2025-11-29 16:00:00,137.58,138.1,134.76,135.68,526704.726
2025-11-29 20:00:00,135.67,136.52,135.33,135.91,269898.463
2025-11-30 00:00:00,135.92,136.8,135.25,136.4,431086.668
2025-11-30 04:00:00,136.41,136.95,135.52,136.53,237426.821
2025-11-30 08:00:00,136.52,137.1,136.12,136.42,254052.047
2025-11-30 12:00:00,136.43,140.19,136.2,138.33,701970.735
2025-11-30 16:00:00,138.34,139.82,137.37,137.63,426964.132
2025-11-30 20:00:00,137.62,137.93,133.26,133.48,556664.926
2025-12-01 00:00:00,133.48,133.74,126.53,126.97,1614647.797
2025-12-01 04:00:00,126.97,127.47,125.81,127.42,509645.046
2025-12-01 08:00:00,127.41,128.09,126.86,127.12,381155.306
2025-12-01 12:00:00,127.12,127.72,123.11,125.11,1064958.117
2025-12-01 16:00:00,125.11,125.34,123.27,123.86,828331.629
2025-12-01 20:00:00,123.86,127.43,123.83,126.66,608766.162
2025-12-02 00:00:00,126.66,128.54,126.02,127.23,442656.697
2025-12-02 04:00:00,127.23,127.85,126.44,127.26,303815.075
2025-12-02 08:00:00,127.26,128.84,126.01,128.31,388778.098
2025-12-02 12:00:00,128.32,139.87,128.2,137.84,1918984.282
2025-12-02 16:00:00,137.83,140.88,137.38,140.25,1232076.53
2025-12-02 20:00:00,140.26,140.38,138.2,138.68,736546.065
2025-12-03 00:00:00,138.67,140.65,137.76,140.33,591646.275
2025-12-03 04:00:00,140.33,144.26,140.18,141.88,755059.692
2025-12-03 08:00:00,141.89,142.67,140.75,141.72,338898.158
2025-12-03 12:00:00,141.72,143.59,138.78,141.0,747077.707
2025-12-03 16:00:00,141.0,142.39,139.87,141.28,633714.55
2025-12-03 20:00:00,141.27,146.08,140.74,144.67,887748.423
2025-12-04 00:00:00,144.67,146.91,143.64,144.67,440212.323
2025-12-04 04:00:00,144.68,144.9,142.64,143.47,358054.306
2025-12-04 08:00:00,143.47,144.2,142.7,143.06,281400.1
2025-12-04 12:00:00,143.05,144.26,141.44,143.21,633420.385
2025-12-04 16:00:00,143.2,143.85,137.8,139.67,637344.565
2025-12-04 20:00:00,139.66,140.5,138.5,139.01,343810.562
2025-12-05 00:00:00,139.01,140.2,138.3,138.56,357991.819
2025-12-05 04:00:00,138.55,140.75,137.77,139.68,413520.051
2025-12-05 08:00:00,139.67,139.67,136.13,137.02,613358.33
2025-12-05 12:00:00,137.01,137.2,134.41,135.05,801747.685
2025-12-05 16:00:00,135.04,135.2,130.73,132.5,883797.163
2025-12-05 20:00:00,132.49,133.43,131.96,133.29,296944.095
2025-12-06 00:00:00,133.29,134.13,132.8,133.74,194365.776
2025-12-06 04:00:00,133.73,133.75,132.56,132.72,144527.272
2025-12-06 08:00:00,132.73,133.29,131.88,133.22,184726.431
2025-12-06 12:00:00,133.23,133.99,132.21,132.87,278722.107
2025-12-06 16:00:00,132.88,133.54,131.78,132.06,360865.546
2025-12-06 20:00:00,132.07,132.93,131.28,132.19,178388.299
2025-12-07 00:00:00,132.2,133.59,131.93,133.5,186402.891
2025-12-07 04:00:00,133.5,133.54,131.91,132.08,160470.239
2025-12-07 08:00:00,132.09,132.59,131.53,132.44,199293.589
2025-12-07 12:00:00,132.43,133.07,127.7,132.03,1062856.34
2025-12-07 16:00:00,132.03,136.29,130.49,135.72,933154.236
2025-12-07 20:00:00,135.73,136.35,129.8,132.24,589627.196
2025-12-08 00:00:00,132.25,134.71,131.52,134.32,358010.639
2025-12-08 04:00:00,134.32,136.0,134.07,135.85,370405.378
2025-12-08 08:00:00,135.85,139.36,135.65,138.37,542414.345
2025-12-08 12:00:00,138.37,139.32,135.24,135.55,770614.772
2025-12-08 16:00:00,135.54,136.54,133.02,133.67,655059.641
2025-12-08 20:00:00,133.66,134.94,132.45,133.25,548610.651
2025-12-09 00:00:00,133.24,134.42,132.47,134.18,370817.475
2025-12-09 04:00:00,134.18,134.26,131.77,133.2,383953.547
2025-12-09 08:00:00,133.21,133.42,132.01,132.95,213047.581
2025-12-09 12:00:00,132.95,138.5,131.62,138.45,889986.691
2025-12-09 16:00:00,138.46,144.93,138.45,142.1,1856643.017
2025-12-09 20:00:00,142.11,142.34,136.71,137.88,794073.723
2025-12-10 00:00:00,137.87,138.61,137.19,138.15,660905.384
2025-12-10 04:00:00,138.15,140.22,138.05,139.2,371289.473
2025-12-10 08:00:00,139.2,139.88,136.33,137.24,512812.667
2025-12-10 12:00:00,137.23,138.16,135.71,136.17,485961.302
2025-12-10 16:00:00,136.16,139.64,135.73,138.67,1261516.677
2025-12-10 20:00:00,138.67,142.57,135.39,136.26,1227744.773
2025-12-11 00:00:00,136.26,136.43,129.0,129.39,1248018.99
2025-12-11 04:00:00,129.39,131.52,129.04,131.03,542883.636
2025-12-11 08:00:00,131.03,131.41,130.15,130.93,321975.149
2025-12-11 12:00:00,130.93,132.82,129.84,131.18,566748.181
2025-12-11 16:00:00,131.17,135.58,130.12,133.91,856553.78
2025-12-11 20:00:00,133.9,137.79,133.82,136.41,841517.3
2025-12-12 00:00:00,136.41,137.95,135.35,137.08,459234.105
2025-12-12 04:00:00,137.08,140.12,136.52,139.09,578561.574
2025-12-12 08:00:00,139.09,139.15,137.19,138.71,429778.284
2025-12-12 12:00:00,138.72,139.86,132.85,133.49,1072554.749
2025-12-12 16:00:00,133.48,133.95,130.35,131.27,1096274.013
2025-12-12 20:00:00,131.27,133.07,131.0,132.27,369205.537
2025-12-13 00:00:00,132.28,133.0,132.28,132.88,226995.391
2025-12-13 04:00:00,132.88,133.02,132.33,132.93,148161.676
2025-12-13 08:00:00,132.94,134.28,132.93,133.32,341456.626
2025-12-13 12:00:00,133.31,133.68,132.61,133.31,230235.882
2025-12-13 16:00:00,133.3,133.82,132.11,132.72,306223.432
2025-12-13 20:00:00,132.73,133.27,131.6,133.14,219410.728
2025-12-14 00:00:00,133.13,133.66,132.71,132.95,180565.013
2025-12-14 04:00:00,132.95,133.39,132.08,133.29,166985.072
2025-12-14 08:00:00,133.28,133.5,130.14,131.47,483157.35
2025-12-14 12:00:00,131.46,131.9,130.33,130.67,237483.44
2025-12-14 16:00:00,130.67,131.6,129.4,130.31,292036.324
2025-12-14 20:00:00,130.3,130.8,127.98,129.4,371387.438
2025-12-15 00:00:00,129.39,133.25,129.29,131.16,436829.082
2025-12-15 04:00:00,131.17,132.71,130.88,132.34,278768.459
2025-12-15 08:00:00,132.34,133.03,132.06,132.26,255593.536
2025-12-15 12:00:00,132.25,135.43,126.45,126.89,1435432.876
2025-12-15 16:00:00,126.89,127.3,123.63,125.02,995885.893
2025-12-15 20:00:00,125.01,127.87,123.88,127.81,519921.154
2025-12-16 00:00:00,127.81,128.03,124.94,126.51,378647.204
2025-12-16 04:00:00,126.5,127.48,124.87,125.57,313403.327
2025-12-16 08:00:00,125.57,129.04,125.43,128.63,442177.138
2025-12-16 12:00:00,128.62,130.14,126.11,129.75,964353.121
2025-12-16 16:00:00,129.75,129.85,126.77,127.73,490608.453
2025-12-16 20:00:00,127.72,129.52,127.43,129.15,295594.755
2025-12-17 00:00:00,129.15,129.82,128.21,128.24,274681.225
2025-12-17 04:00:00,128.25,128.57,127.02,128.27,212978.941
2025-12-17 08:00:00,128.26,128.26,125.96,127.62,348417.329
2025-12-17 12:00:00,127.62,133.99,126.58,126.77,1751793.852
2025-12-17 16:00:00,126.76,127.98,121.36,122.39,1509621.617
2025-12-17 20:00:00,122.39,123.76,121.95,123.27,428087.252
2025-12-18 00:00:00,123.28,124.16,122.98,123.65,269021.744
2025-12-18 04:00:00,123.64,124.13,122.21,122.83,274154.785
2025-12-18 08:00:00,122.83,124.15,122.46,124.07,308080.361
2025-12-18 12:00:00,124.07,129.05,123.65,127.4,1416724.357
2025-12-18 16:00:00,127.41,127.5,117.44,117.56,1725114.044
2025-12-18 20:00:00,117.55,120.2,116.88,119.6,797699.717
2025-12-19 00:00:00,119.6,122.54,117.61,121.59,620548.236
2025-12-19 04:00:00,121.58,125.34,121.35,124.44,766760.883
2025-12-19 08:00:00,124.43,125.74,123.86,125.36,429965.695
2025-12-19 12:00:00,125.36,127.66,124.68,125.09,1032574.73
2025-12-19 16:00:00,125.09,126.97,123.59,126.25,787628.9
2025-12-19 20:00:00,126.25,127.87,126.08,126.27,453070.148
2025-12-20 00:00:00,126.27,126.49,125.3,126.21,211468.403
2025-12-20 04:00:00,126.21,126.69,125.87,126.17,171149.665
2025-12-20 08:00:00,126.18,126.89,125.87,126.47,185508.42
2025-12-20 12:00:00,126.47,126.67,125.45,126.58,299054.266
2025-12-20 16:00:00,126.59,126.71,125.75,126.05,171313.72
2025-12-20 20:00:00,126.05,126.55,125.63,125.81,190859.112
2025-12-21 00:00:00,125.8,126.11,124.68,125.22,302141.19
2025-12-21 04:00:00,125.22,125.54,125.07,125.3,88267.393
2025-12-21 08:00:00,125.29,126.62,124.8,125.48,338562.937
2025-12-21 12:00:00,125.47,126.06,123.4,125.05,489203.858
2025-12-21 16:00:00,125.05,126.35,124.37,125.67,392876.601
2025-12-21 20:00:00,125.67,126.3,124.7,126.03,201051.21
2025-12-22 00:00:00,126.03,128.56,124.5,126.02,633482.79
2025-12-22 04:00:00,126.02,126.73,125.56,126.31,210045.452
2025-12-22 08:00:00,126.3,127.46,125.49,127.01,323742.174
2025-12-22 12:00:00,127.0,128.78,126.32,128.07,599849.007
2025-12-22 16:00:00,128.07,128.37,124.64,124.66,544203.633
2025-12-22 20:00:00,124.66,126.03,124.2,125.93,356266.09
2025-12-23 00:00:00,125.93,126.93,124.9,125.63,273669.618
2025-12-23 04:00:00,125.62,126.08,123.77,124.19,334611.578
2025-12-23 08:00:00,124.19,125.23,123.93,124.86,238892.953
2025-12-23 12:00:00,124.85,124.93,122.16,123.37,625019.38
2025-12-23 16:00:00,123.36,124.94,122.78,123.99,591863.216
2025-12-23 20:00:00,123.99,125.65,123.46,124.01,375974.127
2025-12-24 00:00:00,124.02,124.3,121.76,122.72,288504.2
2025-12-24 04:00:00,122.71,123.06,120.63,121.31,296196.669
2025-12-24 08:00:00,121.32,122.23,121.11,122.04,223635.016
2025-12-24 12:00:00,122.04,122.94,120.7,122.73,334516.136
2025-12-24 16:00:00,122.73,123.46,121.77,122.86,282750.284
2025-12-24 20:00:00,122.86,123.4,122.47,122.53,179848.193
2025-12-25 00:00:00,122.52,123.15,122.09,122.7,124534.623
2025-12-25 04:00:00,122.7,122.86,122.1,122.27,192052.356
2025-12-25 08:00:00,122.27,122.65,121.31,121.65,221848.711
2025-12-25 12:00:00,121.65,124.1,121.58,123.68,304384.618
2025-12-25 16:00:00,123.68,124.46,122.8,123.47,456622.365
2025-12-25 20:00:00,123.47,123.52,119.71,120.06,518882.475
2025-12-26 00:00:00,120.05,124.39,119.24,122.67,1039854.911
2025-12-26 04:00:00,122.67,123.99,121.8,122.72,385175.709
2025-12-26 08:00:00,122.71,124.13,122.29,123.84,447196.921
2025-12-26 12:00:00,123.83,125.14,120.45,121.55,920653.675
2025-12-26 16:00:00,121.55,122.4,121.17,122.15,340435.318
2025-12-26 20:00:00,122.16,122.67,121.82,122.26,193200.028
2025-12-27 00:00:00,122.27,123.8,121.86,123.67,340920.475
2025-12-27 04:00:00,123.67,123.74,122.77,123.16,158392.772
2025-12-27 08:00:00,123.15,123.34,122.51,122.99,130349.401
2025-12-27 12:00:00,122.98,123.66,122.74,123.31,128455.593
2025-12-27 16:00:00,123.32,123.45,122.76,123.28,201980.957
2025-12-27 20:00:00,123.27,125.08,123.27,124.73,397702.914
2025-12-28 00:00:00,124.74,124.9,123.9,124.13,188257.144
2025-12-28 04:00:00,124.12,124.34,123.61,124.23,132623.897
2025-12-28 08:00:00,124.23,124.84,124.0,124.65,210645.397
2025-12-28 12:00:00,124.65,125.03,124.3,124.44,246329.397
2025-12-28 16:00:00,124.44,124.77,123.08,123.3,527227.822
2025-12-28 20:00:00,123.3,125.64,123.1,125.27,523876.794
2025-12-29 00:00:00,125.27,130.16,125.01,128.58,1570857.086
2025-12-29 04:00:00,128.58,129.15,127.2,127.88,540783.503
2025-12-29 08:00:00,127.88,128.47,125.01,125.08,644155.681
2025-12-29 12:00:00,125.08,125.41,122.36,123.44,961859.699
2025-12-29 16:00:00,123.43,123.98,122.63,123.06,366732.972
2025-12-29 20:00:00,123.07,123.62,122.86,123.28,223206.164
2025-12-30 00:00:00,123.28,123.93,122.58,123.8,212290.371
2025-12-30 04:00:00,123.79,124.35,123.2,124.02,292747.345
2025-12-30 08:00:00,124.02,125.15,124.0,124.3,399345.688
2025-12-30 12:00:00,124.29,125.35,123.54,125.16,561575.424
2025-12-30 16:00:00,125.16,126.52,123.78,124.71,695920.332
2025-12-30 20:00:00,124.71,125.14,123.5,125.01,318752.356
2025-12-31 00:00:00,125.02,126.09,124.41,125.82,385546.726
2025-12-31 04:00:00,125.81,126.1,125.38,125.99,204182.586
2025-12-31 08:00:00,125.99,126.85,125.44,126.73,254276.093
2025-12-31 12:00:00,126.73,127.44,125.01,125.59,484377.049
2025-12-31 16:00:00,125.58,125.74,124.31,124.39,323537.14
2025-12-31 20:00:00,124.38,132.75,122.99,124.65,1289724.064
2026-01-01 00:00:00,124.64,125.8,124.6,125.21,245926.338
2026-01-01 04:00:00,125.22,125.32,124.22,124.24,156389.379
2026-01-01 08:00:00,124.24,125.29,124.15,125.22,343252.977
2026-01-01 12:00:00,125.23,125.28,124.39,124.96,310752.549
2026-01-01 16:00:00,124.96,125.79,124.28,125.76,384537.993
2026-01-01 20:00:00,125.76,127.25,125.31,126.9,292805.742
2026-01-02 00:00:00,126.91,127.99,125.84,127.53,380568.162
2026-01-02 04:00:00,127.53,127.72,126.75,127.13,180338.215
2026-01-02 08:00:00,127.14,129.99,127.13,128.22,625544.285
2026-01-02 12:00:00,128.21,129.65,126.82,128.98,627670.56
2026-01-02 16:00:00,128.98,132.3,128.68,131.63,745970.82
2026-01-02 20:00:00,131.63,133.25,130.83,132.29,364135.33
2026-01-03 00:00:00,132.28,133.17,132.06,132.83,270844.665
2026-01-03 04:00:00,132.83,132.93,129.6,130.1,368318.036
2026-01-03 08:00:00,130.09,131.44,129.8,130.71,253605.01
2026-01-03 12:00:00,130.71,132.18,130.5,131.47,238562.337
2026-01-03 16:00:00,131.48,132.12,131.47,131.78,150725.729
2026-01-03 20:00:00,131.78,133.99,131.35,133.37,238567.722
2026-01-04 00:00:00,133.37,134.97,133.31,134.62,397085.181
2026-01-04 04:00:00,134.62,135.0,133.66,133.8,302385.366
2026-01-04 08:00:00,133.8,134.88,133.2,134.39,263179.193
2026-01-04 12:00:00,134.39,135.35,133.75,134.91,350770.216
2026-01-04 16:00:00,134.91,135.54,133.12,133.56,339599.217
2026-01-04 20:00:00,133.55,134.86,133.4,134.12,156249.94
2026-01-05 00:00:00,134.12,137.75,134.01,136.64,651880.993
2026-01-05 04:00:00,136.64,136.79,134.63,135.45,328811.125
2026-01-05 08:00:00,135.45,136.06,134.75,135.77,342758.224
2026-01-05 12:00:00,135.77,136.47,133.18,136.13,798861.983
2026-01-05 16:00:00,136.13,138.82,134.31,138.23,765477.737
2026-01-05 20:00:00,138.23,139.87,137.72,137.9,439777.422
2026-01-06 00:00:00,137.91,138.63,136.89,138.38,341713.209
2026-01-06 04:00:00,138.38,140.08,137.35,137.61,507045.105
2026-01-06 08:00:00,137.6,139.7,137.4,139.5,416041.928
2026-01-06 12:00:00,139.5,143.48,138.72,141.6,1164131.173
2026-01-06 16:00:00,141.59,141.95,136.19,137.53,841636.852
2026-01-06 20:00:00,137.53,141.99,137.51,141.08,501226.85
2026-01-07 00:00:00,141.08,141.4,138.52,139.58,365641.21
2026-01-07 04:00:00,139.59,139.72,138.15,139.39,254909.392
2026-01-07 08:00:00,139.39,139.8,136.56,137.93,475525.662
2026-01-07 12:00:00,137.93,138.51,135.25,135.7,569355.221
2026-01-07 16:00:00,135.7,136.68,134.41,135.76,401993.748
2026-01-07 20:00:00,135.76,137.05,135.0,136.39,254216.945
2026-01-08 00:00:00,136.39,138.32,136.0,136.75,382004.008
2026-01-08 04:00:00,136.74,138.33,133.79,135.9,493314.371
2026-01-08 08:00:00,135.9,136.22,133.92,134.79,323607.294
2026-01-08 12:00:00,134.8,136.55,132.67,136.41,663928.576
2026-01-08 16:00:00,136.41,139.06,136.25,137.53,635387.085
2026-01-08 20:00:00,137.53,140.07,136.52,138.37,615196.501
2026-01-09 00:00:00,138.37,141.17,137.74,140.81,657548.768
2026-01-09 04:00:00,140.81,141.08,139.46,139.54,371513.458
2026-01-09 08:00:00,139.55,139.68,137.04,138.28,621265.565
2026-01-09 12:00:00,138.27,140.89,136.13,138.82,965343.639
2026-01-09 16:00:00,138.82,140.25,135.44,135.81,776742.657
2026-01-09 20:00:00,135.8,136.45,134.98,135.97,386133.909
2026-01-10 00:00:00,135.96,136.69,135.68,136.15,206284.98
2026-01-10 04:00:00,136.15,136.34,135.75,136.09,127461.094
2026-01-10 08:00:00,136.09,137.05,136.0,136.58,203467.601
2026-01-10 12:00:00,136.58,137.04,136.01,136.42,180816.347
2026-01-10 16:00:00,136.42,136.71,135.85,136.22,163655.47
2026-01-10 20:00:00,136.22,136.27,135.37,135.84,119151.512
2026-01-11 00:00:00,135.85,136.47,135.75,136.26,140444.874
2026-01-11 04:00:00,136.26,136.43,135.88,136.2,118593.443
2026-01-11 08:00:00,136.2,136.91,136.1,136.58,197166.958
2026-01-11 12:00:00,136.58,139.55,136.52,138.43,474319.406
2026-01-11 16:00:00,138.44,141.6,138.43,139.43,775597.184
2026-01-11 20:00:00,139.42,139.77,137.49,139.7,503791.341
2026-01-12 00:00:00,139.69,144.4,138.92,142.54,1277457.951
2026-01-12 04:00:00,142.54,143.35,141.36,141.41,430457.211
2026-01-12 08:00:00,141.42,142.05,139.04,140.03,524699.387
2026-01-12 12:00:00,140.02,142.74,138.69,142.58,532621.648
2026-01-12 16:00:00,142.58,144.33,140.58,140.99,859921.736
2026-01-12 20:00:00,141.0,141.86,138.34,139.22,534962.158
2026-01-13 00:00:00,139.21,139.58,137.82,138.74,538089.341
2026-01-13 04:00:00,138.75,140.76,138.39,139.97,420710.949
2026-01-13 08:00:00,139.97,143.12,139.97,141.84,676254.562
2026-01-13 12:00:00,141.84,143.84,141.21,143.51,907770.282
2026-01-13 16:00:00,143.51,144.55,142.43,144.24,533027.793
2026-01-13 20:00:00,144.24,148.74,143.0,145.51,1119229.541
2026-01-14 00:00:00,145.52,146.6,144.33,146.29,640347.025
2026-01-14 04:00:00,146.28,146.46,143.92,144.86,540588.653
2026-01-14 08:00:00,144.85,145.76,143.53,143.77,379406.477
2026-01-14 12:00:00,143.76,147.56,143.37,147.07,925906.865
2026-01-14 16:00:00,147.07,148.44,145.32,146.8,852900.589
2026-01-14 20:00:00,146.8,147.73,145.84,146.69,355927.769
2026-01-15 00:00:00,146.7,146.73,143.21,143.49,481901.961
2026-01-15 04:00:00,143.49,145.29,143.28,144.99,279031.191
2026-01-15 08:00:00,145.0,146.0,144.02,144.86,293200.656
2026-01-15 12:00:00,144.85,145.65,141.78,143.48,759898.546
2026-01-15 16:00:00,143.48,144.2,140.9,141.53,449424.795
2026-01-15 20:00:00,141.53,142.66,141.02,142.4,198685.99
2026-01-16 00:00:00,142.41,142.82,141.68,141.97,188314.507
2026-01-16 04:00:00,141.97,143.63,141.39,142.95,358079.428
2026-01-16 08:00:00,142.95,143.55,142.71,143.14,220271.618
2026-01-16 12:00:00,143.14,143.86,140.26,140.78,444575.491
2026-01-16 16:00:00,140.77,144.52,140.65,144.18,389096.314
2026-01-16 20:00:00,144.17,145.55,143.49,144.89,300541.668
2026-01-17 00:00:00,144.9,144.99,144.2,144.37,183972.751
2026-01-17 04:00:00,144.36,144.5,143.64,143.64,87054.038
2026-01-17 08:00:00,143.64,144.65,143.32,144.0,162784.035
2026-01-17 12:00:00,144.0,144.35,143.6,144.33,152306.381
2026-01-17 16:00:00,144.33,144.55,143.64,144.27,136850.607
2026-01-17 20:00:00,144.26,144.58,143.51,143.72,112186.949
2026-01-18 00:00:00,143.73,144.0,141.95,142.83,350824.74
2026-01-18 04:00:00,142.82,143.04,142.03,142.11,235941.502
2026-01-18 08:00:00,142.12,142.65,141.93,142.39,161988.896
2026-01-18 12:00:00,142.39,142.73,141.5,142.0,235486.159
2026-01-18 16:00:00,141.99,143.25,141.75,142.27,326847.273
2026-01-18 20:00:00,142.28,143.04,137.74,137.87,566350.128
2026-01-19 00:00:00,137.87,137.87,130.0,133.94,1659939.961
2026-01-19 04:00:00,133.93,134.09,132.71,133.47,356148.558
2026-01-19 08:00:00,133.47,134.37,133.28,134.13,319123.004
2026-01-19 12:00:00,134.12,134.19,133.27,133.55,237599.599
2026-01-19 16:00:00,133.55,134.71,133.48,134.45,180405.16
2026-01-19 20:00:00,134.46,135.16,132.74,133.44,219308.488
2026-01-20 00:00:00,133.44,134.63,133.07,134.24,246904.288
2026-01-20 04:00:00,134.25,134.27,130.56,130.62,620942.691
2026-01-20 08:00:00,130.62,130.8,128.36,128.81,861902.149
2026-01-20 12:00:00,128.81,129.77,127.24,127.86,681240.951
2026-01-20 16:00:00,127.86,128.59,126.3,127.25,604031.57
2026-01-20 20:00:00,127.24,128.08,124.68,125.8,517402.231
2026-01-21 00:00:00,125.81,127.86,125.75,127.61,281091.101
2026-01-21 04:00:00,127.61,128.75,127.45,127.62,261374.286
2026-01-21 08:00:00,127.61,128.19,126.8,126.94,264176.038
2026-01-21 12:00:00,126.94,131.18,126.17,130.43,921029.372
2026-01-21 16:00:00,130.43,131.68,125.26,131.5,958735.821
2026-01-21 20:00:00,131.49,132.17,129.16,129.54,475329.742
2026-01-22 00:00:00,129.53,130.62,129.53,129.86,193930.579
2026-01-22 04:00:00,129.85,130.5,129.75,129.81,159631.228
2026-01-22 08:00:00,129.8,130.35,129.35,130.11,193470.625
2026-01-22 12:00:00,130.11,130.94,126.73,127.41,623936.658
2026-01-22 16:00:00,127.42,129.37,126.92,129.26,398309.713
2026-01-22 20:00:00,129.26,129.76,128.02,128.47,242307.659
2026-01-23 00:00:00,128.47,128.98,128.08,128.76,182007.469
2026-01-23 04:00:00,128.76,129.29,127.23,127.93,218313.976
2026-01-23 08:00:00,127.93,128.0,126.94,127.54,190897.481
2026-01-23 12:00:00,127.54,128.1,125.28,127.9,536316.127
2026-01-23 16:00:00,127.9,130.2,127.46,128.08,641698.867
2026-01-23 20:00:00,128.08,128.26,126.54,127.43,274829.157
2026-01-24 00:00:00,127.43,128.12,127.29,127.91,114727.901
2026-01-24 04:00:00,127.91,128.11,126.89,127.11,180692.089
2026-01-24 08:00:00,127.12,127.4,126.93,127.17,120056.338
2026-01-24 12:00:00,127.17,127.41,126.8,126.85,137033.224
2026-01-24 16:00:00,126.85,127.51,126.64,127.3,142790.201
2026-01-24 20:00:00,127.3,127.76,127.1,127.21,112120.242
2026-01-25 00:00:00,127.22,127.46,126.35,126.64,162322.356
2026-01-25 04:00:00,126.64,127.0,126.35,126.47,118525.085
2026-01-25 08:00:00,126.47,127.2,125.98,126.77,197673.019
2026-01-25 12:00:00,126.77,127.12,125.48,125.59,225134.285
2026-01-25 16:00:00,125.58,125.58,117.15,117.96,2305430.152
2026-01-25 20:00:00,117.96,119.45,117.38,118.85,1531794.552
2026-01-26 00:00:00,118.85,122.77,118.53,121.57,478950.112
2026-01-26 04:00:00,121.58,123.62,121.57,122.89,249077.029
2026-01-26 08:00:00,122.9,123.59,121.76,122.5,295031.127
2026-01-26 12:00:00,122.51,125.2,122.35,123.53,594653.174
2026-01-26 16:00:00,123.53,125.6,123.03,124.31,472340.453
2026-01-26 20:00:00,124.31,124.88,123.42,124.24,265699.468
2026-01-27 00:00:00,124.24,125.17,123.73,124.51,222042.734
2026-01-27 04:00:00,124.51,125.15,124.0,124.52,197767.215
2026-01-27 08:00:00,124.52,124.79,123.57,124.12,224263.439
2026-01-27 12:00:00,124.12,125.06,123.12,125.01,297484.055
2026-01-27 16:00:00,125.01,126.79,123.55,125.85,635375.613
2026-01-27 20:00:00,125.84,127.84,125.73,127.19,459575.986
2026-01-28 00:00:00,127.18,127.52,126.65,126.96,197099.29
2026-01-28 04:00:00,126.96,127.54,126.45,127.1,190954.093
2026-01-28 08:00:00,127.09,128.34,125.97,128.17,352797.501
2026-01-28 12:00:00,128.16,128.25,125.52,126.07,516333.673
2026-01-28 16:00:00,126.06,127.04,125.26,126.01,434021.822
2026-01-28 20:00:00,126.0,126.68,124.78,125.35,306657.149
2026-01-29 00:00:00,125.34,125.51,122.7,123.07,379002.267
2026-01-29 04:00:00,123.07,123.98,122.5,123.78,182453.497
2026-01-29 08:00:00,123.78,123.93,122.66,122.76,204252.171
2026-01-29 12:00:00,122.76,123.34,116.12,117.69,1150715.435
2026-01-29 16:00:00,117.69,119.96,115.39,116.84,1351851.927
2026-01-29 20:00:00,116.84,117.91,116.56,117.82,462338.176
2026-01-30 00:00:00,117.82,118.14,112.14,114.43,1234004.18
2026-01-30 04:00:00,114.44,116.13,113.01,115.78,715888.113
2026-01-30 08:00:00,115.78,117.28,114.67,117.08,534204.7
2026-01-30 12:00:00,117.08,117.64,114.58,116.8,718933.599
2026-01-30 16:00:00,116.8,119.12,114.34,118.3,1049347.959
2026-01-30 20:00:00,118.29,118.43,116.52,117.59,508628.191
2026-01-31 00:00:00,117.6,118.66,117.39,118.39,320657.229
2026-01-31 04:00:00,118.39,118.85,117.2,117.37,436088.984
2026-01-31 08:00:00,117.38,117.53,114.29,116.05,868789.917
2026-01-31 12:00:00,116.06,116.19,108.23,108.65,1790442.231
2026-01-31 16:00:00,108.65,109.83,96.4,101.78,4226686.938
2026-01-31 20:00:00,101.77,106.55,100.4,105.58,924733.027
2026-02-01 00:00:00,105.58,106.43,104.23,104.97,421440.566
2026-02-01 04:00:00,104.97,106.02,103.96,105.2,396862.046
2026-02-01 08:00:00,105.2,106.06,103.59,105.05,462122.883
2026-02-01 12:00:00,105.06,106.69,100.21,101.69,1033943.978
2026-02-01 16:00:00,101.7,104.27,100.93,101.94,674420.783
2026-02-01 20:00:00,101.94,102.88,98.02,100.79,1215465.795
2026-02-02 00:00:00,100.78,103.14,95.95,100.07,1510943.504
2026-02-02 04:00:00,100.08,102.43,97.07,101.43,1575814.215
2026-02-02 08:00:00,101.42,103.45,101.36,102.78,791326.614
2026-02-02 12:00:00,102.78,106.12,102.39,104.7,886338.746
2026-02-02 16:00:00,104.69,105.78,103.51,103.89,515713.965
2026-02-02 20:00:00,103.88,105.2,103.32,104.55,293895.637
2026-02-03 00:00:00,104.54,104.67,102.18,104.16,412975.486
2026-02-03 04:00:00,104.17,105.1,102.96,104.7,302547.584
2026-02-03 08:00:00,104.7,105.04,102.5,103.01,425554.138
2026-02-03 12:00:00,103.01,103.65,100.41,102.56,816223.896
2026-02-03 16:00:00,102.56,102.56,96.64,99.02,1469216.052
2026-02-03 20:00:00,99.01,102.07,97.21,97.89,1087500.959
2026-02-04 00:00:00,97.89,99.67,97.17,99.13,645253.047
2026-02-04 04:00:00,99.12,99.35,96.46,97.9,561956.452
2026-02-04 08:00:00,97.91,97.96,94.71,96.11,1023805.846
2026-02-04 12:00:00,96.12,96.73,91.31,92.79,1307738.609
2026-02-04 16:00:00,92.8,94.71,90.0,94.38,1621367.878
2026-02-04 20:00:00,94.38,94.5,89.3,92.12,1091337.539
2026-02-05 00:00:00,92.11,92.89,90.24,91.15,850851.31
2026-02-05 04:00:00,91.14,92.11,89.68,90.54,1143660.878
2026-02-05 08:00:00,90.55,93.43,88.66,89.98,1061546.234
2026-02-05 12:00:00,89.98,91.43,83.44,84.61,2217771.524
2026-02-05 16:00:00,84.61,86.2,81.21,81.68,1963466.057
2026-02-05 20:00:00,81.68,82.3,77.6,78.35,3006059.477
2026-02-06 00:00:00,78.34,80.3,67.5,76.71,4857838.166
2026-02-06 04:00:00,76.71,81.65,76.22,79.59,1318254.13
2026-02-06 08:00:00,79.6,82.04,78.67,81.36,1054296.776
2026-02-06 12:00:00,81.36,85.19,80.85,84.49,1705060.251
2026-02-06 16:00:00,84.48,88.72,83.66,87.09,1733549.251
2026-02-06 20:00:00,87.09,89.84,86.6,87.46,1142097.192
2026-02-07 00:00:00,87.45,88.39,85.91,88.1,818660.407
2026-02-07 04:00:00,88.09,89.04,84.16,85.29,975611.031
2026-02-07 08:00:00,85.29,85.74,84.51,84.91,448696.289
2026-02-07 12:00:00,84.9,87.2,84.85,86.57,569529.976
2026-02-07 16:00:00,86.56,89.19,86.17,88.3,1331970.845
2026-02-07 20:00:00,88.3,89.2,86.86,87.59,342180.932
2026-02-08 00:00:00,87.59,88.22,86.7,86.82,222639.846
2026-02-08 04:00:00,86.82,87.56,86.63,87.42,226616.219
2026-02-08 08:00:00,87.41,88.99,86.44,88.25,569978.386
2026-02-08 12:00:00,88.25,88.89,87.35,87.77,517939.822
2026-02-08 16:00:00,87.78,88.61,85.77,88.41,482648.823
2026-02-08 20:00:00,88.41,89.08,86.06,86.99,515175.587
2026-02-09 00:00:00,86.99,87.98,85.75,87.67,527305.418
2026-02-09 04:00:00,87.67,87.72,85.19,85.5,493099.359
2026-02-09 08:00:00,85.5,85.64,82.86,83.47,774366.769
2026-02-09 12:00:00,83.48,85.8,83.45,85.28,637293.722
2026-02-09 16:00:00,85.28,88.69,84.81,87.97,853076.189
2026-02-09 20:00:00,87.96,88.31,86.53,86.77,382510.959
2026-02-10 00:00:00,86.77,87.49,85.26,85.87,402093.534
2026-02-10 04:00:00,85.86,86.67,84.3,84.63,497685.532
2026-02-10 08:00:00,84.64,85.09,83.77,83.85,455095.703
2026-02-10 12:00:00,83.85,85.24,83.2,84.3,798245.638
2026-02-10 16:00:00,84.3,85.14,82.44,83.08,486935.392
2026-02-10 20:00:00,83.08,83.23,81.91,82.99,335156.306
2026-02-11 00:00:00,82.99,84.39,82.59,83.34,317157.796
2026-02-11 04:00:00,83.34,83.54,80.28,81.0,549886.454
2026-02-11 08:00:00,81.0,81.47,80.38,81.26,369689.127
2026-02-11 12:00:00,81.25,83.17,78.56,79.72,1281109.036
2026-02-11 16:00:00,79.72,80.94,78.04,79.72,711553.118
2026-02-11 20:00:00,79.72,81.11,78.8,79.3,585517.789
2026-02-12 00:00:00,79.31,80.79,79.26,80.62,286003.683
2026-02-12 04:00:00,80.63,80.99,79.5,80.77,278474.154
2026-02-12 08:00:00,80.77,82.25,80.32,81.87,426871.075
2026-02-12 12:00:00,81.87,82.13,80.1,80.12,655744.329
2026-02-12 16:00:00,80.13,80.22,77.03,77.62,927205.54
2026-02-12 20:00:00,77.62,78.52,76.6,78.4,621931.336
2026-02-13 00:00:00,78.39,79.48,77.53,79.05,370604.061
2026-02-13 04:00:00,79.05,79.27,77.85,78.99,343878.437
2026-02-13 08:00:00,78.99,80.62,78.86,80.31,453099.44
2026-02-13 12:00:00,80.31,84.34,79.73,83.2,994476.772
2026-02-13 16:00:00,83.2,85.63,82.92,84.66,834107.956
2026-02-13 20:00:00,84.65,85.19,84.12,84.33,374223.606
2026-02-14 00:00:00,84.34,85.3,84.21,85.06,289428.397
2026-02-14 04:00:00,85.07,85.27,84.35,85.19,156035.425
2026-02-14 08:00:00,85.19,87.33,85.16,87.29,581740.68
2026-02-14 12:00:00,87.29,87.69,86.0,87.44,570822.943
2026-02-14 16:00:00,87.44,88.47,86.99,88.2,665986.607
2026-02-14 20:00:00,88.21,88.9,87.29,88.06,434593.163
2026-02-15 00:00:00,88.06,88.78,87.31,88.61,477493.402
2026-02-15 04:00:00,88.6,90.98,88.35,90.74,806233.048
2026-02-15 08:00:00,90.74,91.26,89.01,89.17,713517.754
2026-02-15 12:00:00,89.18,89.63,86.66,87.42,766136.528
2026-02-15 16:00:00,87.41,87.88,85.2,85.34,714921.002
2026-02-15 20:00:00,85.35,86.7,84.89,86.16,450783.666
2026-02-16 00:00:00,86.15,86.63,84.79,85.14,667949.308
2026-02-16 04:00:00,85.15,85.91,84.47,85.06,346888.912
2026-02-16 08:00:00,85.07,86.26,84.49,85.52,431369.74
2026-02-16 12:00:00,85.52,86.93,82.55,83.21,1202171.279
2026-02-16 16:00:00,83.21,85.16,83.1,84.61,631216.887
2026-02-16 20:00:00,84.62,86.66,84.5,86.45,280155.685
2026-02-17 00:00:00,86.45,87.69,85.76,86.37,299751.05
2026-02-17 04:00:00,86.37,86.8,85.45,86.49,271821.33
2026-02-17 08:00:00,86.48,86.77,84.75,85.1,286692.036
2026-02-17 12:00:00,85.11,85.58,82.92,83.81,918074.82
2026-02-17 16:00:00,83.8,85.76,83.13,84.87,672706.801
2026-02-17 20:00:00,84.86,85.44,84.53,85.08,325609.828
2026-02-18 00:00:00,85.09,85.49,83.92,85.33,469767.043
2026-02-18 04:00:00,85.34,85.54,84.68,85.28,191825.649
2026-02-18 08:00:00,85.28,86.09,82.83,82.86,707916.188
2026-02-18 12:00:00,82.87,84.01,81.72,83.01,893829.759
2026-02-18 16:00:00,83.0,83.09,80.48,80.93,615426.553
2026-02-18 20:00:00,80.93,81.64,80.85,81.61,258838.778
2026-02-19 00:00:00,81.61,82.07,81.25,81.77,164987.112
2026-02-19 04:00:00,81.77,82.67,81.38,82.41,578429.861
2026-02-19 08:00:00,82.4,82.42,80.91,81.24,312028.085
2026-02-19 12:00:00,81.24,81.32,79.61,80.64,871083.315
2026-02-19 16:00:00,80.63,82.2,79.92,81.95,569169.832
2026-02-19 20:00:00,81.94,82.57,81.68,82.5,352579.285
2026-02-20 00:00:00,82.5,83.54,82.33,83.04,484575.741
2026-02-20 04:00:00,83.05,83.93,82.38,83.46,352315.371
2026-02-20 08:00:00,83.45,84.84,83.3,83.58,667959.132
2026-02-20 12:00:00,83.58,84.78,81.77,84.38,1113123.094
2026-02-20 16:00:00,84.38,85.49,82.82,84.75,839756.204
2026-02-20 20:00:00,84.75,85.23,84.12,84.67,296827.217
2026-02-21 00:00:00,84.68,85.03,84.24,84.35,244834.547
2026-02-21 04:00:00,84.35,84.78,83.97,84.24,191204.992
2026-02-21 08:00:00,84.24,85.7,84.19,85.4,253890.125
2026-02-21 12:00:00,85.4,86.72,85.0,86.58,560131.305
2026-02-21 16:00:00,86.59,86.72,85.82,86.22,273165.296
2026-02-21 20:00:00,86.21,86.21,85.12,85.17,257522.597
2026-02-22 00:00:00,85.17,85.6,84.73,85.08,373587.245
2026-02-22 04:00:00,85.08,85.58,84.81,85.24,156836.219
2026-02-22 08:00:00,85.25,85.47,84.87,85.27,189820.253
2026-02-22 12:00:00,85.28,85.33,82.98,83.5,605586.526
2026-02-22 16:00:00,83.49,83.63,82.82,83.3,206105.59
2026-02-22 20:00:00,83.3,83.71,82.48,82.79,266916.763
2026-02-23 00:00:00,82.8,82.85,77.28,77.66,1532442.0
2026-02-23 04:00:00,77.66,79.69,77.15,79.4,782254.487
2026-02-23 08:00:00,79.4,80.69,78.53,80.05,565368.231
2026-02-23 12:00:00,80.06,81.13,79.2,79.4,789672.182
2026-02-23 16:00:00,79.39,79.8,77.27,78.29,1029792.145
2026-02-23 20:00:00,78.28,78.92,77.63,77.9,463844.338
2026-02-24 00:00:00,77.91,78.53,75.74,76.87,803680.301
2026-02-24 04:00:00,76.88,77.36,76.11,76.84,639815.22
2026-02-24 08:00:00,76.85,77.2,76.0,76.77,350066.337
2026-02-24 12:00:00,76.78,77.49,75.63,77.3,738812.029
2026-02-24 16:00:00,77.3,78.51,77.23,78.38,555440.053
2026-02-24 20:00:00,78.38,79.62,78.12,78.99,505014.436
2026-02-25 00:00:00,78.99,82.99,78.73,81.75,1007253.967
2026-02-25 04:00:00,81.75,82.43,80.98,82.19,522305.824
2026-02-25 08:00:00,82.19,83.42,81.93,83.39,430794.95
2026-02-25 12:00:00,83.38,86.46,82.89,85.98,1251514.679
2026-02-25 16:00:00,85.98,89.65,85.97,89.43,1161364.348
2026-02-25 20:00:00,89.43,92.1,87.07,88.06,1259515.647
2026-02-26 00:00:00,88.05,89.27,87.53,87.95,809196.666
2026-02-26 04:00:00,87.95,89.05,87.22,87.24,460862.95
2026-02-26 08:00:00,87.24,88.71,86.6,86.82,466378.44
2026-02-26 12:00:00,86.82,88.26,85.27,86.56,621958.742
2026-02-26 16:00:00,86.57,86.75,84.34,86.47,737319.89
2026-02-26 20:00:00,86.47,86.87,85.73,85.91,261174.291
2026-02-27 00:00:00,85.91,87.82,85.19,87.63,331556.019
2026-02-27 04:00:00,87.63,88.29,86.81,87.31,371654.863
2026-02-27 08:00:00,87.31,87.93,83.35,83.59,631826.713
2026-02-27 12:00:00,83.59,83.76,81.95,82.7,917546.351
2026-02-27 16:00:00,82.7,82.7,81.11,81.57,655568.69
2026-02-27 20:00:00,81.57,82.11,80.32,81.85,462346.723
2026-02-28 00:00:00,81.84,82.27,81.55,81.74,195519.451
2026-02-28 04:00:00,81.75,81.9,77.12,78.71,1158965.034
2026-02-28 08:00:00,78.7,79.6,77.74,78.78,1076217.7
2026-02-28 12:00:00,78.78,81.51,78.59,80.92,972036.663
2026-02-28 16:00:00,80.91,82.91,80.5,82.21,612172.335
2026-02-28 20:00:00,82.22,85.65,81.97,84.35,722788.696
2026-03-01 00:00:00,84.35,88.9,84.25,88.02,1243291.938
2026-03-01 04:00:00,88.02,88.26,86.16,86.63,577621.131
2026-03-01 08:00:00,86.63,86.83,84.71,85.18,563401.528
2026-03-01 12:00:00,85.18,86.98,84.51,85.67,647556.015
2026-03-01 16:00:00,85.67,86.1,83.03,83.23,723186.569
2026-03-01 20:00:00,83.23,84.12,81.69,83.6,680137.041
2026-03-02 00:00:00,83.61,86.18,83.46,84.78,654789.29
2026-03-02 04:00:00,84.78,84.84,82.38,82.95,490483.056
2026-03-02 08:00:00,82.96,84.29,82.37,83.89,580427.612
2026-03-02 12:00:00,83.88,88.98,82.78,88.77,1522735.295
2026-03-02 16:00:00,88.77,90.29,86.39,87.65,1223343.144
2026-03-02 20:00:00,87.65,88.25,86.35,86.64,651654.863
2026-03-03 00:00:00,86.65,87.32,85.23,86.31,536255.51
2026-03-03 04:00:00,86.31,86.82,85.38,85.58,339964.675
2026-03-03 08:00:00,85.58,85.77,83.7,84.21,747390.113
2026-03-03 12:00:00,84.22,85.37,82.5,85.04,907184.577
2026-03-03 16:00:00,85.03,87.34,84.15,85.08,1018149.72
2026-03-03 20:00:00,85.08,87.46,84.17,86.97,587798.15
2026-03-04 00:00:00,86.98,88.08,85.18,85.77,729459.902
2026-03-04 04:00:00,85.77,87.52,84.78,87.43,656759.196
2026-03-04 08:00:00,87.43,91.48,86.98,89.76,1680856.748
2026-03-04 12:00:00,89.76,93.12,88.69,92.94,1507049.042
2026-03-04 16:00:00,92.94,94.05,90.66,93.19,1058973.473
2026-03-04 20:00:00,93.19,93.76,90.29,90.85,696833.022
2026-03-05 00:00:00,90.86,91.42,89.61,90.03,547049.008
2026-03-05 04:00:00,90.03,91.32,89.7,90.16,403516.555
2026-03-05 08:00:00,90.16,92.96,89.66,91.84,704543.868
2026-03-05 12:00:00,91.84,92.22,88.8,89.62,1029533.684
2026-03-05 16:00:00,89.61,89.63,87.91,88.73,747026.381
2026-03-05 20:00:00,88.72,89.85,88.54,88.77,322041.112
2026-03-06 00:00:00,88.78,89.31,88.02,88.41,424326.71
2026-03-06 04:00:00,88.4,88.92,87.51,88.7,305640.223
2026-03-06 08:00:00,88.7,88.7,87.1,87.26,362070.476
2026-03-06 12:00:00,87.25,87.27,83.96,84.65,1218389.068
2026-03-06 16:00:00,84.65,85.9,83.64,85.21,582148.305
2026-03-06 20:00:00,85.21,85.47,84.44,84.7,242749.86
2026-03-07 00:00:00,84.69,85.07,84.32,84.52,227206.854
2026-03-07 04:00:00,84.53,84.56,83.9,84.32,234003.859
2026-03-07 08:00:00,84.33,84.91,84.12,84.66,213056.237
2026-03-07 12:00:00,84.66,84.78,83.42,83.75,272791.659
2026-03-07 16:00:00,83.75,84.08,82.28,82.53,362868.503
2026-03-07 20:00:00,82.52,83.32,82.51,83.22,155354.609
2026-03-08 00:00:00,83.22,83.49,82.11,82.34,256730.791
2026-03-08 04:00:00,82.34,83.1,81.74,82.95,262761.984
2026-03-08 08:00:00,82.95,84.13,82.51,82.81,340229.954
2026-03-08 12:00:00,82.81,83.01,81.18,82.06,444407.118
2026-03-08 16:00:00,82.06,82.65,81.31,82.49,243031.142
2026-03-08 20:00:00,82.48,82.96,80.26,81.59,555804.698
2026-03-09 00:00:00,81.6,84.5,81.54,83.16,588325.344
2026-03-09 04:00:00,83.16,84.61,82.33,83.18,470418.806
2026-03-09 08:00:00,83.18,84.6,82.94,83.59,501694.054
2026-03-09 12:00:00,83.58,85.75,83.41,85.05,740176.324
2026-03-09 16:00:00,85.05,87.06,84.26,85.97,726667.975
2026-03-09 20:00:00,85.97,86.36,84.84,84.96,566774.786
2026-03-10 00:00:00,84.95,86.91,84.83,85.55,537148.656
2026-03-10 04:00:00,85.56,86.99,85.41,86.7,471249.533
2026-03-10 08:00:00,86.71,87.67,86.58,86.79,532840.809
2026-03-10 12:00:00,86.8,88.61,84.91,88.33,987019.813
2026-03-10 16:00:00,88.34,88.8,85.66,86.02,702767.198
2026-03-10 20:00:00,86.01,86.44,85.01,85.88,412869.125
2026-03-11 00:00:00,85.88,86.28,85.48,85.63,286257.991
2026-03-11 04:00:00,85.63,86.88,85.14,85.45,376050.498
2026-03-11 08:00:00,85.44,85.61,84.39,84.55,403509.896
2026-03-11 12:00:00,84.54,87.4,84.36,85.4,997150.052
2026-03-11 16:00:00,85.41,88.09,85.3,87.29,833058.365
2026-03-11 20:00:00,87.28,87.94,86.46,86.58,286148.937
2026-03-12 00:00:00,86.58,86.78,84.72,85.01,357699.785
2026-03-12 04:00:00,85.02,85.9,84.89,85.82,319771.496
2026-03-12 08:00:00,85.82,87.13,85.39,86.79,448496.154
2026-03-12 12:00:00,86.8,87.69,85.12,86.58,987466.441
2026-03-12 16:00:00,86.57,87.09,85.68,86.8,507906.054
2026-03-12 20:00:00,86.79,87.23,85.96,86.84,292341.218
2026-03-13 00:00:00,86.83,91.14,86.71,89.69,1419913.112
2026-03-13 04:00:00,89.7,89.74,88.15,88.68,486847.852
2026-03-13 08:00:00,88.68,90.45,88.32,90.33,589014.79
2026-03-13 12:00:00,90.32,92.98,89.3,89.49,1453108.688
2026-03-13 16:00:00,89.49,90.15,88.37,88.92,611464.125
2026-03-13 20:00:00,88.91,89.16,87.73,88.18,380030.05
2026-03-14 00:00:00,88.17,88.62,87.79,88.4,276797.775
2026-03-14 04:00:00,88.4,88.71,86.92,87.33,331874.026
2026-03-14 08:00:00,87.32,87.55,86.51,86.96,283476.778
2026-03-14 12:00:00,86.95,87.36,86.63,86.72,244066.447
2026-03-14 16:00:00,86.72,87.13,86.62,87.0,122777.32
2026-03-14 20:00:00,87.01,88.16,86.87,88.03,239150.693
2026-03-15 00:00:00,88.04,88.65,87.58,87.86,272238.602
2026-03-15 04:00:00,87.86,88.66,87.85,88.22,284899.88
2026-03-15 08:00:00,88.22,88.88,88.14,88.55,190655.217
2026-03-15 12:00:00,88.56,88.56,87.36,87.9,258089.751
2026-03-15 16:00:00,87.9,88.8,87.45,88.19,265335.37
2026-03-15 20:00:00,88.19,93.23,87.98,92.3,1343328.285
2026-03-16 00:00:00,92.31,94.0,91.18,93.16,1014325.143
2026-03-16 04:00:00,93.17,94.32,92.94,93.56,975084.337
2026-03-16 08:00:00,93.56,94.02,92.57,93.75,452990.408
2026-03-16 12:00:00,93.75,95.13,92.37,93.2,1523871.554
2026-03-16 16:00:00,93.2,95.48,93.13,95.21,833015.474
2026-03-16 20:00:00,95.21,97.68,95.06,96.2,822363.705
2026-03-17 00:00:00,96.19,96.95,93.71,94.07,824181.768
2026-03-17 04:00:00,94.07,94.66,93.2,94.44,389934.678
2026-03-17 08:00:00,94.43,95.09,93.25,93.66,414284.95
2026-03-17 12:00:00,93.67,95.13,93.15,93.82,523337.729
2026-03-17 16:00:00,93.82,95.59,93.72,94.67,396165.869
2026-03-17 20:00:00,94.66,95.62,94.41,94.62,285652.592
2026-03-18 00:00:00,94.61,95.65,94.1,95.05,254699.64
2026-03-18 04:00:00,95.06,95.12,93.72,93.95,325950.604
2026-03-18 08:00:00,93.95,94.44,91.82,92.0,645779.016
2026-03-18 12:00:00,92.0,92.03,88.55,89.37,1121595.202
2026-03-18 16:00:00,89.36,90.86,88.61,89.71,634508.742
2026-03-18 20:00:00,89.7,90.62,88.99,90.08,311328.354
2026-03-19 00:00:00,90.07,91.41,89.79,90.74,271818.87
2026-03-19 04:00:00,90.74,90.74,88.63,89.42,447543.098
2026-03-19 08:00:00,89.41,90.48,89.09,89.62,348118.639
2026-03-19 12:00:00,89.62,89.62,87.15,87.63,769220.355
2026-03-19 16:00:00,87.63,89.26,87.0,88.72,521449.916
2026-03-19 20:00:00,88.71,89.32,88.37,88.89,251392.046
2026-03-20 00:00:00,88.9,89.8,88.87,89.57,325453.515
2026-03-20 04:00:00,89.57,89.75,88.5,89.37,281203.173
2026-03-20 08:00:00,89.38,90.45,88.61,89.15,528038.845
2026-03-20 12:00:00,89.15,89.73,88.51,88.94,539218.064
2026-03-20 16:00:00,88.94,89.23,88.13,88.99,258041.825
2026-03-20 20:00:00,88.99,90.26,88.65,89.84,269456.116
2026-03-21 00:00:00,89.85,90.65,89.73,90.45,161696.72
2026-03-21 04:00:00,90.45,90.81,89.91,90.12,243992.038
2026-03-21 08:00:00,90.12,90.4,89.81,89.94,153713.834
2026-03-21 12:00:00,89.95,90.42,89.39,89.82,175297.226
2026-03-21 16:00:00,89.83,90.0,89.41,89.79,113940.456
2026-03-21 20:00:00,89.8,90.29,87.14,87.56,393204.951
2026-03-22 00:00:00,87.55,89.17,86.26,88.68,697228.294
2026-03-22 04:00:00,88.67,89.2,87.67,87.7,270478.481
2026-03-22 08:00:00,87.7,87.74,86.84,86.85,303964.7
2026-03-22 12:00:00,86.84,87.74,86.82,87.57,205979.156
2026-03-22 16:00:00,87.58,87.71,86.51,86.86,197027.511
2026-03-22 20:00:00,86.87,87.19,85.14,86.2,463408.989
2026-03-23 00:00:00,86.21,87.22,85.47,86.4,318814.595
2026-03-23 04:00:00,86.39,87.33,85.11,85.99,494882.939
2026-03-23 08:00:00,86.0,91.93,85.19,88.78,1467214.378
2026-03-23 12:00:00,88.78,92.26,88.33,89.95,1147241.977
2026-03-23 16:00:00,89.96,91.9,89.4,91.39,802182.925
2026-03-23 20:00:00,91.38,92.02,90.98,91.43,331369.574
2026-03-24 00:00:00,91.44,91.68,89.96,90.35,323535.987
2026-03-24 04:00:00,90.34,91.89,89.99,91.72,371099.482
2026-03-24 08:00:00,91.71,92.22,91.12,91.77,507240.51
2026-03-24 12:00:00,91.78,91.86,88.7,89.74,986008.491
2026-03-24 16:00:00,89.74,89.98,88.42,88.52,451039.88
2026-03-24 20:00:00,88.53,91.13,88.51,90.8,447118.176
2026-03-25 00:00:00,90.8,91.95,90.71,91.69,372289.689
2026-03-25 04:00:00,91.69,92.96,91.59,91.81,636566.52
2026-03-25 08:00:00,91.82,93.47,91.82,92.99,511796.134
2026-03-25 12:00:00,92.99,93.43,91.0,91.77,567696.94
2026-03-25 16:00:00,91.77,92.73,91.4,91.75,320002.539
2026-03-25 20:00:00,91.76,91.96,91.03,91.7,244182.976
2026-03-26 00:00:00,91.7,91.98,90.61,91.07,238387.623
2026-03-26 04:00:00,91.07,91.08,88.81,89.1,823846.485
2026-03-26 08:00:00,89.1,89.11,87.45,87.58,622106.806
2026-03-26 12:00:00,87.58,88.24,86.73,87.54,607964.695
2026-03-26 16:00:00,87.53,87.73,85.45,85.48,570992.644
2026-03-26 20:00:00,85.48,87.14,85.45,86.53,702894.483
2026-03-27 00:00:00,86.52,87.04,86.19,86.42,234021.696
2026-03-27 04:00:00,86.42,86.75,85.69,85.92,436318.572
2026-03-27 08:00:00,85.92,86.14,82.63,83.39,940535.152
2026-03-27 12:00:00,83.39,84.03,82.5,83.35,600075.642
2026-03-27 16:00:00,83.36,83.44,81.86,82.81,428188.403
2026-03-27 20:00:00,82.81,83.14,82.38,83.11,201422.605
2026-03-28 00:00:00,83.11,83.11,82.25,82.6,167036.242
2026-03-28 04:00:00,82.6,83.67,82.38,83.62,226948.916
2026-03-28 08:00:00,83.62,83.73,82.69,82.94,293830.464
2026-03-28 12:00:00,82.94,84.29,82.6,83.83,587986.457
2026-03-28 16:00:00,83.84,83.95,83.04,83.28,158735.499
2026-03-28 20:00:00,83.28,83.52,81.69,82.09,232472.521
2026-03-29 00:00:00,82.09,83.24,81.87,83.0,181670.454
2026-03-29 04:00:00,83.01,83.04,82.23,82.45,208371.618
2026-03-29 08:00:00,82.45,82.84,81.98,82.58,188587.206
2026-03-29 12:00:00,82.59,82.65,81.36,81.81,242466.942
2026-03-29 16:00:00,81.82,82.12,81.12,81.62,159921.606
2026-03-29 20:00:00,81.62,82.23,78.96,81.44,643655.649
2026-03-30 00:00:00,81.45,83.94,81.15,83.27,697702.3
2026-03-30 04:00:00,83.27,84.26,83.26,84.02,448198.483
2026-03-30 08:00:00,84.01,84.88,83.55,84.24,513690.869
2026-03-30 12:00:00,84.25,84.99,83.65,84.51,511038.502
2026-03-30 16:00:00,84.5,84.55,81.96,82.39,511840.073
2026-03-30 20:00:00,82.38,83.68,82.14,82.54,343384.46
2026-03-31 00:00:00,82.55,84.62,82.15,83.6,444423.076
2026-03-31 04:00:00,83.6,83.91,82.68,83.1,414755.16
2026-03-31 08:00:00,83.1,83.35,80.08,80.85,1334193.196
2026-03-31 12:00:00,80.85,82.59,80.4,80.86,929630.909
2026-03-31 16:00:00,80.87,83.47,80.87,82.7,774479.722
2026-03-31 20:00:00,82.7,83.4,82.33,83.2,375085.363
2026-04-01 00:00:00,83.19,83.58,82.48,83.43,401305.617
2026-04-01 04:00:00,83.44,84.74,83.26,83.84,578648.401
2026-04-01 08:00:00,83.84,84.06,83.07,83.37,412603.121
2026-04-01 12:00:00,83.37,83.88,82.4,83.63,694205.461
2026-04-01 16:00:00,83.62,86.65,83.08,83.82,1336245.808
2026-04-01 20:00:00,83.83,83.88,80.77,81.18,1253727.712
2026-04-02 00:00:00,81.19,81.77,78.3,79.01,1419298.545
2026-04-02 04:00:00,79.01,79.67,78.62,79.65,516514.988
2026-04-02 08:00:00,79.64,79.64,78.2,78.31,411747.946
2026-04-02 12:00:00,78.32,79.73,76.7,79.03,1100370.689
2026-04-02 16:00:00,79.03,79.88,78.43,78.98,499900.651
2026-04-02 20:00:00,78.99,79.37,78.63,78.94,262191.444
2026-04-03 00:00:00,78.95,79.79,78.85,79.0,367179.718
2026-04-03 04:00:00,79.0,80.16,78.99,79.96,358252.999
2026-04-03 08:00:00,79.96,80.47,79.64,80.18,386244.728
2026-04-03 12:00:00,80.18,80.91,79.17,80.33,501254.565
2026-04-03 16:00:00,80.33,80.67,79.87,80.21,353827.74
2026-04-03 20:00:00,80.21,80.73,79.92,80.4,264079.99
2026-04-04 00:00:00,80.39,80.42,80.06,80.18,206139.619
2026-04-04 04:00:00,80.18,80.54,80.11,80.32,130479.24
2026-04-04 08:00:00,80.32,80.4,79.92,80.21,146135.046
2026-04-04 12:00:00,80.2,81.61,79.57,81.1,445163.652
2026-04-04 16:00:00,81.1,81.35,80.61,80.85,331318.144
2026-04-04 20:00:00,80.86,81.06,80.62,80.83,303695.066
2026-04-05 00:00:00,80.84,80.85,80.37,80.55,122141.938
2026-04-05 04:00:00,80.55,80.58,79.41,79.6,317730.245
2026-04-05 08:00:00,79.59,80.24,79.54,79.9,158236.781
2026-04-05 12:00:00,79.91,80.33,78.52,79.6,389250.698
2026-04-05 16:00:00,79.59,80.23,79.37,79.83,205479.261
2026-04-05 20:00:00,79.83,82.13,79.1,81.89,539599.635
2026-04-06 00:00:00,81.89,82.97,81.66,82.11,683999.279
2026-04-06 04:00:00,82.11,82.34,80.97,81.82,343134.992
2026-04-06 08:00:00,81.83,83.2,81.71,82.45,497756.751
2026-04-06 12:00:00,82.44,82.81,81.73,82.27,427565.337
2026-04-06 16:00:00,82.28,82.48,81.19,81.9,348382.08
2026-04-06 20:00:00,81.91,82.15,79.6,80.03,429532.125
2026-04-07 00:00:00,80.03,80.23,79.38,79.8,361044.768
2026-04-07 04:00:00,79.8,80.17,79.31,79.87,303809.312
2026-04-07 08:00:00,79.87,80.59,78.95,79.21,497100.401
2026-04-07 12:00:00,79.22,79.39,78.38,78.86,531566.964
2026-04-07 16:00:00,78.86,81.83,78.65,81.63,851596.331
2026-04-07 20:00:00,81.63,87.02,81.63,85.56,1767480.744
2026-04-08 00:00:00,85.56,85.9,84.26,84.56,580400.661
2026-04-08 04:00:00,84.56,85.03,83.89,84.5,451678.961
2026-04-08 08:00:00,84.51,84.98,84.11,84.45,393181.293
2026-04-08 12:00:00,84.46,84.98,82.51,83.34,873601.939
2026-04-08 16:00:00,83.33,84.18,82.77,83.19,341350.333
2026-04-08 20:00:00,83.19,83.61,82.24,82.57,312545.361
2026-04-09 00:00:00,82.56,82.67,81.7,82.03,466965.456
2026-04-09 04:00:00,82.02,82.48,81.74,82.29,236036.434
2026-04-09 08:00:00,82.29,82.71,82.03,82.18,228031.465
2026-04-09 12:00:00,82.18,83.94,81.4,83.75,526295.677
2026-04-09 16:00:00,83.75,84.7,82.92,84.17,744217.355
2026-04-09 20:00:00,84.16,85.95,83.15,83.33,574381.242
2026-04-10 00:00:00,83.33,83.79,82.62,82.9,336956.631
2026-04-10 04:00:00,82.89,83.59,82.86,82.95,251334.434
2026-04-10 08:00:00,82.95,83.74,82.7,83.52,432782.004
2026-04-10 12:00:00,83.52,85.58,83.36,84.24,693351.471
2026-04-10 16:00:00,84.25,85.47,84.14,85.44,255382.959
2026-04-10 20:00:00,85.45,85.67,84.65,84.83,216270.844
2026-04-11 00:00:00,84.83,84.93,84.31,84.4,151906.978
2026-04-11 04:00:00,84.4,84.62,83.87,84.28,195743.598
2026-04-11 08:00:00,84.27,84.8,83.8,84.24,206226.416
2026-04-11 12:00:00,84.24,84.88,83.84,84.66,308568.982
2026-04-11 16:00:00,84.67,86.26,84.6,86.01,413520.982
2026-04-11 20:00:00,86.01,86.19,84.52,84.93,294934.927
2026-04-12 00:00:00,84.94,85.0,81.84,82.33,630649.642
2026-04-12 04:00:00,82.32,82.5,82.06,82.27,232256.931
2026-04-12 08:00:00,82.28,82.41,81.92,82.22,260332.784
2026-04-12 12:00:00,82.21,82.56,81.27,81.59,518788.007
2026-04-12 16:00:00,81.59,82.32,81.53,81.99,166707.057
2026-04-12 20:00:00,81.98,82.88,81.27,81.53,366057.445
2026-04-13 00:00:00,81.54,82.44,81.4,81.91,244773.3
2026-04-13 04:00:00,81.9,82.6,81.54,82.17,216328.764
2026-04-13 08:00:00,82.17,82.32,81.64,81.86,291426.641
2026-04-13 12:00:00,81.86,83.82,81.82,82.65,681567.622
2026-04-13 16:00:00,82.66,84.25,82.34,84.09,492483.876
2026-04-13 20:00:00,84.09,86.81,83.81,86.51,1023810.212
2026-04-14 00:00:00,86.51,86.75,85.37,86.05,677256.664
2026-04-14 04:00:00,86.05,86.2,85.43,85.88,365505.31
2026-04-14 08:00:00,85.88,86.56,85.6,85.78,454441.147
2026-04-14 12:00:00,85.78,87.67,85.25,85.95,992259.414
2026-04-14 16:00:00,85.95,86.17,83.71,83.95,570744.162
2026-04-14 20:00:00,83.94,84.14,83.3,83.72,472777.995
2026-04-15 00:00:00,83.72,84.06,83.13,83.45,493483.224
2026-04-15 04:00:00,83.45,83.79,82.65,82.92,363848.672
2026-04-15 08:00:00,82.92,83.68,82.71,83.61,346599.964
2026-04-15 12:00:00,83.6,84.49,83.21,84.0,520359.073
2026-04-15 16:00:00,84.0,85.83,83.9,85.51,487544.423
2026-04-15 20:00:00,85.51,85.59,84.18,84.9,390613.237
2026-04-16 00:00:00,84.9,85.58,84.45,85.28,269928.529
2026-04-16 04:00:00,85.29,85.71,84.99,85.21,242302.556
2026-04-16 08:00:00,85.21,85.51,84.64,85.07,357699.712
2026-04-16 12:00:00,85.07,87.13,83.8,86.62,1057312.109
2026-04-16 16:00:00,86.62,90.16,85.63,90.1,1361241.194
2026-04-16 20:00:00,90.1,90.53,88.72,89.05,651807.241
2026-04-17 00:00:00,89.06,89.19,87.48,87.72,366515.357
2026-04-17 04:00:00,87.73,88.47,87.36,88.12,351013.876
2026-04-17 08:00:00,88.13,89.53,87.34,88.21,651630.781
2026-04-17 12:00:00,88.22,90.73,87.91,89.95,2089964.551
2026-04-17 16:00:00,89.95,90.59,88.88,89.23,489309.488
2026-04-17 20:00:00,89.24,89.47,88.5,88.76,288774.335
2026-04-18 00:00:00,88.77,89.16,88.23,88.33,197626.431
2026-04-18 04:00:00,88.34,88.64,88.16,88.45,306769.028
2026-04-18 08:00:00,88.45,88.5,86.28,86.53,630736.902
2026-04-18 12:00:00,86.54,86.98,86.41,86.75,295960.577
2026-04-18 16:00:00,86.75,86.98,85.78,86.13,278680.98
2026-04-18 20:00:00,86.12,86.46,85.92,86.16,183416.625
2026-04-19 00:00:00,86.15,86.38,85.24,85.6,230818.522
2026-04-19 04:00:00,85.6,85.96,84.43,84.88,430382.114
2026-04-19 08:00:00,84.88,85.71,84.44,85.6,456198.773
2026-04-19 12:00:00,85.61,87.12,85.55,86.36,552970.961
2026-04-19 16:00:00,86.35,86.5,84.88,85.33,349741.831
2026-04-19 20:00:00,85.33,85.35,82.94,83.47,574736.864
2026-04-20 00:00:00,83.47,84.62,83.34,84.59,328650.349
2026-04-20 04:00:00,84.59,85.76,83.75,84.73,386047.821
2026-04-20 08:00:00,84.74,85.4,84.57,85.07,305061.638
2026-04-20 12:00:00,85.06,85.88,84.42,85.86,624252.687
2026-04-20 16:00:00,85.86,86.22,85.25,85.8,374667.838
2026-04-20 20:00:00,85.8,86.21,85.21,85.28,281666.417
2026-04-21 00:00:00,85.29,85.83,85.0,85.17,255983.805
2026-04-21 04:00:00,85.17,85.98,85.02,85.71,318885.851
2026-04-21 08:00:00,85.71,86.38,85.52,85.85,256797.071
2026-04-21 12:00:00,85.85,86.89,85.17,86.05,449581.749
2026-04-21 16:00:00,86.05,86.3,84.31,84.57,441499.185
2026-04-21 20:00:00,84.57,86.13,84.43,86.03,388839.608
2026-04-22 00:00:00,86.04,87.87,86.01,87.24,584800.391
2026-04-22 04:00:00,87.25,88.33,86.97,88.05,615570.181
2026-04-22 08:00:00,88.06,88.88,87.6,88.31,408342.684
2026-04-22 12:00:00,88.31,89.32,87.99,88.18,829572.544
2026-04-22 16:00:00,88.19,88.46,87.09,87.37,500634.794
2026-04-22 20:00:00,87.38,87.72,86.81,86.87,215951.241
2026-04-23 00:00:00,86.86,87.18,85.48,85.79,443314.671
2026-04-23 04:00:00,85.78,86.24,85.51,85.9,308456.365
2026-04-23 08:00:00,85.91,85.94,85.2,85.81,329245.385
2026-04-23 12:00:00,85.82,86.66,85.55,86.35,587798.057
2026-04-23 16:00:00,86.36,86.42,84.48,85.3,892045.766
2026-04-23 20:00:00,85.3,86.25,85.29,86.12,333802.995
2026-04-24 00:00:00,86.12,86.36,85.4,85.69,224668.287
2026-04-24 04:00:00,85.69,85.82,85.14,85.51,287361.387
2026-04-24 08:00:00,85.5,86.28,84.92,86.19,401616.795
2026-04-24 12:00:00,86.2,86.79,85.53,86.52,469577.266
2026-04-24 16:00:00,86.52,86.58,85.95,86.33,210273.129
2026-04-24 20:00:00,86.32,86.94,86.1,86.18,225077.799
2026-04-25 00:00:00,86.18,86.5,86.03,86.46,96838.828
2026-04-25 04:00:00,86.46,86.66,86.11,86.36,159702.551
2026-04-25 08:00:00,86.36,86.8,86.25,86.36,180595.867
2026-04-25 12:00:00,86.36,86.67,86.1,86.22,134518.908
2026-04-25 16:00:00,86.22,86.33,85.53,85.68,335731.115
2026-04-25 20:00:00,85.68,86.2,85.61,86.18,126545.167
2026-04-26 00:00:00,86.19,86.46,85.84,85.99,162593.658
2026-04-26 04:00:00,85.99,86.73,85.92,86.62,283104.75
2026-04-26 08:00:00,86.63,86.76,86.42,86.48,122739.187
2026-04-26 12:00:00,86.49,86.59,85.9,86.56,324280.069
2026-04-26 16:00:00,86.55,87.2,86.27,86.88,206047.958
2026-04-26 20:00:00,86.89,87.32,86.19,86.93,354735.83
2026-04-27 00:00:00,86.93,88.08,86.53,87.72,801807.898
2026-04-27 04:00:00,87.72,87.84,85.26,85.27,659179.202
2026-04-27 08:00:00,85.27,85.63,85.05,85.26,450659.713
2026-04-27 12:00:00,85.26,85.83,83.63,84.17,611500.311
2026-04-27 16:00:00,84.17,84.7,83.83,84.19,295300.312
2026-04-27 20:00:00,84.18,84.9,84.11,84.82,190654.255
2026-04-28 00:00:00,84.82,84.93,83.9,84.17,182077.197
2026-04-28 04:00:00,84.18,84.43,83.65,84.02,528349.021
2026-04-28 08:00:00,84.01,84.19,83.3,83.42,185635.257
2026-04-28 12:00:00,83.42,84.0,82.98,83.46,371084.657
2026-04-28 16:00:00,83.46,84.02,83.32,83.89,175320.709
2026-04-28 20:00:00,83.89,84.15,83.58,84.06,221927.602
2026-04-29 00:00:00,84.06,84.74,83.81,84.59,237688.436
2026-04-29 04:00:00,84.6,85.06,84.45,84.71,276091.585
2026-04-29 08:00:00,84.71,85.56,83.2,84.91,577117.692
2026-04-29 12:00:00,84.91,84.92,83.0,83.26,566495.94
2026-04-29 16:00:00,83.25,83.65,81.4,82.19,684401.482
2026-04-29 20:00:00,82.2,83.22,82.17,83.04,234268.461
2026-04-30 00:00:00,83.05,84.01,82.7,83.06,318849.929
2026-04-30 04:00:00,83.06,83.39,82.16,83.35,258316.215
2026-04-30 08:00:00,83.35,83.55,82.79,83.01,211178.166
2026-04-30 12:00:00,83.01,83.83,82.69,83.36,287914.246
2026-04-30 16:00:00,83.36,83.43,82.87,83.04,171900.668
2026-04-30 20:00:00,83.04,83.19,82.78,83.09,124432.387
2026-05-01 00:00:00,83.09,84.38,83.08,83.89,263561.957
2026-05-01 04:00:00,83.9,84.23,83.67,83.96,289752.932
2026-05-01 08:00:00,83.96,84.3,83.69,84.01,214484.023
2026-05-01 12:00:00,84.01,84.86,83.89,84.47,517696.742
2026-05-01 16:00:00,84.46,84.63,83.79,83.9,265797.069
2026-05-01 20:00:00,83.9,83.93,83.33,83.76,246775.236
2026-05-02 00:00:00,83.76,84.18,83.44,83.82,166608.571
2026-05-02 04:00:00,83.82,83.86,83.54,83.74,111014.495
2026-05-02 08:00:00,83.73,84.17,83.52,83.7,165721.905
2026-05-02 12:00:00,83.7,84.11,83.67,84.04,183447.034
2026-05-02 16:00:00,84.04,84.31,83.95,84.22,130231.211
2026-05-02 20:00:00,84.23,84.97,84.07,84.26,270736.283
2026-05-03 00:00:00,84.26,84.31,83.58,83.67,246902.036
2026-05-03 04:00:00,83.66,84.02,83.58,83.88,138015.6
2026-05-03 08:00:00,83.88,84.2,83.75,83.96,163338.071
2026-05-03 12:00:00,83.96,84.45,83.95,84.16,199468.678
2026-05-03 16:00:00,84.16,84.5,84.0,84.38,120424.175
2026-05-03 20:00:00,84.37,84.97,83.87,83.91,400498.962
2026-05-04 00:00:00,83.91,85.67,83.35,85.41,948697.547
2026-05-04 04:00:00,85.4,85.9,84.51,84.87,571740.248
2026-05-04 08:00:00,84.87,85.2,83.23,83.95,651310.681
2026-05-04 12:00:00,83.96,85.32,83.59,84.47,705720.66
2026-05-04 16:00:00,84.47,85.19,83.98,84.44,394682.413
2026-05-04 20:00:00,84.45,84.56,84.02,84.1,197155.669
2026-05-05 00:00:00,84.11,84.97,84.04,84.78,257970.468
2026-05-05 04:00:00,84.77,85.12,84.54,84.87,465709.895
2026-05-05 08:00:00,84.88,85.01,84.43,84.97,235571.03
2026-05-05 12:00:00,84.97,86.1,84.9,85.5,663678.586
2026-05-05 16:00:00,85.5,86.56,85.0,86.49,416842.639
2026-05-05 20:00:00,86.49,86.98,86.17,86.29,439115.508
2026-05-06 00:00:00,86.29,87.51,86.1,87.33,458049.992
2026-05-06 04:00:00,87.34,87.89,86.67,87.7,429209.414
2026-05-06 08:00:00,87.71,90.03,87.64,89.87,1026165.098
2026-05-06 12:00:00,89.87,89.97,87.47,88.97,939895.843
2026-05-06 16:00:00,88.97,89.51,88.5,89.27,365985.513
2026-05-06 20:00:00,89.27,89.62,88.65,89.16,263950.17
2026-05-07 00:00:00,89.16,89.27,87.63,87.75,335206.373
2026-05-07 04:00:00,87.75,90.44,87.69,90.16,578644.42
2026-05-07 08:00:00,90.17,90.27,88.76,89.57,463543.638
2026-05-07 12:00:00,89.56,90.1,87.79,88.32,787879.49
2026-05-07 16:00:00,88.32,89.05,87.96,88.45,388762.635
2026-05-07 20:00:00,88.45,88.88,87.67,88.42,338143.945
2026-05-08 00:00:00,88.43,88.65,87.6,88.22,274109.015
2026-05-08 04:00:00,88.23,88.42,87.65,88.22,340406.889
2026-05-08 08:00:00,88.23,89.1,88.01,88.64,407490.557
2026-05-08 12:00:00,88.64,89.6,88.01,89.59,400869.866
2026-05-08 16:00:00,89.6,92.8,89.34,92.6,887232.361
2026-05-08 20:00:00,92.61,92.71,91.73,92.01,334326.171
2026-05-09 00:00:00,92.02,93.91,91.85,93.64,576427.732
2026-05-09 04:00:00,93.65,94.17,92.84,93.76,496098.362
2026-05-09 08:00:00,93.76,93.95,93.05,93.62,267175.425
2026-05-09 12:00:00,93.61,93.74,92.39,93.01,288521.506
2026-05-09 16:00:00,93.01,93.65,92.69,93.51,234608.811
2026-05-09 20:00:00,93.51,93.56,93.05,93.13,111440.86
2026-05-10 00:00:00,93.12,93.51,92.6,93.42,312003.751
2026-05-10 04:00:00,93.41,93.63,93.24,93.46,148136.227
2026-05-10 08:00:00,93.46,94.8,92.91,93.55,511703.374
2026-05-10 12:00:00,93.56,94.73,93.2,94.53,320850.531
2026-05-10 16:00:00,94.53,97.0,94.18,96.47,655333.729
2026-05-10 20:00:00,96.47,96.86,93.43,96.47,611141.383
2026-05-11 00:00:00,96.46,96.67,94.46,94.76,667426.526
2026-05-11 04:00:00,94.76,96.16,94.43,95.33,317251.408
2026-05-11 08:00:00,95.34,95.57,94.58,95.25,389420.941
2026-05-11 12:00:00,95.26,96.8,94.3,96.8,749651.411
2026-05-11 16:00:00,96.79,98.39,96.5,98.19,694124.811
2026-05-11 20:00:00,98.19,98.41,97.1,97.37,260174.868
2026-05-12 00:00:00,97.37,97.68,95.54,96.14,531025.291
2026-05-12 04:00:00,96.14,97.0,95.82,96.05,258227.355
2026-05-12 08:00:00,96.05,96.15,94.6,94.98,617423.638
2026-05-12 12:00:00,94.97,95.56,93.55,93.85,788159.261
2026-05-12 16:00:00,93.85,95.01,93.6,94.92,452976.884
2026-05-12 20:00:00,94.92,95.05,94.23,94.28,162224.93
2026-05-13 00:00:00,94.28,95.59,94.05,95.56,347495.286
2026-05-13 04:00:00,95.56,95.99,94.88,95.14,307365.716
2026-05-13 08:00:00,95.14,95.89,94.25,94.33,442947.463
2026-05-13 12:00:00,94.33,94.64,90.27,90.43,1235684.772
2026-05-13 16:00:00,90.43,91.41,90.41,90.96,587067.167
2026-05-13 20:00:00,90.95,91.35,90.64,91.17,272011.398
2026-05-14 00:00:00,91.17,91.42,89.82,89.93,422008.903
2026-05-14 04:00:00,89.93,92.02,89.86,90.88,437427.863
2026-05-14 08:00:00,90.88,91.3,90.59,90.64,241689.981
2026-05-14 12:00:00,90.64,93.25,90.54,93.16,702641.258
2026-05-14 16:00:00,93.16,93.68,92.29,92.9,682691.89
2026-05-14 20:00:00,92.91,93.0,92.11,92.15,222665.913
2026-05-15 00:00:00,92.16,92.66,91.47,92.06,446397.438
2026-05-15 04:00:00,92.05,92.05,90.26,91.6,519608.52
2026-05-15 08:00:00,91.61,91.65,90.92,91.27,356140.517
2026-05-15 12:00:00,91.26,91.27,88.55,89.04,791150.269
2026-05-15 16:00:00,89.04,90.09,88.81,89.42,382337.08
2026-05-15 20:00:00,89.41,89.5,89.0,89.24,180209.807
2026-05-16 00:00:00,89.23,89.44,88.95,89.05,219272.004
2026-05-16 04:00:00,89.05,89.09,86.72,87.47,632823.862
2026-05-16 08:00:00,87.46,87.62,85.52,86.11,569659.112
2026-05-16 12:00:00,86.12,86.71,86.01,86.5,238479.668
2026-05-16 16:00:00,86.49,86.97,86.37,86.69,184539.938
2026-05-16 20:00:00,86.69,86.88,86.45,86.54,118247.01
2026-05-17 00:00:00,86.53,86.72,85.59,86.53,324090.568
2026-05-17 04:00:00,86.52,87.29,86.47,86.97,189198.284
2026-05-17 08:00:00,86.98,87.26,86.6,86.89,293454.721
2026-05-17 12:00:00,86.89,87.02,85.95,86.46,213222.802
2026-05-17 16:00:00,86.46,86.94,86.0,86.79,197572.76
2026-05-17 20:00:00,86.8,86.97,83.5,85.24,696626.109
2026-05-18 00:00:00,85.23,85.47,84.4,84.85,562074.426
2026-05-18 04:00:00,84.85,85.36,84.27,84.76,424422.274
2026-05-18 08:00:00,84.76,85.32,84.08,84.96,355237.711
2026-05-18 12:00:00,84.97,85.8,83.62,84.2,696578.486
2026-05-18 16:00:00,84.21,85.23,83.5,84.99,459326.828
2026-05-18 20:00:00,85.0,85.77,84.79,85.38,274221.619
2026-05-19 00:00:00,85.38,85.97,84.62,85.07,254191.235
2026-05-19 04:00:00,85.08,85.64,84.47,85.51,258205.52
2026-05-19 08:00:00,85.51,85.59,84.27,84.39,323192.796
2026-05-19 12:00:00,84.39,85.1,83.7,84.37,404560.948
2026-05-19 16:00:00,84.38,85.04,84.15,84.35,216874.194
2026-05-19 20:00:00,84.36,84.66,84.0,84.29,205961.523
2026-05-20 00:00:00,84.3,84.54,83.85,84.1,207008.303
2026-05-20 04:00:00,84.1,85.13,83.88,84.77,243128.722
2026-05-20 08:00:00,84.76,85.21,84.58,84.7,220067.159
2026-05-20 12:00:00,84.7,86.27,84.19,85.92,616479.269
2026-05-20 16:00:00,85.92,87.09,85.53,86.16,766824.02
2026-05-20 20:00:00,86.16,86.33,85.55,86.17,311644.965
2026-05-21 00:00:00,86.17,87.06,86.11,86.85,304116.741
2026-05-21 04:00:00,86.85,87.22,86.2,86.64,330927.089
2026-05-21 08:00:00,86.64,87.27,85.57,85.58,424877.763
2026-05-21 12:00:00,85.58,86.9,85.32,86.46,642052.763
2026-05-21 16:00:00,86.46,88.0,86.04,87.83,741905.19
2026-05-21 20:00:00,87.83,87.92,87.02,87.36,210442.354
2026-05-22 00:00:00,87.35,87.36,86.59,87.03,210496.533
2026-05-22 04:00:00,87.04,87.38,86.52,86.97,240782.072
2026-05-22 08:00:00,86.98,87.53,86.72,87.32,271386.651
2026-05-22 12:00:00,87.33,87.85,86.27,86.77,491653.229
2026-05-22 16:00:00,86.76,87.19,84.0,84.55,657896.696
2026-05-22 20:00:00,84.55,85.28,84.0,84.4,336269.482
2026-05-23 00:00:00,84.4,84.86,84.07,84.68,309468.705
2026-05-23 04:00:00,84.69,84.72,81.5,82.25,680176.657
2026-05-23 08:00:00,82.25,82.49,81.63,82.31,408073.937
2026-05-23 12:00:00,82.3,84.54,82.15,84.1,447324.052
2026-05-23 16:00:00,84.09,85.14,83.93,84.96,324487.301
2026-05-23 20:00:00,84.97,87.5,84.8,85.75,803571.059
2026-05-24 00:00:00,85.76,86.23,85.62,85.81,169164.57
2026-05-24 04:00:00,85.81,86.7,85.58,86.07,203258.245
2026-05-24 08:00:00,86.07,87.0,86.01,86.66,396975.856
2026-05-24 12:00:00,86.67,86.69,84.48,85.31,399780.388
2026-05-24 16:00:00,85.3,85.88,85.11,85.37,247308.067
2026-05-24 20:00:00,85.38,85.52,83.7,85.27,670170.277
2026-05-25 00:00:00,85.27,85.85,84.8,84.95,302541.22
2026-05-25 04:00:00,84.95,86.19,84.93,85.96,296058.737
2026-05-25 08:00:00,85.95,86.22,85.7,85.76,191019.632
2026-05-25 12:00:00,85.77,86.52,85.66,86.26,275060.267
2026-05-25 16:00:00,86.26,86.44,85.52,85.64,254550.418
2026-05-25 20:00:00,85.64,85.87,84.71,85.06,243005.191
2026-05-26 00:00:00,85.06,85.09,83.85,84.22,332787.535
2026-05-26 04:00:00,84.23,84.97,84.01,84.35,266263.498
2026-05-26 08:00:00,84.36,85.8,84.29,85.21,392562.559
2026-05-26 12:00:00,85.22,86.13,84.03,84.49,721984.08
2026-05-26 16:00:00,84.49,84.57,83.15,83.8,511232.128
2026-05-26 20:00:00,83.8,83.98,83.54,83.72,133947.63
2026-05-27 00:00:00,83.73,84.19,83.48,83.63,175200.835
2026-05-27 04:00:00,83.62,84.21,82.86,84.21,227771.079
2026-05-27 08:00:00,84.2,84.42,83.6,83.94,252667.177
2026-05-27 12:00:00,83.95,84.84,82.98,84.44,636298.917
2026-05-27 16:00:00,84.44,84.75,83.16,83.91,380615.337
2026-05-27 20:00:00,83.92,84.14,82.1,82.44,446903.018
2026-05-28 00:00:00,82.43,82.76,80.5,80.7,598957.898
2026-05-28 04:00:00,80.7,81.3,80.0,81.26,492291.581
2026-05-28 08:00:00,81.26,81.32,80.6,80.88,239310.649
2026-05-28 12:00:00,80.88,81.66,80.02,81.14,451157.827
2026-05-28 16:00:00,81.15,83.01,80.91,82.19,352604.253
2026-05-28 20:00:00,82.18,82.7,81.78,82.11,172593.272
2026-05-29 00:00:00,82.12,82.48,81.47,81.61,214530.389
2026-05-29 04:00:00,81.62,82.49,81.36,82.24,287971.67
2026-05-29 08:00:00,82.25,82.65,81.52,81.77,257579.27
2026-05-29 12:00:00,81.76,83.24,80.35,82.59,709390.782
2026-05-29 16:00:00,82.58,83.22,81.6,82.06,372311.306
2026-05-29 20:00:00,82.06,82.4,81.62,82.04,222494.229
2026-05-30 00:00:00,82.04,83.1,81.94,82.67,179009.035
2026-05-30 04:00:00,82.67,82.8,81.86,82.37,218404.499
2026-05-30 08:00:00,82.37,82.55,82.19,82.33,95905.497
2026-05-30 12:00:00,82.33,82.92,82.25,82.69,226659.412
2026-05-30 16:00:00,82.68,83.14,82.63,82.99,163056.436
2026-05-30 20:00:00,82.99,83.17,82.45,82.73,135455.365
2026-05-31 00:00:00,82.74,83.42,82.62,83.25,163777.358
2026-05-31 04:00:00,83.24,83.3,82.52,82.66,127597.952
2026-05-31 08:00:00,82.67,83.05,82.49,82.76,120279.228
2026-05-31 12:00:00,82.76,83.12,81.79,81.88,249911.435
2026-05-31 16:00:00,81.88,82.04,81.33,81.58,166343.771
2026-05-31 20:00:00,81.59,82.92,81.59,82.44,165970.922
2026-06-01 00:00:00,82.45,83.1,81.63,82.63,291707.823
2026-06-01 04:00:00,82.63,82.78,80.63,80.74,249279.418
2026-06-01 08:00:00,80.74,81.29,80.46,80.81,313381.514
2026-06-01 12:00:00,80.82,81.07,79.2,79.6,720264.874
2026-06-01 16:00:00,79.61,81.31,79.11,81.2,359132.582
2026-06-01 20:00:00,81.19,81.65,80.32,81.28,375381.185
2026-06-02 00:00:00,81.28,81.3,79.41,80.92,306484.207
2026-06-02 04:00:00,80.92,81.02,79.16,79.67,332672.345
2026-06-02 08:00:00,79.67,79.8,78.78,78.94,320665.067
2026-06-02 12:00:00,78.93,79.22,75.58,76.38,1014165.414
2026-06-02 16:00:00,76.38,77.67,74.5,75.53,828350.482
2026-06-02 20:00:00,75.53,76.08,72.73,74.23,840199.402
2026-06-03 00:00:00,74.23,75.13,72.28,72.71,647760.187
2026-06-03 04:00:00,72.71,75.4,72.69,75.27,568926.469
2026-06-03 08:00:00,75.26,75.71,74.73,75.12,405011.404
2026-06-03 12:00:00,75.12,75.37,73.24,73.31,498929.081
2026-06-03 16:00:00,73.31,74.1,71.71,71.99,746595.479
2026-06-03 20:00:00,71.99,73.18,70.93,71.61,788023.06
2026-06-04 00:00:00,71.61,72.09,66.8,71.48,1732539.983
2026-06-04 04:00:00,71.49,71.8,69.14,69.15,523677.626
2026-06-04 08:00:00,69.16,69.44,67.37,68.7,839513.769
2026-06-04 12:00:00,68.69,70.64,68.32,69.64,963759.221
2026-06-04 16:00:00,69.64,69.89,68.48,69.1,425259.159
2026-06-04 20:00:00,69.09,69.15,67.57,68.88,443499.732
2026-06-05 00:00:00,68.87,69.1,66.94,67.09,676499.592
2026-06-05 04:00:00,67.1,68.1,63.87,66.18,1622506.686
2026-06-05 08:00:00,66.18,66.8,65.1,66.08,646020.125
2026-06-05 12:00:00,66.08,66.83,63.78,64.24,1471617.66
2026-06-05 16:00:00,64.25,66.06,61.48,63.44,1744865.406
2026-06-05 20:00:00,63.44,65.42,62.64,63.64,880084.019
2026-06-06 00:00:00,63.64,64.86,62.58,62.84,483893.66
2026-06-06 04:00:00,62.84,63.35,60.13,62.78,994852.173
2026-06-06 08:00:00,62.79,63.6,61.2,62.46,562710.602
2026-06-06 12:00:00,62.46,63.11,61.32,62.03,673721.75
2026-06-06 16:00:00,62.04,62.4,61.38,61.64,495457.261
2026-06-06 20:00:00,61.64,62.38,61.38,62.2,360205.61
2026-06-07 00:00:00,62.21,64.15,61.96,63.84,542641.24
2026-06-07 04:00:00,63.84,65.02,63.31,64.93,514837.95
2026-06-07 08:00:00,64.92,66.11,64.46,65.04,482584.632
2026-06-07 12:00:00,65.05,65.35,63.67,64.99,461401.847
2026-06-07 16:00:00,64.99,65.62,63.64,63.95,320474.202
2026-06-07 20:00:00,63.94,67.92,63.75,66.5,619631.502
2026-06-08 00:00:00,66.5,67.11,65.4,66.37,492224.105
2026-06-08 04:00:00,66.37,66.42,64.98,66.11,338695.729
2026-06-08 08:00:00,66.1,67.06,65.45,66.68,507275.676
2026-06-08 12:00:00,66.69,67.82,65.99,67.18,896729.15
2026-06-08 16:00:00,67.19,67.82,66.56,67.46,491154.373
2026-06-08 20:00:00,67.46,68.17,66.65,66.82,332916.334
2026-06-09 00:00:00,66.82,66.89,65.29,66.01,457007.966
2026-06-09 04:00:00,66.01,67.47,65.83,66.89,636006.462
2026-06-09 08:00:00,66.9,66.94,65.9,66.11,336582.783
2026-06-09 12:00:00,66.11,66.52,64.26,64.33,747444.485
2026-06-09 16:00:00,64.33,65.65,63.54,65.41,654504.027
2026-06-09 20:00:00,65.42,65.7,64.69,64.96,250604.588
2026-06-10 00:00:00,64.97,65.32,64.25,64.51,292280.116
2026-06-10 04:00:00,64.52,64.8,63.83,64.5,242373.363
2026-06-10 08:00:00,64.5,64.52,62.95,63.49,536332.572
2026-06-10 12:00:00,63.5,65.77,63.3,65.44,933495.133
2026-06-10 16:00:00,65.44,65.49,63.36,63.56,525405.088
2026-06-10 20:00:00,63.56,63.66,62.34,63.19,408031.289
2026-06-11 00:00:00,63.19,65.48,63.19,65.27,593113.979
2026-06-11 04:00:00,65.27,65.43,64.77,65.04,328696.884
2026-06-11 08:00:00,65.04,66.15,65.01,65.88,438214.859
2026-06-11 12:00:00,65.89,65.93,64.89,65.55,576466.001
2026-06-11 16:00:00,65.56,67.42,65.05,66.93,715853.724
2026-06-11 20:00:00,66.93,67.14,66.36,66.93,229215.584
2026-06-12 00:00:00,66.93,67.3,66.42,67.04,293225.51
2026-06-12 04:00:00,67.04,67.24,65.95,66.32,339082.427
2026-06-12 08:00:00,66.32,67.49,66.31,66.93,425921.009
2026-06-12 12:00:00,66.92,68.82,66.37,67.25,1083646.642
2026-06-12 16:00:00,67.26,68.22,66.68,66.78,467750.288
2026-06-12 20:00:00,66.79,66.95,66.42,66.82,229960.807
2026-06-13 00:00:00,66.83,67.51,66.7,66.88,178716.201
2026-06-13 04:00:00,66.87,67.47,66.59,67.37,229140.529
2026-06-13 08:00:00,67.38,67.96,67.26,67.9,229723.759
2026-06-13 12:00:00,67.91,68.71,67.77,68.6,360336.06
2026-06-13 16:00:00,68.6,68.63,67.83,68.23,212144.32
2026-06-13 20:00:00,68.24,69.59,68.05,68.94,314953.631
2026-06-14 00:00:00,68.94,69.11,68.64,68.94,195037.487
2026-06-14 04:00:00,68.95,69.01,67.88,68.23,361445.599
2026-06-14 08:00:00,68.23,68.52,67.92,68.11,157511.43
2026-06-14 12:00:00,68.11,68.17,66.94,67.43,281861.67
2026-06-14 16:00:00,67.43,67.76,67.19,67.57,109070.249
2026-06-14 20:00:00,67.57,71.29,67.44,71.28,746895.496
2026-06-15 00:00:00,71.29,71.73,70.66,71.24,432170.587
2026-06-15 04:00:00,71.24,71.5,70.81,71.28,235379.745
2026-06-15 08:00:00,71.28,72.82,70.8,72.61,531480.205
2026-06-15 12:00:00,72.61,75.26,72.31,75.25,838108.437
2026-06-15 16:00:00,75.25,76.09,74.58,75.28,692334.257
2026-06-15 20:00:00,75.27,75.46,73.62,73.98,373304.237
2026-06-16 00:00:00,73.99,74.42,72.77,73.74,347371.226
2026-06-16 04:00:00,73.75,74.54,73.19,74.46,270329.098
2026-06-16 08:00:00,74.45,75.65,74.35,74.66,346883.973
2026-06-16 12:00:00,74.67,75.53,72.29,73.29,683409.892
2026-06-16 16:00:00,73.29,74.34,73.01,73.84,359839.781
2026-06-16 20:00:00,73.85,74.26,73.42,73.52,178071.625
2026-06-17 00:00:00,73.53,74.47,73.17,73.68,260727.943
2026-06-17 04:00:00,73.68,74.11,72.99,73.26,245082.087
2026-06-17 08:00:00,73.27,73.3,71.71,72.04,332561.502
2026-06-17 12:00:00,72.04,73.87,71.59,73.81,434016.636
2026-06-17 16:00:00,73.8,74.69,71.43,71.66,883283.168
2026-06-17 20:00:00,71.66,72.25,70.83,72.05,287568.055
2026-06-18 00:00:00,72.05,72.68,71.54,71.65,204887.852
2026-06-18 04:00:00,71.66,71.85,70.64,71.78,253836.086
2026-06-18 08:00:00,71.77,72.16,70.72,70.94,280585.067
2026-06-18 12:00:00,70.94,71.8,68.35,68.44,772732.264
2026-06-18 16:00:00,68.43,69.53,68.23,69.37,521751.574
2026-06-18 20:00:00,69.38,69.96,69.26,69.71,229919.486
2026-06-19 00:00:00,69.72,70.09,68.64,69.05,315287.67
2026-06-19 04:00:00,69.06,69.27,67.98,68.38,437408.876
2026-06-19 08:00:00,68.37,68.76,68.05,68.25,287751.014
2026-06-19 12:00:00,68.25,69.58,67.92,69.33,412971.775
2026-06-19 16:00:00,69.34,69.57,68.63,68.97,231026.583
2026-06-19 20:00:00,68.97,69.87,68.72,69.74,200124.95
2026-06-20 00:00:00,69.73,70.12,69.48,70.0,211959.032
2026-06-20 04:00:00,70.0,72.46,69.89,71.6,457139.888
2026-06-20 08:00:00,71.6,72.1,71.21,71.78,214467.355
2026-06-20 12:00:00,71.78,72.62,70.47,72.02,663057.406
2026-06-20 16:00:00,72.03,72.05,71.09,71.86,304517.104
2026-06-20 20:00:00,71.86,74.3,71.7,73.22,416473.842
2026-06-21 00:00:00,73.22,73.86,72.88,73.63,252246.07
2026-06-21 04:00:00,73.63,73.84,73.01,73.21,299426.248
2026-06-21 08:00:00,73.21,74.4,72.75,73.21,402272.224
2026-06-21 12:00:00,73.21,74.29,72.93,74.14,432843.773
2026-06-21 16:00:00,74.14,74.68,73.8,74.42,322000.612
2026-06-21 20:00:00,74.42,74.55,72.31,72.46,413896.691
2026-06-22 00:00:00,72.47,74.99,72.46,73.52,472993.64
2026-06-22 04:00:00,73.53,74.48,73.36,74.1,293964.486
2026-06-22 08:00:00,74.1,74.44,73.57,74.17,442592.469
2026-06-22 12:00:00,74.18,75.0,72.98,73.14,718697.513
2026-06-22 16:00:00,73.15,73.57,72.45,72.71,377129.477
2026-06-22 20:00:00,72.71,72.97,71.37,71.95,261846.482
2026-06-23 00:00:00,71.95,72.06,71.31,72.0,237636.993
2026-06-23 04:00:00,71.99,72.03,69.68,70.01,507028.023
2026-06-23 08:00:00,70.01,70.11,68.16,69.33,624206.995
2026-06-23 12:00:00,69.33,69.68,68.4,68.92,431542.181
2026-06-23 16:00:00,68.93,69.41,68.64,68.84,227099.985
2026-06-23 20:00:00,68.84,69.84,68.83,69.71,175005.108
2026-06-24 00:00:00,69.7,70.41,69.1,69.56,263739.255
2026-06-24 04:00:00,69.57,70.22,69.0,69.38,251886.385
2026-06-24 08:00:00,69.38,70.44,68.77,69.82,339937.013
2026-06-24 12:00:00,69.82,69.93,67.24,67.33,668268.346
2026-06-24 16:00:00,67.32,68.03,64.71,66.13,1338113.18
2026-06-24 20:00:00,66.13,68.55,65.98,68.11,506723.35
2026-06-25 00:00:00,68.12,68.32,67.4,67.7,233177.391
2026-06-25 04:00:00,67.7,69.66,67.5,69.45,499488.658
2026-06-25 08:00:00,69.44,69.45,68.0,68.18,329991.596
2026-06-25 12:00:00,68.18,68.92,64.04,66.32,1569669.256
2026-06-25 16:00:00,66.32,67.35,65.65,66.2,676745.947
2026-06-25 20:00:00,66.19,68.81,66.08,67.72,407828.433
2026-06-26 00:00:00,67.72,68.5,65.91,68.21,684689.26
2026-06-26 04:00:00,68.22,70.99,67.96,70.77,887746.047
2026-06-26 08:00:00,70.78,70.88,68.39,68.61,503215.77
2026-06-26 12:00:00,68.61,72.24,68.19,72.07,1040581.28
2026-06-26 16:00:00,72.06,73.93,72.01,73.01,812035.98
2026-06-26 20:00:00,73.01,73.68,71.41,71.9,494600.379
2026-06-27 00:00:00,71.9,72.5,71.36,72.27,368000.362
2026-06-27 04:00:00,72.26,72.59,71.51,72.31,317095.803
2026-06-27 08:00:00,72.31,72.33,71.53,71.81,184926.87
2026-06-27 12:00:00,71.81,73.19,71.64,72.84,358291.581
2026-06-27 16:00:00,72.83,73.01,70.94,71.11,396679.167
2026-06-27 20:00:00,71.11,71.63,70.25,70.5,296838.777
2026-06-28 00:00:00,70.49,71.01,70.44,70.87,169734.883
2026-06-28 04:00:00,70.86,71.09,70.14,71.08,245333.917
2026-06-28 08:00:00,71.08,72.2,71.06,71.92,337814.196
2026-06-28 12:00:00,71.92,72.41,71.33,72.09,246304.518
2026-06-28 16:00:00,72.09,72.13,70.25,70.74,294133.919
2026-06-28 20:00:00,70.73,71.82,69.74,71.38,415953.485
2026-06-29 00:00:00,71.39,73.33,70.35,72.68,553184.644
2026-06-29 04:00:00,72.68,73.12,71.03,72.72,367744.393
2026-06-29 08:00:00,72.72,73.68,72.25,72.52,443879.005
2026-06-29 12:00:00,72.53,74.55,72.12,73.92,1366136.321
2026-06-29 16:00:00,73.92,76.49,72.89,75.98,823136.545
2026-06-29 20:00:00,75.98,76.0,74.89,75.16,307641.192
2026-06-30 00:00:00,75.17,75.24,74.04,74.19,326692.743
2026-06-30 04:00:00,74.19,74.26,73.69,74.16,265517.961
2026-06-30 08:00:00,74.16,75.8,73.3,73.4,452688.812
2026-06-30 12:00:00,73.41,74.1,71.9,73.13,960183.473
2026-06-30 16:00:00,73.14,73.97,72.73,73.75,406037.595
2026-06-30 20:00:00,73.74,73.94,73.19,73.67,257663.519
2026-07-01 00:00:00,73.67,75.69,72.25,75.48,606723.588
2026-07-01 04:00:00,75.48,75.87,73.96,74.87,462549.137
2026-07-01 08:00:00,74.87,75.58,74.46,74.84,493452.245
2026-07-01 12:00:00,74.84,77.8,74.27,77.43,1052393.689
2026-07-01 16:00:00,77.43,78.25,76.8,77.0,503230.399
2026-07-01 20:00:00,77.01,78.96,76.59,77.46,494976.238
2026-07-02 00:00:00,77.46,78.96,76.9,78.72,441268.976
2026-07-02 04:00:00,78.71,78.72,77.59,77.99,293551.819
2026-07-02 08:00:00,78.0,82.78,77.94,82.38,1360405.346
2026-07-02 12:00:00,82.37,82.45,80.09,80.86,946198.276
2026-07-02 16:00:00,80.87,81.32,80.15,80.83,460956.211
2026-07-02 20:00:00,80.84,81.17,80.41,80.73,238123.182
2026-07-03 00:00:00,80.72,81.69,80.34,80.73,263041.039
2026-07-03 04:00:00,80.72,81.51,80.44,81.22,244578.799
2026-07-03 08:00:00,81.23,81.88,80.67,81.58,349702.171
2026-07-03 12:00:00,81.57,82.06,80.91,81.21,320516.253
2026-07-03 16:00:00,81.21,83.22,81.08,82.48,343571.496
2026-07-03 20:00:00,82.47,83.05,82.16,82.34,247807.625
2026-07-04 00:00:00,82.35,82.85,81.8,82.74,314311.283
2026-07-04 04:00:00,82.74,83.98,82.26,82.72,540722.828
2026-07-04 08:00:00,82.72,82.78,81.42,81.82,292710.024
2026-07-04 12:00:00,81.82,82.42,81.36,82.23,254445.31
2026-07-04 16:00:00,82.24,82.83,81.71,81.88,259801.408
2026-07-04 20:00:00,81.88,82.29,81.45,81.8,191799.609
2026-07-05 00:00:00,81.8,81.84,80.2,80.56,330266.643
2026-07-05 04:00:00,80.56,80.87,80.24,80.72,141408.02
2026-07-05 08:00:00,80.72,80.87,79.68,80.57,244060.645
2026-07-05 12:00:00,80.57,81.75,80.37,81.36,249011.175
2026-07-05 16:00:00,81.36,81.54,80.81,81.04,149854.907
2026-07-05 20:00:00,81.04,82.43,80.79,81.59,290880.749
2026-07-06 00:00:00,81.59,82.33,80.45,80.8,305151.36
2026-07-06 04:00:00,80.8,81.02,80.15,80.82,223253.418
2026-07-06 08:00:00,80.83,81.08,80.06,80.39,221770.807
2026-07-06 12:00:00,80.39,81.54,79.23,81.5,724558.007
2026-07-06 16:00:00,81.5,82.4,81.29,82.07,526008.258
2026-07-06 20:00:00,82.08,83.74,81.68,81.94,392865.79
2026-07-07 00:00:00,81.94,82.5,80.97,81.05,238050.811
2026-07-07 04:00:00,81.05,81.76,80.46,81.5,270894.805
2026-07-07 08:00:00,81.51,81.6,80.76,81.32,310571.446
2026-07-07 12:00:00,81.32,82.36,80.51,82.11,490143.641
2026-07-07 16:00:00,82.11,82.79,80.78,81.37,312428.022
2026-07-07 20:00:00,81.38,81.49,80.34,80.58,236900.792
2026-07-08 00:00:00,80.58,80.78,78.22,78.73,472550.205
2026-07-08 04:00:00,78.73,78.93,77.8,78.28,403840.132
2026-07-08 08:00:00,78.29,78.43,76.9,77.56,421883.719
2026-07-08 12:00:00,77.56,77.66,76.29,76.75,481741.484
2026-07-08 16:00:00,76.76,77.68,76.76,77.42,242811.91
2026-07-08 20:00:00,77.42,77.95,76.93,77.83,148575.91
2026-07-09 00:00:00,77.83,78.78,76.71,77.38,288234.275
2026-07-09 04:00:00,77.39,78.83,77.22,78.21,285134.96
2026-07-09 08:00:00,78.22,78.41,77.32,77.61,233675.069
2026-07-09 12:00:00,77.61,78.49,77.35,77.63,359318.017
2026-07-09 16:00:00,77.63,78.43,77.26,78.15,185705.056
2026-07-09 20:00:00,78.16,78.32,77.74,78.04,106370.457
2026-07-10 00:00:00,78.05,79.45,77.79,79.07,292909.143
2026-07-10 04:00:00,79.07,79.37,78.75,78.87,218695.467
2026-07-10 08:00:00,78.87,79.68,78.81,79.36,269721.393
2026-07-10 12:00:00,79.37,79.56,77.07,78.14,648564.175
2026-07-10 16:00:00,78.15,78.26,77.33,77.89,257166.899
2026-07-10 20:00:00,77.9,78.25,77.71,78.13,166674.998
2026-07-11 00:00:00,78.14,78.14,77.47,77.79,188515.163
2026-07-11 04:00:00,77.8,78.12,77.6,78.0,158123.53
2026-07-11 08:00:00,77.99,78.34,77.75,78.13,143126.137
2026-07-11 12:00:00,78.13,78.88,77.95,78.38,209188.358
2026-07-11 16:00:00,78.39,78.4,77.63,78.15,423253.248
2026-07-11 20:00:00,78.15,78.32,76.77,76.79,219262.031
2026-07-12 00:00:00,76.79,77.09,75.65,77.04,314558.349
2026-07-12 04:00:00,77.05,77.08,75.85,76.51,161447.662
2026-07-12 08:00:00,76.52,77.28,76.39,76.95,131018.541
2026-07-12 12:00:00,76.94,77.71,76.78,77.46,220558.289
2026-07-12 16:00:00,77.47,77.78,77.23,77.68,115689.288
2026-07-12 20:00:00,77.67,77.71,76.46,76.92,163742.831
2026-07-13 00:00:00,76.92,78.2,75.43,75.86,410430.032
2026-07-13 04:00:00,75.87,76.69,75.72,76.44,263894.537
2026-07-13 08:00:00,76.45,76.9,76.1,76.34,164774.649
2026-07-13 12:00:00,76.35,76.41,75.11,75.81,318781.651
2026-07-13 16:00:00,75.82,76.04,74.52,75.2,242939.915
2026-07-13 20:00:00,75.19,75.35,74.1,75.01,197827.578
2026-07-14 00:00:00,75.02,75.56,74.56,75.15,183173.552
2026-07-14 04:00:00,75.15,75.48,74.91,74.97,158889.644
2026-07-14 08:00:00,74.98,75.62,74.85,75.4,187574.99
2026-07-14 12:00:00,75.4,77.95,75.19,77.38,834207.528
2026-07-14 16:00:00,77.39,77.65,76.81,77.17,218849.427
2026-07-14 20:00:00,77.18,77.95,76.93,77.87,215284.461
2026-07-15 00:00:00,77.87,77.92,77.03,77.78,231548.016
2026-07-15 04:00:00,77.78,78.7,77.4,77.42,353489.062
2026-07-15 08:00:00,77.42,77.91,77.23,77.52,186955.663
2026-07-15 12:00:00,77.53,79.04,77.26,78.07,577512.868
2026-07-15 16:00:00,78.06,78.12,76.94,77.18,309252.556
2026-07-15 20:00:00,77.18,77.74,77.1,77.29,130633.423
2026-07-16 00:00:00,77.28,77.48,76.7,76.95,211643.587
2026-07-16 04:00:00,76.95,77.64,76.14,76.41,334544.982
2026-07-16 08:00:00,76.42,76.48,75.64,76.28,294018.778
2026-07-16 12:00:00,76.27,76.86,75.69,76.63,298443.711
2026-07-16 16:00:00,76.63,76.63,75.39,75.81,233812.709
2026-07-16 20:00:00,75.8,76.08,75.01,75.32,152990.911
2026-07-17 00:00:00,75.33,75.75,74.75,75.23,205404.177
2026-07-17 04:00:00,75.23,75.34,74.29,74.61,236186.747
2026-07-17 08:00:00,74.62,75.0,74.2,74.86,165863.432
2026-07-17 12:00:00,74.86,74.88,73.39,74.77,451311.278
2026-07-17 16:00:00,74.78,75.6,74.61,75.2,203989.075
2026-07-17 20:00:00,75.2,75.24,74.84,75.04,98738.366
2026-07-18 00:00:00,75.04,75.45,74.99,75.38,86539.935
2026-07-18 04:00:00,75.37,75.39,74.87,74.97,85873.621
2026-07-18 08:00:00,74.97,75.04,74.66,74.97,86294.314
2026-07-18 12:00:00,74.96,75.19,74.5,74.97,120129.919
2026-07-18 16:00:00,74.96,75.67,74.84,75.44,178522.655
2026-07-18 20:00:00,75.45,75.64,75.34,75.52,93651.251
2026-07-19 00:00:00,75.53,76.57,75.45,75.96,264337.593
2026-07-19 04:00:00,75.95,76.34,75.74,76.14,203583.085
2026-07-19 08:00:00,76.14,76.53,75.9,76.06,171968.314
2026-07-19 12:00:00,76.07,76.7,75.76,76.21,184797.024
2026-07-19 16:00:00,76.22,76.29,75.37,75.88,177260.797
2026-07-19 20:00:00,75.89,76.57,75.63,76.38,174963.633
2026-07-20 00:00:00,76.38,77.4,76.13,76.76,330911.62
2026-07-20 04:00:00,76.76,76.95,75.5,76.22,254086.942
2026-07-20 08:00:00,76.22,77.24,75.9,77.14,282705.061
2026-07-20 12:00:00,77.14,77.92,75.79,77.76,464867.53
2026-07-20 16:00:00,77.77,78.38,77.29,77.63,389522.402
2026-07-20 20:00:00,77.64,78.05,77.43,77.85,145107.296
2026-07-21 00:00:00,77.85,78.55,77.66,78.19,159781.914
2026-07-21 04:00:00,78.2,78.88,78.02,78.56,253842.251
2026-07-21 08:00:00,78.57,78.75,78.07,78.36,238084.955
2026-07-21 12:00:00,78.36,78.64,77.79,78.14,325328.807
2026-07-21 16:00:00,78.15,78.25,77.42,77.87,186159.382
2026-07-21 20:00:00,77.86,78.2,77.8,78.12,120364.011
2026-07-22 00:00:00,78.13,78.59,77.81,77.87,155254.548
2026-07-22 04:00:00,77.87,78.23,77.0,77.1,293299.815
2026-07-22 08:00:00,77.11,77.82,77.06,77.56,204123.121
2026-07-22 12:00:00,77.56,78.85,77.02,78.47,373563.485
2026-07-22 16:00:00,78.46,78.81,77.31,77.66,247410.145
2026-07-22 20:00:00,77.66,78.12,77.5,77.97,151001.059
2026-07-23 00:00:00,77.97,78.54,77.4,77.6,200606.537
2026-07-23 04:00:00,77.6,77.83,77.04,77.16,203939.912
2026-07-23 08:00:00,77.16,77.87,77.11,77.67,139398.154
2026-07-23 12:00:00,77.67,77.74,75.86,76.39,441755.037
2026-07-23 16:00:00,76.39,76.39,75.43,75.75,199464.611
2026-07-23 20:00:00,75.74,76.28,75.71,75.88,161487.675
2026-07-24 00:00:00,75.88,76.13,75.3,75.83,169973.304
2026-07-24 04:00:00,75.84,76.45,75.59,76.07,155993.698
2026-07-24 08:00:00,76.08,76.11,74.97,75.2,261023.445
2026-07-24 12:00:00,75.2,75.3,73.61,74.04,471980.863
2026-07-24 16:00:00,74.04,74.22,73.71,73.97,209972.858
2026-07-24 20:00:00,73.97,74.03,73.44,73.96,181144.097
2026-07-25 00:00:00,73.97,74.33,73.94,74.14,113011.05
2026-07-25 04:00:00,74.14,74.36,73.77,73.79,174535.996
2026-07-25 08:00:00,73.79,74.05,73.56,73.92,94222.342
2026-07-25 12:00:00,73.92,74.31,73.78,74.18,119199.112
2026-07-25 16:00:00,74.18,74.73,74.09,74.57,125033.216
2026-07-25 20:00:00,74.57,74.6,74.28,74.52,100814.033
2026-07-26 00:00:00,74.53,75.05,74.47,75.03,124674.047
2026-07-26 04:00:00,75.04,75.23,74.74,74.87,108603.18
2026-07-26 08:00:00,74.88,75.28,74.85,74.95,102674.998
2026-07-26 12:00:00,74.95,75.5,74.75,75.49,135666.822
2026-07-26 16:00:00,75.48,75.99,75.25,75.34,126014.578
2026-07-26 20:00:00,75.34,77.1,75.31,76.76,294779.748
2026-07-27 00:00:00,76.77,76.8,75.98,76.4,211946.545
2026-07-27 04:00:00,76.41,76.99,76.26,76.47,213868.705
2026-07-27 08:00:00,76.48,76.69,76.13,76.5,145547.576
2026-07-27 12:00:00,76.51,77.5,75.03,75.28,530172.899
2026-07-27 16:00:00,75.29,76.25,75.15,75.98,187039.846
2026-07-27 20:00:00,75.98,76.14,73.74,74.2,319698.36
2026-07-28 00:00:00,74.21,74.29,72.86,73.28,373967.797
2026-07-28 04:00:00,73.28,73.55,73.0,73.3,196017.302
2026-07-28 08:00:00,73.29,73.51,72.89,73.2,252219.256
2026-07-28 12:00:00,73.2,74.59,72.36,74.35,453954.36
2026-07-28 16:00:00,74.35,74.58,73.56,74.33,183408.086
2026-07-28 20:00:00,74.32,74.4,73.17,73.83,237658.647
2026-07-29 00:00:00,73.83,74.2,73.01,73.09,234682.1
2026-07-29 04:00:00,73.09,74.28,72.73,74.26,240130.006
2026-07-29 08:00:00,74.25,74.33,73.72,73.96,155735.178
2026-07-29 12:00:00,73.96,73.96,72.98,73.12,229129.952
2026-07-29 16:00:00,73.13,74.53,72.73,72.76,452121.11
2026-07-29 20:00:00,72.76,73.8,72.32,73.68,285855.529
2026-07-30 00:00:00,73.69,74.2,73.14,73.71,177817.052
2026-07-30 04:00:00,73.71,73.86,73.39,73.41,147980.823
2026-07-30 08:00:00,73.42,74.33,73.3,74.23,220405.327
2026-07-30 12:00:00,74.22,74.9,74.08,74.65,272984.878
2026-07-30 16:00:00,74.65,74.98,74.42,74.78,194168.542
2026-07-30 20:00:00,74.78,74.99,74.4,74.51,205506.829
2026-07-31 00:00:00,74.52,75.29,73.88,74.14,257940.687
2026-07-31 04:00:00,74.14,74.54,73.51,73.68,272039.255
2026-07-31 08:00:00,73.68,73.8,73.29,73.57,190748.042
2026-07-31 12:00:00,73.57,73.82,72.8,73.1,331813.625
2026-07-31 16:00:00,73.11,73.48,72.92,73.08,145739.221
2026-07-31 20:00:00,73.08,73.23,72.56,72.87,139717.221
2026-08-01 00:00:00,72.87,73.16,72.86,73.03,222168.526
2026-08-01 04:00:00,73.03,73.21,72.86,72.98,117672.48
2026-08-01 08:00:00,72.98,73.08,72.67,72.89,87113.151
2026-08-01 12:00:00,72.89,73.05,72.72,72.8,105829.94
2026-08-01 16:00:00,72.79,72.94,70.58,71.27,450690.27
2026-08-01 20:00:00,71.26,72.09,71.19,71.95,128044.728
2026-08-02 00:00:00,71.95,73.4,71.93,73.2,190695.517
2026-08-02 04:00:00,73.2,73.66,73.2,73.46,170920.624
2026-08-02 08:00:00,73.46,73.53,72.94,72.99,129983.852
2026-08-02 12:00:00,72.99,73.23,72.69,73.03,102998.865
2026-08-02 16:00:00,73.03,73.84,72.92,73.72,105374.355
2026-08-02 20:00:00,73.72,74.33,73.46,73.63,145373.725
2026-08-03 00:00:00,73.64,73.67,72.69,72.9,114830.894
2026-08-03 04:00:00,72.9,73.08,72.43,72.52,171414.259
2026-08-03 08:00:00,72.52,72.81,71.98,72.45,188160.713
2026-08-03 12:00:00,72.45,73.83,72.32,73.62,366976.618
2026-08-03 16:00:00,73.62,74.28,73.23,74.02,243849.038
2026-08-03 20:00:00,74.03,74.14,73.37,73.56,142610.807
2026-08-04 00:00:00,73.56,74.13,73.04,73.7,184566.685
2026-08-04 04:00:00,73.7,74.1,73.2,73.68,172462.6
2026-08-04 08:00:00,73.68,73.98,73.1,73.95,224891.299
2026-08-04 12:00:00,73.95,74.2,73.33,73.99,226558.764
2026-08-04 16:00:00,73.99,74.39,73.61,74.19,203462.771
2026-08-04 20:00:00,74.19,74.45,73.74,73.75,186626.824
2026-08-05 00:00:00,73.76,74.49,73.39,73.78,272372.856
2026-08-05 04:00:00,73.79,74.3,73.62,73.98,258911.524
2026-08-05 08:00:00,73.98,74.22,73.73,73.77,178314.657
2026-08-05 12:00:00,73.77,74.38,73.27,73.96,426422.448
2026-08-05 16:00:00,73.96,74.83,73.94,74.46,240554.263
2026-08-05 20:00:00,74.47,74.59,73.85,74.04,173252.889
2026-08-06 00:00:00,74.04,74.26,73.38,73.5,214437.897
2026-08-06 04:00:00,73.49,74.35,73.4,73.87,226048.381
2026-08-06 08:00:00,73.87,74.12,73.17,73.46,269108.377
2026-08-06 12:00:00,73.46,73.63,72.85,73.3,239840.194
2026-08-06 16:00:00,73.31,73.55,72.55,72.8,151281.187
2026-08-06 20:00:00,72.81,73.0,72.34,72.7,175488.887
2026-08-07 00:00:00,72.7,72.93,72.49,72.62,165732.589
2026-08-07 04:00:00,72.63,73.07,72.43,72.93,155650.489
2026-08-07 08:00:00,72.92,73.78,72.91,73.62,299243.189
2026-08-07 12:00:00,73.63,74.35,73.58,73.88,470932.325
2026-08-07 16:00:00,73.89,74.13,73.17,74.02,302269.831
2026-08-07 20:00:00,74.02,74.1,73.58,73.66,158848.464
2026-08-08 00:00:00,73.67,74.99,73.57,74.83,233808.69
2026-08-08 04:00:00,74.84,75.14,74.49,74.82,206240.337
2026-08-08 08:00:00,74.83,75.71,74.7,75.6,217992.36
2026-08-08 12:00:00,75.61,76.81,75.35,76.4,432143.959
2026-08-08 16:00:00,76.4,76.5,75.97,76.16,172911.595
2026-08-08 20:00:00,76.15,76.36,75.78,76.01,120315.546
2026-08-09 00:00:00,76.02,76.1,75.73,75.99,96300.93
2026-08-09 04:00:00,75.98,76.5,75.88,76.36,121241.594
2026-08-09 08:00:00,76.36,76.65,76.1,76.5,145863.701
2026-08-09 12:00:00,76.5,77.47,76.3,77.43,271679.982
2026-08-09 16:00:00,77.42,77.57,77.07,77.23,163399.878
2026-08-09 20:00:00,77.22,77.84,76.21,76.27,182281.589
2026-08-10 00:00:00,76.26,77.17,76.21,76.64,181144.86
2026-08-10 04:00:00,76.64,77.11,76.43,76.98,121409.549
2026-08-10 08:00:00,76.99,77.16,76.53,77.05,213161.007
2026-08-10 12:00:00,77.05,77.13,75.83,75.96,383730.371
2026-08-10 16:00:00,75.96,76.28,75.58,76.19,242434.759
2026-08-10 20:00:00,76.19,76.49,75.98,75.99,136357.809
2026-08-11 00:00:00,76.0,76.25,75.71,76.08,108810.089
2026-08-11 04:00:00,76.08,76.23,75.42,75.69,180473.79
2026-08-11 08:00:00,75.7,76.37,75.63,76.24,251813.223
2026-08-11 12:00:00,76.24,76.26,74.63,74.93,360778.461
2026-08-11 16:00:00,74.93,75.71,74.79,75.67,167654.351
2026-08-11 20:00:00,75.67,76.67,75.66,76.3,246264.768
2026-08-12 00:00:00,76.3,76.6,76.24,76.42,115888.231
2026-08-12 04:00:00,76.42,76.58,75.94,76.27,126748.547
2026-08-12 08:00:00,76.26,76.9,76.14,76.84,236267.343
2026-08-12 12:00:00,76.83,77.33,75.38,75.75,449281.094
2026-08-12 16:00:00,75.75,76.1,75.57,75.77,114191.423
2026-08-12 20:00:00,75.76,76.02,75.35,75.63,111772.576
2026-08-13 00:00:00,75.64,76.33,75.48,76.26,167721.566
2026-08-13 04:00:00,76.26,76.62,76.03,76.44,137269.923
2026-08-13 08:00:00,76.44,76.49,75.56,75.67,179581.628
2026-08-13 12:00:00,75.66,76.59,75.63,75.64,225699.556
2026-08-13 16:00:00,75.64,76.28,75.1,76.2,245174.186
2026-08-13 20:00:00,76.2,76.45,76.12,76.28,138061.698
2026-08-14 00:00:00,76.28,76.33,75.75,75.76,136908.858
2026-08-14 04:00:00,75.76,76.04,75.5,75.59,141642.341
2026-08-14 08:00:00,75.6,75.88,75.36,75.54,161809.369
2026-08-14 12:00:00,75.54,75.78,75.06,75.65,222404.303
2026-08-14 16:00:00,75.65,75.71,74.69,75.02,266391.611
2026-08-14 20:00:00,75.02,75.41,74.97,75.4,134708.424
2026-08-15 00:00:00,75.4,75.71,75.29,75.42,105250.014
2026-08-15 04:00:00,75.41,75.6,75.17,75.24,121913.651
2026-08-15 08:00:00,75.23,75.36,75.05,75.26,68077.769
2026-08-15 12:00:00,75.25,75.59,75.21,75.53,143807.421
2026-08-15 16:00:00,75.52,75.69,75.41,75.57,77992.302
2026-08-15 20:00:00,75.57,75.74,75.31,75.35,85072.665
2026-08-16 00:00:00,75.35,75.66,75.27,75.58,88725.624
2026-08-16 04:00:00,75.59,75.62,75.28,75.47,62220.851
2026-08-16 08:00:00,75.47,75.49,75.17,75.29,77920.921
2026-08-16 12:00:00,75.29,75.64,75.2,75.58,79913.465
2026-08-16 16:00:00,75.57,75.71,75.03,75.23,184751.415
2026-08-16 20:00:00,75.22,75.33,74.1,74.61,187881.949
2026-08-17 00:00:00,74.62,75.6,74.43,75.51,220837.541
2026-08-17 04:00:00,75.52,76.0,75.36,75.79,173433.698
2026-08-17 08:00:00,75.79,75.95,75.17,75.71,273340.177
2026-08-17 12:00:00,75.7,76.22,75.28,76.11,301349.332
2026-08-17 16:00:00,76.11,76.17,75.7,75.81,168234.268
2026-08-17 20:00:00,75.81,76.12,75.63,76.02,132659.338
2026-08-18 00:00:00,76.02,76.09,75.2,75.5,223714.902
2026-08-18 04:00:00,75.5,76.27,75.41,76.1,259724.996
2026-08-18 08:00:00,76.1,76.45,75.8,76.31,223294.897
2026-08-18 12:00:00,76.32,77.33,76.05,77.19,405109.756
2026-08-18 16:00:00,77.2,77.41,76.85,77.18,163134.935
2026-08-18 20:00:00,77.18,77.23,76.75,77.05,179883.466
2026-08-19 00:00:00,77.05,77.12,76.64,77.0,167299.05
2026-08-19 04:00:00,76.99,77.17,76.63,76.96,156340.863
2026-08-19 08:00:00,76.96,77.65,76.92,77.55,227321.789
2026-08-19 12:00:00,77.54,83.0,77.43,81.83,1731782.27
2026-08-19 16:00:00,81.83,82.5,81.01,82.36,588122.865
2026-08-19 20:00:00,82.37,87.21,82.28,85.38,1170643.439
2026-08-20 00:00:00,85.39,85.79,84.01,84.48,590886.272
2026-08-20 04:00:00,84.48,86.2,84.42,86.18,410160.851
2026-08-20 08:00:00,86.17,88.1,86.04,87.21,929510.32
2026-08-20 12:00:00,87.22,87.48,86.16,87.37,851523.0
2026-08-20 16:00:00,87.37,87.93,86.68,87.31,605472.857
2026-08-20 20:00:00,87.32,87.99,87.19,87.66,301857.126
2026-08-21 00:00:00,87.65,90.2,87.57,89.1,1098603.368
2026-08-21 04:00:00,89.11,91.33,88.88,90.41,890010.441
2026-08-21 08:00:00,90.42,93.39,89.91,90.29,1534172.878
2026-08-21 12:00:00,90.3,92.16,89.78,91.37,881233.552
2026-08-21 16:00:00,91.37,92.06,90.75,90.96,528578.137
2026-08-21 20:00:00,90.96,94.99,90.59,93.72,908070.732
2026-08-22 00:00:00,93.72,97.59,92.86,96.79,1139992.44
2026-08-22 04:00:00,96.8,102.74,87.72,94.46,3371889.568
2026-08-22 08:00:00,94.46,95.01,91.34,93.3,1139977.837
2026-08-22 12:00:00,93.29,94.35,92.82,93.07,572311.838
2026-08-22 16:00:00,93.08,94.8,93.07,94.49,457431.326
2026-08-22 20:00:00,94.49,94.78,92.58,93.82,413014.457
2026-08-23 00:00:00,93.83,97.21,93.43,93.7,1077881.531
2026-08-23 04:00:00,93.71,94.1,91.58,92.49,791554.197
2026-08-23 08:00:00,92.48,94.82,92.31,94.63,452735.529
2026-08-23 12:00:00,94.62,95.9,93.4,95.36,807624.312
2026-08-23 16:00:00,95.37,95.72,94.82,95.07,254390.994
2026-08-23 20:00:00,95.08,96.25,94.76,95.43,398670.243
2026-08-24 00:00:00,95.44,95.56,93.47,93.66,620790.883
2026-08-24 04:00:00,93.66,95.45,93.47,94.11,604818.88
2026-08-24 08:00:00,94.11,96.33,93.26,95.84,617441.94
2026-08-24 12:00:00,95.84,97.61,94.18,96.45,1249515.486
2026-08-24 16:00:00,96.46,97.58,94.81,96.54,861925.813
2026-08-24 20:00:00,96.54,98.99,95.75,98.97,651301.099
2026-08-25 00:00:00,98.98,102.77,98.56,101.61,1818155.873
2026-08-25 04:00:00,101.61,103.08,99.54,100.23,835950.282
2026-08-25 08:00:00,100.24,101.13,98.49,98.6,666853.652
2026-08-25 12:00:00,98.61,98.82,96.21,98.38,812096.492
2026-08-25 16:00:00,98.38,98.83,97.45,97.94,402077.71
2026-08-25 20:00:00,97.95,98.05,95.32,96.6,437798.421
2026-08-26 00:00:00,96.6,97.56,96.17,97.06,314644.958
2026-08-26 04:00:00,97.06,97.33,96.25,96.95,282231.163
2026-08-26 08:00:00,96.95,97.88,95.78,97.03,336125.511
2026-08-26 12:00:00,97.04,97.57,94.95,95.94,584364.24
2026-08-26 16:00:00,95.93,97.25,95.47,96.8,336136.459
2026-08-26 20:00:00,96.79,102.46,96.3,102.07,783420.844
2026-08-27 00:00:00,102.08,102.14,100.52,101.08,531703.02
2026-08-27 04:00:00,101.09,102.29,100.7,101.8,574513.118
2026-08-27 08:00:00,101.81,105.79,101.73,103.95,1223700.094
2026-08-27 12:00:00,103.95,108.0,103.93,107.2,1259978.497
2026-08-27 16:00:00,107.2,109.92,106.69,109.39,993598.86
2026-08-27 20:00:00,109.39,110.6,108.21,109.14,582498.001
2026-08-28 00:00:00,109.15,110.0,105.86,106.85,679372.72
2026-08-28 04:00:00,106.84,107.85,106.26,106.35,372100.067
2026-08-28 08:00:00,106.35,107.05,104.53,105.84,556423.189
2026-08-28 12:00:00,105.84,107.94,103.63,105.24,1418037.377
2026-08-28 16:00:00,105.25,105.72,102.28,103.41,1166099.094
2026-08-28 20:00:00,103.4,104.39,102.82,104.15,270025.994
2026-08-29 00:00:00,104.14,104.59,103.66,103.87,242729.585
2026-08-29 04:00:00,103.88,104.2,103.32,103.74,190715.913
2026-08-29 08:00:00,103.73,103.73,103.03,103.5,167180.503
2026-08-29 12:00:00,103.51,105.51,103.38,105.03,324607.15
2026-08-29 16:00:00,105.03,105.88,104.37,105.35,351632.618
2026-08-29 20:00:00,105.36,105.78,104.76,105.61,161626.729
2026-08-30 00:00:00,105.61,105.71,104.96,105.07,174362.605
2026-08-30 04:00:00,105.07,105.44,104.68,104.85,114643.704
2026-08-30 08:00:00,104.84,105.32,104.47,105.12,180811.244
2026-08-30 12:00:00,105.11,107.48,105.08,106.29,487166.686
2026-08-30 16:00:00,106.29,107.15,105.26,105.82,443810.607
2026-08-30 20:00:00,105.82,106.03,100.31,101.75,668691.647
2026-08-31 00:00:00,101.75,102.62,101.12,101.94,371679.369
2026-08-31 04:00:00,101.95,103.18,100.9,102.98,431439.659
2026-08-31 08:00:00,102.99,104.17,102.46,103.4,346033.946
2026-08-31 12:00:00,103.4,103.93,102.18,102.88,422918.844
2026-08-31 16:00:00,102.88,105.0,102.45,103.61,388402.914
2026-08-31 20:00:00,103.6,104.29,102.88,103.06,201397.327
2026-09-01 00:00:00,103.06,104.2,102.74,103.66,249231.479
2026-09-01 04:00:00,103.66,104.38,102.8,103.15,343077.011
2026-09-01 08:00:00,103.15,103.22,101.8,102.29,464616.872
2026-09-01 12:00:00,102.28,102.59,101.01,102.05,476786.287
2026-09-01 16:00:00,102.05,102.07,98.33,100.08,655444.077
2026-09-01 20:00:00,100.09,100.35,98.94,100.0,303518.615
2026-09-02 00:00:00,100.01,100.71,98.52,100.29,375856.525
2026-09-02 04:00:00,100.3,100.43,99.68,99.85,192855.29
2026-09-02 08:00:00,99.85,100.02,97.38,98.12,424241.272
2026-09-02 12:00:00,98.11,99.8,97.65,99.33,406002.855
2026-09-02 16:00:00,99.33,99.81,98.21,99.43,312416.984
2026-09-02 20:00:00,99.43,100.53,99.21,100.43,224921.249
2026-09-03 00:00:00,100.44,101.34,99.23,100.51,395785.729
2026-09-03 04:00:00,100.52,101.39,99.72,100.41,340798.476
2026-09-03 08:00:00,100.41,101.13,99.93,100.81,271246.777
2026-09-03 12:00:00,100.8,105.66,100.63,105.17,989808.866
2026-09-03 16:00:00,105.17,105.91,103.85,105.28,490528.352
2026-09-03 20:00:00,105.29,105.72,103.66,103.94,367504.86
2026-09-04 00:00:00,103.95,104.33,103.24,103.72,319086.903
2026-09-04 04:00:00,103.72,104.37,103.34,103.6,291105.732
2026-09-04 08:00:00,103.61,104.79,103.21,104.09,412636.205
2026-09-04 12:00:00,104.09,104.45,100.21,101.46,901447.286
2026-09-04 16:00:00,101.45,102.09,101.08,101.69,192918.976
2026-09-04 20:00:00,101.7,101.98,101.47,101.93,129627.401
2026-09-05 00:00:00,101.93,102.2,101.7,101.89,168409.679
2026-09-05 04:00:00,101.89,102.62,101.6,102.23,193576.043
2026-09-05 08:00:00,102.22,102.82,102.11,102.35,181302.715
2026-09-05 12:00:00,102.34,103.43,102.29,102.95,408571.746
2026-09-05 16:00:00,102.95,104.37,102.79,103.41,419130.907
2026-09-05 20:00:00,103.4,103.99,102.94,103.18,196784.414
2026-09-06 00:00:00,103.18,107.07,103.17,105.95,491902.664
2026-09-06 04:00:00,105.95,106.83,104.69,105.23,439377.383
2026-09-06 08:00:00,105.24,107.3,105.0,106.47,561695.03
2026-09-06 12:00:00,106.46,107.36,104.93,105.76,626241.306
2026-09-06 16:00:00,105.75,106.59,105.36,105.48,281303.905
2026-09-06 20:00:00,105.49,106.77,104.97,106.55,291730.632
2026-09-07 00:00:00,106.55,107.06,104.93,104.95,461704.71
2026-09-07 04:00:00,104.95,105.83,103.8,104.48,469977.727
2026-09-07 08:00:00,104.48,105.18,104.41,104.92,311000.467
2026-09-07 12:00:00,104.93,105.93,102.96,103.26,486694.676
2026-09-07 16:00:00,103.27,104.43,103.21,104.35,221729.451
2026-09-07 20:00:00,104.36,104.41,103.18,103.8,245214.806
2026-09-08 00:00:00,103.81,104.53,102.74,103.36,347207.03
2026-09-08 04:00:00,103.36,103.51,102.44,102.95,360113.577
2026-09-08 08:00:00,102.95,104.09,102.49,102.87,299435.945
2026-09-08 12:00:00,102.88,104.39,101.72,104.31,421421.641
2026-09-08 16:00:00,104.3,104.83,102.89,103.24,353700.416
2026-09-08 20:00:00,103.24,103.8,102.82,103.37,174506.371
2026-09-09 00:00:00,103.37,104.02,102.92,103.3,224724.882
2026-09-09 04:00:00,103.31,105.2,103.3,104.58,329647.277
2026-09-09 08:00:00,104.58,105.05,103.3,104.25,311787.158
2026-09-09 12:00:00,104.25,104.83,102.07,103.08,564169.718
2026-09-09 16:00:00,103.08,103.83,102.16,102.35,266830.069
2026-09-09 20:00:00,102.34,102.68,100.33,101.57,455280.582
2026-09-10 00:00:00,101.57,102.07,100.5,101.83,293067.2
2026-09-10 04:00:00,101.83,102.19,100.83,101.31,226036.317
2026-09-10 08:00:00,101.3,101.54,100.81,101.01,316489.448
2026-09-10 12:00:00,101.0,101.49,98.5,99.74,727520.16
2026-09-10 16:00:00,99.74,100.46,98.84,99.69,288044.965
2026-09-10 20:00:00,99.69,100.15,98.6,98.67,166750.743
2026-09-11 00:00:00,98.67,99.53,98.6,99.31,271970.42
2026-09-11 04:00:00,99.32,100.13,99.24,99.75,231183.161
2026-09-11 08:00:00,99.75,100.29,98.6,99.49,271522.12
2026-09-11 12:00:00,99.49,105.8,98.0,101.61,1589189.443
2026-09-11 16:00:00,101.6,102.48,100.38,102.02,506361.364
2026-09-11 20:00:00,102.02,103.1,101.54,102.46,378168.619
2026-09-12 00:00:00,102.45,102.59,101.44,101.64,218995.875
2026-09-12 04:00:00,101.65,101.94,101.41,101.66,161134.895
2026-09-12 08:00:00,101.66,102.26,101.56,102.13,185494.785
2026-09-12 12:00:00,102.14,102.42,101.77,102.06,227518.014
2026-09-12 16:00:00,102.06,102.16,101.23,101.27,157728.263
2026-09-12 20:00:00,101.28,101.9,101.25,101.76,147780.062
2026-09-13 00:00:00,101.77,102.34,101.55,101.63,192757.024
2026-09-13 04:00:00,101.63,101.93,100.67,100.72,174766.093
2026-09-13 08:00:00,100.72,100.87,99.42,99.83,288401.116
2026-09-13 12:00:00,99.83,100.89,99.43,100.26,205789.585
2026-09-13 16:00:00,100.26,101.33,100.25,100.97,191698.295
2026-09-13 20:00:00,100.97,101.62,99.19,99.3,328590.291
2026-09-14 00:00:00,99.31,101.34,99.0,100.98,291019.681
2026-09-14 04:00:00,100.99,102.0,100.88,101.61,238297.487
2026-09-14 08:00:00,101.61,102.34,101.24,101.38,330009.724
2026-09-14 12:00:00,101.38,102.28,100.67,101.97,446756.051
2026-09-14 16:00:00,101.96,103.85,101.86,103.25,464992.739
2026-09-14 20:00:00,103.26,104.82,102.43,102.53,431602.814
2026-09-15 00:00:00,102.54,102.86,101.19,101.55,256317.012
2026-09-15 04:00:00,101.55,101.72,100.35,100.44,320631.858
2026-09-15 08:00:00,100.44,101.11,100.08,100.86,311157.2
2026-09-15 12:00:00,100.86,101.39,98.02,99.36,684635.059
2026-09-15 16:00:00,99.37,100.71,95.82,97.9,842099.316
2026-09-15 20:00:00,97.9,98.09,96.31,96.88,408665.857
2026-09-16 00:00:00,96.88,97.6,96.38,97.25,308760.739
2026-09-16 04:00:00,97.26,97.73,96.87,96.98,265163.918
2026-09-16 08:00:00,96.97,98.32,96.41,98.02,312145.763
2026-09-16 12:00:00,98.02,98.12,96.65,97.1,390487.478
2026-09-16 16:00:00,97.11,98.94,96.09,98.08,761166.866
2026-09-16 20:00:00,98.08,98.9,97.38,98.66,304548.63
2026-09-17 00:00:00,98.66,100.04,98.47,99.95,307210.37
2026-09-17 04:00:00,99.96,100.36,99.11,100.03,285458.564
2026-09-17 08:00:00,100.03,100.89,99.53,100.13,314006.604
2026-09-17 12:00:00,100.13,101.8,99.66,101.29,580804.54
2026-09-17 16:00:00,101.28,102.05,100.69,100.96,352620.037
2026-09-17 20:00:00,100.97,101.76,100.77,101.64,299051.991
2026-09-18 00:00:00,101.63,105.09,100.9,104.59,654525.174
2026-09-18 04:00:00,104.6,106.12,104.42,105.78,759333.146
2026-09-18 08:00:00,105.78,106.67,105.29,105.74,559667.973
2026-09-18 12:00:00,105.74,110.99,105.36,110.9,1376541.299
